solid geometry_1
facet normal -0.9999999999999999 0.0 0.0
outer loop
vertex -31.8 20.0 -22.7
vertex -31.8 20.0 -14.099999999999998
vertex -31.8 20.739731118633586 -12.432911172159603
endloop
endfacet
facet normal -0.9999999999999999 0.0 0.0
outer loop
vertex -31.8 20.0 -22.7
vertex -31.8 20.739731118633586 -12.432911172159603
vertex -31.8 20.945103272805444 -12.240559159102153
endloop
endfacet
facet normal -1.0 0.0 0.0
outer loop
vertex -31.8 20.0 -22.7
vertex -31.8 20.945103272805444 -12.240559159102153
vertex -31.8 21.13745528586289 -12.035187004930295
endloop
endfacet
facet normal -1.0 0.0 0.0
outer loop
vertex -31.8 20.0 -14.099999999999998
vertex -31.8 20.0 -13.5
vertex -31.8 20.054544113703287 -12.923909236273087
endloop
endfacet
facet normal -1.0 0.0 0.0
outer loop
vertex -31.8 20.0 -13.5
vertex -31.8 20.0 -12.95306367244806
vertex -31.8 20.054544113703287 -12.923909236273087
endloop
endfacet
facet normal -1.0 0.0 0.0
outer loop
vertex -31.8 20.0 -14.099999999999998
vertex -31.8 20.054544113703287 -12.923909236273087
vertex -31.8 20.293496115687578 -12.775319332900944
endloop
endfacet
facet normal -1.0 0.0 0.0
outer loop
vertex -31.8 20.0 -14.099999999999998
vertex -31.8 20.293496115687578 -12.775319332900944
vertex -31.8 20.522218258440788 -12.61141936325231
endloop
endfacet
facet normal -1.0 0.0 0.0
outer loop
vertex -31.8 20.0 -14.099999999999998
vertex -31.8 20.522218258440788 -12.61141936325231
vertex -31.8 20.739731118633586 -12.432911172159603
endloop
endfacet
facet normal -1.0 0.0 0.0
outer loop
vertex -31.8 20.0 -22.7
vertex -31.8 21.13745528586289 -12.035187004930295
vertex -31.8 21.3159634769556 -11.817674144737499
endloop
endfacet
facet normal -1.0 0.0 0.0
outer loop
vertex -31.8 20.0 -22.7
vertex -31.8 21.3159634769556 -11.817674144737499
vertex -31.8 21.479863446604234 -11.588952001984289
endloop
endfacet
facet normal -1.0 0.0 0.0
outer loop
vertex -31.8 20.0 -22.7
vertex -31.8 21.479863446604234 -11.588952001984289
vertex -31.8 21.628453349976375 -11.349999999999998
endloop
endfacet
facet normal -1.0 0.0 0.0
outer loop
vertex -31.8 20.0 -22.7
vertex -31.8 21.628453349976375 -11.349999999999998
vertex -31.8 21.761096902293847 -11.101841367941704
endloop
endfacet
facet normal -1.0 0.0 0.0
outer loop
vertex -31.8 20.0 -22.7
vertex -31.8 21.761096902293847 -11.101841367941704
vertex -31.8 21.87722610350182 -10.845538759169886
endloop
endfacet
facet normal -1.0 0.0 0.0
outer loop
vertex -31.8 20.0 -22.7
vertex -31.8 21.87722610350182 -10.845538759169886
vertex -31.8 21.97634367053224 -10.582189700803594
endloop
endfacet
facet normal -1.0 0.0 0.0
outer loop
vertex -31.8 20.0 -22.7
vertex -31.8 21.97634367053224 -10.582189700803594
vertex -31.8 22.058025166746283 -10.312921893940839
endloop
endfacet
facet normal -1.0 0.0 -0.0
outer loop
vertex -31.8 20.0 -22.7
vertex -31.8 30.4 20.000000000000004
vertex -31.8 24.0 -22.7
endloop
endfacet
facet normal -0.9999999999999999 0.0 0.0
outer loop
vertex -31.8 20.0 -22.7
vertex -31.8 22.058025166746283 -10.312921893940839
vertex -31.8 30.4 20.000000000000004
endloop
endfacet
facet normal -1.0 0.0 0.0
outer loop
vertex -31.8 24.0 -22.7
vertex -31.8 29.45 -21.849999999999998
vertex -31.8 30.4 -22.7
endloop
endfacet
facet normal -1.0 0.0 0.0
outer loop
vertex -31.8 24.0 -22.7
vertex -31.8 29.45 -14.95
vertex -31.8 29.45 -21.849999999999998
endloop
endfacet
facet normal -1.0 0.0 -0.0
outer loop
vertex -31.8 24.0 -22.7
vertex -31.8 30.4 -7.3999999999999995
vertex -31.8 29.45 -14.95
endloop
endfacet
facet normal -1.0 0.0 0.0
outer loop
vertex -31.8 30.4 -22.7
vertex -31.8 29.45 -21.849999999999998
vertex -31.8 30.4 -21.849999999999998
endloop
endfacet
facet normal -1.0 -0.0 -0.0
outer loop
vertex -31.8 30.4 -7.3999999999999995
vertex -31.8 30.4 -14.95
vertex -31.8 29.45 -14.95
endloop
endfacet
facet normal 0.0 1.0 0.0
outer loop
vertex -31.8 30.4 -22.7
vertex -31.8 30.4 -21.849999999999998
vertex -28.0 30.4 -21.849999999999998
endloop
endfacet
facet normal -1.0 0.0 0.0
outer loop
vertex -31.8 24.0 -22.7
vertex -31.8 30.4 -0.9999999999999991
vertex -31.8 30.4 -7.3999999999999995
endloop
endfacet
facet normal -1.0 0.0 0.0
outer loop
vertex -31.8 24.0 -22.7
vertex -31.8 29.45 6.55
vertex -31.8 30.4 -0.9999999999999991
endloop
endfacet
facet normal 0.0 -1.0 0.0
outer loop
vertex -31.8 20.0 -14.099999999999998
vertex -24.2 20.0 -14.099999999999998
vertex -31.8 20.0 -13.5
endloop
endfacet
facet normal 0.0 0.0 -1.0
outer loop
vertex -31.8 24.0 -22.7
vertex -31.8 30.4 -22.7
vertex -24.2 20.0 -22.7
endloop
endfacet
facet normal 0.0 -1.0 0.0
outer loop
vertex -31.8 20.0 -4.899999999999999
vertex -24.2 20.0 -4.899999999999999
vertex -31.8 20.0 -4.3
endloop
endfacet
facet normal -0.0 1.0 0.0
outer loop
vertex -31.8 30.4 -7.3999999999999995
vertex -24.2 30.4 -7.3999999999999995
vertex -31.8 30.4 -14.95
endloop
endfacet
facet normal -0.9999999999999999 0.0 -0.0
outer loop
vertex -31.8 20.739731118633586 -5.967088827840397
vertex -31.8 30.4 20.000000000000004
vertex -31.8 20.945103272805444 -6.159440840897846
endloop
endfacet
facet normal -1.0 0.0 -0.0
outer loop
vertex -31.8 20.0 -5.44693632755194
vertex -31.8 30.4 20.000000000000004
vertex -31.8 20.054544113703287 -5.476090763726913
endloop
endfacet
facet normal -0.9999999999999999 0.0 0.0
outer loop
vertex -31.8 20.0 -5.44693632755194
vertex -31.8 20.0 -4.899999999999999
vertex -31.8 30.4 20.000000000000004
endloop
endfacet
facet normal -1.0 0.0 -0.0
outer loop
vertex -31.8 20.054544113703287 -5.476090763726913
vertex -31.8 30.4 20.000000000000004
vertex -31.8 20.293496115687578 -5.624680667099055
endloop
endfacet
facet normal -0.9999999999999999 0.0 0.0
outer loop
vertex -31.8 20.0 -4.899999999999999
vertex -31.8 20.0 -4.3
vertex -31.8 30.4 20.000000000000004
endloop
endfacet
facet normal -0.9999999999999999 0.0 -0.0
outer loop
vertex -31.8 20.293496115687578 -5.624680667099055
vertex -31.8 30.4 20.000000000000004
vertex -31.8 20.522218258440788 -5.788580636747689
endloop
endfacet
facet normal -0.9999999999999999 0.0 -0.0
outer loop
vertex -31.8 20.522218258440788 -5.788580636747689
vertex -31.8 30.4 20.000000000000004
vertex -31.8 20.739731118633586 -5.967088827840397
endloop
endfacet
facet normal -1.0 0.0 0.0
outer loop
vertex -31.8 22.058025166746283 -10.312921893940839
vertex -31.8 22.12192081943718 -10.03888838466935
vertex -31.8 30.4 20.000000000000004
endloop
endfacet
facet normal -1.0 0.0 0.0
outer loop
vertex -31.8 22.12192081943718 -10.03888838466935
vertex -31.8 22.167757017610672 -9.761262626546221
vertex -31.8 30.4 20.000000000000004
endloop
endfacet
facet normal -1.0 0.0 0.0
outer loop
vertex -31.8 22.167757017610672 -9.761262626546221
vertex -31.8 22.19533748362928 -9.481233455689614
vertex -31.8 30.4 20.000000000000004
endloop
endfacet
facet normal -1.0 0.0 0.0
outer loop
vertex -31.8 22.19533748362928 -9.481233455689614
vertex -31.8 22.20454411370329 -9.2
vertex -31.8 30.4 20.000000000000004
endloop
endfacet
facet normal -1.0 0.0 0.0
outer loop
vertex -31.8 22.20454411370329 -9.2
vertex -31.8 22.19533748362928 -8.918766544310385
vertex -31.8 30.4 20.000000000000004
endloop
endfacet
facet normal -1.0 0.0 0.0
outer loop
vertex -31.8 22.19533748362928 -8.918766544310385
vertex -31.8 22.167757017610672 -8.638737373453777
vertex -31.8 30.4 20.000000000000004
endloop
endfacet
facet normal -1.0 0.0 -0.0
outer loop
vertex -31.8 22.12192081943718 -8.361111615330648
vertex -31.8 30.4 20.000000000000004
vertex -31.8 22.167757017610672 -8.638737373453777
endloop
endfacet
facet normal -1.0 0.0 0.0
outer loop
vertex -31.8 22.12192081943718 -8.361111615330648
vertex -31.8 22.058025166746283 -8.08707810605916
vertex -31.8 30.4 20.000000000000004
endloop
endfacet
facet normal -1.0 0.0 -0.0
outer loop
vertex -31.8 20.945103272805444 -6.159440840897846
vertex -31.8 30.4 20.000000000000004
vertex -31.8 21.13745528586289 -6.364812995069704
endloop
endfacet
facet normal -1.0 0.0 -0.0
outer loop
vertex -31.8 21.13745528586289 -6.364812995069704
vertex -31.8 30.4 20.000000000000004
vertex -31.8 21.3159634769556 -6.5823258552625
endloop
endfacet
facet normal -1.0 0.0 0.0
outer loop
vertex -31.8 21.479863446604234 -6.8110479980157095
vertex -31.8 21.3159634769556 -6.5823258552625
vertex -31.8 30.4 20.000000000000004
endloop
endfacet
facet normal -1.0 0.0 0.0
outer loop
vertex -31.8 21.628453349976375 -7.05
vertex -31.8 21.479863446604234 -6.8110479980157095
vertex -31.8 30.4 20.000000000000004
endloop
endfacet
facet normal -1.0 0.0 -0.0
outer loop
vertex -31.8 21.628453349976375 -7.05
vertex -31.8 30.4 20.000000000000004
vertex -31.8 21.761096902293847 -7.298158632058294
endloop
endfacet
facet normal -1.0 0.0 0.0
outer loop
vertex -31.8 21.87722610350182 -7.554461240830113
vertex -31.8 21.761096902293847 -7.298158632058294
vertex -31.8 30.4 20.000000000000004
endloop
endfacet
facet normal -0.9999999999999999 0.0 0.0
outer loop
vertex -31.8 22.058025166746283 -8.08707810605916
vertex -31.8 21.97634367053224 -7.817810299196404
vertex -31.8 30.4 20.000000000000004
endloop
endfacet
facet normal -1.0 0.0 0.0
outer loop
vertex -31.8 21.97634367053224 -7.817810299196404
vertex -31.8 21.87722610350182 -7.554461240830113
vertex -31.8 30.4 20.000000000000004
endloop
endfacet
facet normal -1.0 0.0 0.0
outer loop
vertex -31.8 20.0 -4.3
vertex -31.8 20.0 4.3
vertex -31.8 30.4 20.000000000000004
endloop
endfacet
facet normal -1.0 0.0 0.0
outer loop
vertex -31.8 20.0 4.3
vertex -31.8 20.0 9.0
vertex -31.8 30.4 20.000000000000004
endloop
endfacet
facet normal -1.0 0.0 0.0
outer loop
vertex -31.8 20.0 9.0
vertex -31.8 20.0 10.89173063964187
vertex -31.8 30.4 20.000000000000004
endloop
endfacet
facet normal -1.0 0.0 0.0
outer loop
vertex -31.8 20.0 10.89173063964187
vertex -31.8 20.21344337160179 11.151812140452037
vertex -31.8 30.4 20.000000000000004
endloop
endfacet
facet normal -1.0 0.0 0.0
outer loop
vertex -31.8 20.21344337160179 11.151812140452037
vertex -31.8 20.423082867664 11.444363718392188
vertex -31.8 30.4 20.000000000000004
endloop
endfacet
facet normal -1.0 0.0 0.0
outer loop
vertex -31.8 20.423082867664 11.444363718392188
vertex -31.8 20.613139720814413 11.75
vertex -31.8 30.4 20.000000000000004
endloop
endfacet
facet normal -1.0 0.0 0.0
outer loop
vertex -31.8 20.613139720814413 11.75
vertex -31.8 20.782800078429787 12.067412203795493
vertex -31.8 30.4 20.000000000000004
endloop
endfacet
facet normal -1.0 0.0 0.0
outer loop
vertex -31.8 20.782800078429787 12.067412203795493
vertex -31.8 20.93133742881208 12.395241121992006
vertex -31.8 30.4 20.000000000000004
endloop
endfacet
facet normal -0.9999999999999999 0.0 0.0
outer loop
vertex -31.8 20.21344337160179 17.848187859547963
vertex -31.8 20.0 18.10826936035813
vertex -31.8 30.4 20.000000000000004
endloop
endfacet
facet normal -1.0 0.0 -0.0
outer loop
vertex -31.8 20.21344337160179 17.848187859547963
vertex -31.8 30.4 20.000000000000004
vertex -31.8 20.423082867664 17.55563628160781
endloop
endfacet
facet normal -1.0 0.0 -0.0
outer loop
vertex -31.8 20.782800078429787 16.93258779620451
vertex -31.8 30.4 20.000000000000004
vertex -31.8 20.93133742881208 16.604758878007992
endloop
endfacet
facet normal -1.0 0.0 0.0
outer loop
vertex -31.8 20.613139720814413 17.25
vertex -31.8 20.423082867664 17.55563628160781
vertex -31.8 30.4 20.000000000000004
endloop
endfacet
facet normal -1.0 0.0 0.0
outer loop
vertex -31.8 20.782800078429787 16.93258779620451
vertex -31.8 20.613139720814413 17.25
vertex -31.8 30.4 20.000000000000004
endloop
endfacet
facet normal -1.0 -1.3664283380001955e-15 7.512092058672953e-15
outer loop
vertex -31.8 20.0 18.10826936035813
vertex -31.799999999999986 20.0 20.0
vertex -31.8 30.4 20.000000000000004
endloop
endfacet
facet normal -1.0 0.0 0.0
outer loop
vertex -31.8 20.93133742881208 12.395241121992006
vertex -31.8 21.05811571222308 12.732082940832612
vertex -31.8 30.4 20.000000000000004
endloop
endfacet
facet normal -1.0 0.0 0.0
outer loop
vertex -31.8 21.05811571222308 12.732082940832612
vertex -31.8 21.162592044589875 13.076495251936135
vertex -31.8 30.4 20.000000000000004
endloop
endfacet
facet normal -1.0 0.0 0.0
outer loop
vertex -31.8 21.162592044589875 13.076495251936135
vertex -31.8 21.244319042217768 13.427003228911294
vertex -31.8 30.4 20.000000000000004
endloop
endfacet
facet normal -1.0 0.0 0.0
outer loop
vertex -31.8 21.244319042217768 13.427003228911294
vertex -31.8 21.302946737555956 13.782105942789716
vertex -31.8 30.4 20.000000000000004
endloop
endfacet
facet normal -1.0 0.0 0.0
outer loop
vertex -31.8 21.302946737555956 13.782105942789716
vertex -31.8 21.33822407781232 14.140282789234213
vertex -31.8 30.4 20.000000000000004
endloop
endfacet
facet normal -1.0 0.0 0.0
outer loop
vertex -31.8 21.33822407781232 14.140282789234213
vertex -31.8 21.35 14.5
vertex -31.8 30.4 20.000000000000004
endloop
endfacet
facet normal -1.0 0.0 0.0
outer loop
vertex -31.8 21.35 14.5
vertex -31.8 21.33822407781232 14.859717210765787
vertex -31.8 30.4 20.000000000000004
endloop
endfacet
facet normal -1.0 0.0 0.0
outer loop
vertex -31.8 21.302946737555956 15.217894057210284
vertex -31.8 21.244319042217768 15.572996771088706
vertex -31.8 30.4 20.000000000000004
endloop
endfacet
facet normal -1.0 0.0 -0.0
outer loop
vertex -31.8 21.162592044589875 15.923504748063865
vertex -31.8 30.4 20.000000000000004
vertex -31.8 21.244319042217768 15.572996771088706
endloop
endfacet
facet normal -1.0 0.0 0.0
outer loop
vertex -31.8 21.33822407781232 14.859717210765787
vertex -31.8 21.302946737555956 15.217894057210284
vertex -31.8 30.4 20.000000000000004
endloop
endfacet
facet normal -1.0 0.0 0.0
outer loop
vertex -31.8 21.162592044589875 15.923504748063865
vertex -31.8 21.05811571222308 16.267917059167388
vertex -31.8 30.4 20.000000000000004
endloop
endfacet
facet normal -1.0 0.0 -0.0
outer loop
vertex -31.8 20.93133742881208 16.604758878007992
vertex -31.8 30.4 20.000000000000004
vertex -31.8 21.05811571222308 16.267917059167388
endloop
endfacet
facet normal -1.0 0.0 0.0
outer loop
vertex -31.8 24.0 -22.7
vertex -31.8 29.45 13.45
vertex -31.8 29.45 6.55
endloop
endfacet
facet normal -1.0 0.0 -0.0
outer loop
vertex -31.8 24.0 -22.7
vertex -31.8 30.4 20.000000000000004
vertex -31.8 29.45 13.45
endloop
endfacet
facet normal -0.9999999999999999 0.0 0.0
outer loop
vertex -31.8 30.4 -0.9999999999999991
vertex -31.8 29.45 6.55
vertex -31.8 30.4 6.55
endloop
endfacet
facet normal 0.0 0.9999999999999999 0.0
outer loop
vertex -31.8 30.4 -0.9999999999999991
vertex -31.8 30.4 6.55
vertex -28.0 30.4 6.55
endloop
endfacet
facet normal -0.9999999999999999 -0.0 -0.0
outer loop
vertex -31.8 30.4 20.000000000000004
vertex -31.8 30.4 13.45
vertex -31.8 29.45 13.45
endloop
endfacet
facet normal 0.0 1.0 0.0
outer loop
vertex -31.8 30.4 20.000000000000004
vertex -28.0 30.4 13.45
vertex -31.8 30.4 13.45
endloop
endfacet
facet normal 0.0 -1.0 0.0
outer loop
vertex -31.8 20.0 4.3
vertex -24.2 20.0 4.3
vertex -31.8 20.0 9.0
endloop
endfacet
facet normal -4.674623261579615e-16 -3.416070845000489e-16 1.0
outer loop
vertex -31.799999999999986 20.0 20.0
vertex -24.2 20.0 20.000000000000004
vertex -31.8 30.4 20.000000000000004
endloop
endfacet
facet normal 0.0 1.0 0.0
outer loop
vertex -31.8 30.4 -0.9999999999999991
vertex -28.0 30.4 6.55
vertex -27.774359204156006 30.4 6.5573867148268175
endloop
endfacet
facet normal 0.0 1.0 0.0
outer loop
vertex -31.8 30.4 -0.9999999999999991
vertex -27.774359204156006 30.4 6.5573867148268175
vertex -27.549684636840823 30.4 6.5795152282603535
endloop
endfacet
facet normal 0.0 -1.0 0.0
outer loop
vertex -31.8 20.0 -13.5
vertex -24.2 20.0 -14.099999999999998
vertex -24.2 20.0 -13.5
endloop
endfacet
facet normal 0.0 -1.0 0.0
outer loop
vertex -31.8 20.0 -4.3
vertex -24.2 20.0 -4.899999999999999
vertex -24.2 20.0 -4.3
endloop
endfacet
facet normal -0.0 1.0 0.0
outer loop
vertex -31.8 30.4 -22.7
vertex -28.0 30.4 -21.849999999999998
vertex -24.2 30.4 -22.7
endloop
endfacet
facet normal 0.0 1.0 0.0
outer loop
vertex -24.2 30.4 -7.3999999999999995
vertex -28.0 30.4 -14.95
vertex -31.8 30.4 -14.95
endloop
endfacet
facet normal 0.0 0.0 -1.0
outer loop
vertex -31.8 30.4 -22.7
vertex -24.2 30.4 -22.7
vertex -24.2 20.0 -22.7
endloop
endfacet
facet normal 0.0 1.0 -0.0
outer loop
vertex -24.2 30.4 -22.7
vertex -28.0 30.4 -21.849999999999998
vertex -27.774359204156006 30.4 -21.84261328517318
endloop
endfacet
facet normal 0.0 1.0 -0.0
outer loop
vertex -24.2 30.4 -22.7
vertex -27.774359204156006 30.4 -21.84261328517318
vertex -27.549684636840823 30.4 -21.820484771739643
endloop
endfacet
facet normal 0.0 1.0 -0.0
outer loop
vertex -24.2 30.4 -22.7
vertex -27.549684636840823 30.4 -21.820484771739643
vertex -27.326938389044358 30.4 -21.783709217391145
endloop
endfacet
facet normal 0.0 1.0 -0.0
outer loop
vertex -24.2 30.4 -22.7
vertex -27.326938389044358 30.4 -21.783709217391145
vertex -27.107074294396302 30.4 -21.732444100697286
endloop
endfacet
facet normal 0.0 1.0 0.0
outer loop
vertex -24.2 30.4 -7.3999999999999995
vertex -27.774359204156006 30.4 -14.957386714826816
vertex -28.0 30.4 -14.95
endloop
endfacet
facet normal 0.0 1.0 0.0
outer loop
vertex -24.2 30.4 -7.3999999999999995
vertex -27.549684636840823 30.4 -14.979515228260352
vertex -27.774359204156006 30.4 -14.957386714826816
endloop
endfacet
facet normal 0.0 1.0 0.0
outer loop
vertex -24.2 30.4 -7.3999999999999995
vertex -27.326938389044358 30.4 -15.016290782608854
vertex -27.549684636840823 30.4 -14.979515228260352
endloop
endfacet
facet normal 0.0 1.0 0.0
outer loop
vertex -24.2 30.4 -7.3999999999999995
vertex -27.107074294396302 30.4 -15.067555899302713
vertex -27.326938389044358 30.4 -15.016290782608854
endloop
endfacet
facet normal 1.0 0.0 -0.0
outer loop
vertex -24.2 20.0 -14.099999999999998
vertex -24.2 20.054544113703287 -12.923909236273087
vertex -24.2 20.0 -13.5
endloop
endfacet
facet normal 1.0 0.0 -0.0
outer loop
vertex -24.2 20.0 -14.099999999999998
vertex -24.2 20.132935939797616 -13.5
vertex -24.2 20.054544113703287 -12.923909236273087
endloop
endfacet
facet normal 1.0 0.0 -0.0
outer loop
vertex -24.2 20.0 -13.5
vertex -24.2 20.054544113703287 -12.923909236273087
vertex -24.2 20.0 -12.95306367244806
endloop
endfacet
facet normal 1.0 0.0 -0.0
outer loop
vertex -24.2 20.132935939797616 -13.5
vertex -24.2 20.293496115687578 -12.775319332900944
vertex -24.2 20.054544113703287 -12.923909236273087
endloop
endfacet
facet normal 1.0 0.0 -0.0
outer loop
vertex -24.2 20.0 -22.7
vertex -24.2 30.4 -22.7
vertex -24.2 20.0 -14.099999999999998
endloop
endfacet
facet normal 0.9999999999999999 -0.0 -0.0
outer loop
vertex -24.2 20.0 -14.099999999999998
vertex -24.2 30.4 -22.7
vertex -24.2 20.132935939797616 -13.5
endloop
endfacet
facet normal 1.0 -0.0 -0.0
outer loop
vertex -24.2 20.132935939797616 -13.5
vertex -24.2 30.4 -22.7
vertex -24.2 24.0 -13.5
endloop
endfacet
facet normal 1.0 -0.0 -0.0
outer loop
vertex -24.2 20.0 -5.44693632755194
vertex -24.2 20.054544113703287 -5.476090763726913
vertex -24.2 20.0 -4.899999999999999
endloop
endfacet
facet normal 1.0 0.0 0.0
outer loop
vertex -24.2 20.054544113703287 -5.476090763726913
vertex -24.2 20.0 -4.3
vertex -24.2 20.0 -4.899999999999999
endloop
endfacet
facet normal 1.0 0.0 0.0
outer loop
vertex -24.2 20.054544113703287 -5.476090763726913
vertex -24.2 20.0 4.3
vertex -24.2 20.0 -4.3
endloop
endfacet
facet normal 1.0 -0.0 -0.0
outer loop
vertex -24.2 22.12192081943718 -8.361111615330648
vertex -24.2 22.167757017610672 -8.638737373453777
vertex -24.2 20.613139720814413 11.75
endloop
endfacet
facet normal 1.0 0.0 0.0
outer loop
vertex -24.2 22.058025166746283 -8.08707810605916
vertex -24.2 20.423082867664 11.444363718392188
vertex -24.2 21.97634367053224 -7.817810299196404
endloop
endfacet
facet normal 1.0 0.0 0.0
outer loop
vertex -24.2 22.12192081943718 -8.361111615330648
vertex -24.2 20.613139720814413 11.75
vertex -24.2 22.058025166746283 -8.08707810605916
endloop
endfacet
facet normal 1.0 -0.0 -0.0
outer loop
vertex -24.2 22.19533748362928 -8.918766544310385
vertex -24.2 24.0 -11.950027781102666
vertex -24.2 20.93133742881208 12.395241121992006
endloop
endfacet
facet normal 1.0 0.0 0.0
outer loop
vertex -24.2 22.19533748362928 -8.918766544310385
vertex -24.2 20.613139720814413 11.75
vertex -24.2 22.167757017610672 -8.638737373453777
endloop
endfacet
facet normal 1.0 -0.0 -0.0
outer loop
vertex -24.2 24.0 -11.950027781102666
vertex -24.2 30.4 -22.7
vertex -24.2 21.33822407781232 14.140282789234213
endloop
endfacet
facet normal 1.0 0.0 0.0
outer loop
vertex -24.2 30.4 -22.7
vertex -24.2 24.0 9.0
vertex -24.2 22.818455184308984 9.0
endloop
endfacet
facet normal 0.0 1.0 -0.0
outer loop
vertex -24.2 30.4 -22.7
vertex -27.107074294396302 30.4 -21.732444100697286
vertex -26.891033844704094 30.4 -21.666908946758113
endloop
endfacet
facet normal 0.0 1.0 -0.0
outer loop
vertex -24.2 30.4 -22.7
vertex -26.891033844704094 30.4 -21.666908946758113
vertex -26.67974215834044 30.4 -21.587384387163937
endloop
endfacet
facet normal 0.0 0.9999999999999999 -0.0
outer loop
vertex -24.2 30.4 -22.7
vertex -26.67974215834044 30.4 -21.587384387163937
vertex -26.474104018744445 30.4 -21.494210958287773
endloop
endfacet
facet normal 0.0 0.9999999999999999 -0.0
outer loop
vertex -24.2 30.4 -22.7
vertex -26.474104018744445 30.4 -21.494210958287773
vertex -26.275 30.4 -21.387787643056313
endloop
endfacet
facet normal 0.0 1.0 -0.0
outer loop
vertex -24.2 30.4 -22.7
vertex -26.275 30.4 -21.387787643056313
vertex -26.08328269608237 30.4 -21.26857016244378
endloop
endfacet
facet normal 0.0 1.0 -0.0
outer loop
vertex -24.2 30.4 -22.7
vertex -26.08328269608237 30.4 -21.26857016244378
vertex -25.899773069919913 30.4 -21.13706902400476
endloop
endfacet
facet normal 0.0 1.0 -0.0
outer loop
vertex -24.2 30.4 -22.7
vertex -25.899773069919913 30.4 -21.13706902400476
vertex -25.725256937904764 30.4 -20.99384733580247
endloop
endfacet
facet normal 0.0 1.0 -0.0
outer loop
vertex -24.2 30.4 -22.7
vertex -25.725256937904764 30.4 -20.99384733580247
vertex -25.56048160490641 30.4 -20.839518395093588
endloop
endfacet
facet normal 0.0 1.0 0.0
outer loop
vertex -24.2 30.4 -7.3999999999999995
vertex -26.891033844704094 30.4 -15.133091053241884
vertex -27.107074294396302 30.4 -15.067555899302713
endloop
endfacet
facet normal 0.0 1.0 0.0
outer loop
vertex -24.2 30.4 -7.3999999999999995
vertex -26.67974215834044 30.4 -15.212615612836059
vertex -26.891033844704094 30.4 -15.133091053241884
endloop
endfacet
facet normal 0.0 0.9999999999999999 0.0
outer loop
vertex -24.2 30.4 -7.3999999999999995
vertex -26.474104018744445 30.4 -15.305789041712224
vertex -26.67974215834044 30.4 -15.212615612836059
endloop
endfacet
facet normal 0.0 1.0 0.0
outer loop
vertex -24.2 30.4 -7.3999999999999995
vertex -26.275 30.4 -15.412212356943686
vertex -26.474104018744445 30.4 -15.305789041712224
endloop
endfacet
facet normal 0.0 0.9999999999999999 0.0
outer loop
vertex -24.2 30.4 -7.3999999999999995
vertex -26.08328269608237 30.4 -15.531429837556217
vertex -26.275 30.4 -15.412212356943686
endloop
endfacet
facet normal 0.0 0.9999999999999999 0.0
outer loop
vertex -24.2 30.4 -7.3999999999999995
vertex -25.899773069919913 30.4 -15.662930975995238
vertex -26.08328269608237 30.4 -15.531429837556217
endloop
endfacet
facet normal 0.0 1.0 0.0
outer loop
vertex -24.2 30.4 -7.3999999999999995
vertex -25.725256937904764 30.4 -15.806152664197526
vertex -25.899773069919913 30.4 -15.662930975995238
endloop
endfacet
facet normal 0.0 1.0 0.0
outer loop
vertex -24.2 30.4 -7.3999999999999995
vertex -25.56048160490641 30.4 -15.960481604906409
vertex -25.725256937904764 30.4 -15.806152664197526
endloop
endfacet
facet normal 1.0 -0.0 -0.0
outer loop
vertex -24.2 24.0 -13.5
vertex -24.2 30.4 -22.7
vertex -24.2 24.0 -11.950027781102666
endloop
endfacet
facet normal 0.0 1.0 -0.0
outer loop
vertex -24.2 30.4 -22.7
vertex -25.56048160490641 30.4 -20.839518395093588
vertex -25.406152664197528 30.4 -20.674743062095235
endloop
endfacet
facet normal 0.0 1.0 -0.0
outer loop
vertex -24.2 30.4 -22.7
vertex -25.406152664197528 30.4 -20.674743062095235
vertex -25.26293097599524 30.4 -20.500226930080085
endloop
endfacet
facet normal 0.0 0.9999999999999999 -0.0
outer loop
vertex -24.2 30.4 -22.7
vertex -25.26293097599524 30.4 -20.500226930080085
vertex -25.13142983755622 30.4 -20.316717303917628
endloop
endfacet
facet normal 0.0 0.9999999999999999 -0.0
outer loop
vertex -24.2 30.4 -22.7
vertex -25.13142983755622 30.4 -20.316717303917628
vertex -25.012212356943685 30.4 -20.125
endloop
endfacet
facet normal 0.0 1.0 -0.0
outer loop
vertex -24.2 30.4 -22.7
vertex -25.012212356943685 30.4 -20.125
vertex -24.905789041712225 30.4 -19.925895981255554
endloop
endfacet
facet normal 0.0 0.9999999999999999 -0.0
outer loop
vertex -24.2 30.4 -22.7
vertex -24.905789041712225 30.4 -19.925895981255554
vertex -24.812615612836062 30.4 -19.72025784165956
endloop
endfacet
facet normal 0.0 0.9999999999999999 -0.0
outer loop
vertex -24.2 30.4 -22.7
vertex -24.812615612836062 30.4 -19.72025784165956
vertex -24.733091053241886 30.4 -19.508966155295905
endloop
endfacet
facet normal 0.0 1.0 -0.0
outer loop
vertex -24.2 30.4 -22.7
vertex -24.733091053241886 30.4 -19.508966155295905
vertex -24.667555899302712 30.4 -19.292925705603697
endloop
endfacet
facet normal 0.0 1.0 -0.0
outer loop
vertex -24.2 30.4 -22.7
vertex -24.667555899302712 30.4 -19.292925705603697
vertex -24.616290782608854 30.4 -19.07306161095564
endloop
endfacet
facet normal 0.0 0.9999999999999999 -0.0
outer loop
vertex -24.2 30.4 -22.7
vertex -24.616290782608854 30.4 -19.07306161095564
vertex -24.579515228260355 30.4 -18.850315363159176
endloop
endfacet
facet normal 0.0 0.9999999999999999 -0.0
outer loop
vertex -24.2 30.4 -22.7
vertex -24.579515228260355 30.4 -18.850315363159176
vertex -24.55738671482682 30.4 -18.625640795843992
endloop
endfacet
facet normal 0.0 1.0 -0.0
outer loop
vertex -24.2 30.4 -22.7
vertex -24.55738671482682 30.4 -18.625640795843992
vertex -24.55 30.4 -18.4
endloop
endfacet
facet normal 0.0 1.0 0.0
outer loop
vertex -24.2 30.4 -22.7
vertex -24.55 30.4 -18.4
vertex -24.55738671482682 30.4 -18.174359204156005
endloop
endfacet
facet normal 0.0 1.0 0.0
outer loop
vertex -24.2 30.4 -7.3999999999999995
vertex -25.406152664197528 30.4 -16.125256937904762
vertex -25.56048160490641 30.4 -15.960481604906409
endloop
endfacet
facet normal 0.0 1.0 0.0
outer loop
vertex -24.2 30.4 -7.3999999999999995
vertex -25.26293097599524 30.4 -16.29977306991991
vertex -25.406152664197528 30.4 -16.125256937904762
endloop
endfacet
facet normal 0.0 1.0 0.0
outer loop
vertex -24.2 30.4 -7.3999999999999995
vertex -25.13142983755622 30.4 -16.48328269608237
vertex -25.26293097599524 30.4 -16.29977306991991
endloop
endfacet
facet normal 0.0 1.0 0.0
outer loop
vertex -24.2 30.4 -7.3999999999999995
vertex -25.012212356943685 30.4 -16.674999999999997
vertex -25.13142983755622 30.4 -16.48328269608237
endloop
endfacet
facet normal 0.0 1.0 0.0
outer loop
vertex -24.2 30.4 -7.3999999999999995
vertex -24.905789041712225 30.4 -16.874104018744443
vertex -25.012212356943685 30.4 -16.674999999999997
endloop
endfacet
facet normal 0.0 1.0 -0.0
outer loop
vertex -24.2 30.4 -22.7
vertex -24.55738671482682 30.4 -18.174359204156005
vertex -24.2 30.4 -7.3999999999999995
endloop
endfacet
facet normal 0.0 1.0 0.0
outer loop
vertex -24.2 30.4 -7.3999999999999995
vertex -24.812615612836062 30.4 -17.079742158340437
vertex -24.905789041712225 30.4 -16.874104018744443
endloop
endfacet
facet normal 0.0 1.0 0.0
outer loop
vertex -24.2 30.4 -7.3999999999999995
vertex -24.733091053241886 30.4 -17.291033844704092
vertex -24.812615612836062 30.4 -17.079742158340437
endloop
endfacet
facet normal 0.0 0.9999999999999999 0.0
outer loop
vertex -24.2 30.4 -7.3999999999999995
vertex -24.667555899302712 30.4 -17.5070742943963
vertex -24.733091053241886 30.4 -17.291033844704092
endloop
endfacet
facet normal 0.0 1.0 0.0
outer loop
vertex -24.2 30.4 -7.3999999999999995
vertex -24.55738671482682 30.4 -18.174359204156005
vertex -24.579515228260355 30.4 -17.94968463684082
endloop
endfacet
facet normal 0.0 1.0 0.0
outer loop
vertex -24.2 30.4 -7.3999999999999995
vertex -24.616290782608854 30.4 -17.726938389044356
vertex -24.667555899302712 30.4 -17.5070742943963
endloop
endfacet
facet normal 0.0 1.0 0.0
outer loop
vertex -24.2 30.4 -7.3999999999999995
vertex -24.579515228260355 30.4 -17.94968463684082
vertex -24.616290782608854 30.4 -17.726938389044356
endloop
endfacet
facet normal 1.0 0.0 -0.0
outer loop
vertex -24.2 30.4 -22.7
vertex -24.2 30.4 -7.3999999999999995
vertex -24.2 30.2 -7.3999999999999995
endloop
endfacet
facet normal 1.0 0.0 0.0
outer loop
vertex -24.2 30.4 -22.7
vertex -24.2 30.2 -7.3999999999999995
vertex -24.2 24.0 9.0
endloop
endfacet
facet normal 0.0 -1.0 0.0
outer loop
vertex -31.8 20.0 9.0
vertex -24.2 20.0 4.3
vertex -24.2 20.0 9.0
endloop
endfacet
facet normal 1.2154020480106971e-15 8.881784197001251e-16 0.9999999999999999
outer loop
vertex -24.2 20.0 20.000000000000004
vertex -24.2 24.0 20.0
vertex -31.8 30.4 20.000000000000004
endloop
endfacet
facet normal -0.0 1.0 0.0
outer loop
vertex -31.8 30.4 -0.9999999999999991
vertex -27.549684636840823 30.4 6.5795152282603535
vertex -24.2 30.4 -0.9999999999999991
endloop
endfacet
facet normal 0.0 1.0 -0.0
outer loop
vertex -24.2 30.4 -0.9999999999999991
vertex -27.549684636840823 30.4 6.5795152282603535
vertex -27.326938389044358 30.4 6.616290782608855
endloop
endfacet
facet normal 0.0 1.0 -0.0
outer loop
vertex -24.2 30.4 -0.9999999999999991
vertex -27.326938389044358 30.4 6.616290782608855
vertex -27.107074294396302 30.4 6.667555899302714
endloop
endfacet
facet normal -0.0 1.0 0.0
outer loop
vertex -31.8 30.4 20.000000000000004
vertex -24.2 30.4 20.000000000000004
vertex -28.0 30.4 13.45
endloop
endfacet
facet normal 0.0 -5.551115123125784e-16 1.0
outer loop
vertex -31.8 30.4 20.000000000000004
vertex -24.2 24.0 20.0
vertex -24.2 30.4 20.000000000000004
endloop
endfacet
facet normal 0.0 1.0 0.0
outer loop
vertex -24.2 30.4 20.000000000000004
vertex -27.774359204156006 30.4 13.442613285173183
vertex -28.0 30.4 13.45
endloop
endfacet
facet normal 0.0 1.0 0.0
outer loop
vertex -24.2 30.4 20.000000000000004
vertex -27.549684636840823 30.4 13.420484771739646
vertex -27.774359204156006 30.4 13.442613285173183
endloop
endfacet
facet normal 0.0 1.0 0.0
outer loop
vertex -24.2 30.4 20.000000000000004
vertex -27.326938389044358 30.4 13.383709217391145
vertex -27.549684636840823 30.4 13.420484771739646
endloop
endfacet
facet normal 0.0 1.0 0.0
outer loop
vertex -24.2 30.4 20.000000000000004
vertex -27.107074294396302 30.4 13.332444100697286
vertex -27.326938389044358 30.4 13.383709217391145
endloop
endfacet
facet normal 1.0 -0.0 -0.0
outer loop
vertex -24.2 20.054544113703287 -5.476090763726913
vertex -24.2 20.293496115687578 -5.624680667099055
vertex -24.2 20.0 10.89173063964187
endloop
endfacet
facet normal 1.0 -0.0 -0.0
outer loop
vertex -24.2 20.293496115687578 -5.624680667099055
vertex -24.2 20.522218258440788 -5.788580636747689
vertex -24.2 20.0 10.89173063964187
endloop
endfacet
facet normal 1.0 -0.0 -0.0
outer loop
vertex -24.2 20.522218258440788 -5.788580636747689
vertex -24.2 20.739731118633586 -5.967088827840397
vertex -24.2 20.21344337160179 11.151812140452037
endloop
endfacet
facet normal 1.0 -0.0 -0.0
outer loop
vertex -24.2 20.945103272805444 -6.159440840897846
vertex -24.2 21.13745528586289 -6.364812995069704
vertex -24.2 20.21344337160179 11.151812140452037
endloop
endfacet
facet normal 0.9999999999999999 -0.0 -0.0
outer loop
vertex -24.2 20.739731118633586 -5.967088827840397
vertex -24.2 20.945103272805444 -6.159440840897846
vertex -24.2 20.21344337160179 11.151812140452037
endloop
endfacet
facet normal 1.0 0.0 0.0
outer loop
vertex -24.2 20.054544113703287 -5.476090763726913
vertex -24.2 20.0 9.0
vertex -24.2 20.0 4.3
endloop
endfacet
facet normal 1.0 0.0 0.0
outer loop
vertex -24.2 21.628453349976375 -7.05
vertex -24.2 20.423082867664 11.444363718392188
vertex -24.2 21.479863446604234 -6.8110479980157095
endloop
endfacet
facet normal 0.9999999999999999 -0.0 -0.0
outer loop
vertex -24.2 21.13745528586289 -6.364812995069704
vertex -24.2 21.3159634769556 -6.5823258552625
vertex -24.2 20.423082867664 11.444363718392188
endloop
endfacet
facet normal 1.0 0.0 0.0
outer loop
vertex -24.2 21.479863446604234 -6.8110479980157095
vertex -24.2 20.423082867664 11.444363718392188
vertex -24.2 21.3159634769556 -6.5823258552625
endloop
endfacet
facet normal 1.0 0.0 0.0
outer loop
vertex -24.2 21.97634367053224 -7.817810299196404
vertex -24.2 20.423082867664 11.444363718392188
vertex -24.2 21.87722610350182 -7.554461240830113
endloop
endfacet
facet normal 0.9999999999999999 0.0 0.0
outer loop
vertex -24.2 21.87722610350182 -7.554461240830113
vertex -24.2 20.423082867664 11.444363718392188
vertex -24.2 21.761096902293847 -7.298158632058294
endloop
endfacet
facet normal 1.0 -0.0 -0.0
outer loop
vertex -24.2 21.628453349976375 -7.05
vertex -24.2 21.761096902293847 -7.298158632058294
vertex -24.2 20.423082867664 11.444363718392188
endloop
endfacet
facet normal 1.0 0.0 0.0
outer loop
vertex -24.2 20.054544113703287 -5.476090763726913
vertex -24.2 20.0 10.89173063964187
vertex -24.2 20.0 9.0
endloop
endfacet
facet normal 1.0 0.0 0.0
outer loop
vertex -24.2 20.522218258440788 -5.788580636747689
vertex -24.2 20.21344337160179 11.151812140452037
vertex -24.2 20.0 10.89173063964187
endloop
endfacet
facet normal 1.0 0.0 0.0
outer loop
vertex -24.2 21.13745528586289 -6.364812995069704
vertex -24.2 20.423082867664 11.444363718392188
vertex -24.2 20.21344337160179 11.151812140452037
endloop
endfacet
facet normal 1.0 0.0 0.0
outer loop
vertex -24.2 22.19533748362928 -8.918766544310385
vertex -24.2 20.782800078429787 12.067412203795493
vertex -24.2 20.613139720814413 11.75
endloop
endfacet
facet normal 1.0 0.0 0.0
outer loop
vertex -24.2 22.058025166746283 -8.08707810605916
vertex -24.2 20.613139720814413 11.75
vertex -24.2 20.423082867664 11.444363718392188
endloop
endfacet
facet normal 1.0 0.0 0.0
outer loop
vertex -24.2 22.19533748362928 -8.918766544310385
vertex -24.2 20.93133742881208 12.395241121992006
vertex -24.2 20.782800078429787 12.067412203795493
endloop
endfacet
facet normal 1.0 0.0 0.0
outer loop
vertex -24.2 24.0 -11.950027781102666
vertex -24.2 21.05811571222308 12.732082940832612
vertex -24.2 20.93133742881208 12.395241121992006
endloop
endfacet
facet normal 1.0 0.0 0.0
outer loop
vertex -24.2 24.0 -11.950027781102666
vertex -24.2 21.162592044589875 13.076495251936135
vertex -24.2 21.05811571222308 12.732082940832612
endloop
endfacet
facet normal 1.0 0.0 0.0
outer loop
vertex -24.2 24.0 -11.950027781102666
vertex -24.2 21.244319042217768 13.427003228911294
vertex -24.2 21.162592044589875 13.076495251936135
endloop
endfacet
facet normal 1.0 0.0 0.0
outer loop
vertex -24.2 24.0 -11.950027781102666
vertex -24.2 21.302946737555956 13.782105942789716
vertex -24.2 21.244319042217768 13.427003228911294
endloop
endfacet
facet normal 1.0 0.0 0.0
outer loop
vertex -24.2 24.0 -11.950027781102666
vertex -24.2 21.33822407781232 14.140282789234213
vertex -24.2 21.302946737555956 13.782105942789716
endloop
endfacet
facet normal 1.0 0.0 0.0
outer loop
vertex -24.2 30.4 -22.7
vertex -24.2 22.818455184308984 9.0
vertex -24.2 21.302946737555956 15.217894057210284
endloop
endfacet
facet normal 0.9999999999999999 0.0 0.0
outer loop
vertex -24.2 30.4 -22.7
vertex -24.2 21.35 14.5
vertex -24.2 21.33822407781232 14.140282789234213
endloop
endfacet
facet normal 1.0 0.0 0.0
outer loop
vertex -24.2 30.4 -22.7
vertex -24.2 21.33822407781232 14.859717210765787
vertex -24.2 21.35 14.5
endloop
endfacet
facet normal 1.0 0.0 0.0
outer loop
vertex -24.2 30.4 -22.7
vertex -24.2 21.302946737555956 15.217894057210284
vertex -24.2 21.33822407781232 14.859717210765787
endloop
endfacet
facet normal 1.0 0.0 0.0
outer loop
vertex -24.2 22.818455184308984 9.0
vertex -24.2 21.244319042217768 15.572996771088706
vertex -24.2 21.302946737555956 15.217894057210284
endloop
endfacet
facet normal 1.0 0.0 0.0
outer loop
vertex -24.2 20.21344337160179 17.848187859547963
vertex -24.2 20.0 20.000000000000004
vertex -24.2 20.0 18.10826936035813
endloop
endfacet
facet normal 0.9999999999999999 0.0 0.0
outer loop
vertex -24.2 20.613139720814413 17.25
vertex -24.2 20.0 20.000000000000004
vertex -24.2 20.423082867664 17.55563628160781
endloop
endfacet
facet normal 1.0 -0.0 -0.0
outer loop
vertex -24.2 20.21344337160179 17.848187859547963
vertex -24.2 20.423082867664 17.55563628160781
vertex -24.2 20.0 20.000000000000004
endloop
endfacet
facet normal 1.0 0.0 0.0
outer loop
vertex -24.2 20.782800078429787 16.93258779620451
vertex -24.2 20.0 20.000000000000004
vertex -24.2 20.613139720814413 17.25
endloop
endfacet
facet normal 0.0 1.0 -0.0
outer loop
vertex -24.2 30.4 -0.9999999999999991
vertex -27.107074294396302 30.4 6.667555899302714
vertex -26.891033844704094 30.4 6.7330910532418855
endloop
endfacet
facet normal 0.0 1.0 -0.0
outer loop
vertex -24.2 30.4 -0.9999999999999991
vertex -26.891033844704094 30.4 6.7330910532418855
vertex -26.67974215834044 30.4 6.81261561283606
endloop
endfacet
facet normal 0.0 0.9999999999999999 -0.0
outer loop
vertex -24.2 30.4 -0.9999999999999991
vertex -26.67974215834044 30.4 6.81261561283606
vertex -26.474104018744445 30.4 6.905789041712225
endloop
endfacet
facet normal 0.0 1.0 -0.0
outer loop
vertex -24.2 30.4 -0.9999999999999991
vertex -26.474104018744445 30.4 6.905789041712225
vertex -26.275 30.4 7.012212356943687
endloop
endfacet
facet normal 0.0 1.0 -0.0
outer loop
vertex -24.2 30.4 -0.9999999999999991
vertex -26.275 30.4 7.012212356943687
vertex -26.08328269608237 30.4 7.131429837556219
endloop
endfacet
facet normal 0.0 0.9999999999999999 -0.0
outer loop
vertex -24.2 30.4 -0.9999999999999991
vertex -26.08328269608237 30.4 7.131429837556219
vertex -25.899773069919913 30.4 7.262930975995239
endloop
endfacet
facet normal 0.0 1.0 -0.0
outer loop
vertex -24.2 30.4 -0.9999999999999991
vertex -25.899773069919913 30.4 7.262930975995239
vertex -25.725256937904764 30.4 7.406152664197528
endloop
endfacet
facet normal 0.0 1.0 -0.0
outer loop
vertex -24.2 30.4 -0.9999999999999991
vertex -25.725256937904764 30.4 7.406152664197528
vertex -25.56048160490641 30.4 7.5604816049064105
endloop
endfacet
facet normal 1.0 0.0 -0.0
outer loop
vertex -24.2 30.2 -7.3999999999999995
vertex -24.2 30.2 -0.9999999999999991
vertex -24.2 24.0 9.0
endloop
endfacet
facet normal 1.0 -0.0 0.0
outer loop
vertex -24.2 24.0 9.0
vertex -24.2 30.2 -0.9999999999999991
vertex -24.2 30.4 -0.9999999999999991
endloop
endfacet
facet normal 0.0 0.9999999999999999 -0.0
outer loop
vertex -24.2 30.4 -0.9999999999999991
vertex -25.56048160490641 30.4 7.5604816049064105
vertex -25.406152664197528 30.4 7.725256937904762
endloop
endfacet
facet normal 0.0 1.0 -0.0
outer loop
vertex -24.2 30.4 -0.9999999999999991
vertex -25.406152664197528 30.4 7.725256937904762
vertex -25.26293097599524 30.4 7.899773069919913
endloop
endfacet
facet normal 0.0 1.0 -0.0
outer loop
vertex -24.2 30.4 -0.9999999999999991
vertex -25.26293097599524 30.4 7.899773069919913
vertex -25.13142983755622 30.4 8.083282696082373
endloop
endfacet
facet normal 0.0 1.0 -0.0
outer loop
vertex -24.2 30.4 -0.9999999999999991
vertex -25.13142983755622 30.4 8.083282696082373
vertex -25.012212356943685 30.4 8.275
endloop
endfacet
facet normal 0.0 1.0 -0.0
outer loop
vertex -24.2 30.4 -0.9999999999999991
vertex -25.012212356943685 30.4 8.275
vertex -24.905789041712225 30.4 8.474104018744445
endloop
endfacet
facet normal 0.0 1.0 -0.0
outer loop
vertex -24.2 30.4 -0.9999999999999991
vertex -24.905789041712225 30.4 8.474104018744445
vertex -24.812615612836062 30.4 8.67974215834044
endloop
endfacet
facet normal 0.0 1.0 -0.0
outer loop
vertex -24.2 30.4 -0.9999999999999991
vertex -24.812615612836062 30.4 8.67974215834044
vertex -24.733091053241886 30.4 8.891033844704092
endloop
endfacet
facet normal 0.0 1.0 -0.0
outer loop
vertex -24.2 30.4 -0.9999999999999991
vertex -24.733091053241886 30.4 8.891033844704092
vertex -24.667555899302712 30.4 9.107074294396304
endloop
endfacet
facet normal 0.0 1.0 -0.0
outer loop
vertex -24.2 30.4 -0.9999999999999991
vertex -24.667555899302712 30.4 9.107074294396304
vertex -24.616290782608854 30.4 9.326938389044358
endloop
endfacet
facet normal 0.0 1.0 -0.0
outer loop
vertex -24.2 30.4 -0.9999999999999991
vertex -24.616290782608854 30.4 9.326938389044358
vertex -24.579515228260355 30.4 9.549684636840823
endloop
endfacet
facet normal 0.0 1.0 -0.0
outer loop
vertex -24.2 30.4 -0.9999999999999991
vertex -24.579515228260355 30.4 9.549684636840823
vertex -24.55738671482682 30.4 9.774359204156006
endloop
endfacet
facet normal 0.0 1.0 -0.0
outer loop
vertex -24.2 30.4 -0.9999999999999991
vertex -24.55738671482682 30.4 9.774359204156006
vertex -24.55 30.4 10.0
endloop
endfacet
facet normal 0.0 0.9999999999999999 0.0
outer loop
vertex -24.2 30.4 20.000000000000004
vertex -26.891033844704094 30.4 13.266908946758114
vertex -27.107074294396302 30.4 13.332444100697286
endloop
endfacet
facet normal 0.0 1.0 0.0
outer loop
vertex -24.2 30.4 20.000000000000004
vertex -26.67974215834044 30.4 13.18738438716394
vertex -26.891033844704094 30.4 13.266908946758114
endloop
endfacet
facet normal 0.0 0.9999999999999999 0.0
outer loop
vertex -24.2 30.4 20.000000000000004
vertex -26.474104018744445 30.4 13.094210958287775
vertex -26.67974215834044 30.4 13.18738438716394
endloop
endfacet
facet normal 0.0 1.0 0.0
outer loop
vertex -24.2 30.4 20.000000000000004
vertex -26.275 30.4 12.987787643056313
vertex -26.474104018744445 30.4 13.094210958287775
endloop
endfacet
facet normal 0.0 1.0 0.0
outer loop
vertex -24.2 30.4 20.000000000000004
vertex -26.08328269608237 30.4 12.868570162443781
vertex -26.275 30.4 12.987787643056313
endloop
endfacet
facet normal 0.0 0.9999999999999999 0.0
outer loop
vertex -24.2 30.4 20.000000000000004
vertex -25.899773069919913 30.4 12.73706902400476
vertex -26.08328269608237 30.4 12.868570162443781
endloop
endfacet
facet normal 0.0 1.0 0.0
outer loop
vertex -24.2 30.4 20.000000000000004
vertex -25.725256937904764 30.4 12.593847335802472
vertex -25.899773069919913 30.4 12.73706902400476
endloop
endfacet
facet normal 0.0 1.0 0.0
outer loop
vertex -24.2 30.4 20.000000000000004
vertex -25.56048160490641 30.4 12.43951839509359
vertex -25.725256937904764 30.4 12.593847335802472
endloop
endfacet
facet normal 1.0 -0.0 0.0
outer loop
vertex -24.2 24.0 9.0
vertex -24.2 30.4 -0.9999999999999991
vertex -24.2 30.4 20.000000000000004
endloop
endfacet
facet normal 1.0 0.0 -0.0
outer loop
vertex -24.2 24.0 9.0
vertex -24.2 30.4 20.000000000000004
vertex -24.2 24.0 20.0
endloop
endfacet
facet normal 0.0 1.0 0.0
outer loop
vertex -24.2 30.4 20.000000000000004
vertex -25.012212356943685 30.4 11.725
vertex -25.13142983755622 30.4 11.916717303917627
endloop
endfacet
facet normal 0.0 1.0 0.0
outer loop
vertex -24.2 30.4 20.000000000000004
vertex -24.905789041712225 30.4 11.525895981255555
vertex -25.012212356943685 30.4 11.725
endloop
endfacet
facet normal 0.0 0.9999999999999999 -0.0
outer loop
vertex -24.2 30.4 -0.9999999999999991
vertex -24.55 30.4 10.0
vertex -24.2 30.4 20.000000000000004
endloop
endfacet
facet normal 0.0 1.0 0.0
outer loop
vertex -24.2 30.4 20.000000000000004
vertex -24.812615612836062 30.4 11.32025784165956
vertex -24.905789041712225 30.4 11.525895981255555
endloop
endfacet
facet normal 0.0 1.0 0.0
outer loop
vertex -24.2 30.4 20.000000000000004
vertex -24.733091053241886 30.4 11.108966155295908
vertex -24.812615612836062 30.4 11.32025784165956
endloop
endfacet
facet normal 0.0 1.0 0.0
outer loop
vertex -24.2 30.4 20.000000000000004
vertex -24.55738671482682 30.4 10.225640795843994
vertex -24.579515228260355 30.4 10.450315363159177
endloop
endfacet
facet normal 0.0 1.0 0.0
outer loop
vertex -24.2 30.4 20.000000000000004
vertex -24.616290782608854 30.4 10.673061610955642
vertex -24.667555899302712 30.4 10.892925705603696
endloop
endfacet
facet normal 0.0 1.0 0.0
outer loop
vertex -24.2 30.4 20.000000000000004
vertex -24.579515228260355 30.4 10.450315363159177
vertex -24.616290782608854 30.4 10.673061610955642
endloop
endfacet
facet normal 0.0 1.0 0.0
outer loop
vertex -24.2 30.4 20.000000000000004
vertex -24.667555899302712 30.4 10.892925705603696
vertex -24.733091053241886 30.4 11.108966155295908
endloop
endfacet
facet normal 0.0 1.0 0.0
outer loop
vertex -24.2 30.4 20.000000000000004
vertex -24.55 30.4 10.0
vertex -24.55738671482682 30.4 10.225640795843994
endloop
endfacet
facet normal 0.0 1.0 0.0
outer loop
vertex -24.2 30.4 20.000000000000004
vertex -25.406152664197528 30.4 12.274743062095238
vertex -25.56048160490641 30.4 12.43951839509359
endloop
endfacet
facet normal 0.0 1.0 0.0
outer loop
vertex -24.2 30.4 20.000000000000004
vertex -25.26293097599524 30.4 12.100226930080087
vertex -25.406152664197528 30.4 12.274743062095238
endloop
endfacet
facet normal 0.0 1.0 0.0
outer loop
vertex -24.2 30.4 20.000000000000004
vertex -25.13142983755622 30.4 11.916717303917627
vertex -25.26293097599524 30.4 12.100226930080087
endloop
endfacet
facet normal -1.0 0.0 -0.0
outer loop
vertex -31.8 6.227318010201467 -20.045538759169883
vertex -31.8 8.20762451018071 -20.14726641001518
vertex -31.8 6.3434472114094405 -20.301841367941705
endloop
endfacet
facet normal -1.0 0.0 0.0
outer loop
vertex -31.8 6.476090763726913 -20.549999999999997
vertex -31.8 6.3434472114094405 -20.301841367941705
vertex -31.8 8.452733589984817 -20.392375489819287
endloop
endfacet
facet normal -0.9999999999999999 0.0 0.0
outer loop
vertex -31.8 6.624680667099055 -20.78895200198429
vertex -31.8 6.476090763726913 -20.549999999999997
vertex -31.8 8.875 -20.69496732002876
endloop
endfacet
facet normal -1.0 0.0 0.0
outer loop
vertex -31.8 6.227318010201467 -20.045538759169883
vertex -31.8 8.097613648228226 -20.01321778687311
vertex -31.8 8.20762451018071 -20.14726641001518
endloop
endfacet
facet normal -1.0 0.0 0.0
outer loop
vertex -31.8 6.046518946957006 -19.512921893940838
vertex -31.8 5.982623294266109 -19.23888838466935
vertex -31.8 7.751719238845089 -19.41411109576749
endloop
endfacet
facet normal -1.0 0.0 -0.0
outer loop
vertex -31.8 6.046518946957006 -19.512921893940838
vertex -31.8 7.823287234938375 -19.572065029080353
vertex -31.8 6.128200443171045 -19.782189700803592
endloop
endfacet
facet normal -1.0 0.0 0.0
outer loop
vertex -31.8 5.982623294266109 -19.23888838466935
vertex -31.8 5.936787096092615 -18.96126262654622
vertex -31.8 7.640296560333969 -19.08587046952168
endloop
endfacet
facet normal -1.0 0.0 0.0
outer loop
vertex -31.8 5.936787096092615 -18.96126262654622
vertex -31.8 5.909206630074005 -18.681233455689615
vertex -31.8 7.572671117359402 -18.745894409383133
endloop
endfacet
facet normal -1.0 0.0 0.0
outer loop
vertex -31.8 5.909206630074005 -18.681233455689615
vertex -31.8 5.8999999999999995 -18.4
vertex -31.8 7.5556738534177 -18.573318292459877
endloop
endfacet
facet normal -1.0 0.0 0.0
outer loop
vertex -31.8 5.8999999999999995 -18.4
vertex -31.8 5.909206630074005 -18.118766544310382
vertex -31.8 7.549999999999999 -18.4
endloop
endfacet
facet normal -1.0 0.0 0.0
outer loop
vertex -31.8 5.909206630074005 -18.118766544310382
vertex -31.8 5.936787096092615 -17.838737373453778
vertex -31.8 7.5556738534177 -18.22668170754012
endloop
endfacet
facet normal -1.0 0.0 0.0
outer loop
vertex -31.8 5.936787096092615 -17.838737373453778
vertex -31.8 5.982623294266109 -17.561111615330645
vertex -31.8 7.600919006931439 -17.883010646657258
endloop
endfacet
facet normal -1.0 0.0 0.0
outer loop
vertex -31.8 5.982623294266109 -17.561111615330645
vertex -31.8 6.046518946957006 -17.28707810605916
vertex -31.8 7.640296560333969 -17.714129530478317
endloop
endfacet
facet normal -1.0 0.0 0.0
outer loop
vertex -31.8 6.227318010201467 -20.045538759169883
vertex -31.8 6.128200443171045 -19.782189700803592
vertex -31.8 7.996605527398255 -19.872261117501946
endloop
endfacet
facet normal -0.9999999999999999 0.0 0.0
outer loop
vertex -31.8 5.982623294266109 -19.23888838466935
vertex -31.8 7.690635156837969 -19.251814583053378
vertex -31.8 7.751719238845089 -19.41411109576749
endloop
endfacet
facet normal -1.0 0.0 0.0
outer loop
vertex -31.8 5.982623294266109 -19.23888838466935
vertex -31.8 7.640296560333969 -19.08587046952168
vertex -31.8 7.690635156837969 -19.251814583053378
endloop
endfacet
facet normal -1.0 0.0 0.0
outer loop
vertex -31.8 5.936787096092615 -18.96126262654622
vertex -31.8 7.572671117359402 -18.745894409383133
vertex -31.8 7.600919006931439 -18.91698935334274
endloop
endfacet
facet normal -1.0 0.0 0.0
outer loop
vertex -31.8 5.936787096092615 -18.96126262654622
vertex -31.8 7.600919006931439 -18.91698935334274
vertex -31.8 7.640296560333969 -19.08587046952168
endloop
endfacet
facet normal -1.0 0.0 0.0
outer loop
vertex -31.8 6.128200443171045 -19.782189700803592
vertex -31.8 7.905032679971237 -19.724999999999998
vertex -31.8 7.996605527398255 -19.872261117501946
endloop
endfacet
facet normal -1.0 0.0 0.0
outer loop
vertex -31.8 6.046518946957006 -19.512921893940838
vertex -31.8 7.751719238845089 -19.41411109576749
vertex -31.8 7.823287234938375 -19.572065029080353
endloop
endfacet
facet normal -1.0 0.0 0.0
outer loop
vertex -31.8 6.128200443171045 -19.782189700803592
vertex -31.8 7.823287234938375 -19.572065029080353
vertex -31.8 7.905032679971237 -19.724999999999998
endloop
endfacet
facet normal -1.0 0.0 0.0
outer loop
vertex -31.8 6.227318010201467 -20.045538759169883
vertex -31.8 7.996605527398255 -19.872261117501946
vertex -31.8 8.097613648228226 -20.01321778687311
endloop
endfacet
facet normal -1.0 0.0 0.0
outer loop
vertex -31.8 5.909206630074005 -18.681233455689615
vertex -31.8 7.5556738534177 -18.573318292459877
vertex -31.8 7.572671117359402 -18.745894409383133
endloop
endfacet
facet normal -1.0 0.0 0.0
outer loop
vertex -31.8 5.8999999999999995 -18.4
vertex -31.8 7.549999999999999 -18.4
vertex -31.8 7.5556738534177 -18.573318292459877
endloop
endfacet
facet normal -1.0 0.0 -0.0
outer loop
vertex -31.8 5.909206630074005 -18.118766544310382
vertex -31.8 7.5556738534177 -18.22668170754012
vertex -31.8 7.549999999999999 -18.4
endloop
endfacet
facet normal -1.0 0.0 -0.0
outer loop
vertex -31.8 5.936787096092615 -17.838737373453778
vertex -31.8 7.572671117359402 -18.054105590616864
vertex -31.8 7.5556738534177 -18.22668170754012
endloop
endfacet
facet normal -1.0 0.0 -0.0
outer loop
vertex -31.8 5.936787096092615 -17.838737373453778
vertex -31.8 7.600919006931439 -17.883010646657258
vertex -31.8 7.572671117359402 -18.054105590616864
endloop
endfacet
facet normal -1.0 0.0 -0.0
outer loop
vertex -31.8 5.982623294266109 -17.561111615330645
vertex -31.8 7.640296560333969 -17.714129530478317
vertex -31.8 7.600919006931439 -17.883010646657258
endloop
endfacet
facet normal -1.0 0.0 0.0
outer loop
vertex -31.8 7.640296560333969 -17.714129530478317
vertex -31.8 6.046518946957006 -17.28707810605916
vertex -31.8 7.690635156837969 -17.54818541694662
endloop
endfacet
facet normal -1.0 0.0 0.0
outer loop
vertex -31.8 7.690635156837969 -17.54818541694662
vertex -31.8 6.046518946957006 -17.28707810605916
vertex -31.8 7.751719238845089 -17.38588890423251
endloop
endfacet
facet normal -1.0 0.0 -0.0
outer loop
vertex -31.8 6.624680667099055 -20.78895200198429
vertex -31.8 9.34818541694662 -20.909364843162027
vertex -31.8 6.788580636747689 -21.017674144737498
endloop
endfacet
facet normal -1.0 0.0 0.0
outer loop
vertex -31.8 6.3434472114094405 -20.301841367941705
vertex -31.8 8.20762451018071 -20.14726641001518
vertex -31.8 8.326167029855648 -20.273832970144348
endloop
endfacet
facet normal -0.9999999999999999 0.0 0.0
outer loop
vertex -31.8 6.3434472114094405 -20.301841367941705
vertex -31.8 8.326167029855648 -20.273832970144348
vertex -31.8 8.452733589984817 -20.392375489819287
endloop
endfacet
facet normal -1.0 0.0 0.0
outer loop
vertex -31.8 6.476090763726913 -20.549999999999997
vertex -31.8 8.452733589984817 -20.392375489819287
vertex -31.8 8.58678221312689 -20.502386351771772
endloop
endfacet
facet normal -1.0 0.0 0.0
outer loop
vertex -31.8 6.476090763726913 -20.549999999999997
vertex -31.8 8.58678221312689 -20.502386351771772
vertex -31.8 8.727738882498054 -20.603394472601742
endloop
endfacet
facet normal -1.0 0.0 0.0
outer loop
vertex -31.8 6.624680667099055 -20.78895200198429
vertex -31.8 8.875 -20.69496732002876
vertex -31.8 9.027934970919645 -20.77671276506162
endloop
endfacet
facet normal -1.0 0.0 0.0
outer loop
vertex -31.8 6.624680667099055 -20.78895200198429
vertex -31.8 9.027934970919645 -20.77671276506162
vertex -31.8 9.185888904232511 -20.848280761154907
endloop
endfacet
facet normal -1.0 0.0 0.0
outer loop
vertex -31.8 6.476090763726913 -20.549999999999997
vertex -31.8 8.727738882498054 -20.603394472601742
vertex -31.8 8.875 -20.69496732002876
endloop
endfacet
facet normal -1.0 -0.0 -0.0
outer loop
vertex -31.8 7.159440840897846 -21.440559159102154
vertex -31.8 13.035187004930295 -21.632911172159602
vertex -31.8 7.364812995069704 -21.632911172159602
endloop
endfacet
facet normal -1.0 0.0 0.0
outer loop
vertex -31.8 7.159440840897846 -21.440559159102154
vertex -31.8 6.967088827840397 -21.235187004930296
vertex -31.8 13.240559159102153 -21.440559159102154
endloop
endfacet
facet normal -1.0 0.0 0.0
outer loop
vertex -31.8 6.624680667099055 -20.78895200198429
vertex -31.8 9.185888904232511 -20.848280761154907
vertex -31.8 9.34818541694662 -20.909364843162027
endloop
endfacet
facet normal -1.0 0.0 0.0
outer loop
vertex -31.8 6.788580636747689 -21.017674144737498
vertex -31.8 9.34818541694662 -20.909364843162027
vertex -31.8 9.51412953047832 -20.95970343966603
endloop
endfacet
facet normal -0.9999999999999999 0.0 0.0
outer loop
vertex -31.8 6.788580636747689 -21.017674144737498
vertex -31.8 9.51412953047832 -20.95970343966603
vertex -31.8 9.683010646657259 -20.99908099306856
endloop
endfacet
facet normal -1.0 0.0 0.0
outer loop
vertex -31.8 6.788580636747689 -21.017674144737498
vertex -31.8 9.683010646657259 -20.99908099306856
vertex -31.8 9.854105590616863 -21.027328882640596
endloop
endfacet
facet normal -1.0 0.0 0.0
outer loop
vertex -31.8 6.788580636747689 -21.017674144737498
vertex -31.8 10.02668170754012 -21.044326146582296
vertex -31.8 10.2 -21.049999999999997
endloop
endfacet
facet normal -1.0 0.0 0.0
outer loop
vertex -31.8 6.788580636747689 -21.017674144737498
vertex -31.8 9.854105590616863 -21.027328882640596
vertex -31.8 10.02668170754012 -21.044326146582296
endloop
endfacet
facet normal -1.0 -0.0 -0.0
outer loop
vertex -31.8 6.788580636747689 -21.017674144737498
vertex -31.8 13.432911172159603 -21.235187004930296
vertex -31.8 6.967088827840397 -21.235187004930296
endloop
endfacet
facet normal -1.0 0.0 0.0
outer loop
vertex -31.8 7.751719238845089 -17.38588890423251
vertex -31.8 6.046518946957006 -17.28707810605916
vertex -31.8 6.128200443171045 -17.017810299196405
endloop
endfacet
facet normal -0.9999999999999999 0.0 0.0
outer loop
vertex -31.8 6.128200443171045 -17.017810299196405
vertex -31.8 6.227318010201467 -16.754461240830114
vertex -31.8 7.905032679971237 -17.075
endloop
endfacet
facet normal -1.0 0.0 0.0
outer loop
vertex -31.8 6.227318010201467 -16.754461240830114
vertex -31.8 6.3434472114094405 -16.498158632058292
vertex -31.8 8.097613648228226 -16.786782213126887
endloop
endfacet
facet normal -1.0 0.0 0.0
outer loop
vertex -31.8 6.3434472114094405 -16.498158632058292
vertex -31.8 6.476090763726913 -16.25
vertex -31.8 8.326167029855648 -16.52616702985565
endloop
endfacet
facet normal -1.0 0.0 0.0
outer loop
vertex -31.8 7.751719238845089 -17.38588890423251
vertex -31.8 6.128200443171045 -17.017810299196405
vertex -31.8 7.823287234938375 -17.227934970919645
endloop
endfacet
facet normal -1.0 0.0 -0.0
outer loop
vertex -31.8 6.128200443171045 -17.017810299196405
vertex -31.8 7.905032679971237 -17.075
vertex -31.8 7.823287234938375 -17.227934970919645
endloop
endfacet
facet normal -1.0 0.0 -0.0
outer loop
vertex -31.8 6.227318010201467 -16.754461240830114
vertex -31.8 7.996605527398255 -16.92773888249805
vertex -31.8 7.905032679971237 -17.075
endloop
endfacet
facet normal -1.0 0.0 -0.0
outer loop
vertex -31.8 6.227318010201467 -16.754461240830114
vertex -31.8 8.097613648228226 -16.786782213126887
vertex -31.8 7.996605527398255 -16.92773888249805
endloop
endfacet
facet normal -1.0 0.0 0.0
outer loop
vertex -31.8 6.476090763726913 -16.25
vertex -31.8 6.624680667099055 -16.01104799801571
vertex -31.8 8.58678221312689 -16.297613648228225
endloop
endfacet
facet normal -1.0 0.0 -0.0
outer loop
vertex -31.8 6.3434472114094405 -16.498158632058292
vertex -31.8 8.20762451018071 -16.652733589984816
vertex -31.8 8.097613648228226 -16.786782213126887
endloop
endfacet
facet normal -0.9999999999999999 0.0 0.0
outer loop
vertex -31.8 6.624680667099055 -16.01104799801571
vertex -31.8 6.788580636747689 -15.7823258552625
vertex -31.8 9.027934970919645 -16.023287234938376
endloop
endfacet
facet normal -1.0 0.0 -0.0
outer loop
vertex -31.8 6.3434472114094405 -16.498158632058292
vertex -31.8 8.326167029855648 -16.52616702985565
vertex -31.8 8.20762451018071 -16.652733589984816
endloop
endfacet
facet normal -1.0 0.0 -0.0
outer loop
vertex -31.8 6.476090763726913 -16.25
vertex -31.8 8.452733589984817 -16.40762451018071
vertex -31.8 8.326167029855648 -16.52616702985565
endloop
endfacet
facet normal -1.0 0.0 -0.0
outer loop
vertex -31.8 6.476090763726913 -16.25
vertex -31.8 8.58678221312689 -16.297613648228225
vertex -31.8 8.452733589984817 -16.40762451018071
endloop
endfacet
facet normal -1.0 0.0 -0.0
outer loop
vertex -31.8 6.624680667099055 -16.01104799801571
vertex -31.8 8.727738882498054 -16.196605527398255
vertex -31.8 8.58678221312689 -16.297613648228225
endloop
endfacet
facet normal -0.9999999999999999 0.0 -0.0
outer loop
vertex -31.8 6.624680667099055 -16.01104799801571
vertex -31.8 8.875 -16.105032679971238
vertex -31.8 8.727738882498054 -16.196605527398255
endloop
endfacet
facet normal -0.9999999999999999 0.0 -0.0
outer loop
vertex -31.8 6.624680667099055 -16.01104799801571
vertex -31.8 9.027934970919645 -16.023287234938376
vertex -31.8 8.875 -16.105032679971238
endloop
endfacet
facet normal -1.0 0.0 0.0
outer loop
vertex -31.8 6.788580636747689 -15.7823258552625
vertex -31.8 6.967088827840397 -15.564812995069703
vertex -31.8 9.683010646657259 -15.800919006931437
endloop
endfacet
facet normal -1.0 0.0 -0.0
outer loop
vertex -31.8 6.788580636747689 -15.7823258552625
vertex -31.8 9.185888904232511 -15.951719238845088
vertex -31.8 9.027934970919645 -16.023287234938376
endloop
endfacet
facet normal -1.0 0.0 -0.0
outer loop
vertex -31.8 6.788580636747689 -15.7823258552625
vertex -31.8 9.34818541694662 -15.890635156837968
vertex -31.8 9.185888904232511 -15.951719238845088
endloop
endfacet
facet normal -1.0 0.0 -0.0
outer loop
vertex -31.8 6.788580636747689 -15.7823258552625
vertex -31.8 9.51412953047832 -15.840296560333968
vertex -31.8 9.34818541694662 -15.890635156837968
endloop
endfacet
facet normal -1.0 0.0 -0.0
outer loop
vertex -31.8 6.788580636747689 -15.7823258552625
vertex -31.8 9.683010646657259 -15.800919006931437
vertex -31.8 9.51412953047832 -15.840296560333968
endloop
endfacet
facet normal -0.9999999999999999 0.0 -0.0
outer loop
vertex -31.8 6.967088827840397 -15.564812995069703
vertex -31.8 9.854105590616863 -15.772671117359401
vertex -31.8 9.683010646657259 -15.800919006931437
endloop
endfacet
facet normal -1.0 0.0 -0.0
outer loop
vertex -31.8 6.967088827840397 -15.564812995069703
vertex -31.8 10.02668170754012 -15.755673853417699
vertex -31.8 9.854105590616863 -15.772671117359401
endloop
endfacet
facet normal -1.0 0.0 -0.0
outer loop
vertex -31.8 6.967088827840397 -15.564812995069703
vertex -31.8 10.2 -15.749999999999998
vertex -31.8 10.02668170754012 -15.755673853417699
endloop
endfacet
facet normal -1.0 0.0 0.0
outer loop
vertex -31.8 6.967088827840397 -15.564812995069703
vertex -31.8 7.159440840897846 -15.359440840897845
vertex -31.8 13.432911172159603 -15.564812995069703
endloop
endfacet
facet normal -1.0 -0.0 -0.0
outer loop
vertex -31.8 7.8110479980157095 -21.975319332900945
vertex -31.8 12.349999999999998 -22.123909236273086
vertex -31.8 8.05 -22.123909236273086
endloop
endfacet
facet normal -1.0 -0.0 -0.0
outer loop
vertex -31.8 8.05 -22.123909236273086
vertex -31.8 12.101841367941704 -22.256552788590557
vertex -31.8 8.298158632058295 -22.256552788590557
endloop
endfacet
facet normal -0.9999999999999999 -0.0 -0.0
outer loop
vertex -31.8 8.298158632058295 -22.256552788590557
vertex -31.8 11.845538759169886 -22.37268198979853
vertex -31.8 8.554461240830113 -22.37268198979853
endloop
endfacet
facet normal -1.0 -0.0 -0.0
outer loop
vertex -31.8 7.364812995069704 -21.632911172159602
vertex -31.8 12.817674144737499 -21.81141936325231
vertex -31.8 7.5823258552625 -21.81141936325231
endloop
endfacet
facet normal -1.0 -0.0 -0.0
outer loop
vertex -31.8 7.5823258552625 -21.81141936325231
vertex -31.8 12.588952001984289 -21.975319332900945
vertex -31.8 7.8110479980157095 -21.975319332900945
endloop
endfacet
facet normal -0.9999999999999999 -0.0 -0.0
outer loop
vertex -31.8 8.554461240830113 -22.37268198979853
vertex -31.8 11.582189700803594 -22.47179955682895
vertex -31.8 8.817810299196404 -22.47179955682895
endloop
endfacet
facet normal -0.9999999999999999 -0.0 -0.0
outer loop
vertex -31.8 9.08707810605916 -22.553481053042994
vertex -31.8 11.03888838466935 -22.61737670573389
vertex -31.8 9.361111615330648 -22.61737670573389
endloop
endfacet
facet normal -1.0 -0.0 -0.0
outer loop
vertex -31.8 8.817810299196404 -22.47179955682895
vertex -31.8 11.312921893940839 -22.553481053042994
vertex -31.8 9.08707810605916 -22.553481053042994
endloop
endfacet
facet normal -1.0 -0.0 -0.0
outer loop
vertex -31.8 9.361111615330648 -22.61737670573389
vertex -31.8 10.761262626546221 -22.663212903907382
vertex -31.8 9.638737373453777 -22.663212903907382
endloop
endfacet
facet normal -1.0 -0.0 -0.0
outer loop
vertex -31.8 9.638737373453777 -22.663212903907382
vertex -31.8 10.481233455689614 -22.69079336992599
vertex -31.8 9.918766544310385 -22.69079336992599
endloop
endfacet
facet normal -1.0 0.0 -0.0
outer loop
vertex -31.8 9.918766544310385 -22.69079336992599
vertex -31.8 10.481233455689614 -22.69079336992599
vertex -31.8 10.2 -22.7
endloop
endfacet
facet normal -1.0 0.0 -0.0
outer loop
vertex -31.8 9.638737373453777 -22.663212903907382
vertex -31.8 10.761262626546221 -22.663212903907382
vertex -31.8 10.481233455689614 -22.69079336992599
endloop
endfacet
facet normal -1.0 0.0 -0.0
outer loop
vertex -31.8 9.361111615330648 -22.61737670573389
vertex -31.8 11.03888838466935 -22.61737670573389
vertex -31.8 10.761262626546221 -22.663212903907382
endloop
endfacet
facet normal -1.0 0.0 -0.0
outer loop
vertex -31.8 9.08707810605916 -22.553481053042994
vertex -31.8 11.312921893940839 -22.553481053042994
vertex -31.8 11.03888838466935 -22.61737670573389
endloop
endfacet
facet normal -0.9999999999999999 0.0 -0.0
outer loop
vertex -31.8 8.817810299196404 -22.47179955682895
vertex -31.8 11.582189700803594 -22.47179955682895
vertex -31.8 11.312921893940839 -22.553481053042994
endloop
endfacet
facet normal -1.0 0.0 -0.0
outer loop
vertex -31.8 8.554461240830113 -22.37268198979853
vertex -31.8 11.845538759169886 -22.37268198979853
vertex -31.8 11.582189700803594 -22.47179955682895
endloop
endfacet
facet normal -1.0 0.0 -0.0
outer loop
vertex -31.8 8.298158632058295 -22.256552788590557
vertex -31.8 12.101841367941704 -22.256552788590557
vertex -31.8 11.845538759169886 -22.37268198979853
endloop
endfacet
facet normal -1.0 0.0 -0.0
outer loop
vertex -31.8 8.05 -22.123909236273086
vertex -31.8 12.349999999999998 -22.123909236273086
vertex -31.8 12.101841367941704 -22.256552788590557
endloop
endfacet
facet normal -1.0 0.0 0.0
outer loop
vertex -31.8 6.788580636747689 -21.017674144737498
vertex -31.8 10.2 -21.049999999999997
vertex -31.8 13.432911172159603 -21.235187004930296
endloop
endfacet
facet normal -1.0 0.0 -0.0
outer loop
vertex -31.8 7.8110479980157095 -21.975319332900945
vertex -31.8 12.588952001984289 -21.975319332900945
vertex -31.8 12.349999999999998 -22.123909236273086
endloop
endfacet
facet normal -1.0 0.0 -0.0
outer loop
vertex -31.8 7.5823258552625 -21.81141936325231
vertex -31.8 12.817674144737499 -21.81141936325231
vertex -31.8 12.588952001984289 -21.975319332900945
endloop
endfacet
facet normal -1.0 0.0 -0.0
outer loop
vertex -31.8 7.364812995069704 -21.632911172159602
vertex -31.8 13.035187004930295 -21.632911172159602
vertex -31.8 12.817674144737499 -21.81141936325231
endloop
endfacet
facet normal -1.0 0.0 -0.0
outer loop
vertex -31.8 7.159440840897846 -21.440559159102154
vertex -31.8 13.240559159102153 -21.440559159102154
vertex -31.8 13.035187004930295 -21.632911172159602
endloop
endfacet
facet normal -1.0 0.0 -0.0
outer loop
vertex -31.8 6.967088827840397 -21.235187004930296
vertex -31.8 13.432911172159603 -21.235187004930296
vertex -31.8 13.240559159102153 -21.440559159102154
endloop
endfacet
facet normal -1.0 0.0 0.0
outer loop
vertex -31.8 10.2 -21.049999999999997
vertex -31.8 10.373318292459878 -21.044326146582296
vertex -31.8 13.432911172159603 -21.235187004930296
endloop
endfacet
facet normal -0.9999999999999999 0.0 0.0
outer loop
vertex -31.8 10.373318292459878 -21.044326146582296
vertex -31.8 10.545894409383136 -21.027328882640596
vertex -31.8 13.432911172159603 -21.235187004930296
endloop
endfacet
facet normal -1.0 0.0 0.0
outer loop
vertex -31.8 10.545894409383136 -21.027328882640596
vertex -31.8 10.71698935334274 -20.99908099306856
vertex -31.8 13.432911172159603 -21.235187004930296
endloop
endfacet
facet normal -0.9999999999999999 0.0 0.0
outer loop
vertex -31.8 10.71698935334274 -20.99908099306856
vertex -31.8 10.885870469521679 -20.95970343966603
vertex -31.8 13.61141936325231 -21.017674144737498
endloop
endfacet
facet normal -1.0 0.0 0.0
outer loop
vertex -31.8 10.885870469521679 -20.95970343966603
vertex -31.8 11.051814583053378 -20.909364843162027
vertex -31.8 13.61141936325231 -21.017674144737498
endloop
endfacet
facet normal -1.0 0.0 0.0
outer loop
vertex -31.8 11.051814583053378 -20.909364843162027
vertex -31.8 11.214111095767487 -20.848280761154907
vertex -31.8 13.61141936325231 -21.017674144737498
endloop
endfacet
facet normal -1.0 0.0 0.0
outer loop
vertex -31.8 11.214111095767487 -20.848280761154907
vertex -31.8 11.372065029080353 -20.77671276506162
vertex -31.8 13.61141936325231 -21.017674144737498
endloop
endfacet
facet normal -1.0 0.0 0.0
outer loop
vertex -31.8 11.372065029080353 -20.77671276506162
vertex -31.8 11.524999999999999 -20.69496732002876
vertex -31.8 13.775319332900944 -20.78895200198429
endloop
endfacet
facet normal -1.0 0.0 0.0
outer loop
vertex -31.8 11.524999999999999 -20.69496732002876
vertex -31.8 11.672261117501945 -20.603394472601742
vertex -31.8 13.775319332900944 -20.78895200198429
endloop
endfacet
facet normal -1.0 0.0 0.0
outer loop
vertex -31.8 11.672261117501945 -20.603394472601742
vertex -31.8 11.813217786873109 -20.502386351771772
vertex -31.8 13.775319332900944 -20.78895200198429
endloop
endfacet
facet normal -1.0 0.0 0.0
outer loop
vertex -31.8 7.159440840897846 -15.359440840897845
vertex -31.8 7.364812995069704 -15.167088827840395
vertex -31.8 13.240559159102153 -15.359440840897845
endloop
endfacet
facet normal -1.0 0.0 0.0
outer loop
vertex -31.8 7.364812995069704 -15.167088827840395
vertex -31.8 7.5823258552625 -14.988580636747688
vertex -31.8 13.035187004930295 -15.167088827840395
endloop
endfacet
facet normal -1.0 0.0 0.0
outer loop
vertex -31.8 7.5823258552625 -14.988580636747688
vertex -31.8 7.8110479980157095 -14.824680667099054
vertex -31.8 12.817674144737499 -14.988580636747688
endloop
endfacet
facet normal -1.0 0.0 0.0
outer loop
vertex -31.8 7.8110479980157095 -14.824680667099054
vertex -31.8 8.05 -14.676090763726911
vertex -31.8 12.588952001984289 -14.824680667099054
endloop
endfacet
facet normal -0.9999999999999999 -0.0 -0.0
outer loop
vertex -31.8 6.967088827840397 -15.564812995069703
vertex -31.8 13.61141936325231 -15.7823258552625
vertex -31.8 10.2 -15.749999999999998
endloop
endfacet
facet normal -1.0 0.0 0.0
outer loop
vertex -31.8 8.05 -14.676090763726911
vertex -31.8 8.298158632058295 -14.54344721140944
vertex -31.8 12.349999999999998 -14.676090763726911
endloop
endfacet
facet normal -1.0 0.0 0.0
outer loop
vertex -31.8 8.298158632058295 -14.54344721140944
vertex -31.8 8.554461240830113 -14.427318010201466
vertex -31.8 12.101841367941704 -14.54344721140944
endloop
endfacet
facet normal -1.0 0.0 0.0
outer loop
vertex -31.8 8.554461240830113 -14.427318010201466
vertex -31.8 8.817810299196404 -14.328200443171045
vertex -31.8 11.845538759169886 -14.427318010201466
endloop
endfacet
facet normal -1.0 0.0 0.0
outer loop
vertex -31.8 8.817810299196404 -14.328200443171045
vertex -31.8 9.08707810605916 -14.246518946957005
vertex -31.8 11.582189700803594 -14.328200443171045
endloop
endfacet
facet normal -1.0 0.0 0.0
outer loop
vertex -31.8 9.08707810605916 -14.246518946957005
vertex -31.8 9.361111615330648 -14.182623294266108
vertex -31.8 11.312921893940839 -14.246518946957005
endloop
endfacet
facet normal -1.0 0.0 0.0
outer loop
vertex -31.8 9.361111615330648 -14.182623294266108
vertex -31.8 9.638737373453777 -14.136787096092615
vertex -31.8 11.03888838466935 -14.182623294266108
endloop
endfacet
facet normal -1.0 0.0 0.0
outer loop
vertex -31.8 9.638737373453777 -14.136787096092615
vertex -31.8 9.918766544310385 -14.109206630074004
vertex -31.8 10.761262626546221 -14.136787096092615
endloop
endfacet
facet normal -1.0 0.0 0.0
outer loop
vertex -31.8 9.918766544310385 -14.109206630074004
vertex -31.8 10.2 -14.099999999999998
vertex -31.8 10.481233455689614 -14.109206630074004
endloop
endfacet
facet normal -0.9999999999999999 0.0 0.0
outer loop
vertex -31.8 9.918766544310385 -14.109206630074004
vertex -31.8 10.481233455689614 -14.109206630074004
vertex -31.8 10.761262626546221 -14.136787096092615
endloop
endfacet
facet normal -1.0 0.0 0.0
outer loop
vertex -31.8 9.638737373453777 -14.136787096092615
vertex -31.8 10.761262626546221 -14.136787096092615
vertex -31.8 11.03888838466935 -14.182623294266108
endloop
endfacet
facet normal -1.0 0.0 0.0
outer loop
vertex -31.8 9.361111615330648 -14.182623294266108
vertex -31.8 11.03888838466935 -14.182623294266108
vertex -31.8 11.312921893940839 -14.246518946957005
endloop
endfacet
facet normal -0.9999999999999999 0.0 0.0
outer loop
vertex -31.8 9.08707810605916 -14.246518946957005
vertex -31.8 11.312921893940839 -14.246518946957005
vertex -31.8 11.582189700803594 -14.328200443171045
endloop
endfacet
facet normal -1.0 0.0 0.0
outer loop
vertex -31.8 8.817810299196404 -14.328200443171045
vertex -31.8 11.582189700803594 -14.328200443171045
vertex -31.8 11.845538759169886 -14.427318010201466
endloop
endfacet
facet normal -1.0 0.0 0.0
outer loop
vertex -31.8 8.554461240830113 -14.427318010201466
vertex -31.8 11.845538759169886 -14.427318010201466
vertex -31.8 12.101841367941704 -14.54344721140944
endloop
endfacet
facet normal -1.0 0.0 0.0
outer loop
vertex -31.8 7.159440840897846 -15.359440840897845
vertex -31.8 13.240559159102153 -15.359440840897845
vertex -31.8 13.432911172159603 -15.564812995069703
endloop
endfacet
facet normal -1.0 0.0 0.0
outer loop
vertex -31.8 7.8110479980157095 -14.824680667099054
vertex -31.8 12.588952001984289 -14.824680667099054
vertex -31.8 12.817674144737499 -14.988580636747688
endloop
endfacet
facet normal -0.9999999999999999 0.0 0.0
outer loop
vertex -31.8 8.05 -14.676090763726911
vertex -31.8 12.349999999999998 -14.676090763726911
vertex -31.8 12.588952001984289 -14.824680667099054
endloop
endfacet
facet normal -1.0 0.0 0.0
outer loop
vertex -31.8 7.5823258552625 -14.988580636747688
vertex -31.8 12.817674144737499 -14.988580636747688
vertex -31.8 13.035187004930295 -15.167088827840395
endloop
endfacet
facet normal -1.0 0.0 0.0
outer loop
vertex -31.8 7.364812995069704 -15.167088827840395
vertex -31.8 13.035187004930295 -15.167088827840395
vertex -31.8 13.240559159102153 -15.359440840897845
endloop
endfacet
facet normal -1.0 -0.0 -0.0
outer loop
vertex -31.8 10.2 -15.749999999999998
vertex -31.8 13.61141936325231 -15.7823258552625
vertex -31.8 10.373318292459878 -15.755673853417699
endloop
endfacet
facet normal -1.0 0.0 0.0
outer loop
vertex -31.8 6.967088827840397 -15.564812995069703
vertex -31.8 13.432911172159603 -15.564812995069703
vertex -31.8 13.61141936325231 -15.7823258552625
endloop
endfacet
facet normal -1.0 -0.0 -0.0
outer loop
vertex -31.8 10.373318292459878 -15.755673853417699
vertex -31.8 13.61141936325231 -15.7823258552625
vertex -31.8 10.545894409383136 -15.772671117359401
endloop
endfacet
facet normal -1.0 0.0 -0.0
outer loop
vertex -31.8 10.545894409383136 -15.772671117359401
vertex -31.8 13.61141936325231 -15.7823258552625
vertex -31.8 10.71698935334274 -15.800919006931437
endloop
endfacet
facet normal -0.9999999999999999 0.0 0.0
outer loop
vertex -31.8 11.524999999999999 -16.105032679971238
vertex -31.8 11.372065029080353 -16.023287234938376
vertex -31.8 13.775319332900944 -16.01104799801571
endloop
endfacet
facet normal -1.0 -0.0 -0.0
outer loop
vertex -31.8 11.524999999999999 -16.105032679971238
vertex -31.8 13.923909236273087 -16.25
vertex -31.8 11.672261117501945 -16.196605527398255
endloop
endfacet
facet normal -1.0 0.0 -0.0
outer loop
vertex -31.8 11.672261117501945 -16.196605527398255
vertex -31.8 13.923909236273087 -16.25
vertex -31.8 11.813217786873109 -16.297613648228225
endloop
endfacet
facet normal -0.9999999999999999 0.0 -0.0
outer loop
vertex -31.8 10.71698935334274 -15.800919006931437
vertex -31.8 13.61141936325231 -15.7823258552625
vertex -31.8 10.885870469521679 -15.840296560333968
endloop
endfacet
facet normal -1.0 0.0 -0.0
outer loop
vertex -31.8 10.885870469521679 -15.840296560333968
vertex -31.8 13.61141936325231 -15.7823258552625
vertex -31.8 11.051814583053378 -15.890635156837968
endloop
endfacet
facet normal -1.0 -0.0 -0.0
outer loop
vertex -31.8 11.051814583053378 -15.890635156837968
vertex -31.8 13.775319332900944 -16.01104799801571
vertex -31.8 11.214111095767487 -15.951719238845088
endloop
endfacet
facet normal -0.9999999999999999 0.0 -0.0
outer loop
vertex -31.8 11.214111095767487 -15.951719238845088
vertex -31.8 13.775319332900944 -16.01104799801571
vertex -31.8 11.372065029080353 -16.023287234938376
endloop
endfacet
facet normal -1.0 0.0 0.0
outer loop
vertex -31.8 8.298158632058295 -14.54344721140944
vertex -31.8 12.101841367941704 -14.54344721140944
vertex -31.8 12.349999999999998 -14.676090763726911
endloop
endfacet
facet normal -1.0 0.0 -0.0
outer loop
vertex -31.8 10.71698935334274 -20.99908099306856
vertex -31.8 13.61141936325231 -21.017674144737498
vertex -31.8 13.432911172159603 -21.235187004930296
endloop
endfacet
facet normal -0.9999999999999999 0.0 -0.0
outer loop
vertex -31.8 11.372065029080353 -20.77671276506162
vertex -31.8 13.775319332900944 -20.78895200198429
vertex -31.8 13.61141936325231 -21.017674144737498
endloop
endfacet
facet normal -1.0 0.0 0.0
outer loop
vertex -31.8 11.813217786873109 -20.502386351771772
vertex -31.8 11.947266410015182 -20.392375489819287
vertex -31.8 13.923909236273087 -20.549999999999997
endloop
endfacet
facet normal -1.0 0.0 0.0
outer loop
vertex -31.8 11.947266410015182 -20.392375489819287
vertex -31.8 12.07383297014435 -20.273832970144348
vertex -31.8 13.923909236273087 -20.549999999999997
endloop
endfacet
facet normal -1.0 0.0 0.0
outer loop
vertex -31.8 12.07383297014435 -20.273832970144348
vertex -31.8 12.19237548981929 -20.14726641001518
vertex -31.8 14.056552788590558 -20.301841367941705
endloop
endfacet
facet normal -1.0 0.0 0.0
outer loop
vertex -31.8 12.19237548981929 -20.14726641001518
vertex -31.8 12.302386351771773 -20.01321778687311
vertex -31.8 14.056552788590558 -20.301841367941705
endloop
endfacet
facet normal -1.0 0.0 -0.0
outer loop
vertex -31.8 11.813217786873109 -20.502386351771772
vertex -31.8 13.923909236273087 -20.549999999999997
vertex -31.8 13.775319332900944 -20.78895200198429
endloop
endfacet
facet normal -1.0 0.0 -0.0
outer loop
vertex -31.8 12.07383297014435 -20.273832970144348
vertex -31.8 14.056552788590558 -20.301841367941705
vertex -31.8 13.923909236273087 -20.549999999999997
endloop
endfacet
facet normal -1.0 0.0 -0.0
outer loop
vertex -31.8 12.302386351771773 -20.01321778687311
vertex -31.8 14.172681989798532 -20.045538759169883
vertex -31.8 14.056552788590558 -20.301841367941705
endloop
endfacet
facet normal -1.0 0.0 0.0
outer loop
vertex -31.8 12.302386351771773 -20.01321778687311
vertex -31.8 12.403394472601743 -19.872261117501946
vertex -31.8 14.172681989798532 -20.045538759169883
endloop
endfacet
facet normal -1.0 0.0 0.0
outer loop
vertex -31.8 12.403394472601743 -19.872261117501946
vertex -31.8 12.494967320028762 -19.724999999999998
vertex -31.8 14.172681989798532 -20.045538759169883
endloop
endfacet
facet normal -1.0 0.0 0.0
outer loop
vertex -31.8 12.494967320028762 -19.724999999999998
vertex -31.8 12.576712765061624 -19.572065029080353
vertex -31.8 14.271799556828952 -19.782189700803592
endloop
endfacet
facet normal -1.0 0.0 0.0
outer loop
vertex -31.8 12.576712765061624 -19.572065029080353
vertex -31.8 12.64828076115491 -19.41411109576749
vertex -31.8 14.271799556828952 -19.782189700803592
endloop
endfacet
facet normal -1.0 0.0 0.0
outer loop
vertex -31.8 12.64828076115491 -19.41411109576749
vertex -31.8 12.70936484316203 -19.251814583053378
vertex -31.8 14.353481053042993 -19.512921893940838
endloop
endfacet
facet normal -1.0 0.0 0.0
outer loop
vertex -31.8 12.70936484316203 -19.251814583053378
vertex -31.8 12.75970343966603 -19.08587046952168
vertex -31.8 14.353481053042993 -19.512921893940838
endloop
endfacet
facet normal -0.9999999999999999 0.0 0.0
outer loop
vertex -31.8 12.75970343966603 -19.08587046952168
vertex -31.8 12.79908099306856 -18.91698935334274
vertex -31.8 14.41737670573389 -19.23888838466935
endloop
endfacet
facet normal -1.0 0.0 0.0
outer loop
vertex -31.8 12.79908099306856 -17.883010646657258
vertex -31.8 12.75970343966603 -17.714129530478317
vertex -31.8 14.463212903907383 -17.838737373453778
endloop
endfacet
facet normal -1.0 0.0 -0.0
outer loop
vertex -31.8 12.70936484316203 -17.54818541694662
vertex -31.8 14.41737670573389 -17.561111615330645
vertex -31.8 12.75970343966603 -17.714129530478317
endloop
endfacet
facet normal -1.0 0.0 0.0
outer loop
vertex -31.8 12.70936484316203 -17.54818541694662
vertex -31.8 12.64828076115491 -17.38588890423251
vertex -31.8 14.41737670573389 -17.561111615330645
endloop
endfacet
facet normal -1.0 0.0 -0.0
outer loop
vertex -31.8 12.494967320028762 -19.724999999999998
vertex -31.8 14.271799556828952 -19.782189700803592
vertex -31.8 14.172681989798532 -20.045538759169883
endloop
endfacet
facet normal -1.0 0.0 -0.0
outer loop
vertex -31.8 12.64828076115491 -19.41411109576749
vertex -31.8 14.353481053042993 -19.512921893940838
vertex -31.8 14.271799556828952 -19.782189700803592
endloop
endfacet
facet normal -1.0 0.0 0.0
outer loop
vertex -31.8 12.79908099306856 -18.91698935334274
vertex -31.8 12.827328882640597 -18.745894409383133
vertex -31.8 14.463212903907383 -18.96126262654622
endloop
endfacet
facet normal -0.9999999999999999 0.0 0.0
outer loop
vertex -31.8 12.827328882640597 -18.745894409383133
vertex -31.8 12.844326146582299 -18.573318292459877
vertex -31.8 14.463212903907383 -18.96126262654622
endloop
endfacet
facet normal -1.0 0.0 -0.0
outer loop
vertex -31.8 12.75970343966603 -19.08587046952168
vertex -31.8 14.41737670573389 -19.23888838466935
vertex -31.8 14.353481053042993 -19.512921893940838
endloop
endfacet
facet normal -1.0 0.0 -0.0
outer loop
vertex -31.8 12.79908099306856 -18.91698935334274
vertex -31.8 14.463212903907383 -18.96126262654622
vertex -31.8 14.41737670573389 -19.23888838466935
endloop
endfacet
facet normal -1.0 0.0 -0.0
outer loop
vertex -31.8 12.844326146582299 -18.573318292459877
vertex -31.8 14.490793369925994 -18.681233455689615
vertex -31.8 14.463212903907383 -18.96126262654622
endloop
endfacet
facet normal -1.0 0.0 0.0
outer loop
vertex -31.8 12.844326146582299 -18.573318292459877
vertex -31.8 12.85 -18.4
vertex -31.8 14.490793369925994 -18.681233455689615
endloop
endfacet
facet normal -1.0 0.0 0.0
outer loop
vertex -31.8 12.85 -18.4
vertex -31.8 12.844326146582299 -18.22668170754012
vertex -31.8 14.5 -18.4
endloop
endfacet
facet normal -1.0 0.0 -0.0
outer loop
vertex -31.8 12.827328882640597 -18.054105590616864
vertex -31.8 14.490793369925994 -18.118766544310382
vertex -31.8 12.844326146582299 -18.22668170754012
endloop
endfacet
facet normal -1.0 0.0 0.0
outer loop
vertex -31.8 12.827328882640597 -18.054105590616864
vertex -31.8 12.79908099306856 -17.883010646657258
vertex -31.8 14.463212903907383 -17.838737373453778
endloop
endfacet
facet normal -1.0 0.0 -0.0
outer loop
vertex -31.8 12.85 -18.4
vertex -31.8 14.5 -18.4
vertex -31.8 14.490793369925994 -18.681233455689615
endloop
endfacet
facet normal -0.9999999999999999 0.0 0.0
outer loop
vertex -31.8 12.844326146582299 -18.22668170754012
vertex -31.8 14.490793369925994 -18.118766544310382
vertex -31.8 14.5 -18.4
endloop
endfacet
facet normal -0.9999999999999999 0.0 0.0
outer loop
vertex -31.8 12.827328882640597 -18.054105590616864
vertex -31.8 14.463212903907383 -17.838737373453778
vertex -31.8 14.490793369925994 -18.118766544310382
endloop
endfacet
facet normal -0.9999999999999999 0.0 0.0
outer loop
vertex -31.8 12.75970343966603 -17.714129530478317
vertex -31.8 14.41737670573389 -17.561111615330645
vertex -31.8 14.463212903907383 -17.838737373453778
endloop
endfacet
facet normal -0.9999999999999999 0.0 0.0
outer loop
vertex -31.8 12.64828076115491 -17.38588890423251
vertex -31.8 14.353481053042993 -17.28707810605916
vertex -31.8 14.41737670573389 -17.561111615330645
endloop
endfacet
facet normal -1.0 0.0 0.0
outer loop
vertex -31.8 12.302386351771773 -16.786782213126887
vertex -31.8 12.19237548981929 -16.652733589984816
vertex -31.8 14.172681989798532 -16.754461240830114
endloop
endfacet
facet normal -0.9999999999999999 0.0 -0.0
outer loop
vertex -31.8 11.947266410015182 -16.40762451018071
vertex -31.8 14.056552788590558 -16.498158632058292
vertex -31.8 12.07383297014435 -16.52616702985565
endloop
endfacet
facet normal -0.9999999999999999 0.0 -0.0
outer loop
vertex -31.8 11.813217786873109 -16.297613648228225
vertex -31.8 13.923909236273087 -16.25
vertex -31.8 11.947266410015182 -16.40762451018071
endloop
endfacet
facet normal -1.0 0.0 -0.0
outer loop
vertex -31.8 12.07383297014435 -16.52616702985565
vertex -31.8 14.056552788590558 -16.498158632058292
vertex -31.8 12.19237548981929 -16.652733589984816
endloop
endfacet
facet normal -1.0 0.0 -0.0
outer loop
vertex -31.8 12.494967320028762 -17.075
vertex -31.8 14.271799556828952 -17.017810299196405
vertex -31.8 12.576712765061624 -17.227934970919645
endloop
endfacet
facet normal -1.0 0.0 -0.0
outer loop
vertex -31.8 12.302386351771773 -16.786782213126887
vertex -31.8 14.172681989798532 -16.754461240830114
vertex -31.8 12.403394472601743 -16.92773888249805
endloop
endfacet
facet normal -1.0 0.0 0.0
outer loop
vertex -31.8 12.494967320028762 -17.075
vertex -31.8 12.403394472601743 -16.92773888249805
vertex -31.8 14.271799556828952 -17.017810299196405
endloop
endfacet
facet normal -1.0 0.0 0.0
outer loop
vertex -31.8 12.64828076115491 -17.38588890423251
vertex -31.8 12.576712765061624 -17.227934970919645
vertex -31.8 14.353481053042993 -17.28707810605916
endloop
endfacet
facet normal -1.0 0.0 0.0
outer loop
vertex -31.8 11.524999999999999 -16.105032679971238
vertex -31.8 13.775319332900944 -16.01104799801571
vertex -31.8 13.923909236273087 -16.25
endloop
endfacet
facet normal -1.0 0.0 0.0
outer loop
vertex -31.8 11.947266410015182 -16.40762451018071
vertex -31.8 13.923909236273087 -16.25
vertex -31.8 14.056552788590558 -16.498158632058292
endloop
endfacet
facet normal -1.0 0.0 0.0
outer loop
vertex -31.8 11.051814583053378 -15.890635156837968
vertex -31.8 13.61141936325231 -15.7823258552625
vertex -31.8 13.775319332900944 -16.01104799801571
endloop
endfacet
facet normal -1.0 0.0 0.0
outer loop
vertex -31.8 12.576712765061624 -17.227934970919645
vertex -31.8 14.271799556828952 -17.017810299196405
vertex -31.8 14.353481053042993 -17.28707810605916
endloop
endfacet
facet normal -1.0 0.0 0.0
outer loop
vertex -31.8 12.403394472601743 -16.92773888249805
vertex -31.8 14.172681989798532 -16.754461240830114
vertex -31.8 14.271799556828952 -17.017810299196405
endloop
endfacet
facet normal -1.0 0.0 0.0
outer loop
vertex -31.8 12.19237548981929 -16.652733589984816
vertex -31.8 14.056552788590558 -16.498158632058292
vertex -31.8 14.172681989798532 -16.754461240830114
endloop
endfacet
facet normal 0.0 -0.9108638249211768 -0.41270702980439244
outer loop
vertex -31.8 6.227318010201467 -20.045538759169883
vertex -31.8 6.3434472114094405 -20.301841367941705
vertex -24.2 6.227318010201467 -20.045538759169883
endloop
endfacet
facet normal 0.0 -0.8128466845916145 -0.5824776968678033
outer loop
vertex -31.8 6.624680667099055 -20.78895200198429
vertex -31.8 6.788580636747689 -21.017674144737498
vertex -24.2 6.624680667099055 -20.78895200198429
endloop
endfacet
facet normal -0.0 -0.8819212643483546 -0.4713967368259984
outer loop
vertex -31.8 6.476090763726913 -20.549999999999997
vertex -24.2 6.3434472114094405 -20.301841367941705
vertex -31.8 6.3434472114094405 -20.301841367941705
endloop
endfacet
facet normal -0.0 -0.8492021815265802 -0.5280678506503659
outer loop
vertex -31.8 6.624680667099055 -20.78895200198429
vertex -24.2 6.476090763726913 -20.549999999999997
vertex -31.8 6.476090763726913 -20.549999999999997
endloop
endfacet
facet normal 0.0 -0.6835923020228709 -0.729864072697836
outer loop
vertex -31.8 7.159440840897846 -21.440559159102154
vertex -31.8 7.364812995069704 -21.632911172159602
vertex -24.2 7.159440840897846 -21.440559159102154
endloop
endfacet
facet normal 0.0 -0.6343932841636443 -0.773010453362738
outer loop
vertex -31.8 7.364812995069704 -21.632911172159602
vertex -31.8 7.5823258552625 -21.81141936325231
vertex -24.2 7.364812995069704 -21.632911172159602
endloop
endfacet
facet normal 0.0 -0.773010453362739 -0.634393284163643
outer loop
vertex -31.8 6.788580636747689 -21.017674144737498
vertex -31.8 6.967088827840397 -21.235187004930296
vertex -24.2 6.788580636747689 -21.017674144737498
endloop
endfacet
facet normal -0.0 -0.7298640726978345 -0.6835923020228726
outer loop
vertex -31.8 7.159440840897846 -21.440559159102154
vertex -24.2 6.967088827840397 -21.235187004930296
vertex -31.8 6.967088827840397 -21.235187004930296
endloop
endfacet
facet normal 0.0 -0.9569403357322084 -0.29028467725446433
outer loop
vertex -31.8 6.046518946957006 -19.512921893940838
vertex -31.8 6.128200443171045 -19.782189700803592
vertex -24.2 6.046518946957006 -19.512921893940838
endloop
endfacet
facet normal -0.0 -0.9359059267573256 -0.3522500479212338
outer loop
vertex -31.8 6.227318010201467 -20.045538759169883
vertex -24.2 6.128200443171045 -19.782189700803592
vertex -31.8 6.128200443171045 -19.782189700803592
endloop
endfacet
facet normal -0.0 -0.9866433320848792 -0.16289547339458776
outer loop
vertex -31.8 5.982623294266109 -19.23888838466935
vertex -24.2 5.936787096092615 -18.96126262654622
vertex -31.8 5.936787096092615 -18.96126262654622
endloop
endfacet
facet normal -0.0 -0.9738769792773333 -0.22707626303437436
outer loop
vertex -31.8 6.046518946957006 -19.512921893940838
vertex -24.2 5.982623294266109 -19.23888838466935
vertex -31.8 5.982623294266109 -19.23888838466935
endloop
endfacet
facet normal -0.0 -0.9951847266721969 -0.09801714032955984
outer loop
vertex -31.8 5.936787096092615 -18.96126262654622
vertex -24.2 5.909206630074005 -18.681233455689615
vertex -31.8 5.909206630074005 -18.681233455689615
endloop
endfacet
facet normal -0.0 -0.9994645874763656 -0.03271908282177717
outer loop
vertex -31.8 5.909206630074005 -18.681233455689615
vertex -24.2 5.8999999999999995 -18.4
vertex -31.8 5.8999999999999995 -18.4
endloop
endfacet
facet normal 0.0 -0.9994645874763656 0.03271908282177717
outer loop
vertex -31.8 5.8999999999999995 -18.4
vertex -24.2 5.909206630074005 -18.118766544310382
vertex -31.8 5.909206630074005 -18.118766544310382
endloop
endfacet
facet normal 0.0 -0.9951847266721969 0.09801714032955984
outer loop
vertex -31.8 5.909206630074005 -18.118766544310382
vertex -24.2 5.936787096092615 -17.838737373453778
vertex -31.8 5.936787096092615 -17.838737373453778
endloop
endfacet
facet normal 0.0 -0.9866433320848792 0.16289547339458776
outer loop
vertex -31.8 5.936787096092615 -17.838737373453778
vertex -24.2 5.982623294266109 -17.561111615330645
vertex -31.8 5.982623294266109 -17.561111615330645
endloop
endfacet
facet normal 0.0 -0.9738769792773333 0.22707626303437436
outer loop
vertex -31.8 5.982623294266109 -17.561111615330645
vertex -24.2 6.046518946957006 -17.28707810605916
vertex -31.8 6.046518946957006 -17.28707810605916
endloop
endfacet
facet normal 0.0 -0.5824776968678074 -0.8128466845916114
outer loop
vertex -31.8 7.5823258552625 -21.81141936325231
vertex -31.8 7.8110479980157095 -21.975319332900945
vertex -24.2 7.5823258552625 -21.81141936325231
endloop
endfacet
facet normal 0.0 -0.5280678506503635 -0.8492021815265817
outer loop
vertex -31.8 7.8110479980157095 -21.975319332900945
vertex -31.8 8.05 -22.123909236273086
vertex -24.2 7.8110479980157095 -21.975319332900945
endloop
endfacet
facet normal 0.0 -0.47139673682599326 -0.8819212643483573
outer loop
vertex -31.8 8.05 -22.123909236273086
vertex -31.8 8.298158632058295 -22.256552788590557
vertex -24.2 8.05 -22.123909236273086
endloop
endfacet
facet normal 0.0 -0.4127070298043921 -0.9108638249211771
outer loop
vertex -31.8 8.298158632058295 -22.256552788590557
vertex -31.8 8.554461240830113 -22.37268198979853
vertex -24.2 8.298158632058295 -22.256552788590557
endloop
endfacet
facet normal 0.0 -0.3522500479212366 -0.9359059267573245
outer loop
vertex -31.8 8.554461240830113 -22.37268198979853
vertex -31.8 8.817810299196404 -22.47179955682895
vertex -24.2 8.554461240830113 -22.37268198979853
endloop
endfacet
facet normal 0.0 -0.2902846772544712 -0.9569403357322063
outer loop
vertex -31.8 8.817810299196404 -22.47179955682895
vertex -31.8 9.08707810605916 -22.553481053042994
vertex -24.2 8.817810299196404 -22.47179955682895
endloop
endfacet
facet normal 0.0 -0.22707626303436698 -0.9738769792773351
outer loop
vertex -31.8 9.08707810605916 -22.553481053042994
vertex -31.8 9.361111615330648 -22.61737670573389
vertex -24.2 9.08707810605916 -22.553481053042994
endloop
endfacet
facet normal 0.0 -0.9569403357322084 0.29028467725446433
outer loop
vertex -31.8 6.046518946957006 -17.28707810605916
vertex -24.2 6.128200443171045 -17.017810299196405
vertex -31.8 6.128200443171045 -17.017810299196405
endloop
endfacet
facet normal 0.0 -0.9359059267573256 0.3522500479212338
outer loop
vertex -31.8 6.128200443171045 -17.017810299196405
vertex -24.2 6.227318010201467 -16.754461240830114
vertex -31.8 6.227318010201467 -16.754461240830114
endloop
endfacet
facet normal 0.0 -0.9108638249211768 0.41270702980439244
outer loop
vertex -31.8 6.227318010201467 -16.754461240830114
vertex -24.2 6.3434472114094405 -16.498158632058292
vertex -31.8 6.3434472114094405 -16.498158632058292
endloop
endfacet
facet normal 0.0 -0.8819212643483546 0.4713967368259984
outer loop
vertex -31.8 6.3434472114094405 -16.498158632058292
vertex -24.2 6.476090763726913 -16.25
vertex -31.8 6.476090763726913 -16.25
endloop
endfacet
facet normal 0.0 -0.8492021815265802 0.5280678506503659
outer loop
vertex -31.8 6.476090763726913 -16.25
vertex -24.2 6.624680667099055 -16.01104799801571
vertex -31.8 6.624680667099055 -16.01104799801571
endloop
endfacet
facet normal 0.0 -0.8128466845916145 0.5824776968678033
outer loop
vertex -31.8 6.624680667099055 -16.01104799801571
vertex -24.2 6.788580636747689 -15.7823258552625
vertex -31.8 6.788580636747689 -15.7823258552625
endloop
endfacet
facet normal 0.0 -0.7730104533627365 0.6343932841636462
outer loop
vertex -31.8 6.788580636747689 -15.7823258552625
vertex -24.2 6.967088827840397 -15.564812995069703
vertex -31.8 6.967088827840397 -15.564812995069703
endloop
endfacet
facet normal 0.0 -0.7298640726978345 0.6835923020228726
outer loop
vertex -31.8 6.967088827840397 -15.564812995069703
vertex -24.2 7.159440840897846 -15.359440840897845
vertex -31.8 7.159440840897846 -15.359440840897845
endloop
endfacet
facet normal 0.0 -0.6835923020228742 0.7298640726978328
outer loop
vertex -31.8 7.159440840897846 -15.359440840897845
vertex -24.2 7.364812995069704 -15.167088827840395
vertex -31.8 7.364812995069704 -15.167088827840395
endloop
endfacet
facet normal 0.0 -0.6343932841636443 0.773010453362738
outer loop
vertex -31.8 7.364812995069704 -15.167088827840395
vertex -24.2 7.5823258552625 -14.988580636747688
vertex -31.8 7.5823258552625 -14.988580636747688
endloop
endfacet
facet normal 0.0 -0.5824776968678033 0.8128466845916145
outer loop
vertex -31.8 7.5823258552625 -14.988580636747688
vertex -24.2 7.8110479980157095 -14.824680667099054
vertex -31.8 7.8110479980157095 -14.824680667099054
endloop
endfacet
facet normal 0.0 -0.5280678506503681 0.8492021815265789
outer loop
vertex -31.8 7.8110479980157095 -14.824680667099054
vertex -24.2 8.05 -14.676090763726911
vertex -31.8 8.05 -14.676090763726911
endloop
endfacet
facet normal 0.0 -0.47139673682599326 0.8819212643483573
outer loop
vertex -31.8 8.05 -14.676090763726911
vertex -24.2 8.298158632058295 -14.54344721140944
vertex -31.8 8.298158632058295 -14.54344721140944
endloop
endfacet
facet normal 0.0 -0.4127070298043973 0.9108638249211747
outer loop
vertex -31.8 8.298158632058295 -14.54344721140944
vertex -24.2 8.554461240830113 -14.427318010201466
vertex -31.8 8.554461240830113 -14.427318010201466
endloop
endfacet
facet normal 0.0 -0.3522500479212311 0.9359059267573266
outer loop
vertex -31.8 8.554461240830113 -14.427318010201466
vertex -24.2 8.817810299196404 -14.328200443171045
vertex -31.8 8.817810299196404 -14.328200443171045
endloop
endfacet
facet normal 0.0 -0.2902846772544654 0.9569403357322078
outer loop
vertex -31.8 8.817810299196404 -14.328200443171045
vertex -24.2 9.08707810605916 -14.246518946957005
vertex -31.8 9.08707810605916 -14.246518946957005
endloop
endfacet
facet normal 0.0 -0.16289547339458668 -0.9866433320848793
outer loop
vertex -31.8 9.361111615330648 -22.61737670573389
vertex -31.8 9.638737373453777 -22.663212903907382
vertex -24.2 9.361111615330648 -22.61737670573389
endloop
endfacet
facet normal 0.0 -0.0980171403295555 -0.9951847266721974
outer loop
vertex -31.8 9.638737373453777 -22.663212903907382
vertex -31.8 9.918766544310385 -22.69079336992599
vertex -24.2 9.638737373453777 -22.663212903907382
endloop
endfacet
facet normal 0.0 -0.032719082821786837 -0.9994645874763654
outer loop
vertex -31.8 9.918766544310385 -22.69079336992599
vertex -31.8 10.2 -22.7
vertex -24.2 9.918766544310385 -22.69079336992599
endloop
endfacet
facet normal 0.0 -0.227076263034373 0.9738769792773336
outer loop
vertex -31.8 9.08707810605916 -14.246518946957005
vertex -24.2 9.361111615330648 -14.182623294266108
vertex -31.8 9.361111615330648 -14.182623294266108
endloop
endfacet
facet normal 0.0 -0.16289547339458668 0.9866433320848793
outer loop
vertex -31.8 9.361111615330648 -14.182623294266108
vertex -24.2 9.638737373453777 -14.136787096092615
vertex -31.8 9.638737373453777 -14.136787096092615
endloop
endfacet
facet normal 0.0 -0.09801714032956174 0.9951847266721968
outer loop
vertex -31.8 9.638737373453777 -14.136787096092615
vertex -24.2 9.918766544310385 -14.109206630074004
vertex -31.8 9.918766544310385 -14.109206630074004
endloop
endfacet
facet normal 0.0 -0.03271908282178053 0.9994645874763656
outer loop
vertex -31.8 9.918766544310385 -14.109206630074004
vertex -24.2 10.2 -14.099999999999998
vertex -31.8 10.2 -14.099999999999998
endloop
endfacet
facet normal 0.0 -0.9108638249211768 -0.41270702980439244
outer loop
vertex -31.8 6.3434472114094405 -20.301841367941705
vertex -24.2 6.3434472114094405 -20.301841367941705
vertex -24.2 6.227318010201467 -20.045538759169883
endloop
endfacet
facet normal 0.0 -0.8492021815265802 -0.5280678506503659
outer loop
vertex -31.8 6.624680667099055 -20.78895200198429
vertex -24.2 6.624680667099055 -20.78895200198429
vertex -24.2 6.476090763726913 -20.549999999999997
endloop
endfacet
facet normal 0.0 -0.8819212643483546 -0.4713967368259984
outer loop
vertex -31.8 6.476090763726913 -20.549999999999997
vertex -24.2 6.476090763726913 -20.549999999999997
vertex -24.2 6.3434472114094405 -20.301841367941705
endloop
endfacet
facet normal 0.0 -0.7298640726978345 -0.6835923020228726
outer loop
vertex -31.8 7.159440840897846 -21.440559159102154
vertex -24.2 7.159440840897846 -21.440559159102154
vertex -24.2 6.967088827840397 -21.235187004930296
endloop
endfacet
facet normal 0.0 -0.6835923020228709 -0.729864072697836
outer loop
vertex -31.8 7.364812995069704 -21.632911172159602
vertex -24.2 7.364812995069704 -21.632911172159602
vertex -24.2 7.159440840897846 -21.440559159102154
endloop
endfacet
facet normal 0.0 -0.6343932841636443 -0.773010453362738
outer loop
vertex -31.8 7.5823258552625 -21.81141936325231
vertex -24.2 7.5823258552625 -21.81141936325231
vertex -24.2 7.364812995069704 -21.632911172159602
endloop
endfacet
facet normal 0.0 -0.773010453362739 -0.634393284163643
outer loop
vertex -31.8 6.967088827840397 -21.235187004930296
vertex -24.2 6.967088827840397 -21.235187004930296
vertex -24.2 6.788580636747689 -21.017674144737498
endloop
endfacet
facet normal 0.0 -0.8128466845916145 -0.5824776968678033
outer loop
vertex -31.8 6.788580636747689 -21.017674144737498
vertex -24.2 6.788580636747689 -21.017674144737498
vertex -24.2 6.624680667099055 -20.78895200198429
endloop
endfacet
facet normal 0.0 -0.9569403357322084 -0.29028467725446433
outer loop
vertex -31.8 6.128200443171045 -19.782189700803592
vertex -24.2 6.128200443171045 -19.782189700803592
vertex -24.2 6.046518946957006 -19.512921893940838
endloop
endfacet
facet normal 0.0 -0.9738769792773333 -0.22707626303437436
outer loop
vertex -31.8 6.046518946957006 -19.512921893940838
vertex -24.2 6.046518946957006 -19.512921893940838
vertex -24.2 5.982623294266109 -19.23888838466935
endloop
endfacet
facet normal 0.0 -0.9359059267573256 -0.3522500479212338
outer loop
vertex -31.8 6.227318010201467 -20.045538759169883
vertex -24.2 6.227318010201467 -20.045538759169883
vertex -24.2 6.128200443171045 -19.782189700803592
endloop
endfacet
facet normal 0.0 -0.9866433320848792 -0.16289547339458776
outer loop
vertex -31.8 5.982623294266109 -19.23888838466935
vertex -24.2 5.982623294266109 -19.23888838466935
vertex -24.2 5.936787096092615 -18.96126262654622
endloop
endfacet
facet normal 0.0 -0.9951847266721969 -0.09801714032955984
outer loop
vertex -31.8 5.936787096092615 -18.96126262654622
vertex -24.2 5.936787096092615 -18.96126262654622
vertex -24.2 5.909206630074005 -18.681233455689615
endloop
endfacet
facet normal 0.0 -0.9994645874763656 -0.03271908282177717
outer loop
vertex -31.8 5.909206630074005 -18.681233455689615
vertex -24.2 5.909206630074005 -18.681233455689615
vertex -24.2 5.8999999999999995 -18.4
endloop
endfacet
facet normal 0.0 -0.9994645874763656 0.03271908282177717
outer loop
vertex -31.8 5.8999999999999995 -18.4
vertex -24.2 5.8999999999999995 -18.4
vertex -24.2 5.909206630074005 -18.118766544310382
endloop
endfacet
facet normal 0.0 -0.9951847266721969 0.09801714032955984
outer loop
vertex -31.8 5.909206630074005 -18.118766544310382
vertex -24.2 5.909206630074005 -18.118766544310382
vertex -24.2 5.936787096092615 -17.838737373453778
endloop
endfacet
facet normal 0.0 -0.9866433320848792 0.16289547339458776
outer loop
vertex -31.8 5.936787096092615 -17.838737373453778
vertex -24.2 5.936787096092615 -17.838737373453778
vertex -24.2 5.982623294266109 -17.561111615330645
endloop
endfacet
facet normal 0.0 -0.9738769792773333 0.22707626303437436
outer loop
vertex -31.8 5.982623294266109 -17.561111615330645
vertex -24.2 5.982623294266109 -17.561111615330645
vertex -24.2 6.046518946957006 -17.28707810605916
endloop
endfacet
facet normal 0.0 -0.5824776968678074 -0.8128466845916114
outer loop
vertex -31.8 7.8110479980157095 -21.975319332900945
vertex -24.2 7.8110479980157095 -21.975319332900945
vertex -24.2 7.5823258552625 -21.81141936325231
endloop
endfacet
facet normal 0.0 -0.5280678506503635 -0.8492021815265817
outer loop
vertex -31.8 8.05 -22.123909236273086
vertex -24.2 8.05 -22.123909236273086
vertex -24.2 7.8110479980157095 -21.975319332900945
endloop
endfacet
facet normal 0.0 -0.47139673682599326 -0.8819212643483573
outer loop
vertex -31.8 8.298158632058295 -22.256552788590557
vertex -24.2 8.298158632058295 -22.256552788590557
vertex -24.2 8.05 -22.123909236273086
endloop
endfacet
facet normal 0.0 -0.4127070298043921 -0.9108638249211771
outer loop
vertex -31.8 8.554461240830113 -22.37268198979853
vertex -24.2 8.554461240830113 -22.37268198979853
vertex -24.2 8.298158632058295 -22.256552788590557
endloop
endfacet
facet normal 0.0 -0.3522500479212366 -0.9359059267573245
outer loop
vertex -31.8 8.817810299196404 -22.47179955682895
vertex -24.2 8.817810299196404 -22.47179955682895
vertex -24.2 8.554461240830113 -22.37268198979853
endloop
endfacet
facet normal 0.0 -0.2902846772544712 -0.9569403357322063
outer loop
vertex -31.8 9.08707810605916 -22.553481053042994
vertex -24.2 9.08707810605916 -22.553481053042994
vertex -24.2 8.817810299196404 -22.47179955682895
endloop
endfacet
facet normal 0.0 -0.9569403357322084 0.29028467725446433
outer loop
vertex -31.8 6.046518946957006 -17.28707810605916
vertex -24.2 6.046518946957006 -17.28707810605916
vertex -24.2 6.128200443171045 -17.017810299196405
endloop
endfacet
facet normal 0.0 -0.9359059267573256 0.3522500479212338
outer loop
vertex -31.8 6.128200443171045 -17.017810299196405
vertex -24.2 6.128200443171045 -17.017810299196405
vertex -24.2 6.227318010201467 -16.754461240830114
endloop
endfacet
facet normal 0.0 -0.9108638249211768 0.41270702980439244
outer loop
vertex -31.8 6.227318010201467 -16.754461240830114
vertex -24.2 6.227318010201467 -16.754461240830114
vertex -24.2 6.3434472114094405 -16.498158632058292
endloop
endfacet
facet normal 0.0 -0.8819212643483546 0.4713967368259984
outer loop
vertex -31.8 6.3434472114094405 -16.498158632058292
vertex -24.2 6.3434472114094405 -16.498158632058292
vertex -24.2 6.476090763726913 -16.25
endloop
endfacet
facet normal 0.0 -0.8492021815265802 0.5280678506503659
outer loop
vertex -31.8 6.476090763726913 -16.25
vertex -24.2 6.476090763726913 -16.25
vertex -24.2 6.624680667099055 -16.01104799801571
endloop
endfacet
facet normal 0.0 -0.8128466845916145 0.5824776968678033
outer loop
vertex -31.8 6.624680667099055 -16.01104799801571
vertex -24.2 6.624680667099055 -16.01104799801571
vertex -24.2 6.788580636747689 -15.7823258552625
endloop
endfacet
facet normal 0.0 -0.7730104533627365 0.6343932841636462
outer loop
vertex -31.8 6.788580636747689 -15.7823258552625
vertex -24.2 6.788580636747689 -15.7823258552625
vertex -24.2 6.967088827840397 -15.564812995069703
endloop
endfacet
facet normal 0.0 -0.7298640726978345 0.6835923020228726
outer loop
vertex -31.8 6.967088827840397 -15.564812995069703
vertex -24.2 6.967088827840397 -15.564812995069703
vertex -24.2 7.159440840897846 -15.359440840897845
endloop
endfacet
facet normal 0.0 -0.6835923020228742 0.7298640726978328
outer loop
vertex -31.8 7.159440840897846 -15.359440840897845
vertex -24.2 7.159440840897846 -15.359440840897845
vertex -24.2 7.364812995069704 -15.167088827840395
endloop
endfacet
facet normal 0.0 -0.6343932841636443 0.773010453362738
outer loop
vertex -31.8 7.364812995069704 -15.167088827840395
vertex -24.2 7.364812995069704 -15.167088827840395
vertex -24.2 7.5823258552625 -14.988580636747688
endloop
endfacet
facet normal 0.0 -0.5824776968678033 0.8128466845916145
outer loop
vertex -31.8 7.5823258552625 -14.988580636747688
vertex -24.2 7.5823258552625 -14.988580636747688
vertex -24.2 7.8110479980157095 -14.824680667099054
endloop
endfacet
facet normal 0.0 -0.5280678506503681 0.8492021815265789
outer loop
vertex -31.8 7.8110479980157095 -14.824680667099054
vertex -24.2 7.8110479980157095 -14.824680667099054
vertex -24.2 8.05 -14.676090763726911
endloop
endfacet
facet normal 0.0 -0.47139673682599326 0.8819212643483573
outer loop
vertex -31.8 8.05 -14.676090763726911
vertex -24.2 8.05 -14.676090763726911
vertex -24.2 8.298158632058295 -14.54344721140944
endloop
endfacet
facet normal 0.0 -0.4127070298043973 0.9108638249211747
outer loop
vertex -31.8 8.298158632058295 -14.54344721140944
vertex -24.2 8.298158632058295 -14.54344721140944
vertex -24.2 8.554461240830113 -14.427318010201466
endloop
endfacet
facet normal 0.0 -0.3522500479212311 0.9359059267573266
outer loop
vertex -31.8 8.554461240830113 -14.427318010201466
vertex -24.2 8.554461240830113 -14.427318010201466
vertex -24.2 8.817810299196404 -14.328200443171045
endloop
endfacet
facet normal 0.0 -0.2902846772544654 0.9569403357322078
outer loop
vertex -31.8 8.817810299196404 -14.328200443171045
vertex -24.2 8.817810299196404 -14.328200443171045
vertex -24.2 9.08707810605916 -14.246518946957005
endloop
endfacet
facet normal 0.0 -0.227076263034373 0.9738769792773336
outer loop
vertex -31.8 9.08707810605916 -14.246518946957005
vertex -24.2 9.08707810605916 -14.246518946957005
vertex -24.2 9.361111615330648 -14.182623294266108
endloop
endfacet
facet normal 0.0 -0.22707626303436698 -0.9738769792773351
outer loop
vertex -31.8 9.361111615330648 -22.61737670573389
vertex -24.2 9.361111615330648 -22.61737670573389
vertex -24.2 9.08707810605916 -22.553481053042994
endloop
endfacet
facet normal 0.0 -0.16289547339458668 -0.9866433320848793
outer loop
vertex -31.8 9.638737373453777 -22.663212903907382
vertex -24.2 9.638737373453777 -22.663212903907382
vertex -24.2 9.361111615330648 -22.61737670573389
endloop
endfacet
facet normal 0.0 -0.0980171403295555 -0.9951847266721974
outer loop
vertex -31.8 9.918766544310385 -22.69079336992599
vertex -24.2 9.918766544310385 -22.69079336992599
vertex -24.2 9.638737373453777 -22.663212903907382
endloop
endfacet
facet normal 0.0 -0.032719082821786837 -0.9994645874763654
outer loop
vertex -31.8 10.2 -22.7
vertex -24.2 10.2 -22.7
vertex -24.2 9.918766544310385 -22.69079336992599
endloop
endfacet
facet normal 0.0 -0.16289547339458668 0.9866433320848793
outer loop
vertex -31.8 9.361111615330648 -14.182623294266108
vertex -24.2 9.361111615330648 -14.182623294266108
vertex -24.2 9.638737373453777 -14.136787096092615
endloop
endfacet
facet normal 0.0 -0.09801714032956174 0.9951847266721968
outer loop
vertex -31.8 9.638737373453777 -14.136787096092615
vertex -24.2 9.638737373453777 -14.136787096092615
vertex -24.2 9.918766544310385 -14.109206630074004
endloop
endfacet
facet normal 0.0 -0.03271908282178053 0.9994645874763656
outer loop
vertex -31.8 9.918766544310385 -14.109206630074004
vertex -24.2 9.918766544310385 -14.109206630074004
vertex -24.2 10.2 -14.099999999999998
endloop
endfacet
facet normal 1.0 -0.0 0.0
outer loop
vertex -24.2 6.227318010201467 -20.045538759169883
vertex -24.2 6.3434472114094405 -20.301841367941705
vertex -24.2 8.097613648228226 -20.01321778687311
endloop
endfacet
facet normal 1.0 0.0 -0.0
outer loop
vertex -24.2 6.476090763726913 -20.549999999999997
vertex -24.2 8.326167029855648 -20.273832970144348
vertex -24.2 6.3434472114094405 -20.301841367941705
endloop
endfacet
facet normal 0.9999999999999999 -0.0 0.0
outer loop
vertex -24.2 6.624680667099055 -20.78895200198429
vertex -24.2 6.788580636747689 -21.017674144737498
vertex -24.2 9.185888904232511 -20.848280761154907
endloop
endfacet
facet normal 1.0 0.0 -0.0
outer loop
vertex -24.2 6.624680667099055 -20.78895200198429
vertex -24.2 8.727738882498054 -20.603394472601742
vertex -24.2 6.476090763726913 -20.549999999999997
endloop
endfacet
facet normal 1.0 0.0 -0.0
outer loop
vertex -24.2 6.3434472114094405 -20.301841367941705
vertex -24.2 8.20762451018071 -20.14726641001518
vertex -24.2 8.097613648228226 -20.01321778687311
endloop
endfacet
facet normal 1.0 -0.0 0.0
outer loop
vertex -24.2 6.046518946957006 -19.512921893940838
vertex -24.2 6.128200443171045 -19.782189700803592
vertex -24.2 7.751719238845089 -19.41411109576749
endloop
endfacet
facet normal 1.0 0.0 -0.0
outer loop
vertex -24.2 5.982623294266109 -19.23888838466935
vertex -24.2 7.600919006931439 -18.91698935334274
vertex -24.2 5.936787096092615 -18.96126262654622
endloop
endfacet
facet normal 0.9999999999999999 0.0 -0.0
outer loop
vertex -24.2 5.936787096092615 -18.96126262654622
vertex -24.2 7.5556738534177 -18.573318292459877
vertex -24.2 5.909206630074005 -18.681233455689615
endloop
endfacet
facet normal 1.0 0.0 -0.0
outer loop
vertex -24.2 6.046518946957006 -19.512921893940838
vertex -24.2 7.690635156837969 -19.251814583053378
vertex -24.2 5.982623294266109 -19.23888838466935
endloop
endfacet
facet normal 1.0 0.0 -0.0
outer loop
vertex -24.2 5.909206630074005 -18.681233455689615
vertex -24.2 7.549999999999999 -18.4
vertex -24.2 5.8999999999999995 -18.4
endloop
endfacet
facet normal 1.0 0.0 -0.0
outer loop
vertex -24.2 5.8999999999999995 -18.4
vertex -24.2 7.5556738534177 -18.22668170754012
vertex -24.2 5.909206630074005 -18.118766544310382
endloop
endfacet
facet normal 1.0 0.0 -0.0
outer loop
vertex -24.2 5.909206630074005 -18.118766544310382
vertex -24.2 7.572671117359402 -18.054105590616864
vertex -24.2 5.936787096092615 -17.838737373453778
endloop
endfacet
facet normal 1.0 0.0 -0.0
outer loop
vertex -24.2 5.936787096092615 -17.838737373453778
vertex -24.2 7.640296560333969 -17.714129530478317
vertex -24.2 5.982623294266109 -17.561111615330645
endloop
endfacet
facet normal 1.0 0.0 -0.0
outer loop
vertex -24.2 5.982623294266109 -17.561111615330645
vertex -24.2 7.690635156837969 -17.54818541694662
vertex -24.2 6.046518946957006 -17.28707810605916
endloop
endfacet
facet normal 1.0 0.0 -0.0
outer loop
vertex -24.2 6.227318010201467 -20.045538759169883
vertex -24.2 7.905032679971237 -19.724999999999998
vertex -24.2 6.128200443171045 -19.782189700803592
endloop
endfacet
facet normal 1.0 0.0 -0.0
outer loop
vertex -24.2 5.982623294266109 -19.23888838466935
vertex -24.2 7.640296560333969 -19.08587046952168
vertex -24.2 7.600919006931439 -18.91698935334274
endloop
endfacet
facet normal 1.0 -0.0 -0.0
outer loop
vertex -24.2 5.982623294266109 -19.23888838466935
vertex -24.2 7.690635156837969 -19.251814583053378
vertex -24.2 7.640296560333969 -19.08587046952168
endloop
endfacet
facet normal 1.0 0.0 -0.0
outer loop
vertex -24.2 5.936787096092615 -18.96126262654622
vertex -24.2 7.600919006931439 -18.91698935334274
vertex -24.2 7.572671117359402 -18.745894409383133
endloop
endfacet
facet normal 1.0 0.0 -0.0
outer loop
vertex -24.2 5.936787096092615 -18.96126262654622
vertex -24.2 7.572671117359402 -18.745894409383133
vertex -24.2 7.5556738534177 -18.573318292459877
endloop
endfacet
facet normal 1.0 0.0 -0.0
outer loop
vertex -24.2 6.128200443171045 -19.782189700803592
vertex -24.2 7.823287234938375 -19.572065029080353
vertex -24.2 7.751719238845089 -19.41411109576749
endloop
endfacet
facet normal 1.0 0.0 -0.0
outer loop
vertex -24.2 6.046518946957006 -19.512921893940838
vertex -24.2 7.751719238845089 -19.41411109576749
vertex -24.2 7.690635156837969 -19.251814583053378
endloop
endfacet
facet normal 1.0 0.0 -0.0
outer loop
vertex -24.2 6.128200443171045 -19.782189700803592
vertex -24.2 7.905032679971237 -19.724999999999998
vertex -24.2 7.823287234938375 -19.572065029080353
endloop
endfacet
facet normal 1.0 0.0 -0.0
outer loop
vertex -24.2 6.227318010201467 -20.045538759169883
vertex -24.2 7.996605527398255 -19.872261117501946
vertex -24.2 7.905032679971237 -19.724999999999998
endloop
endfacet
facet normal 1.0 0.0 -0.0
outer loop
vertex -24.2 6.227318010201467 -20.045538759169883
vertex -24.2 8.097613648228226 -20.01321778687311
vertex -24.2 7.996605527398255 -19.872261117501946
endloop
endfacet
facet normal 1.0 0.0 -0.0
outer loop
vertex -24.2 5.909206630074005 -18.681233455689615
vertex -24.2 7.5556738534177 -18.573318292459877
vertex -24.2 7.549999999999999 -18.4
endloop
endfacet
facet normal 1.0 0.0 0.0
outer loop
vertex -24.2 5.8999999999999995 -18.4
vertex -24.2 7.549999999999999 -18.4
vertex -24.2 7.5556738534177 -18.22668170754012
endloop
endfacet
facet normal 1.0 -0.0 0.0
outer loop
vertex -24.2 5.909206630074005 -18.118766544310382
vertex -24.2 7.5556738534177 -18.22668170754012
vertex -24.2 7.572671117359402 -18.054105590616864
endloop
endfacet
facet normal 1.0 -0.0 0.0
outer loop
vertex -24.2 5.936787096092615 -17.838737373453778
vertex -24.2 7.572671117359402 -18.054105590616864
vertex -24.2 7.600919006931439 -17.883010646657258
endloop
endfacet
facet normal 1.0 -0.0 0.0
outer loop
vertex -24.2 5.936787096092615 -17.838737373453778
vertex -24.2 7.600919006931439 -17.883010646657258
vertex -24.2 7.640296560333969 -17.714129530478317
endloop
endfacet
facet normal 1.0 -0.0 0.0
outer loop
vertex -24.2 5.982623294266109 -17.561111615330645
vertex -24.2 7.640296560333969 -17.714129530478317
vertex -24.2 7.690635156837969 -17.54818541694662
endloop
endfacet
facet normal 1.0 0.0 -0.0
outer loop
vertex -24.2 7.690635156837969 -17.54818541694662
vertex -24.2 7.751719238845089 -17.38588890423251
vertex -24.2 6.046518946957006 -17.28707810605916
endloop
endfacet
facet normal 1.0 0.0 -0.0
outer loop
vertex -24.2 6.476090763726913 -20.549999999999997
vertex -24.2 8.452733589984817 -20.392375489819287
vertex -24.2 8.326167029855648 -20.273832970144348
endloop
endfacet
facet normal 1.0 0.0 -0.0
outer loop
vertex -24.2 6.3434472114094405 -20.301841367941705
vertex -24.2 8.326167029855648 -20.273832970144348
vertex -24.2 8.20762451018071 -20.14726641001518
endloop
endfacet
facet normal 1.0 0.0 -0.0
outer loop
vertex -24.2 6.476090763726913 -20.549999999999997
vertex -24.2 8.58678221312689 -20.502386351771772
vertex -24.2 8.452733589984817 -20.392375489819287
endloop
endfacet
facet normal 1.0 -0.0 -0.0
outer loop
vertex -24.2 6.476090763726913 -20.549999999999997
vertex -24.2 8.727738882498054 -20.603394472601742
vertex -24.2 8.58678221312689 -20.502386351771772
endloop
endfacet
facet normal 0.9999999999999999 0.0 -0.0
outer loop
vertex -24.2 6.624680667099055 -20.78895200198429
vertex -24.2 9.027934970919645 -20.77671276506162
vertex -24.2 8.875 -20.69496732002876
endloop
endfacet
facet normal 1.0 -0.0 -0.0
outer loop
vertex -24.2 6.624680667099055 -20.78895200198429
vertex -24.2 9.185888904232511 -20.848280761154907
vertex -24.2 9.027934970919645 -20.77671276506162
endloop
endfacet
facet normal 0.9999999999999999 0.0 -0.0
outer loop
vertex -24.2 6.624680667099055 -20.78895200198429
vertex -24.2 8.875 -20.69496732002876
vertex -24.2 8.727738882498054 -20.603394472601742
endloop
endfacet
facet normal 1.0 -0.0 0.0
outer loop
vertex -24.2 7.159440840897846 -21.440559159102154
vertex -24.2 7.364812995069704 -21.632911172159602
vertex -24.2 13.035187004930295 -21.632911172159602
endloop
endfacet
facet normal 1.0 0.0 -0.0
outer loop
vertex -24.2 7.159440840897846 -21.440559159102154
vertex -24.2 13.240559159102153 -21.440559159102154
vertex -24.2 6.967088827840397 -21.235187004930296
endloop
endfacet
facet normal 1.0 0.0 -0.0
outer loop
vertex -24.2 6.788580636747689 -21.017674144737498
vertex -24.2 9.34818541694662 -20.909364843162027
vertex -24.2 9.185888904232511 -20.848280761154907
endloop
endfacet
facet normal 1.0 0.0 -0.0
outer loop
vertex -24.2 6.788580636747689 -21.017674144737498
vertex -24.2 9.51412953047832 -20.95970343966603
vertex -24.2 9.34818541694662 -20.909364843162027
endloop
endfacet
facet normal 1.0 0.0 -0.0
outer loop
vertex -24.2 6.788580636747689 -21.017674144737498
vertex -24.2 9.683010646657259 -20.99908099306856
vertex -24.2 9.51412953047832 -20.95970343966603
endloop
endfacet
facet normal 1.0 -0.0 -0.0
outer loop
vertex -24.2 6.788580636747689 -21.017674144737498
vertex -24.2 9.854105590616863 -21.027328882640596
vertex -24.2 9.683010646657259 -20.99908099306856
endloop
endfacet
facet normal 0.9999999999999999 -0.0 -0.0
outer loop
vertex -24.2 6.788580636747689 -21.017674144737498
vertex -24.2 10.02668170754012 -21.044326146582296
vertex -24.2 9.854105590616863 -21.027328882640596
endloop
endfacet
facet normal 1.0 -0.0 0.0
outer loop
vertex -24.2 6.788580636747689 -21.017674144737498
vertex -24.2 6.967088827840397 -21.235187004930296
vertex -24.2 13.432911172159603 -21.235187004930296
endloop
endfacet
facet normal 1.0 0.0 -0.0
outer loop
vertex -24.2 6.046518946957006 -17.28707810605916
vertex -24.2 7.823287234938375 -17.227934970919645
vertex -24.2 6.128200443171045 -17.017810299196405
endloop
endfacet
facet normal 1.0 0.0 -0.0
outer loop
vertex -24.2 6.128200443171045 -17.017810299196405
vertex -24.2 7.996605527398255 -16.92773888249805
vertex -24.2 6.227318010201467 -16.754461240830114
endloop
endfacet
facet normal 1.0 0.0 -0.0
outer loop
vertex -24.2 6.227318010201467 -16.754461240830114
vertex -24.2 8.20762451018071 -16.652733589984816
vertex -24.2 6.3434472114094405 -16.498158632058292
endloop
endfacet
facet normal 1.0 0.0 -0.0
outer loop
vertex -24.2 6.3434472114094405 -16.498158632058292
vertex -24.2 8.452733589984817 -16.40762451018071
vertex -24.2 6.476090763726913 -16.25
endloop
endfacet
facet normal 1.0 0.0 -0.0
outer loop
vertex -24.2 7.751719238845089 -17.38588890423251
vertex -24.2 7.823287234938375 -17.227934970919645
vertex -24.2 6.046518946957006 -17.28707810605916
endloop
endfacet
facet normal 1.0 -0.0 0.0
outer loop
vertex -24.2 6.128200443171045 -17.017810299196405
vertex -24.2 7.823287234938375 -17.227934970919645
vertex -24.2 7.905032679971237 -17.075
endloop
endfacet
facet normal 1.0 -0.0 0.0
outer loop
vertex -24.2 6.128200443171045 -17.017810299196405
vertex -24.2 7.905032679971237 -17.075
vertex -24.2 7.996605527398255 -16.92773888249805
endloop
endfacet
facet normal 1.0 -0.0 0.0
outer loop
vertex -24.2 6.227318010201467 -16.754461240830114
vertex -24.2 7.996605527398255 -16.92773888249805
vertex -24.2 8.097613648228226 -16.786782213126887
endloop
endfacet
facet normal 1.0 -0.0 0.0
outer loop
vertex -24.2 6.227318010201467 -16.754461240830114
vertex -24.2 8.097613648228226 -16.786782213126887
vertex -24.2 8.20762451018071 -16.652733589984816
endloop
endfacet
facet normal 1.0 0.0 -0.0
outer loop
vertex -24.2 6.476090763726913 -16.25
vertex -24.2 8.727738882498054 -16.196605527398255
vertex -24.2 6.624680667099055 -16.01104799801571
endloop
endfacet
facet normal 0.9999999999999999 0.0 -0.0
outer loop
vertex -24.2 6.624680667099055 -16.01104799801571
vertex -24.2 9.185888904232511 -15.951719238845088
vertex -24.2 6.788580636747689 -15.7823258552625
endloop
endfacet
facet normal 1.0 -0.0 0.0
outer loop
vertex -24.2 6.3434472114094405 -16.498158632058292
vertex -24.2 8.20762451018071 -16.652733589984816
vertex -24.2 8.326167029855648 -16.52616702985565
endloop
endfacet
facet normal 0.9999999999999999 -0.0 0.0
outer loop
vertex -24.2 6.3434472114094405 -16.498158632058292
vertex -24.2 8.326167029855648 -16.52616702985565
vertex -24.2 8.452733589984817 -16.40762451018071
endloop
endfacet
facet normal 1.0 -0.0 0.0
outer loop
vertex -24.2 6.476090763726913 -16.25
vertex -24.2 8.452733589984817 -16.40762451018071
vertex -24.2 8.58678221312689 -16.297613648228225
endloop
endfacet
facet normal 1.0 -0.0 0.0
outer loop
vertex -24.2 6.476090763726913 -16.25
vertex -24.2 8.58678221312689 -16.297613648228225
vertex -24.2 8.727738882498054 -16.196605527398255
endloop
endfacet
facet normal 1.0 -0.0 0.0
outer loop
vertex -24.2 6.624680667099055 -16.01104799801571
vertex -24.2 8.727738882498054 -16.196605527398255
vertex -24.2 8.875 -16.105032679971238
endloop
endfacet
facet normal 1.0 -0.0 0.0
outer loop
vertex -24.2 6.624680667099055 -16.01104799801571
vertex -24.2 8.875 -16.105032679971238
vertex -24.2 9.027934970919645 -16.023287234938376
endloop
endfacet
facet normal 1.0 0.0 -0.0
outer loop
vertex -24.2 6.788580636747689 -15.7823258552625
vertex -24.2 9.854105590616863 -15.772671117359401
vertex -24.2 6.967088827840397 -15.564812995069703
endloop
endfacet
facet normal 0.9999999999999999 -0.0 0.0
outer loop
vertex -24.2 6.624680667099055 -16.01104799801571
vertex -24.2 9.027934970919645 -16.023287234938376
vertex -24.2 9.185888904232511 -15.951719238845088
endloop
endfacet
facet normal 1.0 -0.0 0.0
outer loop
vertex -24.2 6.788580636747689 -15.7823258552625
vertex -24.2 9.185888904232511 -15.951719238845088
vertex -24.2 9.34818541694662 -15.890635156837968
endloop
endfacet
facet normal 1.0 -0.0 0.0
outer loop
vertex -24.2 6.788580636747689 -15.7823258552625
vertex -24.2 9.34818541694662 -15.890635156837968
vertex -24.2 9.51412953047832 -15.840296560333968
endloop
endfacet
facet normal 0.9999999999999999 -0.0 0.0
outer loop
vertex -24.2 6.788580636747689 -15.7823258552625
vertex -24.2 9.51412953047832 -15.840296560333968
vertex -24.2 9.683010646657259 -15.800919006931437
endloop
endfacet
facet normal 1.0 -0.0 0.0
outer loop
vertex -24.2 6.788580636747689 -15.7823258552625
vertex -24.2 9.683010646657259 -15.800919006931437
vertex -24.2 9.854105590616863 -15.772671117359401
endloop
endfacet
facet normal 1.0 -0.0 0.0
outer loop
vertex -24.2 6.967088827840397 -15.564812995069703
vertex -24.2 9.854105590616863 -15.772671117359401
vertex -24.2 10.02668170754012 -15.755673853417699
endloop
endfacet
facet normal 1.0 -0.0 0.0
outer loop
vertex -24.2 6.967088827840397 -15.564812995069703
vertex -24.2 10.02668170754012 -15.755673853417699
vertex -24.2 10.2 -15.749999999999998
endloop
endfacet
facet normal 1.0 0.0 0.0
outer loop
vertex -24.2 6.967088827840397 -15.564812995069703
vertex -24.2 10.2 -15.749999999999998
vertex -24.2 10.373318292459878 -15.755673853417699
endloop
endfacet
facet normal 1.0 0.0 -0.0
outer loop
vertex -24.2 6.967088827840397 -15.564812995069703
vertex -24.2 13.432911172159603 -15.564812995069703
vertex -24.2 7.159440840897846 -15.359440840897845
endloop
endfacet
facet normal 1.0 -0.0 0.0
outer loop
vertex -24.2 7.8110479980157095 -21.975319332900945
vertex -24.2 8.05 -22.123909236273086
vertex -24.2 12.349999999999998 -22.123909236273086
endloop
endfacet
facet normal 1.0 -0.0 0.0
outer loop
vertex -24.2 8.05 -22.123909236273086
vertex -24.2 8.298158632058295 -22.256552788590557
vertex -24.2 12.101841367941704 -22.256552788590557
endloop
endfacet
facet normal 0.9999999999999999 -0.0 0.0
outer loop
vertex -24.2 8.298158632058295 -22.256552788590557
vertex -24.2 8.554461240830113 -22.37268198979853
vertex -24.2 11.845538759169886 -22.37268198979853
endloop
endfacet
facet normal 1.0 -0.0 0.0
outer loop
vertex -24.2 7.364812995069704 -21.632911172159602
vertex -24.2 7.5823258552625 -21.81141936325231
vertex -24.2 12.817674144737499 -21.81141936325231
endloop
endfacet
facet normal 1.0 -0.0 0.0
outer loop
vertex -24.2 7.5823258552625 -21.81141936325231
vertex -24.2 7.8110479980157095 -21.975319332900945
vertex -24.2 12.588952001984289 -21.975319332900945
endloop
endfacet
facet normal 0.9999999999999999 -0.0 0.0
outer loop
vertex -24.2 8.554461240830113 -22.37268198979853
vertex -24.2 8.817810299196404 -22.47179955682895
vertex -24.2 11.582189700803594 -22.47179955682895
endloop
endfacet
facet normal 0.9999999999999999 -0.0 0.0
outer loop
vertex -24.2 9.08707810605916 -22.553481053042994
vertex -24.2 9.361111615330648 -22.61737670573389
vertex -24.2 11.03888838466935 -22.61737670573389
endloop
endfacet
facet normal 1.0 -0.0 0.0
outer loop
vertex -24.2 8.817810299196404 -22.47179955682895
vertex -24.2 9.08707810605916 -22.553481053042994
vertex -24.2 11.312921893940839 -22.553481053042994
endloop
endfacet
facet normal 1.0 -0.0 0.0
outer loop
vertex -24.2 9.361111615330648 -22.61737670573389
vertex -24.2 9.638737373453777 -22.663212903907382
vertex -24.2 10.761262626546221 -22.663212903907382
endloop
endfacet
facet normal 1.0 -0.0 0.0
outer loop
vertex -24.2 9.638737373453777 -22.663212903907382
vertex -24.2 9.918766544310385 -22.69079336992599
vertex -24.2 10.481233455689614 -22.69079336992599
endloop
endfacet
facet normal 1.0 -0.0 0.0
outer loop
vertex -24.2 9.918766544310385 -22.69079336992599
vertex -24.2 10.2 -22.7
vertex -24.2 10.481233455689614 -22.69079336992599
endloop
endfacet
facet normal 0.9999999999999999 -0.0 0.0
outer loop
vertex -24.2 9.638737373453777 -22.663212903907382
vertex -24.2 10.481233455689614 -22.69079336992599
vertex -24.2 10.761262626546221 -22.663212903907382
endloop
endfacet
facet normal 1.0 -0.0 0.0
outer loop
vertex -24.2 9.361111615330648 -22.61737670573389
vertex -24.2 10.761262626546221 -22.663212903907382
vertex -24.2 11.03888838466935 -22.61737670573389
endloop
endfacet
facet normal 1.0 -0.0 0.0
outer loop
vertex -24.2 9.08707810605916 -22.553481053042994
vertex -24.2 11.03888838466935 -22.61737670573389
vertex -24.2 11.312921893940839 -22.553481053042994
endloop
endfacet
facet normal 0.9999999999999999 -0.0 0.0
outer loop
vertex -24.2 8.817810299196404 -22.47179955682895
vertex -24.2 11.312921893940839 -22.553481053042994
vertex -24.2 11.582189700803594 -22.47179955682895
endloop
endfacet
facet normal 1.0 -0.0 0.0
outer loop
vertex -24.2 8.554461240830113 -22.37268198979853
vertex -24.2 11.582189700803594 -22.47179955682895
vertex -24.2 11.845538759169886 -22.37268198979853
endloop
endfacet
facet normal 1.0 -0.0 0.0
outer loop
vertex -24.2 8.298158632058295 -22.256552788590557
vertex -24.2 11.845538759169886 -22.37268198979853
vertex -24.2 12.101841367941704 -22.256552788590557
endloop
endfacet
facet normal 1.0 -0.0 0.0
outer loop
vertex -24.2 8.05 -22.123909236273086
vertex -24.2 12.101841367941704 -22.256552788590557
vertex -24.2 12.349999999999998 -22.123909236273086
endloop
endfacet
facet normal 1.0 -0.0 -0.0
outer loop
vertex -24.2 6.788580636747689 -21.017674144737498
vertex -24.2 13.432911172159603 -21.235187004930296
vertex -24.2 10.02668170754012 -21.044326146582296
endloop
endfacet
facet normal 1.0 -0.0 0.0
outer loop
vertex -24.2 7.8110479980157095 -21.975319332900945
vertex -24.2 12.349999999999998 -22.123909236273086
vertex -24.2 12.588952001984289 -21.975319332900945
endloop
endfacet
facet normal 1.0 -0.0 0.0
outer loop
vertex -24.2 7.5823258552625 -21.81141936325231
vertex -24.2 12.588952001984289 -21.975319332900945
vertex -24.2 12.817674144737499 -21.81141936325231
endloop
endfacet
facet normal 1.0 -0.0 0.0
outer loop
vertex -24.2 7.364812995069704 -21.632911172159602
vertex -24.2 12.817674144737499 -21.81141936325231
vertex -24.2 13.035187004930295 -21.632911172159602
endloop
endfacet
facet normal 1.0 -0.0 0.0
outer loop
vertex -24.2 7.159440840897846 -21.440559159102154
vertex -24.2 13.035187004930295 -21.632911172159602
vertex -24.2 13.240559159102153 -21.440559159102154
endloop
endfacet
facet normal 1.0 -0.0 0.0
outer loop
vertex -24.2 6.967088827840397 -21.235187004930296
vertex -24.2 13.240559159102153 -21.440559159102154
vertex -24.2 13.432911172159603 -21.235187004930296
endloop
endfacet
facet normal 1.0 -0.0 -0.0
outer loop
vertex -24.2 10.02668170754012 -21.044326146582296
vertex -24.2 13.432911172159603 -21.235187004930296
vertex -24.2 10.2 -21.049999999999997
endloop
endfacet
facet normal 1.0 -0.0 -0.0
outer loop
vertex -24.2 10.2 -21.049999999999997
vertex -24.2 13.432911172159603 -21.235187004930296
vertex -24.2 10.373318292459878 -21.044326146582296
endloop
endfacet
facet normal 1.0 -0.0 -0.0
outer loop
vertex -24.2 10.373318292459878 -21.044326146582296
vertex -24.2 13.432911172159603 -21.235187004930296
vertex -24.2 10.545894409383136 -21.027328882640596
endloop
endfacet
facet normal 1.0 0.0 -0.0
outer loop
vertex -24.2 10.545894409383136 -21.027328882640596
vertex -24.2 13.61141936325231 -21.017674144737498
vertex -24.2 10.71698935334274 -20.99908099306856
endloop
endfacet
facet normal 0.9999999999999999 -0.0 -0.0
outer loop
vertex -24.2 10.71698935334274 -20.99908099306856
vertex -24.2 13.61141936325231 -21.017674144737498
vertex -24.2 10.885870469521679 -20.95970343966603
endloop
endfacet
facet normal 1.0 -0.0 -0.0
outer loop
vertex -24.2 10.885870469521679 -20.95970343966603
vertex -24.2 13.61141936325231 -21.017674144737498
vertex -24.2 11.051814583053378 -20.909364843162027
endloop
endfacet
facet normal 1.0 -0.0 -0.0
outer loop
vertex -24.2 11.051814583053378 -20.909364843162027
vertex -24.2 13.61141936325231 -21.017674144737498
vertex -24.2 11.214111095767487 -20.848280761154907
endloop
endfacet
facet normal 1.0 0.0 -0.0
outer loop
vertex -24.2 11.214111095767487 -20.848280761154907
vertex -24.2 13.775319332900944 -20.78895200198429
vertex -24.2 11.372065029080353 -20.77671276506162
endloop
endfacet
facet normal 0.9999999999999999 -0.0 -0.0
outer loop
vertex -24.2 11.372065029080353 -20.77671276506162
vertex -24.2 13.775319332900944 -20.78895200198429
vertex -24.2 11.524999999999999 -20.69496732002876
endloop
endfacet
facet normal 1.0 -0.0 -0.0
outer loop
vertex -24.2 11.524999999999999 -20.69496732002876
vertex -24.2 13.775319332900944 -20.78895200198429
vertex -24.2 11.672261117501945 -20.603394472601742
endloop
endfacet
facet normal 1.0 0.0 -0.0
outer loop
vertex -24.2 11.672261117501945 -20.603394472601742
vertex -24.2 13.923909236273087 -20.549999999999997
vertex -24.2 11.813217786873109 -20.502386351771772
endloop
endfacet
facet normal 1.0 0.0 -0.0
outer loop
vertex -24.2 7.159440840897846 -15.359440840897845
vertex -24.2 13.240559159102153 -15.359440840897845
vertex -24.2 7.364812995069704 -15.167088827840395
endloop
endfacet
facet normal 1.0 0.0 -0.0
outer loop
vertex -24.2 7.364812995069704 -15.167088827840395
vertex -24.2 13.035187004930295 -15.167088827840395
vertex -24.2 7.5823258552625 -14.988580636747688
endloop
endfacet
facet normal 1.0 0.0 -0.0
outer loop
vertex -24.2 7.5823258552625 -14.988580636747688
vertex -24.2 12.817674144737499 -14.988580636747688
vertex -24.2 7.8110479980157095 -14.824680667099054
endloop
endfacet
facet normal 1.0 0.0 -0.0
outer loop
vertex -24.2 7.8110479980157095 -14.824680667099054
vertex -24.2 12.588952001984289 -14.824680667099054
vertex -24.2 8.05 -14.676090763726911
endloop
endfacet
facet normal 1.0 0.0 0.0
outer loop
vertex -24.2 6.967088827840397 -15.564812995069703
vertex -24.2 10.373318292459878 -15.755673853417699
vertex -24.2 13.61141936325231 -15.7823258552625
endloop
endfacet
facet normal 1.0 0.0 -0.0
outer loop
vertex -24.2 8.05 -14.676090763726911
vertex -24.2 12.349999999999998 -14.676090763726911
vertex -24.2 8.298158632058295 -14.54344721140944
endloop
endfacet
facet normal 1.0 0.0 -0.0
outer loop
vertex -24.2 8.298158632058295 -14.54344721140944
vertex -24.2 12.101841367941704 -14.54344721140944
vertex -24.2 8.554461240830113 -14.427318010201466
endloop
endfacet
facet normal 1.0 0.0 -0.0
outer loop
vertex -24.2 8.554461240830113 -14.427318010201466
vertex -24.2 11.845538759169886 -14.427318010201466
vertex -24.2 8.817810299196404 -14.328200443171045
endloop
endfacet
facet normal 1.0 0.0 -0.0
outer loop
vertex -24.2 8.817810299196404 -14.328200443171045
vertex -24.2 11.582189700803594 -14.328200443171045
vertex -24.2 9.08707810605916 -14.246518946957005
endloop
endfacet
facet normal 1.0 0.0 -0.0
outer loop
vertex -24.2 9.08707810605916 -14.246518946957005
vertex -24.2 11.312921893940839 -14.246518946957005
vertex -24.2 9.361111615330648 -14.182623294266108
endloop
endfacet
facet normal 1.0 0.0 -0.0
outer loop
vertex -24.2 9.361111615330648 -14.182623294266108
vertex -24.2 11.03888838466935 -14.182623294266108
vertex -24.2 9.638737373453777 -14.136787096092615
endloop
endfacet
facet normal 1.0 0.0 -0.0
outer loop
vertex -24.2 9.638737373453777 -14.136787096092615
vertex -24.2 10.761262626546221 -14.136787096092615
vertex -24.2 9.918766544310385 -14.109206630074004
endloop
endfacet
facet normal 1.0 0.0 -0.0
outer loop
vertex -24.2 9.918766544310385 -14.109206630074004
vertex -24.2 10.481233455689614 -14.109206630074004
vertex -24.2 10.2 -14.099999999999998
endloop
endfacet
facet normal 0.9999999999999999 -0.0 -0.0
outer loop
vertex -24.2 9.918766544310385 -14.109206630074004
vertex -24.2 10.761262626546221 -14.136787096092615
vertex -24.2 10.481233455689614 -14.109206630074004
endloop
endfacet
facet normal 1.0 -0.0 -0.0
outer loop
vertex -24.2 9.638737373453777 -14.136787096092615
vertex -24.2 11.03888838466935 -14.182623294266108
vertex -24.2 10.761262626546221 -14.136787096092615
endloop
endfacet
facet normal 1.0 -0.0 -0.0
outer loop
vertex -24.2 9.361111615330648 -14.182623294266108
vertex -24.2 11.312921893940839 -14.246518946957005
vertex -24.2 11.03888838466935 -14.182623294266108
endloop
endfacet
facet normal 0.9999999999999999 -0.0 -0.0
outer loop
vertex -24.2 9.08707810605916 -14.246518946957005
vertex -24.2 11.582189700803594 -14.328200443171045
vertex -24.2 11.312921893940839 -14.246518946957005
endloop
endfacet
facet normal 1.0 -0.0 -0.0
outer loop
vertex -24.2 8.817810299196404 -14.328200443171045
vertex -24.2 11.845538759169886 -14.427318010201466
vertex -24.2 11.582189700803594 -14.328200443171045
endloop
endfacet
facet normal 1.0 -0.0 -0.0
outer loop
vertex -24.2 8.554461240830113 -14.427318010201466
vertex -24.2 12.101841367941704 -14.54344721140944
vertex -24.2 11.845538759169886 -14.427318010201466
endloop
endfacet
facet normal 1.0 -0.0 -0.0
outer loop
vertex -24.2 7.159440840897846 -15.359440840897845
vertex -24.2 13.432911172159603 -15.564812995069703
vertex -24.2 13.240559159102153 -15.359440840897845
endloop
endfacet
facet normal 1.0 -0.0 -0.0
outer loop
vertex -24.2 7.8110479980157095 -14.824680667099054
vertex -24.2 12.817674144737499 -14.988580636747688
vertex -24.2 12.588952001984289 -14.824680667099054
endloop
endfacet
facet normal 0.9999999999999999 -0.0 -0.0
outer loop
vertex -24.2 8.05 -14.676090763726911
vertex -24.2 12.588952001984289 -14.824680667099054
vertex -24.2 12.349999999999998 -14.676090763726911
endloop
endfacet
facet normal 1.0 -0.0 -0.0
outer loop
vertex -24.2 7.5823258552625 -14.988580636747688
vertex -24.2 13.035187004930295 -15.167088827840395
vertex -24.2 12.817674144737499 -14.988580636747688
endloop
endfacet
facet normal 1.0 -0.0 -0.0
outer loop
vertex -24.2 7.364812995069704 -15.167088827840395
vertex -24.2 13.240559159102153 -15.359440840897845
vertex -24.2 13.035187004930295 -15.167088827840395
endloop
endfacet
facet normal 1.0 -0.0 -0.0
outer loop
vertex -24.2 6.967088827840397 -15.564812995069703
vertex -24.2 13.61141936325231 -15.7823258552625
vertex -24.2 13.432911172159603 -15.564812995069703
endloop
endfacet
facet normal 1.0 0.0 0.0
outer loop
vertex -24.2 10.373318292459878 -15.755673853417699
vertex -24.2 10.545894409383136 -15.772671117359401
vertex -24.2 13.61141936325231 -15.7823258552625
endloop
endfacet
facet normal 1.0 -0.0 0.0
outer loop
vertex -24.2 10.545894409383136 -15.772671117359401
vertex -24.2 10.71698935334274 -15.800919006931437
vertex -24.2 13.61141936325231 -15.7823258552625
endloop
endfacet
facet normal 0.9999999999999999 0.0 -0.0
outer loop
vertex -24.2 11.524999999999999 -16.105032679971238
vertex -24.2 13.775319332900944 -16.01104799801571
vertex -24.2 11.372065029080353 -16.023287234938376
endloop
endfacet
facet normal 1.0 -0.0 0.0
outer loop
vertex -24.2 11.524999999999999 -16.105032679971238
vertex -24.2 11.672261117501945 -16.196605527398255
vertex -24.2 13.775319332900944 -16.01104799801571
endloop
endfacet
facet normal 1.0 -0.0 0.0
outer loop
vertex -24.2 11.672261117501945 -16.196605527398255
vertex -24.2 11.813217786873109 -16.297613648228225
vertex -24.2 13.923909236273087 -16.25
endloop
endfacet
facet normal 0.9999999999999999 -0.0 0.0
outer loop
vertex -24.2 10.71698935334274 -15.800919006931437
vertex -24.2 10.885870469521679 -15.840296560333968
vertex -24.2 13.61141936325231 -15.7823258552625
endloop
endfacet
facet normal 1.0 -0.0 0.0
outer loop
vertex -24.2 10.885870469521679 -15.840296560333968
vertex -24.2 11.051814583053378 -15.890635156837968
vertex -24.2 13.61141936325231 -15.7823258552625
endloop
endfacet
facet normal 1.0 -0.0 0.0
outer loop
vertex -24.2 11.051814583053378 -15.890635156837968
vertex -24.2 11.214111095767487 -15.951719238845088
vertex -24.2 13.61141936325231 -15.7823258552625
endloop
endfacet
facet normal 0.9999999999999999 -0.0 0.0
outer loop
vertex -24.2 11.214111095767487 -15.951719238845088
vertex -24.2 11.372065029080353 -16.023287234938376
vertex -24.2 13.775319332900944 -16.01104799801571
endloop
endfacet
facet normal 1.0 -0.0 -0.0
outer loop
vertex -24.2 8.298158632058295 -14.54344721140944
vertex -24.2 12.349999999999998 -14.676090763726911
vertex -24.2 12.101841367941704 -14.54344721140944
endloop
endfacet
facet normal 1.0 -0.0 0.0
outer loop
vertex -24.2 10.545894409383136 -21.027328882640596
vertex -24.2 13.432911172159603 -21.235187004930296
vertex -24.2 13.61141936325231 -21.017674144737498
endloop
endfacet
facet normal 0.9999999999999999 -0.0 0.0
outer loop
vertex -24.2 11.214111095767487 -20.848280761154907
vertex -24.2 13.61141936325231 -21.017674144737498
vertex -24.2 13.775319332900944 -20.78895200198429
endloop
endfacet
facet normal 0.9999999999999999 -0.0 -0.0
outer loop
vertex -24.2 11.813217786873109 -20.502386351771772
vertex -24.2 13.923909236273087 -20.549999999999997
vertex -24.2 11.947266410015182 -20.392375489819287
endloop
endfacet
facet normal 0.9999999999999999 0.0 -0.0
outer loop
vertex -24.2 11.947266410015182 -20.392375489819287
vertex -24.2 14.056552788590558 -20.301841367941705
vertex -24.2 12.07383297014435 -20.273832970144348
endloop
endfacet
facet normal 1.0 -0.0 -0.0
outer loop
vertex -24.2 12.07383297014435 -20.273832970144348
vertex -24.2 14.056552788590558 -20.301841367941705
vertex -24.2 12.19237548981929 -20.14726641001518
endloop
endfacet
facet normal 1.0 0.0 -0.0
outer loop
vertex -24.2 12.19237548981929 -20.14726641001518
vertex -24.2 14.172681989798532 -20.045538759169883
vertex -24.2 12.302386351771773 -20.01321778687311
endloop
endfacet
facet normal 1.0 -0.0 0.0
outer loop
vertex -24.2 11.672261117501945 -20.603394472601742
vertex -24.2 13.775319332900944 -20.78895200198429
vertex -24.2 13.923909236273087 -20.549999999999997
endloop
endfacet
facet normal 1.0 -0.0 0.0
outer loop
vertex -24.2 11.947266410015182 -20.392375489819287
vertex -24.2 13.923909236273087 -20.549999999999997
vertex -24.2 14.056552788590558 -20.301841367941705
endloop
endfacet
facet normal 1.0 -0.0 0.0
outer loop
vertex -24.2 12.19237548981929 -20.14726641001518
vertex -24.2 14.056552788590558 -20.301841367941705
vertex -24.2 14.172681989798532 -20.045538759169883
endloop
endfacet
facet normal 1.0 -0.0 -0.0
outer loop
vertex -24.2 12.302386351771773 -20.01321778687311
vertex -24.2 14.172681989798532 -20.045538759169883
vertex -24.2 12.403394472601743 -19.872261117501946
endloop
endfacet
facet normal 1.0 0.0 -0.0
outer loop
vertex -24.2 12.403394472601743 -19.872261117501946
vertex -24.2 14.271799556828952 -19.782189700803592
vertex -24.2 12.494967320028762 -19.724999999999998
endloop
endfacet
facet normal 1.0 -0.0 -0.0
outer loop
vertex -24.2 12.494967320028762 -19.724999999999998
vertex -24.2 14.271799556828952 -19.782189700803592
vertex -24.2 12.576712765061624 -19.572065029080353
endloop
endfacet
facet normal 1.0 0.0 -0.0
outer loop
vertex -24.2 12.576712765061624 -19.572065029080353
vertex -24.2 14.353481053042993 -19.512921893940838
vertex -24.2 12.64828076115491 -19.41411109576749
endloop
endfacet
facet normal 1.0 -0.0 -0.0
outer loop
vertex -24.2 12.64828076115491 -19.41411109576749
vertex -24.2 14.353481053042993 -19.512921893940838
vertex -24.2 12.70936484316203 -19.251814583053378
endloop
endfacet
facet normal 1.0 0.0 -0.0
outer loop
vertex -24.2 12.70936484316203 -19.251814583053378
vertex -24.2 14.41737670573389 -19.23888838466935
vertex -24.2 12.75970343966603 -19.08587046952168
endloop
endfacet
facet normal 1.0 0.0 -0.0
outer loop
vertex -24.2 12.75970343966603 -19.08587046952168
vertex -24.2 14.463212903907383 -18.96126262654622
vertex -24.2 12.79908099306856 -18.91698935334274
endloop
endfacet
facet normal 0.9999999999999999 0.0 -0.0
outer loop
vertex -24.2 12.79908099306856 -17.883010646657258
vertex -24.2 14.41737670573389 -17.561111615330645
vertex -24.2 12.75970343966603 -17.714129530478317
endloop
endfacet
facet normal 1.0 0.0 -0.0
outer loop
vertex -24.2 12.70936484316203 -17.54818541694662
vertex -24.2 14.353481053042993 -17.28707810605916
vertex -24.2 12.64828076115491 -17.38588890423251
endloop
endfacet
facet normal 1.0 -0.0 0.0
outer loop
vertex -24.2 12.70936484316203 -17.54818541694662
vertex -24.2 12.75970343966603 -17.714129530478317
vertex -24.2 14.41737670573389 -17.561111615330645
endloop
endfacet
facet normal 1.0 -0.0 0.0
outer loop
vertex -24.2 12.403394472601743 -19.872261117501946
vertex -24.2 14.172681989798532 -20.045538759169883
vertex -24.2 14.271799556828952 -19.782189700803592
endloop
endfacet
facet normal 1.0 -0.0 0.0
outer loop
vertex -24.2 12.576712765061624 -19.572065029080353
vertex -24.2 14.271799556828952 -19.782189700803592
vertex -24.2 14.353481053042993 -19.512921893940838
endloop
endfacet
facet normal 1.0 -0.0 -0.0
outer loop
vertex -24.2 12.79908099306856 -18.91698935334274
vertex -24.2 14.463212903907383 -18.96126262654622
vertex -24.2 12.827328882640597 -18.745894409383133
endloop
endfacet
facet normal 1.0 -0.0 0.0
outer loop
vertex -24.2 12.70936484316203 -19.251814583053378
vertex -24.2 14.353481053042993 -19.512921893940838
vertex -24.2 14.41737670573389 -19.23888838466935
endloop
endfacet
facet normal 0.9999999999999999 -0.0 0.0
outer loop
vertex -24.2 12.75970343966603 -19.08587046952168
vertex -24.2 14.41737670573389 -19.23888838466935
vertex -24.2 14.463212903907383 -18.96126262654622
endloop
endfacet
facet normal 0.9999999999999999 -0.0 0.0
outer loop
vertex -24.2 12.827328882640597 -18.745894409383133
vertex -24.2 14.463212903907383 -18.96126262654622
vertex -24.2 14.490793369925994 -18.681233455689615
endloop
endfacet
facet normal 1.0 0.0 -0.0
outer loop
vertex -24.2 12.827328882640597 -18.745894409383133
vertex -24.2 14.490793369925994 -18.681233455689615
vertex -24.2 12.844326146582299 -18.573318292459877
endloop
endfacet
facet normal 1.0 0.0 -0.0
outer loop
vertex -24.2 12.844326146582299 -18.573318292459877
vertex -24.2 14.5 -18.4
vertex -24.2 12.85 -18.4
endloop
endfacet
facet normal 1.0 0.0 -0.0
outer loop
vertex -24.2 12.85 -18.4
vertex -24.2 14.490793369925994 -18.118766544310382
vertex -24.2 12.844326146582299 -18.22668170754012
endloop
endfacet
facet normal 0.9999999999999999 -0.0 0.0
outer loop
vertex -24.2 12.827328882640597 -18.054105590616864
vertex -24.2 12.844326146582299 -18.22668170754012
vertex -24.2 14.463212903907383 -17.838737373453778
endloop
endfacet
facet normal 1.0 0.0 -0.0
outer loop
vertex -24.2 12.827328882640597 -18.054105590616864
vertex -24.2 14.463212903907383 -17.838737373453778
vertex -24.2 12.79908099306856 -17.883010646657258
endloop
endfacet
facet normal 0.9999999999999999 -0.0 0.0
outer loop
vertex -24.2 12.844326146582299 -18.573318292459877
vertex -24.2 14.490793369925994 -18.681233455689615
vertex -24.2 14.5 -18.4
endloop
endfacet
facet normal 1.0 0.0 -0.0
outer loop
vertex -24.2 12.85 -18.4
vertex -24.2 14.5 -18.4
vertex -24.2 14.490793369925994 -18.118766544310382
endloop
endfacet
facet normal 1.0 0.0 -0.0
outer loop
vertex -24.2 12.844326146582299 -18.22668170754012
vertex -24.2 14.490793369925994 -18.118766544310382
vertex -24.2 14.463212903907383 -17.838737373453778
endloop
endfacet
facet normal 1.0 0.0 -0.0
outer loop
vertex -24.2 12.79908099306856 -17.883010646657258
vertex -24.2 14.463212903907383 -17.838737373453778
vertex -24.2 14.41737670573389 -17.561111615330645
endloop
endfacet
facet normal 1.0 -0.0 -0.0
outer loop
vertex -24.2 12.70936484316203 -17.54818541694662
vertex -24.2 14.41737670573389 -17.561111615330645
vertex -24.2 14.353481053042993 -17.28707810605916
endloop
endfacet
facet normal 1.0 -0.0 0.0
outer loop
vertex -24.2 11.947266410015182 -16.40762451018071
vertex -24.2 12.07383297014435 -16.52616702985565
vertex -24.2 13.923909236273087 -16.25
endloop
endfacet
facet normal 1.0 -0.0 0.0
outer loop
vertex -24.2 11.813217786873109 -16.297613648228225
vertex -24.2 11.947266410015182 -16.40762451018071
vertex -24.2 13.923909236273087 -16.25
endloop
endfacet
facet normal 1.0 -0.0 0.0
outer loop
vertex -24.2 12.07383297014435 -16.52616702985565
vertex -24.2 12.19237548981929 -16.652733589984816
vertex -24.2 14.056552788590558 -16.498158632058292
endloop
endfacet
facet normal 1.0 0.0 -0.0
outer loop
vertex -24.2 12.302386351771773 -16.786782213126887
vertex -24.2 14.056552788590558 -16.498158632058292
vertex -24.2 12.19237548981929 -16.652733589984816
endloop
endfacet
facet normal 1.0 -0.0 0.0
outer loop
vertex -24.2 12.494967320028762 -17.075
vertex -24.2 12.576712765061624 -17.227934970919645
vertex -24.2 14.271799556828952 -17.017810299196405
endloop
endfacet
facet normal 1.0 0.0 -0.0
outer loop
vertex -24.2 12.494967320028762 -17.075
vertex -24.2 14.172681989798532 -16.754461240830114
vertex -24.2 12.403394472601743 -16.92773888249805
endloop
endfacet
facet normal 1.0 -0.0 0.0
outer loop
vertex -24.2 12.302386351771773 -16.786782213126887
vertex -24.2 12.403394472601743 -16.92773888249805
vertex -24.2 14.172681989798532 -16.754461240830114
endloop
endfacet
facet normal 1.0 0.0 -0.0
outer loop
vertex -24.2 12.64828076115491 -17.38588890423251
vertex -24.2 14.271799556828952 -17.017810299196405
vertex -24.2 12.576712765061624 -17.227934970919645
endloop
endfacet
facet normal 1.0 -0.0 -0.0
outer loop
vertex -24.2 11.672261117501945 -16.196605527398255
vertex -24.2 13.923909236273087 -16.25
vertex -24.2 13.775319332900944 -16.01104799801571
endloop
endfacet
facet normal 1.0 0.0 -0.0
outer loop
vertex -24.2 12.07383297014435 -16.52616702985565
vertex -24.2 14.056552788590558 -16.498158632058292
vertex -24.2 13.923909236273087 -16.25
endloop
endfacet
facet normal 0.9999999999999999 -0.0 -0.0
outer loop
vertex -24.2 11.214111095767487 -15.951719238845088
vertex -24.2 13.775319332900944 -16.01104799801571
vertex -24.2 13.61141936325231 -15.7823258552625
endloop
endfacet
facet normal 1.0 0.0 -0.0
outer loop
vertex -24.2 12.64828076115491 -17.38588890423251
vertex -24.2 14.353481053042993 -17.28707810605916
vertex -24.2 14.271799556828952 -17.017810299196405
endloop
endfacet
facet normal 1.0 0.0 -0.0
outer loop
vertex -24.2 12.494967320028762 -17.075
vertex -24.2 14.271799556828952 -17.017810299196405
vertex -24.2 14.172681989798532 -16.754461240830114
endloop
endfacet
facet normal 1.0 0.0 -0.0
outer loop
vertex -24.2 12.302386351771773 -16.786782213126887
vertex -24.2 14.172681989798532 -16.754461240830114
vertex -24.2 14.056552788590558 -16.498158632058292
endloop
endfacet
facet normal -1.0 0.0 0.0
outer loop
vertex -31.8 10.2 -22.7
vertex -31.8 10.481233455689614 -22.69079336992599
vertex -31.8 20.0 -22.7
endloop
endfacet
facet normal -1.0 0.0 0.0
outer loop
vertex -31.8 10.481233455689614 -22.69079336992599
vertex -31.8 10.761262626546221 -22.663212903907382
vertex -31.8 20.0 -22.7
endloop
endfacet
facet normal -0.9999999999999999 0.0 0.0
outer loop
vertex -31.8 10.761262626546221 -22.663212903907382
vertex -31.8 11.03888838466935 -22.61737670573389
vertex -31.8 20.0 -22.7
endloop
endfacet
facet normal -1.0 0.0 0.0
outer loop
vertex -31.8 11.03888838466935 -22.61737670573389
vertex -31.8 11.312921893940839 -22.553481053042994
vertex -31.8 20.0 -22.7
endloop
endfacet
facet normal -1.0 0.0 0.0
outer loop
vertex -31.8 11.312921893940839 -22.553481053042994
vertex -31.8 11.582189700803594 -22.47179955682895
vertex -31.8 20.0 -22.7
endloop
endfacet
facet normal -1.0 0.0 0.0
outer loop
vertex -31.8 11.582189700803594 -22.47179955682895
vertex -31.8 11.845538759169886 -22.37268198979853
vertex -31.8 20.0 -22.7
endloop
endfacet
facet normal -1.0 0.0 0.0
outer loop
vertex -31.8 11.845538759169886 -22.37268198979853
vertex -31.8 12.101841367941704 -22.256552788590557
vertex -31.8 20.0 -22.7
endloop
endfacet
facet normal -1.0 0.0 0.0
outer loop
vertex -31.8 12.101841367941704 -22.256552788590557
vertex -31.8 12.349999999999998 -22.123909236273086
vertex -31.8 20.0 -22.7
endloop
endfacet
facet normal -1.0 0.0 0.0
outer loop
vertex -31.8 12.349999999999998 -22.123909236273086
vertex -31.8 12.588952001984289 -21.975319332900945
vertex -31.8 20.0 -22.7
endloop
endfacet
facet normal -1.0 0.0 0.0
outer loop
vertex -31.8 12.588952001984289 -21.975319332900945
vertex -31.8 12.817674144737499 -21.81141936325231
vertex -31.8 20.0 -22.7
endloop
endfacet
facet normal -1.0 0.0 0.0
outer loop
vertex -31.8 12.817674144737499 -21.81141936325231
vertex -31.8 13.035187004930295 -21.632911172159602
vertex -31.8 20.0 -22.7
endloop
endfacet
facet normal -0.9999999999999999 0.0 0.0
outer loop
vertex -31.8 13.035187004930295 -21.632911172159602
vertex -31.8 13.240559159102153 -21.440559159102154
vertex -31.8 20.0 -22.7
endloop
endfacet
facet normal -1.0 0.0 0.0
outer loop
vertex -31.8 13.240559159102153 -21.440559159102154
vertex -31.8 13.432911172159603 -21.235187004930296
vertex -31.8 20.0 -22.7
endloop
endfacet
facet normal -0.9999999999999999 0.0 0.0
outer loop
vertex -31.8 13.432911172159603 -21.235187004930296
vertex -31.8 13.61141936325231 -21.017674144737498
vertex -31.8 20.0 -22.7
endloop
endfacet
facet normal -1.0 0.0 0.0
outer loop
vertex -31.8 13.61141936325231 -21.017674144737498
vertex -31.8 13.775319332900944 -20.78895200198429
vertex -31.8 20.0 -22.7
endloop
endfacet
facet normal -1.0 0.0 -0.0
outer loop
vertex -31.8 10.2 -14.099999999999998
vertex -31.8 20.0 -14.099999999999998
vertex -31.8 10.481233455689614 -14.109206630074004
endloop
endfacet
facet normal -1.0 0.0 -0.0
outer loop
vertex -31.8 10.481233455689614 -14.109206630074004
vertex -31.8 20.0 -14.099999999999998
vertex -31.8 10.761262626546221 -14.136787096092615
endloop
endfacet
facet normal -1.0 0.0 -0.0
outer loop
vertex -31.8 10.761262626546221 -14.136787096092615
vertex -31.8 20.0 -14.099999999999998
vertex -31.8 11.03888838466935 -14.182623294266108
endloop
endfacet
facet normal -1.0 0.0 -0.0
outer loop
vertex -31.8 11.03888838466935 -14.182623294266108
vertex -31.8 20.0 -14.099999999999998
vertex -31.8 11.312921893940839 -14.246518946957005
endloop
endfacet
facet normal -1.0 0.0 -0.0
outer loop
vertex -31.8 12.817674144737499 -14.988580636747688
vertex -31.8 20.0 -14.099999999999998
vertex -31.8 13.035187004930295 -15.167088827840395
endloop
endfacet
facet normal -1.0 0.0 -0.0
outer loop
vertex -31.8 13.035187004930295 -15.167088827840395
vertex -31.8 20.0 -14.099999999999998
vertex -31.8 13.240559159102153 -15.359440840897845
endloop
endfacet
facet normal -1.0 0.0 -0.0
outer loop
vertex -31.8 13.240559159102153 -15.359440840897845
vertex -31.8 20.0 -14.099999999999998
vertex -31.8 13.432911172159603 -15.564812995069703
endloop
endfacet
facet normal -1.0 0.0 -0.0
outer loop
vertex -31.8 13.432911172159603 -15.564812995069703
vertex -31.8 20.0 -14.099999999999998
vertex -31.8 13.61141936325231 -15.7823258552625
endloop
endfacet
facet normal -1.0 0.0 -0.0
outer loop
vertex -31.8 13.61141936325231 -15.7823258552625
vertex -31.8 20.0 -14.099999999999998
vertex -31.8 13.775319332900944 -16.01104799801571
endloop
endfacet
facet normal -1.0 0.0 -0.0
outer loop
vertex -31.8 11.312921893940839 -14.246518946957005
vertex -31.8 20.0 -14.099999999999998
vertex -31.8 11.582189700803594 -14.328200443171045
endloop
endfacet
facet normal -1.0 0.0 -0.0
outer loop
vertex -31.8 11.582189700803594 -14.328200443171045
vertex -31.8 20.0 -14.099999999999998
vertex -31.8 11.845538759169886 -14.427318010201466
endloop
endfacet
facet normal -1.0 0.0 -0.0
outer loop
vertex -31.8 11.845538759169886 -14.427318010201466
vertex -31.8 20.0 -14.099999999999998
vertex -31.8 12.101841367941704 -14.54344721140944
endloop
endfacet
facet normal -1.0 0.0 -0.0
outer loop
vertex -31.8 12.101841367941704 -14.54344721140944
vertex -31.8 20.0 -14.099999999999998
vertex -31.8 12.349999999999998 -14.676090763726911
endloop
endfacet
facet normal -1.0 0.0 -0.0
outer loop
vertex -31.8 12.349999999999998 -14.676090763726911
vertex -31.8 20.0 -14.099999999999998
vertex -31.8 12.588952001984289 -14.824680667099054
endloop
endfacet
facet normal -1.0 0.0 -0.0
outer loop
vertex -31.8 12.588952001984289 -14.824680667099054
vertex -31.8 20.0 -14.099999999999998
vertex -31.8 12.817674144737499 -14.988580636747688
endloop
endfacet
facet normal -1.0 0.0 0.0
outer loop
vertex -31.8 13.775319332900944 -20.78895200198429
vertex -31.8 13.923909236273087 -20.549999999999997
vertex -31.8 20.0 -22.7
endloop
endfacet
facet normal -1.0 0.0 0.0
outer loop
vertex -31.8 13.923909236273087 -20.549999999999997
vertex -31.8 14.056552788590558 -20.301841367941705
vertex -31.8 20.0 -22.7
endloop
endfacet
facet normal -1.0 0.0 0.0
outer loop
vertex -31.8 14.056552788590558 -20.301841367941705
vertex -31.8 14.172681989798532 -20.045538759169883
vertex -31.8 20.0 -14.099999999999998
endloop
endfacet
facet normal -1.0 0.0 0.0
outer loop
vertex -31.8 14.172681989798532 -20.045538759169883
vertex -31.8 14.271799556828952 -19.782189700803592
vertex -31.8 20.0 -14.099999999999998
endloop
endfacet
facet normal -0.9999999999999999 0.0 0.0
outer loop
vertex -31.8 14.271799556828952 -19.782189700803592
vertex -31.8 14.353481053042993 -19.512921893940838
vertex -31.8 20.0 -14.099999999999998
endloop
endfacet
facet normal -1.0 0.0 0.0
outer loop
vertex -31.8 14.353481053042993 -19.512921893940838
vertex -31.8 14.41737670573389 -19.23888838466935
vertex -31.8 20.0 -14.099999999999998
endloop
endfacet
facet normal -1.0 0.0 0.0
outer loop
vertex -31.8 14.41737670573389 -19.23888838466935
vertex -31.8 14.463212903907383 -18.96126262654622
vertex -31.8 20.0 -14.099999999999998
endloop
endfacet
facet normal -1.0 0.0 0.0
outer loop
vertex -31.8 14.056552788590558 -20.301841367941705
vertex -31.8 20.0 -14.099999999999998
vertex -31.8 20.0 -22.7
endloop
endfacet
facet normal -1.0 0.0 0.0
outer loop
vertex -31.8 14.353481053042993 -17.28707810605916
vertex -31.8 14.271799556828952 -17.017810299196405
vertex -31.8 20.0 -14.099999999999998
endloop
endfacet
facet normal -1.0 0.0 0.0
outer loop
vertex -31.8 14.463212903907383 -18.96126262654622
vertex -31.8 14.490793369925994 -18.681233455689615
vertex -31.8 20.0 -14.099999999999998
endloop
endfacet
facet normal -0.9999999999999999 0.0 0.0
outer loop
vertex -31.8 14.490793369925994 -18.681233455689615
vertex -31.8 14.5 -18.4
vertex -31.8 20.0 -14.099999999999998
endloop
endfacet
facet normal -1.0 0.0 0.0
outer loop
vertex -31.8 14.5 -18.4
vertex -31.8 14.490793369925994 -18.118766544310382
vertex -31.8 20.0 -14.099999999999998
endloop
endfacet
facet normal -1.0 0.0 0.0
outer loop
vertex -31.8 14.490793369925994 -18.118766544310382
vertex -31.8 14.463212903907383 -17.838737373453778
vertex -31.8 20.0 -14.099999999999998
endloop
endfacet
facet normal -1.0 0.0 0.0
outer loop
vertex -31.8 14.463212903907383 -17.838737373453778
vertex -31.8 14.41737670573389 -17.561111615330645
vertex -31.8 20.0 -14.099999999999998
endloop
endfacet
facet normal -1.0 0.0 0.0
outer loop
vertex -31.8 14.41737670573389 -17.561111615330645
vertex -31.8 14.353481053042993 -17.28707810605916
vertex -31.8 20.0 -14.099999999999998
endloop
endfacet
facet normal -1.0 0.0 0.0
outer loop
vertex -31.8 13.923909236273087 -16.25
vertex -31.8 13.775319332900944 -16.01104799801571
vertex -31.8 20.0 -14.099999999999998
endloop
endfacet
facet normal -1.0 0.0 -0.0
outer loop
vertex -31.8 13.923909236273087 -16.25
vertex -31.8 20.0 -14.099999999999998
vertex -31.8 14.056552788590558 -16.498158632058292
endloop
endfacet
facet normal -0.9999999999999999 0.0 0.0
outer loop
vertex -31.8 14.172681989798532 -16.754461240830114
vertex -31.8 14.056552788590558 -16.498158632058292
vertex -31.8 20.0 -14.099999999999998
endloop
endfacet
facet normal -0.9999999999999999 0.0 -0.0
outer loop
vertex -31.8 14.172681989798532 -16.754461240830114
vertex -31.8 20.0 -14.099999999999998
vertex -31.8 14.271799556828952 -17.017810299196405
endloop
endfacet
facet normal 0.0 0.0 -1.0
outer loop
vertex -31.8 10.2 -22.7
vertex -31.8 20.0 -22.7
vertex -24.2 10.2 -22.7
endloop
endfacet
facet normal 0.0 0.0 -0.9999999999999999
outer loop
vertex -31.8 20.0 -22.7
vertex -31.8 24.0 -22.7
vertex -24.2 10.2 -22.7
endloop
endfacet
facet normal 0.0 -0.0 1.0
outer loop
vertex -31.8 10.2 -14.099999999999998
vertex -24.2 20.0 -14.099999999999998
vertex -31.8 20.0 -14.099999999999998
endloop
endfacet
facet normal 0.0 0.0 1.0
outer loop
vertex -31.8 10.2 -14.099999999999998
vertex -24.2 10.2 -14.099999999999998
vertex -24.2 20.0 -14.099999999999998
endloop
endfacet
facet normal 0.0 0.0 -1.0
outer loop
vertex -31.8 24.0 -22.7
vertex -24.2 20.0 -22.7
vertex -24.2 10.2 -22.7
endloop
endfacet
facet normal 1.0 0.0 -0.0
outer loop
vertex -24.2 10.2 -22.7
vertex -24.2 20.0 -22.7
vertex -24.2 10.481233455689614 -22.69079336992599
endloop
endfacet
facet normal 1.0 -0.0 -0.0
outer loop
vertex -24.2 10.481233455689614 -22.69079336992599
vertex -24.2 20.0 -22.7
vertex -24.2 10.761262626546221 -22.663212903907382
endloop
endfacet
facet normal 1.0 -0.0 -0.0
outer loop
vertex -24.2 10.761262626546221 -22.663212903907382
vertex -24.2 20.0 -22.7
vertex -24.2 11.03888838466935 -22.61737670573389
endloop
endfacet
facet normal 1.0 -0.0 -0.0
outer loop
vertex -24.2 11.03888838466935 -22.61737670573389
vertex -24.2 20.0 -22.7
vertex -24.2 11.312921893940839 -22.553481053042994
endloop
endfacet
facet normal 1.0 -0.0 -0.0
outer loop
vertex -24.2 11.312921893940839 -22.553481053042994
vertex -24.2 20.0 -22.7
vertex -24.2 11.582189700803594 -22.47179955682895
endloop
endfacet
facet normal 1.0 -0.0 -0.0
outer loop
vertex -24.2 11.582189700803594 -22.47179955682895
vertex -24.2 20.0 -22.7
vertex -24.2 11.845538759169886 -22.37268198979853
endloop
endfacet
facet normal 1.0 -0.0 -0.0
outer loop
vertex -24.2 11.845538759169886 -22.37268198979853
vertex -24.2 20.0 -22.7
vertex -24.2 12.101841367941704 -22.256552788590557
endloop
endfacet
facet normal 1.0 -0.0 -0.0
outer loop
vertex -24.2 12.101841367941704 -22.256552788590557
vertex -24.2 20.0 -22.7
vertex -24.2 12.349999999999998 -22.123909236273086
endloop
endfacet
facet normal 1.0 -0.0 -0.0
outer loop
vertex -24.2 12.349999999999998 -22.123909236273086
vertex -24.2 20.0 -22.7
vertex -24.2 12.588952001984289 -21.975319332900945
endloop
endfacet
facet normal 1.0 -0.0 -0.0
outer loop
vertex -24.2 12.588952001984289 -21.975319332900945
vertex -24.2 20.0 -22.7
vertex -24.2 12.817674144737499 -21.81141936325231
endloop
endfacet
facet normal 1.0 -0.0 -0.0
outer loop
vertex -24.2 12.817674144737499 -21.81141936325231
vertex -24.2 20.0 -22.7
vertex -24.2 13.035187004930295 -21.632911172159602
endloop
endfacet
facet normal 1.0 -0.0 -0.0
outer loop
vertex -24.2 13.035187004930295 -21.632911172159602
vertex -24.2 20.0 -22.7
vertex -24.2 13.240559159102153 -21.440559159102154
endloop
endfacet
facet normal 1.0 -0.0 -0.0
outer loop
vertex -24.2 13.240559159102153 -21.440559159102154
vertex -24.2 20.0 -22.7
vertex -24.2 13.432911172159603 -21.235187004930296
endloop
endfacet
facet normal 0.9999999999999999 -0.0 -0.0
outer loop
vertex -24.2 13.432911172159603 -21.235187004930296
vertex -24.2 20.0 -22.7
vertex -24.2 13.61141936325231 -21.017674144737498
endloop
endfacet
facet normal 1.0 -0.0 -0.0
outer loop
vertex -24.2 13.61141936325231 -21.017674144737498
vertex -24.2 20.0 -22.7
vertex -24.2 13.775319332900944 -20.78895200198429
endloop
endfacet
facet normal 1.0 -0.0 0.0
outer loop
vertex -24.2 10.2 -14.099999999999998
vertex -24.2 10.481233455689614 -14.109206630074004
vertex -24.2 20.0 -14.099999999999998
endloop
endfacet
facet normal 1.0 -0.0 0.0
outer loop
vertex -24.2 10.481233455689614 -14.109206630074004
vertex -24.2 10.761262626546221 -14.136787096092615
vertex -24.2 20.0 -14.099999999999998
endloop
endfacet
facet normal 0.9999999999999999 -0.0 0.0
outer loop
vertex -24.2 10.761262626546221 -14.136787096092615
vertex -24.2 11.03888838466935 -14.182623294266108
vertex -24.2 20.0 -14.099999999999998
endloop
endfacet
facet normal 1.0 -0.0 0.0
outer loop
vertex -24.2 11.03888838466935 -14.182623294266108
vertex -24.2 11.312921893940839 -14.246518946957005
vertex -24.2 20.0 -14.099999999999998
endloop
endfacet
facet normal 1.0 -0.0 0.0
outer loop
vertex -24.2 12.817674144737499 -14.988580636747688
vertex -24.2 13.035187004930295 -15.167088827840395
vertex -24.2 20.0 -14.099999999999998
endloop
endfacet
facet normal 1.0 -0.0 0.0
outer loop
vertex -24.2 13.035187004930295 -15.167088827840395
vertex -24.2 13.240559159102153 -15.359440840897845
vertex -24.2 20.0 -14.099999999999998
endloop
endfacet
facet normal 1.0 -0.0 0.0
outer loop
vertex -24.2 13.240559159102153 -15.359440840897845
vertex -24.2 13.432911172159603 -15.564812995069703
vertex -24.2 20.0 -14.099999999999998
endloop
endfacet
facet normal 1.0 -0.0 0.0
outer loop
vertex -24.2 13.432911172159603 -15.564812995069703
vertex -24.2 13.61141936325231 -15.7823258552625
vertex -24.2 20.0 -14.099999999999998
endloop
endfacet
facet normal 1.0 -0.0 0.0
outer loop
vertex -24.2 13.61141936325231 -15.7823258552625
vertex -24.2 13.775319332900944 -16.01104799801571
vertex -24.2 20.0 -14.099999999999998
endloop
endfacet
facet normal 1.0 -0.0 0.0
outer loop
vertex -24.2 11.312921893940839 -14.246518946957005
vertex -24.2 11.582189700803594 -14.328200443171045
vertex -24.2 20.0 -14.099999999999998
endloop
endfacet
facet normal 1.0 -0.0 0.0
outer loop
vertex -24.2 11.582189700803594 -14.328200443171045
vertex -24.2 11.845538759169886 -14.427318010201466
vertex -24.2 20.0 -14.099999999999998
endloop
endfacet
facet normal 1.0 -0.0 0.0
outer loop
vertex -24.2 11.845538759169886 -14.427318010201466
vertex -24.2 12.101841367941704 -14.54344721140944
vertex -24.2 20.0 -14.099999999999998
endloop
endfacet
facet normal 1.0 -0.0 0.0
outer loop
vertex -24.2 12.101841367941704 -14.54344721140944
vertex -24.2 12.349999999999998 -14.676090763726911
vertex -24.2 20.0 -14.099999999999998
endloop
endfacet
facet normal 1.0 -0.0 0.0
outer loop
vertex -24.2 12.349999999999998 -14.676090763726911
vertex -24.2 12.588952001984289 -14.824680667099054
vertex -24.2 20.0 -14.099999999999998
endloop
endfacet
facet normal 1.0 -0.0 0.0
outer loop
vertex -24.2 12.588952001984289 -14.824680667099054
vertex -24.2 12.817674144737499 -14.988580636747688
vertex -24.2 20.0 -14.099999999999998
endloop
endfacet
facet normal 1.0 -0.0 -0.0
outer loop
vertex -24.2 13.775319332900944 -20.78895200198429
vertex -24.2 20.0 -22.7
vertex -24.2 13.923909236273087 -20.549999999999997
endloop
endfacet
facet normal 1.0 -0.0 -0.0
outer loop
vertex -24.2 13.923909236273087 -20.549999999999997
vertex -24.2 20.0 -22.7
vertex -24.2 14.056552788590558 -20.301841367941705
endloop
endfacet
facet normal 1.0 -0.0 -0.0
outer loop
vertex -24.2 14.056552788590558 -20.301841367941705
vertex -24.2 20.0 -22.7
vertex -24.2 14.172681989798532 -20.045538759169883
endloop
endfacet
facet normal 0.9999999999999999 -0.0 -0.0
outer loop
vertex -24.2 14.172681989798532 -20.045538759169883
vertex -24.2 20.0 -22.7
vertex -24.2 14.271799556828952 -19.782189700803592
endloop
endfacet
facet normal 1.0 -0.0 -0.0
outer loop
vertex -24.2 14.271799556828952 -19.782189700803592
vertex -24.2 20.0 -22.7
vertex -24.2 14.353481053042993 -19.512921893940838
endloop
endfacet
facet normal 1.0 -0.0 -0.0
outer loop
vertex -24.2 14.353481053042993 -19.512921893940838
vertex -24.2 20.0 -22.7
vertex -24.2 14.41737670573389 -19.23888838466935
endloop
endfacet
facet normal 1.0 -0.0 -0.0
outer loop
vertex -24.2 14.41737670573389 -19.23888838466935
vertex -24.2 20.0 -22.7
vertex -24.2 14.463212903907383 -18.96126262654622
endloop
endfacet
facet normal 1.0 -0.0 -0.0
outer loop
vertex -24.2 14.463212903907383 -18.96126262654622
vertex -24.2 20.0 -22.7
vertex -24.2 14.490793369925994 -18.681233455689615
endloop
endfacet
facet normal 1.0 -0.0 -0.0
outer loop
vertex -24.2 14.353481053042993 -17.28707810605916
vertex -24.2 20.0 -22.7
vertex -24.2 14.271799556828952 -17.017810299196405
endloop
endfacet
facet normal 1.0 0.0 0.0
outer loop
vertex -24.2 14.172681989798532 -16.754461240830114
vertex -24.2 14.271799556828952 -17.017810299196405
vertex -24.2 20.0 -22.7
endloop
endfacet
facet normal 1.0 -0.0 -0.0
outer loop
vertex -24.2 14.490793369925994 -18.681233455689615
vertex -24.2 20.0 -22.7
vertex -24.2 14.5 -18.4
endloop
endfacet
facet normal 1.0 -0.0 -0.0
outer loop
vertex -24.2 14.5 -18.4
vertex -24.2 20.0 -22.7
vertex -24.2 14.490793369925994 -18.118766544310382
endloop
endfacet
facet normal 1.0 -0.0 -0.0
outer loop
vertex -24.2 14.490793369925994 -18.118766544310382
vertex -24.2 20.0 -22.7
vertex -24.2 14.463212903907383 -17.838737373453778
endloop
endfacet
facet normal 1.0 -0.0 -0.0
outer loop
vertex -24.2 14.463212903907383 -17.838737373453778
vertex -24.2 20.0 -22.7
vertex -24.2 14.41737670573389 -17.561111615330645
endloop
endfacet
facet normal 1.0 -0.0 -0.0
outer loop
vertex -24.2 14.41737670573389 -17.561111615330645
vertex -24.2 20.0 -22.7
vertex -24.2 14.353481053042993 -17.28707810605916
endloop
endfacet
facet normal 1.0 -0.0 -0.0
outer loop
vertex -24.2 14.172681989798532 -16.754461240830114
vertex -24.2 20.0 -22.7
vertex -24.2 14.056552788590558 -16.498158632058292
endloop
endfacet
facet normal 1.0 -0.0 0.0
outer loop
vertex -24.2 14.056552788590558 -16.498158632058292
vertex -24.2 20.0 -22.7
vertex -24.2 20.0 -14.099999999999998
endloop
endfacet
facet normal 1.0 0.0 -0.0
outer loop
vertex -24.2 13.923909236273087 -16.25
vertex -24.2 20.0 -14.099999999999998
vertex -24.2 13.775319332900944 -16.01104799801571
endloop
endfacet
facet normal 1.0 -0.0 0.0
outer loop
vertex -24.2 13.923909236273087 -16.25
vertex -24.2 14.056552788590558 -16.498158632058292
vertex -24.2 20.0 -14.099999999999998
endloop
endfacet
facet normal -0.0 0.9994645874763657 0.0327190828217766
outer loop
vertex -31.8 7.5556738534177 -18.573318292459877
vertex -31.8 7.549999999999999 -18.4
vertex -24.2 7.549999999999999 -18.4
endloop
endfacet
facet normal 0.0 0.9994645874763657 -0.0327190828217766
outer loop
vertex -31.8 7.549999999999999 -18.4
vertex -31.8 7.5556738534177 -18.22668170754012
vertex -24.2 7.5556738534177 -18.22668170754012
endloop
endfacet
facet normal -0.0 0.773010453362732 0.6343932841636516
outer loop
vertex -31.8 8.20762451018071 -20.14726641001518
vertex -31.8 8.097613648228226 -20.01321778687311
vertex -24.2 8.097613648228226 -20.01321778687311
endloop
endfacet
facet normal -0.0 0.7298640726978304 0.6835923020228769
outer loop
vertex -31.8 8.20762451018071 -20.14726641001518
vertex -24.2 8.20762451018071 -20.14726641001518
vertex -31.8 8.326167029855648 -20.273832970144348
endloop
endfacet
facet normal -0.0 0.6835923020228718 0.7298640726978352
outer loop
vertex -31.8 8.326167029855648 -20.273832970144348
vertex -24.2 8.326167029855648 -20.273832970144348
vertex -31.8 8.452733589984817 -20.392375489819287
endloop
endfacet
facet normal -0.0 0.6343932841636526 0.7730104533627311
outer loop
vertex -31.8 8.452733589984817 -20.392375489819287
vertex -24.2 8.452733589984817 -20.392375489819287
vertex -31.8 8.58678221312689 -20.502386351771772
endloop
endfacet
facet normal -0.0 0.5824776968677963 0.8128466845916195
outer loop
vertex -31.8 8.58678221312689 -20.502386351771772
vertex -24.2 8.58678221312689 -20.502386351771772
vertex -31.8 8.727738882498054 -20.603394472601742
endloop
endfacet
facet normal -0.0 0.5280678506503639 0.8492021815265814
outer loop
vertex -31.8 8.727738882498054 -20.603394472601742
vertex -24.2 8.727738882498054 -20.603394472601742
vertex -31.8 8.875 -20.69496732002876
endloop
endfacet
facet normal -0.0 0.471396736826002 0.8819212643483527
outer loop
vertex -31.8 9.027934970919645 -20.77671276506162
vertex -31.8 8.875 -20.69496732002876
vertex -24.2 8.875 -20.69496732002876
endloop
endfacet
facet normal -0.0 0.4127070298043939 0.9108638249211761
outer loop
vertex -31.8 9.027934970919645 -20.77671276506162
vertex -24.2 9.027934970919645 -20.77671276506162
vertex -31.8 9.185888904232511 -20.848280761154907
endloop
endfacet
facet normal -0.0 0.8492021815265819 0.5280678506503629
outer loop
vertex -31.8 7.905032679971237 -19.724999999999998
vertex -24.2 7.905032679971237 -19.724999999999998
vertex -31.8 7.996605527398255 -19.872261117501946
endloop
endfacet
facet normal -0.0 0.8819212643483527 0.471396736826002
outer loop
vertex -31.8 7.905032679971237 -19.724999999999998
vertex -31.8 7.823287234938375 -19.572065029080353
vertex -24.2 7.823287234938375 -19.572065029080353
endloop
endfacet
facet normal -0.0 0.9108638249211743 0.4127070298043978
outer loop
vertex -31.8 7.751719238845089 -19.41411109576749
vertex -24.2 7.751719238845089 -19.41411109576749
vertex -31.8 7.823287234938375 -19.572065029080353
endloop
endfacet
facet normal -0.0 0.95694033573221 0.2902846772544583
outer loop
vertex -31.8 7.640296560333969 -19.08587046952168
vertex -24.2 7.640296560333969 -19.08587046952168
vertex -31.8 7.690635156837969 -19.251814583053378
endloop
endfacet
facet normal -0.0 0.935905926757326 0.3522500479212328
outer loop
vertex -31.8 7.751719238845089 -19.41411109576749
vertex -31.8 7.690635156837969 -19.251814583053378
vertex -24.2 7.690635156837969 -19.251814583053378
endloop
endfacet
facet normal -0.0 0.9738769792773336 0.22707626303437373
outer loop
vertex -31.8 7.640296560333969 -19.08587046952168
vertex -31.8 7.600919006931439 -18.91698935334274
vertex -24.2 7.600919006931439 -18.91698935334274
endloop
endfacet
facet normal -0.0 0.9866433320848793 0.16289547339458604
outer loop
vertex -31.8 7.600919006931439 -18.91698935334274
vertex -31.8 7.572671117359402 -18.745894409383133
vertex -24.2 7.572671117359402 -18.745894409383133
endloop
endfacet
facet normal -0.0 0.8128466845916169 0.5824776968677996
outer loop
vertex -31.8 7.996605527398255 -19.872261117501946
vertex -24.2 7.996605527398255 -19.872261117501946
vertex -31.8 8.097613648228226 -20.01321778687311
endloop
endfacet
facet normal -0.0 0.9951847266721966 0.0980171403295642
outer loop
vertex -31.8 7.5556738534177 -18.573318292459877
vertex -24.2 7.5556738534177 -18.573318292459877
vertex -31.8 7.572671117359402 -18.745894409383133
endloop
endfacet
facet normal 0.0 0.9951847266721966 -0.0980171403295642
outer loop
vertex -31.8 7.5556738534177 -18.22668170754012
vertex -31.8 7.572671117359402 -18.054105590616864
vertex -24.2 7.572671117359402 -18.054105590616864
endloop
endfacet
facet normal 0.0 0.9866433320848793 -0.16289547339458604
outer loop
vertex -31.8 7.572671117359402 -18.054105590616864
vertex -31.8 7.600919006931439 -17.883010646657258
vertex -24.2 7.600919006931439 -17.883010646657258
endloop
endfacet
facet normal 0.0 0.9738769792773336 -0.22707626303437373
outer loop
vertex -31.8 7.600919006931439 -17.883010646657258
vertex -31.8 7.640296560333969 -17.714129530478317
vertex -24.2 7.640296560333969 -17.714129530478317
endloop
endfacet
facet normal 0.0 0.95694033573221 -0.2902846772544583
outer loop
vertex -31.8 7.640296560333969 -17.714129530478317
vertex -31.8 7.690635156837969 -17.54818541694662
vertex -24.2 7.690635156837969 -17.54818541694662
endloop
endfacet
facet normal 0.0 0.935905926757326 -0.3522500479212328
outer loop
vertex -31.8 7.690635156837969 -17.54818541694662
vertex -31.8 7.751719238845089 -17.38588890423251
vertex -24.2 7.751719238845089 -17.38588890423251
endloop
endfacet
facet normal 0.0 0.9108638249211743 -0.4127070298043978
outer loop
vertex -31.8 7.751719238845089 -17.38588890423251
vertex -31.8 7.823287234938375 -17.227934970919645
vertex -24.2 7.823287234938375 -17.227934970919645
endloop
endfacet
facet normal 0.0 0.8819212643483527 -0.471396736826002
outer loop
vertex -31.8 7.823287234938375 -17.227934970919645
vertex -31.8 7.905032679971237 -17.075
vertex -24.2 7.905032679971237 -17.075
endloop
endfacet
facet normal 0.0 0.8492021815265819 -0.5280678506503629
outer loop
vertex -31.8 7.905032679971237 -17.075
vertex -31.8 7.996605527398255 -16.92773888249805
vertex -24.2 7.996605527398255 -16.92773888249805
endloop
endfacet
facet normal 0.0 0.8128466845916169 -0.5824776968677996
outer loop
vertex -31.8 7.996605527398255 -16.92773888249805
vertex -31.8 8.097613648228226 -16.786782213126887
vertex -24.2 8.097613648228226 -16.786782213126887
endloop
endfacet
facet normal 0.0 0.773010453362732 -0.6343932841636516
outer loop
vertex -31.8 8.097613648228226 -16.786782213126887
vertex -31.8 8.20762451018071 -16.652733589984816
vertex -24.2 8.20762451018071 -16.652733589984816
endloop
endfacet
facet normal 0.0 0.7298640726978304 -0.6835923020228769
outer loop
vertex -31.8 8.20762451018071 -16.652733589984816
vertex -31.8 8.326167029855648 -16.52616702985565
vertex -24.2 8.326167029855648 -16.52616702985565
endloop
endfacet
facet normal 0.0 0.6835923020228718 -0.7298640726978352
outer loop
vertex -31.8 8.326167029855648 -16.52616702985565
vertex -31.8 8.452733589984817 -16.40762451018071
vertex -24.2 8.452733589984817 -16.40762451018071
endloop
endfacet
facet normal 0.0 0.6343932841636526 -0.7730104533627311
outer loop
vertex -31.8 8.452733589984817 -16.40762451018071
vertex -31.8 8.58678221312689 -16.297613648228225
vertex -24.2 8.58678221312689 -16.297613648228225
endloop
endfacet
facet normal 0.0 0.5824776968677963 -0.8128466845916195
outer loop
vertex -31.8 8.58678221312689 -16.297613648228225
vertex -31.8 8.727738882498054 -16.196605527398255
vertex -24.2 8.727738882498054 -16.196605527398255
endloop
endfacet
facet normal 0.0 0.5280678506503639 -0.8492021815265814
outer loop
vertex -31.8 8.727738882498054 -16.196605527398255
vertex -31.8 8.875 -16.105032679971238
vertex -24.2 8.875 -16.105032679971238
endloop
endfacet
facet normal 0.0 0.471396736826002 -0.8819212643483527
outer loop
vertex -31.8 8.875 -16.105032679971238
vertex -31.8 9.027934970919645 -16.023287234938376
vertex -24.2 9.027934970919645 -16.023287234938376
endloop
endfacet
facet normal 0.0 0.41270702980440244 -0.9108638249211722
outer loop
vertex -31.8 9.027934970919645 -16.023287234938376
vertex -31.8 9.185888904232511 -15.951719238845088
vertex -24.2 9.185888904232511 -15.951719238845088
endloop
endfacet
facet normal -0.0 0.3522500479212362 0.9359059267573248
outer loop
vertex -31.8 9.185888904232511 -20.848280761154907
vertex -24.2 9.185888904232511 -20.848280761154907
vertex -31.8 9.34818541694662 -20.909364843162027
endloop
endfacet
facet normal -0.0 0.29028467725446483 0.9569403357322082
outer loop
vertex -31.8 9.34818541694662 -20.909364843162027
vertex -24.2 9.34818541694662 -20.909364843162027
vertex -31.8 9.51412953047832 -20.95970343966603
endloop
endfacet
facet normal -0.0 0.22707626303438083 0.973876979277332
outer loop
vertex -31.8 9.51412953047832 -20.95970343966603
vertex -24.2 9.51412953047832 -20.95970343966603
vertex -31.8 9.683010646657259 -20.99908099306856
endloop
endfacet
facet normal -0.0 0.16289547339458274 0.98664333208488
outer loop
vertex -31.8 9.683010646657259 -20.99908099306856
vertex -24.2 9.683010646657259 -20.99908099306856
vertex -31.8 9.854105590616863 -21.027328882640596
endloop
endfacet
facet normal -0.0 0.09801714032955307 0.9951847266721977
outer loop
vertex -31.8 10.02668170754012 -21.044326146582296
vertex -31.8 9.854105590616863 -21.027328882640596
vertex -24.2 9.854105590616863 -21.027328882640596
endloop
endfacet
facet normal -0.0 0.0327190828217766 0.9994645874763657
outer loop
vertex -31.8 10.02668170754012 -21.044326146582296
vertex -24.2 10.02668170754012 -21.044326146582296
vertex -31.8 10.2 -21.049999999999997
endloop
endfacet
facet normal 0.0 -0.0327190828217766 0.9994645874763657
outer loop
vertex -31.8 10.2 -21.049999999999997
vertex -24.2 10.2 -21.049999999999997
vertex -31.8 10.373318292459878 -21.044326146582296
endloop
endfacet
facet normal 0.0 -0.09801714032955307 0.9951847266721977
outer loop
vertex -31.8 10.373318292459878 -21.044326146582296
vertex -24.2 10.373318292459878 -21.044326146582296
vertex -31.8 10.545894409383136 -21.027328882640596
endloop
endfacet
facet normal 0.0 -0.16289547339458274 0.98664333208488
outer loop
vertex -31.8 10.545894409383136 -21.027328882640596
vertex -24.2 10.545894409383136 -21.027328882640596
vertex -31.8 10.71698935334274 -20.99908099306856
endloop
endfacet
facet normal 0.0 -0.22707626303438083 0.973876979277332
outer loop
vertex -31.8 10.71698935334274 -20.99908099306856
vertex -24.2 10.71698935334274 -20.99908099306856
vertex -31.8 10.885870469521679 -20.95970343966603
endloop
endfacet
facet normal 0.0 -0.29028467725446483 0.9569403357322082
outer loop
vertex -31.8 10.885870469521679 -20.95970343966603
vertex -24.2 10.885870469521679 -20.95970343966603
vertex -31.8 11.051814583053378 -20.909364843162027
endloop
endfacet
facet normal 0.0 -0.3522500479212362 0.9359059267573248
outer loop
vertex -31.8 11.051814583053378 -20.909364843162027
vertex -24.2 11.051814583053378 -20.909364843162027
vertex -31.8 11.214111095767487 -20.848280761154907
endloop
endfacet
facet normal 0.0 -0.4127070298043939 0.9108638249211761
outer loop
vertex -31.8 11.214111095767487 -20.848280761154907
vertex -24.2 11.214111095767487 -20.848280761154907
vertex -31.8 11.372065029080353 -20.77671276506162
endloop
endfacet
facet normal 0.0 -0.471396736826002 0.8819212643483527
outer loop
vertex -31.8 11.372065029080353 -20.77671276506162
vertex -24.2 11.372065029080353 -20.77671276506162
vertex -31.8 11.524999999999999 -20.69496732002876
endloop
endfacet
facet normal 0.0 -0.5280678506503639 0.8492021815265814
outer loop
vertex -31.8 11.524999999999999 -20.69496732002876
vertex -24.2 11.524999999999999 -20.69496732002876
vertex -31.8 11.672261117501945 -20.603394472601742
endloop
endfacet
facet normal 0.0 -0.5824776968677963 0.8128466845916195
outer loop
vertex -31.8 11.672261117501945 -20.603394472601742
vertex -24.2 11.672261117501945 -20.603394472601742
vertex -31.8 11.813217786873109 -20.502386351771772
endloop
endfacet
facet normal 0.0 -0.6343932841636526 0.7730104533627311
outer loop
vertex -31.8 11.813217786873109 -20.502386351771772
vertex -24.2 11.813217786873109 -20.502386351771772
vertex -31.8 11.947266410015182 -20.392375489819287
endloop
endfacet
facet normal 0.0 -0.6835923020228718 0.7298640726978352
outer loop
vertex -31.8 11.947266410015182 -20.392375489819287
vertex -24.2 11.947266410015182 -20.392375489819287
vertex -31.8 12.07383297014435 -20.273832970144348
endloop
endfacet
facet normal 0.0 -0.7298640726978304 0.6835923020228769
outer loop
vertex -31.8 12.07383297014435 -20.273832970144348
vertex -24.2 12.07383297014435 -20.273832970144348
vertex -31.8 12.19237548981929 -20.14726641001518
endloop
endfacet
facet normal 0.0 -0.773010453362732 0.6343932841636516
outer loop
vertex -31.8 12.19237548981929 -20.14726641001518
vertex -24.2 12.19237548981929 -20.14726641001518
vertex -31.8 12.302386351771773 -20.01321778687311
endloop
endfacet
facet normal 0.0 -0.8128466845916195 0.5824776968677963
outer loop
vertex -31.8 12.302386351771773 -20.01321778687311
vertex -24.2 12.302386351771773 -20.01321778687311
vertex -31.8 12.403394472601743 -19.872261117501946
endloop
endfacet
facet normal 0.0 -0.8492021815265797 0.5280678506503665
outer loop
vertex -31.8 12.403394472601743 -19.872261117501946
vertex -24.2 12.403394472601743 -19.872261117501946
vertex -31.8 12.494967320028762 -19.724999999999998
endloop
endfacet
facet normal 0.0 -0.8819212643483527 0.471396736826002
outer loop
vertex -31.8 12.494967320028762 -19.724999999999998
vertex -24.2 12.494967320028762 -19.724999999999998
vertex -31.8 12.576712765061624 -19.572065029080353
endloop
endfacet
facet normal 0.0 0.3522500479212362 -0.9359059267573248
outer loop
vertex -31.8 9.185888904232511 -15.951719238845088
vertex -31.8 9.34818541694662 -15.890635156837968
vertex -24.2 9.34818541694662 -15.890635156837968
endloop
endfacet
facet normal 0.0 0.2902846772544554 -0.9569403357322108
outer loop
vertex -31.8 9.34818541694662 -15.890635156837968
vertex -31.8 9.51412953047832 -15.840296560333968
vertex -24.2 9.51412953047832 -15.840296560333968
endloop
endfacet
facet normal 0.0 0.22707626303438083 -0.973876979277332
outer loop
vertex -31.8 9.51412953047832 -15.840296560333968
vertex -31.8 9.683010646657259 -15.800919006931437
vertex -24.2 9.683010646657259 -15.800919006931437
endloop
endfacet
facet normal 0.0 0.16289547339458274 -0.98664333208488
outer loop
vertex -31.8 9.683010646657259 -15.800919006931437
vertex -31.8 9.854105590616863 -15.772671117359401
vertex -24.2 9.854105590616863 -15.772671117359401
endloop
endfacet
facet normal 0.0 0.0980171403295632 -0.9951847266721967
outer loop
vertex -31.8 9.854105590616863 -15.772671117359401
vertex -31.8 10.02668170754012 -15.755673853417699
vertex -24.2 10.02668170754012 -15.755673853417699
endloop
endfacet
facet normal 0.0 0.0327190828217766 -0.9994645874763657
outer loop
vertex -31.8 10.02668170754012 -15.755673853417699
vertex -31.8 10.2 -15.749999999999998
vertex -24.2 10.2 -15.749999999999998
endloop
endfacet
facet normal 0.0 -0.0327190828217766 -0.9994645874763657
outer loop
vertex -31.8 10.2 -15.749999999999998
vertex -31.8 10.373318292459878 -15.755673853417699
vertex -24.2 10.373318292459878 -15.755673853417699
endloop
endfacet
facet normal 0.0 -0.0980171403295632 -0.9951847266721967
outer loop
vertex -31.8 10.373318292459878 -15.755673853417699
vertex -31.8 10.545894409383136 -15.772671117359401
vertex -24.2 10.545894409383136 -15.772671117359401
endloop
endfacet
facet normal 0.0 -0.16289547339458274 -0.98664333208488
outer loop
vertex -31.8 10.545894409383136 -15.772671117359401
vertex -31.8 10.71698935334274 -15.800919006931437
vertex -24.2 10.71698935334274 -15.800919006931437
endloop
endfacet
facet normal 0.0 -0.22707626303438083 -0.973876979277332
outer loop
vertex -31.8 10.71698935334274 -15.800919006931437
vertex -31.8 10.885870469521679 -15.840296560333968
vertex -24.2 10.885870469521679 -15.840296560333968
endloop
endfacet
facet normal 0.0 -0.471396736826002 -0.8819212643483527
outer loop
vertex -31.8 11.524999999999999 -16.105032679971238
vertex -24.2 11.524999999999999 -16.105032679971238
vertex -31.8 11.372065029080353 -16.023287234938376
endloop
endfacet
facet normal 0.0 -0.5280678506503639 -0.8492021815265814
outer loop
vertex -31.8 11.524999999999999 -16.105032679971238
vertex -31.8 11.672261117501945 -16.196605527398255
vertex -24.2 11.672261117501945 -16.196605527398255
endloop
endfacet
facet normal 0.0 -0.2902846772544554 -0.9569403357322108
outer loop
vertex -31.8 10.885870469521679 -15.840296560333968
vertex -31.8 11.051814583053378 -15.890635156837968
vertex -24.2 11.051814583053378 -15.890635156837968
endloop
endfacet
facet normal 0.0 -0.3522500479212362 -0.9359059267573248
outer loop
vertex -31.8 11.051814583053378 -15.890635156837968
vertex -31.8 11.214111095767487 -15.951719238845088
vertex -24.2 11.214111095767487 -15.951719238845088
endloop
endfacet
facet normal 0.0 -0.41270702980440244 -0.9108638249211722
outer loop
vertex -31.8 11.214111095767487 -15.951719238845088
vertex -31.8 11.372065029080353 -16.023287234938376
vertex -24.2 11.372065029080353 -16.023287234938376
endloop
endfacet
facet normal 0.0 -0.6343932841636526 -0.7730104533627311
outer loop
vertex -31.8 11.813217786873109 -16.297613648228225
vertex -31.8 11.947266410015182 -16.40762451018071
vertex -24.2 11.947266410015182 -16.40762451018071
endloop
endfacet
facet normal 0.0 -0.5824776968677963 -0.8128466845916195
outer loop
vertex -31.8 11.672261117501945 -16.196605527398255
vertex -31.8 11.813217786873109 -16.297613648228225
vertex -24.2 11.813217786873109 -16.297613648228225
endloop
endfacet
facet normal 0.0 -0.6835923020228718 -0.7298640726978352
outer loop
vertex -31.8 11.947266410015182 -16.40762451018071
vertex -31.8 12.07383297014435 -16.52616702985565
vertex -24.2 12.07383297014435 -16.52616702985565
endloop
endfacet
facet normal 0.0 -0.773010453362732 -0.6343932841636516
outer loop
vertex -31.8 12.302386351771773 -16.786782213126887
vertex -24.2 12.302386351771773 -16.786782213126887
vertex -31.8 12.19237548981929 -16.652733589984816
endloop
endfacet
facet normal 0.0 -0.8128466845916195 -0.5824776968677963
outer loop
vertex -31.8 12.302386351771773 -16.786782213126887
vertex -31.8 12.403394472601743 -16.92773888249805
vertex -24.2 12.403394472601743 -16.92773888249805
endloop
endfacet
facet normal 0.0 -0.8492021815265797 -0.5280678506503665
outer loop
vertex -31.8 12.494967320028762 -17.075
vertex -24.2 12.494967320028762 -17.075
vertex -31.8 12.403394472601743 -16.92773888249805
endloop
endfacet
facet normal 0.0 -0.7298640726978304 -0.6835923020228769
outer loop
vertex -31.8 12.07383297014435 -16.52616702985565
vertex -31.8 12.19237548981929 -16.652733589984816
vertex -24.2 12.19237548981929 -16.652733589984816
endloop
endfacet
facet normal 0.0 -0.9108638249211743 0.4127070298043978
outer loop
vertex -31.8 12.576712765061624 -19.572065029080353
vertex -24.2 12.576712765061624 -19.572065029080353
vertex -31.8 12.64828076115491 -19.41411109576749
endloop
endfacet
facet normal 0.0 -0.935905926757326 0.3522500479212328
outer loop
vertex -31.8 12.64828076115491 -19.41411109576749
vertex -24.2 12.64828076115491 -19.41411109576749
vertex -31.8 12.70936484316203 -19.251814583053378
endloop
endfacet
facet normal 0.0 -0.95694033573221 0.2902846772544583
outer loop
vertex -31.8 12.70936484316203 -19.251814583053378
vertex -24.2 12.70936484316203 -19.251814583053378
vertex -31.8 12.75970343966603 -19.08587046952168
endloop
endfacet
facet normal 0.0 -0.9738769792773325 0.22707626303437858
outer loop
vertex -31.8 12.75970343966603 -19.08587046952168
vertex -24.2 12.75970343966603 -19.08587046952168
vertex -31.8 12.79908099306856 -18.91698935334274
endloop
endfacet
facet normal 0.0 -0.9866433320848802 0.16289547339458108
outer loop
vertex -31.8 12.79908099306856 -18.91698935334274
vertex -24.2 12.79908099306856 -18.91698935334274
vertex -31.8 12.827328882640597 -18.745894409383133
endloop
endfacet
facet normal 0.0 -0.9951847266721966 0.0980171403295642
outer loop
vertex -31.8 12.827328882640597 -18.745894409383133
vertex -24.2 12.827328882640597 -18.745894409383133
vertex -31.8 12.844326146582299 -18.573318292459877
endloop
endfacet
facet normal 0.0 -0.9994645874763657 0.0327190828217766
outer loop
vertex -31.8 12.844326146582299 -18.573318292459877
vertex -24.2 12.844326146582299 -18.573318292459877
vertex -31.8 12.85 -18.4
endloop
endfacet
facet normal 0.0 -0.9994645874763657 -0.0327190828217766
outer loop
vertex -31.8 12.85 -18.4
vertex -24.2 12.85 -18.4
vertex -31.8 12.844326146582299 -18.22668170754012
endloop
endfacet
facet normal 0.0 -0.9951847266721966 -0.0980171403295642
outer loop
vertex -31.8 12.827328882640597 -18.054105590616864
vertex -31.8 12.844326146582299 -18.22668170754012
vertex -24.2 12.844326146582299 -18.22668170754012
endloop
endfacet
facet normal 0.0 -0.935905926757326 -0.3522500479212328
outer loop
vertex -31.8 12.70936484316203 -17.54818541694662
vertex -24.2 12.70936484316203 -17.54818541694662
vertex -31.8 12.64828076115491 -17.38588890423251
endloop
endfacet
facet normal 0.0 -0.9866433320848802 -0.16289547339458108
outer loop
vertex -31.8 12.827328882640597 -18.054105590616864
vertex -24.2 12.827328882640597 -18.054105590616864
vertex -31.8 12.79908099306856 -17.883010646657258
endloop
endfacet
facet normal 0.0 -0.9738769792773325 -0.22707626303437858
outer loop
vertex -31.8 12.79908099306856 -17.883010646657258
vertex -24.2 12.79908099306856 -17.883010646657258
vertex -31.8 12.75970343966603 -17.714129530478317
endloop
endfacet
facet normal 0.0 -0.95694033573221 -0.2902846772544583
outer loop
vertex -31.8 12.70936484316203 -17.54818541694662
vertex -31.8 12.75970343966603 -17.714129530478317
vertex -24.2 12.75970343966603 -17.714129530478317
endloop
endfacet
facet normal 0.0 -0.9108638249211743 -0.4127070298043978
outer loop
vertex -31.8 12.64828076115491 -17.38588890423251
vertex -24.2 12.64828076115491 -17.38588890423251
vertex -31.8 12.576712765061624 -17.227934970919645
endloop
endfacet
facet normal 0.0 -0.8819212643483527 -0.471396736826002
outer loop
vertex -31.8 12.494967320028762 -17.075
vertex -31.8 12.576712765061624 -17.227934970919645
vertex -24.2 12.576712765061624 -17.227934970919645
endloop
endfacet
facet normal 0.0 0.9994645874763657 0.0327190828217766
outer loop
vertex -31.8 7.5556738534177 -18.573318292459877
vertex -24.2 7.549999999999999 -18.4
vertex -24.2 7.5556738534177 -18.573318292459877
endloop
endfacet
facet normal 0.0 0.9994645874763657 -0.0327190828217766
outer loop
vertex -31.8 7.549999999999999 -18.4
vertex -24.2 7.5556738534177 -18.22668170754012
vertex -24.2 7.549999999999999 -18.4
endloop
endfacet
facet normal 0.0 0.773010453362732 0.6343932841636516
outer loop
vertex -31.8 8.20762451018071 -20.14726641001518
vertex -24.2 8.097613648228226 -20.01321778687311
vertex -24.2 8.20762451018071 -20.14726641001518
endloop
endfacet
facet normal 0.0 0.7298640726978304 0.6835923020228769
outer loop
vertex -31.8 8.326167029855648 -20.273832970144348
vertex -24.2 8.20762451018071 -20.14726641001518
vertex -24.2 8.326167029855648 -20.273832970144348
endloop
endfacet
facet normal 0.0 0.6343932841636526 0.7730104533627311
outer loop
vertex -31.8 8.58678221312689 -20.502386351771772
vertex -24.2 8.452733589984817 -20.392375489819287
vertex -24.2 8.58678221312689 -20.502386351771772
endloop
endfacet
facet normal 0.0 0.6835923020228718 0.7298640726978352
outer loop
vertex -31.8 8.452733589984817 -20.392375489819287
vertex -24.2 8.326167029855648 -20.273832970144348
vertex -24.2 8.452733589984817 -20.392375489819287
endloop
endfacet
facet normal 0.0 0.5824776968677963 0.8128466845916195
outer loop
vertex -31.8 8.727738882498054 -20.603394472601742
vertex -24.2 8.58678221312689 -20.502386351771772
vertex -24.2 8.727738882498054 -20.603394472601742
endloop
endfacet
facet normal 0.0 0.471396736826002 0.8819212643483527
outer loop
vertex -31.8 9.027934970919645 -20.77671276506162
vertex -24.2 8.875 -20.69496732002876
vertex -24.2 9.027934970919645 -20.77671276506162
endloop
endfacet
facet normal 0.0 0.4127070298043939 0.9108638249211761
outer loop
vertex -31.8 9.185888904232511 -20.848280761154907
vertex -24.2 9.027934970919645 -20.77671276506162
vertex -24.2 9.185888904232511 -20.848280761154907
endloop
endfacet
facet normal 0.0 0.5280678506503639 0.8492021815265814
outer loop
vertex -31.8 8.875 -20.69496732002876
vertex -24.2 8.727738882498054 -20.603394472601742
vertex -24.2 8.875 -20.69496732002876
endloop
endfacet
facet normal 0.0 0.8492021815265819 0.5280678506503629
outer loop
vertex -31.8 7.996605527398255 -19.872261117501946
vertex -24.2 7.905032679971237 -19.724999999999998
vertex -24.2 7.996605527398255 -19.872261117501946
endloop
endfacet
facet normal 0.0 0.9108638249211743 0.4127070298043978
outer loop
vertex -31.8 7.823287234938375 -19.572065029080353
vertex -24.2 7.751719238845089 -19.41411109576749
vertex -24.2 7.823287234938375 -19.572065029080353
endloop
endfacet
facet normal 0.0 0.8819212643483527 0.471396736826002
outer loop
vertex -31.8 7.905032679971237 -19.724999999999998
vertex -24.2 7.823287234938375 -19.572065029080353
vertex -24.2 7.905032679971237 -19.724999999999998
endloop
endfacet
facet normal 0.0 0.935905926757326 0.3522500479212328
outer loop
vertex -31.8 7.751719238845089 -19.41411109576749
vertex -24.2 7.690635156837969 -19.251814583053378
vertex -24.2 7.751719238845089 -19.41411109576749
endloop
endfacet
facet normal 0.0 0.95694033573221 0.2902846772544583
outer loop
vertex -31.8 7.690635156837969 -19.251814583053378
vertex -24.2 7.640296560333969 -19.08587046952168
vertex -24.2 7.690635156837969 -19.251814583053378
endloop
endfacet
facet normal 0.0 0.9738769792773336 0.22707626303437373
outer loop
vertex -31.8 7.640296560333969 -19.08587046952168
vertex -24.2 7.600919006931439 -18.91698935334274
vertex -24.2 7.640296560333969 -19.08587046952168
endloop
endfacet
facet normal 0.0 0.9866433320848793 0.16289547339458604
outer loop
vertex -31.8 7.600919006931439 -18.91698935334274
vertex -24.2 7.572671117359402 -18.745894409383133
vertex -24.2 7.600919006931439 -18.91698935334274
endloop
endfacet
facet normal 0.0 0.8128466845916169 0.5824776968677996
outer loop
vertex -31.8 8.097613648228226 -20.01321778687311
vertex -24.2 7.996605527398255 -19.872261117501946
vertex -24.2 8.097613648228226 -20.01321778687311
endloop
endfacet
facet normal 0.0 0.9951847266721966 0.0980171403295642
outer loop
vertex -31.8 7.572671117359402 -18.745894409383133
vertex -24.2 7.5556738534177 -18.573318292459877
vertex -24.2 7.572671117359402 -18.745894409383133
endloop
endfacet
facet normal 0.0 0.9951847266721966 -0.0980171403295642
outer loop
vertex -31.8 7.5556738534177 -18.22668170754012
vertex -24.2 7.572671117359402 -18.054105590616864
vertex -24.2 7.5556738534177 -18.22668170754012
endloop
endfacet
facet normal 0.0 0.9866433320848793 -0.16289547339458604
outer loop
vertex -31.8 7.572671117359402 -18.054105590616864
vertex -24.2 7.600919006931439 -17.883010646657258
vertex -24.2 7.572671117359402 -18.054105590616864
endloop
endfacet
facet normal 0.0 0.9738769792773336 -0.22707626303437373
outer loop
vertex -31.8 7.600919006931439 -17.883010646657258
vertex -24.2 7.640296560333969 -17.714129530478317
vertex -24.2 7.600919006931439 -17.883010646657258
endloop
endfacet
facet normal 0.0 0.95694033573221 -0.2902846772544583
outer loop
vertex -31.8 7.640296560333969 -17.714129530478317
vertex -24.2 7.690635156837969 -17.54818541694662
vertex -24.2 7.640296560333969 -17.714129530478317
endloop
endfacet
facet normal 0.0 0.935905926757326 -0.3522500479212328
outer loop
vertex -31.8 7.690635156837969 -17.54818541694662
vertex -24.2 7.751719238845089 -17.38588890423251
vertex -24.2 7.690635156837969 -17.54818541694662
endloop
endfacet
facet normal 0.0 0.9108638249211743 -0.4127070298043978
outer loop
vertex -31.8 7.751719238845089 -17.38588890423251
vertex -24.2 7.823287234938375 -17.227934970919645
vertex -24.2 7.751719238845089 -17.38588890423251
endloop
endfacet
facet normal 0.0 0.8819212643483527 -0.471396736826002
outer loop
vertex -31.8 7.823287234938375 -17.227934970919645
vertex -24.2 7.905032679971237 -17.075
vertex -24.2 7.823287234938375 -17.227934970919645
endloop
endfacet
facet normal 0.0 0.8492021815265819 -0.5280678506503629
outer loop
vertex -31.8 7.905032679971237 -17.075
vertex -24.2 7.996605527398255 -16.92773888249805
vertex -24.2 7.905032679971237 -17.075
endloop
endfacet
facet normal 0.0 0.8128466845916169 -0.5824776968677996
outer loop
vertex -31.8 7.996605527398255 -16.92773888249805
vertex -24.2 8.097613648228226 -16.786782213126887
vertex -24.2 7.996605527398255 -16.92773888249805
endloop
endfacet
facet normal 0.0 0.773010453362732 -0.6343932841636516
outer loop
vertex -31.8 8.097613648228226 -16.786782213126887
vertex -24.2 8.20762451018071 -16.652733589984816
vertex -24.2 8.097613648228226 -16.786782213126887
endloop
endfacet
facet normal 0.0 0.7298640726978304 -0.6835923020228769
outer loop
vertex -31.8 8.20762451018071 -16.652733589984816
vertex -24.2 8.326167029855648 -16.52616702985565
vertex -24.2 8.20762451018071 -16.652733589984816
endloop
endfacet
facet normal 0.0 0.6835923020228718 -0.7298640726978352
outer loop
vertex -31.8 8.326167029855648 -16.52616702985565
vertex -24.2 8.452733589984817 -16.40762451018071
vertex -24.2 8.326167029855648 -16.52616702985565
endloop
endfacet
facet normal 0.0 0.6343932841636526 -0.7730104533627311
outer loop
vertex -31.8 8.452733589984817 -16.40762451018071
vertex -24.2 8.58678221312689 -16.297613648228225
vertex -24.2 8.452733589984817 -16.40762451018071
endloop
endfacet
facet normal 0.0 0.5824776968677963 -0.8128466845916195
outer loop
vertex -31.8 8.58678221312689 -16.297613648228225
vertex -24.2 8.727738882498054 -16.196605527398255
vertex -24.2 8.58678221312689 -16.297613648228225
endloop
endfacet
facet normal 0.0 0.5280678506503639 -0.8492021815265814
outer loop
vertex -31.8 8.727738882498054 -16.196605527398255
vertex -24.2 8.875 -16.105032679971238
vertex -24.2 8.727738882498054 -16.196605527398255
endloop
endfacet
facet normal 0.0 0.471396736826002 -0.8819212643483527
outer loop
vertex -31.8 8.875 -16.105032679971238
vertex -24.2 9.027934970919645 -16.023287234938376
vertex -24.2 8.875 -16.105032679971238
endloop
endfacet
facet normal 0.0 0.41270702980440244 -0.9108638249211722
outer loop
vertex -31.8 9.027934970919645 -16.023287234938376
vertex -24.2 9.185888904232511 -15.951719238845088
vertex -24.2 9.027934970919645 -16.023287234938376
endloop
endfacet
facet normal 0.0 0.3522500479212362 0.9359059267573248
outer loop
vertex -31.8 9.34818541694662 -20.909364843162027
vertex -24.2 9.185888904232511 -20.848280761154907
vertex -24.2 9.34818541694662 -20.909364843162027
endloop
endfacet
facet normal 0.0 0.29028467725446483 0.9569403357322082
outer loop
vertex -31.8 9.51412953047832 -20.95970343966603
vertex -24.2 9.34818541694662 -20.909364843162027
vertex -24.2 9.51412953047832 -20.95970343966603
endloop
endfacet
facet normal 0.0 0.22707626303438083 0.973876979277332
outer loop
vertex -31.8 9.683010646657259 -20.99908099306856
vertex -24.2 9.51412953047832 -20.95970343966603
vertex -24.2 9.683010646657259 -20.99908099306856
endloop
endfacet
facet normal 0.0 0.16289547339458274 0.98664333208488
outer loop
vertex -31.8 9.854105590616863 -21.027328882640596
vertex -24.2 9.683010646657259 -20.99908099306856
vertex -24.2 9.854105590616863 -21.027328882640596
endloop
endfacet
facet normal 0.0 0.09801714032955307 0.9951847266721977
outer loop
vertex -31.8 10.02668170754012 -21.044326146582296
vertex -24.2 9.854105590616863 -21.027328882640596
vertex -24.2 10.02668170754012 -21.044326146582296
endloop
endfacet
facet normal 0.0 0.0327190828217766 0.9994645874763657
outer loop
vertex -31.8 10.2 -21.049999999999997
vertex -24.2 10.02668170754012 -21.044326146582296
vertex -24.2 10.2 -21.049999999999997
endloop
endfacet
facet normal 0.0 -0.0327190828217766 0.9994645874763657
outer loop
vertex -31.8 10.373318292459878 -21.044326146582296
vertex -24.2 10.2 -21.049999999999997
vertex -24.2 10.373318292459878 -21.044326146582296
endloop
endfacet
facet normal 0.0 -0.09801714032955307 0.9951847266721977
outer loop
vertex -31.8 10.545894409383136 -21.027328882640596
vertex -24.2 10.373318292459878 -21.044326146582296
vertex -24.2 10.545894409383136 -21.027328882640596
endloop
endfacet
facet normal 0.0 -0.16289547339458274 0.98664333208488
outer loop
vertex -31.8 10.71698935334274 -20.99908099306856
vertex -24.2 10.545894409383136 -21.027328882640596
vertex -24.2 10.71698935334274 -20.99908099306856
endloop
endfacet
facet normal 0.0 -0.22707626303438083 0.973876979277332
outer loop
vertex -31.8 10.885870469521679 -20.95970343966603
vertex -24.2 10.71698935334274 -20.99908099306856
vertex -24.2 10.885870469521679 -20.95970343966603
endloop
endfacet
facet normal 0.0 -0.29028467725446483 0.9569403357322082
outer loop
vertex -31.8 11.051814583053378 -20.909364843162027
vertex -24.2 10.885870469521679 -20.95970343966603
vertex -24.2 11.051814583053378 -20.909364843162027
endloop
endfacet
facet normal 0.0 -0.3522500479212362 0.9359059267573248
outer loop
vertex -31.8 11.214111095767487 -20.848280761154907
vertex -24.2 11.051814583053378 -20.909364843162027
vertex -24.2 11.214111095767487 -20.848280761154907
endloop
endfacet
facet normal 0.0 -0.4127070298043939 0.9108638249211761
outer loop
vertex -31.8 11.372065029080353 -20.77671276506162
vertex -24.2 11.214111095767487 -20.848280761154907
vertex -24.2 11.372065029080353 -20.77671276506162
endloop
endfacet
facet normal 0.0 -0.471396736826002 0.8819212643483527
outer loop
vertex -31.8 11.524999999999999 -20.69496732002876
vertex -24.2 11.372065029080353 -20.77671276506162
vertex -24.2 11.524999999999999 -20.69496732002876
endloop
endfacet
facet normal 0.0 -0.5280678506503639 0.8492021815265814
outer loop
vertex -31.8 11.672261117501945 -20.603394472601742
vertex -24.2 11.524999999999999 -20.69496732002876
vertex -24.2 11.672261117501945 -20.603394472601742
endloop
endfacet
facet normal 0.0 -0.5824776968677963 0.8128466845916195
outer loop
vertex -31.8 11.813217786873109 -20.502386351771772
vertex -24.2 11.672261117501945 -20.603394472601742
vertex -24.2 11.813217786873109 -20.502386351771772
endloop
endfacet
facet normal 0.0 -0.6343932841636526 0.7730104533627311
outer loop
vertex -31.8 11.947266410015182 -20.392375489819287
vertex -24.2 11.813217786873109 -20.502386351771772
vertex -24.2 11.947266410015182 -20.392375489819287
endloop
endfacet
facet normal 0.0 -0.6835923020228718 0.7298640726978352
outer loop
vertex -31.8 12.07383297014435 -20.273832970144348
vertex -24.2 11.947266410015182 -20.392375489819287
vertex -24.2 12.07383297014435 -20.273832970144348
endloop
endfacet
facet normal 0.0 -0.7298640726978304 0.6835923020228769
outer loop
vertex -31.8 12.19237548981929 -20.14726641001518
vertex -24.2 12.07383297014435 -20.273832970144348
vertex -24.2 12.19237548981929 -20.14726641001518
endloop
endfacet
facet normal 0.0 -0.773010453362732 0.6343932841636516
outer loop
vertex -31.8 12.302386351771773 -20.01321778687311
vertex -24.2 12.19237548981929 -20.14726641001518
vertex -24.2 12.302386351771773 -20.01321778687311
endloop
endfacet
facet normal 0.0 -0.8128466845916195 0.5824776968677963
outer loop
vertex -31.8 12.403394472601743 -19.872261117501946
vertex -24.2 12.302386351771773 -20.01321778687311
vertex -24.2 12.403394472601743 -19.872261117501946
endloop
endfacet
facet normal 0.0 -0.8492021815265797 0.5280678506503665
outer loop
vertex -31.8 12.494967320028762 -19.724999999999998
vertex -24.2 12.403394472601743 -19.872261117501946
vertex -24.2 12.494967320028762 -19.724999999999998
endloop
endfacet
facet normal 0.0 0.3522500479212362 -0.9359059267573248
outer loop
vertex -31.8 9.185888904232511 -15.951719238845088
vertex -24.2 9.34818541694662 -15.890635156837968
vertex -24.2 9.185888904232511 -15.951719238845088
endloop
endfacet
facet normal 0.0 0.2902846772544554 -0.9569403357322108
outer loop
vertex -31.8 9.34818541694662 -15.890635156837968
vertex -24.2 9.51412953047832 -15.840296560333968
vertex -24.2 9.34818541694662 -15.890635156837968
endloop
endfacet
facet normal 0.0 0.22707626303438083 -0.973876979277332
outer loop
vertex -31.8 9.51412953047832 -15.840296560333968
vertex -24.2 9.683010646657259 -15.800919006931437
vertex -24.2 9.51412953047832 -15.840296560333968
endloop
endfacet
facet normal 0.0 0.16289547339458274 -0.98664333208488
outer loop
vertex -31.8 9.683010646657259 -15.800919006931437
vertex -24.2 9.854105590616863 -15.772671117359401
vertex -24.2 9.683010646657259 -15.800919006931437
endloop
endfacet
facet normal 0.0 0.0980171403295632 -0.9951847266721967
outer loop
vertex -31.8 9.854105590616863 -15.772671117359401
vertex -24.2 10.02668170754012 -15.755673853417699
vertex -24.2 9.854105590616863 -15.772671117359401
endloop
endfacet
facet normal 0.0 0.0327190828217766 -0.9994645874763657
outer loop
vertex -31.8 10.02668170754012 -15.755673853417699
vertex -24.2 10.2 -15.749999999999998
vertex -24.2 10.02668170754012 -15.755673853417699
endloop
endfacet
facet normal 0.0 -0.0327190828217766 -0.9994645874763657
outer loop
vertex -31.8 10.2 -15.749999999999998
vertex -24.2 10.373318292459878 -15.755673853417699
vertex -24.2 10.2 -15.749999999999998
endloop
endfacet
facet normal 0.0 -0.0980171403295632 -0.9951847266721967
outer loop
vertex -31.8 10.373318292459878 -15.755673853417699
vertex -24.2 10.545894409383136 -15.772671117359401
vertex -24.2 10.373318292459878 -15.755673853417699
endloop
endfacet
facet normal 0.0 -0.16289547339458274 -0.98664333208488
outer loop
vertex -31.8 10.545894409383136 -15.772671117359401
vertex -24.2 10.71698935334274 -15.800919006931437
vertex -24.2 10.545894409383136 -15.772671117359401
endloop
endfacet
facet normal 0.0 -0.22707626303438083 -0.973876979277332
outer loop
vertex -31.8 10.71698935334274 -15.800919006931437
vertex -24.2 10.885870469521679 -15.840296560333968
vertex -24.2 10.71698935334274 -15.800919006931437
endloop
endfacet
facet normal 0.0 -0.471396736826002 -0.8819212643483527
outer loop
vertex -31.8 11.372065029080353 -16.023287234938376
vertex -24.2 11.524999999999999 -16.105032679971238
vertex -24.2 11.372065029080353 -16.023287234938376
endloop
endfacet
facet normal 0.0 -0.5280678506503639 -0.8492021815265814
outer loop
vertex -31.8 11.524999999999999 -16.105032679971238
vertex -24.2 11.672261117501945 -16.196605527398255
vertex -24.2 11.524999999999999 -16.105032679971238
endloop
endfacet
facet normal 0.0 -0.2902846772544554 -0.9569403357322108
outer loop
vertex -31.8 10.885870469521679 -15.840296560333968
vertex -24.2 11.051814583053378 -15.890635156837968
vertex -24.2 10.885870469521679 -15.840296560333968
endloop
endfacet
facet normal 0.0 -0.3522500479212362 -0.9359059267573248
outer loop
vertex -31.8 11.051814583053378 -15.890635156837968
vertex -24.2 11.214111095767487 -15.951719238845088
vertex -24.2 11.051814583053378 -15.890635156837968
endloop
endfacet
facet normal 0.0 -0.41270702980440244 -0.9108638249211722
outer loop
vertex -31.8 11.214111095767487 -15.951719238845088
vertex -24.2 11.372065029080353 -16.023287234938376
vertex -24.2 11.214111095767487 -15.951719238845088
endloop
endfacet
facet normal 0.0 -0.5824776968677963 -0.8128466845916195
outer loop
vertex -31.8 11.672261117501945 -16.196605527398255
vertex -24.2 11.813217786873109 -16.297613648228225
vertex -24.2 11.672261117501945 -16.196605527398255
endloop
endfacet
facet normal 0.0 -0.6343932841636526 -0.7730104533627311
outer loop
vertex -31.8 11.813217786873109 -16.297613648228225
vertex -24.2 11.947266410015182 -16.40762451018071
vertex -24.2 11.813217786873109 -16.297613648228225
endloop
endfacet
facet normal 0.0 -0.6835923020228718 -0.7298640726978352
outer loop
vertex -31.8 11.947266410015182 -16.40762451018071
vertex -24.2 12.07383297014435 -16.52616702985565
vertex -24.2 11.947266410015182 -16.40762451018071
endloop
endfacet
facet normal 0.0 -0.773010453362732 -0.6343932841636516
outer loop
vertex -31.8 12.19237548981929 -16.652733589984816
vertex -24.2 12.302386351771773 -16.786782213126887
vertex -24.2 12.19237548981929 -16.652733589984816
endloop
endfacet
facet normal 0.0 -0.8819212643483527 -0.471396736826002
outer loop
vertex -31.8 12.494967320028762 -17.075
vertex -24.2 12.576712765061624 -17.227934970919645
vertex -24.2 12.494967320028762 -17.075
endloop
endfacet
facet normal 0.0 -0.8128466845916195 -0.5824776968677963
outer loop
vertex -31.8 12.302386351771773 -16.786782213126887
vertex -24.2 12.403394472601743 -16.92773888249805
vertex -24.2 12.302386351771773 -16.786782213126887
endloop
endfacet
facet normal 0.0 -0.8492021815265797 -0.5280678506503665
outer loop
vertex -31.8 12.403394472601743 -16.92773888249805
vertex -24.2 12.494967320028762 -17.075
vertex -24.2 12.403394472601743 -16.92773888249805
endloop
endfacet
facet normal 0.0 -0.7298640726978304 -0.6835923020228769
outer loop
vertex -31.8 12.07383297014435 -16.52616702985565
vertex -24.2 12.19237548981929 -16.652733589984816
vertex -24.2 12.07383297014435 -16.52616702985565
endloop
endfacet
facet normal 0.0 -0.8819212643483527 0.471396736826002
outer loop
vertex -31.8 12.576712765061624 -19.572065029080353
vertex -24.2 12.494967320028762 -19.724999999999998
vertex -24.2 12.576712765061624 -19.572065029080353
endloop
endfacet
facet normal 0.0 -0.9108638249211743 0.4127070298043978
outer loop
vertex -31.8 12.64828076115491 -19.41411109576749
vertex -24.2 12.576712765061624 -19.572065029080353
vertex -24.2 12.64828076115491 -19.41411109576749
endloop
endfacet
facet normal 0.0 -0.935905926757326 0.3522500479212328
outer loop
vertex -31.8 12.70936484316203 -19.251814583053378
vertex -24.2 12.64828076115491 -19.41411109576749
vertex -24.2 12.70936484316203 -19.251814583053378
endloop
endfacet
facet normal 0.0 -0.95694033573221 0.2902846772544583
outer loop
vertex -31.8 12.75970343966603 -19.08587046952168
vertex -24.2 12.70936484316203 -19.251814583053378
vertex -24.2 12.75970343966603 -19.08587046952168
endloop
endfacet
facet normal 0.0 -0.9738769792773325 0.22707626303437858
outer loop
vertex -31.8 12.79908099306856 -18.91698935334274
vertex -24.2 12.75970343966603 -19.08587046952168
vertex -24.2 12.79908099306856 -18.91698935334274
endloop
endfacet
facet normal 0.0 -0.9866433320848802 0.16289547339458108
outer loop
vertex -31.8 12.827328882640597 -18.745894409383133
vertex -24.2 12.79908099306856 -18.91698935334274
vertex -24.2 12.827328882640597 -18.745894409383133
endloop
endfacet
facet normal 0.0 -0.9951847266721966 0.0980171403295642
outer loop
vertex -31.8 12.844326146582299 -18.573318292459877
vertex -24.2 12.827328882640597 -18.745894409383133
vertex -24.2 12.844326146582299 -18.573318292459877
endloop
endfacet
facet normal 0.0 -0.9994645874763657 0.0327190828217766
outer loop
vertex -31.8 12.85 -18.4
vertex -24.2 12.844326146582299 -18.573318292459877
vertex -24.2 12.85 -18.4
endloop
endfacet
facet normal 0.0 -0.9951847266721966 -0.0980171403295642
outer loop
vertex -31.8 12.827328882640597 -18.054105590616864
vertex -24.2 12.844326146582299 -18.22668170754012
vertex -24.2 12.827328882640597 -18.054105590616864
endloop
endfacet
facet normal 0.0 -0.9994645874763657 -0.0327190828217766
outer loop
vertex -31.8 12.844326146582299 -18.22668170754012
vertex -24.2 12.85 -18.4
vertex -24.2 12.844326146582299 -18.22668170754012
endloop
endfacet
facet normal 0.0 -0.95694033573221 -0.2902846772544583
outer loop
vertex -31.8 12.70936484316203 -17.54818541694662
vertex -24.2 12.75970343966603 -17.714129530478317
vertex -24.2 12.70936484316203 -17.54818541694662
endloop
endfacet
facet normal 0.0 -0.935905926757326 -0.3522500479212328
outer loop
vertex -31.8 12.64828076115491 -17.38588890423251
vertex -24.2 12.70936484316203 -17.54818541694662
vertex -24.2 12.64828076115491 -17.38588890423251
endloop
endfacet
facet normal 0.0 -0.9866433320848802 -0.16289547339458108
outer loop
vertex -31.8 12.79908099306856 -17.883010646657258
vertex -24.2 12.827328882640597 -18.054105590616864
vertex -24.2 12.79908099306856 -17.883010646657258
endloop
endfacet
facet normal 0.0 -0.9738769792773325 -0.22707626303437858
outer loop
vertex -31.8 12.75970343966603 -17.714129530478317
vertex -24.2 12.79908099306856 -17.883010646657258
vertex -24.2 12.75970343966603 -17.714129530478317
endloop
endfacet
facet normal 0.0 -0.9108638249211743 -0.4127070298043978
outer loop
vertex -31.8 12.576712765061624 -17.227934970919645
vertex -24.2 12.64828076115491 -17.38588890423251
vertex -24.2 12.576712765061624 -17.227934970919645
endloop
endfacet
facet normal -1.0 -0.0 -0.0
outer loop
vertex -31.8 15.286869968965789 -12.61141936325231
vertex -31.8 20.293496115687578 -12.775319332900944
vertex -31.8 15.515592111718998 -12.775319332900944
endloop
endfacet
facet normal -1.0 -0.0 -0.0
outer loop
vertex -31.8 14.671632941543685 -12.035187004930295
vertex -31.8 20.945103272805444 -12.240559159102153
vertex -31.8 14.863984954601134 -12.240559159102153
endloop
endfacet
facet normal -1.0 -0.0 -0.0
outer loop
vertex -31.8 15.069357108772993 -12.432911172159603
vertex -31.8 20.522218258440788 -12.61141936325231
vertex -31.8 15.286869968965789 -12.61141936325231
endloop
endfacet
facet normal -1.0 -0.0 -0.0
outer loop
vertex -31.8 14.863984954601134 -12.240559159102153
vertex -31.8 20.739731118633586 -12.432911172159603
vertex -31.8 15.069357108772993 -12.432911172159603
endloop
endfacet
facet normal -1.0 -0.0 -0.0
outer loop
vertex -31.8 16.00270274576158 -13.056552788590558
vertex -31.8 19.550082872873173 -13.172681989798532
vertex -31.8 16.259005354533404 -13.172681989798532
endloop
endfacet
facet normal -0.9999999999999999 -0.0 -0.0
outer loop
vertex -31.8 15.515592111718998 -12.775319332900944
vertex -31.8 20.054544113703287 -12.923909236273087
vertex -31.8 15.75454411370329 -12.923909236273087
endloop
endfacet
facet normal -1.0 -0.0 -0.0
outer loop
vertex -31.8 15.75454411370329 -12.923909236273087
vertex -31.8 19.806385481644995 -13.056552788590558
vertex -31.8 16.00270274576158 -13.056552788590558
endloop
endfacet
facet normal -1.0 -0.0 -0.0
outer loop
vertex -31.8 16.259005354533404 -13.172681989798532
vertex -31.8 19.28673381450688 -13.271799556828952
vertex -31.8 16.522354412899695 -13.271799556828952
endloop
endfacet
facet normal -0.9999999999999999 -0.0 -0.0
outer loop
vertex -31.8 16.522354412899695 -13.271799556828952
vertex -31.8 19.017466007644128 -13.353481053042993
vertex -31.8 16.79162221976245 -13.353481053042993
endloop
endfacet
facet normal -1.0 0.0 0.0
outer loop
vertex -31.8 17.065655729033935 -13.41737670573389
vertex -31.8 16.79162221976245 -13.353481053042993
vertex -31.8 18.74343249837264 -13.41737670573389
endloop
endfacet
facet normal -1.0 -0.0 -0.0
outer loop
vertex -31.8 17.065655729033935 -13.41737670573389
vertex -31.8 18.46580674024951 -13.463212903907383
vertex -31.8 17.343281487157068 -13.463212903907383
endloop
endfacet
facet normal -1.0 -0.0 -0.0
outer loop
vertex -31.8 17.343281487157068 -13.463212903907383
vertex -31.8 18.185777569392904 -13.490793369925994
vertex -31.8 17.623310658013672 -13.490793369925994
endloop
endfacet
facet normal -1.0 0.0 -0.0
outer loop
vertex -31.8 17.623310658013672 -13.490793369925994
vertex -31.8 18.185777569392904 -13.490793369925994
vertex -31.8 17.904544113703288 -13.5
endloop
endfacet
facet normal -1.0 0.0 -0.0
outer loop
vertex -31.8 17.343281487157068 -13.463212903907383
vertex -31.8 18.46580674024951 -13.463212903907383
vertex -31.8 18.185777569392904 -13.490793369925994
endloop
endfacet
facet normal -1.0 0.0 -0.0
outer loop
vertex -31.8 17.065655729033935 -13.41737670573389
vertex -31.8 18.74343249837264 -13.41737670573389
vertex -31.8 18.46580674024951 -13.463212903907383
endloop
endfacet
facet normal -1.0 0.0 -0.0
outer loop
vertex -31.8 16.79162221976245 -13.353481053042993
vertex -31.8 19.017466007644128 -13.353481053042993
vertex -31.8 18.74343249837264 -13.41737670573389
endloop
endfacet
facet normal -1.0 0.0 -0.0
outer loop
vertex -31.8 16.522354412899695 -13.271799556828952
vertex -31.8 19.28673381450688 -13.271799556828952
vertex -31.8 19.017466007644128 -13.353481053042993
endloop
endfacet
facet normal -1.0 0.0 -0.0
outer loop
vertex -31.8 16.259005354533404 -13.172681989798532
vertex -31.8 19.550082872873173 -13.172681989798532
vertex -31.8 19.28673381450688 -13.271799556828952
endloop
endfacet
facet normal -1.0 0.0 -0.0
outer loop
vertex -31.8 16.00270274576158 -13.056552788590558
vertex -31.8 19.806385481644995 -13.056552788590558
vertex -31.8 19.550082872873173 -13.172681989798532
endloop
endfacet
facet normal -1.0 0.0 -0.0
outer loop
vertex -31.8 15.75454411370329 -12.923909236273087
vertex -31.8 20.0 -12.95306367244806
vertex -31.8 19.806385481644995 -13.056552788590558
endloop
endfacet
facet normal -1.0 0.0 -0.0
outer loop
vertex -31.8 15.75454411370329 -12.923909236273087
vertex -31.8 20.054544113703287 -12.923909236273087
vertex -31.8 20.0 -12.95306367244806
endloop
endfacet
facet normal -1.0 0.0 -0.0
outer loop
vertex -31.8 15.515592111718998 -12.775319332900944
vertex -31.8 20.293496115687578 -12.775319332900944
vertex -31.8 20.054544113703287 -12.923909236273087
endloop
endfacet
facet normal -1.0 0.0 -0.0
outer loop
vertex -31.8 15.286869968965789 -12.61141936325231
vertex -31.8 20.522218258440788 -12.61141936325231
vertex -31.8 20.293496115687578 -12.775319332900944
endloop
endfacet
facet normal -1.0 0.0 -0.0
outer loop
vertex -31.8 15.069357108772993 -12.432911172159603
vertex -31.8 20.739731118633586 -12.432911172159603
vertex -31.8 20.522218258440788 -12.61141936325231
endloop
endfacet
facet normal -1.0 0.0 -0.0
outer loop
vertex -31.8 14.863984954601134 -12.240559159102153
vertex -31.8 20.945103272805444 -12.240559159102153
vertex -31.8 20.739731118633586 -12.432911172159603
endloop
endfacet
facet normal -1.0 0.0 -0.0
outer loop
vertex -31.8 14.671632941543685 -12.035187004930295
vertex -31.8 21.13745528586289 -12.035187004930295
vertex -31.8 20.945103272805444 -12.240559159102153
endloop
endfacet
facet normal -0.9999999999999999 0.0 0.0
outer loop
vertex -31.8 13.641331209795904 -9.761262626546221
vertex -31.8 13.613750743777294 -9.481233455689614
vertex -31.8 15.27721523106269 -9.545894409383136
endloop
endfacet
facet normal -1.0 0.0 0.0
outer loop
vertex -31.8 13.613750743777294 -9.481233455689614
vertex -31.8 13.604544113703287 -9.2
vertex -31.8 15.260217967120989 -9.373318292459878
endloop
endfacet
facet normal -0.9999999999999999 0.0 0.0
outer loop
vertex -31.8 13.604544113703287 -9.2
vertex -31.8 13.613750743777294 -8.918766544310385
vertex -31.8 15.254544113703288 -9.2
endloop
endfacet
facet normal -1.0 0.0 0.0
outer loop
vertex -31.8 13.613750743777294 -8.918766544310385
vertex -31.8 13.641331209795904 -8.638737373453777
vertex -31.8 15.260217967120989 -9.02668170754012
endloop
endfacet
facet normal -0.9999999999999999 0.0 0.0
outer loop
vertex -31.8 13.931862123904756 -10.845538759169886
vertex -31.8 13.832744556874335 -10.582189700803594
vertex -31.8 15.701149641101544 -10.672261117501945
endloop
endfacet
facet normal -1.0 0.0 -0.0
outer loop
vertex -31.8 14.04799132511273 -11.101841367941704
vertex -31.8 16.157277703688106 -11.19237548981929
vertex -31.8 14.180634877430201 -11.349999999999998
endloop
endfacet
facet normal -1.0 0.0 -0.0
outer loop
vertex -31.8 13.931862123904756 -10.845538759169886
vertex -31.8 15.912168623883998 -10.947266410015182
vertex -31.8 14.04799132511273 -11.101841367941704
endloop
endfacet
facet normal -1.0 0.0 -0.0
outer loop
vertex -31.8 13.751063060660295 -10.312921893940839
vertex -31.8 15.527831348641664 -10.372065029080353
vertex -31.8 13.832744556874335 -10.582189700803594
endloop
endfacet
facet normal -0.9999999999999999 0.0 0.0
outer loop
vertex -31.8 13.751063060660295 -10.312921893940839
vertex -31.8 13.687167407969397 -10.03888838466935
vertex -31.8 15.456263352548378 -10.214111095767487
endloop
endfacet
facet normal -0.9999999999999999 0.0 0.0
outer loop
vertex -31.8 13.687167407969397 -10.03888838466935
vertex -31.8 13.641331209795904 -9.761262626546221
vertex -31.8 15.344840674037258 -9.885870469521679
endloop
endfacet
facet normal -1.0 0.0 0.0
outer loop
vertex -31.8 13.832744556874335 -10.582189700803594
vertex -31.8 15.527831348641664 -10.372065029080353
vertex -31.8 15.609576793674526 -10.524999999999999
endloop
endfacet
facet normal -1.0 0.0 0.0
outer loop
vertex -31.8 13.687167407969397 -10.03888838466935
vertex -31.8 15.395179270541258 -10.051814583053378
vertex -31.8 15.456263352548378 -10.214111095767487
endloop
endfacet
facet normal -0.9999999999999999 0.0 0.0
outer loop
vertex -31.8 13.751063060660295 -10.312921893940839
vertex -31.8 15.456263352548378 -10.214111095767487
vertex -31.8 15.527831348641664 -10.372065029080353
endloop
endfacet
facet normal -1.0 0.0 0.0
outer loop
vertex -31.8 13.641331209795904 -9.761262626546221
vertex -31.8 15.305463120634727 -9.71698935334274
vertex -31.8 15.344840674037258 -9.885870469521679
endloop
endfacet
facet normal -1.0 0.0 0.0
outer loop
vertex -31.8 13.641331209795904 -9.761262626546221
vertex -31.8 15.27721523106269 -9.545894409383136
vertex -31.8 15.305463120634727 -9.71698935334274
endloop
endfacet
facet normal -1.0 0.0 0.0
outer loop
vertex -31.8 13.613750743777294 -9.481233455689614
vertex -31.8 15.260217967120989 -9.373318292459878
vertex -31.8 15.27721523106269 -9.545894409383136
endloop
endfacet
facet normal -1.0 0.0 0.0
outer loop
vertex -31.8 13.687167407969397 -10.03888838466935
vertex -31.8 15.344840674037258 -9.885870469521679
vertex -31.8 15.395179270541258 -10.051814583053378
endloop
endfacet
facet normal -1.0 0.0 -0.0
outer loop
vertex -31.8 14.180634877430201 -11.349999999999998
vertex -31.8 16.57954411370329 -11.494967320028762
vertex -31.8 14.329224780802344 -11.588952001984289
endloop
endfacet
facet normal -1.0 0.0 -0.0
outer loop
vertex -31.8 14.329224780802344 -11.588952001984289
vertex -31.8 17.05272953064991 -11.70936484316203
vertex -31.8 14.493124750450978 -11.817674144737499
endloop
endfacet
facet normal -1.0 0.0 0.0
outer loop
vertex -31.8 13.931862123904756 -10.845538759169886
vertex -31.8 15.802157761931515 -10.813217786873109
vertex -31.8 15.912168623883998 -10.947266410015182
endloop
endfacet
facet normal -1.0 0.0 0.0
outer loop
vertex -31.8 13.931862123904756 -10.845538759169886
vertex -31.8 15.701149641101544 -10.672261117501945
vertex -31.8 15.802157761931515 -10.813217786873109
endloop
endfacet
facet normal -1.0 0.0 0.0
outer loop
vertex -31.8 14.04799132511273 -11.101841367941704
vertex -31.8 15.912168623883998 -10.947266410015182
vertex -31.8 16.03071114355894 -11.07383297014435
endloop
endfacet
facet normal -1.0 0.0 0.0
outer loop
vertex -31.8 14.04799132511273 -11.101841367941704
vertex -31.8 16.03071114355894 -11.07383297014435
vertex -31.8 16.157277703688106 -11.19237548981929
endloop
endfacet
facet normal -0.9999999999999999 0.0 0.0
outer loop
vertex -31.8 14.180634877430201 -11.349999999999998
vertex -31.8 16.43228299620134 -11.403394472601743
vertex -31.8 16.57954411370329 -11.494967320028762
endloop
endfacet
facet normal -0.9999999999999999 0.0 0.0
outer loop
vertex -31.8 14.180634877430201 -11.349999999999998
vertex -31.8 16.157277703688106 -11.19237548981929
vertex -31.8 16.291326326830177 -11.302386351771773
endloop
endfacet
facet normal -0.9999999999999999 0.0 0.0
outer loop
vertex -31.8 14.180634877430201 -11.349999999999998
vertex -31.8 16.291326326830177 -11.302386351771773
vertex -31.8 16.43228299620134 -11.403394472601743
endloop
endfacet
facet normal -1.0 0.0 0.0
outer loop
vertex -31.8 13.832744556874335 -10.582189700803594
vertex -31.8 15.609576793674526 -10.524999999999999
vertex -31.8 15.701149641101544 -10.672261117501945
endloop
endfacet
facet normal -1.0 0.0 0.0
outer loop
vertex -31.8 13.641331209795904 -8.638737373453777
vertex -31.8 13.687167407969397 -8.361111615330648
vertex -31.8 15.305463120634727 -8.683010646657259
endloop
endfacet
facet normal -1.0 0.0 0.0
outer loop
vertex -31.8 13.687167407969397 -8.361111615330648
vertex -31.8 13.751063060660295 -8.08707810605916
vertex -31.8 15.344840674037258 -8.51412953047832
endloop
endfacet
facet normal -1.0 0.0 0.0
outer loop
vertex -31.8 13.751063060660295 -8.08707810605916
vertex -31.8 13.832744556874335 -7.817810299196404
vertex -31.8 15.456263352548378 -8.185888904232511
endloop
endfacet
facet normal -1.0 0.0 0.0
outer loop
vertex -31.8 13.604544113703287 -9.2
vertex -31.8 15.254544113703288 -9.2
vertex -31.8 15.260217967120989 -9.373318292459878
endloop
endfacet
facet normal -1.0 0.0 -0.0
outer loop
vertex -31.8 13.613750743777294 -8.918766544310385
vertex -31.8 15.260217967120989 -9.02668170754012
vertex -31.8 15.254544113703288 -9.2
endloop
endfacet
facet normal -0.9999999999999999 0.0 -0.0
outer loop
vertex -31.8 13.641331209795904 -8.638737373453777
vertex -31.8 15.27721523106269 -8.854105590616863
vertex -31.8 15.260217967120989 -9.02668170754012
endloop
endfacet
facet normal -1.0 0.0 -0.0
outer loop
vertex -31.8 13.641331209795904 -8.638737373453777
vertex -31.8 15.305463120634727 -8.683010646657259
vertex -31.8 15.27721523106269 -8.854105590616863
endloop
endfacet
facet normal -1.0 0.0 -0.0
outer loop
vertex -31.8 13.687167407969397 -8.361111615330648
vertex -31.8 15.344840674037258 -8.51412953047832
vertex -31.8 15.305463120634727 -8.683010646657259
endloop
endfacet
facet normal -1.0 0.0 -0.0
outer loop
vertex -31.8 13.751063060660295 -8.08707810605916
vertex -31.8 15.395179270541258 -8.34818541694662
vertex -31.8 15.344840674037258 -8.51412953047832
endloop
endfacet
facet normal -1.0 0.0 -0.0
outer loop
vertex -31.8 13.751063060660295 -8.08707810605916
vertex -31.8 15.456263352548378 -8.185888904232511
vertex -31.8 15.395179270541258 -8.34818541694662
endloop
endfacet
facet normal -0.9999999999999999 0.0 0.0
outer loop
vertex -31.8 13.832744556874335 -7.817810299196404
vertex -31.8 13.931862123904756 -7.554461240830113
vertex -31.8 15.609576793674526 -7.875
endloop
endfacet
facet normal -1.0 0.0 0.0
outer loop
vertex -31.8 13.931862123904756 -7.554461240830113
vertex -31.8 14.04799132511273 -7.298158632058294
vertex -31.8 15.802157761931515 -7.58678221312689
endloop
endfacet
facet normal -1.0 0.0 -0.0
outer loop
vertex -31.8 13.832744556874335 -7.817810299196404
vertex -31.8 15.527831348641664 -8.027934970919645
vertex -31.8 15.456263352548378 -8.185888904232511
endloop
endfacet
facet normal -1.0 0.0 -0.0
outer loop
vertex -31.8 13.832744556874335 -7.817810299196404
vertex -31.8 15.609576793674526 -7.875
vertex -31.8 15.527831348641664 -8.027934970919645
endloop
endfacet
facet normal -1.0 0.0 0.0
outer loop
vertex -31.8 14.04799132511273 -7.298158632058294
vertex -31.8 14.180634877430201 -7.05
vertex -31.8 16.03071114355894 -7.3261670298556485
endloop
endfacet
facet normal -1.0 0.0 0.0
outer loop
vertex -31.8 14.180634877430201 -7.05
vertex -31.8 14.329224780802344 -6.8110479980157095
vertex -31.8 16.291326326830177 -7.097613648228226
endloop
endfacet
facet normal -1.0 0.0 -0.0
outer loop
vertex -31.8 13.931862123904756 -7.554461240830113
vertex -31.8 15.701149641101544 -7.727738882498054
vertex -31.8 15.609576793674526 -7.875
endloop
endfacet
facet normal -1.0 0.0 -0.0
outer loop
vertex -31.8 13.931862123904756 -7.554461240830113
vertex -31.8 15.802157761931515 -7.58678221312689
vertex -31.8 15.701149641101544 -7.727738882498054
endloop
endfacet
facet normal -1.0 0.0 -0.0
outer loop
vertex -31.8 14.04799132511273 -7.298158632058294
vertex -31.8 15.912168623883998 -7.452733589984817
vertex -31.8 15.802157761931515 -7.58678221312689
endloop
endfacet
facet normal -1.0 0.0 -0.0
outer loop
vertex -31.8 14.04799132511273 -7.298158632058294
vertex -31.8 16.03071114355894 -7.3261670298556485
vertex -31.8 15.912168623883998 -7.452733589984817
endloop
endfacet
facet normal -1.0 0.0 0.0
outer loop
vertex -31.8 14.329224780802344 -6.8110479980157095
vertex -31.8 14.493124750450978 -6.5823258552625
vertex -31.8 16.732479084622934 -6.823287234938375
endloop
endfacet
facet normal -1.0 0.0 -0.0
outer loop
vertex -31.8 14.180634877430201 -7.05
vertex -31.8 16.157277703688106 -7.207624510180709
vertex -31.8 16.03071114355894 -7.3261670298556485
endloop
endfacet
facet normal -0.9999999999999999 0.0 -0.0
outer loop
vertex -31.8 14.180634877430201 -7.05
vertex -31.8 16.291326326830177 -7.097613648228226
vertex -31.8 16.157277703688106 -7.207624510180709
endloop
endfacet
facet normal -1.0 0.0 -0.0
outer loop
vertex -31.8 14.329224780802344 -6.8110479980157095
vertex -31.8 16.43228299620134 -6.996605527398255
vertex -31.8 16.291326326830177 -7.097613648228226
endloop
endfacet
facet normal -1.0 0.0 -0.0
outer loop
vertex -31.8 14.329224780802344 -6.8110479980157095
vertex -31.8 16.57954411370329 -6.905032679971237
vertex -31.8 16.43228299620134 -6.996605527398255
endloop
endfacet
facet normal -1.0 0.0 0.0
outer loop
vertex -31.8 14.493124750450978 -6.5823258552625
vertex -31.8 14.671632941543685 -6.364812995069704
vertex -31.8 17.387554760360548 -6.600919006931439
endloop
endfacet
facet normal -0.9999999999999999 0.0 0.0
outer loop
vertex -31.8 14.329224780802344 -11.588952001984289
vertex -31.8 16.57954411370329 -11.494967320028762
vertex -31.8 16.732479084622934 -11.576712765061624
endloop
endfacet
facet normal -1.0 0.0 0.0
outer loop
vertex -31.8 14.329224780802344 -11.588952001984289
vertex -31.8 16.732479084622934 -11.576712765061624
vertex -31.8 16.8904330179358 -11.64828076115491
endloop
endfacet
facet normal -1.0 0.0 0.0
outer loop
vertex -31.8 14.329224780802344 -11.588952001984289
vertex -31.8 16.8904330179358 -11.64828076115491
vertex -31.8 17.05272953064991 -11.70936484316203
endloop
endfacet
facet normal -1.0 0.0 0.0
outer loop
vertex -31.8 14.493124750450978 -11.817674144737499
vertex -31.8 17.05272953064991 -11.70936484316203
vertex -31.8 17.218673644181607 -11.75970343966603
endloop
endfacet
facet normal -0.9999999999999999 0.0 0.0
outer loop
vertex -31.8 14.493124750450978 -11.817674144737499
vertex -31.8 17.218673644181607 -11.75970343966603
vertex -31.8 17.387554760360548 -11.79908099306856
endloop
endfacet
facet normal -1.0 0.0 0.0
outer loop
vertex -31.8 14.493124750450978 -11.817674144737499
vertex -31.8 17.387554760360548 -11.79908099306856
vertex -31.8 17.558649704320153 -11.827328882640597
endloop
endfacet
facet normal -0.9999999999999999 0.0 0.0
outer loop
vertex -31.8 14.493124750450978 -11.817674144737499
vertex -31.8 17.558649704320153 -11.827328882640597
vertex -31.8 17.73122582124341 -11.844326146582299
endloop
endfacet
facet normal -1.0 0.0 0.0
outer loop
vertex -31.8 14.671632941543685 -12.035187004930295
vertex -31.8 14.493124750450978 -11.817674144737499
vertex -31.8 21.13745528586289 -12.035187004930295
endloop
endfacet
facet normal -1.0 0.0 0.0
outer loop
vertex -31.8 14.493124750450978 -11.817674144737499
vertex -31.8 17.73122582124341 -11.844326146582299
vertex -31.8 17.904544113703288 -11.85
endloop
endfacet
facet normal -0.9999999999999999 0.0 -0.0
outer loop
vertex -31.8 14.329224780802344 -6.8110479980157095
vertex -31.8 16.732479084622934 -6.823287234938375
vertex -31.8 16.57954411370329 -6.905032679971237
endloop
endfacet
facet normal -1.0 0.0 -0.0
outer loop
vertex -31.8 14.493124750450978 -6.5823258552625
vertex -31.8 16.8904330179358 -6.751719238845089
vertex -31.8 16.732479084622934 -6.823287234938375
endloop
endfacet
facet normal -0.9999999999999999 0.0 0.0
outer loop
vertex -31.8 14.493124750450978 -11.817674144737499
vertex -31.8 17.904544113703288 -11.85
vertex -31.8 21.13745528586289 -12.035187004930295
endloop
endfacet
facet normal -1.0 0.0 0.0
outer loop
vertex -31.8 17.904544113703288 -11.85
vertex -31.8 18.077862406163167 -11.844326146582299
vertex -31.8 21.13745528586289 -12.035187004930295
endloop
endfacet
facet normal -0.9999999999999999 0.0 -0.0
outer loop
vertex -31.8 14.493124750450978 -6.5823258552625
vertex -31.8 17.05272953064991 -6.690635156837969
vertex -31.8 16.8904330179358 -6.751719238845089
endloop
endfacet
facet normal -1.0 0.0 -0.0
outer loop
vertex -31.8 14.493124750450978 -6.5823258552625
vertex -31.8 17.218673644181607 -6.640296560333969
vertex -31.8 17.05272953064991 -6.690635156837969
endloop
endfacet
facet normal -1.0 0.0 -0.0
outer loop
vertex -31.8 14.493124750450978 -6.5823258552625
vertex -31.8 17.387554760360548 -6.600919006931439
vertex -31.8 17.218673644181607 -6.640296560333969
endloop
endfacet
facet normal -1.0 0.0 -0.0
outer loop
vertex -31.8 14.671632941543685 -6.364812995069704
vertex -31.8 17.558649704320153 -6.572671117359402
vertex -31.8 17.387554760360548 -6.600919006931439
endloop
endfacet
facet normal -1.0 0.0 -0.0
outer loop
vertex -31.8 14.671632941543685 -6.364812995069704
vertex -31.8 17.73122582124341 -6.5556738534177
vertex -31.8 17.558649704320153 -6.572671117359402
endloop
endfacet
facet normal -1.0 0.0 -0.0
outer loop
vertex -31.8 14.671632941543685 -6.364812995069704
vertex -31.8 17.904544113703288 -6.549999999999999
vertex -31.8 17.73122582124341 -6.5556738534177
endloop
endfacet
facet normal -1.0 0.0 0.0
outer loop
vertex -31.8 14.671632941543685 -6.364812995069704
vertex -31.8 14.863984954601134 -6.159440840897846
vertex -31.8 21.13745528586289 -6.364812995069704
endloop
endfacet
facet normal -1.0 0.0 0.0
outer loop
vertex -31.8 14.863984954601134 -6.159440840897846
vertex -31.8 15.069357108772993 -5.967088827840397
vertex -31.8 20.945103272805444 -6.159440840897846
endloop
endfacet
facet normal -1.0 0.0 0.0
outer loop
vertex -31.8 15.069357108772993 -5.967088827840397
vertex -31.8 15.286869968965789 -5.788580636747689
vertex -31.8 20.739731118633586 -5.967088827840397
endloop
endfacet
facet normal -1.0 0.0 0.0
outer loop
vertex -31.8 15.286869968965789 -5.788580636747689
vertex -31.8 15.515592111718998 -5.624680667099055
vertex -31.8 20.522218258440788 -5.788580636747689
endloop
endfacet
facet normal -1.0 0.0 0.0
outer loop
vertex -31.8 15.515592111718998 -5.624680667099055
vertex -31.8 15.75454411370329 -5.476090763726913
vertex -31.8 20.293496115687578 -5.624680667099055
endloop
endfacet
facet normal -1.0 0.0 0.0
outer loop
vertex -31.8 15.75454411370329 -5.476090763726913
vertex -31.8 16.00270274576158 -5.3434472114094405
vertex -31.8 20.054544113703287 -5.476090763726913
endloop
endfacet
facet normal -0.9999999999999999 0.0 0.0
outer loop
vertex -31.8 16.00270274576158 -5.3434472114094405
vertex -31.8 16.259005354533404 -5.227318010201467
vertex -31.8 19.806385481644995 -5.3434472114094405
endloop
endfacet
facet normal -1.0 0.0 0.0
outer loop
vertex -31.8 16.259005354533404 -5.227318010201467
vertex -31.8 16.522354412899695 -5.128200443171045
vertex -31.8 19.550082872873173 -5.227318010201467
endloop
endfacet
facet normal -0.9999999999999999 -0.0 -0.0
outer loop
vertex -31.8 14.671632941543685 -6.364812995069704
vertex -31.8 21.3159634769556 -6.5823258552625
vertex -31.8 17.904544113703288 -6.549999999999999
endloop
endfacet
facet normal -1.0 0.0 0.0
outer loop
vertex -31.8 16.522354412899695 -5.128200443171045
vertex -31.8 16.79162221976245 -5.046518946957006
vertex -31.8 19.28673381450688 -5.128200443171045
endloop
endfacet
facet normal -1.0 0.0 0.0
outer loop
vertex -31.8 16.79162221976245 -5.046518946957006
vertex -31.8 17.065655729033935 -4.982623294266109
vertex -31.8 19.017466007644128 -5.046518946957006
endloop
endfacet
facet normal -1.0 0.0 0.0
outer loop
vertex -31.8 17.065655729033935 -4.982623294266109
vertex -31.8 17.343281487157068 -4.936787096092615
vertex -31.8 18.74343249837264 -4.982623294266109
endloop
endfacet
facet normal -1.0 0.0 0.0
outer loop
vertex -31.8 17.343281487157068 -4.936787096092615
vertex -31.8 17.623310658013672 -4.909206630074005
vertex -31.8 18.46580674024951 -4.936787096092615
endloop
endfacet
facet normal -1.0 0.0 0.0
outer loop
vertex -31.8 17.623310658013672 -4.909206630074005
vertex -31.8 17.904544113703288 -4.899999999999999
vertex -31.8 18.185777569392904 -4.909206630074005
endloop
endfacet
facet normal -1.0 0.0 0.0
outer loop
vertex -31.8 17.623310658013672 -4.909206630074005
vertex -31.8 18.185777569392904 -4.909206630074005
vertex -31.8 18.46580674024951 -4.936787096092615
endloop
endfacet
facet normal -1.0 0.0 0.0
outer loop
vertex -31.8 17.343281487157068 -4.936787096092615
vertex -31.8 18.46580674024951 -4.936787096092615
vertex -31.8 18.74343249837264 -4.982623294266109
endloop
endfacet
facet normal -1.0 0.0 0.0
outer loop
vertex -31.8 17.065655729033935 -4.982623294266109
vertex -31.8 18.74343249837264 -4.982623294266109
vertex -31.8 19.017466007644128 -5.046518946957006
endloop
endfacet
facet normal -1.0 0.0 0.0
outer loop
vertex -31.8 16.00270274576158 -5.3434472114094405
vertex -31.8 19.806385481644995 -5.3434472114094405
vertex -31.8 20.0 -5.44693632755194
endloop
endfacet
facet normal -1.0 0.0 0.0
outer loop
vertex -31.8 15.75454411370329 -5.476090763726913
vertex -31.8 20.054544113703287 -5.476090763726913
vertex -31.8 20.293496115687578 -5.624680667099055
endloop
endfacet
facet normal -1.0 0.0 0.0
outer loop
vertex -31.8 16.00270274576158 -5.3434472114094405
vertex -31.8 20.0 -5.44693632755194
vertex -31.8 20.054544113703287 -5.476090763726913
endloop
endfacet
facet normal -1.0 0.0 0.0
outer loop
vertex -31.8 15.069357108772993 -5.967088827840397
vertex -31.8 20.739731118633586 -5.967088827840397
vertex -31.8 20.945103272805444 -6.159440840897846
endloop
endfacet
facet normal -1.0 0.0 0.0
outer loop
vertex -31.8 14.671632941543685 -6.364812995069704
vertex -31.8 21.13745528586289 -6.364812995069704
vertex -31.8 21.3159634769556 -6.5823258552625
endloop
endfacet
facet normal -1.0 -0.0 -0.0
outer loop
vertex -31.8 17.904544113703288 -6.549999999999999
vertex -31.8 21.3159634769556 -6.5823258552625
vertex -31.8 18.077862406163167 -6.5556738534177
endloop
endfacet
facet normal -1.0 0.0 0.0
outer loop
vertex -31.8 14.863984954601134 -6.159440840897846
vertex -31.8 20.945103272805444 -6.159440840897846
vertex -31.8 21.13745528586289 -6.364812995069704
endloop
endfacet
facet normal -1.0 0.0 0.0
outer loop
vertex -31.8 15.286869968965789 -5.788580636747689
vertex -31.8 20.522218258440788 -5.788580636747689
vertex -31.8 20.739731118633586 -5.967088827840397
endloop
endfacet
facet normal -1.0 0.0 0.0
outer loop
vertex -31.8 15.515592111718998 -5.624680667099055
vertex -31.8 20.293496115687578 -5.624680667099055
vertex -31.8 20.522218258440788 -5.788580636747689
endloop
endfacet
facet normal -1.0 0.0 0.0
outer loop
vertex -31.8 16.79162221976245 -5.046518946957006
vertex -31.8 19.017466007644128 -5.046518946957006
vertex -31.8 19.28673381450688 -5.128200443171045
endloop
endfacet
facet normal -1.0 0.0 0.0
outer loop
vertex -31.8 16.522354412899695 -5.128200443171045
vertex -31.8 19.28673381450688 -5.128200443171045
vertex -31.8 19.550082872873173 -5.227318010201467
endloop
endfacet
facet normal -1.0 0.0 0.0
outer loop
vertex -31.8 16.259005354533404 -5.227318010201467
vertex -31.8 19.550082872873173 -5.227318010201467
vertex -31.8 19.806385481644995 -5.3434472114094405
endloop
endfacet
facet normal 0.0 -0.7298640726978328 -0.6835923020228742
outer loop
vertex -31.8 14.671632941543685 -12.035187004930295
vertex -31.8 14.863984954601134 -12.240559159102153
vertex -24.2 14.671632941543685 -12.035187004930295
endloop
endfacet
facet normal 0.0 -0.6835923020228742 -0.7298640726978328
outer loop
vertex -31.8 14.863984954601134 -12.240559159102153
vertex -31.8 15.069357108772993 -12.432911172159603
vertex -24.2 14.863984954601134 -12.240559159102153
endloop
endfacet
facet normal 0.0 -0.6343932841636443 -0.773010453362738
outer loop
vertex -31.8 15.069357108772993 -12.432911172159603
vertex -31.8 15.286869968965789 -12.61141936325231
vertex -24.2 15.069357108772993 -12.432911172159603
endloop
endfacet
facet normal 0.0 -0.5824776968678033 -0.8128466845916145
outer loop
vertex -31.8 15.286869968965789 -12.61141936325231
vertex -31.8 15.515592111718998 -12.775319332900944
vertex -24.2 15.286869968965789 -12.61141936325231
endloop
endfacet
facet normal 0.0 -0.5280678506503681 -0.8492021815265789
outer loop
vertex -31.8 15.515592111718998 -12.775319332900944
vertex -31.8 15.75454411370329 -12.923909236273087
vertex -24.2 15.515592111718998 -12.775319332900944
endloop
endfacet
facet normal 0.0 -0.47139673682599603 -0.881921264348356
outer loop
vertex -31.8 15.75454411370329 -12.923909236273087
vertex -31.8 16.00270274576158 -13.056552788590558
vertex -24.2 15.75454411370329 -12.923909236273087
endloop
endfacet
facet normal 0.0 -0.41270702980439244 -0.9108638249211768
outer loop
vertex -31.8 16.00270274576158 -13.056552788590558
vertex -31.8 16.259005354533404 -13.172681989798532
vertex -24.2 16.00270274576158 -13.056552788590558
endloop
endfacet
facet normal 0.0 -0.3522500479212311 -0.9359059267573266
outer loop
vertex -31.8 16.259005354533404 -13.172681989798532
vertex -31.8 16.522354412899695 -13.271799556828952
vertex -24.2 16.259005354533404 -13.172681989798532
endloop
endfacet
facet normal 0.0 -0.2902846772544672 -0.9569403357322074
outer loop
vertex -31.8 16.522354412899695 -13.271799556828952
vertex -31.8 16.79162221976245 -13.353481053042993
vertex -24.2 16.522354412899695 -13.271799556828952
endloop
endfacet
facet normal -0.0 -0.22707626303437436 -0.9738769792773333
outer loop
vertex -31.8 17.065655729033935 -13.41737670573389
vertex -24.2 16.79162221976245 -13.353481053042993
vertex -31.8 16.79162221976245 -13.353481053042993
endloop
endfacet
facet normal 0.0 -0.1628954733945847 -0.9866433320848798
outer loop
vertex -31.8 17.065655729033935 -13.41737670573389
vertex -31.8 17.343281487157068 -13.463212903907383
vertex -24.2 17.065655729033935 -13.41737670573389
endloop
endfacet
facet normal 0.0 -0.09801714032956298 -0.9951847266721966
outer loop
vertex -31.8 17.343281487157068 -13.463212903907383
vertex -31.8 17.623310658013672 -13.490793369925994
vertex -24.2 17.343281487157068 -13.463212903907383
endloop
endfacet
facet normal 0.0 -0.03271908282178032 -0.9994645874763656
outer loop
vertex -31.8 17.623310658013672 -13.490793369925994
vertex -31.8 17.904544113703288 -13.5
vertex -24.2 17.623310658013672 -13.490793369925994
endloop
endfacet
facet normal 0.0 -0.9108638249211747 -0.4127070298043973
outer loop
vertex -31.8 13.931862123904756 -10.845538759169886
vertex -31.8 14.04799132511273 -11.101841367941704
vertex -24.2 13.931862123904756 -10.845538759169886
endloop
endfacet
facet normal 0.0 -0.8819212643483573 -0.47139673682599326
outer loop
vertex -31.8 14.04799132511273 -11.101841367941704
vertex -31.8 14.180634877430201 -11.349999999999998
vertex -24.2 14.04799132511273 -11.101841367941704
endloop
endfacet
facet normal -0.0 -0.9738769792773336 -0.227076263034373
outer loop
vertex -31.8 13.751063060660295 -10.312921893940839
vertex -24.2 13.687167407969397 -10.03888838466935
vertex -31.8 13.687167407969397 -10.03888838466935
endloop
endfacet
facet normal -0.0 -0.9866433320848793 -0.16289547339458668
outer loop
vertex -31.8 13.687167407969397 -10.03888838466935
vertex -24.2 13.641331209795904 -9.761262626546221
vertex -31.8 13.641331209795904 -9.761262626546221
endloop
endfacet
facet normal -0.0 -0.9951847266721968 -0.09801714032956174
outer loop
vertex -31.8 13.641331209795904 -9.761262626546221
vertex -24.2 13.613750743777294 -9.481233455689614
vertex -31.8 13.613750743777294 -9.481233455689614
endloop
endfacet
facet normal -0.0 -0.9359059267573266 -0.3522500479212311
outer loop
vertex -31.8 13.931862123904756 -10.845538759169886
vertex -24.2 13.832744556874335 -10.582189700803594
vertex -31.8 13.832744556874335 -10.582189700803594
endloop
endfacet
facet normal 0.0 -0.9569403357322078 -0.2902846772544654
outer loop
vertex -31.8 13.751063060660295 -10.312921893940839
vertex -31.8 13.832744556874335 -10.582189700803594
vertex -24.2 13.751063060660295 -10.312921893940839
endloop
endfacet
facet normal -0.0 -0.9994645874763656 -0.03271908282178053
outer loop
vertex -31.8 13.613750743777294 -9.481233455689614
vertex -24.2 13.604544113703287 -9.2
vertex -31.8 13.604544113703287 -9.2
endloop
endfacet
facet normal 0.0 -0.9994645874763656 0.03271908282178053
outer loop
vertex -31.8 13.604544113703287 -9.2
vertex -24.2 13.613750743777294 -8.918766544310385
vertex -31.8 13.613750743777294 -8.918766544310385
endloop
endfacet
facet normal 0.0 -0.9951847266721968 0.09801714032956174
outer loop
vertex -31.8 13.613750743777294 -8.918766544310385
vertex -24.2 13.641331209795904 -8.638737373453777
vertex -31.8 13.641331209795904 -8.638737373453777
endloop
endfacet
facet normal 0.0 -0.9866433320848793 0.16289547339458668
outer loop
vertex -31.8 13.641331209795904 -8.638737373453777
vertex -24.2 13.687167407969397 -8.361111615330648
vertex -31.8 13.687167407969397 -8.361111615330648
endloop
endfacet
facet normal 0.0 -0.9738769792773336 0.227076263034373
outer loop
vertex -31.8 13.687167407969397 -8.361111615330648
vertex -24.2 13.751063060660295 -8.08707810605916
vertex -31.8 13.751063060660295 -8.08707810605916
endloop
endfacet
facet normal 0.0 -0.9569403357322078 0.2902846772544654
outer loop
vertex -31.8 13.751063060660295 -8.08707810605916
vertex -24.2 13.832744556874335 -7.817810299196404
vertex -31.8 13.832744556874335 -7.817810299196404
endloop
endfacet
facet normal 0.0 -0.9359059267573266 0.3522500479212311
outer loop
vertex -31.8 13.832744556874335 -7.817810299196404
vertex -24.2 13.931862123904756 -7.554461240830113
vertex -31.8 13.931862123904756 -7.554461240830113
endloop
endfacet
facet normal 0.0 -0.9108638249211751 0.412707029804396
outer loop
vertex -31.8 13.931862123904756 -7.554461240830113
vertex -24.2 14.04799132511273 -7.298158632058294
vertex -31.8 14.04799132511273 -7.298158632058294
endloop
endfacet
facet normal 0.0 -0.8819212643483573 0.47139673682599326
outer loop
vertex -31.8 14.04799132511273 -7.298158632058294
vertex -24.2 14.180634877430201 -7.05
vertex -31.8 14.180634877430201 -7.05
endloop
endfacet
facet normal 0.0 -0.8492021815265789 -0.5280678506503681
outer loop
vertex -31.8 14.180634877430201 -11.349999999999998
vertex -31.8 14.329224780802344 -11.588952001984289
vertex -24.2 14.180634877430201 -11.349999999999998
endloop
endfacet
facet normal 0.0 -0.8128466845916145 -0.5824776968678033
outer loop
vertex -31.8 14.329224780802344 -11.588952001984289
vertex -31.8 14.493124750450978 -11.817674144737499
vertex -24.2 14.329224780802344 -11.588952001984289
endloop
endfacet
facet normal -0.0 -0.773010453362738 -0.6343932841636443
outer loop
vertex -31.8 14.671632941543685 -12.035187004930295
vertex -24.2 14.493124750450978 -11.817674144737499
vertex -31.8 14.493124750450978 -11.817674144737499
endloop
endfacet
facet normal 0.0 -0.849202181526578 0.5280678506503695
outer loop
vertex -31.8 14.180634877430201 -7.05
vertex -24.2 14.329224780802344 -6.8110479980157095
vertex -31.8 14.329224780802344 -6.8110479980157095
endloop
endfacet
facet normal 0.0 -0.8128466845916145 0.5824776968678033
outer loop
vertex -31.8 14.329224780802344 -6.8110479980157095
vertex -24.2 14.493124750450978 -6.5823258552625
vertex -31.8 14.493124750450978 -6.5823258552625
endloop
endfacet
facet normal 0.0 -0.773010453362738 0.6343932841636443
outer loop
vertex -31.8 14.493124750450978 -6.5823258552625
vertex -24.2 14.671632941543685 -6.364812995069704
vertex -31.8 14.671632941543685 -6.364812995069704
endloop
endfacet
facet normal 0.0 -0.7298640726978328 0.6835923020228742
outer loop
vertex -31.8 14.671632941543685 -6.364812995069704
vertex -24.2 14.863984954601134 -6.159440840897846
vertex -31.8 14.863984954601134 -6.159440840897846
endloop
endfacet
facet normal 0.0 -0.6835923020228726 0.7298640726978345
outer loop
vertex -31.8 14.863984954601134 -6.159440840897846
vertex -24.2 15.069357108772993 -5.967088827840397
vertex -31.8 15.069357108772993 -5.967088827840397
endloop
endfacet
facet normal 0.0 -0.6343932841636462 0.7730104533627365
outer loop
vertex -31.8 15.069357108772993 -5.967088827840397
vertex -24.2 15.286869968965789 -5.788580636747689
vertex -31.8 15.286869968965789 -5.788580636747689
endloop
endfacet
facet normal 0.0 -0.5824776968678033 0.8128466845916145
outer loop
vertex -31.8 15.286869968965789 -5.788580636747689
vertex -24.2 15.515592111718998 -5.624680667099055
vertex -31.8 15.515592111718998 -5.624680667099055
endloop
endfacet
facet normal 0.0 -0.5280678506503659 0.8492021815265802
outer loop
vertex -31.8 15.515592111718998 -5.624680667099055
vertex -24.2 15.75454411370329 -5.476090763726913
vertex -31.8 15.75454411370329 -5.476090763726913
endloop
endfacet
facet normal 0.0 -0.4713967368259984 0.8819212643483546
outer loop
vertex -31.8 15.75454411370329 -5.476090763726913
vertex -24.2 16.00270274576158 -5.3434472114094405
vertex -31.8 16.00270274576158 -5.3434472114094405
endloop
endfacet
facet normal 0.0 -0.41270702980439244 0.9108638249211768
outer loop
vertex -31.8 16.00270274576158 -5.3434472114094405
vertex -24.2 16.259005354533404 -5.227318010201467
vertex -31.8 16.259005354533404 -5.227318010201467
endloop
endfacet
facet normal 0.0 -0.3522500479212338 0.9359059267573256
outer loop
vertex -31.8 16.259005354533404 -5.227318010201467
vertex -24.2 16.522354412899695 -5.128200443171045
vertex -31.8 16.522354412899695 -5.128200443171045
endloop
endfacet
facet normal 0.0 -0.29028467725446433 0.9569403357322084
outer loop
vertex -31.8 16.522354412899695 -5.128200443171045
vertex -24.2 16.79162221976245 -5.046518946957006
vertex -31.8 16.79162221976245 -5.046518946957006
endloop
endfacet
facet normal 0.0 -0.22707626303437436 0.9738769792773333
outer loop
vertex -31.8 16.79162221976245 -5.046518946957006
vertex -24.2 17.065655729033935 -4.982623294266109
vertex -31.8 17.065655729033935 -4.982623294266109
endloop
endfacet
facet normal 0.0 -0.16289547339458776 0.9866433320848792
outer loop
vertex -31.8 17.065655729033935 -4.982623294266109
vertex -24.2 17.343281487157068 -4.936787096092615
vertex -31.8 17.343281487157068 -4.936787096092615
endloop
endfacet
facet normal 0.0 -0.09801714032955984 0.9951847266721969
outer loop
vertex -31.8 17.343281487157068 -4.936787096092615
vertex -24.2 17.623310658013672 -4.909206630074005
vertex -31.8 17.623310658013672 -4.909206630074005
endloop
endfacet
facet normal 0.0 -0.03271908282178032 0.9994645874763656
outer loop
vertex -31.8 17.623310658013672 -4.909206630074005
vertex -24.2 17.904544113703288 -4.899999999999999
vertex -31.8 17.904544113703288 -4.899999999999999
endloop
endfacet
facet normal -1.0 0.0 0.0
outer loop
vertex -31.8 18.077862406163167 -11.844326146582299
vertex -31.8 18.250438523086423 -11.827328882640597
vertex -31.8 21.13745528586289 -12.035187004930295
endloop
endfacet
facet normal -0.9999999999999999 0.0 0.0
outer loop
vertex -31.8 18.250438523086423 -11.827328882640597
vertex -31.8 18.42153346704603 -11.79908099306856
vertex -31.8 21.13745528586289 -12.035187004930295
endloop
endfacet
facet normal -0.9999999999999999 0.0 0.0
outer loop
vertex -31.8 18.42153346704603 -11.79908099306856
vertex -31.8 18.59041458322497 -11.75970343966603
vertex -31.8 21.3159634769556 -11.817674144737499
endloop
endfacet
facet normal -1.0 0.0 0.0
outer loop
vertex -31.8 18.59041458322497 -11.75970343966603
vertex -31.8 18.756358696756667 -11.70936484316203
vertex -31.8 21.3159634769556 -11.817674144737499
endloop
endfacet
facet normal -0.9999999999999999 0.0 0.0
outer loop
vertex -31.8 18.756358696756667 -11.70936484316203
vertex -31.8 18.918655209470778 -11.64828076115491
vertex -31.8 21.3159634769556 -11.817674144737499
endloop
endfacet
facet normal -1.0 0.0 0.0
outer loop
vertex -31.8 18.918655209470778 -11.64828076115491
vertex -31.8 19.076609142783642 -11.576712765061624
vertex -31.8 21.3159634769556 -11.817674144737499
endloop
endfacet
facet normal -1.0 0.0 0.0
outer loop
vertex -31.8 19.076609142783642 -11.576712765061624
vertex -31.8 19.229544113703287 -11.494967320028762
vertex -31.8 21.479863446604234 -11.588952001984289
endloop
endfacet
facet normal -0.9999999999999999 0.0 0.0
outer loop
vertex -31.8 19.229544113703287 -11.494967320028762
vertex -31.8 19.376805231205235 -11.403394472601743
vertex -31.8 21.479863446604234 -11.588952001984289
endloop
endfacet
facet normal -1.0 0.0 0.0
outer loop
vertex -31.8 19.376805231205235 -11.403394472601743
vertex -31.8 19.5177619005764 -11.302386351771773
vertex -31.8 21.479863446604234 -11.588952001984289
endloop
endfacet
facet normal -0.9999999999999999 0.0 -0.0
outer loop
vertex -31.8 18.42153346704603 -11.79908099306856
vertex -31.8 21.3159634769556 -11.817674144737499
vertex -31.8 21.13745528586289 -12.035187004930295
endloop
endfacet
facet normal -0.9999999999999999 0.0 0.0
outer loop
vertex -31.8 19.5177619005764 -11.302386351771773
vertex -31.8 19.65181052371847 -11.19237548981929
vertex -31.8 21.628453349976375 -11.349999999999998
endloop
endfacet
facet normal -1.0 0.0 0.0
outer loop
vertex -31.8 19.65181052371847 -11.19237548981929
vertex -31.8 19.778377083847637 -11.07383297014435
vertex -31.8 21.628453349976375 -11.349999999999998
endloop
endfacet
facet normal -1.0 0.0 -0.0
outer loop
vertex -31.8 19.076609142783642 -11.576712765061624
vertex -31.8 21.479863446604234 -11.588952001984289
vertex -31.8 21.3159634769556 -11.817674144737499
endloop
endfacet
facet normal -1.0 0.0 0.0
outer loop
vertex -31.8 19.778377083847637 -11.07383297014435
vertex -31.8 19.896919603522576 -10.947266410015182
vertex -31.8 21.761096902293847 -11.101841367941704
endloop
endfacet
facet normal -1.0 0.0 0.0
outer loop
vertex -31.8 19.896919603522576 -10.947266410015182
vertex -31.8 20.00693046547506 -10.813217786873109
vertex -31.8 21.761096902293847 -11.101841367941704
endloop
endfacet
facet normal -1.0 0.0 0.0
outer loop
vertex -31.8 20.00693046547506 -10.813217786873109
vertex -31.8 20.107938586305032 -10.672261117501945
vertex -31.8 21.87722610350182 -10.845538759169886
endloop
endfacet
facet normal -0.9999999999999999 0.0 0.0
outer loop
vertex -31.8 20.107938586305032 -10.672261117501945
vertex -31.8 20.19951143373205 -10.524999999999999
vertex -31.8 21.87722610350182 -10.845538759169886
endloop
endfacet
facet normal -1.0 -0.0 -0.0
outer loop
vertex -31.8 18.756358696756667 -6.690635156837969
vertex -31.8 21.479863446604234 -6.8110479980157095
vertex -31.8 18.918655209470778 -6.751719238845089
endloop
endfacet
facet normal -1.0 0.0 -0.0
outer loop
vertex -31.8 18.918655209470778 -6.751719238845089
vertex -31.8 21.479863446604234 -6.8110479980157095
vertex -31.8 19.076609142783642 -6.823287234938375
endloop
endfacet
facet normal -0.9999999999999999 0.0 -0.0
outer loop
vertex -31.8 19.076609142783642 -6.823287234938375
vertex -31.8 21.479863446604234 -6.8110479980157095
vertex -31.8 19.229544113703287 -6.905032679971237
endloop
endfacet
facet normal -1.0 0.0 0.0
outer loop
vertex -31.8 19.5177619005764 -7.097613648228226
vertex -31.8 19.376805231205235 -6.996605527398255
vertex -31.8 21.628453349976375 -7.05
endloop
endfacet
facet normal -1.0 -0.0 -0.0
outer loop
vertex -31.8 19.229544113703287 -6.905032679971237
vertex -31.8 21.628453349976375 -7.05
vertex -31.8 19.376805231205235 -6.996605527398255
endloop
endfacet
facet normal -1.0 0.0 -0.0
outer loop
vertex -31.8 19.5177619005764 -7.097613648228226
vertex -31.8 21.628453349976375 -7.05
vertex -31.8 19.65181052371847 -7.207624510180709
endloop
endfacet
facet normal -1.0 0.0 0.0
outer loop
vertex -31.8 19.896919603522576 -7.452733589984817
vertex -31.8 19.778377083847637 -7.3261670298556485
vertex -31.8 21.761096902293847 -7.298158632058294
endloop
endfacet
facet normal -1.0 0.0 -0.0
outer loop
vertex -31.8 19.896919603522576 -7.452733589984817
vertex -31.8 21.87722610350182 -7.554461240830113
vertex -31.8 20.00693046547506 -7.58678221312689
endloop
endfacet
facet normal -1.0 0.0 -0.0
outer loop
vertex -31.8 20.107938586305032 -7.727738882498054
vertex -31.8 21.97634367053224 -7.817810299196404
vertex -31.8 20.19951143373205 -7.875
endloop
endfacet
facet normal -1.0 0.0 0.0
outer loop
vertex -31.8 20.107938586305032 -7.727738882498054
vertex -31.8 20.00693046547506 -7.58678221312689
vertex -31.8 21.87722610350182 -7.554461240830113
endloop
endfacet
facet normal -1.0 0.0 -0.0
outer loop
vertex -31.8 19.65181052371847 -7.207624510180709
vertex -31.8 21.761096902293847 -7.298158632058294
vertex -31.8 19.778377083847637 -7.3261670298556485
endloop
endfacet
facet normal -1.0 0.0 0.0
outer loop
vertex -31.8 18.756358696756667 -6.690635156837969
vertex -31.8 21.3159634769556 -6.5823258552625
vertex -31.8 21.479863446604234 -6.8110479980157095
endloop
endfacet
facet normal -1.0 0.0 0.0
outer loop
vertex -31.8 19.229544113703287 -6.905032679971237
vertex -31.8 21.479863446604234 -6.8110479980157095
vertex -31.8 21.628453349976375 -7.05
endloop
endfacet
facet normal -1.0 0.0 -0.0
outer loop
vertex -31.8 19.5177619005764 -11.302386351771773
vertex -31.8 21.628453349976375 -11.349999999999998
vertex -31.8 21.479863446604234 -11.588952001984289
endloop
endfacet
facet normal -1.0 0.0 -0.0
outer loop
vertex -31.8 19.778377083847637 -11.07383297014435
vertex -31.8 21.761096902293847 -11.101841367941704
vertex -31.8 21.628453349976375 -11.349999999999998
endloop
endfacet
facet normal -1.0 0.0 -0.0
outer loop
vertex -31.8 20.00693046547506 -10.813217786873109
vertex -31.8 21.87722610350182 -10.845538759169886
vertex -31.8 21.761096902293847 -11.101841367941704
endloop
endfacet
facet normal -1.0 0.0 0.0
outer loop
vertex -31.8 20.19951143373205 -10.524999999999999
vertex -31.8 20.28125687876491 -10.372065029080353
vertex -31.8 21.97634367053224 -10.582189700803594
endloop
endfacet
facet normal -1.0 0.0 0.0
outer loop
vertex -31.8 20.28125687876491 -10.372065029080353
vertex -31.8 20.352824874858197 -10.214111095767487
vertex -31.8 21.97634367053224 -10.582189700803594
endloop
endfacet
facet normal -1.0 0.0 0.0
outer loop
vertex -31.8 20.352824874858197 -10.214111095767487
vertex -31.8 20.413908956865317 -10.051814583053378
vertex -31.8 22.058025166746283 -10.312921893940839
endloop
endfacet
facet normal -1.0 0.0 0.0
outer loop
vertex -31.8 20.413908956865317 -10.051814583053378
vertex -31.8 20.46424755336932 -9.885870469521679
vertex -31.8 22.058025166746283 -10.312921893940839
endloop
endfacet
facet normal -1.0 0.0 0.0
outer loop
vertex -31.8 20.46424755336932 -9.885870469521679
vertex -31.8 20.50362510677185 -9.71698935334274
vertex -31.8 22.12192081943718 -10.03888838466935
endloop
endfacet
facet normal -1.0 0.0 0.0
outer loop
vertex -31.8 20.50362510677185 -9.71698935334274
vertex -31.8 20.531872996343886 -9.545894409383136
vertex -31.8 22.167757017610672 -9.761262626546221
endloop
endfacet
facet normal -1.0 0.0 0.0
outer loop
vertex -31.8 20.531872996343886 -9.545894409383136
vertex -31.8 20.548870260285586 -9.373318292459878
vertex -31.8 22.167757017610672 -9.761262626546221
endloop
endfacet
facet normal -1.0 0.0 -0.0
outer loop
vertex -31.8 20.19951143373205 -10.524999999999999
vertex -31.8 21.97634367053224 -10.582189700803594
vertex -31.8 21.87722610350182 -10.845538759169886
endloop
endfacet
facet normal -1.0 0.0 -0.0
outer loop
vertex -31.8 20.352824874858197 -10.214111095767487
vertex -31.8 22.058025166746283 -10.312921893940839
vertex -31.8 21.97634367053224 -10.582189700803594
endloop
endfacet
facet normal -1.0 0.0 -0.0
outer loop
vertex -31.8 20.46424755336932 -9.885870469521679
vertex -31.8 22.12192081943718 -10.03888838466935
vertex -31.8 22.058025166746283 -10.312921893940839
endloop
endfacet
facet normal -1.0 0.0 -0.0
outer loop
vertex -31.8 20.50362510677185 -9.71698935334274
vertex -31.8 22.167757017610672 -9.761262626546221
vertex -31.8 22.12192081943718 -10.03888838466935
endloop
endfacet
facet normal -0.9999999999999999 0.0 -0.0
outer loop
vertex -31.8 20.548870260285586 -9.373318292459878
vertex -31.8 22.19533748362928 -9.481233455689614
vertex -31.8 22.167757017610672 -9.761262626546221
endloop
endfacet
facet normal -1.0 0.0 0.0
outer loop
vertex -31.8 20.548870260285586 -9.373318292459878
vertex -31.8 20.554544113703287 -9.2
vertex -31.8 22.19533748362928 -9.481233455689614
endloop
endfacet
facet normal -1.0 0.0 0.0
outer loop
vertex -31.8 20.554544113703287 -9.2
vertex -31.8 20.548870260285586 -9.02668170754012
vertex -31.8 22.20454411370329 -9.2
endloop
endfacet
facet normal -1.0 0.0 0.0
outer loop
vertex -31.8 20.548870260285586 -9.02668170754012
vertex -31.8 20.531872996343886 -8.854105590616863
vertex -31.8 22.19533748362928 -8.918766544310385
endloop
endfacet
facet normal -1.0 0.0 0.0
outer loop
vertex -31.8 20.531872996343886 -8.854105590616863
vertex -31.8 20.50362510677185 -8.683010646657259
vertex -31.8 22.167757017610672 -8.638737373453777
endloop
endfacet
facet normal -1.0 0.0 0.0
outer loop
vertex -31.8 20.46424755336932 -8.51412953047832
vertex -31.8 20.413908956865317 -8.34818541694662
vertex -31.8 22.12192081943718 -8.361111615330648
endloop
endfacet
facet normal -1.0 0.0 -0.0
outer loop
vertex -31.8 20.28125687876491 -8.027934970919645
vertex -31.8 22.058025166746283 -8.08707810605916
vertex -31.8 20.352824874858197 -8.185888904232511
endloop
endfacet
facet normal -1.0 -0.0 -0.0
outer loop
vertex -31.8 20.352824874858197 -8.185888904232511
vertex -31.8 22.12192081943718 -8.361111615330648
vertex -31.8 20.413908956865317 -8.34818541694662
endloop
endfacet
facet normal -1.0 0.0 -0.0
outer loop
vertex -31.8 20.46424755336932 -8.51412953047832
vertex -31.8 22.167757017610672 -8.638737373453777
vertex -31.8 20.50362510677185 -8.683010646657259
endloop
endfacet
facet normal -0.9999999999999999 0.0 0.0
outer loop
vertex -31.8 20.531872996343886 -8.854105590616863
vertex -31.8 22.167757017610672 -8.638737373453777
vertex -31.8 22.19533748362928 -8.918766544310385
endloop
endfacet
facet normal -1.0 0.0 0.0
outer loop
vertex -31.8 20.46424755336932 -8.51412953047832
vertex -31.8 22.12192081943718 -8.361111615330648
vertex -31.8 22.167757017610672 -8.638737373453777
endloop
endfacet
facet normal -1.0 0.0 0.0
outer loop
vertex -31.8 20.352824874858197 -8.185888904232511
vertex -31.8 22.058025166746283 -8.08707810605916
vertex -31.8 22.12192081943718 -8.361111615330648
endloop
endfacet
facet normal -1.0 0.0 0.0
outer loop
vertex -31.8 20.28125687876491 -8.027934970919645
vertex -31.8 20.19951143373205 -7.875
vertex -31.8 21.97634367053224 -7.817810299196404
endloop
endfacet
facet normal -1.0 0.0 0.0
outer loop
vertex -31.8 19.896919603522576 -7.452733589984817
vertex -31.8 21.761096902293847 -7.298158632058294
vertex -31.8 21.87722610350182 -7.554461240830113
endloop
endfacet
facet normal -1.0 0.0 0.0
outer loop
vertex -31.8 19.65181052371847 -7.207624510180709
vertex -31.8 21.628453349976375 -7.05
vertex -31.8 21.761096902293847 -7.298158632058294
endloop
endfacet
facet normal -1.0 0.0 0.0
outer loop
vertex -31.8 20.107938586305032 -7.727738882498054
vertex -31.8 21.87722610350182 -7.554461240830113
vertex -31.8 21.97634367053224 -7.817810299196404
endloop
endfacet
facet normal -1.0 0.0 0.0
outer loop
vertex -31.8 20.28125687876491 -8.027934970919645
vertex -31.8 21.97634367053224 -7.817810299196404
vertex -31.8 22.058025166746283 -8.08707810605916
endloop
endfacet
facet normal -1.0 0.0 -0.0
outer loop
vertex -31.8 20.554544113703287 -9.2
vertex -31.8 22.20454411370329 -9.2
vertex -31.8 22.19533748362928 -9.481233455689614
endloop
endfacet
facet normal -0.9999999999999999 0.0 0.0
outer loop
vertex -31.8 20.548870260285586 -9.02668170754012
vertex -31.8 22.19533748362928 -8.918766544310385
vertex -31.8 22.20454411370329 -9.2
endloop
endfacet
facet normal -1.0 -0.0 -0.0
outer loop
vertex -31.8 18.077862406163167 -6.5556738534177
vertex -31.8 21.3159634769556 -6.5823258552625
vertex -31.8 18.250438523086423 -6.572671117359402
endloop
endfacet
facet normal -1.0 0.0 -0.0
outer loop
vertex -31.8 18.250438523086423 -6.572671117359402
vertex -31.8 21.3159634769556 -6.5823258552625
vertex -31.8 18.42153346704603 -6.600919006931439
endloop
endfacet
facet normal -0.9999999999999999 0.0 -0.0
outer loop
vertex -31.8 18.42153346704603 -6.600919006931439
vertex -31.8 21.3159634769556 -6.5823258552625
vertex -31.8 18.59041458322497 -6.640296560333969
endloop
endfacet
facet normal -1.0 0.0 0.0
outer loop
vertex -31.8 18.756358696756667 -6.690635156837969
vertex -31.8 18.59041458322497 -6.640296560333969
vertex -31.8 21.3159634769556 -6.5823258552625
endloop
endfacet
facet normal 0.0 -0.7298640726978328 -0.6835923020228742
outer loop
vertex -31.8 14.863984954601134 -12.240559159102153
vertex -24.2 14.863984954601134 -12.240559159102153
vertex -24.2 14.671632941543685 -12.035187004930295
endloop
endfacet
facet normal 0.0 -0.6835923020228742 -0.7298640726978328
outer loop
vertex -31.8 15.069357108772993 -12.432911172159603
vertex -24.2 15.069357108772993 -12.432911172159603
vertex -24.2 14.863984954601134 -12.240559159102153
endloop
endfacet
facet normal 0.0 -0.6343932841636443 -0.773010453362738
outer loop
vertex -31.8 15.286869968965789 -12.61141936325231
vertex -24.2 15.286869968965789 -12.61141936325231
vertex -24.2 15.069357108772993 -12.432911172159603
endloop
endfacet
facet normal 0.0 -0.5824776968678033 -0.8128466845916145
outer loop
vertex -31.8 15.515592111718998 -12.775319332900944
vertex -24.2 15.515592111718998 -12.775319332900944
vertex -24.2 15.286869968965789 -12.61141936325231
endloop
endfacet
facet normal 0.0 -0.5280678506503681 -0.8492021815265789
outer loop
vertex -31.8 15.75454411370329 -12.923909236273087
vertex -24.2 15.75454411370329 -12.923909236273087
vertex -24.2 15.515592111718998 -12.775319332900944
endloop
endfacet
facet normal 0.0 -0.47139673682599603 -0.881921264348356
outer loop
vertex -31.8 16.00270274576158 -13.056552788590558
vertex -24.2 16.00270274576158 -13.056552788590558
vertex -24.2 15.75454411370329 -12.923909236273087
endloop
endfacet
facet normal 0.0 -0.41270702980439244 -0.9108638249211768
outer loop
vertex -31.8 16.259005354533404 -13.172681989798532
vertex -24.2 16.259005354533404 -13.172681989798532
vertex -24.2 16.00270274576158 -13.056552788590558
endloop
endfacet
facet normal 0.0 -0.3522500479212311 -0.9359059267573266
outer loop
vertex -31.8 16.522354412899695 -13.271799556828952
vertex -24.2 16.522354412899695 -13.271799556828952
vertex -24.2 16.259005354533404 -13.172681989798532
endloop
endfacet
facet normal 0.0 -0.22707626303437436 -0.9738769792773333
outer loop
vertex -31.8 17.065655729033935 -13.41737670573389
vertex -24.2 17.065655729033935 -13.41737670573389
vertex -24.2 16.79162221976245 -13.353481053042993
endloop
endfacet
facet normal 0.0 -0.1628954733945847 -0.9866433320848798
outer loop
vertex -31.8 17.343281487157068 -13.463212903907383
vertex -24.2 17.343281487157068 -13.463212903907383
vertex -24.2 17.065655729033935 -13.41737670573389
endloop
endfacet
facet normal 0.0 -0.2902846772544672 -0.9569403357322074
outer loop
vertex -31.8 16.79162221976245 -13.353481053042993
vertex -24.2 16.79162221976245 -13.353481053042993
vertex -24.2 16.522354412899695 -13.271799556828952
endloop
endfacet
facet normal 0.0 -0.09801714032956298 -0.9951847266721966
outer loop
vertex -31.8 17.623310658013672 -13.490793369925994
vertex -24.2 17.623310658013672 -13.490793369925994
vertex -24.2 17.343281487157068 -13.463212903907383
endloop
endfacet
facet normal 0.0 -0.03271908282178032 -0.9994645874763656
outer loop
vertex -31.8 17.904544113703288 -13.5
vertex -24.2 17.904544113703288 -13.5
vertex -24.2 17.623310658013672 -13.490793369925994
endloop
endfacet
facet normal 0.0 -0.9359059267573266 -0.3522500479212311
outer loop
vertex -31.8 13.931862123904756 -10.845538759169886
vertex -24.2 13.931862123904756 -10.845538759169886
vertex -24.2 13.832744556874335 -10.582189700803594
endloop
endfacet
facet normal 0.0 -0.8819212643483573 -0.47139673682599326
outer loop
vertex -31.8 14.180634877430201 -11.349999999999998
vertex -24.2 14.180634877430201 -11.349999999999998
vertex -24.2 14.04799132511273 -11.101841367941704
endloop
endfacet
facet normal 0.0 -0.9108638249211747 -0.4127070298043973
outer loop
vertex -31.8 14.04799132511273 -11.101841367941704
vertex -24.2 14.04799132511273 -11.101841367941704
vertex -24.2 13.931862123904756 -10.845538759169886
endloop
endfacet
facet normal 0.0 -0.9738769792773336 -0.227076263034373
outer loop
vertex -31.8 13.751063060660295 -10.312921893940839
vertex -24.2 13.751063060660295 -10.312921893940839
vertex -24.2 13.687167407969397 -10.03888838466935
endloop
endfacet
facet normal 0.0 -0.9866433320848793 -0.16289547339458668
outer loop
vertex -31.8 13.687167407969397 -10.03888838466935
vertex -24.2 13.687167407969397 -10.03888838466935
vertex -24.2 13.641331209795904 -9.761262626546221
endloop
endfacet
facet normal 0.0 -0.9951847266721968 -0.09801714032956174
outer loop
vertex -31.8 13.641331209795904 -9.761262626546221
vertex -24.2 13.641331209795904 -9.761262626546221
vertex -24.2 13.613750743777294 -9.481233455689614
endloop
endfacet
facet normal 0.0 -0.9994645874763656 -0.03271908282178053
outer loop
vertex -31.8 13.613750743777294 -9.481233455689614
vertex -24.2 13.613750743777294 -9.481233455689614
vertex -24.2 13.604544113703287 -9.2
endloop
endfacet
facet normal 0.0 -0.9569403357322078 -0.2902846772544654
outer loop
vertex -31.8 13.832744556874335 -10.582189700803594
vertex -24.2 13.832744556874335 -10.582189700803594
vertex -24.2 13.751063060660295 -10.312921893940839
endloop
endfacet
facet normal 0.0 -0.9994645874763656 0.03271908282178053
outer loop
vertex -31.8 13.604544113703287 -9.2
vertex -24.2 13.604544113703287 -9.2
vertex -24.2 13.613750743777294 -8.918766544310385
endloop
endfacet
facet normal 0.0 -0.9951847266721968 0.09801714032956174
outer loop
vertex -31.8 13.613750743777294 -8.918766544310385
vertex -24.2 13.613750743777294 -8.918766544310385
vertex -24.2 13.641331209795904 -8.638737373453777
endloop
endfacet
facet normal 0.0 -0.9866433320848793 0.16289547339458668
outer loop
vertex -31.8 13.641331209795904 -8.638737373453777
vertex -24.2 13.641331209795904 -8.638737373453777
vertex -24.2 13.687167407969397 -8.361111615330648
endloop
endfacet
facet normal 0.0 -0.9738769792773336 0.227076263034373
outer loop
vertex -31.8 13.687167407969397 -8.361111615330648
vertex -24.2 13.687167407969397 -8.361111615330648
vertex -24.2 13.751063060660295 -8.08707810605916
endloop
endfacet
facet normal 0.0 -0.9569403357322078 0.2902846772544654
outer loop
vertex -31.8 13.751063060660295 -8.08707810605916
vertex -24.2 13.751063060660295 -8.08707810605916
vertex -24.2 13.832744556874335 -7.817810299196404
endloop
endfacet
facet normal 0.0 -0.9359059267573266 0.3522500479212311
outer loop
vertex -31.8 13.832744556874335 -7.817810299196404
vertex -24.2 13.832744556874335 -7.817810299196404
vertex -24.2 13.931862123904756 -7.554461240830113
endloop
endfacet
facet normal 0.0 -0.9108638249211751 0.412707029804396
outer loop
vertex -31.8 13.931862123904756 -7.554461240830113
vertex -24.2 13.931862123904756 -7.554461240830113
vertex -24.2 14.04799132511273 -7.298158632058294
endloop
endfacet
facet normal 0.0 -0.8819212643483573 0.47139673682599326
outer loop
vertex -31.8 14.04799132511273 -7.298158632058294
vertex -24.2 14.04799132511273 -7.298158632058294
vertex -24.2 14.180634877430201 -7.05
endloop
endfacet
facet normal 0.0 -0.8492021815265789 -0.5280678506503681
outer loop
vertex -31.8 14.329224780802344 -11.588952001984289
vertex -24.2 14.329224780802344 -11.588952001984289
vertex -24.2 14.180634877430201 -11.349999999999998
endloop
endfacet
facet normal 0.0 -0.8128466845916145 -0.5824776968678033
outer loop
vertex -31.8 14.493124750450978 -11.817674144737499
vertex -24.2 14.493124750450978 -11.817674144737499
vertex -24.2 14.329224780802344 -11.588952001984289
endloop
endfacet
facet normal 0.0 -0.773010453362738 -0.6343932841636443
outer loop
vertex -31.8 14.671632941543685 -12.035187004930295
vertex -24.2 14.671632941543685 -12.035187004930295
vertex -24.2 14.493124750450978 -11.817674144737499
endloop
endfacet
facet normal 0.0 -0.849202181526578 0.5280678506503695
outer loop
vertex -31.8 14.180634877430201 -7.05
vertex -24.2 14.180634877430201 -7.05
vertex -24.2 14.329224780802344 -6.8110479980157095
endloop
endfacet
facet normal 0.0 -0.8128466845916145 0.5824776968678033
outer loop
vertex -31.8 14.329224780802344 -6.8110479980157095
vertex -24.2 14.329224780802344 -6.8110479980157095
vertex -24.2 14.493124750450978 -6.5823258552625
endloop
endfacet
facet normal 0.0 -0.773010453362738 0.6343932841636443
outer loop
vertex -31.8 14.493124750450978 -6.5823258552625
vertex -24.2 14.493124750450978 -6.5823258552625
vertex -24.2 14.671632941543685 -6.364812995069704
endloop
endfacet
facet normal 0.0 -0.7298640726978328 0.6835923020228742
outer loop
vertex -31.8 14.671632941543685 -6.364812995069704
vertex -24.2 14.671632941543685 -6.364812995069704
vertex -24.2 14.863984954601134 -6.159440840897846
endloop
endfacet
facet normal 0.0 -0.6835923020228726 0.7298640726978345
outer loop
vertex -31.8 14.863984954601134 -6.159440840897846
vertex -24.2 14.863984954601134 -6.159440840897846
vertex -24.2 15.069357108772993 -5.967088827840397
endloop
endfacet
facet normal 0.0 -0.6343932841636462 0.7730104533627365
outer loop
vertex -31.8 15.069357108772993 -5.967088827840397
vertex -24.2 15.069357108772993 -5.967088827840397
vertex -24.2 15.286869968965789 -5.788580636747689
endloop
endfacet
facet normal 0.0 -0.5824776968678033 0.8128466845916145
outer loop
vertex -31.8 15.286869968965789 -5.788580636747689
vertex -24.2 15.286869968965789 -5.788580636747689
vertex -24.2 15.515592111718998 -5.624680667099055
endloop
endfacet
facet normal 0.0 -0.5280678506503659 0.8492021815265802
outer loop
vertex -31.8 15.515592111718998 -5.624680667099055
vertex -24.2 15.515592111718998 -5.624680667099055
vertex -24.2 15.75454411370329 -5.476090763726913
endloop
endfacet
facet normal 0.0 -0.4713967368259984 0.8819212643483546
outer loop
vertex -31.8 15.75454411370329 -5.476090763726913
vertex -24.2 15.75454411370329 -5.476090763726913
vertex -24.2 16.00270274576158 -5.3434472114094405
endloop
endfacet
facet normal 0.0 -0.41270702980439244 0.9108638249211768
outer loop
vertex -31.8 16.00270274576158 -5.3434472114094405
vertex -24.2 16.00270274576158 -5.3434472114094405
vertex -24.2 16.259005354533404 -5.227318010201467
endloop
endfacet
facet normal 0.0 -0.3522500479212338 0.9359059267573256
outer loop
vertex -31.8 16.259005354533404 -5.227318010201467
vertex -24.2 16.259005354533404 -5.227318010201467
vertex -24.2 16.522354412899695 -5.128200443171045
endloop
endfacet
facet normal 0.0 -0.29028467725446433 0.9569403357322084
outer loop
vertex -31.8 16.522354412899695 -5.128200443171045
vertex -24.2 16.522354412899695 -5.128200443171045
vertex -24.2 16.79162221976245 -5.046518946957006
endloop
endfacet
facet normal 0.0 -0.22707626303437436 0.9738769792773333
outer loop
vertex -31.8 16.79162221976245 -5.046518946957006
vertex -24.2 16.79162221976245 -5.046518946957006
vertex -24.2 17.065655729033935 -4.982623294266109
endloop
endfacet
facet normal 0.0 -0.16289547339458776 0.9866433320848792
outer loop
vertex -31.8 17.065655729033935 -4.982623294266109
vertex -24.2 17.065655729033935 -4.982623294266109
vertex -24.2 17.343281487157068 -4.936787096092615
endloop
endfacet
facet normal 0.0 -0.09801714032955984 0.9951847266721969
outer loop
vertex -31.8 17.343281487157068 -4.936787096092615
vertex -24.2 17.343281487157068 -4.936787096092615
vertex -24.2 17.623310658013672 -4.909206630074005
endloop
endfacet
facet normal 0.0 -0.03271908282178032 0.9994645874763656
outer loop
vertex -31.8 17.623310658013672 -4.909206630074005
vertex -24.2 17.623310658013672 -4.909206630074005
vertex -24.2 17.904544113703288 -4.899999999999999
endloop
endfacet
facet normal 1.0 -0.0 0.0
outer loop
vertex -24.2 15.286869968965789 -12.61141936325231
vertex -24.2 15.515592111718998 -12.775319332900944
vertex -24.2 20.293496115687578 -12.775319332900944
endloop
endfacet
facet normal 1.0 -0.0 0.0
outer loop
vertex -24.2 14.671632941543685 -12.035187004930295
vertex -24.2 14.863984954601134 -12.240559159102153
vertex -24.2 20.945103272805444 -12.240559159102153
endloop
endfacet
facet normal 1.0 -0.0 0.0
outer loop
vertex -24.2 15.069357108772993 -12.432911172159603
vertex -24.2 15.286869968965789 -12.61141936325231
vertex -24.2 20.522218258440788 -12.61141936325231
endloop
endfacet
facet normal 1.0 -0.0 0.0
outer loop
vertex -24.2 14.863984954601134 -12.240559159102153
vertex -24.2 15.069357108772993 -12.432911172159603
vertex -24.2 20.739731118633586 -12.432911172159603
endloop
endfacet
facet normal 1.0 -0.0 0.0
outer loop
vertex -24.2 16.00270274576158 -13.056552788590558
vertex -24.2 16.259005354533404 -13.172681989798532
vertex -24.2 19.550082872873173 -13.172681989798532
endloop
endfacet
facet normal 0.9999999999999999 -0.0 0.0
outer loop
vertex -24.2 15.515592111718998 -12.775319332900944
vertex -24.2 15.75454411370329 -12.923909236273087
vertex -24.2 20.054544113703287 -12.923909236273087
endloop
endfacet
facet normal 1.0 -0.0 0.0
outer loop
vertex -24.2 15.75454411370329 -12.923909236273087
vertex -24.2 16.00270274576158 -13.056552788590558
vertex -24.2 19.806385481644995 -13.056552788590558
endloop
endfacet
facet normal 1.0 -0.0 0.0
outer loop
vertex -24.2 16.259005354533404 -13.172681989798532
vertex -24.2 16.522354412899695 -13.271799556828952
vertex -24.2 19.28673381450688 -13.271799556828952
endloop
endfacet
facet normal 0.9999999999999999 -0.0 0.0
outer loop
vertex -24.2 16.522354412899695 -13.271799556828952
vertex -24.2 16.79162221976245 -13.353481053042993
vertex -24.2 19.017466007644128 -13.353481053042993
endloop
endfacet
facet normal 1.0 0.0 -0.0
outer loop
vertex -24.2 17.065655729033935 -13.41737670573389
vertex -24.2 18.74343249837264 -13.41737670573389
vertex -24.2 16.79162221976245 -13.353481053042993
endloop
endfacet
facet normal 1.0 -0.0 0.0
outer loop
vertex -24.2 17.065655729033935 -13.41737670573389
vertex -24.2 17.343281487157068 -13.463212903907383
vertex -24.2 18.46580674024951 -13.463212903907383
endloop
endfacet
facet normal 1.0 -0.0 0.0
outer loop
vertex -24.2 17.343281487157068 -13.463212903907383
vertex -24.2 17.623310658013672 -13.490793369925994
vertex -24.2 18.185777569392904 -13.490793369925994
endloop
endfacet
facet normal 1.0 -0.0 0.0
outer loop
vertex -24.2 17.623310658013672 -13.490793369925994
vertex -24.2 17.904544113703288 -13.5
vertex -24.2 18.185777569392904 -13.490793369925994
endloop
endfacet
facet normal 1.0 -0.0 0.0
outer loop
vertex -24.2 17.343281487157068 -13.463212903907383
vertex -24.2 18.185777569392904 -13.490793369925994
vertex -24.2 18.46580674024951 -13.463212903907383
endloop
endfacet
facet normal 1.0 -0.0 0.0
outer loop
vertex -24.2 17.065655729033935 -13.41737670573389
vertex -24.2 18.46580674024951 -13.463212903907383
vertex -24.2 18.74343249837264 -13.41737670573389
endloop
endfacet
facet normal 1.0 -0.0 0.0
outer loop
vertex -24.2 16.79162221976245 -13.353481053042993
vertex -24.2 18.74343249837264 -13.41737670573389
vertex -24.2 19.017466007644128 -13.353481053042993
endloop
endfacet
facet normal 1.0 -0.0 0.0
outer loop
vertex -24.2 16.522354412899695 -13.271799556828952
vertex -24.2 19.017466007644128 -13.353481053042993
vertex -24.2 19.28673381450688 -13.271799556828952
endloop
endfacet
facet normal 1.0 -0.0 0.0
outer loop
vertex -24.2 16.259005354533404 -13.172681989798532
vertex -24.2 19.28673381450688 -13.271799556828952
vertex -24.2 19.550082872873173 -13.172681989798532
endloop
endfacet
facet normal 0.9999999999999999 -0.0 0.0
outer loop
vertex -24.2 16.00270274576158 -13.056552788590558
vertex -24.2 19.550082872873173 -13.172681989798532
vertex -24.2 19.806385481644995 -13.056552788590558
endloop
endfacet
facet normal 1.0 -0.0 0.0
outer loop
vertex -24.2 15.75454411370329 -12.923909236273087
vertex -24.2 19.806385481644995 -13.056552788590558
vertex -24.2 20.0 -12.95306367244806
endloop
endfacet
facet normal 1.0 -0.0 0.0
outer loop
vertex -24.2 15.75454411370329 -12.923909236273087
vertex -24.2 20.0 -12.95306367244806
vertex -24.2 20.054544113703287 -12.923909236273087
endloop
endfacet
facet normal 1.0 -0.0 0.0
outer loop
vertex -24.2 15.515592111718998 -12.775319332900944
vertex -24.2 20.054544113703287 -12.923909236273087
vertex -24.2 20.293496115687578 -12.775319332900944
endloop
endfacet
facet normal 1.0 -0.0 0.0
outer loop
vertex -24.2 15.286869968965789 -12.61141936325231
vertex -24.2 20.293496115687578 -12.775319332900944
vertex -24.2 20.522218258440788 -12.61141936325231
endloop
endfacet
facet normal 1.0 -0.0 0.0
outer loop
vertex -24.2 15.069357108772993 -12.432911172159603
vertex -24.2 20.522218258440788 -12.61141936325231
vertex -24.2 20.739731118633586 -12.432911172159603
endloop
endfacet
facet normal 1.0 -0.0 0.0
outer loop
vertex -24.2 14.863984954601134 -12.240559159102153
vertex -24.2 20.739731118633586 -12.432911172159603
vertex -24.2 20.945103272805444 -12.240559159102153
endloop
endfacet
facet normal 1.0 -0.0 0.0
outer loop
vertex -24.2 14.671632941543685 -12.035187004930295
vertex -24.2 20.945103272805444 -12.240559159102153
vertex -24.2 21.13745528586289 -12.035187004930295
endloop
endfacet
facet normal 1.0 0.0 -0.0
outer loop
vertex -24.2 13.641331209795904 -9.761262626546221
vertex -24.2 15.260217967120989 -9.373318292459878
vertex -24.2 13.613750743777294 -9.481233455689614
endloop
endfacet
facet normal 0.9999999999999999 0.0 -0.0
outer loop
vertex -24.2 13.613750743777294 -9.481233455689614
vertex -24.2 15.254544113703288 -9.2
vertex -24.2 13.604544113703287 -9.2
endloop
endfacet
facet normal 1.0 0.0 -0.0
outer loop
vertex -24.2 13.604544113703287 -9.2
vertex -24.2 15.260217967120989 -9.02668170754012
vertex -24.2 13.613750743777294 -8.918766544310385
endloop
endfacet
facet normal 0.9999999999999999 0.0 -0.0
outer loop
vertex -24.2 13.613750743777294 -8.918766544310385
vertex -24.2 15.27721523106269 -8.854105590616863
vertex -24.2 13.641331209795904 -8.638737373453777
endloop
endfacet
facet normal 1.0 -0.0 0.0
outer loop
vertex -24.2 13.931862123904756 -10.845538759169886
vertex -24.2 14.04799132511273 -11.101841367941704
vertex -24.2 15.802157761931515 -10.813217786873109
endloop
endfacet
facet normal 1.0 -0.0 0.0
outer loop
vertex -24.2 14.180634877430201 -11.349999999999998
vertex -24.2 14.329224780802344 -11.588952001984289
vertex -24.2 16.43228299620134 -11.403394472601743
endloop
endfacet
facet normal 1.0 -0.0 0.0
outer loop
vertex -24.2 14.04799132511273 -11.101841367941704
vertex -24.2 14.180634877430201 -11.349999999999998
vertex -24.2 16.03071114355894 -11.07383297014435
endloop
endfacet
facet normal 1.0 -0.0 0.0
outer loop
vertex -24.2 13.751063060660295 -10.312921893940839
vertex -24.2 13.832744556874335 -10.582189700803594
vertex -24.2 15.456263352548378 -10.214111095767487
endloop
endfacet
facet normal 0.9999999999999999 0.0 -0.0
outer loop
vertex -24.2 13.751063060660295 -10.312921893940839
vertex -24.2 15.395179270541258 -10.051814583053378
vertex -24.2 13.687167407969397 -10.03888838466935
endloop
endfacet
facet normal 1.0 0.0 -0.0
outer loop
vertex -24.2 13.931862123904756 -10.845538759169886
vertex -24.2 15.609576793674526 -10.524999999999999
vertex -24.2 13.832744556874335 -10.582189700803594
endloop
endfacet
facet normal 1.0 0.0 -0.0
outer loop
vertex -24.2 13.687167407969397 -10.03888838466935
vertex -24.2 15.305463120634727 -9.71698935334274
vertex -24.2 13.641331209795904 -9.761262626546221
endloop
endfacet
facet normal 1.0 0.0 -0.0
outer loop
vertex -24.2 13.832744556874335 -10.582189700803594
vertex -24.2 15.527831348641664 -10.372065029080353
vertex -24.2 15.456263352548378 -10.214111095767487
endloop
endfacet
facet normal 1.0 0.0 -0.0
outer loop
vertex -24.2 13.832744556874335 -10.582189700803594
vertex -24.2 15.609576793674526 -10.524999999999999
vertex -24.2 15.527831348641664 -10.372065029080353
endloop
endfacet
facet normal 1.0 0.0 -0.0
outer loop
vertex -24.2 13.751063060660295 -10.312921893940839
vertex -24.2 15.456263352548378 -10.214111095767487
vertex -24.2 15.395179270541258 -10.051814583053378
endloop
endfacet
facet normal 1.0 0.0 -0.0
outer loop
vertex -24.2 13.687167407969397 -10.03888838466935
vertex -24.2 15.344840674037258 -9.885870469521679
vertex -24.2 15.305463120634727 -9.71698935334274
endloop
endfacet
facet normal 1.0 0.0 -0.0
outer loop
vertex -24.2 13.641331209795904 -9.761262626546221
vertex -24.2 15.305463120634727 -9.71698935334274
vertex -24.2 15.27721523106269 -9.545894409383136
endloop
endfacet
facet normal 0.9999999999999999 0.0 -0.0
outer loop
vertex -24.2 13.641331209795904 -9.761262626546221
vertex -24.2 15.27721523106269 -9.545894409383136
vertex -24.2 15.260217967120989 -9.373318292459878
endloop
endfacet
facet normal 1.0 -0.0 -0.0
outer loop
vertex -24.2 13.687167407969397 -10.03888838466935
vertex -24.2 15.395179270541258 -10.051814583053378
vertex -24.2 15.344840674037258 -9.885870469521679
endloop
endfacet
facet normal 1.0 -0.0 0.0
outer loop
vertex -24.2 14.329224780802344 -11.588952001984289
vertex -24.2 14.493124750450978 -11.817674144737499
vertex -24.2 16.8904330179358 -11.64828076115491
endloop
endfacet
facet normal 1.0 0.0 -0.0
outer loop
vertex -24.2 13.931862123904756 -10.845538759169886
vertex -24.2 15.802157761931515 -10.813217786873109
vertex -24.2 15.701149641101544 -10.672261117501945
endloop
endfacet
facet normal 1.0 0.0 -0.0
outer loop
vertex -24.2 14.04799132511273 -11.101841367941704
vertex -24.2 16.03071114355894 -11.07383297014435
vertex -24.2 15.912168623883998 -10.947266410015182
endloop
endfacet
facet normal 1.0 0.0 -0.0
outer loop
vertex -24.2 14.04799132511273 -11.101841367941704
vertex -24.2 15.912168623883998 -10.947266410015182
vertex -24.2 15.802157761931515 -10.813217786873109
endloop
endfacet
facet normal 1.0 0.0 -0.0
outer loop
vertex -24.2 14.329224780802344 -11.588952001984289
vertex -24.2 16.57954411370329 -11.494967320028762
vertex -24.2 16.43228299620134 -11.403394472601743
endloop
endfacet
facet normal 1.0 0.0 -0.0
outer loop
vertex -24.2 14.180634877430201 -11.349999999999998
vertex -24.2 16.157277703688106 -11.19237548981929
vertex -24.2 16.03071114355894 -11.07383297014435
endloop
endfacet
facet normal 1.0 0.0 -0.0
outer loop
vertex -24.2 14.180634877430201 -11.349999999999998
vertex -24.2 16.291326326830177 -11.302386351771773
vertex -24.2 16.157277703688106 -11.19237548981929
endloop
endfacet
facet normal 0.9999999999999999 -0.0 -0.0
outer loop
vertex -24.2 14.180634877430201 -11.349999999999998
vertex -24.2 16.43228299620134 -11.403394472601743
vertex -24.2 16.291326326830177 -11.302386351771773
endloop
endfacet
facet normal 1.0 0.0 -0.0
outer loop
vertex -24.2 13.931862123904756 -10.845538759169886
vertex -24.2 15.701149641101544 -10.672261117501945
vertex -24.2 15.609576793674526 -10.524999999999999
endloop
endfacet
facet normal 0.9999999999999999 0.0 -0.0
outer loop
vertex -24.2 13.641331209795904 -8.638737373453777
vertex -24.2 15.344840674037258 -8.51412953047832
vertex -24.2 13.687167407969397 -8.361111615330648
endloop
endfacet
facet normal 0.9999999999999999 0.0 -0.0
outer loop
vertex -24.2 13.687167407969397 -8.361111615330648
vertex -24.2 15.395179270541258 -8.34818541694662
vertex -24.2 13.751063060660295 -8.08707810605916
endloop
endfacet
facet normal 1.0 0.0 -0.0
outer loop
vertex -24.2 13.613750743777294 -9.481233455689614
vertex -24.2 15.260217967120989 -9.373318292459878
vertex -24.2 15.254544113703288 -9.2
endloop
endfacet
facet normal 1.0 0.0 0.0
outer loop
vertex -24.2 13.604544113703287 -9.2
vertex -24.2 15.254544113703288 -9.2
vertex -24.2 15.260217967120989 -9.02668170754012
endloop
endfacet
facet normal 1.0 -0.0 0.0
outer loop
vertex -24.2 13.613750743777294 -8.918766544310385
vertex -24.2 15.260217967120989 -9.02668170754012
vertex -24.2 15.27721523106269 -8.854105590616863
endloop
endfacet
facet normal 1.0 -0.0 0.0
outer loop
vertex -24.2 13.641331209795904 -8.638737373453777
vertex -24.2 15.27721523106269 -8.854105590616863
vertex -24.2 15.305463120634727 -8.683010646657259
endloop
endfacet
facet normal 1.0 -0.0 0.0
outer loop
vertex -24.2 13.641331209795904 -8.638737373453777
vertex -24.2 15.305463120634727 -8.683010646657259
vertex -24.2 15.344840674037258 -8.51412953047832
endloop
endfacet
facet normal 1.0 -0.0 0.0
outer loop
vertex -24.2 13.687167407969397 -8.361111615330648
vertex -24.2 15.344840674037258 -8.51412953047832
vertex -24.2 15.395179270541258 -8.34818541694662
endloop
endfacet
facet normal 1.0 -0.0 0.0
outer loop
vertex -24.2 13.751063060660295 -8.08707810605916
vertex -24.2 15.395179270541258 -8.34818541694662
vertex -24.2 15.456263352548378 -8.185888904232511
endloop
endfacet
facet normal 0.9999999999999999 -0.0 0.0
outer loop
vertex -24.2 13.751063060660295 -8.08707810605916
vertex -24.2 15.456263352548378 -8.185888904232511
vertex -24.2 15.527831348641664 -8.027934970919645
endloop
endfacet
facet normal 1.0 0.0 -0.0
outer loop
vertex -24.2 13.751063060660295 -8.08707810605916
vertex -24.2 15.527831348641664 -8.027934970919645
vertex -24.2 13.832744556874335 -7.817810299196404
endloop
endfacet
facet normal 0.9999999999999999 0.0 -0.0
outer loop
vertex -24.2 13.832744556874335 -7.817810299196404
vertex -24.2 15.701149641101544 -7.727738882498054
vertex -24.2 13.931862123904756 -7.554461240830113
endloop
endfacet
facet normal 0.9999999999999999 0.0 -0.0
outer loop
vertex -24.2 13.931862123904756 -7.554461240830113
vertex -24.2 15.912168623883998 -7.452733589984817
vertex -24.2 14.04799132511273 -7.298158632058294
endloop
endfacet
facet normal 1.0 -0.0 0.0
outer loop
vertex -24.2 13.832744556874335 -7.817810299196404
vertex -24.2 15.527831348641664 -8.027934970919645
vertex -24.2 15.609576793674526 -7.875
endloop
endfacet
facet normal 1.0 0.0 -0.0
outer loop
vertex -24.2 14.04799132511273 -7.298158632058294
vertex -24.2 16.157277703688106 -7.207624510180709
vertex -24.2 14.180634877430201 -7.05
endloop
endfacet
facet normal 1.0 0.0 -0.0
outer loop
vertex -24.2 14.180634877430201 -7.05
vertex -24.2 16.43228299620134 -6.996605527398255
vertex -24.2 14.329224780802344 -6.8110479980157095
endloop
endfacet
facet normal 1.0 -0.0 0.0
outer loop
vertex -24.2 13.832744556874335 -7.817810299196404
vertex -24.2 15.609576793674526 -7.875
vertex -24.2 15.701149641101544 -7.727738882498054
endloop
endfacet
facet normal 1.0 -0.0 0.0
outer loop
vertex -24.2 13.931862123904756 -7.554461240830113
vertex -24.2 15.701149641101544 -7.727738882498054
vertex -24.2 15.802157761931515 -7.58678221312689
endloop
endfacet
facet normal 1.0 -0.0 0.0
outer loop
vertex -24.2 13.931862123904756 -7.554461240830113
vertex -24.2 15.802157761931515 -7.58678221312689
vertex -24.2 15.912168623883998 -7.452733589984817
endloop
endfacet
facet normal 1.0 -0.0 0.0
outer loop
vertex -24.2 14.04799132511273 -7.298158632058294
vertex -24.2 15.912168623883998 -7.452733589984817
vertex -24.2 16.03071114355894 -7.3261670298556485
endloop
endfacet
facet normal 1.0 -0.0 0.0
outer loop
vertex -24.2 14.04799132511273 -7.298158632058294
vertex -24.2 16.03071114355894 -7.3261670298556485
vertex -24.2 16.157277703688106 -7.207624510180709
endloop
endfacet
facet normal 1.0 0.0 -0.0
outer loop
vertex -24.2 14.329224780802344 -6.8110479980157095
vertex -24.2 16.8904330179358 -6.751719238845089
vertex -24.2 14.493124750450978 -6.5823258552625
endloop
endfacet
facet normal 0.9999999999999999 -0.0 0.0
outer loop
vertex -24.2 14.180634877430201 -7.05
vertex -24.2 16.157277703688106 -7.207624510180709
vertex -24.2 16.291326326830177 -7.097613648228226
endloop
endfacet
facet normal 1.0 -0.0 0.0
outer loop
vertex -24.2 14.180634877430201 -7.05
vertex -24.2 16.291326326830177 -7.097613648228226
vertex -24.2 16.43228299620134 -6.996605527398255
endloop
endfacet
facet normal 1.0 -0.0 0.0
outer loop
vertex -24.2 14.329224780802344 -6.8110479980157095
vertex -24.2 16.43228299620134 -6.996605527398255
vertex -24.2 16.57954411370329 -6.905032679971237
endloop
endfacet
facet normal 1.0 0.0 -0.0
outer loop
vertex -24.2 14.493124750450978 -6.5823258552625
vertex -24.2 17.558649704320153 -6.572671117359402
vertex -24.2 14.671632941543685 -6.364812995069704
endloop
endfacet
facet normal 0.9999999999999999 0.0 -0.0
outer loop
vertex -24.2 14.329224780802344 -11.588952001984289
vertex -24.2 16.732479084622934 -11.576712765061624
vertex -24.2 16.57954411370329 -11.494967320028762
endloop
endfacet
facet normal 1.0 -0.0 -0.0
outer loop
vertex -24.2 14.329224780802344 -11.588952001984289
vertex -24.2 16.8904330179358 -11.64828076115491
vertex -24.2 16.732479084622934 -11.576712765061624
endloop
endfacet
facet normal 0.9999999999999999 0.0 -0.0
outer loop
vertex -24.2 14.493124750450978 -11.817674144737499
vertex -24.2 17.05272953064991 -11.70936484316203
vertex -24.2 16.8904330179358 -11.64828076115491
endloop
endfacet
facet normal 1.0 0.0 -0.0
outer loop
vertex -24.2 14.493124750450978 -11.817674144737499
vertex -24.2 17.218673644181607 -11.75970343966603
vertex -24.2 17.05272953064991 -11.70936484316203
endloop
endfacet
facet normal 1.0 0.0 -0.0
outer loop
vertex -24.2 14.493124750450978 -11.817674144737499
vertex -24.2 17.387554760360548 -11.79908099306856
vertex -24.2 17.218673644181607 -11.75970343966603
endloop
endfacet
facet normal 1.0 -0.0 -0.0
outer loop
vertex -24.2 14.493124750450978 -11.817674144737499
vertex -24.2 17.558649704320153 -11.827328882640597
vertex -24.2 17.387554760360548 -11.79908099306856
endloop
endfacet
facet normal 0.9999999999999999 -0.0 -0.0
outer loop
vertex -24.2 14.493124750450978 -11.817674144737499
vertex -24.2 17.73122582124341 -11.844326146582299
vertex -24.2 17.558649704320153 -11.827328882640597
endloop
endfacet
facet normal 1.0 0.0 -0.0
outer loop
vertex -24.2 14.671632941543685 -12.035187004930295
vertex -24.2 21.13745528586289 -12.035187004930295
vertex -24.2 14.493124750450978 -11.817674144737499
endloop
endfacet
facet normal 0.9999999999999999 -0.0 0.0
outer loop
vertex -24.2 14.329224780802344 -6.8110479980157095
vertex -24.2 16.57954411370329 -6.905032679971237
vertex -24.2 16.732479084622934 -6.823287234938375
endloop
endfacet
facet normal 1.0 -0.0 0.0
outer loop
vertex -24.2 14.329224780802344 -6.8110479980157095
vertex -24.2 16.732479084622934 -6.823287234938375
vertex -24.2 16.8904330179358 -6.751719238845089
endloop
endfacet
facet normal 1.0 -0.0 -0.0
outer loop
vertex -24.2 14.493124750450978 -11.817674144737499
vertex -24.2 21.13745528586289 -12.035187004930295
vertex -24.2 17.73122582124341 -11.844326146582299
endloop
endfacet
facet normal 1.0 -0.0 -0.0
outer loop
vertex -24.2 17.73122582124341 -11.844326146582299
vertex -24.2 21.13745528586289 -12.035187004930295
vertex -24.2 17.904544113703288 -11.85
endloop
endfacet
facet normal 1.0 -0.0 -0.0
outer loop
vertex -24.2 17.904544113703288 -11.85
vertex -24.2 21.13745528586289 -12.035187004930295
vertex -24.2 18.077862406163167 -11.844326146582299
endloop
endfacet
facet normal 0.9999999999999999 -0.0 0.0
outer loop
vertex -24.2 14.493124750450978 -6.5823258552625
vertex -24.2 16.8904330179358 -6.751719238845089
vertex -24.2 17.05272953064991 -6.690635156837969
endloop
endfacet
facet normal 1.0 -0.0 0.0
outer loop
vertex -24.2 14.493124750450978 -6.5823258552625
vertex -24.2 17.05272953064991 -6.690635156837969
vertex -24.2 17.218673644181607 -6.640296560333969
endloop
endfacet
facet normal 1.0 -0.0 0.0
outer loop
vertex -24.2 14.493124750450978 -6.5823258552625
vertex -24.2 17.218673644181607 -6.640296560333969
vertex -24.2 17.387554760360548 -6.600919006931439
endloop
endfacet
facet normal 1.0 -0.0 0.0
outer loop
vertex -24.2 14.493124750450978 -6.5823258552625
vertex -24.2 17.387554760360548 -6.600919006931439
vertex -24.2 17.558649704320153 -6.572671117359402
endloop
endfacet
facet normal 1.0 -0.0 0.0
outer loop
vertex -24.2 14.671632941543685 -6.364812995069704
vertex -24.2 17.558649704320153 -6.572671117359402
vertex -24.2 17.73122582124341 -6.5556738534177
endloop
endfacet
facet normal 1.0 -0.0 0.0
outer loop
vertex -24.2 14.671632941543685 -6.364812995069704
vertex -24.2 17.73122582124341 -6.5556738534177
vertex -24.2 17.904544113703288 -6.549999999999999
endloop
endfacet
facet normal 1.0 0.0 0.0
outer loop
vertex -24.2 14.671632941543685 -6.364812995069704
vertex -24.2 17.904544113703288 -6.549999999999999
vertex -24.2 18.077862406163167 -6.5556738534177
endloop
endfacet
facet normal 1.0 0.0 -0.0
outer loop
vertex -24.2 14.671632941543685 -6.364812995069704
vertex -24.2 21.13745528586289 -6.364812995069704
vertex -24.2 14.863984954601134 -6.159440840897846
endloop
endfacet
facet normal 1.0 0.0 -0.0
outer loop
vertex -24.2 14.863984954601134 -6.159440840897846
vertex -24.2 20.945103272805444 -6.159440840897846
vertex -24.2 15.069357108772993 -5.967088827840397
endloop
endfacet
facet normal 1.0 0.0 -0.0
outer loop
vertex -24.2 15.069357108772993 -5.967088827840397
vertex -24.2 20.739731118633586 -5.967088827840397
vertex -24.2 15.286869968965789 -5.788580636747689
endloop
endfacet
facet normal 1.0 0.0 -0.0
outer loop
vertex -24.2 15.286869968965789 -5.788580636747689
vertex -24.2 20.522218258440788 -5.788580636747689
vertex -24.2 15.515592111718998 -5.624680667099055
endloop
endfacet
facet normal 1.0 0.0 -0.0
outer loop
vertex -24.2 15.515592111718998 -5.624680667099055
vertex -24.2 20.293496115687578 -5.624680667099055
vertex -24.2 15.75454411370329 -5.476090763726913
endloop
endfacet
facet normal 1.0 0.0 -0.0
outer loop
vertex -24.2 15.75454411370329 -5.476090763726913
vertex -24.2 20.054544113703287 -5.476090763726913
vertex -24.2 16.00270274576158 -5.3434472114094405
endloop
endfacet
facet normal 1.0 0.0 -0.0
outer loop
vertex -24.2 16.00270274576158 -5.3434472114094405
vertex -24.2 19.806385481644995 -5.3434472114094405
vertex -24.2 16.259005354533404 -5.227318010201467
endloop
endfacet
facet normal 1.0 0.0 -0.0
outer loop
vertex -24.2 16.259005354533404 -5.227318010201467
vertex -24.2 19.550082872873173 -5.227318010201467
vertex -24.2 16.522354412899695 -5.128200443171045
endloop
endfacet
facet normal 1.0 0.0 0.0
outer loop
vertex -24.2 14.671632941543685 -6.364812995069704
vertex -24.2 18.077862406163167 -6.5556738534177
vertex -24.2 21.3159634769556 -6.5823258552625
endloop
endfacet
facet normal 1.0 0.0 -0.0
outer loop
vertex -24.2 16.522354412899695 -5.128200443171045
vertex -24.2 19.28673381450688 -5.128200443171045
vertex -24.2 16.79162221976245 -5.046518946957006
endloop
endfacet
facet normal 1.0 0.0 -0.0
outer loop
vertex -24.2 16.79162221976245 -5.046518946957006
vertex -24.2 19.017466007644128 -5.046518946957006
vertex -24.2 17.065655729033935 -4.982623294266109
endloop
endfacet
facet normal 1.0 0.0 -0.0
outer loop
vertex -24.2 17.065655729033935 -4.982623294266109
vertex -24.2 18.74343249837264 -4.982623294266109
vertex -24.2 17.343281487157068 -4.936787096092615
endloop
endfacet
facet normal 0.9999999999999999 0.0 -0.0
outer loop
vertex -24.2 17.343281487157068 -4.936787096092615
vertex -24.2 18.46580674024951 -4.936787096092615
vertex -24.2 17.623310658013672 -4.909206630074005
endloop
endfacet
facet normal 1.0 0.0 -0.0
outer loop
vertex -24.2 17.623310658013672 -4.909206630074005
vertex -24.2 18.185777569392904 -4.909206630074005
vertex -24.2 17.904544113703288 -4.899999999999999
endloop
endfacet
facet normal 1.0 -0.0 -0.0
outer loop
vertex -24.2 17.623310658013672 -4.909206630074005
vertex -24.2 18.46580674024951 -4.936787096092615
vertex -24.2 18.185777569392904 -4.909206630074005
endloop
endfacet
facet normal 0.9999999999999999 -0.0 -0.0
outer loop
vertex -24.2 17.343281487157068 -4.936787096092615
vertex -24.2 18.74343249837264 -4.982623294266109
vertex -24.2 18.46580674024951 -4.936787096092615
endloop
endfacet
facet normal 1.0 -0.0 -0.0
outer loop
vertex -24.2 17.065655729033935 -4.982623294266109
vertex -24.2 19.017466007644128 -5.046518946957006
vertex -24.2 18.74343249837264 -4.982623294266109
endloop
endfacet
facet normal 1.0 -0.0 -0.0
outer loop
vertex -24.2 16.00270274576158 -5.3434472114094405
vertex -24.2 20.0 -5.44693632755194
vertex -24.2 19.806385481644995 -5.3434472114094405
endloop
endfacet
facet normal 1.0 -0.0 -0.0
outer loop
vertex -24.2 15.75454411370329 -5.476090763726913
vertex -24.2 20.293496115687578 -5.624680667099055
vertex -24.2 20.054544113703287 -5.476090763726913
endloop
endfacet
facet normal 1.0 -0.0 -0.0
outer loop
vertex -24.2 16.00270274576158 -5.3434472114094405
vertex -24.2 20.054544113703287 -5.476090763726913
vertex -24.2 20.0 -5.44693632755194
endloop
endfacet
facet normal 1.0 -0.0 -0.0
outer loop
vertex -24.2 15.069357108772993 -5.967088827840397
vertex -24.2 20.945103272805444 -6.159440840897846
vertex -24.2 20.739731118633586 -5.967088827840397
endloop
endfacet
facet normal 1.0 -0.0 -0.0
outer loop
vertex -24.2 14.671632941543685 -6.364812995069704
vertex -24.2 21.3159634769556 -6.5823258552625
vertex -24.2 21.13745528586289 -6.364812995069704
endloop
endfacet
facet normal 1.0 -0.0 -0.0
outer loop
vertex -24.2 14.863984954601134 -6.159440840897846
vertex -24.2 21.13745528586289 -6.364812995069704
vertex -24.2 20.945103272805444 -6.159440840897846
endloop
endfacet
facet normal 1.0 -0.0 -0.0
outer loop
vertex -24.2 15.286869968965789 -5.788580636747689
vertex -24.2 20.739731118633586 -5.967088827840397
vertex -24.2 20.522218258440788 -5.788580636747689
endloop
endfacet
facet normal 1.0 -0.0 -0.0
outer loop
vertex -24.2 15.515592111718998 -5.624680667099055
vertex -24.2 20.522218258440788 -5.788580636747689
vertex -24.2 20.293496115687578 -5.624680667099055
endloop
endfacet
facet normal 1.0 -0.0 -0.0
outer loop
vertex -24.2 16.79162221976245 -5.046518946957006
vertex -24.2 19.28673381450688 -5.128200443171045
vertex -24.2 19.017466007644128 -5.046518946957006
endloop
endfacet
facet normal 1.0 -0.0 -0.0
outer loop
vertex -24.2 16.522354412899695 -5.128200443171045
vertex -24.2 19.550082872873173 -5.227318010201467
vertex -24.2 19.28673381450688 -5.128200443171045
endloop
endfacet
facet normal 1.0 -0.0 -0.0
outer loop
vertex -24.2 16.259005354533404 -5.227318010201467
vertex -24.2 19.806385481644995 -5.3434472114094405
vertex -24.2 19.550082872873173 -5.227318010201467
endloop
endfacet
facet normal 1.0 -0.0 -0.0
outer loop
vertex -24.2 18.077862406163167 -11.844326146582299
vertex -24.2 21.13745528586289 -12.035187004930295
vertex -24.2 18.250438523086423 -11.827328882640597
endloop
endfacet
facet normal 1.0 0.0 -0.0
outer loop
vertex -24.2 18.250438523086423 -11.827328882640597
vertex -24.2 21.3159634769556 -11.817674144737499
vertex -24.2 18.42153346704603 -11.79908099306856
endloop
endfacet
facet normal 0.9999999999999999 -0.0 -0.0
outer loop
vertex -24.2 18.42153346704603 -11.79908099306856
vertex -24.2 21.3159634769556 -11.817674144737499
vertex -24.2 18.59041458322497 -11.75970343966603
endloop
endfacet
facet normal 1.0 -0.0 -0.0
outer loop
vertex -24.2 18.59041458322497 -11.75970343966603
vertex -24.2 21.3159634769556 -11.817674144737499
vertex -24.2 18.756358696756667 -11.70936484316203
endloop
endfacet
facet normal 0.9999999999999999 -0.0 -0.0
outer loop
vertex -24.2 18.756358696756667 -11.70936484316203
vertex -24.2 21.3159634769556 -11.817674144737499
vertex -24.2 18.918655209470778 -11.64828076115491
endloop
endfacet
facet normal 1.0 0.0 -0.0
outer loop
vertex -24.2 18.918655209470778 -11.64828076115491
vertex -24.2 21.479863446604234 -11.588952001984289
vertex -24.2 19.076609142783642 -11.576712765061624
endloop
endfacet
facet normal 0.9999999999999999 -0.0 -0.0
outer loop
vertex -24.2 19.076609142783642 -11.576712765061624
vertex -24.2 21.479863446604234 -11.588952001984289
vertex -24.2 19.229544113703287 -11.494967320028762
endloop
endfacet
facet normal 0.9999999999999999 -0.0 -0.0
outer loop
vertex -24.2 19.229544113703287 -11.494967320028762
vertex -24.2 21.479863446604234 -11.588952001984289
vertex -24.2 19.376805231205235 -11.403394472601743
endloop
endfacet
facet normal 0.9999999999999999 -0.0 0.0
outer loop
vertex -24.2 18.250438523086423 -11.827328882640597
vertex -24.2 21.13745528586289 -12.035187004930295
vertex -24.2 21.3159634769556 -11.817674144737499
endloop
endfacet
facet normal 1.0 0.0 -0.0
outer loop
vertex -24.2 19.376805231205235 -11.403394472601743
vertex -24.2 21.628453349976375 -11.349999999999998
vertex -24.2 19.5177619005764 -11.302386351771773
endloop
endfacet
facet normal 0.9999999999999999 -0.0 -0.0
outer loop
vertex -24.2 19.5177619005764 -11.302386351771773
vertex -24.2 21.628453349976375 -11.349999999999998
vertex -24.2 19.65181052371847 -11.19237548981929
endloop
endfacet
facet normal 1.0 -0.0 0.0
outer loop
vertex -24.2 18.918655209470778 -11.64828076115491
vertex -24.2 21.3159634769556 -11.817674144737499
vertex -24.2 21.479863446604234 -11.588952001984289
endloop
endfacet
facet normal 1.0 0.0 -0.0
outer loop
vertex -24.2 19.65181052371847 -11.19237548981929
vertex -24.2 21.761096902293847 -11.101841367941704
vertex -24.2 19.778377083847637 -11.07383297014435
endloop
endfacet
facet normal 1.0 -0.0 -0.0
outer loop
vertex -24.2 19.778377083847637 -11.07383297014435
vertex -24.2 21.761096902293847 -11.101841367941704
vertex -24.2 19.896919603522576 -10.947266410015182
endloop
endfacet
facet normal 1.0 0.0 -0.0
outer loop
vertex -24.2 19.896919603522576 -10.947266410015182
vertex -24.2 21.87722610350182 -10.845538759169886
vertex -24.2 20.00693046547506 -10.813217786873109
endloop
endfacet
facet normal 1.0 -0.0 -0.0
outer loop
vertex -24.2 20.00693046547506 -10.813217786873109
vertex -24.2 21.87722610350182 -10.845538759169886
vertex -24.2 20.107938586305032 -10.672261117501945
endloop
endfacet
facet normal 1.0 0.0 -0.0
outer loop
vertex -24.2 20.107938586305032 -10.672261117501945
vertex -24.2 21.97634367053224 -10.582189700803594
vertex -24.2 20.19951143373205 -10.524999999999999
endloop
endfacet
facet normal 1.0 -0.0 0.0
outer loop
vertex -24.2 18.918655209470778 -6.751719238845089
vertex -24.2 19.076609142783642 -6.823287234938375
vertex -24.2 21.479863446604234 -6.8110479980157095
endloop
endfacet
facet normal 1.0 -0.0 0.0
outer loop
vertex -24.2 19.076609142783642 -6.823287234938375
vertex -24.2 19.229544113703287 -6.905032679971237
vertex -24.2 21.479863446604234 -6.8110479980157095
endloop
endfacet
facet normal 1.0 0.0 -0.0
outer loop
vertex -24.2 19.5177619005764 -7.097613648228226
vertex -24.2 21.628453349976375 -7.05
vertex -24.2 19.376805231205235 -6.996605527398255
endloop
endfacet
facet normal 1.0 -0.0 0.0
outer loop
vertex -24.2 19.229544113703287 -6.905032679971237
vertex -24.2 19.376805231205235 -6.996605527398255
vertex -24.2 21.479863446604234 -6.8110479980157095
endloop
endfacet
facet normal 0.9999999999999999 -0.0 0.0
outer loop
vertex -24.2 19.5177619005764 -7.097613648228226
vertex -24.2 19.65181052371847 -7.207624510180709
vertex -24.2 21.628453349976375 -7.05
endloop
endfacet
facet normal 1.0 -0.0 0.0
outer loop
vertex -24.2 19.65181052371847 -7.207624510180709
vertex -24.2 19.778377083847637 -7.3261670298556485
vertex -24.2 21.628453349976375 -7.05
endloop
endfacet
facet normal 1.0 0.0 -0.0
outer loop
vertex -24.2 19.896919603522576 -7.452733589984817
vertex -24.2 21.761096902293847 -7.298158632058294
vertex -24.2 19.778377083847637 -7.3261670298556485
endloop
endfacet
facet normal 1.0 -0.0 0.0
outer loop
vertex -24.2 19.896919603522576 -7.452733589984817
vertex -24.2 20.00693046547506 -7.58678221312689
vertex -24.2 21.761096902293847 -7.298158632058294
endloop
endfacet
facet normal 0.9999999999999999 -0.0 0.0
outer loop
vertex -24.2 20.107938586305032 -7.727738882498054
vertex -24.2 20.19951143373205 -7.875
vertex -24.2 21.87722610350182 -7.554461240830113
endloop
endfacet
facet normal 1.0 0.0 -0.0
outer loop
vertex -24.2 20.107938586305032 -7.727738882498054
vertex -24.2 21.87722610350182 -7.554461240830113
vertex -24.2 20.00693046547506 -7.58678221312689
endloop
endfacet
facet normal 1.0 -0.0 -0.0
outer loop
vertex -24.2 18.918655209470778 -6.751719238845089
vertex -24.2 21.479863446604234 -6.8110479980157095
vertex -24.2 21.3159634769556 -6.5823258552625
endloop
endfacet
facet normal 1.0 -0.0 0.0
outer loop
vertex -24.2 19.376805231205235 -11.403394472601743
vertex -24.2 21.479863446604234 -11.588952001984289
vertex -24.2 21.628453349976375 -11.349999999999998
endloop
endfacet
facet normal 1.0 -0.0 0.0
outer loop
vertex -24.2 19.65181052371847 -11.19237548981929
vertex -24.2 21.628453349976375 -11.349999999999998
vertex -24.2 21.761096902293847 -11.101841367941704
endloop
endfacet
facet normal 1.0 -0.0 0.0
outer loop
vertex -24.2 19.896919603522576 -10.947266410015182
vertex -24.2 21.761096902293847 -11.101841367941704
vertex -24.2 21.87722610350182 -10.845538759169886
endloop
endfacet
facet normal 1.0 -0.0 0.0
outer loop
vertex -24.2 20.107938586305032 -10.672261117501945
vertex -24.2 21.87722610350182 -10.845538759169886
vertex -24.2 21.97634367053224 -10.582189700803594
endloop
endfacet
facet normal 1.0 -0.0 -0.0
outer loop
vertex -24.2 20.19951143373205 -10.524999999999999
vertex -24.2 21.97634367053224 -10.582189700803594
vertex -24.2 20.28125687876491 -10.372065029080353
endloop
endfacet
facet normal 1.0 0.0 -0.0
outer loop
vertex -24.2 20.28125687876491 -10.372065029080353
vertex -24.2 22.058025166746283 -10.312921893940839
vertex -24.2 20.352824874858197 -10.214111095767487
endloop
endfacet
facet normal 1.0 -0.0 -0.0
outer loop
vertex -24.2 20.352824874858197 -10.214111095767487
vertex -24.2 22.058025166746283 -10.312921893940839
vertex -24.2 20.413908956865317 -10.051814583053378
endloop
endfacet
facet normal 1.0 0.0 -0.0
outer loop
vertex -24.2 20.413908956865317 -10.051814583053378
vertex -24.2 22.12192081943718 -10.03888838466935
vertex -24.2 20.46424755336932 -9.885870469521679
endloop
endfacet
facet normal 1.0 0.0 -0.0
outer loop
vertex -24.2 20.46424755336932 -9.885870469521679
vertex -24.2 22.167757017610672 -9.761262626546221
vertex -24.2 20.50362510677185 -9.71698935334274
endloop
endfacet
facet normal 1.0 -0.0 -0.0
outer loop
vertex -24.2 20.50362510677185 -9.71698935334274
vertex -24.2 22.167757017610672 -9.761262626546221
vertex -24.2 20.531872996343886 -9.545894409383136
endloop
endfacet
facet normal 1.0 0.0 -0.0
outer loop
vertex -24.2 20.531872996343886 -9.545894409383136
vertex -24.2 22.19533748362928 -9.481233455689614
vertex -24.2 20.548870260285586 -9.373318292459878
endloop
endfacet
facet normal 1.0 -0.0 0.0
outer loop
vertex -24.2 20.28125687876491 -10.372065029080353
vertex -24.2 21.97634367053224 -10.582189700803594
vertex -24.2 22.058025166746283 -10.312921893940839
endloop
endfacet
facet normal 1.0 -0.0 0.0
outer loop
vertex -24.2 20.413908956865317 -10.051814583053378
vertex -24.2 22.058025166746283 -10.312921893940839
vertex -24.2 22.12192081943718 -10.03888838466935
endloop
endfacet
facet normal 1.0 -0.0 0.0
outer loop
vertex -24.2 20.46424755336932 -9.885870469521679
vertex -24.2 22.12192081943718 -10.03888838466935
vertex -24.2 22.167757017610672 -9.761262626546221
endloop
endfacet
facet normal 0.9999999999999999 -0.0 0.0
outer loop
vertex -24.2 20.531872996343886 -9.545894409383136
vertex -24.2 22.167757017610672 -9.761262626546221
vertex -24.2 22.19533748362928 -9.481233455689614
endloop
endfacet
facet normal 1.0 0.0 -0.0
outer loop
vertex -24.2 20.548870260285586 -9.373318292459878
vertex -24.2 22.20454411370329 -9.2
vertex -24.2 20.554544113703287 -9.2
endloop
endfacet
facet normal 1.0 0.0 -0.0
outer loop
vertex -24.2 20.554544113703287 -9.2
vertex -24.2 22.19533748362928 -8.918766544310385
vertex -24.2 20.548870260285586 -9.02668170754012
endloop
endfacet
facet normal 1.0 0.0 -0.0
outer loop
vertex -24.2 20.548870260285586 -9.02668170754012
vertex -24.2 22.167757017610672 -8.638737373453777
vertex -24.2 20.531872996343886 -8.854105590616863
endloop
endfacet
facet normal 1.0 0.0 -0.0
outer loop
vertex -24.2 20.531872996343886 -8.854105590616863
vertex -24.2 22.167757017610672 -8.638737373453777
vertex -24.2 20.50362510677185 -8.683010646657259
endloop
endfacet
facet normal 1.0 0.0 -0.0
outer loop
vertex -24.2 20.46424755336932 -8.51412953047832
vertex -24.2 22.12192081943718 -8.361111615330648
vertex -24.2 20.413908956865317 -8.34818541694662
endloop
endfacet
facet normal 1.0 -0.0 0.0
outer loop
vertex -24.2 20.352824874858197 -8.185888904232511
vertex -24.2 20.413908956865317 -8.34818541694662
vertex -24.2 22.058025166746283 -8.08707810605916
endloop
endfacet
facet normal 1.0 -0.0 0.0
outer loop
vertex -24.2 20.46424755336932 -8.51412953047832
vertex -24.2 20.50362510677185 -8.683010646657259
vertex -24.2 22.12192081943718 -8.361111615330648
endloop
endfacet
facet normal 1.0 0.0 -0.0
outer loop
vertex -24.2 20.50362510677185 -8.683010646657259
vertex -24.2 22.167757017610672 -8.638737373453777
vertex -24.2 22.12192081943718 -8.361111615330648
endloop
endfacet
facet normal 1.0 0.0 -0.0
outer loop
vertex -24.2 20.352824874858197 -8.185888904232511
vertex -24.2 22.058025166746283 -8.08707810605916
vertex -24.2 21.97634367053224 -7.817810299196404
endloop
endfacet
facet normal 1.0 -0.0 -0.0
outer loop
vertex -24.2 20.413908956865317 -8.34818541694662
vertex -24.2 22.12192081943718 -8.361111615330648
vertex -24.2 22.058025166746283 -8.08707810605916
endloop
endfacet
facet normal 1.0 0.0 -0.0
outer loop
vertex -24.2 20.28125687876491 -8.027934970919645
vertex -24.2 21.97634367053224 -7.817810299196404
vertex -24.2 20.19951143373205 -7.875
endloop
endfacet
facet normal 1.0 -0.0 0.0
outer loop
vertex -24.2 20.28125687876491 -8.027934970919645
vertex -24.2 20.352824874858197 -8.185888904232511
vertex -24.2 21.97634367053224 -7.817810299196404
endloop
endfacet
facet normal 0.9999999999999999 0.0 -0.0
outer loop
vertex -24.2 20.00693046547506 -7.58678221312689
vertex -24.2 21.87722610350182 -7.554461240830113
vertex -24.2 21.761096902293847 -7.298158632058294
endloop
endfacet
facet normal 1.0 -0.0 -0.0
outer loop
vertex -24.2 19.376805231205235 -6.996605527398255
vertex -24.2 21.628453349976375 -7.05
vertex -24.2 21.479863446604234 -6.8110479980157095
endloop
endfacet
facet normal 1.0 0.0 -0.0
outer loop
vertex -24.2 19.778377083847637 -7.3261670298556485
vertex -24.2 21.761096902293847 -7.298158632058294
vertex -24.2 21.628453349976375 -7.05
endloop
endfacet
facet normal 1.0 0.0 -0.0
outer loop
vertex -24.2 20.19951143373205 -7.875
vertex -24.2 21.97634367053224 -7.817810299196404
vertex -24.2 21.87722610350182 -7.554461240830113
endloop
endfacet
facet normal 0.9999999999999999 -0.0 0.0
outer loop
vertex -24.2 20.548870260285586 -9.373318292459878
vertex -24.2 22.19533748362928 -9.481233455689614
vertex -24.2 22.20454411370329 -9.2
endloop
endfacet
facet normal 1.0 0.0 -0.0
outer loop
vertex -24.2 20.554544113703287 -9.2
vertex -24.2 22.20454411370329 -9.2
vertex -24.2 22.19533748362928 -8.918766544310385
endloop
endfacet
facet normal 0.9999999999999999 0.0 -0.0
outer loop
vertex -24.2 20.548870260285586 -9.02668170754012
vertex -24.2 22.19533748362928 -8.918766544310385
vertex -24.2 22.167757017610672 -8.638737373453777
endloop
endfacet
facet normal 0.9999999999999999 0.0 0.0
outer loop
vertex -24.2 18.077862406163167 -6.5556738534177
vertex -24.2 18.250438523086423 -6.572671117359402
vertex -24.2 21.3159634769556 -6.5823258552625
endloop
endfacet
facet normal 1.0 -0.0 0.0
outer loop
vertex -24.2 18.250438523086423 -6.572671117359402
vertex -24.2 18.42153346704603 -6.600919006931439
vertex -24.2 21.3159634769556 -6.5823258552625
endloop
endfacet
facet normal 1.0 -0.0 0.0
outer loop
vertex -24.2 18.42153346704603 -6.600919006931439
vertex -24.2 18.59041458322497 -6.640296560333969
vertex -24.2 21.3159634769556 -6.5823258552625
endloop
endfacet
facet normal 1.0 0.0 -0.0
outer loop
vertex -24.2 18.756358696756667 -6.690635156837969
vertex -24.2 21.3159634769556 -6.5823258552625
vertex -24.2 18.59041458322497 -6.640296560333969
endloop
endfacet
facet normal 0.9999999999999999 -0.0 0.0
outer loop
vertex -24.2 18.756358696756667 -6.690635156837969
vertex -24.2 18.918655209470778 -6.751719238845089
vertex -24.2 21.3159634769556 -6.5823258552625
endloop
endfacet
facet normal -1.0 0.0 0.0
outer loop
vertex -31.8 17.904544113703288 -13.5
vertex -31.8 18.185777569392904 -13.490793369925994
vertex -31.8 20.0 -13.5
endloop
endfacet
facet normal -1.0 0.0 0.0
outer loop
vertex -31.8 18.185777569392904 -13.490793369925994
vertex -31.8 18.46580674024951 -13.463212903907383
vertex -31.8 20.0 -13.5
endloop
endfacet
facet normal -1.0 0.0 0.0
outer loop
vertex -31.8 18.46580674024951 -13.463212903907383
vertex -31.8 18.74343249837264 -13.41737670573389
vertex -31.8 20.0 -13.5
endloop
endfacet
facet normal -1.0 0.0 -0.0
outer loop
vertex -31.8 17.904544113703288 -4.899999999999999
vertex -31.8 20.0 -4.899999999999999
vertex -31.8 18.185777569392904 -4.909206630074005
endloop
endfacet
facet normal -1.0 0.0 -0.0
outer loop
vertex -31.8 18.185777569392904 -4.909206630074005
vertex -31.8 20.0 -4.899999999999999
vertex -31.8 18.46580674024951 -4.936787096092615
endloop
endfacet
facet normal -1.0 0.0 -0.0
outer loop
vertex -31.8 18.46580674024951 -4.936787096092615
vertex -31.8 20.0 -4.899999999999999
vertex -31.8 18.74343249837264 -4.982623294266109
endloop
endfacet
facet normal 0.0 0.0 -1.0
outer loop
vertex -31.8 17.904544113703288 -13.5
vertex -31.8 20.0 -13.5
vertex -24.2 17.904544113703288 -13.5
endloop
endfacet
facet normal -1.0 0.0 0.0
outer loop
vertex -31.8 18.74343249837264 -13.41737670573389
vertex -31.8 19.017466007644128 -13.353481053042993
vertex -31.8 20.0 -13.5
endloop
endfacet
facet normal -1.0 0.0 0.0
outer loop
vertex -31.8 19.017466007644128 -13.353481053042993
vertex -31.8 19.28673381450688 -13.271799556828952
vertex -31.8 20.0 -13.5
endloop
endfacet
facet normal -1.0 0.0 0.0
outer loop
vertex -31.8 19.28673381450688 -13.271799556828952
vertex -31.8 19.550082872873173 -13.172681989798532
vertex -31.8 20.0 -13.5
endloop
endfacet
facet normal -1.0 0.0 0.0
outer loop
vertex -31.8 19.550082872873173 -13.172681989798532
vertex -31.8 19.806385481644995 -13.056552788590558
vertex -31.8 20.0 -13.5
endloop
endfacet
facet normal -1.0 0.0 0.0
outer loop
vertex -31.8 19.806385481644995 -13.056552788590558
vertex -31.8 20.0 -12.95306367244806
vertex -31.8 20.0 -13.5
endloop
endfacet
facet normal -0.9999999999999999 0.0 -0.0
outer loop
vertex -31.8 18.74343249837264 -4.982623294266109
vertex -31.8 20.0 -4.899999999999999
vertex -31.8 19.017466007644128 -5.046518946957006
endloop
endfacet
facet normal -1.0 0.0 -0.0
outer loop
vertex -31.8 19.017466007644128 -5.046518946957006
vertex -31.8 20.0 -4.899999999999999
vertex -31.8 19.28673381450688 -5.128200443171045
endloop
endfacet
facet normal -0.9999999999999999 0.0 -0.0
outer loop
vertex -31.8 19.28673381450688 -5.128200443171045
vertex -31.8 20.0 -4.899999999999999
vertex -31.8 19.550082872873173 -5.227318010201467
endloop
endfacet
facet normal -1.0 0.0 -0.0
outer loop
vertex -31.8 19.550082872873173 -5.227318010201467
vertex -31.8 20.0 -4.899999999999999
vertex -31.8 19.806385481644995 -5.3434472114094405
endloop
endfacet
facet normal -0.9999999999999999 0.0 0.0
outer loop
vertex -31.8 19.806385481644995 -5.3434472114094405
vertex -31.8 20.0 -4.899999999999999
vertex -31.8 20.0 -5.44693632755194
endloop
endfacet
facet normal 0.0 -0.0 1.0
outer loop
vertex -31.8 17.904544113703288 -4.899999999999999
vertex -24.2 20.0 -4.899999999999999
vertex -31.8 20.0 -4.899999999999999
endloop
endfacet
facet normal 0.0 0.0 1.0
outer loop
vertex -31.8 17.904544113703288 -4.899999999999999
vertex -24.2 17.904544113703288 -4.899999999999999
vertex -24.2 20.0 -4.899999999999999
endloop
endfacet
facet normal 1.0 0.0 -0.0
outer loop
vertex -24.2 17.904544113703288 -13.5
vertex -24.2 20.0 -13.5
vertex -24.2 18.185777569392904 -13.490793369925994
endloop
endfacet
facet normal 0.9999999999999999 -0.0 -0.0
outer loop
vertex -24.2 18.185777569392904 -13.490793369925994
vertex -24.2 20.0 -13.5
vertex -24.2 18.46580674024951 -13.463212903907383
endloop
endfacet
facet normal 1.0 -0.0 -0.0
outer loop
vertex -24.2 18.46580674024951 -13.463212903907383
vertex -24.2 20.0 -13.5
vertex -24.2 18.74343249837264 -13.41737670573389
endloop
endfacet
facet normal 1.0 -0.0 0.0
outer loop
vertex -24.2 17.904544113703288 -4.899999999999999
vertex -24.2 18.185777569392904 -4.909206630074005
vertex -24.2 20.0 -4.899999999999999
endloop
endfacet
facet normal 1.0 -0.0 0.0
outer loop
vertex -24.2 18.185777569392904 -4.909206630074005
vertex -24.2 18.46580674024951 -4.936787096092615
vertex -24.2 20.0 -4.899999999999999
endloop
endfacet
facet normal 1.0 -0.0 0.0
outer loop
vertex -24.2 18.46580674024951 -4.936787096092615
vertex -24.2 18.74343249837264 -4.982623294266109
vertex -24.2 20.0 -4.899999999999999
endloop
endfacet
facet normal 0.0 0.0 -1.0
outer loop
vertex -31.8 20.0 -13.5
vertex -24.2 20.0 -13.5
vertex -24.2 17.904544113703288 -13.5
endloop
endfacet
facet normal 0.9999999999999999 -0.0 -0.0
outer loop
vertex -24.2 18.74343249837264 -13.41737670573389
vertex -24.2 20.0 -13.5
vertex -24.2 19.017466007644128 -13.353481053042993
endloop
endfacet
facet normal 1.0 -0.0 -0.0
outer loop
vertex -24.2 19.017466007644128 -13.353481053042993
vertex -24.2 20.0 -13.5
vertex -24.2 19.28673381450688 -13.271799556828952
endloop
endfacet
facet normal 1.0 -0.0 -0.0
outer loop
vertex -24.2 19.28673381450688 -13.271799556828952
vertex -24.2 20.0 -13.5
vertex -24.2 19.550082872873173 -13.172681989798532
endloop
endfacet
facet normal 1.0 -0.0 -0.0
outer loop
vertex -24.2 19.550082872873173 -13.172681989798532
vertex -24.2 20.0 -13.5
vertex -24.2 19.806385481644995 -13.056552788590558
endloop
endfacet
facet normal 1.0 -0.0 0.0
outer loop
vertex -24.2 19.806385481644995 -13.056552788590558
vertex -24.2 20.0 -13.5
vertex -24.2 20.0 -12.95306367244806
endloop
endfacet
facet normal 1.0 0.0 -0.0
outer loop
vertex -24.2 20.132935939797616 -13.5
vertex -24.2 24.0 -13.5
vertex -24.2 20.293496115687578 -12.775319332900944
endloop
endfacet
facet normal 1.0 -0.0 -0.0
outer loop
vertex -24.2 20.293496115687578 -12.775319332900944
vertex -24.2 24.0 -13.5
vertex -24.2 20.522218258440788 -12.61141936325231
endloop
endfacet
facet normal 1.0 -0.0 -0.0
outer loop
vertex -24.2 20.522218258440788 -12.61141936325231
vertex -24.2 24.0 -13.5
vertex -24.2 20.739731118633586 -12.432911172159603
endloop
endfacet
facet normal 1.0 -0.0 -0.0
outer loop
vertex -24.2 20.739731118633586 -12.432911172159603
vertex -24.2 24.0 -13.5
vertex -24.2 20.945103272805444 -12.240559159102153
endloop
endfacet
facet normal 1.0 -0.0 -0.0
outer loop
vertex -24.2 20.945103272805444 -12.240559159102153
vertex -24.2 24.0 -13.5
vertex -24.2 21.13745528586289 -12.035187004930295
endloop
endfacet
facet normal 1.0 -0.0 -0.0
outer loop
vertex -24.2 21.13745528586289 -12.035187004930295
vertex -24.2 24.0 -13.5
vertex -24.2 21.3159634769556 -11.817674144737499
endloop
endfacet
facet normal 1.0 0.0 0.0
outer loop
vertex -24.2 24.0 -13.5
vertex -24.2 21.479863446604234 -11.588952001984289
vertex -24.2 21.3159634769556 -11.817674144737499
endloop
endfacet
facet normal 1.0 0.0 0.0
outer loop
vertex -24.2 24.0 -13.5
vertex -24.2 21.628453349976375 -11.349999999999998
vertex -24.2 21.479863446604234 -11.588952001984289
endloop
endfacet
facet normal 1.0 -0.0 0.0
outer loop
vertex -24.2 18.74343249837264 -4.982623294266109
vertex -24.2 19.017466007644128 -5.046518946957006
vertex -24.2 20.0 -4.899999999999999
endloop
endfacet
facet normal 1.0 -0.0 0.0
outer loop
vertex -24.2 19.017466007644128 -5.046518946957006
vertex -24.2 19.28673381450688 -5.128200443171045
vertex -24.2 20.0 -4.899999999999999
endloop
endfacet
facet normal 0.9999999999999999 -0.0 0.0
outer loop
vertex -24.2 19.28673381450688 -5.128200443171045
vertex -24.2 19.550082872873173 -5.227318010201467
vertex -24.2 20.0 -4.899999999999999
endloop
endfacet
facet normal 1.0 -0.0 0.0
outer loop
vertex -24.2 19.550082872873173 -5.227318010201467
vertex -24.2 19.806385481644995 -5.3434472114094405
vertex -24.2 20.0 -4.899999999999999
endloop
endfacet
facet normal 0.9999999999999999 -0.0 0.0
outer loop
vertex -24.2 19.806385481644995 -5.3434472114094405
vertex -24.2 20.0 -5.44693632755194
vertex -24.2 20.0 -4.899999999999999
endloop
endfacet
facet normal 1.0 0.0 0.0
outer loop
vertex -24.2 24.0 -13.5
vertex -24.2 21.761096902293847 -11.101841367941704
vertex -24.2 21.628453349976375 -11.349999999999998
endloop
endfacet
facet normal 1.0 0.0 0.0
outer loop
vertex -24.2 24.0 -13.5
vertex -24.2 21.87722610350182 -10.845538759169886
vertex -24.2 21.761096902293847 -11.101841367941704
endloop
endfacet
facet normal 1.0 0.0 0.0
outer loop
vertex -24.2 24.0 -13.5
vertex -24.2 21.97634367053224 -10.582189700803594
vertex -24.2 21.87722610350182 -10.845538759169886
endloop
endfacet
facet normal 1.0 -0.0 -0.0
outer loop
vertex -24.2 21.97634367053224 -10.582189700803594
vertex -24.2 24.0 -11.950027781102666
vertex -24.2 22.058025166746283 -10.312921893940839
endloop
endfacet
facet normal 1.0 -0.0 -0.0
outer loop
vertex -24.2 22.058025166746283 -10.312921893940839
vertex -24.2 24.0 -11.950027781102666
vertex -24.2 22.12192081943718 -10.03888838466935
endloop
endfacet
facet normal 1.0 -0.0 -0.0
outer loop
vertex -24.2 22.12192081943718 -10.03888838466935
vertex -24.2 24.0 -11.950027781102666
vertex -24.2 22.167757017610672 -9.761262626546221
endloop
endfacet
facet normal 1.0 -0.0 -0.0
outer loop
vertex -24.2 22.167757017610672 -9.761262626546221
vertex -24.2 24.0 -11.950027781102666
vertex -24.2 22.19533748362928 -9.481233455689614
endloop
endfacet
facet normal 0.9999999999999999 -0.0 -0.0
outer loop
vertex -24.2 22.19533748362928 -9.481233455689614
vertex -24.2 24.0 -11.950027781102666
vertex -24.2 22.20454411370329 -9.2
endloop
endfacet
facet normal 1.0 -0.0 -0.0
outer loop
vertex -24.2 22.20454411370329 -9.2
vertex -24.2 24.0 -11.950027781102666
vertex -24.2 22.19533748362928 -8.918766544310385
endloop
endfacet
facet normal 0.9999999999999999 0.0 -0.0
outer loop
vertex -24.2 24.0 -13.5
vertex -24.2 24.0 -11.950027781102666
vertex -24.2 21.97634367053224 -10.582189700803594
endloop
endfacet
facet normal -0.0 0.8128466845916195 0.5824776968677963
outer loop
vertex -31.8 15.802157761931515 -10.813217786873109
vertex -31.8 15.701149641101544 -10.672261117501945
vertex -24.2 15.701149641101544 -10.672261117501945
endloop
endfacet
facet normal -0.0 0.9359059267573248 0.3522500479212362
outer loop
vertex -31.8 15.395179270541258 -10.051814583053378
vertex -24.2 15.395179270541258 -10.051814583053378
vertex -31.8 15.456263352548378 -10.214111095767487
endloop
endfacet
facet normal -0.0 0.973876979277332 0.22707626303438083
outer loop
vertex -31.8 15.305463120634727 -9.71698935334274
vertex -24.2 15.305463120634727 -9.71698935334274
vertex -31.8 15.344840674037258 -9.885870469521679
endloop
endfacet
facet normal -0.0 0.9569403357322108 0.2902846772544554
outer loop
vertex -31.8 15.395179270541258 -10.051814583053378
vertex -31.8 15.344840674037258 -9.885870469521679
vertex -24.2 15.344840674037258 -9.885870469521679
endloop
endfacet
facet normal -0.0 0.98664333208488 0.16289547339458274
outer loop
vertex -31.8 15.305463120634727 -9.71698935334274
vertex -31.8 15.27721523106269 -9.545894409383136
vertex -24.2 15.27721523106269 -9.545894409383136
endloop
endfacet
facet normal -0.0 0.9951847266721967 0.0980171403295632
outer loop
vertex -31.8 15.27721523106269 -9.545894409383136
vertex -31.8 15.260217967120989 -9.373318292459878
vertex -24.2 15.260217967120989 -9.373318292459878
endloop
endfacet
facet normal -0.0 0.8819212643483527 0.471396736826002
outer loop
vertex -31.8 15.609576793674526 -10.524999999999999
vertex -31.8 15.527831348641664 -10.372065029080353
vertex -24.2 15.527831348641664 -10.372065029080353
endloop
endfacet
facet normal -0.0 0.9108638249211761 0.4127070298043939
outer loop
vertex -31.8 15.527831348641664 -10.372065029080353
vertex -31.8 15.456263352548378 -10.214111095767487
vertex -24.2 15.456263352548378 -10.214111095767487
endloop
endfacet
facet normal -0.0 0.8492021815265769 0.5280678506503712
outer loop
vertex -31.8 15.609576793674526 -10.524999999999999
vertex -24.2 15.609576793674526 -10.524999999999999
vertex -31.8 15.701149641101544 -10.672261117501945
endloop
endfacet
facet normal -0.0 0.9994645874763657 0.0327190828217766
outer loop
vertex -31.8 15.260217967120989 -9.373318292459878
vertex -31.8 15.254544113703288 -9.2
vertex -24.2 15.254544113703288 -9.2
endloop
endfacet
facet normal 0.0 0.9994645874763657 -0.0327190828217766
outer loop
vertex -31.8 15.254544113703288 -9.2
vertex -31.8 15.260217967120989 -9.02668170754012
vertex -24.2 15.260217967120989 -9.02668170754012
endloop
endfacet
facet normal 0.0 0.9951847266721967 -0.0980171403295632
outer loop
vertex -31.8 15.260217967120989 -9.02668170754012
vertex -31.8 15.27721523106269 -8.854105590616863
vertex -24.2 15.27721523106269 -8.854105590616863
endloop
endfacet
facet normal 0.0 0.98664333208488 -0.16289547339458274
outer loop
vertex -31.8 15.27721523106269 -8.854105590616863
vertex -31.8 15.305463120634727 -8.683010646657259
vertex -24.2 15.305463120634727 -8.683010646657259
endloop
endfacet
facet normal 0.0 0.973876979277332 -0.22707626303438083
outer loop
vertex -31.8 15.305463120634727 -8.683010646657259
vertex -31.8 15.344840674037258 -8.51412953047832
vertex -24.2 15.344840674037258 -8.51412953047832
endloop
endfacet
facet normal 0.0 0.9569403357322108 -0.2902846772544554
outer loop
vertex -31.8 15.344840674037258 -8.51412953047832
vertex -31.8 15.395179270541258 -8.34818541694662
vertex -24.2 15.395179270541258 -8.34818541694662
endloop
endfacet
facet normal 0.0 0.9359059267573248 -0.3522500479212362
outer loop
vertex -31.8 15.395179270541258 -8.34818541694662
vertex -31.8 15.456263352548378 -8.185888904232511
vertex -24.2 15.456263352548378 -8.185888904232511
endloop
endfacet
facet normal 0.0 0.9108638249211761 -0.4127070298043939
outer loop
vertex -31.8 15.456263352548378 -8.185888904232511
vertex -31.8 15.527831348641664 -8.027934970919645
vertex -24.2 15.527831348641664 -8.027934970919645
endloop
endfacet
facet normal 0.0 0.8819212643483527 -0.471396736826002
outer loop
vertex -31.8 15.527831348641664 -8.027934970919645
vertex -31.8 15.609576793674526 -7.875
vertex -24.2 15.609576793674526 -7.875
endloop
endfacet
facet normal 0.0 0.8492021815265769 -0.5280678506503712
outer loop
vertex -31.8 15.609576793674526 -7.875
vertex -31.8 15.701149641101544 -7.727738882498054
vertex -24.2 15.701149641101544 -7.727738882498054
endloop
endfacet
facet normal 0.0 0.8128466845916195 -0.5824776968677963
outer loop
vertex -31.8 15.701149641101544 -7.727738882498054
vertex -31.8 15.802157761931515 -7.58678221312689
vertex -24.2 15.802157761931515 -7.58678221312689
endloop
endfacet
facet normal -0.0 0.7730104533627361 0.6343932841636466
outer loop
vertex -31.8 15.802157761931515 -10.813217786873109
vertex -24.2 15.802157761931515 -10.813217786873109
vertex -31.8 15.912168623883998 -10.947266410015182
endloop
endfacet
facet normal -0.0 0.7298640726978302 0.6835923020228772
outer loop
vertex -31.8 16.03071114355894 -11.07383297014435
vertex -31.8 15.912168623883998 -10.947266410015182
vertex -24.2 15.912168623883998 -10.947266410015182
endloop
endfacet
facet normal -0.0 0.6835923020228769 0.7298640726978304
outer loop
vertex -31.8 16.03071114355894 -11.07383297014435
vertex -24.2 16.03071114355894 -11.07383297014435
vertex -31.8 16.157277703688106 -11.19237548981929
endloop
endfacet
facet normal -0.0 0.6343932841636516 0.773010453362732
outer loop
vertex -31.8 16.157277703688106 -11.19237548981929
vertex -24.2 16.157277703688106 -11.19237548981929
vertex -31.8 16.291326326830177 -11.302386351771773
endloop
endfacet
facet normal -0.0 0.5280678506503665 0.8492021815265797
outer loop
vertex -31.8 16.43228299620134 -11.403394472601743
vertex -24.2 16.43228299620134 -11.403394472601743
vertex -31.8 16.57954411370329 -11.494967320028762
endloop
endfacet
facet normal -0.0 0.471396736826002 0.8819212643483527
outer loop
vertex -31.8 16.57954411370329 -11.494967320028762
vertex -24.2 16.57954411370329 -11.494967320028762
vertex -31.8 16.732479084622934 -11.576712765061624
endloop
endfacet
facet normal -0.0 0.5824776968677963 0.8128466845916195
outer loop
vertex -31.8 16.43228299620134 -11.403394472601743
vertex -31.8 16.291326326830177 -11.302386351771773
vertex -24.2 16.291326326830177 -11.302386351771773
endloop
endfacet
facet normal -0.0 0.4127070298043978 0.9108638249211743
outer loop
vertex -31.8 16.732479084622934 -11.576712765061624
vertex -24.2 16.732479084622934 -11.576712765061624
vertex -31.8 16.8904330179358 -11.64828076115491
endloop
endfacet
facet normal -0.0 0.3522500479212328 0.935905926757326
outer loop
vertex -31.8 17.05272953064991 -11.70936484316203
vertex -31.8 16.8904330179358 -11.64828076115491
vertex -24.2 16.8904330179358 -11.64828076115491
endloop
endfacet
facet normal -0.0 0.2902846772544583 0.95694033573221
outer loop
vertex -31.8 17.05272953064991 -11.70936484316203
vertex -24.2 17.05272953064991 -11.70936484316203
vertex -31.8 17.218673644181607 -11.75970343966603
endloop
endfacet
facet normal -0.0 0.22707626303437858 0.9738769792773325
outer loop
vertex -31.8 17.218673644181607 -11.75970343966603
vertex -24.2 17.218673644181607 -11.75970343966603
vertex -31.8 17.387554760360548 -11.79908099306856
endloop
endfacet
facet normal -0.0 0.16289547339458108 0.9866433320848802
outer loop
vertex -31.8 17.387554760360548 -11.79908099306856
vertex -24.2 17.387554760360548 -11.79908099306856
vertex -31.8 17.558649704320153 -11.827328882640597
endloop
endfacet
facet normal 0.0 0.7730104533627361 -0.6343932841636466
outer loop
vertex -31.8 15.802157761931515 -7.58678221312689
vertex -31.8 15.912168623883998 -7.452733589984817
vertex -24.2 15.912168623883998 -7.452733589984817
endloop
endfacet
facet normal 0.0 0.7298640726978302 -0.6835923020228772
outer loop
vertex -31.8 15.912168623883998 -7.452733589984817
vertex -31.8 16.03071114355894 -7.3261670298556485
vertex -24.2 16.03071114355894 -7.3261670298556485
endloop
endfacet
facet normal 0.0 0.6835923020228769 -0.7298640726978304
outer loop
vertex -31.8 16.03071114355894 -7.3261670298556485
vertex -31.8 16.157277703688106 -7.207624510180709
vertex -24.2 16.157277703688106 -7.207624510180709
endloop
endfacet
facet normal 0.0 0.6343932841636516 -0.773010453362732
outer loop
vertex -31.8 16.157277703688106 -7.207624510180709
vertex -31.8 16.291326326830177 -7.097613648228226
vertex -24.2 16.291326326830177 -7.097613648228226
endloop
endfacet
facet normal 0.0 0.5824776968677996 -0.8128466845916169
outer loop
vertex -31.8 16.291326326830177 -7.097613648228226
vertex -31.8 16.43228299620134 -6.996605527398255
vertex -24.2 16.43228299620134 -6.996605527398255
endloop
endfacet
facet normal 0.0 0.5280678506503629 -0.8492021815265819
outer loop
vertex -31.8 16.43228299620134 -6.996605527398255
vertex -31.8 16.57954411370329 -6.905032679971237
vertex -24.2 16.57954411370329 -6.905032679971237
endloop
endfacet
facet normal 0.0 0.471396736826002 -0.8819212643483527
outer loop
vertex -31.8 16.57954411370329 -6.905032679971237
vertex -31.8 16.732479084622934 -6.823287234938375
vertex -24.2 16.732479084622934 -6.823287234938375
endloop
endfacet
facet normal 0.0 0.4127070298043978 -0.9108638249211743
outer loop
vertex -31.8 16.732479084622934 -6.823287234938375
vertex -31.8 16.8904330179358 -6.751719238845089
vertex -24.2 16.8904330179358 -6.751719238845089
endloop
endfacet
facet normal 0.0 0.3522500479212328 -0.935905926757326
outer loop
vertex -31.8 16.8904330179358 -6.751719238845089
vertex -31.8 17.05272953064991 -6.690635156837969
vertex -24.2 17.05272953064991 -6.690635156837969
endloop
endfacet
facet normal -0.0 0.0980171403295642 0.9951847266721966
outer loop
vertex -31.8 17.558649704320153 -11.827328882640597
vertex -24.2 17.558649704320153 -11.827328882640597
vertex -31.8 17.73122582124341 -11.844326146582299
endloop
endfacet
facet normal -0.0 0.0327190828217766 0.9994645874763657
outer loop
vertex -31.8 17.73122582124341 -11.844326146582299
vertex -24.2 17.73122582124341 -11.844326146582299
vertex -31.8 17.904544113703288 -11.85
endloop
endfacet
facet normal 0.0 -0.0327190828217766 0.9994645874763657
outer loop
vertex -31.8 17.904544113703288 -11.85
vertex -24.2 17.904544113703288 -11.85
vertex -31.8 18.077862406163167 -11.844326146582299
endloop
endfacet
facet normal 0.0 -0.0980171403295642 0.9951847266721966
outer loop
vertex -31.8 18.077862406163167 -11.844326146582299
vertex -24.2 18.077862406163167 -11.844326146582299
vertex -31.8 18.250438523086423 -11.827328882640597
endloop
endfacet
facet normal 0.0 -0.16289547339458108 0.9866433320848802
outer loop
vertex -31.8 18.250438523086423 -11.827328882640597
vertex -24.2 18.250438523086423 -11.827328882640597
vertex -31.8 18.42153346704603 -11.79908099306856
endloop
endfacet
facet normal 0.0 -0.22707626303437858 0.9738769792773325
outer loop
vertex -31.8 18.42153346704603 -11.79908099306856
vertex -24.2 18.42153346704603 -11.79908099306856
vertex -31.8 18.59041458322497 -11.75970343966603
endloop
endfacet
facet normal 0.0 -0.2902846772544583 0.95694033573221
outer loop
vertex -31.8 18.59041458322497 -11.75970343966603
vertex -24.2 18.59041458322497 -11.75970343966603
vertex -31.8 18.756358696756667 -11.70936484316203
endloop
endfacet
facet normal 0.0 -0.3522500479212328 0.935905926757326
outer loop
vertex -31.8 18.756358696756667 -11.70936484316203
vertex -24.2 18.756358696756667 -11.70936484316203
vertex -31.8 18.918655209470778 -11.64828076115491
endloop
endfacet
facet normal 0.0 -0.4127070298043978 0.9108638249211743
outer loop
vertex -31.8 18.918655209470778 -11.64828076115491
vertex -24.2 18.918655209470778 -11.64828076115491
vertex -31.8 19.076609142783642 -11.576712765061624
endloop
endfacet
facet normal 0.0 -0.471396736826002 0.8819212643483527
outer loop
vertex -31.8 19.076609142783642 -11.576712765061624
vertex -24.2 19.076609142783642 -11.576712765061624
vertex -31.8 19.229544113703287 -11.494967320028762
endloop
endfacet
facet normal 0.0 -0.3522500479212328 -0.935905926757326
outer loop
vertex -31.8 18.756358696756667 -6.690635156837969
vertex -31.8 18.918655209470778 -6.751719238845089
vertex -24.2 18.918655209470778 -6.751719238845089
endloop
endfacet
facet normal 0.0 -0.4127070298043978 -0.9108638249211743
outer loop
vertex -31.8 18.918655209470778 -6.751719238845089
vertex -31.8 19.076609142783642 -6.823287234938375
vertex -24.2 19.076609142783642 -6.823287234938375
endloop
endfacet
facet normal 0.0 0.2902846772544583 -0.95694033573221
outer loop
vertex -31.8 17.05272953064991 -6.690635156837969
vertex -31.8 17.218673644181607 -6.640296560333969
vertex -24.2 17.218673644181607 -6.640296560333969
endloop
endfacet
facet normal 0.0 0.22707626303437373 -0.9738769792773336
outer loop
vertex -31.8 17.218673644181607 -6.640296560333969
vertex -31.8 17.387554760360548 -6.600919006931439
vertex -24.2 17.387554760360548 -6.600919006931439
endloop
endfacet
facet normal 0.0 0.16289547339458604 -0.9866433320848793
outer loop
vertex -31.8 17.387554760360548 -6.600919006931439
vertex -31.8 17.558649704320153 -6.572671117359402
vertex -24.2 17.558649704320153 -6.572671117359402
endloop
endfacet
facet normal 0.0 0.0980171403295642 -0.9951847266721966
outer loop
vertex -31.8 17.558649704320153 -6.572671117359402
vertex -31.8 17.73122582124341 -6.5556738534177
vertex -24.2 17.73122582124341 -6.5556738534177
endloop
endfacet
facet normal 0.0 0.0327190828217766 -0.9994645874763657
outer loop
vertex -31.8 17.73122582124341 -6.5556738534177
vertex -31.8 17.904544113703288 -6.549999999999999
vertex -24.2 17.904544113703288 -6.549999999999999
endloop
endfacet
facet normal 0.0 -0.0327190828217766 -0.9994645874763657
outer loop
vertex -31.8 17.904544113703288 -6.549999999999999
vertex -31.8 18.077862406163167 -6.5556738534177
vertex -24.2 18.077862406163167 -6.5556738534177
endloop
endfacet
facet normal 0.0 -0.0980171403295642 -0.9951847266721966
outer loop
vertex -31.8 18.077862406163167 -6.5556738534177
vertex -31.8 18.250438523086423 -6.572671117359402
vertex -24.2 18.250438523086423 -6.572671117359402
endloop
endfacet
facet normal 0.0 -0.16289547339458604 -0.9866433320848793
outer loop
vertex -31.8 18.250438523086423 -6.572671117359402
vertex -31.8 18.42153346704603 -6.600919006931439
vertex -24.2 18.42153346704603 -6.600919006931439
endloop
endfacet
facet normal 0.0 -0.22707626303437373 -0.9738769792773336
outer loop
vertex -31.8 18.42153346704603 -6.600919006931439
vertex -31.8 18.59041458322497 -6.640296560333969
vertex -24.2 18.59041458322497 -6.640296560333969
endloop
endfacet
facet normal 0.0 -0.2902846772544583 -0.95694033573221
outer loop
vertex -31.8 18.756358696756667 -6.690635156837969
vertex -24.2 18.756358696756667 -6.690635156837969
vertex -31.8 18.59041458322497 -6.640296560333969
endloop
endfacet
facet normal 0.0 -0.5280678506503665 0.8492021815265797
outer loop
vertex -31.8 19.229544113703287 -11.494967320028762
vertex -24.2 19.229544113703287 -11.494967320028762
vertex -31.8 19.376805231205235 -11.403394472601743
endloop
endfacet
facet normal 0.0 -0.5824776968677963 0.8128466845916195
outer loop
vertex -31.8 19.376805231205235 -11.403394472601743
vertex -24.2 19.376805231205235 -11.403394472601743
vertex -31.8 19.5177619005764 -11.302386351771773
endloop
endfacet
facet normal 0.0 -0.6343932841636516 0.773010453362732
outer loop
vertex -31.8 19.5177619005764 -11.302386351771773
vertex -24.2 19.5177619005764 -11.302386351771773
vertex -31.8 19.65181052371847 -11.19237548981929
endloop
endfacet
facet normal 0.0 -0.6835923020228769 0.7298640726978304
outer loop
vertex -31.8 19.65181052371847 -11.19237548981929
vertex -24.2 19.65181052371847 -11.19237548981929
vertex -31.8 19.778377083847637 -11.07383297014435
endloop
endfacet
facet normal 0.0 -0.7298640726978352 0.6835923020228718
outer loop
vertex -31.8 19.778377083847637 -11.07383297014435
vertex -24.2 19.778377083847637 -11.07383297014435
vertex -31.8 19.896919603522576 -10.947266410015182
endloop
endfacet
facet normal 0.0 -0.7730104533627311 0.6343932841636526
outer loop
vertex -31.8 19.896919603522576 -10.947266410015182
vertex -24.2 19.896919603522576 -10.947266410015182
vertex -31.8 20.00693046547506 -10.813217786873109
endloop
endfacet
facet normal 0.0 -0.8128466845916195 0.5824776968677963
outer loop
vertex -31.8 20.00693046547506 -10.813217786873109
vertex -24.2 20.00693046547506 -10.813217786873109
vertex -31.8 20.107938586305032 -10.672261117501945
endloop
endfacet
facet normal 0.0 -0.8492021815265814 0.5280678506503639
outer loop
vertex -31.8 20.107938586305032 -10.672261117501945
vertex -24.2 20.107938586305032 -10.672261117501945
vertex -31.8 20.19951143373205 -10.524999999999999
endloop
endfacet
facet normal 0.0 -0.8819212643483527 0.471396736826002
outer loop
vertex -31.8 20.19951143373205 -10.524999999999999
vertex -24.2 20.19951143373205 -10.524999999999999
vertex -31.8 20.28125687876491 -10.372065029080353
endloop
endfacet
facet normal 0.0 -0.9108638249211761 0.4127070298043939
outer loop
vertex -31.8 20.28125687876491 -10.372065029080353
vertex -24.2 20.28125687876491 -10.372065029080353
vertex -31.8 20.352824874858197 -10.214111095767487
endloop
endfacet
facet normal 0.0 -0.9359059267573248 0.3522500479212362
outer loop
vertex -31.8 20.352824874858197 -10.214111095767487
vertex -24.2 20.352824874858197 -10.214111095767487
vertex -31.8 20.413908956865317 -10.051814583053378
endloop
endfacet
facet normal 0.0 -0.9569403357322082 0.29028467725446483
outer loop
vertex -31.8 20.413908956865317 -10.051814583053378
vertex -24.2 20.413908956865317 -10.051814583053378
vertex -31.8 20.46424755336932 -9.885870469521679
endloop
endfacet
facet normal 0.0 -0.973876979277332 0.22707626303438083
outer loop
vertex -31.8 20.46424755336932 -9.885870469521679
vertex -24.2 20.46424755336932 -9.885870469521679
vertex -31.8 20.50362510677185 -9.71698935334274
endloop
endfacet
facet normal 0.0 -0.98664333208488 0.16289547339458274
outer loop
vertex -31.8 20.50362510677185 -9.71698935334274
vertex -24.2 20.50362510677185 -9.71698935334274
vertex -31.8 20.531872996343886 -9.545894409383136
endloop
endfacet
facet normal 0.0 -0.9951847266721977 0.09801714032955307
outer loop
vertex -31.8 20.531872996343886 -9.545894409383136
vertex -24.2 20.531872996343886 -9.545894409383136
vertex -31.8 20.548870260285586 -9.373318292459878
endloop
endfacet
facet normal 0.0 -0.471396736826002 -0.8819212643483527
outer loop
vertex -31.8 19.076609142783642 -6.823287234938375
vertex -31.8 19.229544113703287 -6.905032679971237
vertex -24.2 19.229544113703287 -6.905032679971237
endloop
endfacet
facet normal 0.0 -0.5280678506503629 -0.8492021815265819
outer loop
vertex -31.8 19.229544113703287 -6.905032679971237
vertex -31.8 19.376805231205235 -6.996605527398255
vertex -24.2 19.376805231205235 -6.996605527398255
endloop
endfacet
facet normal 0.0 -0.5824776968677996 -0.8128466845916169
outer loop
vertex -31.8 19.5177619005764 -7.097613648228226
vertex -24.2 19.5177619005764 -7.097613648228226
vertex -31.8 19.376805231205235 -6.996605527398255
endloop
endfacet
facet normal 0.0 -0.7298640726978352 -0.6835923020228718
outer loop
vertex -31.8 19.896919603522576 -7.452733589984817
vertex -24.2 19.896919603522576 -7.452733589984817
vertex -31.8 19.778377083847637 -7.3261670298556485
endloop
endfacet
facet normal 0.0 -0.7730104533627311 -0.6343932841636526
outer loop
vertex -31.8 19.896919603522576 -7.452733589984817
vertex -31.8 20.00693046547506 -7.58678221312689
vertex -24.2 20.00693046547506 -7.58678221312689
endloop
endfacet
facet normal 0.0 -0.6343932841636516 -0.773010453362732
outer loop
vertex -31.8 19.5177619005764 -7.097613648228226
vertex -31.8 19.65181052371847 -7.207624510180709
vertex -24.2 19.65181052371847 -7.207624510180709
endloop
endfacet
facet normal 0.0 -0.6835923020228769 -0.7298640726978304
outer loop
vertex -31.8 19.65181052371847 -7.207624510180709
vertex -31.8 19.778377083847637 -7.3261670298556485
vertex -24.2 19.778377083847637 -7.3261670298556485
endloop
endfacet
facet normal 0.0 -0.9108638249211761 -0.4127070298043939
outer loop
vertex -31.8 20.28125687876491 -8.027934970919645
vertex -31.8 20.352824874858197 -8.185888904232511
vertex -24.2 20.352824874858197 -8.185888904232511
endloop
endfacet
facet normal 0.0 -0.9994645874763657 0.0327190828217766
outer loop
vertex -31.8 20.548870260285586 -9.373318292459878
vertex -24.2 20.548870260285586 -9.373318292459878
vertex -31.8 20.554544113703287 -9.2
endloop
endfacet
facet normal 0.0 -0.9994645874763657 -0.0327190828217766
outer loop
vertex -31.8 20.554544113703287 -9.2
vertex -24.2 20.554544113703287 -9.2
vertex -31.8 20.548870260285586 -9.02668170754012
endloop
endfacet
facet normal 0.0 -0.9951847266721977 -0.09801714032955307
outer loop
vertex -31.8 20.548870260285586 -9.02668170754012
vertex -24.2 20.548870260285586 -9.02668170754012
vertex -31.8 20.531872996343886 -8.854105590616863
endloop
endfacet
facet normal 0.0 -0.98664333208488 -0.16289547339458274
outer loop
vertex -31.8 20.531872996343886 -8.854105590616863
vertex -24.2 20.531872996343886 -8.854105590616863
vertex -31.8 20.50362510677185 -8.683010646657259
endloop
endfacet
facet normal 0.0 -0.973876979277332 -0.22707626303438083
outer loop
vertex -31.8 20.46424755336932 -8.51412953047832
vertex -31.8 20.50362510677185 -8.683010646657259
vertex -24.2 20.50362510677185 -8.683010646657259
endloop
endfacet
facet normal 0.0 -0.9569403357322082 -0.29028467725446483
outer loop
vertex -31.8 20.46424755336932 -8.51412953047832
vertex -24.2 20.46424755336932 -8.51412953047832
vertex -31.8 20.413908956865317 -8.34818541694662
endloop
endfacet
facet normal 0.0 -0.9359059267573248 -0.3522500479212362
outer loop
vertex -31.8 20.352824874858197 -8.185888904232511
vertex -31.8 20.413908956865317 -8.34818541694662
vertex -24.2 20.413908956865317 -8.34818541694662
endloop
endfacet
facet normal 0.0 -0.8492021815265814 -0.5280678506503639
outer loop
vertex -31.8 20.107938586305032 -7.727738882498054
vertex -31.8 20.19951143373205 -7.875
vertex -24.2 20.19951143373205 -7.875
endloop
endfacet
facet normal 0.0 -0.8128466845916195 -0.5824776968677963
outer loop
vertex -31.8 20.107938586305032 -7.727738882498054
vertex -24.2 20.107938586305032 -7.727738882498054
vertex -31.8 20.00693046547506 -7.58678221312689
endloop
endfacet
facet normal 0.0 -0.8819212643483527 -0.471396736826002
outer loop
vertex -31.8 20.28125687876491 -8.027934970919645
vertex -24.2 20.28125687876491 -8.027934970919645
vertex -31.8 20.19951143373205 -7.875
endloop
endfacet
facet normal 0.0 0.8128466845916195 0.5824776968677963
outer loop
vertex -31.8 15.802157761931515 -10.813217786873109
vertex -24.2 15.701149641101544 -10.672261117501945
vertex -24.2 15.802157761931515 -10.813217786873109
endloop
endfacet
facet normal 0.0 0.9569403357322108 0.2902846772544554
outer loop
vertex -31.8 15.395179270541258 -10.051814583053378
vertex -24.2 15.344840674037258 -9.885870469521679
vertex -24.2 15.395179270541258 -10.051814583053378
endloop
endfacet
facet normal 0.0 0.973876979277332 0.22707626303438083
outer loop
vertex -31.8 15.344840674037258 -9.885870469521679
vertex -24.2 15.305463120634727 -9.71698935334274
vertex -24.2 15.344840674037258 -9.885870469521679
endloop
endfacet
facet normal 0.0 0.98664333208488 0.16289547339458274
outer loop
vertex -31.8 15.305463120634727 -9.71698935334274
vertex -24.2 15.27721523106269 -9.545894409383136
vertex -24.2 15.305463120634727 -9.71698935334274
endloop
endfacet
facet normal 0.0 0.9951847266721967 0.0980171403295632
outer loop
vertex -31.8 15.27721523106269 -9.545894409383136
vertex -24.2 15.260217967120989 -9.373318292459878
vertex -24.2 15.27721523106269 -9.545894409383136
endloop
endfacet
facet normal 0.0 0.8819212643483527 0.471396736826002
outer loop
vertex -31.8 15.609576793674526 -10.524999999999999
vertex -24.2 15.527831348641664 -10.372065029080353
vertex -24.2 15.609576793674526 -10.524999999999999
endloop
endfacet
facet normal 0.0 0.9108638249211761 0.4127070298043939
outer loop
vertex -31.8 15.527831348641664 -10.372065029080353
vertex -24.2 15.456263352548378 -10.214111095767487
vertex -24.2 15.527831348641664 -10.372065029080353
endloop
endfacet
facet normal 0.0 0.9359059267573248 0.3522500479212362
outer loop
vertex -31.8 15.456263352548378 -10.214111095767487
vertex -24.2 15.395179270541258 -10.051814583053378
vertex -24.2 15.456263352548378 -10.214111095767487
endloop
endfacet
facet normal 0.0 0.8492021815265769 0.5280678506503712
outer loop
vertex -31.8 15.701149641101544 -10.672261117501945
vertex -24.2 15.609576793674526 -10.524999999999999
vertex -24.2 15.701149641101544 -10.672261117501945
endloop
endfacet
facet normal 0.0 0.9994645874763657 0.0327190828217766
outer loop
vertex -31.8 15.260217967120989 -9.373318292459878
vertex -24.2 15.254544113703288 -9.2
vertex -24.2 15.260217967120989 -9.373318292459878
endloop
endfacet
facet normal 0.0 0.9994645874763657 -0.0327190828217766
outer loop
vertex -31.8 15.254544113703288 -9.2
vertex -24.2 15.260217967120989 -9.02668170754012
vertex -24.2 15.254544113703288 -9.2
endloop
endfacet
facet normal 0.0 0.9951847266721967 -0.0980171403295632
outer loop
vertex -31.8 15.260217967120989 -9.02668170754012
vertex -24.2 15.27721523106269 -8.854105590616863
vertex -24.2 15.260217967120989 -9.02668170754012
endloop
endfacet
facet normal 0.0 0.98664333208488 -0.16289547339458274
outer loop
vertex -31.8 15.27721523106269 -8.854105590616863
vertex -24.2 15.305463120634727 -8.683010646657259
vertex -24.2 15.27721523106269 -8.854105590616863
endloop
endfacet
facet normal 0.0 0.973876979277332 -0.22707626303438083
outer loop
vertex -31.8 15.305463120634727 -8.683010646657259
vertex -24.2 15.344840674037258 -8.51412953047832
vertex -24.2 15.305463120634727 -8.683010646657259
endloop
endfacet
facet normal 0.0 0.9569403357322108 -0.2902846772544554
outer loop
vertex -31.8 15.344840674037258 -8.51412953047832
vertex -24.2 15.395179270541258 -8.34818541694662
vertex -24.2 15.344840674037258 -8.51412953047832
endloop
endfacet
facet normal 0.0 0.9359059267573248 -0.3522500479212362
outer loop
vertex -31.8 15.395179270541258 -8.34818541694662
vertex -24.2 15.456263352548378 -8.185888904232511
vertex -24.2 15.395179270541258 -8.34818541694662
endloop
endfacet
facet normal 0.0 0.9108638249211761 -0.4127070298043939
outer loop
vertex -31.8 15.456263352548378 -8.185888904232511
vertex -24.2 15.527831348641664 -8.027934970919645
vertex -24.2 15.456263352548378 -8.185888904232511
endloop
endfacet
facet normal 0.0 0.8819212643483527 -0.471396736826002
outer loop
vertex -31.8 15.527831348641664 -8.027934970919645
vertex -24.2 15.609576793674526 -7.875
vertex -24.2 15.527831348641664 -8.027934970919645
endloop
endfacet
facet normal 0.0 0.8492021815265769 -0.5280678506503712
outer loop
vertex -31.8 15.609576793674526 -7.875
vertex -24.2 15.701149641101544 -7.727738882498054
vertex -24.2 15.609576793674526 -7.875
endloop
endfacet
facet normal 0.0 0.8128466845916195 -0.5824776968677963
outer loop
vertex -31.8 15.701149641101544 -7.727738882498054
vertex -24.2 15.802157761931515 -7.58678221312689
vertex -24.2 15.701149641101544 -7.727738882498054
endloop
endfacet
facet normal 0.0 0.7298640726978302 0.6835923020228772
outer loop
vertex -31.8 16.03071114355894 -11.07383297014435
vertex -24.2 15.912168623883998 -10.947266410015182
vertex -24.2 16.03071114355894 -11.07383297014435
endloop
endfacet
facet normal 0.0 0.7730104533627361 0.6343932841636466
outer loop
vertex -31.8 15.912168623883998 -10.947266410015182
vertex -24.2 15.802157761931515 -10.813217786873109
vertex -24.2 15.912168623883998 -10.947266410015182
endloop
endfacet
facet normal 0.0 0.6835923020228769 0.7298640726978304
outer loop
vertex -31.8 16.157277703688106 -11.19237548981929
vertex -24.2 16.03071114355894 -11.07383297014435
vertex -24.2 16.157277703688106 -11.19237548981929
endloop
endfacet
facet normal 0.0 0.6343932841636516 0.773010453362732
outer loop
vertex -31.8 16.291326326830177 -11.302386351771773
vertex -24.2 16.157277703688106 -11.19237548981929
vertex -24.2 16.291326326830177 -11.302386351771773
endloop
endfacet
facet normal 0.0 0.5824776968677963 0.8128466845916195
outer loop
vertex -31.8 16.43228299620134 -11.403394472601743
vertex -24.2 16.291326326830177 -11.302386351771773
vertex -24.2 16.43228299620134 -11.403394472601743
endloop
endfacet
facet normal 0.0 0.5280678506503665 0.8492021815265797
outer loop
vertex -31.8 16.57954411370329 -11.494967320028762
vertex -24.2 16.43228299620134 -11.403394472601743
vertex -24.2 16.57954411370329 -11.494967320028762
endloop
endfacet
facet normal 0.0 0.471396736826002 0.8819212643483527
outer loop
vertex -31.8 16.732479084622934 -11.576712765061624
vertex -24.2 16.57954411370329 -11.494967320028762
vertex -24.2 16.732479084622934 -11.576712765061624
endloop
endfacet
facet normal 0.0 0.4127070298043978 0.9108638249211743
outer loop
vertex -31.8 16.8904330179358 -11.64828076115491
vertex -24.2 16.732479084622934 -11.576712765061624
vertex -24.2 16.8904330179358 -11.64828076115491
endloop
endfacet
facet normal 0.0 0.3522500479212328 0.935905926757326
outer loop
vertex -31.8 17.05272953064991 -11.70936484316203
vertex -24.2 16.8904330179358 -11.64828076115491
vertex -24.2 17.05272953064991 -11.70936484316203
endloop
endfacet
facet normal 0.0 0.2902846772544583 0.95694033573221
outer loop
vertex -31.8 17.218673644181607 -11.75970343966603
vertex -24.2 17.05272953064991 -11.70936484316203
vertex -24.2 17.218673644181607 -11.75970343966603
endloop
endfacet
facet normal 0.0 0.22707626303437858 0.9738769792773325
outer loop
vertex -31.8 17.387554760360548 -11.79908099306856
vertex -24.2 17.218673644181607 -11.75970343966603
vertex -24.2 17.387554760360548 -11.79908099306856
endloop
endfacet
facet normal 0.0 0.7730104533627361 -0.6343932841636466
outer loop
vertex -31.8 15.802157761931515 -7.58678221312689
vertex -24.2 15.912168623883998 -7.452733589984817
vertex -24.2 15.802157761931515 -7.58678221312689
endloop
endfacet
facet normal 0.0 0.7298640726978302 -0.6835923020228772
outer loop
vertex -31.8 15.912168623883998 -7.452733589984817
vertex -24.2 16.03071114355894 -7.3261670298556485
vertex -24.2 15.912168623883998 -7.452733589984817
endloop
endfacet
facet normal 0.0 0.6835923020228769 -0.7298640726978304
outer loop
vertex -31.8 16.03071114355894 -7.3261670298556485
vertex -24.2 16.157277703688106 -7.207624510180709
vertex -24.2 16.03071114355894 -7.3261670298556485
endloop
endfacet
facet normal 0.0 0.6343932841636516 -0.773010453362732
outer loop
vertex -31.8 16.157277703688106 -7.207624510180709
vertex -24.2 16.291326326830177 -7.097613648228226
vertex -24.2 16.157277703688106 -7.207624510180709
endloop
endfacet
facet normal 0.0 0.5824776968677996 -0.8128466845916169
outer loop
vertex -31.8 16.291326326830177 -7.097613648228226
vertex -24.2 16.43228299620134 -6.996605527398255
vertex -24.2 16.291326326830177 -7.097613648228226
endloop
endfacet
facet normal 0.0 0.5280678506503629 -0.8492021815265819
outer loop
vertex -31.8 16.43228299620134 -6.996605527398255
vertex -24.2 16.57954411370329 -6.905032679971237
vertex -24.2 16.43228299620134 -6.996605527398255
endloop
endfacet
facet normal 0.0 0.471396736826002 -0.8819212643483527
outer loop
vertex -31.8 16.57954411370329 -6.905032679971237
vertex -24.2 16.732479084622934 -6.823287234938375
vertex -24.2 16.57954411370329 -6.905032679971237
endloop
endfacet
facet normal 0.0 0.4127070298043978 -0.9108638249211743
outer loop
vertex -31.8 16.732479084622934 -6.823287234938375
vertex -24.2 16.8904330179358 -6.751719238845089
vertex -24.2 16.732479084622934 -6.823287234938375
endloop
endfacet
facet normal 0.0 0.3522500479212328 -0.935905926757326
outer loop
vertex -31.8 16.8904330179358 -6.751719238845089
vertex -24.2 17.05272953064991 -6.690635156837969
vertex -24.2 16.8904330179358 -6.751719238845089
endloop
endfacet
facet normal 0.0 0.16289547339458108 0.9866433320848802
outer loop
vertex -31.8 17.558649704320153 -11.827328882640597
vertex -24.2 17.387554760360548 -11.79908099306856
vertex -24.2 17.558649704320153 -11.827328882640597
endloop
endfacet
facet normal 0.0 0.0980171403295642 0.9951847266721966
outer loop
vertex -31.8 17.73122582124341 -11.844326146582299
vertex -24.2 17.558649704320153 -11.827328882640597
vertex -24.2 17.73122582124341 -11.844326146582299
endloop
endfacet
facet normal 0.0 0.0327190828217766 0.9994645874763657
outer loop
vertex -31.8 17.904544113703288 -11.85
vertex -24.2 17.73122582124341 -11.844326146582299
vertex -24.2 17.904544113703288 -11.85
endloop
endfacet
facet normal 0.0 -0.0327190828217766 0.9994645874763657
outer loop
vertex -31.8 18.077862406163167 -11.844326146582299
vertex -24.2 17.904544113703288 -11.85
vertex -24.2 18.077862406163167 -11.844326146582299
endloop
endfacet
facet normal 0.0 -0.0980171403295642 0.9951847266721966
outer loop
vertex -31.8 18.250438523086423 -11.827328882640597
vertex -24.2 18.077862406163167 -11.844326146582299
vertex -24.2 18.250438523086423 -11.827328882640597
endloop
endfacet
facet normal 0.0 -0.16289547339458108 0.9866433320848802
outer loop
vertex -31.8 18.42153346704603 -11.79908099306856
vertex -24.2 18.250438523086423 -11.827328882640597
vertex -24.2 18.42153346704603 -11.79908099306856
endloop
endfacet
facet normal 0.0 -0.22707626303437858 0.9738769792773325
outer loop
vertex -31.8 18.59041458322497 -11.75970343966603
vertex -24.2 18.42153346704603 -11.79908099306856
vertex -24.2 18.59041458322497 -11.75970343966603
endloop
endfacet
facet normal 0.0 -0.2902846772544583 0.95694033573221
outer loop
vertex -31.8 18.756358696756667 -11.70936484316203
vertex -24.2 18.59041458322497 -11.75970343966603
vertex -24.2 18.756358696756667 -11.70936484316203
endloop
endfacet
facet normal 0.0 -0.3522500479212328 0.935905926757326
outer loop
vertex -31.8 18.918655209470778 -11.64828076115491
vertex -24.2 18.756358696756667 -11.70936484316203
vertex -24.2 18.918655209470778 -11.64828076115491
endloop
endfacet
facet normal 0.0 -0.4127070298043978 0.9108638249211743
outer loop
vertex -31.8 19.076609142783642 -11.576712765061624
vertex -24.2 18.918655209470778 -11.64828076115491
vertex -24.2 19.076609142783642 -11.576712765061624
endloop
endfacet
facet normal 0.0 -0.3522500479212328 -0.935905926757326
outer loop
vertex -31.8 18.756358696756667 -6.690635156837969
vertex -24.2 18.918655209470778 -6.751719238845089
vertex -24.2 18.756358696756667 -6.690635156837969
endloop
endfacet
facet normal 0.0 -0.4127070298043978 -0.9108638249211743
outer loop
vertex -31.8 18.918655209470778 -6.751719238845089
vertex -24.2 19.076609142783642 -6.823287234938375
vertex -24.2 18.918655209470778 -6.751719238845089
endloop
endfacet
facet normal 0.0 -0.471396736826002 -0.8819212643483527
outer loop
vertex -31.8 19.076609142783642 -6.823287234938375
vertex -24.2 19.229544113703287 -6.905032679971237
vertex -24.2 19.076609142783642 -6.823287234938375
endloop
endfacet
facet normal 0.0 0.2902846772544583 -0.95694033573221
outer loop
vertex -31.8 17.05272953064991 -6.690635156837969
vertex -24.2 17.218673644181607 -6.640296560333969
vertex -24.2 17.05272953064991 -6.690635156837969
endloop
endfacet
facet normal 0.0 0.22707626303437373 -0.9738769792773336
outer loop
vertex -31.8 17.218673644181607 -6.640296560333969
vertex -24.2 17.387554760360548 -6.600919006931439
vertex -24.2 17.218673644181607 -6.640296560333969
endloop
endfacet
facet normal 0.0 0.16289547339458604 -0.9866433320848793
outer loop
vertex -31.8 17.387554760360548 -6.600919006931439
vertex -24.2 17.558649704320153 -6.572671117359402
vertex -24.2 17.387554760360548 -6.600919006931439
endloop
endfacet
facet normal 0.0 0.0980171403295642 -0.9951847266721966
outer loop
vertex -31.8 17.558649704320153 -6.572671117359402
vertex -24.2 17.73122582124341 -6.5556738534177
vertex -24.2 17.558649704320153 -6.572671117359402
endloop
endfacet
facet normal 0.0 0.0327190828217766 -0.9994645874763657
outer loop
vertex -31.8 17.73122582124341 -6.5556738534177
vertex -24.2 17.904544113703288 -6.549999999999999
vertex -24.2 17.73122582124341 -6.5556738534177
endloop
endfacet
facet normal 0.0 -0.0327190828217766 -0.9994645874763657
outer loop
vertex -31.8 17.904544113703288 -6.549999999999999
vertex -24.2 18.077862406163167 -6.5556738534177
vertex -24.2 17.904544113703288 -6.549999999999999
endloop
endfacet
facet normal 0.0 -0.0980171403295642 -0.9951847266721966
outer loop
vertex -31.8 18.077862406163167 -6.5556738534177
vertex -24.2 18.250438523086423 -6.572671117359402
vertex -24.2 18.077862406163167 -6.5556738534177
endloop
endfacet
facet normal 0.0 -0.16289547339458604 -0.9866433320848793
outer loop
vertex -31.8 18.250438523086423 -6.572671117359402
vertex -24.2 18.42153346704603 -6.600919006931439
vertex -24.2 18.250438523086423 -6.572671117359402
endloop
endfacet
facet normal 0.0 -0.22707626303437373 -0.9738769792773336
outer loop
vertex -31.8 18.42153346704603 -6.600919006931439
vertex -24.2 18.59041458322497 -6.640296560333969
vertex -24.2 18.42153346704603 -6.600919006931439
endloop
endfacet
facet normal 0.0 -0.2902846772544583 -0.95694033573221
outer loop
vertex -31.8 18.59041458322497 -6.640296560333969
vertex -24.2 18.756358696756667 -6.690635156837969
vertex -24.2 18.59041458322497 -6.640296560333969
endloop
endfacet
facet normal 0.0 -0.471396736826002 0.8819212643483527
outer loop
vertex -31.8 19.229544113703287 -11.494967320028762
vertex -24.2 19.076609142783642 -11.576712765061624
vertex -24.2 19.229544113703287 -11.494967320028762
endloop
endfacet
facet normal 0.0 -0.5280678506503665 0.8492021815265797
outer loop
vertex -31.8 19.376805231205235 -11.403394472601743
vertex -24.2 19.229544113703287 -11.494967320028762
vertex -24.2 19.376805231205235 -11.403394472601743
endloop
endfacet
facet normal 0.0 -0.5824776968677963 0.8128466845916195
outer loop
vertex -31.8 19.5177619005764 -11.302386351771773
vertex -24.2 19.376805231205235 -11.403394472601743
vertex -24.2 19.5177619005764 -11.302386351771773
endloop
endfacet
facet normal 0.0 -0.6343932841636516 0.773010453362732
outer loop
vertex -31.8 19.65181052371847 -11.19237548981929
vertex -24.2 19.5177619005764 -11.302386351771773
vertex -24.2 19.65181052371847 -11.19237548981929
endloop
endfacet
facet normal 0.0 -0.6835923020228769 0.7298640726978304
outer loop
vertex -31.8 19.778377083847637 -11.07383297014435
vertex -24.2 19.65181052371847 -11.19237548981929
vertex -24.2 19.778377083847637 -11.07383297014435
endloop
endfacet
facet normal 0.0 -0.7298640726978352 0.6835923020228718
outer loop
vertex -31.8 19.896919603522576 -10.947266410015182
vertex -24.2 19.778377083847637 -11.07383297014435
vertex -24.2 19.896919603522576 -10.947266410015182
endloop
endfacet
facet normal 0.0 -0.7730104533627311 0.6343932841636526
outer loop
vertex -31.8 20.00693046547506 -10.813217786873109
vertex -24.2 19.896919603522576 -10.947266410015182
vertex -24.2 20.00693046547506 -10.813217786873109
endloop
endfacet
facet normal 0.0 -0.8128466845916195 0.5824776968677963
outer loop
vertex -31.8 20.107938586305032 -10.672261117501945
vertex -24.2 20.00693046547506 -10.813217786873109
vertex -24.2 20.107938586305032 -10.672261117501945
endloop
endfacet
facet normal 0.0 -0.8492021815265814 0.5280678506503639
outer loop
vertex -31.8 20.19951143373205 -10.524999999999999
vertex -24.2 20.107938586305032 -10.672261117501945
vertex -24.2 20.19951143373205 -10.524999999999999
endloop
endfacet
facet normal 0.0 -0.8819212643483527 0.471396736826002
outer loop
vertex -31.8 20.28125687876491 -10.372065029080353
vertex -24.2 20.19951143373205 -10.524999999999999
vertex -24.2 20.28125687876491 -10.372065029080353
endloop
endfacet
facet normal 0.0 -0.9108638249211761 0.4127070298043939
outer loop
vertex -31.8 20.352824874858197 -10.214111095767487
vertex -24.2 20.28125687876491 -10.372065029080353
vertex -24.2 20.352824874858197 -10.214111095767487
endloop
endfacet
facet normal 0.0 -0.9359059267573248 0.3522500479212362
outer loop
vertex -31.8 20.413908956865317 -10.051814583053378
vertex -24.2 20.352824874858197 -10.214111095767487
vertex -24.2 20.413908956865317 -10.051814583053378
endloop
endfacet
facet normal 0.0 -0.9569403357322082 0.29028467725446483
outer loop
vertex -31.8 20.46424755336932 -9.885870469521679
vertex -24.2 20.413908956865317 -10.051814583053378
vertex -24.2 20.46424755336932 -9.885870469521679
endloop
endfacet
facet normal 0.0 -0.973876979277332 0.22707626303438083
outer loop
vertex -31.8 20.50362510677185 -9.71698935334274
vertex -24.2 20.46424755336932 -9.885870469521679
vertex -24.2 20.50362510677185 -9.71698935334274
endloop
endfacet
facet normal 0.0 -0.98664333208488 0.16289547339458274
outer loop
vertex -31.8 20.531872996343886 -9.545894409383136
vertex -24.2 20.50362510677185 -9.71698935334274
vertex -24.2 20.531872996343886 -9.545894409383136
endloop
endfacet
facet normal 0.0 -0.9951847266721977 0.09801714032955307
outer loop
vertex -31.8 20.548870260285586 -9.373318292459878
vertex -24.2 20.531872996343886 -9.545894409383136
vertex -24.2 20.548870260285586 -9.373318292459878
endloop
endfacet
facet normal 0.0 -0.5280678506503629 -0.8492021815265819
outer loop
vertex -31.8 19.229544113703287 -6.905032679971237
vertex -24.2 19.376805231205235 -6.996605527398255
vertex -24.2 19.229544113703287 -6.905032679971237
endloop
endfacet
facet normal 0.0 -0.5824776968677996 -0.8128466845916169
outer loop
vertex -31.8 19.376805231205235 -6.996605527398255
vertex -24.2 19.5177619005764 -7.097613648228226
vertex -24.2 19.376805231205235 -6.996605527398255
endloop
endfacet
facet normal 0.0 -0.6343932841636516 -0.773010453362732
outer loop
vertex -31.8 19.5177619005764 -7.097613648228226
vertex -24.2 19.65181052371847 -7.207624510180709
vertex -24.2 19.5177619005764 -7.097613648228226
endloop
endfacet
facet normal 0.0 -0.7298640726978352 -0.6835923020228718
outer loop
vertex -31.8 19.778377083847637 -7.3261670298556485
vertex -24.2 19.896919603522576 -7.452733589984817
vertex -24.2 19.778377083847637 -7.3261670298556485
endloop
endfacet
facet normal 0.0 -0.7730104533627311 -0.6343932841636526
outer loop
vertex -31.8 19.896919603522576 -7.452733589984817
vertex -24.2 20.00693046547506 -7.58678221312689
vertex -24.2 19.896919603522576 -7.452733589984817
endloop
endfacet
facet normal 0.0 -0.6835923020228769 -0.7298640726978304
outer loop
vertex -31.8 19.65181052371847 -7.207624510180709
vertex -24.2 19.778377083847637 -7.3261670298556485
vertex -24.2 19.65181052371847 -7.207624510180709
endloop
endfacet
facet normal 0.0 -0.9359059267573248 -0.3522500479212362
outer loop
vertex -31.8 20.352824874858197 -8.185888904232511
vertex -24.2 20.413908956865317 -8.34818541694662
vertex -24.2 20.352824874858197 -8.185888904232511
endloop
endfacet
facet normal 0.0 -0.9108638249211761 -0.4127070298043939
outer loop
vertex -31.8 20.28125687876491 -8.027934970919645
vertex -24.2 20.352824874858197 -8.185888904232511
vertex -24.2 20.28125687876491 -8.027934970919645
endloop
endfacet
facet normal 0.0 -0.9994645874763657 0.0327190828217766
outer loop
vertex -31.8 20.554544113703287 -9.2
vertex -24.2 20.548870260285586 -9.373318292459878
vertex -24.2 20.554544113703287 -9.2
endloop
endfacet
facet normal 0.0 -0.9994645874763657 -0.0327190828217766
outer loop
vertex -31.8 20.548870260285586 -9.02668170754012
vertex -24.2 20.554544113703287 -9.2
vertex -24.2 20.548870260285586 -9.02668170754012
endloop
endfacet
facet normal 0.0 -0.9951847266721977 -0.09801714032955307
outer loop
vertex -31.8 20.531872996343886 -8.854105590616863
vertex -24.2 20.548870260285586 -9.02668170754012
vertex -24.2 20.531872996343886 -8.854105590616863
endloop
endfacet
facet normal 0.0 -0.98664333208488 -0.16289547339458274
outer loop
vertex -31.8 20.50362510677185 -8.683010646657259
vertex -24.2 20.531872996343886 -8.854105590616863
vertex -24.2 20.50362510677185 -8.683010646657259
endloop
endfacet
facet normal 0.0 -0.973876979277332 -0.22707626303438083
outer loop
vertex -31.8 20.46424755336932 -8.51412953047832
vertex -24.2 20.50362510677185 -8.683010646657259
vertex -24.2 20.46424755336932 -8.51412953047832
endloop
endfacet
facet normal 0.0 -0.9569403357322082 -0.29028467725446483
outer loop
vertex -31.8 20.413908956865317 -8.34818541694662
vertex -24.2 20.46424755336932 -8.51412953047832
vertex -24.2 20.413908956865317 -8.34818541694662
endloop
endfacet
facet normal 0.0 -0.8492021815265814 -0.5280678506503639
outer loop
vertex -31.8 20.107938586305032 -7.727738882498054
vertex -24.2 20.19951143373205 -7.875
vertex -24.2 20.107938586305032 -7.727738882498054
endloop
endfacet
facet normal 0.0 -0.8128466845916195 -0.5824776968677963
outer loop
vertex -31.8 20.00693046547506 -7.58678221312689
vertex -24.2 20.107938586305032 -7.727738882498054
vertex -24.2 20.00693046547506 -7.58678221312689
endloop
endfacet
facet normal 0.0 -0.8819212643483527 -0.471396736826002
outer loop
vertex -31.8 20.19951143373205 -7.875
vertex -24.2 20.28125687876491 -8.027934970919645
vertex -24.2 20.19951143373205 -7.875
endloop
endfacet
facet normal -1.0 0.0 -0.0
outer loop
vertex -31.8 6.227318010201467 -1.645538759169886
vertex -31.8 8.20762451018071 -1.7472664100151825
vertex -31.8 6.3434472114094405 -1.9018413679417054
endloop
endfacet
facet normal -1.0 0.0 -0.0
outer loop
vertex -31.8 6.128200443171045 -1.3821897008035948
vertex -31.8 7.996605527398255 -1.4722611175019458
vertex -31.8 6.227318010201467 -1.645538759169886
endloop
endfacet
facet normal -1.0 0.0 0.0
outer loop
vertex -31.8 6.476090763726913 -2.1499999999999995
vertex -31.8 6.3434472114094405 -1.9018413679417054
vertex -31.8 8.452733589984817 -1.99237548981929
endloop
endfacet
facet normal -1.0 0.0 -0.0
outer loop
vertex -31.8 6.476090763726913 -2.1499999999999995
vertex -31.8 8.875 -2.2949673200287624
vertex -31.8 6.624680667099055 -2.3889520019842894
endloop
endfacet
facet normal -1.0 0.0 0.0
outer loop
vertex -31.8 6.128200443171045 -1.3821897008035948
vertex -31.8 7.905032679971237 -1.3249999999999997
vertex -31.8 7.996605527398255 -1.4722611175019458
endloop
endfacet
facet normal -1.0 0.0 0.0
outer loop
vertex -31.8 6.227318010201467 -1.645538759169886
vertex -31.8 7.996605527398255 -1.4722611175019458
vertex -31.8 8.097613648228226 -1.6132177868731097
endloop
endfacet
facet normal -1.0 0.0 0.0
outer loop
vertex -31.8 6.227318010201467 -1.645538759169886
vertex -31.8 8.097613648228226 -1.6132177868731097
vertex -31.8 8.20762451018071 -1.7472664100151825
endloop
endfacet
facet normal -1.0 0.0 -0.0
outer loop
vertex -31.8 6.624680667099055 -2.3889520019842894
vertex -31.8 9.34818541694662 -2.50936484316203
vertex -31.8 6.788580636747689 -2.617674144737499
endloop
endfacet
facet normal -1.0 0.0 0.0
outer loop
vertex -31.8 6.476090763726913 -2.1499999999999995
vertex -31.8 8.452733589984817 -1.99237548981929
vertex -31.8 8.58678221312689 -2.102386351771773
endloop
endfacet
facet normal -1.0 0.0 0.0
outer loop
vertex -31.8 6.476090763726913 -2.1499999999999995
vertex -31.8 8.58678221312689 -2.102386351771773
vertex -31.8 8.727738882498054 -2.2033944726017447
endloop
endfacet
facet normal -1.0 0.0 0.0
outer loop
vertex -31.8 6.3434472114094405 -1.9018413679417054
vertex -31.8 8.20762451018071 -1.7472664100151825
vertex -31.8 8.326167029855648 -1.8738329701443508
endloop
endfacet
facet normal -0.9999999999999999 0.0 0.0
outer loop
vertex -31.8 6.3434472114094405 -1.9018413679417054
vertex -31.8 8.326167029855648 -1.8738329701443508
vertex -31.8 8.452733589984817 -1.99237548981929
endloop
endfacet
facet normal -0.9999999999999999 0.0 0.0
outer loop
vertex -31.8 6.624680667099055 -2.3889520019842894
vertex -31.8 8.875 -2.2949673200287624
vertex -31.8 9.027934970919645 -2.3767127650616238
endloop
endfacet
facet normal -1.0 0.0 0.0
outer loop
vertex -31.8 6.476090763726913 -2.1499999999999995
vertex -31.8 8.727738882498054 -2.2033944726017447
vertex -31.8 8.875 -2.2949673200287624
endloop
endfacet
facet normal -1.0 0.0 0.0
outer loop
vertex -31.8 6.624680667099055 -2.3889520019842894
vertex -31.8 9.027934970919645 -2.3767127650616238
vertex -31.8 9.185888904232511 -2.44828076115491
endloop
endfacet
facet normal -1.0 -0.0 -0.0
outer loop
vertex -31.8 7.159440840897846 -3.040559159102154
vertex -31.8 13.035187004930295 -3.2329111721596027
vertex -31.8 7.364812995069704 -3.2329111721596027
endloop
endfacet
facet normal -1.0 0.0 0.0
outer loop
vertex -31.8 6.967088827840397 -2.835187004930296
vertex -31.8 6.788580636747689 -2.617674144737499
vertex -31.8 13.432911172159603 -2.835187004930296
endloop
endfacet
facet normal -1.0 -0.0 -0.0
outer loop
vertex -31.8 6.967088827840397 -2.835187004930296
vertex -31.8 13.240559159102153 -3.040559159102154
vertex -31.8 7.159440840897846 -3.040559159102154
endloop
endfacet
facet normal -1.0 0.0 0.0
outer loop
vertex -31.8 6.624680667099055 -2.3889520019842894
vertex -31.8 9.185888904232511 -2.44828076115491
vertex -31.8 9.34818541694662 -2.50936484316203
endloop
endfacet
facet normal -1.0 0.0 0.0
outer loop
vertex -31.8 6.788580636747689 -2.617674144737499
vertex -31.8 9.34818541694662 -2.50936484316203
vertex -31.8 9.51412953047832 -2.559703439666031
endloop
endfacet
facet normal -1.0 0.0 0.0
outer loop
vertex -31.8 6.788580636747689 -2.617674144737499
vertex -31.8 9.51412953047832 -2.559703439666031
vertex -31.8 9.683010646657259 -2.5990809930685606
endloop
endfacet
facet normal -0.9999999999999999 0.0 0.0
outer loop
vertex -31.8 6.788580636747689 -2.617674144737499
vertex -31.8 9.683010646657259 -2.5990809930685606
vertex -31.8 9.854105590616863 -2.6273288826405974
endloop
endfacet
facet normal -1.0 0.0 0.0
outer loop
vertex -31.8 6.788580636747689 -2.617674144737499
vertex -31.8 9.854105590616863 -2.6273288826405974
vertex -31.8 10.02668170754012 -2.644326146582299
endloop
endfacet
facet normal -1.0 0.0 0.0
outer loop
vertex -31.8 6.788580636747689 -2.617674144737499
vertex -31.8 10.02668170754012 -2.644326146582299
vertex -31.8 10.2 -2.65
endloop
endfacet
facet normal -1.0 0.0 0.0
outer loop
vertex -31.8 8.817810299196404 -4.071799556828954
vertex -31.8 8.554461240830113 -3.9726819897985326
vertex -31.8 11.582189700803594 -4.071799556828954
endloop
endfacet
facet normal -1.0 -0.0 -0.0
outer loop
vertex -31.8 9.08707810605916 -4.153481053042993
vertex -31.8 11.03888838466935 -4.217376705733891
vertex -31.8 9.361111615330648 -4.217376705733891
endloop
endfacet
facet normal -1.0 -0.0 -0.0
outer loop
vertex -31.8 8.817810299196404 -4.071799556828954
vertex -31.8 11.312921893940839 -4.153481053042993
vertex -31.8 9.08707810605916 -4.153481053042993
endloop
endfacet
facet normal -1.0 -0.0 -0.0
outer loop
vertex -31.8 9.361111615330648 -4.217376705733891
vertex -31.8 10.761262626546221 -4.263212903907385
vertex -31.8 9.638737373453777 -4.263212903907385
endloop
endfacet
facet normal -1.0 -0.0 -0.0
outer loop
vertex -31.8 9.638737373453777 -4.263212903907385
vertex -31.8 10.481233455689614 -4.290793369925995
vertex -31.8 9.918766544310385 -4.290793369925995
endloop
endfacet
facet normal -1.0 0.0 -0.0
outer loop
vertex -31.8 9.918766544310385 -4.290793369925995
vertex -31.8 10.481233455689614 -4.290793369925995
vertex -31.8 10.2 -4.3
endloop
endfacet
facet normal -1.0 0.0 -0.0
outer loop
vertex -31.8 9.638737373453777 -4.263212903907385
vertex -31.8 10.761262626546221 -4.263212903907385
vertex -31.8 10.481233455689614 -4.290793369925995
endloop
endfacet
facet normal -1.0 0.0 -0.0
outer loop
vertex -31.8 9.361111615330648 -4.217376705733891
vertex -31.8 11.03888838466935 -4.217376705733891
vertex -31.8 10.761262626546221 -4.263212903907385
endloop
endfacet
facet normal -1.0 0.0 -0.0
outer loop
vertex -31.8 9.08707810605916 -4.153481053042993
vertex -31.8 11.312921893940839 -4.153481053042993
vertex -31.8 11.03888838466935 -4.217376705733891
endloop
endfacet
facet normal -1.0 0.0 -0.0
outer loop
vertex -31.8 8.817810299196404 -4.071799556828954
vertex -31.8 11.582189700803594 -4.071799556828954
vertex -31.8 11.312921893940839 -4.153481053042993
endloop
endfacet
facet normal -1.0 -0.0 -0.0
outer loop
vertex -31.8 7.364812995069704 -3.2329111721596027
vertex -31.8 12.817674144737499 -3.411419363252311
vertex -31.8 7.5823258552625 -3.411419363252311
endloop
endfacet
facet normal -0.9999999999999999 -0.0 -0.0
outer loop
vertex -31.8 7.5823258552625 -3.411419363252311
vertex -31.8 12.588952001984289 -3.5753193329009445
vertex -31.8 7.8110479980157095 -3.5753193329009445
endloop
endfacet
facet normal -1.0 -0.0 -0.0
outer loop
vertex -31.8 7.8110479980157095 -3.5753193329009445
vertex -31.8 12.349999999999998 -3.7239092362730863
vertex -31.8 8.05 -3.7239092362730863
endloop
endfacet
facet normal -1.0 -0.0 -0.0
outer loop
vertex -31.8 8.05 -3.7239092362730863
vertex -31.8 12.101841367941704 -3.8565527885905593
vertex -31.8 8.298158632058295 -3.8565527885905593
endloop
endfacet
facet normal -1.0 -0.0 -0.0
outer loop
vertex -31.8 8.298158632058295 -3.8565527885905593
vertex -31.8 11.845538759169886 -3.9726819897985326
vertex -31.8 8.554461240830113 -3.9726819897985326
endloop
endfacet
facet normal -1.0 0.0 0.0
outer loop
vertex -31.8 6.788580636747689 -2.617674144737499
vertex -31.8 10.2 -2.65
vertex -31.8 13.432911172159603 -2.835187004930296
endloop
endfacet
facet normal -1.0 0.0 -0.0
outer loop
vertex -31.8 8.554461240830113 -3.9726819897985326
vertex -31.8 11.845538759169886 -3.9726819897985326
vertex -31.8 11.582189700803594 -4.071799556828954
endloop
endfacet
facet normal -0.9999999999999999 0.0 -0.0
outer loop
vertex -31.8 8.298158632058295 -3.8565527885905593
vertex -31.8 12.101841367941704 -3.8565527885905593
vertex -31.8 11.845538759169886 -3.9726819897985326
endloop
endfacet
facet normal -1.0 0.0 -0.0
outer loop
vertex -31.8 8.05 -3.7239092362730863
vertex -31.8 12.349999999999998 -3.7239092362730863
vertex -31.8 12.101841367941704 -3.8565527885905593
endloop
endfacet
facet normal -1.0 0.0 -0.0
outer loop
vertex -31.8 7.8110479980157095 -3.5753193329009445
vertex -31.8 12.588952001984289 -3.5753193329009445
vertex -31.8 12.349999999999998 -3.7239092362730863
endloop
endfacet
facet normal -1.0 0.0 -0.0
outer loop
vertex -31.8 7.5823258552625 -3.411419363252311
vertex -31.8 12.817674144737499 -3.411419363252311
vertex -31.8 12.588952001984289 -3.5753193329009445
endloop
endfacet
facet normal -1.0 0.0 -0.0
outer loop
vertex -31.8 7.364812995069704 -3.2329111721596027
vertex -31.8 13.035187004930295 -3.2329111721596027
vertex -31.8 12.817674144737499 -3.411419363252311
endloop
endfacet
facet normal -1.0 0.0 -0.0
outer loop
vertex -31.8 7.159440840897846 -3.040559159102154
vertex -31.8 13.240559159102153 -3.040559159102154
vertex -31.8 13.035187004930295 -3.2329111721596027
endloop
endfacet
facet normal -1.0 0.0 -0.0
outer loop
vertex -31.8 6.967088827840397 -2.835187004930296
vertex -31.8 13.432911172159603 -2.835187004930296
vertex -31.8 13.240559159102153 -3.040559159102154
endloop
endfacet
facet normal -1.0 0.0 0.0
outer loop
vertex -31.8 10.2 -2.65
vertex -31.8 10.373318292459878 -2.644326146582299
vertex -31.8 13.432911172159603 -2.835187004930296
endloop
endfacet
facet normal -1.0 0.0 0.0
outer loop
vertex -31.8 10.373318292459878 -2.644326146582299
vertex -31.8 10.545894409383136 -2.6273288826405974
vertex -31.8 13.432911172159603 -2.835187004930296
endloop
endfacet
facet normal -1.0 0.0 0.0
outer loop
vertex -31.8 10.545894409383136 -2.6273288826405974
vertex -31.8 10.71698935334274 -2.5990809930685606
vertex -31.8 13.432911172159603 -2.835187004930296
endloop
endfacet
facet normal -1.0 0.0 0.0
outer loop
vertex -31.8 10.71698935334274 -2.5990809930685606
vertex -31.8 10.885870469521679 -2.559703439666031
vertex -31.8 13.61141936325231 -2.617674144737499
endloop
endfacet
facet normal -1.0 0.0 0.0
outer loop
vertex -31.8 10.885870469521679 -2.559703439666031
vertex -31.8 11.051814583053378 -2.50936484316203
vertex -31.8 13.61141936325231 -2.617674144737499
endloop
endfacet
facet normal -1.0 0.0 0.0
outer loop
vertex -31.8 11.051814583053378 -2.50936484316203
vertex -31.8 11.214111095767487 -2.44828076115491
vertex -31.8 13.61141936325231 -2.617674144737499
endloop
endfacet
facet normal -1.0 0.0 0.0
outer loop
vertex -31.8 11.214111095767487 -2.44828076115491
vertex -31.8 11.372065029080353 -2.3767127650616238
vertex -31.8 13.61141936325231 -2.617674144737499
endloop
endfacet
facet normal -0.9999999999999999 0.0 0.0
outer loop
vertex -31.8 11.372065029080353 -2.3767127650616238
vertex -31.8 11.524999999999999 -2.2949673200287624
vertex -31.8 13.775319332900944 -2.3889520019842894
endloop
endfacet
facet normal -1.0 0.0 0.0
outer loop
vertex -31.8 11.524999999999999 -2.2949673200287624
vertex -31.8 11.672261117501945 -2.2033944726017447
vertex -31.8 13.775319332900944 -2.3889520019842894
endloop
endfacet
facet normal -0.9999999999999999 0.0 0.0
outer loop
vertex -31.8 11.672261117501945 -2.2033944726017447
vertex -31.8 11.813217786873109 -2.102386351771773
vertex -31.8 13.775319332900944 -2.3889520019842894
endloop
endfacet
facet normal -1.0 0.0 -0.0
outer loop
vertex -31.8 10.71698935334274 -2.5990809930685606
vertex -31.8 13.61141936325231 -2.617674144737499
vertex -31.8 13.432911172159603 -2.835187004930296
endloop
endfacet
facet normal -1.0 0.0 0.0
outer loop
vertex -31.8 11.813217786873109 -2.102386351771773
vertex -31.8 11.947266410015182 -1.99237548981929
vertex -31.8 13.923909236273087 -2.1499999999999995
endloop
endfacet
facet normal -1.0 0.0 -0.0
outer loop
vertex -31.8 11.372065029080353 -2.3767127650616238
vertex -31.8 13.775319332900944 -2.3889520019842894
vertex -31.8 13.61141936325231 -2.617674144737499
endloop
endfacet
facet normal -1.0 0.0 0.0
outer loop
vertex -31.8 11.947266410015182 -1.99237548981929
vertex -31.8 12.07383297014435 -1.8738329701443508
vertex -31.8 13.923909236273087 -2.1499999999999995
endloop
endfacet
facet normal -1.0 0.0 0.0
outer loop
vertex -31.8 12.07383297014435 -1.8738329701443508
vertex -31.8 12.19237548981929 -1.7472664100151825
vertex -31.8 14.056552788590558 -1.9018413679417054
endloop
endfacet
facet normal -1.0 0.0 0.0
outer loop
vertex -31.8 12.19237548981929 -1.7472664100151825
vertex -31.8 12.302386351771773 -1.6132177868731097
vertex -31.8 14.056552788590558 -1.9018413679417054
endloop
endfacet
facet normal -0.9999999999999999 0.0 -0.0
outer loop
vertex -31.8 11.813217786873109 -2.102386351771773
vertex -31.8 13.923909236273087 -2.1499999999999995
vertex -31.8 13.775319332900944 -2.3889520019842894
endloop
endfacet
facet normal -1.0 0.0 0.0
outer loop
vertex -31.8 12.302386351771773 -1.6132177868731097
vertex -31.8 12.403394472601743 -1.4722611175019458
vertex -31.8 14.172681989798532 -1.645538759169886
endloop
endfacet
facet normal -1.0 0.0 0.0
outer loop
vertex -31.8 12.403394472601743 -1.4722611175019458
vertex -31.8 12.494967320028762 -1.3249999999999997
vertex -31.8 14.172681989798532 -1.645538759169886
endloop
endfacet
facet normal -1.0 0.0 -0.0
outer loop
vertex -31.8 12.07383297014435 -1.8738329701443508
vertex -31.8 14.056552788590558 -1.9018413679417054
vertex -31.8 13.923909236273087 -2.1499999999999995
endloop
endfacet
facet normal -1.0 0.0 -0.0
outer loop
vertex -31.8 12.302386351771773 -1.6132177868731097
vertex -31.8 14.172681989798532 -1.645538759169886
vertex -31.8 14.056552788590558 -1.9018413679417054
endloop
endfacet
facet normal -1.0 0.0 0.0
outer loop
vertex -31.8 14.172681989798532 -1.645538759169886
vertex -31.8 12.494967320028762 -1.3249999999999997
vertex -31.8 14.271799556828952 -1.3821897008035948
endloop
endfacet
facet normal 0.0 -0.9108638249211751 -0.412707029804396
outer loop
vertex -31.8 6.227318010201467 -1.645538759169886
vertex -31.8 6.3434472114094405 -1.9018413679417054
vertex -24.2 6.227318010201467 -1.645538759169886
endloop
endfacet
facet normal 0.0 -0.9359059267573256 -0.3522500479212338
outer loop
vertex -31.8 6.128200443171045 -1.3821897008035948
vertex -31.8 6.227318010201467 -1.645538759169886
vertex -24.2 6.128200443171045 -1.3821897008035948
endloop
endfacet
facet normal 0.0 -0.8128466845916145 -0.5824776968678033
outer loop
vertex -31.8 6.624680667099055 -2.3889520019842894
vertex -31.8 6.788580636747689 -2.617674144737499
vertex -24.2 6.624680667099055 -2.3889520019842894
endloop
endfacet
facet normal 0.0 -0.8492021815265789 -0.528067850650368
outer loop
vertex -31.8 6.476090763726913 -2.1499999999999995
vertex -31.8 6.624680667099055 -2.3889520019842894
vertex -24.2 6.476090763726913 -2.1499999999999995
endloop
endfacet
facet normal -0.0 -0.8819212643483563 -0.47139673682599553
outer loop
vertex -31.8 6.476090763726913 -2.1499999999999995
vertex -24.2 6.3434472114094405 -1.9018413679417054
vertex -31.8 6.3434472114094405 -1.9018413679417054
endloop
endfacet
facet normal -0.0 -0.7730104533627378 -0.6343932841636446
outer loop
vertex -31.8 6.967088827840397 -2.835187004930296
vertex -24.2 6.788580636747689 -2.617674144737499
vertex -31.8 6.788580636747689 -2.617674144737499
endloop
endfacet
facet normal 0.0 -0.7298640726978345 -0.6835923020228726
outer loop
vertex -31.8 6.967088827840397 -2.835187004930296
vertex -31.8 7.159440840897846 -3.040559159102154
vertex -24.2 6.967088827840397 -2.835187004930296
endloop
endfacet
facet normal 0.0 -0.6835923020228717 -0.7298640726978353
outer loop
vertex -31.8 7.159440840897846 -3.040559159102154
vertex -31.8 7.364812995069704 -3.2329111721596027
vertex -24.2 7.159440840897846 -3.040559159102154
endloop
endfacet
facet normal 0.0 -0.634393284163647 -0.7730104533627357
outer loop
vertex -31.8 7.364812995069704 -3.2329111721596027
vertex -31.8 7.5823258552625 -3.411419363252311
vertex -24.2 7.364812995069704 -3.2329111721596027
endloop
endfacet
facet normal 0.0 -0.29028467725446255 -0.9569403357322088
outer loop
vertex -31.8 8.817810299196404 -4.071799556828954
vertex -31.8 9.08707810605916 -4.153481053042993
vertex -24.2 8.817810299196404 -4.071799556828954
endloop
endfacet
facet normal 0.0 -0.227076263034373 -0.9738769792773336
outer loop
vertex -31.8 9.08707810605916 -4.153481053042993
vertex -31.8 9.361111615330648 -4.217376705733891
vertex -24.2 9.08707810605916 -4.153481053042993
endloop
endfacet
facet normal 0.0 -0.5824776968678023 -0.8128466845916151
outer loop
vertex -31.8 7.5823258552625 -3.411419363252311
vertex -31.8 7.8110479980157095 -3.5753193329009445
vertex -24.2 7.5823258552625 -3.411419363252311
endloop
endfacet
facet normal 0.0 -0.5280678506503659 -0.8492021815265802
outer loop
vertex -31.8 7.8110479980157095 -3.5753193329009445
vertex -31.8 8.05 -3.7239092362730863
vertex -24.2 7.8110479980157095 -3.5753193329009445
endloop
endfacet
facet normal 0.0 -0.4713967368259971 -0.8819212643483555
outer loop
vertex -31.8 8.05 -3.7239092362730863
vertex -31.8 8.298158632058295 -3.8565527885905593
vertex -24.2 8.05 -3.7239092362730863
endloop
endfacet
facet normal 0.0 -0.412707029804396 -0.9108638249211753
outer loop
vertex -31.8 8.298158632058295 -3.8565527885905593
vertex -31.8 8.554461240830113 -3.9726819897985326
vertex -24.2 8.298158632058295 -3.8565527885905593
endloop
endfacet
facet normal -0.0 -0.3522500479212338 -0.9359059267573256
outer loop
vertex -31.8 8.817810299196404 -4.071799556828954
vertex -24.2 8.554461240830113 -3.9726819897985326
vertex -31.8 8.554461240830113 -3.9726819897985326
endloop
endfacet
facet normal 0.0 -0.16289547339458976 -0.9866433320848789
outer loop
vertex -31.8 9.361111615330648 -4.217376705733891
vertex -31.8 9.638737373453777 -4.263212903907385
vertex -24.2 9.361111615330648 -4.217376705733891
endloop
endfacet
facet normal 0.0 -0.09801714032955862 -0.9951847266721972
outer loop
vertex -31.8 9.638737373453777 -4.263212903907385
vertex -31.8 9.918766544310385 -4.290793369925995
vertex -24.2 9.638737373453777 -4.263212903907385
endloop
endfacet
facet normal 0.0 -0.03271908282177737 -0.9994645874763656
outer loop
vertex -31.8 9.918766544310385 -4.290793369925995
vertex -31.8 10.2 -4.3
vertex -24.2 9.918766544310385 -4.290793369925995
endloop
endfacet
facet normal -1.0 0.0 0.0
outer loop
vertex -31.8 5.982623294266109 -0.8388883846693515
vertex -31.8 5.936787096092615 -0.5612626265462217
vertex -31.8 7.640296560333969 -0.68587046952168
endloop
endfacet
facet normal -1.0 0.0 0.0
outer loop
vertex -31.8 6.128200443171045 -1.3821897008035948
vertex -31.8 6.046518946957006 -1.1129218939408392
vertex -31.8 7.823287234938375 -1.1720650290803534
endloop
endfacet
facet normal -1.0 0.0 0.0
outer loop
vertex -31.8 6.046518946957006 -1.1129218939408392
vertex -31.8 5.982623294266109 -0.8388883846693515
vertex -31.8 7.751719238845089 -1.014111095767488
endloop
endfacet
facet normal -1.0 0.0 0.0
outer loop
vertex -31.8 5.936787096092615 -0.5612626265462217
vertex -31.8 5.909206630074005 -0.28123345568961516
vertex -31.8 7.572671117359402 -0.34589440938313665
endloop
endfacet
facet normal -1.0 0.0 0.0
outer loop
vertex -31.8 5.909206630074005 -0.28123345568961516
vertex -31.8 5.8999999999999995 0.0
vertex -31.8 7.5556738534177 -0.17331829245987912
endloop
endfacet
facet normal -1.0 0.0 0.0
outer loop
vertex -31.8 5.8999999999999995 0.0
vertex -31.8 5.909206630074005 0.28123345568961516
vertex -31.8 7.549999999999999 0.0
endloop
endfacet
facet normal -1.0 0.0 0.0
outer loop
vertex -31.8 5.909206630074005 0.28123345568961516
vertex -31.8 5.936787096092615 0.5612626265462217
vertex -31.8 7.5556738534177 0.17331829245987912
endloop
endfacet
facet normal -1.0 0.0 0.0
outer loop
vertex -31.8 5.936787096092615 0.5612626265462217
vertex -31.8 5.982623294266109 0.8388883846693515
vertex -31.8 7.600919006931439 0.5169893533427399
endloop
endfacet
facet normal -1.0 0.0 0.0
outer loop
vertex -31.8 5.982623294266109 0.8388883846693515
vertex -31.8 6.046518946957006 1.1129218939408392
vertex -31.8 7.640296560333969 0.68587046952168
endloop
endfacet
facet normal -1.0 0.0 0.0
outer loop
vertex -31.8 6.046518946957006 1.1129218939408392
vertex -31.8 6.128200443171045 1.3821897008035948
vertex -31.8 7.751719238845089 1.014111095767488
endloop
endfacet
facet normal -1.0 0.0 0.0
outer loop
vertex -31.8 5.982623294266109 -0.8388883846693515
vertex -31.8 7.690635156837969 -0.8518145830533782
vertex -31.8 7.751719238845089 -1.014111095767488
endloop
endfacet
facet normal -1.0 0.0 0.0
outer loop
vertex -31.8 5.982623294266109 -0.8388883846693515
vertex -31.8 7.640296560333969 -0.68587046952168
vertex -31.8 7.690635156837969 -0.8518145830533782
endloop
endfacet
facet normal -1.0 0.0 0.0
outer loop
vertex -31.8 5.936787096092615 -0.5612626265462217
vertex -31.8 7.572671117359402 -0.34589440938313665
vertex -31.8 7.600919006931439 -0.5169893533427399
endloop
endfacet
facet normal -1.0 0.0 0.0
outer loop
vertex -31.8 5.936787096092615 -0.5612626265462217
vertex -31.8 7.600919006931439 -0.5169893533427399
vertex -31.8 7.640296560333969 -0.68587046952168
endloop
endfacet
facet normal -1.0 0.0 0.0
outer loop
vertex -31.8 5.909206630074005 -0.28123345568961516
vertex -31.8 7.5556738534177 -0.17331829245987912
vertex -31.8 7.572671117359402 -0.34589440938313665
endloop
endfacet
facet normal -1.0 0.0 0.0
outer loop
vertex -31.8 5.8999999999999995 0.0
vertex -31.8 7.549999999999999 0.0
vertex -31.8 7.5556738534177 -0.17331829245987912
endloop
endfacet
facet normal -1.0 0.0 0.0
outer loop
vertex -31.8 6.046518946957006 -1.1129218939408392
vertex -31.8 7.751719238845089 -1.014111095767488
vertex -31.8 7.823287234938375 -1.1720650290803534
endloop
endfacet
facet normal -1.0 0.0 0.0
outer loop
vertex -31.8 6.128200443171045 -1.3821897008035948
vertex -31.8 7.823287234938375 -1.1720650290803534
vertex -31.8 7.905032679971237 -1.3249999999999997
endloop
endfacet
facet normal -1.0 0.0 -0.0
outer loop
vertex -31.8 5.909206630074005 0.28123345568961516
vertex -31.8 7.5556738534177 0.17331829245987912
vertex -31.8 7.549999999999999 0.0
endloop
endfacet
facet normal -1.0 0.0 -0.0
outer loop
vertex -31.8 5.936787096092615 0.5612626265462217
vertex -31.8 7.572671117359402 0.34589440938313665
vertex -31.8 7.5556738534177 0.17331829245987912
endloop
endfacet
facet normal -1.0 0.0 -0.0
outer loop
vertex -31.8 5.936787096092615 0.5612626265462217
vertex -31.8 7.600919006931439 0.5169893533427399
vertex -31.8 7.572671117359402 0.34589440938313665
endloop
endfacet
facet normal -1.0 0.0 -0.0
outer loop
vertex -31.8 5.982623294266109 0.8388883846693515
vertex -31.8 7.640296560333969 0.68587046952168
vertex -31.8 7.600919006931439 0.5169893533427399
endloop
endfacet
facet normal -1.0 0.0 -0.0
outer loop
vertex -31.8 6.046518946957006 1.1129218939408392
vertex -31.8 7.690635156837969 0.8518145830533782
vertex -31.8 7.640296560333969 0.68587046952168
endloop
endfacet
facet normal -1.0 0.0 -0.0
outer loop
vertex -31.8 6.046518946957006 1.1129218939408392
vertex -31.8 7.751719238845089 1.014111095767488
vertex -31.8 7.690635156837969 0.8518145830533782
endloop
endfacet
facet normal -1.0 0.0 -0.0
outer loop
vertex -31.8 6.128200443171045 1.3821897008035948
vertex -31.8 7.823287234938375 1.1720650290803534
vertex -31.8 7.751719238845089 1.014111095767488
endloop
endfacet
facet normal -1.0 0.0 -0.0
outer loop
vertex -31.8 6.128200443171045 1.3821897008035948
vertex -31.8 7.905032679971237 1.3249999999999997
vertex -31.8 7.823287234938375 1.1720650290803534
endloop
endfacet
facet normal -1.0 0.0 0.0
outer loop
vertex -31.8 6.128200443171045 1.3821897008035948
vertex -31.8 6.227318010201467 1.645538759169886
vertex -31.8 7.905032679971237 1.3249999999999997
endloop
endfacet
facet normal -1.0 0.0 0.0
outer loop
vertex -31.8 6.227318010201467 1.645538759169886
vertex -31.8 6.3434472114094405 1.9018413679417054
vertex -31.8 8.097613648228226 1.6132177868731097
endloop
endfacet
facet normal -1.0 0.0 0.0
outer loop
vertex -31.8 6.3434472114094405 1.9018413679417054
vertex -31.8 6.476090763726913 2.1499999999999995
vertex -31.8 8.326167029855648 1.8738329701443508
endloop
endfacet
facet normal -1.0 0.0 -0.0
outer loop
vertex -31.8 6.227318010201467 1.645538759169886
vertex -31.8 7.996605527398255 1.4722611175019458
vertex -31.8 7.905032679971237 1.3249999999999997
endloop
endfacet
facet normal -1.0 0.0 -0.0
outer loop
vertex -31.8 6.227318010201467 1.645538759169886
vertex -31.8 8.097613648228226 1.6132177868731097
vertex -31.8 7.996605527398255 1.4722611175019458
endloop
endfacet
facet normal -1.0 0.0 -0.0
outer loop
vertex -31.8 6.3434472114094405 1.9018413679417054
vertex -31.8 8.20762451018071 1.7472664100151825
vertex -31.8 8.097613648228226 1.6132177868731097
endloop
endfacet
facet normal -1.0 0.0 0.0
outer loop
vertex -31.8 6.476090763726913 2.1499999999999995
vertex -31.8 6.624680667099055 2.3889520019842894
vertex -31.8 8.58678221312689 2.102386351771773
endloop
endfacet
facet normal -1.0 0.0 0.0
outer loop
vertex -31.8 6.624680667099055 2.3889520019842894
vertex -31.8 6.788580636747689 2.617674144737499
vertex -31.8 9.027934970919645 2.3767127650616238
endloop
endfacet
facet normal -1.0 0.0 -0.0
outer loop
vertex -31.8 6.3434472114094405 1.9018413679417054
vertex -31.8 8.326167029855648 1.8738329701443508
vertex -31.8 8.20762451018071 1.7472664100151825
endloop
endfacet
facet normal -1.0 0.0 -0.0
outer loop
vertex -31.8 6.476090763726913 2.1499999999999995
vertex -31.8 8.452733589984817 1.99237548981929
vertex -31.8 8.326167029855648 1.8738329701443508
endloop
endfacet
facet normal -1.0 0.0 -0.0
outer loop
vertex -31.8 6.476090763726913 2.1499999999999995
vertex -31.8 8.58678221312689 2.102386351771773
vertex -31.8 8.452733589984817 1.99237548981929
endloop
endfacet
facet normal -1.0 0.0 -0.0
outer loop
vertex -31.8 6.624680667099055 2.3889520019842894
vertex -31.8 8.727738882498054 2.2033944726017447
vertex -31.8 8.58678221312689 2.102386351771773
endloop
endfacet
facet normal -1.0 0.0 -0.0
outer loop
vertex -31.8 6.624680667099055 2.3889520019842894
vertex -31.8 8.875 2.2949673200287624
vertex -31.8 8.727738882498054 2.2033944726017447
endloop
endfacet
facet normal -0.9999999999999999 0.0 -0.0
outer loop
vertex -31.8 6.624680667099055 2.3889520019842894
vertex -31.8 9.027934970919645 2.3767127650616238
vertex -31.8 8.875 2.2949673200287624
endloop
endfacet
facet normal -1.0 0.0 -0.0
outer loop
vertex -31.8 6.788580636747689 2.617674144737499
vertex -31.8 9.185888904232511 2.44828076115491
vertex -31.8 9.027934970919645 2.3767127650616238
endloop
endfacet
facet normal -1.0 0.0 0.0
outer loop
vertex -31.8 6.788580636747689 2.617674144737499
vertex -31.8 6.967088827840397 2.835187004930296
vertex -31.8 9.683010646657259 2.5990809930685606
endloop
endfacet
facet normal -1.0 0.0 -0.0
outer loop
vertex -31.8 6.788580636747689 2.617674144737499
vertex -31.8 9.34818541694662 2.50936484316203
vertex -31.8 9.185888904232511 2.44828076115491
endloop
endfacet
facet normal -1.0 0.0 -0.0
outer loop
vertex -31.8 6.788580636747689 2.617674144737499
vertex -31.8 9.51412953047832 2.559703439666031
vertex -31.8 9.34818541694662 2.50936484316203
endloop
endfacet
facet normal -1.0 0.0 -0.0
outer loop
vertex -31.8 6.788580636747689 2.617674144737499
vertex -31.8 9.683010646657259 2.5990809930685606
vertex -31.8 9.51412953047832 2.559703439666031
endloop
endfacet
facet normal -0.9999999999999999 0.0 -0.0
outer loop
vertex -31.8 6.967088827840397 2.835187004930296
vertex -31.8 9.854105590616863 2.6273288826405974
vertex -31.8 9.683010646657259 2.5990809930685606
endloop
endfacet
facet normal -1.0 0.0 -0.0
outer loop
vertex -31.8 6.967088827840397 2.835187004930296
vertex -31.8 10.02668170754012 2.644326146582299
vertex -31.8 9.854105590616863 2.6273288826405974
endloop
endfacet
facet normal -1.0 0.0 -0.0
outer loop
vertex -31.8 6.967088827840397 2.835187004930296
vertex -31.8 10.2 2.65
vertex -31.8 10.02668170754012 2.644326146582299
endloop
endfacet
facet normal -1.0 0.0 0.0
outer loop
vertex -31.8 6.967088827840397 2.835187004930296
vertex -31.8 7.159440840897846 3.040559159102154
vertex -31.8 13.432911172159603 2.835187004930296
endloop
endfacet
facet normal -1.0 0.0 0.0
outer loop
vertex -31.8 7.159440840897846 3.040559159102154
vertex -31.8 7.364812995069704 3.2329111721596027
vertex -31.8 13.240559159102153 3.040559159102154
endloop
endfacet
facet normal -1.0 0.0 0.0
outer loop
vertex -31.8 7.364812995069704 3.2329111721596027
vertex -31.8 7.5823258552625 3.411419363252311
vertex -31.8 13.035187004930295 3.2329111721596027
endloop
endfacet
facet normal -1.0 0.0 0.0
outer loop
vertex -31.8 7.5823258552625 3.411419363252311
vertex -31.8 7.8110479980157095 3.5753193329009445
vertex -31.8 12.817674144737499 3.411419363252311
endloop
endfacet
facet normal -1.0 0.0 0.0
outer loop
vertex -31.8 7.8110479980157095 3.5753193329009445
vertex -31.8 8.05 3.7239092362730863
vertex -31.8 12.588952001984289 3.5753193329009445
endloop
endfacet
facet normal -1.0 0.0 0.0
outer loop
vertex -31.8 8.05 3.7239092362730863
vertex -31.8 8.298158632058295 3.8565527885905593
vertex -31.8 12.349999999999998 3.7239092362730863
endloop
endfacet
facet normal -0.9999999999999999 0.0 0.0
outer loop
vertex -31.8 8.298158632058295 3.8565527885905593
vertex -31.8 8.554461240830113 3.9726819897985326
vertex -31.8 12.101841367941704 3.8565527885905593
endloop
endfacet
facet normal -1.0 -0.0 -0.0
outer loop
vertex -31.8 6.967088827840397 2.835187004930296
vertex -31.8 13.61141936325231 2.617674144737499
vertex -31.8 10.2 2.65
endloop
endfacet
facet normal -1.0 0.0 0.0
outer loop
vertex -31.8 8.554461240830113 3.9726819897985326
vertex -31.8 11.845538759169886 3.9726819897985326
vertex -31.8 12.101841367941704 3.8565527885905593
endloop
endfacet
facet normal -1.0 -0.0 -0.0
outer loop
vertex -31.8 10.2 2.65
vertex -31.8 13.61141936325231 2.617674144737499
vertex -31.8 10.373318292459878 2.644326146582299
endloop
endfacet
facet normal -1.0 -0.0 -0.0
outer loop
vertex -31.8 10.373318292459878 2.644326146582299
vertex -31.8 13.61141936325231 2.617674144737499
vertex -31.8 10.545894409383136 2.6273288826405974
endloop
endfacet
facet normal -0.9999999999999999 0.0 -0.0
outer loop
vertex -31.8 10.545894409383136 2.6273288826405974
vertex -31.8 13.61141936325231 2.617674144737499
vertex -31.8 10.71698935334274 2.5990809930685606
endloop
endfacet
facet normal -1.0 0.0 0.0
outer loop
vertex -31.8 7.159440840897846 3.040559159102154
vertex -31.8 13.240559159102153 3.040559159102154
vertex -31.8 13.432911172159603 2.835187004930296
endloop
endfacet
facet normal -1.0 0.0 0.0
outer loop
vertex -31.8 7.364812995069704 3.2329111721596027
vertex -31.8 13.035187004930295 3.2329111721596027
vertex -31.8 13.240559159102153 3.040559159102154
endloop
endfacet
facet normal -0.9999999999999999 0.0 0.0
outer loop
vertex -31.8 7.8110479980157095 3.5753193329009445
vertex -31.8 12.588952001984289 3.5753193329009445
vertex -31.8 12.817674144737499 3.411419363252311
endloop
endfacet
facet normal -1.0 0.0 0.0
outer loop
vertex -31.8 8.298158632058295 3.8565527885905593
vertex -31.8 12.101841367941704 3.8565527885905593
vertex -31.8 12.349999999999998 3.7239092362730863
endloop
endfacet
facet normal -1.0 0.0 0.0
outer loop
vertex -31.8 8.05 3.7239092362730863
vertex -31.8 12.349999999999998 3.7239092362730863
vertex -31.8 12.588952001984289 3.5753193329009445
endloop
endfacet
facet normal -1.0 0.0 0.0
outer loop
vertex -31.8 7.5823258552625 3.411419363252311
vertex -31.8 12.817674144737499 3.411419363252311
vertex -31.8 13.035187004930295 3.2329111721596027
endloop
endfacet
facet normal -1.0 0.0 0.0
outer loop
vertex -31.8 6.967088827840397 2.835187004930296
vertex -31.8 13.432911172159603 2.835187004930296
vertex -31.8 13.61141936325231 2.617674144737499
endloop
endfacet
facet normal -1.0 0.0 -0.0
outer loop
vertex -31.8 10.71698935334274 2.5990809930685606
vertex -31.8 13.61141936325231 2.617674144737499
vertex -31.8 10.885870469521679 2.559703439666031
endloop
endfacet
facet normal -1.0 0.0 -0.0
outer loop
vertex -31.8 10.885870469521679 2.559703439666031
vertex -31.8 13.61141936325231 2.617674144737499
vertex -31.8 11.051814583053378 2.50936484316203
endloop
endfacet
facet normal -1.0 -0.0 -0.0
outer loop
vertex -31.8 11.051814583053378 2.50936484316203
vertex -31.8 13.775319332900944 2.3889520019842894
vertex -31.8 11.214111095767487 2.44828076115491
endloop
endfacet
facet normal -1.0 0.0 -0.0
outer loop
vertex -31.8 11.214111095767487 2.44828076115491
vertex -31.8 13.775319332900944 2.3889520019842894
vertex -31.8 11.372065029080353 2.3767127650616238
endloop
endfacet
facet normal -0.9999999999999999 0.0 -0.0
outer loop
vertex -31.8 11.372065029080353 2.3767127650616238
vertex -31.8 13.775319332900944 2.3889520019842894
vertex -31.8 11.524999999999999 2.2949673200287624
endloop
endfacet
facet normal -1.0 -0.0 -0.0
outer loop
vertex -31.8 11.524999999999999 2.2949673200287624
vertex -31.8 13.923909236273087 2.1499999999999995
vertex -31.8 11.672261117501945 2.2033944726017447
endloop
endfacet
facet normal -1.0 0.0 -0.0
outer loop
vertex -31.8 11.672261117501945 2.2033944726017447
vertex -31.8 13.923909236273087 2.1499999999999995
vertex -31.8 11.813217786873109 2.102386351771773
endloop
endfacet
facet normal -1.0 0.0 0.0
outer loop
vertex -31.8 8.554461240830113 3.9726819897985326
vertex -31.8 8.817810299196404 4.071799556828954
vertex -31.8 11.845538759169886 3.9726819897985326
endloop
endfacet
facet normal -0.9999999999999999 0.0 0.0
outer loop
vertex -31.8 8.817810299196404 4.071799556828954
vertex -31.8 9.08707810605916 4.153481053042993
vertex -31.8 11.582189700803594 4.071799556828954
endloop
endfacet
facet normal -1.0 0.0 0.0
outer loop
vertex -31.8 9.08707810605916 4.153481053042993
vertex -31.8 9.361111615330648 4.217376705733891
vertex -31.8 11.312921893940839 4.153481053042993
endloop
endfacet
facet normal -1.0 0.0 0.0
outer loop
vertex -31.8 9.361111615330648 4.217376705733891
vertex -31.8 9.638737373453777 4.263212903907385
vertex -31.8 11.03888838466935 4.217376705733891
endloop
endfacet
facet normal -1.0 0.0 0.0
outer loop
vertex -31.8 9.638737373453777 4.263212903907385
vertex -31.8 9.918766544310385 4.290793369925995
vertex -31.8 10.761262626546221 4.263212903907385
endloop
endfacet
facet normal -1.0 0.0 0.0
outer loop
vertex -31.8 9.918766544310385 4.290793369925995
vertex -31.8 10.2 4.3
vertex -31.8 10.481233455689614 4.290793369925995
endloop
endfacet
facet normal -1.0 0.0 0.0
outer loop
vertex -31.8 9.918766544310385 4.290793369925995
vertex -31.8 10.481233455689614 4.290793369925995
vertex -31.8 10.761262626546221 4.263212903907385
endloop
endfacet
facet normal -1.0 0.0 0.0
outer loop
vertex -31.8 9.638737373453777 4.263212903907385
vertex -31.8 10.761262626546221 4.263212903907385
vertex -31.8 11.03888838466935 4.217376705733891
endloop
endfacet
facet normal -1.0 0.0 0.0
outer loop
vertex -31.8 9.08707810605916 4.153481053042993
vertex -31.8 11.312921893940839 4.153481053042993
vertex -31.8 11.582189700803594 4.071799556828954
endloop
endfacet
facet normal -1.0 0.0 0.0
outer loop
vertex -31.8 9.361111615330648 4.217376705733891
vertex -31.8 11.03888838466935 4.217376705733891
vertex -31.8 11.312921893940839 4.153481053042993
endloop
endfacet
facet normal -1.0 0.0 0.0
outer loop
vertex -31.8 8.817810299196404 4.071799556828954
vertex -31.8 11.582189700803594 4.071799556828954
vertex -31.8 11.845538759169886 3.9726819897985326
endloop
endfacet
facet normal -1.0 0.0 0.0
outer loop
vertex -31.8 14.271799556828952 -1.3821897008035948
vertex -31.8 12.494967320028762 -1.3249999999999997
vertex -31.8 12.576712765061624 -1.1720650290803534
endloop
endfacet
facet normal -1.0 0.0 0.0
outer loop
vertex -31.8 14.271799556828952 -1.3821897008035948
vertex -31.8 12.576712765061624 -1.1720650290803534
vertex -31.8 12.64828076115491 -1.014111095767488
endloop
endfacet
facet normal -1.0 0.0 0.0
outer loop
vertex -31.8 12.64828076115491 -1.014111095767488
vertex -31.8 12.70936484316203 -0.8518145830533782
vertex -31.8 14.353481053042993 -1.1129218939408392
endloop
endfacet
facet normal -1.0 0.0 0.0
outer loop
vertex -31.8 12.70936484316203 -0.8518145830533782
vertex -31.8 12.75970343966603 -0.68587046952168
vertex -31.8 14.353481053042993 -1.1129218939408392
endloop
endfacet
facet normal -1.0 0.0 0.0
outer loop
vertex -31.8 12.75970343966603 -0.68587046952168
vertex -31.8 12.79908099306856 -0.5169893533427399
vertex -31.8 14.41737670573389 -0.8388883846693515
endloop
endfacet
facet normal -1.0 0.0 0.0
outer loop
vertex -31.8 12.79908099306856 0.5169893533427399
vertex -31.8 12.75970343966603 0.68587046952168
vertex -31.8 14.463212903907383 0.5612626265462217
endloop
endfacet
facet normal -1.0 0.0 -0.0
outer loop
vertex -31.8 12.494967320028762 1.3249999999999997
vertex -31.8 14.271799556828952 1.3821897008035948
vertex -31.8 12.576712765061624 1.1720650290803534
endloop
endfacet
facet normal -1.0 0.0 -0.0
outer loop
vertex -31.8 12.70936484316203 0.8518145830533782
vertex -31.8 14.41737670573389 0.8388883846693515
vertex -31.8 12.75970343966603 0.68587046952168
endloop
endfacet
facet normal -1.0 0.0 0.0
outer loop
vertex -31.8 12.70936484316203 0.8518145830533782
vertex -31.8 12.64828076115491 1.014111095767488
vertex -31.8 14.41737670573389 0.8388883846693515
endloop
endfacet
facet normal -1.0 0.0 -0.0
outer loop
vertex -31.8 12.576712765061624 1.1720650290803534
vertex -31.8 14.353481053042993 1.1129218939408392
vertex -31.8 12.64828076115491 1.014111095767488
endloop
endfacet
facet normal -1.0 0.0 0.0
outer loop
vertex -31.8 14.271799556828952 -1.3821897008035948
vertex -31.8 12.64828076115491 -1.014111095767488
vertex -31.8 14.353481053042993 -1.1129218939408392
endloop
endfacet
facet normal -1.0 0.0 0.0
outer loop
vertex -31.8 12.79908099306856 -0.5169893533427399
vertex -31.8 12.827328882640597 -0.34589440938313665
vertex -31.8 14.463212903907383 -0.5612626265462217
endloop
endfacet
facet normal -1.0 0.0 0.0
outer loop
vertex -31.8 12.827328882640597 -0.34589440938313665
vertex -31.8 12.844326146582299 -0.17331829245987912
vertex -31.8 14.463212903907383 -0.5612626265462217
endloop
endfacet
facet normal -1.0 0.0 0.0
outer loop
vertex -31.8 12.844326146582299 -0.17331829245987912
vertex -31.8 12.85 0.0
vertex -31.8 14.490793369925994 -0.28123345568961516
endloop
endfacet
facet normal -1.0 0.0 -0.0
outer loop
vertex -31.8 12.75970343966603 -0.68587046952168
vertex -31.8 14.41737670573389 -0.8388883846693515
vertex -31.8 14.353481053042993 -1.1129218939408392
endloop
endfacet
facet normal -1.0 0.0 -0.0
outer loop
vertex -31.8 12.79908099306856 -0.5169893533427399
vertex -31.8 14.463212903907383 -0.5612626265462217
vertex -31.8 14.41737670573389 -0.8388883846693515
endloop
endfacet
facet normal -1.0 0.0 -0.0
outer loop
vertex -31.8 12.844326146582299 -0.17331829245987912
vertex -31.8 14.490793369925994 -0.28123345568961516
vertex -31.8 14.463212903907383 -0.5612626265462217
endloop
endfacet
facet normal -1.0 0.0 -0.0
outer loop
vertex -31.8 12.85 0.0
vertex -31.8 14.5 0.0
vertex -31.8 14.490793369925994 -0.28123345568961516
endloop
endfacet
facet normal -1.0 0.0 0.0
outer loop
vertex -31.8 12.85 0.0
vertex -31.8 12.844326146582299 0.17331829245987912
vertex -31.8 14.5 0.0
endloop
endfacet
facet normal -0.9999999999999999 0.0 0.0
outer loop
vertex -31.8 12.844326146582299 0.17331829245987912
vertex -31.8 12.827328882640597 0.34589440938313665
vertex -31.8 14.490793369925994 0.28123345568961516
endloop
endfacet
facet normal -1.0 0.0 0.0
outer loop
vertex -31.8 12.827328882640597 0.34589440938313665
vertex -31.8 12.79908099306856 0.5169893533427399
vertex -31.8 14.463212903907383 0.5612626265462217
endloop
endfacet
facet normal -1.0 0.0 0.0
outer loop
vertex -31.8 12.576712765061624 1.1720650290803534
vertex -31.8 14.271799556828952 1.3821897008035948
vertex -31.8 14.353481053042993 1.1129218939408392
endloop
endfacet
facet normal -1.0 0.0 0.0
outer loop
vertex -31.8 12.844326146582299 0.17331829245987912
vertex -31.8 14.490793369925994 0.28123345568961516
vertex -31.8 14.5 0.0
endloop
endfacet
facet normal -0.9999999999999999 0.0 0.0
outer loop
vertex -31.8 12.827328882640597 0.34589440938313665
vertex -31.8 14.463212903907383 0.5612626265462217
vertex -31.8 14.490793369925994 0.28123345568961516
endloop
endfacet
facet normal -0.9999999999999999 0.0 0.0
outer loop
vertex -31.8 12.75970343966603 0.68587046952168
vertex -31.8 14.41737670573389 0.8388883846693515
vertex -31.8 14.463212903907383 0.5612626265462217
endloop
endfacet
facet normal -1.0 0.0 0.0
outer loop
vertex -31.8 12.64828076115491 1.014111095767488
vertex -31.8 14.353481053042993 1.1129218939408392
vertex -31.8 14.41737670573389 0.8388883846693515
endloop
endfacet
facet normal -0.9999999999999999 0.0 0.0
outer loop
vertex -31.8 12.07383297014435 1.8738329701443508
vertex -31.8 11.947266410015182 1.99237548981929
vertex -31.8 14.056552788590558 1.9018413679417054
endloop
endfacet
facet normal -1.0 0.0 -0.0
outer loop
vertex -31.8 12.07383297014435 1.8738329701443508
vertex -31.8 14.056552788590558 1.9018413679417054
vertex -31.8 12.19237548981929 1.7472664100151825
endloop
endfacet
facet normal -1.0 0.0 0.0
outer loop
vertex -31.8 12.302386351771773 1.6132177868731097
vertex -31.8 12.19237548981929 1.7472664100151825
vertex -31.8 14.172681989798532 1.645538759169886
endloop
endfacet
facet normal -1.0 0.0 -0.0
outer loop
vertex -31.8 11.813217786873109 2.102386351771773
vertex -31.8 13.923909236273087 2.1499999999999995
vertex -31.8 11.947266410015182 1.99237548981929
endloop
endfacet
facet normal -1.0 0.0 0.0
outer loop
vertex -31.8 11.051814583053378 2.50936484316203
vertex -31.8 13.61141936325231 2.617674144737499
vertex -31.8 13.775319332900944 2.3889520019842894
endloop
endfacet
facet normal -1.0 0.0 -0.0
outer loop
vertex -31.8 12.302386351771773 1.6132177868731097
vertex -31.8 14.172681989798532 1.645538759169886
vertex -31.8 12.403394472601743 1.4722611175019458
endloop
endfacet
facet normal -0.9999999999999999 0.0 -0.0
outer loop
vertex -31.8 12.403394472601743 1.4722611175019458
vertex -31.8 14.271799556828952 1.3821897008035948
vertex -31.8 12.494967320028762 1.3249999999999997
endloop
endfacet
facet normal -1.0 0.0 0.0
outer loop
vertex -31.8 11.524999999999999 2.2949673200287624
vertex -31.8 13.775319332900944 2.3889520019842894
vertex -31.8 13.923909236273087 2.1499999999999995
endloop
endfacet
facet normal -1.0 0.0 0.0
outer loop
vertex -31.8 11.947266410015182 1.99237548981929
vertex -31.8 13.923909236273087 2.1499999999999995
vertex -31.8 14.056552788590558 1.9018413679417054
endloop
endfacet
facet normal -1.0 0.0 0.0
outer loop
vertex -31.8 12.19237548981929 1.7472664100151825
vertex -31.8 14.056552788590558 1.9018413679417054
vertex -31.8 14.172681989798532 1.645538759169886
endloop
endfacet
facet normal -1.0 0.0 0.0
outer loop
vertex -31.8 12.403394472601743 1.4722611175019458
vertex -31.8 14.172681989798532 1.645538759169886
vertex -31.8 14.271799556828952 1.3821897008035948
endloop
endfacet
facet normal -0.0 -0.9569403357322089 -0.29028467725446233
outer loop
vertex -31.8 6.128200443171045 -1.3821897008035948
vertex -24.2 6.046518946957006 -1.1129218939408392
vertex -31.8 6.046518946957006 -1.1129218939408392
endloop
endfacet
facet normal -0.0 -0.9738769792773336 -0.22707626303437342
outer loop
vertex -31.8 6.046518946957006 -1.1129218939408392
vertex -24.2 5.982623294266109 -0.8388883846693515
vertex -31.8 5.982623294266109 -0.8388883846693515
endloop
endfacet
facet normal -0.0 -0.986643332084879 -0.16289547339458946
outer loop
vertex -31.8 5.982623294266109 -0.8388883846693515
vertex -24.2 5.936787096092615 -0.5612626265462217
vertex -31.8 5.936787096092615 -0.5612626265462217
endloop
endfacet
facet normal -0.0 -0.9951847266721972 -0.09801714032955908
outer loop
vertex -31.8 5.936787096092615 -0.5612626265462217
vertex -24.2 5.909206630074005 -0.28123345568961516
vertex -31.8 5.909206630074005 -0.28123345568961516
endloop
endfacet
facet normal -0.0 -0.9994645874763655 -0.032719082821777275
outer loop
vertex -31.8 5.909206630074005 -0.28123345568961516
vertex -24.2 5.8999999999999995 0.0
vertex -31.8 5.8999999999999995 0.0
endloop
endfacet
facet normal 0.0 -0.9994645874763655 0.032719082821777275
outer loop
vertex -31.8 5.8999999999999995 0.0
vertex -24.2 5.909206630074005 0.28123345568961516
vertex -31.8 5.909206630074005 0.28123345568961516
endloop
endfacet
facet normal 0.0 -0.9951847266721972 0.09801714032955908
outer loop
vertex -31.8 5.909206630074005 0.28123345568961516
vertex -24.2 5.936787096092615 0.5612626265462217
vertex -31.8 5.936787096092615 0.5612626265462217
endloop
endfacet
facet normal 0.0 -0.986643332084879 0.16289547339458946
outer loop
vertex -31.8 5.936787096092615 0.5612626265462217
vertex -24.2 5.982623294266109 0.8388883846693515
vertex -31.8 5.982623294266109 0.8388883846693515
endloop
endfacet
facet normal 0.0 -0.9738769792773336 0.22707626303437342
outer loop
vertex -31.8 5.982623294266109 0.8388883846693515
vertex -24.2 6.046518946957006 1.1129218939408392
vertex -31.8 6.046518946957006 1.1129218939408392
endloop
endfacet
facet normal 0.0 -0.9569403357322089 0.29028467725446233
outer loop
vertex -31.8 6.046518946957006 1.1129218939408392
vertex -24.2 6.128200443171045 1.3821897008035948
vertex -31.8 6.128200443171045 1.3821897008035948
endloop
endfacet
facet normal 0.0 -0.9359059267573256 0.3522500479212338
outer loop
vertex -31.8 6.128200443171045 1.3821897008035948
vertex -24.2 6.227318010201467 1.645538759169886
vertex -31.8 6.227318010201467 1.645538759169886
endloop
endfacet
facet normal 0.0 -0.9108638249211751 0.412707029804396
outer loop
vertex -31.8 6.227318010201467 1.645538759169886
vertex -24.2 6.3434472114094405 1.9018413679417054
vertex -31.8 6.3434472114094405 1.9018413679417054
endloop
endfacet
facet normal 0.0 -0.8819212643483563 0.47139673682599553
outer loop
vertex -31.8 6.3434472114094405 1.9018413679417054
vertex -24.2 6.476090763726913 2.1499999999999995
vertex -31.8 6.476090763726913 2.1499999999999995
endloop
endfacet
facet normal 0.0 -0.8492021815265789 0.528067850650368
outer loop
vertex -31.8 6.476090763726913 2.1499999999999995
vertex -24.2 6.624680667099055 2.3889520019842894
vertex -31.8 6.624680667099055 2.3889520019842894
endloop
endfacet
facet normal 0.0 -0.8128466845916145 0.5824776968678033
outer loop
vertex -31.8 6.624680667099055 2.3889520019842894
vertex -24.2 6.788580636747689 2.617674144737499
vertex -31.8 6.788580636747689 2.617674144737499
endloop
endfacet
facet normal 0.0 -0.7730104533627378 0.6343932841636446
outer loop
vertex -31.8 6.788580636747689 2.617674144737499
vertex -24.2 6.967088827840397 2.835187004930296
vertex -31.8 6.967088827840397 2.835187004930296
endloop
endfacet
facet normal 0.0 -0.7298640726978345 0.6835923020228726
outer loop
vertex -31.8 6.967088827840397 2.835187004930296
vertex -24.2 7.159440840897846 3.040559159102154
vertex -31.8 7.159440840897846 3.040559159102154
endloop
endfacet
facet normal 0.0 -0.6835923020228717 0.7298640726978353
outer loop
vertex -31.8 7.159440840897846 3.040559159102154
vertex -24.2 7.364812995069704 3.2329111721596027
vertex -31.8 7.364812995069704 3.2329111721596027
endloop
endfacet
facet normal 0.0 -0.634393284163647 0.7730104533627357
outer loop
vertex -31.8 7.364812995069704 3.2329111721596027
vertex -24.2 7.5823258552625 3.411419363252311
vertex -31.8 7.5823258552625 3.411419363252311
endloop
endfacet
facet normal 0.0 -0.5824776968678023 0.8128466845916151
outer loop
vertex -31.8 7.5823258552625 3.411419363252311
vertex -24.2 7.8110479980157095 3.5753193329009445
vertex -31.8 7.8110479980157095 3.5753193329009445
endloop
endfacet
facet normal 0.0 -0.5280678506503659 0.8492021815265802
outer loop
vertex -31.8 7.8110479980157095 3.5753193329009445
vertex -24.2 8.05 3.7239092362730863
vertex -31.8 8.05 3.7239092362730863
endloop
endfacet
facet normal 0.0 -0.4713967368259971 0.8819212643483555
outer loop
vertex -31.8 8.05 3.7239092362730863
vertex -24.2 8.298158632058295 3.8565527885905593
vertex -31.8 8.298158632058295 3.8565527885905593
endloop
endfacet
facet normal 0.0 -0.412707029804396 0.9108638249211753
outer loop
vertex -31.8 8.298158632058295 3.8565527885905593
vertex -24.2 8.554461240830113 3.9726819897985326
vertex -31.8 8.554461240830113 3.9726819897985326
endloop
endfacet
facet normal 0.0 -0.3522500479212338 0.9359059267573256
outer loop
vertex -31.8 8.554461240830113 3.9726819897985326
vertex -24.2 8.817810299196404 4.071799556828954
vertex -31.8 8.817810299196404 4.071799556828954
endloop
endfacet
facet normal 0.0 -0.29028467725446255 0.9569403357322088
outer loop
vertex -31.8 8.817810299196404 4.071799556828954
vertex -24.2 9.08707810605916 4.153481053042993
vertex -31.8 9.08707810605916 4.153481053042993
endloop
endfacet
facet normal 0.0 -0.227076263034373 0.9738769792773336
outer loop
vertex -31.8 9.08707810605916 4.153481053042993
vertex -24.2 9.361111615330648 4.217376705733891
vertex -31.8 9.361111615330648 4.217376705733891
endloop
endfacet
facet normal 0.0 -0.16289547339458976 0.9866433320848789
outer loop
vertex -31.8 9.361111615330648 4.217376705733891
vertex -24.2 9.638737373453777 4.263212903907385
vertex -31.8 9.638737373453777 4.263212903907385
endloop
endfacet
facet normal 0.0 -0.09801714032955862 0.9951847266721972
outer loop
vertex -31.8 9.638737373453777 4.263212903907385
vertex -24.2 9.918766544310385 4.290793369925995
vertex -31.8 9.918766544310385 4.290793369925995
endloop
endfacet
facet normal 0.0 -0.03271908282177737 0.9994645874763656
outer loop
vertex -31.8 9.918766544310385 4.290793369925995
vertex -24.2 10.2 4.3
vertex -31.8 10.2 4.3
endloop
endfacet
facet normal 0.0 -0.9108638249211751 -0.412707029804396
outer loop
vertex -31.8 6.3434472114094405 -1.9018413679417054
vertex -24.2 6.3434472114094405 -1.9018413679417054
vertex -24.2 6.227318010201467 -1.645538759169886
endloop
endfacet
facet normal 0.0 -0.9359059267573256 -0.3522500479212338
outer loop
vertex -31.8 6.227318010201467 -1.645538759169886
vertex -24.2 6.227318010201467 -1.645538759169886
vertex -24.2 6.128200443171045 -1.3821897008035948
endloop
endfacet
facet normal 0.0 -0.8819212643483563 -0.47139673682599553
outer loop
vertex -31.8 6.476090763726913 -2.1499999999999995
vertex -24.2 6.476090763726913 -2.1499999999999995
vertex -24.2 6.3434472114094405 -1.9018413679417054
endloop
endfacet
facet normal 0.0 -0.8492021815265789 -0.528067850650368
outer loop
vertex -31.8 6.624680667099055 -2.3889520019842894
vertex -24.2 6.624680667099055 -2.3889520019842894
vertex -24.2 6.476090763726913 -2.1499999999999995
endloop
endfacet
facet normal 0.0 -0.7730104533627378 -0.6343932841636446
outer loop
vertex -31.8 6.967088827840397 -2.835187004930296
vertex -24.2 6.967088827840397 -2.835187004930296
vertex -24.2 6.788580636747689 -2.617674144737499
endloop
endfacet
facet normal 0.0 -0.7298640726978345 -0.6835923020228726
outer loop
vertex -31.8 7.159440840897846 -3.040559159102154
vertex -24.2 7.159440840897846 -3.040559159102154
vertex -24.2 6.967088827840397 -2.835187004930296
endloop
endfacet
facet normal 0.0 -0.634393284163647 -0.7730104533627357
outer loop
vertex -31.8 7.5823258552625 -3.411419363252311
vertex -24.2 7.5823258552625 -3.411419363252311
vertex -24.2 7.364812995069704 -3.2329111721596027
endloop
endfacet
facet normal 0.0 -0.6835923020228717 -0.7298640726978353
outer loop
vertex -31.8 7.364812995069704 -3.2329111721596027
vertex -24.2 7.364812995069704 -3.2329111721596027
vertex -24.2 7.159440840897846 -3.040559159102154
endloop
endfacet
facet normal 0.0 -0.8128466845916145 -0.5824776968678033
outer loop
vertex -31.8 6.788580636747689 -2.617674144737499
vertex -24.2 6.788580636747689 -2.617674144737499
vertex -24.2 6.624680667099055 -2.3889520019842894
endloop
endfacet
facet normal 0.0 -0.3522500479212338 -0.9359059267573256
outer loop
vertex -31.8 8.817810299196404 -4.071799556828954
vertex -24.2 8.817810299196404 -4.071799556828954
vertex -24.2 8.554461240830113 -3.9726819897985326
endloop
endfacet
facet normal 0.0 -0.29028467725446255 -0.9569403357322088
outer loop
vertex -31.8 9.08707810605916 -4.153481053042993
vertex -24.2 9.08707810605916 -4.153481053042993
vertex -24.2 8.817810299196404 -4.071799556828954
endloop
endfacet
facet normal 0.0 -0.5824776968678023 -0.8128466845916151
outer loop
vertex -31.8 7.8110479980157095 -3.5753193329009445
vertex -24.2 7.8110479980157095 -3.5753193329009445
vertex -24.2 7.5823258552625 -3.411419363252311
endloop
endfacet
facet normal 0.0 -0.5280678506503659 -0.8492021815265802
outer loop
vertex -31.8 8.05 -3.7239092362730863
vertex -24.2 8.05 -3.7239092362730863
vertex -24.2 7.8110479980157095 -3.5753193329009445
endloop
endfacet
facet normal 0.0 -0.4713967368259971 -0.8819212643483555
outer loop
vertex -31.8 8.298158632058295 -3.8565527885905593
vertex -24.2 8.298158632058295 -3.8565527885905593
vertex -24.2 8.05 -3.7239092362730863
endloop
endfacet
facet normal 0.0 -0.412707029804396 -0.9108638249211753
outer loop
vertex -31.8 8.554461240830113 -3.9726819897985326
vertex -24.2 8.554461240830113 -3.9726819897985326
vertex -24.2 8.298158632058295 -3.8565527885905593
endloop
endfacet
facet normal 0.0 -0.227076263034373 -0.9738769792773336
outer loop
vertex -31.8 9.361111615330648 -4.217376705733891
vertex -24.2 9.361111615330648 -4.217376705733891
vertex -24.2 9.08707810605916 -4.153481053042993
endloop
endfacet
facet normal 0.0 -0.16289547339458976 -0.9866433320848789
outer loop
vertex -31.8 9.638737373453777 -4.263212903907385
vertex -24.2 9.638737373453777 -4.263212903907385
vertex -24.2 9.361111615330648 -4.217376705733891
endloop
endfacet
facet normal 0.0 -0.09801714032955862 -0.9951847266721972
outer loop
vertex -31.8 9.918766544310385 -4.290793369925995
vertex -24.2 9.918766544310385 -4.290793369925995
vertex -24.2 9.638737373453777 -4.263212903907385
endloop
endfacet
facet normal 0.0 -0.03271908282177737 -0.9994645874763656
outer loop
vertex -31.8 10.2 -4.3
vertex -24.2 10.2 -4.3
vertex -24.2 9.918766544310385 -4.290793369925995
endloop
endfacet
facet normal 1.0 -0.0 0.0
outer loop
vertex -24.2 6.227318010201467 -1.645538759169886
vertex -24.2 6.3434472114094405 -1.9018413679417054
vertex -24.2 8.097613648228226 -1.6132177868731097
endloop
endfacet
facet normal 1.0 -0.0 0.0
outer loop
vertex -24.2 6.128200443171045 -1.3821897008035948
vertex -24.2 6.227318010201467 -1.645538759169886
vertex -24.2 7.905032679971237 -1.3249999999999997
endloop
endfacet
facet normal 1.0 0.0 -0.0
outer loop
vertex -24.2 6.476090763726913 -2.1499999999999995
vertex -24.2 8.326167029855648 -1.8738329701443508
vertex -24.2 6.3434472114094405 -1.9018413679417054
endloop
endfacet
facet normal 1.0 -0.0 0.0
outer loop
vertex -24.2 6.476090763726913 -2.1499999999999995
vertex -24.2 6.624680667099055 -2.3889520019842894
vertex -24.2 8.727738882498054 -2.2033944726017447
endloop
endfacet
facet normal 0.9999999999999999 -0.0 0.0
outer loop
vertex -24.2 6.624680667099055 -2.3889520019842894
vertex -24.2 6.788580636747689 -2.617674144737499
vertex -24.2 9.185888904232511 -2.44828076115491
endloop
endfacet
facet normal 1.0 0.0 -0.0
outer loop
vertex -24.2 6.3434472114094405 -1.9018413679417054
vertex -24.2 8.20762451018071 -1.7472664100151825
vertex -24.2 8.097613648228226 -1.6132177868731097
endloop
endfacet
facet normal 1.0 0.0 -0.0
outer loop
vertex -24.2 6.227318010201467 -1.645538759169886
vertex -24.2 8.097613648228226 -1.6132177868731097
vertex -24.2 7.996605527398255 -1.4722611175019458
endloop
endfacet
facet normal 1.0 0.0 -0.0
outer loop
vertex -24.2 6.227318010201467 -1.645538759169886
vertex -24.2 7.996605527398255 -1.4722611175019458
vertex -24.2 7.905032679971237 -1.3249999999999997
endloop
endfacet
facet normal 1.0 0.0 -0.0
outer loop
vertex -24.2 6.476090763726913 -2.1499999999999995
vertex -24.2 8.58678221312689 -2.102386351771773
vertex -24.2 8.452733589984817 -1.99237548981929
endloop
endfacet
facet normal 1.0 -0.0 -0.0
outer loop
vertex -24.2 6.476090763726913 -2.1499999999999995
vertex -24.2 8.727738882498054 -2.2033944726017447
vertex -24.2 8.58678221312689 -2.102386351771773
endloop
endfacet
facet normal 1.0 0.0 -0.0
outer loop
vertex -24.2 6.3434472114094405 -1.9018413679417054
vertex -24.2 8.326167029855648 -1.8738329701443508
vertex -24.2 8.20762451018071 -1.7472664100151825
endloop
endfacet
facet normal 1.0 0.0 -0.0
outer loop
vertex -24.2 6.476090763726913 -2.1499999999999995
vertex -24.2 8.452733589984817 -1.99237548981929
vertex -24.2 8.326167029855648 -1.8738329701443508
endloop
endfacet
facet normal 0.9999999999999999 0.0 -0.0
outer loop
vertex -24.2 6.624680667099055 -2.3889520019842894
vertex -24.2 9.027934970919645 -2.3767127650616238
vertex -24.2 8.875 -2.2949673200287624
endloop
endfacet
facet normal 1.0 0.0 -0.0
outer loop
vertex -24.2 6.624680667099055 -2.3889520019842894
vertex -24.2 8.875 -2.2949673200287624
vertex -24.2 8.727738882498054 -2.2033944726017447
endloop
endfacet
facet normal 1.0 -0.0 -0.0
outer loop
vertex -24.2 6.624680667099055 -2.3889520019842894
vertex -24.2 9.185888904232511 -2.44828076115491
vertex -24.2 9.027934970919645 -2.3767127650616238
endloop
endfacet
facet normal 1.0 -0.0 0.0
outer loop
vertex -24.2 7.159440840897846 -3.040559159102154
vertex -24.2 7.364812995069704 -3.2329111721596027
vertex -24.2 13.035187004930295 -3.2329111721596027
endloop
endfacet
facet normal 1.0 0.0 -0.0
outer loop
vertex -24.2 6.967088827840397 -2.835187004930296
vertex -24.2 13.432911172159603 -2.835187004930296
vertex -24.2 6.788580636747689 -2.617674144737499
endloop
endfacet
facet normal 1.0 -0.0 0.0
outer loop
vertex -24.2 6.967088827840397 -2.835187004930296
vertex -24.2 7.159440840897846 -3.040559159102154
vertex -24.2 13.240559159102153 -3.040559159102154
endloop
endfacet
facet normal 1.0 0.0 -0.0
outer loop
vertex -24.2 6.788580636747689 -2.617674144737499
vertex -24.2 9.34818541694662 -2.50936484316203
vertex -24.2 9.185888904232511 -2.44828076115491
endloop
endfacet
facet normal 1.0 0.0 -0.0
outer loop
vertex -24.2 6.788580636747689 -2.617674144737499
vertex -24.2 9.51412953047832 -2.559703439666031
vertex -24.2 9.34818541694662 -2.50936484316203
endloop
endfacet
facet normal 1.0 0.0 -0.0
outer loop
vertex -24.2 6.788580636747689 -2.617674144737499
vertex -24.2 9.683010646657259 -2.5990809930685606
vertex -24.2 9.51412953047832 -2.559703439666031
endloop
endfacet
facet normal 0.9999999999999999 -0.0 -0.0
outer loop
vertex -24.2 6.788580636747689 -2.617674144737499
vertex -24.2 9.854105590616863 -2.6273288826405974
vertex -24.2 9.683010646657259 -2.5990809930685606
endloop
endfacet
facet normal 1.0 -0.0 -0.0
outer loop
vertex -24.2 6.788580636747689 -2.617674144737499
vertex -24.2 10.02668170754012 -2.644326146582299
vertex -24.2 9.854105590616863 -2.6273288826405974
endloop
endfacet
facet normal 1.0 0.0 -0.0
outer loop
vertex -24.2 8.817810299196404 -4.071799556828954
vertex -24.2 11.582189700803594 -4.071799556828954
vertex -24.2 8.554461240830113 -3.9726819897985326
endloop
endfacet
facet normal 1.0 -0.0 0.0
outer loop
vertex -24.2 9.08707810605916 -4.153481053042993
vertex -24.2 9.361111615330648 -4.217376705733891
vertex -24.2 11.03888838466935 -4.217376705733891
endloop
endfacet
facet normal 1.0 -0.0 0.0
outer loop
vertex -24.2 8.817810299196404 -4.071799556828954
vertex -24.2 9.08707810605916 -4.153481053042993
vertex -24.2 11.312921893940839 -4.153481053042993
endloop
endfacet
facet normal 1.0 -0.0 0.0
outer loop
vertex -24.2 9.361111615330648 -4.217376705733891
vertex -24.2 9.638737373453777 -4.263212903907385
vertex -24.2 10.761262626546221 -4.263212903907385
endloop
endfacet
facet normal 1.0 -0.0 0.0
outer loop
vertex -24.2 9.638737373453777 -4.263212903907385
vertex -24.2 9.918766544310385 -4.290793369925995
vertex -24.2 10.481233455689614 -4.290793369925995
endloop
endfacet
facet normal 1.0 -0.0 0.0
outer loop
vertex -24.2 9.918766544310385 -4.290793369925995
vertex -24.2 10.2 -4.3
vertex -24.2 10.481233455689614 -4.290793369925995
endloop
endfacet
facet normal 1.0 -0.0 0.0
outer loop
vertex -24.2 9.638737373453777 -4.263212903907385
vertex -24.2 10.481233455689614 -4.290793369925995
vertex -24.2 10.761262626546221 -4.263212903907385
endloop
endfacet
facet normal 1.0 -0.0 0.0
outer loop
vertex -24.2 9.361111615330648 -4.217376705733891
vertex -24.2 10.761262626546221 -4.263212903907385
vertex -24.2 11.03888838466935 -4.217376705733891
endloop
endfacet
facet normal 1.0 -0.0 0.0
outer loop
vertex -24.2 9.08707810605916 -4.153481053042993
vertex -24.2 11.03888838466935 -4.217376705733891
vertex -24.2 11.312921893940839 -4.153481053042993
endloop
endfacet
facet normal 0.9999999999999999 -0.0 0.0
outer loop
vertex -24.2 8.817810299196404 -4.071799556828954
vertex -24.2 11.312921893940839 -4.153481053042993
vertex -24.2 11.582189700803594 -4.071799556828954
endloop
endfacet
facet normal 1.0 -0.0 0.0
outer loop
vertex -24.2 7.364812995069704 -3.2329111721596027
vertex -24.2 7.5823258552625 -3.411419363252311
vertex -24.2 12.817674144737499 -3.411419363252311
endloop
endfacet
facet normal 0.9999999999999999 -0.0 0.0
outer loop
vertex -24.2 7.5823258552625 -3.411419363252311
vertex -24.2 7.8110479980157095 -3.5753193329009445
vertex -24.2 12.588952001984289 -3.5753193329009445
endloop
endfacet
facet normal 1.0 -0.0 0.0
outer loop
vertex -24.2 7.8110479980157095 -3.5753193329009445
vertex -24.2 8.05 -3.7239092362730863
vertex -24.2 12.349999999999998 -3.7239092362730863
endloop
endfacet
facet normal 1.0 -0.0 0.0
outer loop
vertex -24.2 8.05 -3.7239092362730863
vertex -24.2 8.298158632058295 -3.8565527885905593
vertex -24.2 12.101841367941704 -3.8565527885905593
endloop
endfacet
facet normal 1.0 -0.0 0.0
outer loop
vertex -24.2 8.298158632058295 -3.8565527885905593
vertex -24.2 8.554461240830113 -3.9726819897985326
vertex -24.2 11.845538759169886 -3.9726819897985326
endloop
endfacet
facet normal 1.0 -0.0 -0.0
outer loop
vertex -24.2 6.788580636747689 -2.617674144737499
vertex -24.2 13.432911172159603 -2.835187004930296
vertex -24.2 10.02668170754012 -2.644326146582299
endloop
endfacet
facet normal 1.0 -0.0 0.0
outer loop
vertex -24.2 8.554461240830113 -3.9726819897985326
vertex -24.2 11.582189700803594 -4.071799556828954
vertex -24.2 11.845538759169886 -3.9726819897985326
endloop
endfacet
facet normal 0.9999999999999999 -0.0 0.0
outer loop
vertex -24.2 8.298158632058295 -3.8565527885905593
vertex -24.2 11.845538759169886 -3.9726819897985326
vertex -24.2 12.101841367941704 -3.8565527885905593
endloop
endfacet
facet normal 1.0 -0.0 0.0
outer loop
vertex -24.2 8.05 -3.7239092362730863
vertex -24.2 12.101841367941704 -3.8565527885905593
vertex -24.2 12.349999999999998 -3.7239092362730863
endloop
endfacet
facet normal 1.0 -0.0 0.0
outer loop
vertex -24.2 7.8110479980157095 -3.5753193329009445
vertex -24.2 12.349999999999998 -3.7239092362730863
vertex -24.2 12.588952001984289 -3.5753193329009445
endloop
endfacet
facet normal 1.0 -0.0 0.0
outer loop
vertex -24.2 7.5823258552625 -3.411419363252311
vertex -24.2 12.588952001984289 -3.5753193329009445
vertex -24.2 12.817674144737499 -3.411419363252311
endloop
endfacet
facet normal 1.0 -0.0 0.0
outer loop
vertex -24.2 7.364812995069704 -3.2329111721596027
vertex -24.2 12.817674144737499 -3.411419363252311
vertex -24.2 13.035187004930295 -3.2329111721596027
endloop
endfacet
facet normal 1.0 -0.0 0.0
outer loop
vertex -24.2 7.159440840897846 -3.040559159102154
vertex -24.2 13.035187004930295 -3.2329111721596027
vertex -24.2 13.240559159102153 -3.040559159102154
endloop
endfacet
facet normal 1.0 -0.0 0.0
outer loop
vertex -24.2 6.967088827840397 -2.835187004930296
vertex -24.2 13.240559159102153 -3.040559159102154
vertex -24.2 13.432911172159603 -2.835187004930296
endloop
endfacet
facet normal 1.0 -0.0 -0.0
outer loop
vertex -24.2 10.02668170754012 -2.644326146582299
vertex -24.2 13.432911172159603 -2.835187004930296
vertex -24.2 10.2 -2.65
endloop
endfacet
facet normal 1.0 -0.0 -0.0
outer loop
vertex -24.2 10.2 -2.65
vertex -24.2 13.432911172159603 -2.835187004930296
vertex -24.2 10.373318292459878 -2.644326146582299
endloop
endfacet
facet normal 1.0 -0.0 -0.0
outer loop
vertex -24.2 10.373318292459878 -2.644326146582299
vertex -24.2 13.432911172159603 -2.835187004930296
vertex -24.2 10.545894409383136 -2.6273288826405974
endloop
endfacet
facet normal 0.9999999999999999 0.0 -0.0
outer loop
vertex -24.2 10.545894409383136 -2.6273288826405974
vertex -24.2 13.61141936325231 -2.617674144737499
vertex -24.2 10.71698935334274 -2.5990809930685606
endloop
endfacet
facet normal 1.0 -0.0 -0.0
outer loop
vertex -24.2 10.71698935334274 -2.5990809930685606
vertex -24.2 13.61141936325231 -2.617674144737499
vertex -24.2 10.885870469521679 -2.559703439666031
endloop
endfacet
facet normal 1.0 -0.0 -0.0
outer loop
vertex -24.2 10.885870469521679 -2.559703439666031
vertex -24.2 13.61141936325231 -2.617674144737499
vertex -24.2 11.051814583053378 -2.50936484316203
endloop
endfacet
facet normal 1.0 -0.0 -0.0
outer loop
vertex -24.2 11.051814583053378 -2.50936484316203
vertex -24.2 13.61141936325231 -2.617674144737499
vertex -24.2 11.214111095767487 -2.44828076115491
endloop
endfacet
facet normal 1.0 0.0 -0.0
outer loop
vertex -24.2 11.214111095767487 -2.44828076115491
vertex -24.2 13.775319332900944 -2.3889520019842894
vertex -24.2 11.372065029080353 -2.3767127650616238
endloop
endfacet
facet normal 0.9999999999999999 -0.0 -0.0
outer loop
vertex -24.2 11.372065029080353 -2.3767127650616238
vertex -24.2 13.775319332900944 -2.3889520019842894
vertex -24.2 11.524999999999999 -2.2949673200287624
endloop
endfacet
facet normal 1.0 -0.0 -0.0
outer loop
vertex -24.2 11.524999999999999 -2.2949673200287624
vertex -24.2 13.775319332900944 -2.3889520019842894
vertex -24.2 11.672261117501945 -2.2033944726017447
endloop
endfacet
facet normal 1.0 0.0 -0.0
outer loop
vertex -24.2 11.672261117501945 -2.2033944726017447
vertex -24.2 13.923909236273087 -2.1499999999999995
vertex -24.2 11.813217786873109 -2.102386351771773
endloop
endfacet
facet normal 1.0 -0.0 0.0
outer loop
vertex -24.2 10.545894409383136 -2.6273288826405974
vertex -24.2 13.432911172159603 -2.835187004930296
vertex -24.2 13.61141936325231 -2.617674144737499
endloop
endfacet
facet normal 1.0 -0.0 -0.0
outer loop
vertex -24.2 11.813217786873109 -2.102386351771773
vertex -24.2 13.923909236273087 -2.1499999999999995
vertex -24.2 11.947266410015182 -1.99237548981929
endloop
endfacet
facet normal 0.9999999999999999 -0.0 0.0
outer loop
vertex -24.2 11.214111095767487 -2.44828076115491
vertex -24.2 13.61141936325231 -2.617674144737499
vertex -24.2 13.775319332900944 -2.3889520019842894
endloop
endfacet
facet normal 1.0 0.0 -0.0
outer loop
vertex -24.2 11.947266410015182 -1.99237548981929
vertex -24.2 14.056552788590558 -1.9018413679417054
vertex -24.2 12.07383297014435 -1.8738329701443508
endloop
endfacet
facet normal 1.0 -0.0 -0.0
outer loop
vertex -24.2 12.07383297014435 -1.8738329701443508
vertex -24.2 14.056552788590558 -1.9018413679417054
vertex -24.2 12.19237548981929 -1.7472664100151825
endloop
endfacet
facet normal 1.0 0.0 -0.0
outer loop
vertex -24.2 12.19237548981929 -1.7472664100151825
vertex -24.2 14.172681989798532 -1.645538759169886
vertex -24.2 12.302386351771773 -1.6132177868731097
endloop
endfacet
facet normal 1.0 -0.0 0.0
outer loop
vertex -24.2 11.672261117501945 -2.2033944726017447
vertex -24.2 13.775319332900944 -2.3889520019842894
vertex -24.2 13.923909236273087 -2.1499999999999995
endloop
endfacet
facet normal 1.0 -0.0 -0.0
outer loop
vertex -24.2 12.302386351771773 -1.6132177868731097
vertex -24.2 14.172681989798532 -1.645538759169886
vertex -24.2 12.403394472601743 -1.4722611175019458
endloop
endfacet
facet normal 0.9999999999999999 0.0 -0.0
outer loop
vertex -24.2 12.403394472601743 -1.4722611175019458
vertex -24.2 14.271799556828952 -1.3821897008035948
vertex -24.2 12.494967320028762 -1.3249999999999997
endloop
endfacet
facet normal 1.0 -0.0 0.0
outer loop
vertex -24.2 11.947266410015182 -1.99237548981929
vertex -24.2 13.923909236273087 -2.1499999999999995
vertex -24.2 14.056552788590558 -1.9018413679417054
endloop
endfacet
facet normal 1.0 -0.0 0.0
outer loop
vertex -24.2 12.19237548981929 -1.7472664100151825
vertex -24.2 14.056552788590558 -1.9018413679417054
vertex -24.2 14.172681989798532 -1.645538759169886
endloop
endfacet
facet normal 1.0 -0.0 0.0
outer loop
vertex -24.2 12.403394472601743 -1.4722611175019458
vertex -24.2 14.172681989798532 -1.645538759169886
vertex -24.2 14.271799556828952 -1.3821897008035948
endloop
endfacet
facet normal 0.0 -0.9569403357322089 -0.29028467725446233
outer loop
vertex -31.8 6.128200443171045 -1.3821897008035948
vertex -24.2 6.128200443171045 -1.3821897008035948
vertex -24.2 6.046518946957006 -1.1129218939408392
endloop
endfacet
facet normal 0.0 -0.9738769792773336 -0.22707626303437342
outer loop
vertex -31.8 6.046518946957006 -1.1129218939408392
vertex -24.2 6.046518946957006 -1.1129218939408392
vertex -24.2 5.982623294266109 -0.8388883846693515
endloop
endfacet
facet normal 0.0 -0.986643332084879 -0.16289547339458946
outer loop
vertex -31.8 5.982623294266109 -0.8388883846693515
vertex -24.2 5.982623294266109 -0.8388883846693515
vertex -24.2 5.936787096092615 -0.5612626265462217
endloop
endfacet
facet normal 0.0 -0.9951847266721972 -0.09801714032955908
outer loop
vertex -31.8 5.936787096092615 -0.5612626265462217
vertex -24.2 5.936787096092615 -0.5612626265462217
vertex -24.2 5.909206630074005 -0.28123345568961516
endloop
endfacet
facet normal 0.0 -0.9994645874763655 -0.032719082821777275
outer loop
vertex -31.8 5.909206630074005 -0.28123345568961516
vertex -24.2 5.909206630074005 -0.28123345568961516
vertex -24.2 5.8999999999999995 0.0
endloop
endfacet
facet normal 0.0 -0.9994645874763655 0.032719082821777275
outer loop
vertex -31.8 5.8999999999999995 0.0
vertex -24.2 5.8999999999999995 0.0
vertex -24.2 5.909206630074005 0.28123345568961516
endloop
endfacet
facet normal 0.0 -0.9951847266721972 0.09801714032955908
outer loop
vertex -31.8 5.909206630074005 0.28123345568961516
vertex -24.2 5.909206630074005 0.28123345568961516
vertex -24.2 5.936787096092615 0.5612626265462217
endloop
endfacet
facet normal 0.0 -0.986643332084879 0.16289547339458946
outer loop
vertex -31.8 5.936787096092615 0.5612626265462217
vertex -24.2 5.936787096092615 0.5612626265462217
vertex -24.2 5.982623294266109 0.8388883846693515
endloop
endfacet
facet normal 0.0 -0.9738769792773336 0.22707626303437342
outer loop
vertex -31.8 5.982623294266109 0.8388883846693515
vertex -24.2 5.982623294266109 0.8388883846693515
vertex -24.2 6.046518946957006 1.1129218939408392
endloop
endfacet
facet normal 0.0 -0.9569403357322089 0.29028467725446233
outer loop
vertex -31.8 6.046518946957006 1.1129218939408392
vertex -24.2 6.046518946957006 1.1129218939408392
vertex -24.2 6.128200443171045 1.3821897008035948
endloop
endfacet
facet normal 0.0 -0.9359059267573256 0.3522500479212338
outer loop
vertex -31.8 6.128200443171045 1.3821897008035948
vertex -24.2 6.128200443171045 1.3821897008035948
vertex -24.2 6.227318010201467 1.645538759169886
endloop
endfacet
facet normal 0.0 -0.9108638249211751 0.412707029804396
outer loop
vertex -31.8 6.227318010201467 1.645538759169886
vertex -24.2 6.227318010201467 1.645538759169886
vertex -24.2 6.3434472114094405 1.9018413679417054
endloop
endfacet
facet normal 0.0 -0.8819212643483563 0.47139673682599553
outer loop
vertex -31.8 6.3434472114094405 1.9018413679417054
vertex -24.2 6.3434472114094405 1.9018413679417054
vertex -24.2 6.476090763726913 2.1499999999999995
endloop
endfacet
facet normal 0.0 -0.8492021815265789 0.528067850650368
outer loop
vertex -31.8 6.476090763726913 2.1499999999999995
vertex -24.2 6.476090763726913 2.1499999999999995
vertex -24.2 6.624680667099055 2.3889520019842894
endloop
endfacet
facet normal 0.0 -0.8128466845916145 0.5824776968678033
outer loop
vertex -31.8 6.624680667099055 2.3889520019842894
vertex -24.2 6.624680667099055 2.3889520019842894
vertex -24.2 6.788580636747689 2.617674144737499
endloop
endfacet
facet normal 0.0 -0.7730104533627378 0.6343932841636446
outer loop
vertex -31.8 6.788580636747689 2.617674144737499
vertex -24.2 6.788580636747689 2.617674144737499
vertex -24.2 6.967088827840397 2.835187004930296
endloop
endfacet
facet normal 0.0 -0.7298640726978345 0.6835923020228726
outer loop
vertex -31.8 6.967088827840397 2.835187004930296
vertex -24.2 6.967088827840397 2.835187004930296
vertex -24.2 7.159440840897846 3.040559159102154
endloop
endfacet
facet normal 0.0 -0.6835923020228717 0.7298640726978353
outer loop
vertex -31.8 7.159440840897846 3.040559159102154
vertex -24.2 7.159440840897846 3.040559159102154
vertex -24.2 7.364812995069704 3.2329111721596027
endloop
endfacet
facet normal 0.0 -0.634393284163647 0.7730104533627357
outer loop
vertex -31.8 7.364812995069704 3.2329111721596027
vertex -24.2 7.364812995069704 3.2329111721596027
vertex -24.2 7.5823258552625 3.411419363252311
endloop
endfacet
facet normal 0.0 -0.5824776968678023 0.8128466845916151
outer loop
vertex -31.8 7.5823258552625 3.411419363252311
vertex -24.2 7.5823258552625 3.411419363252311
vertex -24.2 7.8110479980157095 3.5753193329009445
endloop
endfacet
facet normal 0.0 -0.5280678506503659 0.8492021815265802
outer loop
vertex -31.8 7.8110479980157095 3.5753193329009445
vertex -24.2 7.8110479980157095 3.5753193329009445
vertex -24.2 8.05 3.7239092362730863
endloop
endfacet
facet normal 0.0 -0.4713967368259971 0.8819212643483555
outer loop
vertex -31.8 8.05 3.7239092362730863
vertex -24.2 8.05 3.7239092362730863
vertex -24.2 8.298158632058295 3.8565527885905593
endloop
endfacet
facet normal 0.0 -0.412707029804396 0.9108638249211753
outer loop
vertex -31.8 8.298158632058295 3.8565527885905593
vertex -24.2 8.298158632058295 3.8565527885905593
vertex -24.2 8.554461240830113 3.9726819897985326
endloop
endfacet
facet normal 0.0 -0.3522500479212338 0.9359059267573256
outer loop
vertex -31.8 8.554461240830113 3.9726819897985326
vertex -24.2 8.554461240830113 3.9726819897985326
vertex -24.2 8.817810299196404 4.071799556828954
endloop
endfacet
facet normal 0.0 -0.29028467725446255 0.9569403357322088
outer loop
vertex -31.8 8.817810299196404 4.071799556828954
vertex -24.2 8.817810299196404 4.071799556828954
vertex -24.2 9.08707810605916 4.153481053042993
endloop
endfacet
facet normal 0.0 -0.227076263034373 0.9738769792773336
outer loop
vertex -31.8 9.08707810605916 4.153481053042993
vertex -24.2 9.08707810605916 4.153481053042993
vertex -24.2 9.361111615330648 4.217376705733891
endloop
endfacet
facet normal 0.0 -0.16289547339458976 0.9866433320848789
outer loop
vertex -31.8 9.361111615330648 4.217376705733891
vertex -24.2 9.361111615330648 4.217376705733891
vertex -24.2 9.638737373453777 4.263212903907385
endloop
endfacet
facet normal 0.0 -0.09801714032955862 0.9951847266721972
outer loop
vertex -31.8 9.638737373453777 4.263212903907385
vertex -24.2 9.638737373453777 4.263212903907385
vertex -24.2 9.918766544310385 4.290793369925995
endloop
endfacet
facet normal 0.0 -0.03271908282177737 0.9994645874763656
outer loop
vertex -31.8 9.918766544310385 4.290793369925995
vertex -24.2 9.918766544310385 4.290793369925995
vertex -24.2 10.2 4.3
endloop
endfacet
facet normal 1.0 0.0 -0.0
outer loop
vertex -24.2 6.128200443171045 -1.3821897008035948
vertex -24.2 7.751719238845089 -1.014111095767488
vertex -24.2 6.046518946957006 -1.1129218939408392
endloop
endfacet
facet normal 1.0 0.0 -0.0
outer loop
vertex -24.2 6.046518946957006 -1.1129218939408392
vertex -24.2 7.690635156837969 -0.8518145830533782
vertex -24.2 5.982623294266109 -0.8388883846693515
endloop
endfacet
facet normal 1.0 0.0 -0.0
outer loop
vertex -24.2 5.982623294266109 -0.8388883846693515
vertex -24.2 7.600919006931439 -0.5169893533427399
vertex -24.2 5.936787096092615 -0.5612626265462217
endloop
endfacet
facet normal 1.0 0.0 -0.0
outer loop
vertex -24.2 5.936787096092615 -0.5612626265462217
vertex -24.2 7.5556738534177 -0.17331829245987912
vertex -24.2 5.909206630074005 -0.28123345568961516
endloop
endfacet
facet normal 1.0 0.0 -0.0
outer loop
vertex -24.2 5.909206630074005 -0.28123345568961516
vertex -24.2 7.549999999999999 0.0
vertex -24.2 5.8999999999999995 0.0
endloop
endfacet
facet normal 1.0 0.0 -0.0
outer loop
vertex -24.2 5.8999999999999995 0.0
vertex -24.2 7.5556738534177 0.17331829245987912
vertex -24.2 5.909206630074005 0.28123345568961516
endloop
endfacet
facet normal 1.0 0.0 -0.0
outer loop
vertex -24.2 5.909206630074005 0.28123345568961516
vertex -24.2 7.572671117359402 0.34589440938313665
vertex -24.2 5.936787096092615 0.5612626265462217
endloop
endfacet
facet normal 1.0 0.0 -0.0
outer loop
vertex -24.2 5.936787096092615 0.5612626265462217
vertex -24.2 7.640296560333969 0.68587046952168
vertex -24.2 5.982623294266109 0.8388883846693515
endloop
endfacet
facet normal 1.0 0.0 -0.0
outer loop
vertex -24.2 5.982623294266109 0.8388883846693515
vertex -24.2 7.690635156837969 0.8518145830533782
vertex -24.2 6.046518946957006 1.1129218939408392
endloop
endfacet
facet normal 1.0 0.0 -0.0
outer loop
vertex -24.2 6.046518946957006 1.1129218939408392
vertex -24.2 7.823287234938375 1.1720650290803534
vertex -24.2 6.128200443171045 1.3821897008035948
endloop
endfacet
facet normal 1.0 -0.0 -0.0
outer loop
vertex -24.2 5.982623294266109 -0.8388883846693515
vertex -24.2 7.690635156837969 -0.8518145830533782
vertex -24.2 7.640296560333969 -0.68587046952168
endloop
endfacet
facet normal 1.0 0.0 -0.0
outer loop
vertex -24.2 5.936787096092615 -0.5612626265462217
vertex -24.2 7.600919006931439 -0.5169893533427399
vertex -24.2 7.572671117359402 -0.34589440938313665
endloop
endfacet
facet normal 1.0 0.0 -0.0
outer loop
vertex -24.2 5.936787096092615 -0.5612626265462217
vertex -24.2 7.572671117359402 -0.34589440938313665
vertex -24.2 7.5556738534177 -0.17331829245987912
endloop
endfacet
facet normal 1.0 0.0 -0.0
outer loop
vertex -24.2 5.982623294266109 -0.8388883846693515
vertex -24.2 7.640296560333969 -0.68587046952168
vertex -24.2 7.600919006931439 -0.5169893533427399
endloop
endfacet
facet normal 1.0 0.0 -0.0
outer loop
vertex -24.2 5.909206630074005 -0.28123345568961516
vertex -24.2 7.5556738534177 -0.17331829245987912
vertex -24.2 7.549999999999999 0.0
endloop
endfacet
facet normal 1.0 0.0 -0.0
outer loop
vertex -24.2 6.128200443171045 -1.3821897008035948
vertex -24.2 7.823287234938375 -1.1720650290803534
vertex -24.2 7.751719238845089 -1.014111095767488
endloop
endfacet
facet normal 1.0 0.0 -0.0
outer loop
vertex -24.2 6.128200443171045 -1.3821897008035948
vertex -24.2 7.905032679971237 -1.3249999999999997
vertex -24.2 7.823287234938375 -1.1720650290803534
endloop
endfacet
facet normal 1.0 0.0 -0.0
outer loop
vertex -24.2 6.046518946957006 -1.1129218939408392
vertex -24.2 7.751719238845089 -1.014111095767488
vertex -24.2 7.690635156837969 -0.8518145830533782
endloop
endfacet
facet normal 1.0 0.0 0.0
outer loop
vertex -24.2 5.8999999999999995 0.0
vertex -24.2 7.549999999999999 0.0
vertex -24.2 7.5556738534177 0.17331829245987912
endloop
endfacet
facet normal 1.0 -0.0 0.0
outer loop
vertex -24.2 5.909206630074005 0.28123345568961516
vertex -24.2 7.5556738534177 0.17331829245987912
vertex -24.2 7.572671117359402 0.34589440938313665
endloop
endfacet
facet normal 1.0 -0.0 0.0
outer loop
vertex -24.2 5.936787096092615 0.5612626265462217
vertex -24.2 7.572671117359402 0.34589440938313665
vertex -24.2 7.600919006931439 0.5169893533427399
endloop
endfacet
facet normal 1.0 -0.0 0.0
outer loop
vertex -24.2 5.936787096092615 0.5612626265462217
vertex -24.2 7.600919006931439 0.5169893533427399
vertex -24.2 7.640296560333969 0.68587046952168
endloop
endfacet
facet normal 1.0 -0.0 0.0
outer loop
vertex -24.2 5.982623294266109 0.8388883846693515
vertex -24.2 7.640296560333969 0.68587046952168
vertex -24.2 7.690635156837969 0.8518145830533782
endloop
endfacet
facet normal 1.0 -0.0 0.0
outer loop
vertex -24.2 6.046518946957006 1.1129218939408392
vertex -24.2 7.690635156837969 0.8518145830533782
vertex -24.2 7.751719238845089 1.014111095767488
endloop
endfacet
facet normal 1.0 -0.0 0.0
outer loop
vertex -24.2 6.046518946957006 1.1129218939408392
vertex -24.2 7.751719238845089 1.014111095767488
vertex -24.2 7.823287234938375 1.1720650290803534
endloop
endfacet
facet normal 1.0 -0.0 0.0
outer loop
vertex -24.2 6.128200443171045 1.3821897008035948
vertex -24.2 7.823287234938375 1.1720650290803534
vertex -24.2 7.905032679971237 1.3249999999999997
endloop
endfacet
facet normal 1.0 0.0 -0.0
outer loop
vertex -24.2 6.128200443171045 1.3821897008035948
vertex -24.2 7.996605527398255 1.4722611175019458
vertex -24.2 6.227318010201467 1.645538759169886
endloop
endfacet
facet normal 1.0 0.0 -0.0
outer loop
vertex -24.2 6.227318010201467 1.645538759169886
vertex -24.2 8.20762451018071 1.7472664100151825
vertex -24.2 6.3434472114094405 1.9018413679417054
endloop
endfacet
facet normal 1.0 0.0 -0.0
outer loop
vertex -24.2 6.3434472114094405 1.9018413679417054
vertex -24.2 8.452733589984817 1.99237548981929
vertex -24.2 6.476090763726913 2.1499999999999995
endloop
endfacet
facet normal 1.0 -0.0 0.0
outer loop
vertex -24.2 6.128200443171045 1.3821897008035948
vertex -24.2 7.905032679971237 1.3249999999999997
vertex -24.2 7.996605527398255 1.4722611175019458
endloop
endfacet
facet normal 1.0 -0.0 0.0
outer loop
vertex -24.2 6.227318010201467 1.645538759169886
vertex -24.2 7.996605527398255 1.4722611175019458
vertex -24.2 8.097613648228226 1.6132177868731097
endloop
endfacet
facet normal 1.0 -0.0 0.0
outer loop
vertex -24.2 6.227318010201467 1.645538759169886
vertex -24.2 8.097613648228226 1.6132177868731097
vertex -24.2 8.20762451018071 1.7472664100151825
endloop
endfacet
facet normal 1.0 0.0 -0.0
outer loop
vertex -24.2 6.476090763726913 2.1499999999999995
vertex -24.2 8.727738882498054 2.2033944726017447
vertex -24.2 6.624680667099055 2.3889520019842894
endloop
endfacet
facet normal 0.9999999999999999 0.0 -0.0
outer loop
vertex -24.2 6.624680667099055 2.3889520019842894
vertex -24.2 9.185888904232511 2.44828076115491
vertex -24.2 6.788580636747689 2.617674144737499
endloop
endfacet
facet normal 1.0 -0.0 0.0
outer loop
vertex -24.2 6.3434472114094405 1.9018413679417054
vertex -24.2 8.20762451018071 1.7472664100151825
vertex -24.2 8.326167029855648 1.8738329701443508
endloop
endfacet
facet normal 0.9999999999999999 -0.0 0.0
outer loop
vertex -24.2 6.3434472114094405 1.9018413679417054
vertex -24.2 8.326167029855648 1.8738329701443508
vertex -24.2 8.452733589984817 1.99237548981929
endloop
endfacet
facet normal 1.0 -0.0 0.0
outer loop
vertex -24.2 6.476090763726913 2.1499999999999995
vertex -24.2 8.452733589984817 1.99237548981929
vertex -24.2 8.58678221312689 2.102386351771773
endloop
endfacet
facet normal 1.0 -0.0 0.0
outer loop
vertex -24.2 6.476090763726913 2.1499999999999995
vertex -24.2 8.58678221312689 2.102386351771773
vertex -24.2 8.727738882498054 2.2033944726017447
endloop
endfacet
facet normal 1.0 -0.0 0.0
outer loop
vertex -24.2 6.624680667099055 2.3889520019842894
vertex -24.2 8.727738882498054 2.2033944726017447
vertex -24.2 8.875 2.2949673200287624
endloop
endfacet
facet normal 0.9999999999999999 -0.0 0.0
outer loop
vertex -24.2 6.624680667099055 2.3889520019842894
vertex -24.2 8.875 2.2949673200287624
vertex -24.2 9.027934970919645 2.3767127650616238
endloop
endfacet
facet normal 1.0 -0.0 0.0
outer loop
vertex -24.2 6.624680667099055 2.3889520019842894
vertex -24.2 9.027934970919645 2.3767127650616238
vertex -24.2 9.185888904232511 2.44828076115491
endloop
endfacet
facet normal 1.0 0.0 -0.0
outer loop
vertex -24.2 6.788580636747689 2.617674144737499
vertex -24.2 9.854105590616863 2.6273288826405974
vertex -24.2 6.967088827840397 2.835187004930296
endloop
endfacet
facet normal 1.0 -0.0 0.0
outer loop
vertex -24.2 6.788580636747689 2.617674144737499
vertex -24.2 9.185888904232511 2.44828076115491
vertex -24.2 9.34818541694662 2.50936484316203
endloop
endfacet
facet normal 1.0 -0.0 0.0
outer loop
vertex -24.2 6.788580636747689 2.617674144737499
vertex -24.2 9.34818541694662 2.50936484316203
vertex -24.2 9.51412953047832 2.559703439666031
endloop
endfacet
facet normal 1.0 -0.0 0.0
outer loop
vertex -24.2 6.788580636747689 2.617674144737499
vertex -24.2 9.51412953047832 2.559703439666031
vertex -24.2 9.683010646657259 2.5990809930685606
endloop
endfacet
facet normal 0.9999999999999999 -0.0 0.0
outer loop
vertex -24.2 6.788580636747689 2.617674144737499
vertex -24.2 9.683010646657259 2.5990809930685606
vertex -24.2 9.854105590616863 2.6273288826405974
endloop
endfacet
facet normal 1.0 -0.0 0.0
outer loop
vertex -24.2 6.967088827840397 2.835187004930296
vertex -24.2 9.854105590616863 2.6273288826405974
vertex -24.2 10.02668170754012 2.644326146582299
endloop
endfacet
facet normal 1.0 -0.0 0.0
outer loop
vertex -24.2 6.967088827840397 2.835187004930296
vertex -24.2 10.02668170754012 2.644326146582299
vertex -24.2 10.2 2.65
endloop
endfacet
facet normal 0.9999999999999999 0.0 0.0
outer loop
vertex -24.2 6.967088827840397 2.835187004930296
vertex -24.2 10.2 2.65
vertex -24.2 10.373318292459878 2.644326146582299
endloop
endfacet
facet normal 1.0 0.0 -0.0
outer loop
vertex -24.2 6.967088827840397 2.835187004930296
vertex -24.2 13.432911172159603 2.835187004930296
vertex -24.2 7.159440840897846 3.040559159102154
endloop
endfacet
facet normal 1.0 0.0 -0.0
outer loop
vertex -24.2 7.159440840897846 3.040559159102154
vertex -24.2 13.240559159102153 3.040559159102154
vertex -24.2 7.364812995069704 3.2329111721596027
endloop
endfacet
facet normal 1.0 0.0 -0.0
outer loop
vertex -24.2 7.364812995069704 3.2329111721596027
vertex -24.2 13.035187004930295 3.2329111721596027
vertex -24.2 7.5823258552625 3.411419363252311
endloop
endfacet
facet normal 1.0 0.0 -0.0
outer loop
vertex -24.2 7.5823258552625 3.411419363252311
vertex -24.2 12.817674144737499 3.411419363252311
vertex -24.2 7.8110479980157095 3.5753193329009445
endloop
endfacet
facet normal 1.0 0.0 -0.0
outer loop
vertex -24.2 7.8110479980157095 3.5753193329009445
vertex -24.2 12.588952001984289 3.5753193329009445
vertex -24.2 8.05 3.7239092362730863
endloop
endfacet
facet normal 1.0 0.0 -0.0
outer loop
vertex -24.2 8.05 3.7239092362730863
vertex -24.2 12.349999999999998 3.7239092362730863
vertex -24.2 8.298158632058295 3.8565527885905593
endloop
endfacet
facet normal 0.9999999999999999 0.0 -0.0
outer loop
vertex -24.2 8.298158632058295 3.8565527885905593
vertex -24.2 12.101841367941704 3.8565527885905593
vertex -24.2 8.554461240830113 3.9726819897985326
endloop
endfacet
facet normal 1.0 0.0 0.0
outer loop
vertex -24.2 6.967088827840397 2.835187004930296
vertex -24.2 10.373318292459878 2.644326146582299
vertex -24.2 13.61141936325231 2.617674144737499
endloop
endfacet
facet normal 1.0 -0.0 -0.0
outer loop
vertex -24.2 8.554461240830113 3.9726819897985326
vertex -24.2 12.101841367941704 3.8565527885905593
vertex -24.2 11.845538759169886 3.9726819897985326
endloop
endfacet
facet normal 1.0 0.0 0.0
outer loop
vertex -24.2 10.373318292459878 2.644326146582299
vertex -24.2 10.545894409383136 2.6273288826405974
vertex -24.2 13.61141936325231 2.617674144737499
endloop
endfacet
facet normal 0.9999999999999999 -0.0 0.0
outer loop
vertex -24.2 10.545894409383136 2.6273288826405974
vertex -24.2 10.71698935334274 2.5990809930685606
vertex -24.2 13.61141936325231 2.617674144737499
endloop
endfacet
facet normal 1.0 -0.0 -0.0
outer loop
vertex -24.2 7.159440840897846 3.040559159102154
vertex -24.2 13.432911172159603 2.835187004930296
vertex -24.2 13.240559159102153 3.040559159102154
endloop
endfacet
facet normal 1.0 -0.0 -0.0
outer loop
vertex -24.2 7.364812995069704 3.2329111721596027
vertex -24.2 13.240559159102153 3.040559159102154
vertex -24.2 13.035187004930295 3.2329111721596027
endloop
endfacet
facet normal 0.9999999999999999 -0.0 -0.0
outer loop
vertex -24.2 7.8110479980157095 3.5753193329009445
vertex -24.2 12.817674144737499 3.411419363252311
vertex -24.2 12.588952001984289 3.5753193329009445
endloop
endfacet
facet normal 1.0 -0.0 -0.0
outer loop
vertex -24.2 8.298158632058295 3.8565527885905593
vertex -24.2 12.349999999999998 3.7239092362730863
vertex -24.2 12.101841367941704 3.8565527885905593
endloop
endfacet
facet normal 1.0 -0.0 -0.0
outer loop
vertex -24.2 8.05 3.7239092362730863
vertex -24.2 12.588952001984289 3.5753193329009445
vertex -24.2 12.349999999999998 3.7239092362730863
endloop
endfacet
facet normal 1.0 -0.0 -0.0
outer loop
vertex -24.2 7.5823258552625 3.411419363252311
vertex -24.2 13.035187004930295 3.2329111721596027
vertex -24.2 12.817674144737499 3.411419363252311
endloop
endfacet
facet normal 1.0 -0.0 -0.0
outer loop
vertex -24.2 6.967088827840397 2.835187004930296
vertex -24.2 13.61141936325231 2.617674144737499
vertex -24.2 13.432911172159603 2.835187004930296
endloop
endfacet
facet normal 1.0 -0.0 0.0
outer loop
vertex -24.2 10.71698935334274 2.5990809930685606
vertex -24.2 10.885870469521679 2.559703439666031
vertex -24.2 13.61141936325231 2.617674144737499
endloop
endfacet
facet normal 1.0 -0.0 0.0
outer loop
vertex -24.2 10.885870469521679 2.559703439666031
vertex -24.2 11.051814583053378 2.50936484316203
vertex -24.2 13.61141936325231 2.617674144737499
endloop
endfacet
facet normal 1.0 -0.0 0.0
outer loop
vertex -24.2 11.051814583053378 2.50936484316203
vertex -24.2 11.214111095767487 2.44828076115491
vertex -24.2 13.61141936325231 2.617674144737499
endloop
endfacet
facet normal 1.0 -0.0 0.0
outer loop
vertex -24.2 11.214111095767487 2.44828076115491
vertex -24.2 11.372065029080353 2.3767127650616238
vertex -24.2 13.775319332900944 2.3889520019842894
endloop
endfacet
facet normal 0.9999999999999999 -0.0 0.0
outer loop
vertex -24.2 11.372065029080353 2.3767127650616238
vertex -24.2 11.524999999999999 2.2949673200287624
vertex -24.2 13.775319332900944 2.3889520019842894
endloop
endfacet
facet normal 1.0 -0.0 0.0
outer loop
vertex -24.2 11.524999999999999 2.2949673200287624
vertex -24.2 11.672261117501945 2.2033944726017447
vertex -24.2 13.775319332900944 2.3889520019842894
endloop
endfacet
facet normal 1.0 -0.0 0.0
outer loop
vertex -24.2 11.672261117501945 2.2033944726017447
vertex -24.2 11.813217786873109 2.102386351771773
vertex -24.2 13.923909236273087 2.1499999999999995
endloop
endfacet
facet normal 1.0 0.0 -0.0
outer loop
vertex -24.2 8.554461240830113 3.9726819897985326
vertex -24.2 11.845538759169886 3.9726819897985326
vertex -24.2 8.817810299196404 4.071799556828954
endloop
endfacet
facet normal 1.0 0.0 -0.0
outer loop
vertex -24.2 8.817810299196404 4.071799556828954
vertex -24.2 11.582189700803594 4.071799556828954
vertex -24.2 9.08707810605916 4.153481053042993
endloop
endfacet
facet normal 1.0 0.0 -0.0
outer loop
vertex -24.2 9.08707810605916 4.153481053042993
vertex -24.2 11.312921893940839 4.153481053042993
vertex -24.2 9.361111615330648 4.217376705733891
endloop
endfacet
facet normal 1.0 0.0 -0.0
outer loop
vertex -24.2 9.361111615330648 4.217376705733891
vertex -24.2 11.03888838466935 4.217376705733891
vertex -24.2 9.638737373453777 4.263212903907385
endloop
endfacet
facet normal 1.0 0.0 -0.0
outer loop
vertex -24.2 9.638737373453777 4.263212903907385
vertex -24.2 10.761262626546221 4.263212903907385
vertex -24.2 9.918766544310385 4.290793369925995
endloop
endfacet
facet normal 1.0 0.0 -0.0
outer loop
vertex -24.2 9.918766544310385 4.290793369925995
vertex -24.2 10.481233455689614 4.290793369925995
vertex -24.2 10.2 4.3
endloop
endfacet
facet normal 1.0 -0.0 -0.0
outer loop
vertex -24.2 9.918766544310385 4.290793369925995
vertex -24.2 10.761262626546221 4.263212903907385
vertex -24.2 10.481233455689614 4.290793369925995
endloop
endfacet
facet normal 0.9999999999999999 -0.0 -0.0
outer loop
vertex -24.2 9.638737373453777 4.263212903907385
vertex -24.2 11.03888838466935 4.217376705733891
vertex -24.2 10.761262626546221 4.263212903907385
endloop
endfacet
facet normal 1.0 -0.0 -0.0
outer loop
vertex -24.2 9.08707810605916 4.153481053042993
vertex -24.2 11.582189700803594 4.071799556828954
vertex -24.2 11.312921893940839 4.153481053042993
endloop
endfacet
facet normal 1.0 -0.0 -0.0
outer loop
vertex -24.2 9.361111615330648 4.217376705733891
vertex -24.2 11.312921893940839 4.153481053042993
vertex -24.2 11.03888838466935 4.217376705733891
endloop
endfacet
facet normal 1.0 -0.0 -0.0
outer loop
vertex -24.2 8.817810299196404 4.071799556828954
vertex -24.2 11.845538759169886 3.9726819897985326
vertex -24.2 11.582189700803594 4.071799556828954
endloop
endfacet
facet normal 1.0 0.0 0.0
outer loop
vertex -24.2 14.271799556828952 -1.3821897008035948
vertex -24.2 12.576712765061624 -1.1720650290803534
vertex -24.2 12.494967320028762 -1.3249999999999997
endloop
endfacet
facet normal 1.0 0.0 -0.0
outer loop
vertex -24.2 12.576712765061624 -1.1720650290803534
vertex -24.2 14.353481053042993 -1.1129218939408392
vertex -24.2 12.64828076115491 -1.014111095767488
endloop
endfacet
facet normal 1.0 -0.0 -0.0
outer loop
vertex -24.2 12.64828076115491 -1.014111095767488
vertex -24.2 14.353481053042993 -1.1129218939408392
vertex -24.2 12.70936484316203 -0.8518145830533782
endloop
endfacet
facet normal 1.0 0.0 -0.0
outer loop
vertex -24.2 12.70936484316203 -0.8518145830533782
vertex -24.2 14.41737670573389 -0.8388883846693515
vertex -24.2 12.75970343966603 -0.68587046952168
endloop
endfacet
facet normal 1.0 0.0 -0.0
outer loop
vertex -24.2 12.75970343966603 -0.68587046952168
vertex -24.2 14.463212903907383 -0.5612626265462217
vertex -24.2 12.79908099306856 -0.5169893533427399
endloop
endfacet
facet normal 1.0 -0.0 0.0
outer loop
vertex -24.2 12.494967320028762 1.3249999999999997
vertex -24.2 12.576712765061624 1.1720650290803534
vertex -24.2 14.271799556828952 1.3821897008035948
endloop
endfacet
facet normal 1.0 -0.0 0.0
outer loop
vertex -24.2 12.70936484316203 0.8518145830533782
vertex -24.2 12.75970343966603 0.68587046952168
vertex -24.2 14.41737670573389 0.8388883846693515
endloop
endfacet
facet normal 1.0 0.0 -0.0
outer loop
vertex -24.2 12.79908099306856 0.5169893533427399
vertex -24.2 14.41737670573389 0.8388883846693515
vertex -24.2 12.75970343966603 0.68587046952168
endloop
endfacet
facet normal 1.0 0.0 -0.0
outer loop
vertex -24.2 12.70936484316203 0.8518145830533782
vertex -24.2 14.353481053042993 1.1129218939408392
vertex -24.2 12.64828076115491 1.014111095767488
endloop
endfacet
facet normal 1.0 -0.0 0.0
outer loop
vertex -24.2 12.576712765061624 1.1720650290803534
vertex -24.2 12.64828076115491 1.014111095767488
vertex -24.2 14.271799556828952 1.3821897008035948
endloop
endfacet
facet normal 1.0 0.0 -0.0
outer loop
vertex -24.2 14.271799556828952 -1.3821897008035948
vertex -24.2 14.353481053042993 -1.1129218939408392
vertex -24.2 12.576712765061624 -1.1720650290803534
endloop
endfacet
facet normal 1.0 -0.0 -0.0
outer loop
vertex -24.2 12.79908099306856 -0.5169893533427399
vertex -24.2 14.463212903907383 -0.5612626265462217
vertex -24.2 12.827328882640597 -0.34589440938313665
endloop
endfacet
facet normal 1.0 0.0 -0.0
outer loop
vertex -24.2 12.827328882640597 -0.34589440938313665
vertex -24.2 14.490793369925994 -0.28123345568961516
vertex -24.2 12.844326146582299 -0.17331829245987912
endloop
endfacet
facet normal 1.0 0.0 -0.0
outer loop
vertex -24.2 12.844326146582299 -0.17331829245987912
vertex -24.2 14.5 0.0
vertex -24.2 12.85 0.0
endloop
endfacet
facet normal 1.0 -0.0 0.0
outer loop
vertex -24.2 12.70936484316203 -0.8518145830533782
vertex -24.2 14.353481053042993 -1.1129218939408392
vertex -24.2 14.41737670573389 -0.8388883846693515
endloop
endfacet
facet normal 0.9999999999999999 -0.0 0.0
outer loop
vertex -24.2 12.75970343966603 -0.68587046952168
vertex -24.2 14.41737670573389 -0.8388883846693515
vertex -24.2 14.463212903907383 -0.5612626265462217
endloop
endfacet
facet normal 0.9999999999999999 -0.0 0.0
outer loop
vertex -24.2 12.827328882640597 -0.34589440938313665
vertex -24.2 14.463212903907383 -0.5612626265462217
vertex -24.2 14.490793369925994 -0.28123345568961516
endloop
endfacet
facet normal 1.0 -0.0 0.0
outer loop
vertex -24.2 12.844326146582299 -0.17331829245987912
vertex -24.2 14.490793369925994 -0.28123345568961516
vertex -24.2 14.5 0.0
endloop
endfacet
facet normal 1.0 0.0 -0.0
outer loop
vertex -24.2 12.85 0.0
vertex -24.2 14.490793369925994 0.28123345568961516
vertex -24.2 12.844326146582299 0.17331829245987912
endloop
endfacet
facet normal 1.0 0.0 -0.0
outer loop
vertex -24.2 12.844326146582299 0.17331829245987912
vertex -24.2 14.463212903907383 0.5612626265462217
vertex -24.2 12.827328882640597 0.34589440938313665
endloop
endfacet
facet normal 1.0 0.0 -0.0
outer loop
vertex -24.2 12.827328882640597 0.34589440938313665
vertex -24.2 14.463212903907383 0.5612626265462217
vertex -24.2 12.79908099306856 0.5169893533427399
endloop
endfacet
facet normal 1.0 0.0 -0.0
outer loop
vertex -24.2 12.64828076115491 1.014111095767488
vertex -24.2 14.353481053042993 1.1129218939408392
vertex -24.2 14.271799556828952 1.3821897008035948
endloop
endfacet
facet normal 1.0 0.0 -0.0
outer loop
vertex -24.2 12.85 0.0
vertex -24.2 14.5 0.0
vertex -24.2 14.490793369925994 0.28123345568961516
endloop
endfacet
facet normal 1.0 0.0 -0.0
outer loop
vertex -24.2 12.844326146582299 0.17331829245987912
vertex -24.2 14.490793369925994 0.28123345568961516
vertex -24.2 14.463212903907383 0.5612626265462217
endloop
endfacet
facet normal 1.0 0.0 -0.0
outer loop
vertex -24.2 12.79908099306856 0.5169893533427399
vertex -24.2 14.463212903907383 0.5612626265462217
vertex -24.2 14.41737670573389 0.8388883846693515
endloop
endfacet
facet normal 1.0 -0.0 -0.0
outer loop
vertex -24.2 12.70936484316203 0.8518145830533782
vertex -24.2 14.41737670573389 0.8388883846693515
vertex -24.2 14.353481053042993 1.1129218939408392
endloop
endfacet
facet normal 1.0 -0.0 0.0
outer loop
vertex -24.2 12.07383297014435 1.8738329701443508
vertex -24.2 12.19237548981929 1.7472664100151825
vertex -24.2 14.056552788590558 1.9018413679417054
endloop
endfacet
facet normal 1.0 0.0 -0.0
outer loop
vertex -24.2 12.302386351771773 1.6132177868731097
vertex -24.2 14.056552788590558 1.9018413679417054
vertex -24.2 12.19237548981929 1.7472664100151825
endloop
endfacet
facet normal 1.0 -0.0 0.0
outer loop
vertex -24.2 11.813217786873109 2.102386351771773
vertex -24.2 11.947266410015182 1.99237548981929
vertex -24.2 13.923909236273087 2.1499999999999995
endloop
endfacet
facet normal 1.0 0.0 -0.0
outer loop
vertex -24.2 12.07383297014435 1.8738329701443508
vertex -24.2 13.923909236273087 2.1499999999999995
vertex -24.2 11.947266410015182 1.99237548981929
endloop
endfacet
facet normal 0.9999999999999999 -0.0 -0.0
outer loop
vertex -24.2 11.214111095767487 2.44828076115491
vertex -24.2 13.775319332900944 2.3889520019842894
vertex -24.2 13.61141936325231 2.617674144737499
endloop
endfacet
facet normal 1.0 -0.0 0.0
outer loop
vertex -24.2 12.403394472601743 1.4722611175019458
vertex -24.2 12.494967320028762 1.3249999999999997
vertex -24.2 14.172681989798532 1.645538759169886
endloop
endfacet
facet normal 1.0 -0.0 0.0
outer loop
vertex -24.2 12.302386351771773 1.6132177868731097
vertex -24.2 12.403394472601743 1.4722611175019458
vertex -24.2 14.172681989798532 1.645538759169886
endloop
endfacet
facet normal 1.0 0.0 -0.0
outer loop
vertex -24.2 12.07383297014435 1.8738329701443508
vertex -24.2 14.056552788590558 1.9018413679417054
vertex -24.2 13.923909236273087 2.1499999999999995
endloop
endfacet
facet normal 1.0 -0.0 -0.0
outer loop
vertex -24.2 11.672261117501945 2.2033944726017447
vertex -24.2 13.923909236273087 2.1499999999999995
vertex -24.2 13.775319332900944 2.3889520019842894
endloop
endfacet
facet normal 1.0 0.0 -0.0
outer loop
vertex -24.2 12.302386351771773 1.6132177868731097
vertex -24.2 14.172681989798532 1.645538759169886
vertex -24.2 14.056552788590558 1.9018413679417054
endloop
endfacet
facet normal 1.0 0.0 -0.0
outer loop
vertex -24.2 12.494967320028762 1.3249999999999997
vertex -24.2 14.271799556828952 1.3821897008035948
vertex -24.2 14.172681989798532 1.645538759169886
endloop
endfacet
facet normal -1.0 0.0 0.0
outer loop
vertex -31.8 10.2 -4.3
vertex -31.8 10.481233455689614 -4.290793369925995
vertex -31.8 20.0 -4.3
endloop
endfacet
facet normal -1.0 0.0 0.0
outer loop
vertex -31.8 10.481233455689614 -4.290793369925995
vertex -31.8 10.761262626546221 -4.263212903907385
vertex -31.8 20.0 -4.3
endloop
endfacet
facet normal -1.0 0.0 0.0
outer loop
vertex -31.8 10.761262626546221 -4.263212903907385
vertex -31.8 11.03888838466935 -4.217376705733891
vertex -31.8 20.0 -4.3
endloop
endfacet
facet normal -1.0 0.0 0.0
outer loop
vertex -31.8 11.03888838466935 -4.217376705733891
vertex -31.8 11.312921893940839 -4.153481053042993
vertex -31.8 20.0 -4.3
endloop
endfacet
facet normal -1.0 0.0 0.0
outer loop
vertex -31.8 11.312921893940839 -4.153481053042993
vertex -31.8 11.582189700803594 -4.071799556828954
vertex -31.8 20.0 -4.3
endloop
endfacet
facet normal -0.9999999999999999 0.0 0.0
outer loop
vertex -31.8 11.582189700803594 -4.071799556828954
vertex -31.8 11.845538759169886 -3.9726819897985326
vertex -31.8 20.0 -4.3
endloop
endfacet
facet normal -1.0 0.0 0.0
outer loop
vertex -31.8 11.845538759169886 -3.9726819897985326
vertex -31.8 12.101841367941704 -3.8565527885905593
vertex -31.8 20.0 -4.3
endloop
endfacet
facet normal -0.9999999999999999 0.0 0.0
outer loop
vertex -31.8 12.101841367941704 -3.8565527885905593
vertex -31.8 12.349999999999998 -3.7239092362730863
vertex -31.8 20.0 -4.3
endloop
endfacet
facet normal -1.0 0.0 0.0
outer loop
vertex -31.8 12.349999999999998 -3.7239092362730863
vertex -31.8 12.588952001984289 -3.5753193329009445
vertex -31.8 20.0 -4.3
endloop
endfacet
facet normal -1.0 0.0 0.0
outer loop
vertex -31.8 12.588952001984289 -3.5753193329009445
vertex -31.8 12.817674144737499 -3.411419363252311
vertex -31.8 20.0 -4.3
endloop
endfacet
facet normal -1.0 0.0 0.0
outer loop
vertex -31.8 12.817674144737499 -3.411419363252311
vertex -31.8 13.035187004930295 -3.2329111721596027
vertex -31.8 20.0 -4.3
endloop
endfacet
facet normal -1.0 0.0 0.0
outer loop
vertex -31.8 13.035187004930295 -3.2329111721596027
vertex -31.8 13.240559159102153 -3.040559159102154
vertex -31.8 20.0 -4.3
endloop
endfacet
facet normal -1.0 0.0 0.0
outer loop
vertex -31.8 13.240559159102153 -3.040559159102154
vertex -31.8 13.432911172159603 -2.835187004930296
vertex -31.8 20.0 -4.3
endloop
endfacet
facet normal -1.0 0.0 0.0
outer loop
vertex -31.8 13.432911172159603 -2.835187004930296
vertex -31.8 13.61141936325231 -2.617674144737499
vertex -31.8 20.0 -4.3
endloop
endfacet
facet normal -1.0 0.0 0.0
outer loop
vertex -31.8 13.61141936325231 -2.617674144737499
vertex -31.8 13.775319332900944 -2.3889520019842894
vertex -31.8 20.0 -4.3
endloop
endfacet
facet normal -1.0 0.0 0.0
outer loop
vertex -31.8 13.775319332900944 -2.3889520019842894
vertex -31.8 13.923909236273087 -2.1499999999999995
vertex -31.8 20.0 -4.3
endloop
endfacet
facet normal -1.0 0.0 0.0
outer loop
vertex -31.8 13.923909236273087 -2.1499999999999995
vertex -31.8 14.056552788590558 -1.9018413679417054
vertex -31.8 20.0 -4.3
endloop
endfacet
facet normal 0.0 0.0 -1.0
outer loop
vertex -31.8 10.2 -4.3
vertex -31.8 20.0 -4.3
vertex -24.2 10.2 -4.3
endloop
endfacet
facet normal -0.9999999999999999 0.0 -0.0
outer loop
vertex -31.8 12.101841367941704 3.8565527885905593
vertex -31.8 20.0 4.3
vertex -31.8 12.349999999999998 3.7239092362730863
endloop
endfacet
facet normal -1.0 0.0 -0.0
outer loop
vertex -31.8 12.349999999999998 3.7239092362730863
vertex -31.8 20.0 4.3
vertex -31.8 12.588952001984289 3.5753193329009445
endloop
endfacet
facet normal -1.0 0.0 -0.0
outer loop
vertex -31.8 12.588952001984289 3.5753193329009445
vertex -31.8 20.0 4.3
vertex -31.8 12.817674144737499 3.411419363252311
endloop
endfacet
facet normal -1.0 0.0 -0.0
outer loop
vertex -31.8 12.817674144737499 3.411419363252311
vertex -31.8 20.0 4.3
vertex -31.8 13.035187004930295 3.2329111721596027
endloop
endfacet
facet normal -1.0 0.0 0.0
outer loop
vertex -31.8 13.61141936325231 2.617674144737499
vertex -31.8 13.432911172159603 2.835187004930296
vertex -31.8 20.0 4.3
endloop
endfacet
facet normal -1.0 0.0 -0.0
outer loop
vertex -31.8 13.61141936325231 2.617674144737499
vertex -31.8 20.0 4.3
vertex -31.8 13.775319332900944 2.3889520019842894
endloop
endfacet
facet normal -1.0 0.0 -0.0
outer loop
vertex -31.8 13.035187004930295 3.2329111721596027
vertex -31.8 20.0 4.3
vertex -31.8 13.240559159102153 3.040559159102154
endloop
endfacet
facet normal -1.0 0.0 -0.0
outer loop
vertex -31.8 13.240559159102153 3.040559159102154
vertex -31.8 20.0 4.3
vertex -31.8 13.432911172159603 2.835187004930296
endloop
endfacet
facet normal -1.0 0.0 -0.0
outer loop
vertex -31.8 10.2 4.3
vertex -31.8 20.0 4.3
vertex -31.8 10.481233455689614 4.290793369925995
endloop
endfacet
facet normal -1.0 0.0 -0.0
outer loop
vertex -31.8 10.481233455689614 4.290793369925995
vertex -31.8 20.0 4.3
vertex -31.8 10.761262626546221 4.263212903907385
endloop
endfacet
facet normal -1.0 0.0 -0.0
outer loop
vertex -31.8 10.761262626546221 4.263212903907385
vertex -31.8 20.0 4.3
vertex -31.8 11.03888838466935 4.217376705733891
endloop
endfacet
facet normal -1.0 0.0 -0.0
outer loop
vertex -31.8 11.03888838466935 4.217376705733891
vertex -31.8 20.0 4.3
vertex -31.8 11.312921893940839 4.153481053042993
endloop
endfacet
facet normal -1.0 0.0 -0.0
outer loop
vertex -31.8 11.312921893940839 4.153481053042993
vertex -31.8 20.0 4.3
vertex -31.8 11.582189700803594 4.071799556828954
endloop
endfacet
facet normal -1.0 0.0 0.0
outer loop
vertex -31.8 11.845538759169886 3.9726819897985326
vertex -31.8 11.582189700803594 4.071799556828954
vertex -31.8 20.0 4.3
endloop
endfacet
facet normal -1.0 0.0 -0.0
outer loop
vertex -31.8 11.845538759169886 3.9726819897985326
vertex -31.8 20.0 4.3
vertex -31.8 12.101841367941704 3.8565527885905593
endloop
endfacet
facet normal -1.0 0.0 0.0
outer loop
vertex -31.8 14.056552788590558 -1.9018413679417054
vertex -31.8 14.172681989798532 -1.645538759169886
vertex -31.8 20.0 4.3
endloop
endfacet
facet normal -1.0 0.0 0.0
outer loop
vertex -31.8 14.172681989798532 -1.645538759169886
vertex -31.8 14.271799556828952 -1.3821897008035948
vertex -31.8 20.0 4.3
endloop
endfacet
facet normal -1.0 0.0 0.0
outer loop
vertex -31.8 14.271799556828952 -1.3821897008035948
vertex -31.8 14.353481053042993 -1.1129218939408392
vertex -31.8 20.0 4.3
endloop
endfacet
facet normal -0.9999999999999999 0.0 0.0
outer loop
vertex -31.8 14.353481053042993 -1.1129218939408392
vertex -31.8 14.41737670573389 -0.8388883846693515
vertex -31.8 20.0 4.3
endloop
endfacet
facet normal -1.0 0.0 0.0
outer loop
vertex -31.8 14.41737670573389 -0.8388883846693515
vertex -31.8 14.463212903907383 -0.5612626265462217
vertex -31.8 20.0 4.3
endloop
endfacet
facet normal -1.0 0.0 0.0
outer loop
vertex -31.8 14.463212903907383 -0.5612626265462217
vertex -31.8 14.490793369925994 -0.28123345568961516
vertex -31.8 20.0 4.3
endloop
endfacet
facet normal -0.9999999999999999 0.0 0.0
outer loop
vertex -31.8 14.353481053042993 1.1129218939408392
vertex -31.8 14.271799556828952 1.3821897008035948
vertex -31.8 20.0 4.3
endloop
endfacet
facet normal -1.0 0.0 0.0
outer loop
vertex -31.8 14.172681989798532 1.645538759169886
vertex -31.8 14.056552788590558 1.9018413679417054
vertex -31.8 20.0 4.3
endloop
endfacet
facet normal -0.9999999999999999 0.0 -0.0
outer loop
vertex -31.8 14.172681989798532 1.645538759169886
vertex -31.8 20.0 4.3
vertex -31.8 14.271799556828952 1.3821897008035948
endloop
endfacet
facet normal -1.0 0.0 0.0
outer loop
vertex -31.8 14.490793369925994 -0.28123345568961516
vertex -31.8 14.5 0.0
vertex -31.8 20.0 4.3
endloop
endfacet
facet normal -1.0 0.0 -0.0
outer loop
vertex -31.8 14.490793369925994 0.28123345568961516
vertex -31.8 20.0 4.3
vertex -31.8 14.5 0.0
endloop
endfacet
facet normal -0.9999999999999999 0.0 0.0
outer loop
vertex -31.8 14.490793369925994 0.28123345568961516
vertex -31.8 14.463212903907383 0.5612626265462217
vertex -31.8 20.0 4.3
endloop
endfacet
facet normal -1.0 0.0 0.0
outer loop
vertex -31.8 14.463212903907383 0.5612626265462217
vertex -31.8 14.41737670573389 0.8388883846693515
vertex -31.8 20.0 4.3
endloop
endfacet
facet normal -1.0 0.0 -0.0
outer loop
vertex -31.8 14.353481053042993 1.1129218939408392
vertex -31.8 20.0 4.3
vertex -31.8 14.41737670573389 0.8388883846693515
endloop
endfacet
facet normal -1.0 0.0 0.0
outer loop
vertex -31.8 13.923909236273087 2.1499999999999995
vertex -31.8 13.775319332900944 2.3889520019842894
vertex -31.8 20.0 4.3
endloop
endfacet
facet normal -1.0 0.0 0.0
outer loop
vertex -31.8 14.056552788590558 1.9018413679417054
vertex -31.8 13.923909236273087 2.1499999999999995
vertex -31.8 20.0 4.3
endloop
endfacet
facet normal -1.0 0.0 0.0
outer loop
vertex -31.8 14.056552788590558 -1.9018413679417054
vertex -31.8 20.0 4.3
vertex -31.8 20.0 -4.3
endloop
endfacet
facet normal 0.0 -0.0 1.0
outer loop
vertex -31.8 10.2 4.3
vertex -24.2 20.0 4.3
vertex -31.8 20.0 4.3
endloop
endfacet
facet normal 0.0 0.0 -1.0
outer loop
vertex -31.8 20.0 -4.3
vertex -24.2 20.0 -4.3
vertex -24.2 10.2 -4.3
endloop
endfacet
facet normal 1.0 0.0 -0.0
outer loop
vertex -24.2 10.2 -4.3
vertex -24.2 20.0 -4.3
vertex -24.2 10.481233455689614 -4.290793369925995
endloop
endfacet
facet normal 1.0 -0.0 -0.0
outer loop
vertex -24.2 10.481233455689614 -4.290793369925995
vertex -24.2 20.0 -4.3
vertex -24.2 10.761262626546221 -4.263212903907385
endloop
endfacet
facet normal 1.0 -0.0 -0.0
outer loop
vertex -24.2 10.761262626546221 -4.263212903907385
vertex -24.2 20.0 -4.3
vertex -24.2 11.03888838466935 -4.217376705733891
endloop
endfacet
facet normal 1.0 -0.0 -0.0
outer loop
vertex -24.2 11.03888838466935 -4.217376705733891
vertex -24.2 20.0 -4.3
vertex -24.2 11.312921893940839 -4.153481053042993
endloop
endfacet
facet normal 1.0 -0.0 -0.0
outer loop
vertex -24.2 11.312921893940839 -4.153481053042993
vertex -24.2 20.0 -4.3
vertex -24.2 11.582189700803594 -4.071799556828954
endloop
endfacet
facet normal 1.0 -0.0 -0.0
outer loop
vertex -24.2 11.582189700803594 -4.071799556828954
vertex -24.2 20.0 -4.3
vertex -24.2 11.845538759169886 -3.9726819897985326
endloop
endfacet
facet normal 1.0 -0.0 -0.0
outer loop
vertex -24.2 11.845538759169886 -3.9726819897985326
vertex -24.2 20.0 -4.3
vertex -24.2 12.101841367941704 -3.8565527885905593
endloop
endfacet
facet normal 0.9999999999999999 -0.0 -0.0
outer loop
vertex -24.2 12.101841367941704 -3.8565527885905593
vertex -24.2 20.0 -4.3
vertex -24.2 12.349999999999998 -3.7239092362730863
endloop
endfacet
facet normal 1.0 -0.0 -0.0
outer loop
vertex -24.2 12.349999999999998 -3.7239092362730863
vertex -24.2 20.0 -4.3
vertex -24.2 12.588952001984289 -3.5753193329009445
endloop
endfacet
facet normal 1.0 -0.0 -0.0
outer loop
vertex -24.2 12.588952001984289 -3.5753193329009445
vertex -24.2 20.0 -4.3
vertex -24.2 12.817674144737499 -3.411419363252311
endloop
endfacet
facet normal 1.0 -0.0 -0.0
outer loop
vertex -24.2 12.817674144737499 -3.411419363252311
vertex -24.2 20.0 -4.3
vertex -24.2 13.035187004930295 -3.2329111721596027
endloop
endfacet
facet normal 1.0 -0.0 -0.0
outer loop
vertex -24.2 13.035187004930295 -3.2329111721596027
vertex -24.2 20.0 -4.3
vertex -24.2 13.240559159102153 -3.040559159102154
endloop
endfacet
facet normal 1.0 -0.0 -0.0
outer loop
vertex -24.2 13.240559159102153 -3.040559159102154
vertex -24.2 20.0 -4.3
vertex -24.2 13.432911172159603 -2.835187004930296
endloop
endfacet
facet normal 1.0 -0.0 -0.0
outer loop
vertex -24.2 13.432911172159603 -2.835187004930296
vertex -24.2 20.0 -4.3
vertex -24.2 13.61141936325231 -2.617674144737499
endloop
endfacet
facet normal 1.0 -0.0 -0.0
outer loop
vertex -24.2 13.61141936325231 -2.617674144737499
vertex -24.2 20.0 -4.3
vertex -24.2 13.775319332900944 -2.3889520019842894
endloop
endfacet
facet normal 1.0 -0.0 -0.0
outer loop
vertex -24.2 13.775319332900944 -2.3889520019842894
vertex -24.2 20.0 -4.3
vertex -24.2 13.923909236273087 -2.1499999999999995
endloop
endfacet
facet normal 1.0 -0.0 -0.0
outer loop
vertex -24.2 13.923909236273087 -2.1499999999999995
vertex -24.2 20.0 -4.3
vertex -24.2 14.056552788590558 -1.9018413679417054
endloop
endfacet
facet normal 1.0 -0.0 -0.0
outer loop
vertex -24.2 14.056552788590558 -1.9018413679417054
vertex -24.2 20.0 -4.3
vertex -24.2 14.172681989798532 -1.645538759169886
endloop
endfacet
facet normal 0.9999999999999999 -0.0 -0.0
outer loop
vertex -24.2 14.172681989798532 -1.645538759169886
vertex -24.2 20.0 -4.3
vertex -24.2 14.271799556828952 -1.3821897008035948
endloop
endfacet
facet normal 1.0 -0.0 -0.0
outer loop
vertex -24.2 14.271799556828952 -1.3821897008035948
vertex -24.2 20.0 -4.3
vertex -24.2 14.353481053042993 -1.1129218939408392
endloop
endfacet
facet normal 1.0 -0.0 -0.0
outer loop
vertex -24.2 14.353481053042993 -1.1129218939408392
vertex -24.2 20.0 -4.3
vertex -24.2 14.41737670573389 -0.8388883846693515
endloop
endfacet
facet normal 1.0 -0.0 -0.0
outer loop
vertex -24.2 14.41737670573389 -0.8388883846693515
vertex -24.2 20.0 -4.3
vertex -24.2 14.463212903907383 -0.5612626265462217
endloop
endfacet
facet normal 1.0 -0.0 -0.0
outer loop
vertex -24.2 14.463212903907383 -0.5612626265462217
vertex -24.2 20.0 -4.3
vertex -24.2 14.490793369925994 -0.28123345568961516
endloop
endfacet
facet normal 1.0 -0.0 -0.0
outer loop
vertex -24.2 14.490793369925994 -0.28123345568961516
vertex -24.2 20.0 -4.3
vertex -24.2 14.5 0.0
endloop
endfacet
facet normal 0.0 0.0 1.0
outer loop
vertex -31.8 10.2 4.3
vertex -24.2 10.2 4.3
vertex -24.2 20.0 4.3
endloop
endfacet
facet normal 0.9999999999999999 -0.0 0.0
outer loop
vertex -24.2 12.101841367941704 3.8565527885905593
vertex -24.2 12.349999999999998 3.7239092362730863
vertex -24.2 20.0 4.3
endloop
endfacet
facet normal 1.0 -0.0 0.0
outer loop
vertex -24.2 12.349999999999998 3.7239092362730863
vertex -24.2 12.588952001984289 3.5753193329009445
vertex -24.2 20.0 4.3
endloop
endfacet
facet normal 1.0 -0.0 0.0
outer loop
vertex -24.2 12.588952001984289 3.5753193329009445
vertex -24.2 12.817674144737499 3.411419363252311
vertex -24.2 20.0 4.3
endloop
endfacet
facet normal 1.0 -0.0 0.0
outer loop
vertex -24.2 12.817674144737499 3.411419363252311
vertex -24.2 13.035187004930295 3.2329111721596027
vertex -24.2 20.0 4.3
endloop
endfacet
facet normal 1.0 0.0 -0.0
outer loop
vertex -24.2 13.61141936325231 2.617674144737499
vertex -24.2 20.0 4.3
vertex -24.2 13.432911172159603 2.835187004930296
endloop
endfacet
facet normal 1.0 -0.0 0.0
outer loop
vertex -24.2 13.61141936325231 2.617674144737499
vertex -24.2 13.775319332900944 2.3889520019842894
vertex -24.2 20.0 4.3
endloop
endfacet
facet normal 1.0 -0.0 0.0
outer loop
vertex -24.2 13.035187004930295 3.2329111721596027
vertex -24.2 13.240559159102153 3.040559159102154
vertex -24.2 20.0 4.3
endloop
endfacet
facet normal 1.0 -0.0 0.0
outer loop
vertex -24.2 13.240559159102153 3.040559159102154
vertex -24.2 13.432911172159603 2.835187004930296
vertex -24.2 20.0 4.3
endloop
endfacet
facet normal 1.0 -0.0 0.0
outer loop
vertex -24.2 10.2 4.3
vertex -24.2 10.481233455689614 4.290793369925995
vertex -24.2 20.0 4.3
endloop
endfacet
facet normal 1.0 -0.0 0.0
outer loop
vertex -24.2 10.481233455689614 4.290793369925995
vertex -24.2 10.761262626546221 4.263212903907385
vertex -24.2 20.0 4.3
endloop
endfacet
facet normal 1.0 -0.0 0.0
outer loop
vertex -24.2 10.761262626546221 4.263212903907385
vertex -24.2 11.03888838466935 4.217376705733891
vertex -24.2 20.0 4.3
endloop
endfacet
facet normal 1.0 -0.0 0.0
outer loop
vertex -24.2 11.03888838466935 4.217376705733891
vertex -24.2 11.312921893940839 4.153481053042993
vertex -24.2 20.0 4.3
endloop
endfacet
facet normal 1.0 -0.0 0.0
outer loop
vertex -24.2 11.312921893940839 4.153481053042993
vertex -24.2 11.582189700803594 4.071799556828954
vertex -24.2 20.0 4.3
endloop
endfacet
facet normal 1.0 0.0 -0.0
outer loop
vertex -24.2 11.845538759169886 3.9726819897985326
vertex -24.2 20.0 4.3
vertex -24.2 11.582189700803594 4.071799556828954
endloop
endfacet
facet normal 1.0 -0.0 0.0
outer loop
vertex -24.2 11.845538759169886 3.9726819897985326
vertex -24.2 12.101841367941704 3.8565527885905593
vertex -24.2 20.0 4.3
endloop
endfacet
facet normal 1.0 -0.0 -0.0
outer loop
vertex -24.2 14.353481053042993 1.1129218939408392
vertex -24.2 20.0 -4.3
vertex -24.2 14.271799556828952 1.3821897008035948
endloop
endfacet
facet normal 1.0 0.0 0.0
outer loop
vertex -24.2 14.172681989798532 1.645538759169886
vertex -24.2 14.271799556828952 1.3821897008035948
vertex -24.2 20.0 -4.3
endloop
endfacet
facet normal 1.0 -0.0 -0.0
outer loop
vertex -24.2 14.172681989798532 1.645538759169886
vertex -24.2 20.0 -4.3
vertex -24.2 14.056552788590558 1.9018413679417054
endloop
endfacet
facet normal 1.0 0.0 0.0
outer loop
vertex -24.2 14.490793369925994 0.28123345568961516
vertex -24.2 14.5 0.0
vertex -24.2 20.0 -4.3
endloop
endfacet
facet normal 1.0 -0.0 -0.0
outer loop
vertex -24.2 14.490793369925994 0.28123345568961516
vertex -24.2 20.0 -4.3
vertex -24.2 14.463212903907383 0.5612626265462217
endloop
endfacet
facet normal 1.0 -0.0 -0.0
outer loop
vertex -24.2 14.463212903907383 0.5612626265462217
vertex -24.2 20.0 -4.3
vertex -24.2 14.41737670573389 0.8388883846693515
endloop
endfacet
facet normal 0.9999999999999999 0.0 0.0
outer loop
vertex -24.2 14.353481053042993 1.1129218939408392
vertex -24.2 14.41737670573389 0.8388883846693515
vertex -24.2 20.0 -4.3
endloop
endfacet
facet normal 1.0 0.0 -0.0
outer loop
vertex -24.2 13.923909236273087 2.1499999999999995
vertex -24.2 20.0 4.3
vertex -24.2 13.775319332900944 2.3889520019842894
endloop
endfacet
facet normal 1.0 0.0 -0.0
outer loop
vertex -24.2 14.056552788590558 1.9018413679417054
vertex -24.2 20.0 4.3
vertex -24.2 13.923909236273087 2.1499999999999995
endloop
endfacet
facet normal 1.0 -0.0 0.0
outer loop
vertex -24.2 14.056552788590558 1.9018413679417054
vertex -24.2 20.0 -4.3
vertex -24.2 20.0 4.3
endloop
endfacet
facet normal -0.0 0.8492021815265788 0.5280678506503682
outer loop
vertex -31.8 7.996605527398255 -1.4722611175019458
vertex -31.8 7.905032679971237 -1.3249999999999997
vertex -24.2 7.905032679971237 -1.3249999999999997
endloop
endfacet
facet normal -0.0 0.8128466845916169 0.5824776968677996
outer loop
vertex -31.8 7.996605527398255 -1.4722611175019458
vertex -24.2 7.996605527398255 -1.4722611175019458
vertex -31.8 8.097613648228226 -1.6132177868731097
endloop
endfacet
facet normal -0.0 0.7730104533627356 0.6343932841636473
outer loop
vertex -31.8 8.097613648228226 -1.6132177868731097
vertex -24.2 8.097613648228226 -1.6132177868731097
vertex -31.8 8.20762451018071 -1.7472664100151825
endloop
endfacet
facet normal -0.0 0.7298640726978352 0.6835923020228718
outer loop
vertex -31.8 8.20762451018071 -1.7472664100151825
vertex -24.2 8.20762451018071 -1.7472664100151825
vertex -31.8 8.326167029855648 -1.8738329701443508
endloop
endfacet
facet normal -0.0 0.6835923020228718 0.7298640726978352
outer loop
vertex -31.8 8.326167029855648 -1.8738329701443508
vertex -24.2 8.326167029855648 -1.8738329701443508
vertex -31.8 8.452733589984817 -1.99237548981929
endloop
endfacet
facet normal -0.0 0.634393284163645 0.7730104533627374
outer loop
vertex -31.8 8.58678221312689 -2.102386351771773
vertex -31.8 8.452733589984817 -1.99237548981929
vertex -24.2 8.452733589984817 -1.99237548981929
endloop
endfacet
facet normal -0.0 0.5824776968678014 0.8128466845916158
outer loop
vertex -31.8 8.58678221312689 -2.102386351771773
vertex -24.2 8.58678221312689 -2.102386351771773
vertex -31.8 8.727738882498054 -2.2033944726017447
endloop
endfacet
facet normal -0.0 0.5280678506503675 0.8492021815265791
outer loop
vertex -31.8 8.727738882498054 -2.2033944726017447
vertex -24.2 8.727738882498054 -2.2033944726017447
vertex -31.8 8.875 -2.2949673200287624
endloop
endfacet
facet normal -0.0 0.4713967368260001 0.8819212643483537
outer loop
vertex -31.8 8.875 -2.2949673200287624
vertex -24.2 8.875 -2.2949673200287624
vertex -31.8 9.027934970919645 -2.3767127650616238
endloop
endfacet
facet normal -0.0 0.4127070298043939 0.9108638249211761
outer loop
vertex -31.8 9.027934970919645 -2.3767127650616238
vertex -24.2 9.027934970919645 -2.3767127650616238
vertex -31.8 9.185888904232511 -2.44828076115491
endloop
endfacet
facet normal -0.0 0.3522500479212362 0.9359059267573248
outer loop
vertex -31.8 9.185888904232511 -2.44828076115491
vertex -24.2 9.185888904232511 -2.44828076115491
vertex -31.8 9.34818541694662 -2.50936484316203
endloop
endfacet
facet normal -0.0 0.29028467725446017 0.9569403357322096
outer loop
vertex -31.8 9.34818541694662 -2.50936484316203
vertex -24.2 9.34818541694662 -2.50936484316203
vertex -31.8 9.51412953047832 -2.559703439666031
endloop
endfacet
facet normal -0.0 0.22707626303437353 0.9738769792773335
outer loop
vertex -31.8 9.51412953047832 -2.559703439666031
vertex -24.2 9.51412953047832 -2.559703439666031
vertex -31.8 9.683010646657259 -2.5990809930685606
endloop
endfacet
facet normal -0.0 0.16289547339458774 0.9866433320848793
outer loop
vertex -31.8 9.683010646657259 -2.5990809930685606
vertex -24.2 9.683010646657259 -2.5990809930685606
vertex -31.8 9.854105590616863 -2.6273288826405974
endloop
endfacet
facet normal -0.0 0.09801714032956067 0.9951847266721968
outer loop
vertex -31.8 9.854105590616863 -2.6273288826405974
vertex -24.2 9.854105590616863 -2.6273288826405974
vertex -31.8 10.02668170754012 -2.644326146582299
endloop
endfacet
facet normal -0.0 0.0327190828217766 0.9994645874763657
outer loop
vertex -31.8 10.02668170754012 -2.644326146582299
vertex -24.2 10.02668170754012 -2.644326146582299
vertex -31.8 10.2 -2.65
endloop
endfacet
facet normal 0.0 -0.0327190828217766 0.9994645874763657
outer loop
vertex -31.8 10.2 -2.65
vertex -24.2 10.2 -2.65
vertex -31.8 10.373318292459878 -2.644326146582299
endloop
endfacet
facet normal 0.0 -0.09801714032956067 0.9951847266721968
outer loop
vertex -31.8 10.373318292459878 -2.644326146582299
vertex -24.2 10.373318292459878 -2.644326146582299
vertex -31.8 10.545894409383136 -2.6273288826405974
endloop
endfacet
facet normal 0.0 -0.16289547339458774 0.9866433320848793
outer loop
vertex -31.8 10.545894409383136 -2.6273288826405974
vertex -24.2 10.545894409383136 -2.6273288826405974
vertex -31.8 10.71698935334274 -2.5990809930685606
endloop
endfacet
facet normal 0.0 -0.22707626303437353 0.9738769792773335
outer loop
vertex -31.8 10.71698935334274 -2.5990809930685606
vertex -24.2 10.71698935334274 -2.5990809930685606
vertex -31.8 10.885870469521679 -2.559703439666031
endloop
endfacet
facet normal 0.0 -0.29028467725446017 0.9569403357322096
outer loop
vertex -31.8 10.885870469521679 -2.559703439666031
vertex -24.2 10.885870469521679 -2.559703439666031
vertex -31.8 11.051814583053378 -2.50936484316203
endloop
endfacet
facet normal 0.0 -0.3522500479212362 0.9359059267573248
outer loop
vertex -31.8 11.051814583053378 -2.50936484316203
vertex -24.2 11.051814583053378 -2.50936484316203
vertex -31.8 11.214111095767487 -2.44828076115491
endloop
endfacet
facet normal 0.0 -0.4127070298043939 0.9108638249211761
outer loop
vertex -31.8 11.214111095767487 -2.44828076115491
vertex -24.2 11.214111095767487 -2.44828076115491
vertex -31.8 11.372065029080353 -2.3767127650616238
endloop
endfacet
facet normal 0.0 -0.4713967368260001 0.8819212643483537
outer loop
vertex -31.8 11.372065029080353 -2.3767127650616238
vertex -24.2 11.372065029080353 -2.3767127650616238
vertex -31.8 11.524999999999999 -2.2949673200287624
endloop
endfacet
facet normal 0.0 -0.5280678506503675 0.8492021815265791
outer loop
vertex -31.8 11.524999999999999 -2.2949673200287624
vertex -24.2 11.524999999999999 -2.2949673200287624
vertex -31.8 11.672261117501945 -2.2033944726017447
endloop
endfacet
facet normal 0.0 -0.5824776968678014 0.8128466845916158
outer loop
vertex -31.8 11.672261117501945 -2.2033944726017447
vertex -24.2 11.672261117501945 -2.2033944726017447
vertex -31.8 11.813217786873109 -2.102386351771773
endloop
endfacet
facet normal 0.0 -0.634393284163645 0.7730104533627374
outer loop
vertex -31.8 11.813217786873109 -2.102386351771773
vertex -24.2 11.813217786873109 -2.102386351771773
vertex -31.8 11.947266410015182 -1.99237548981929
endloop
endfacet
facet normal 0.0 -0.6835923020228718 0.7298640726978352
outer loop
vertex -31.8 11.947266410015182 -1.99237548981929
vertex -24.2 11.947266410015182 -1.99237548981929
vertex -31.8 12.07383297014435 -1.8738329701443508
endloop
endfacet
facet normal 0.0 -0.7298640726978352 0.6835923020228718
outer loop
vertex -31.8 12.07383297014435 -1.8738329701443508
vertex -24.2 12.07383297014435 -1.8738329701443508
vertex -31.8 12.19237548981929 -1.7472664100151825
endloop
endfacet
facet normal 0.0 -0.7730104533627356 0.6343932841636473
outer loop
vertex -31.8 12.19237548981929 -1.7472664100151825
vertex -24.2 12.19237548981929 -1.7472664100151825
vertex -31.8 12.302386351771773 -1.6132177868731097
endloop
endfacet
facet normal 0.0 -0.8128466845916195 0.5824776968677963
outer loop
vertex -31.8 12.302386351771773 -1.6132177868731097
vertex -24.2 12.302386351771773 -1.6132177868731097
vertex -31.8 12.403394472601743 -1.4722611175019458
endloop
endfacet
facet normal 0.0 -0.8492021815265766 0.5280678506503719
outer loop
vertex -31.8 12.403394472601743 -1.4722611175019458
vertex -24.2 12.403394472601743 -1.4722611175019458
vertex -31.8 12.494967320028762 -1.3249999999999997
endloop
endfacet
facet normal -0.0 0.9994645874763657 0.032719082821776505
outer loop
vertex -31.8 7.5556738534177 -0.17331829245987912
vertex -31.8 7.549999999999999 0.0
vertex -24.2 7.549999999999999 0.0
endloop
endfacet
facet normal 0.0 0.9994645874763657 -0.032719082821776505
outer loop
vertex -31.8 7.549999999999999 0.0
vertex -31.8 7.5556738534177 0.17331829245987912
vertex -24.2 7.5556738534177 0.17331829245987912
endloop
endfacet
facet normal -0.0 0.9569403357322104 0.290284677254457
outer loop
vertex -31.8 7.640296560333969 -0.68587046952168
vertex -24.2 7.640296560333969 -0.68587046952168
vertex -31.8 7.690635156837969 -0.8518145830533782
endloop
endfacet
facet normal -0.0 0.9359059267573252 0.35225004792123465
outer loop
vertex -31.8 7.690635156837969 -0.8518145830533782
vertex -24.2 7.690635156837969 -0.8518145830533782
vertex -31.8 7.751719238845089 -1.014111095767488
endloop
endfacet
facet normal -0.0 0.881921264348354 0.47139673682599936
outer loop
vertex -31.8 7.823287234938375 -1.1720650290803534
vertex -24.2 7.823287234938375 -1.1720650290803534
vertex -31.8 7.905032679971237 -1.3249999999999997
endloop
endfacet
facet normal -0.0 0.9108638249211755 0.4127070298043954
outer loop
vertex -31.8 7.751719238845089 -1.014111095767488
vertex -24.2 7.751719238845089 -1.014111095767488
vertex -31.8 7.823287234938375 -1.1720650290803534
endloop
endfacet
facet normal -0.0 0.9738769792773333 0.2270762630343748
outer loop
vertex -31.8 7.640296560333969 -0.68587046952168
vertex -31.8 7.600919006931439 -0.5169893533427399
vertex -24.2 7.600919006931439 -0.5169893533427399
endloop
endfacet
facet normal -0.0 0.9866433320848792 0.16289547339458835
outer loop
vertex -31.8 7.600919006931439 -0.5169893533427399
vertex -31.8 7.572671117359402 -0.34589440938313665
vertex -24.2 7.572671117359402 -0.34589440938313665
endloop
endfacet
facet normal -0.0 0.9951847266721966 0.09801714032956348
outer loop
vertex -31.8 7.5556738534177 -0.17331829245987912
vertex -24.2 7.5556738534177 -0.17331829245987912
vertex -31.8 7.572671117359402 -0.34589440938313665
endloop
endfacet
facet normal 0.0 0.9951847266721966 -0.09801714032956348
outer loop
vertex -31.8 7.5556738534177 0.17331829245987912
vertex -31.8 7.572671117359402 0.34589440938313665
vertex -24.2 7.572671117359402 0.34589440938313665
endloop
endfacet
facet normal 0.0 0.9866433320848792 -0.16289547339458835
outer loop
vertex -31.8 7.572671117359402 0.34589440938313665
vertex -31.8 7.600919006931439 0.5169893533427399
vertex -24.2 7.600919006931439 0.5169893533427399
endloop
endfacet
facet normal 0.0 0.9738769792773333 -0.2270762630343748
outer loop
vertex -31.8 7.600919006931439 0.5169893533427399
vertex -31.8 7.640296560333969 0.68587046952168
vertex -24.2 7.640296560333969 0.68587046952168
endloop
endfacet
facet normal 0.0 0.9569403357322104 -0.290284677254457
outer loop
vertex -31.8 7.640296560333969 0.68587046952168
vertex -31.8 7.690635156837969 0.8518145830533782
vertex -24.2 7.690635156837969 0.8518145830533782
endloop
endfacet
facet normal 0.0 0.9359059267573252 -0.35225004792123465
outer loop
vertex -31.8 7.690635156837969 0.8518145830533782
vertex -31.8 7.751719238845089 1.014111095767488
vertex -24.2 7.751719238845089 1.014111095767488
endloop
endfacet
facet normal 0.0 0.9108638249211755 -0.4127070298043954
outer loop
vertex -31.8 7.751719238845089 1.014111095767488
vertex -31.8 7.823287234938375 1.1720650290803534
vertex -24.2 7.823287234938375 1.1720650290803534
endloop
endfacet
facet normal 0.0 0.881921264348354 -0.47139673682599936
outer loop
vertex -31.8 7.823287234938375 1.1720650290803534
vertex -31.8 7.905032679971237 1.3249999999999997
vertex -24.2 7.905032679971237 1.3249999999999997
endloop
endfacet
facet normal 0.0 0.8492021815265788 -0.5280678506503682
outer loop
vertex -31.8 7.905032679971237 1.3249999999999997
vertex -31.8 7.996605527398255 1.4722611175019458
vertex -24.2 7.996605527398255 1.4722611175019458
endloop
endfacet
facet normal 0.0 0.8128466845916169 -0.5824776968677996
outer loop
vertex -31.8 7.996605527398255 1.4722611175019458
vertex -31.8 8.097613648228226 1.6132177868731097
vertex -24.2 8.097613648228226 1.6132177868731097
endloop
endfacet
facet normal 0.0 0.7730104533627356 -0.6343932841636473
outer loop
vertex -31.8 8.097613648228226 1.6132177868731097
vertex -31.8 8.20762451018071 1.7472664100151825
vertex -24.2 8.20762451018071 1.7472664100151825
endloop
endfacet
facet normal 0.0 0.7298640726978352 -0.6835923020228718
outer loop
vertex -31.8 8.20762451018071 1.7472664100151825
vertex -31.8 8.326167029855648 1.8738329701443508
vertex -24.2 8.326167029855648 1.8738329701443508
endloop
endfacet
facet normal 0.0 0.6835923020228718 -0.7298640726978352
outer loop
vertex -31.8 8.326167029855648 1.8738329701443508
vertex -31.8 8.452733589984817 1.99237548981929
vertex -24.2 8.452733589984817 1.99237548981929
endloop
endfacet
facet normal 0.0 0.634393284163645 -0.7730104533627374
outer loop
vertex -31.8 8.452733589984817 1.99237548981929
vertex -31.8 8.58678221312689 2.102386351771773
vertex -24.2 8.58678221312689 2.102386351771773
endloop
endfacet
facet normal 0.0 0.5824776968678014 -0.8128466845916158
outer loop
vertex -31.8 8.58678221312689 2.102386351771773
vertex -31.8 8.727738882498054 2.2033944726017447
vertex -24.2 8.727738882498054 2.2033944726017447
endloop
endfacet
facet normal 0.0 0.5280678506503675 -0.8492021815265791
outer loop
vertex -31.8 8.727738882498054 2.2033944726017447
vertex -31.8 8.875 2.2949673200287624
vertex -24.2 8.875 2.2949673200287624
endloop
endfacet
facet normal 0.0 0.4713967368260001 -0.8819212643483537
outer loop
vertex -31.8 8.875 2.2949673200287624
vertex -31.8 9.027934970919645 2.3767127650616238
vertex -24.2 9.027934970919645 2.3767127650616238
endloop
endfacet
facet normal 0.0 0.4127070298043939 -0.9108638249211761
outer loop
vertex -31.8 9.027934970919645 2.3767127650616238
vertex -31.8 9.185888904232511 2.44828076115491
vertex -24.2 9.185888904232511 2.44828076115491
endloop
endfacet
facet normal 0.0 0.3522500479212362 -0.9359059267573248
outer loop
vertex -31.8 9.185888904232511 2.44828076115491
vertex -31.8 9.34818541694662 2.50936484316203
vertex -24.2 9.34818541694662 2.50936484316203
endloop
endfacet
facet normal 0.0 0.29028467725446017 -0.9569403357322096
outer loop
vertex -31.8 9.34818541694662 2.50936484316203
vertex -31.8 9.51412953047832 2.559703439666031
vertex -24.2 9.51412953047832 2.559703439666031
endloop
endfacet
facet normal 0.0 0.22707626303437353 -0.9738769792773335
outer loop
vertex -31.8 9.51412953047832 2.559703439666031
vertex -31.8 9.683010646657259 2.5990809930685606
vertex -24.2 9.683010646657259 2.5990809930685606
endloop
endfacet
facet normal 0.0 0.16289547339458774 -0.9866433320848793
outer loop
vertex -31.8 9.683010646657259 2.5990809930685606
vertex -31.8 9.854105590616863 2.6273288826405974
vertex -24.2 9.854105590616863 2.6273288826405974
endloop
endfacet
facet normal 0.0 0.09801714032956067 -0.9951847266721968
outer loop
vertex -31.8 9.854105590616863 2.6273288826405974
vertex -31.8 10.02668170754012 2.644326146582299
vertex -24.2 10.02668170754012 2.644326146582299
endloop
endfacet
facet normal 0.0 0.0327190828217766 -0.9994645874763657
outer loop
vertex -31.8 10.02668170754012 2.644326146582299
vertex -31.8 10.2 2.65
vertex -24.2 10.2 2.65
endloop
endfacet
facet normal 0.0 -0.0327190828217766 -0.9994645874763657
outer loop
vertex -31.8 10.2 2.65
vertex -31.8 10.373318292459878 2.644326146582299
vertex -24.2 10.373318292459878 2.644326146582299
endloop
endfacet
facet normal 0.0 -0.09801714032956067 -0.9951847266721968
outer loop
vertex -31.8 10.373318292459878 2.644326146582299
vertex -31.8 10.545894409383136 2.6273288826405974
vertex -24.2 10.545894409383136 2.6273288826405974
endloop
endfacet
facet normal 0.0 -0.16289547339458774 -0.9866433320848793
outer loop
vertex -31.8 10.545894409383136 2.6273288826405974
vertex -31.8 10.71698935334274 2.5990809930685606
vertex -24.2 10.71698935334274 2.5990809930685606
endloop
endfacet
facet normal 0.0 -0.22707626303437353 -0.9738769792773335
outer loop
vertex -31.8 10.71698935334274 2.5990809930685606
vertex -31.8 10.885870469521679 2.559703439666031
vertex -24.2 10.885870469521679 2.559703439666031
endloop
endfacet
facet normal 0.0 -0.881921264348354 0.47139673682599936
outer loop
vertex -31.8 12.494967320028762 -1.3249999999999997
vertex -24.2 12.494967320028762 -1.3249999999999997
vertex -31.8 12.576712765061624 -1.1720650290803534
endloop
endfacet
facet normal 0.0 -0.29028467725446017 -0.9569403357322096
outer loop
vertex -31.8 10.885870469521679 2.559703439666031
vertex -31.8 11.051814583053378 2.50936484316203
vertex -24.2 11.051814583053378 2.50936484316203
endloop
endfacet
facet normal 0.0 -0.3522500479212362 -0.9359059267573248
outer loop
vertex -31.8 11.051814583053378 2.50936484316203
vertex -31.8 11.214111095767487 2.44828076115491
vertex -24.2 11.214111095767487 2.44828076115491
endloop
endfacet
facet normal 0.0 -0.4127070298043939 -0.9108638249211761
outer loop
vertex -31.8 11.214111095767487 2.44828076115491
vertex -31.8 11.372065029080353 2.3767127650616238
vertex -24.2 11.372065029080353 2.3767127650616238
endloop
endfacet
facet normal 0.0 -0.4713967368260001 -0.8819212643483537
outer loop
vertex -31.8 11.372065029080353 2.3767127650616238
vertex -31.8 11.524999999999999 2.2949673200287624
vertex -24.2 11.524999999999999 2.2949673200287624
endloop
endfacet
facet normal 0.0 -0.5280678506503675 -0.8492021815265791
outer loop
vertex -31.8 11.524999999999999 2.2949673200287624
vertex -31.8 11.672261117501945 2.2033944726017447
vertex -24.2 11.672261117501945 2.2033944726017447
endloop
endfacet
facet normal 0.0 -0.6835923020228718 -0.7298640726978352
outer loop
vertex -31.8 12.07383297014435 1.8738329701443508
vertex -24.2 12.07383297014435 1.8738329701443508
vertex -31.8 11.947266410015182 1.99237548981929
endloop
endfacet
facet normal 0.0 -0.5824776968678014 -0.8128466845916158
outer loop
vertex -31.8 11.672261117501945 2.2033944726017447
vertex -31.8 11.813217786873109 2.102386351771773
vertex -24.2 11.813217786873109 2.102386351771773
endloop
endfacet
facet normal 0.0 -0.634393284163645 -0.7730104533627374
outer loop
vertex -31.8 11.813217786873109 2.102386351771773
vertex -31.8 11.947266410015182 1.99237548981929
vertex -24.2 11.947266410015182 1.99237548981929
endloop
endfacet
facet normal 0.0 -0.7298640726978352 -0.6835923020228718
outer loop
vertex -31.8 12.07383297014435 1.8738329701443508
vertex -31.8 12.19237548981929 1.7472664100151825
vertex -24.2 12.19237548981929 1.7472664100151825
endloop
endfacet
facet normal 0.0 -0.7730104533627356 -0.6343932841636473
outer loop
vertex -31.8 12.302386351771773 1.6132177868731097
vertex -24.2 12.302386351771773 1.6132177868731097
vertex -31.8 12.19237548981929 1.7472664100151825
endloop
endfacet
facet normal 0.0 -0.8128466845916195 -0.5824776968677963
outer loop
vertex -31.8 12.302386351771773 1.6132177868731097
vertex -31.8 12.403394472601743 1.4722611175019458
vertex -24.2 12.403394472601743 1.4722611175019458
endloop
endfacet
facet normal 0.0 -0.8492021815265766 -0.5280678506503719
outer loop
vertex -31.8 12.403394472601743 1.4722611175019458
vertex -31.8 12.494967320028762 1.3249999999999997
vertex -24.2 12.494967320028762 1.3249999999999997
endloop
endfacet
facet normal 0.0 -0.9108638249211755 0.4127070298043954
outer loop
vertex -31.8 12.576712765061624 -1.1720650290803534
vertex -24.2 12.576712765061624 -1.1720650290803534
vertex -31.8 12.64828076115491 -1.014111095767488
endloop
endfacet
facet normal 0.0 -0.9359059267573252 0.35225004792123465
outer loop
vertex -31.8 12.64828076115491 -1.014111095767488
vertex -24.2 12.64828076115491 -1.014111095767488
vertex -31.8 12.70936484316203 -0.8518145830533782
endloop
endfacet
facet normal 0.0 -0.9569403357322104 0.290284677254457
outer loop
vertex -31.8 12.70936484316203 -0.8518145830533782
vertex -24.2 12.70936484316203 -0.8518145830533782
vertex -31.8 12.75970343966603 -0.68587046952168
endloop
endfacet
facet normal 0.0 -0.9738769792773322 0.2270762630343797
outer loop
vertex -31.8 12.75970343966603 -0.68587046952168
vertex -24.2 12.75970343966603 -0.68587046952168
vertex -31.8 12.79908099306856 -0.5169893533427399
endloop
endfacet
facet normal 0.0 -0.9866433320848799 0.16289547339458335
outer loop
vertex -31.8 12.79908099306856 -0.5169893533427399
vertex -24.2 12.79908099306856 -0.5169893533427399
vertex -31.8 12.827328882640597 -0.34589440938313665
endloop
endfacet
facet normal 0.0 -0.9951847266721966 0.09801714032956348
outer loop
vertex -31.8 12.827328882640597 -0.34589440938313665
vertex -24.2 12.827328882640597 -0.34589440938313665
vertex -31.8 12.844326146582299 -0.17331829245987912
endloop
endfacet
facet normal 0.0 -0.9994645874763657 0.032719082821776505
outer loop
vertex -31.8 12.844326146582299 -0.17331829245987912
vertex -24.2 12.844326146582299 -0.17331829245987912
vertex -31.8 12.85 0.0
endloop
endfacet
facet normal 0.0 -0.9994645874763657 -0.032719082821776505
outer loop
vertex -31.8 12.85 0.0
vertex -24.2 12.85 0.0
vertex -31.8 12.844326146582299 0.17331829245987912
endloop
endfacet
facet normal 0.0 -0.9951847266721966 -0.09801714032956348
outer loop
vertex -31.8 12.844326146582299 0.17331829245987912
vertex -24.2 12.844326146582299 0.17331829245987912
vertex -31.8 12.827328882640597 0.34589440938313665
endloop
endfacet
facet normal 0.0 -0.9866433320848799 -0.16289547339458335
outer loop
vertex -31.8 12.827328882640597 0.34589440938313665
vertex -24.2 12.827328882640597 0.34589440938313665
vertex -31.8 12.79908099306856 0.5169893533427399
endloop
endfacet
facet normal 0.0 -0.9738769792773322 -0.2270762630343797
outer loop
vertex -31.8 12.79908099306856 0.5169893533427399
vertex -24.2 12.79908099306856 0.5169893533427399
vertex -31.8 12.75970343966603 0.68587046952168
endloop
endfacet
facet normal 0.0 -0.9359059267573252 -0.35225004792123465
outer loop
vertex -31.8 12.70936484316203 0.8518145830533782
vertex -24.2 12.70936484316203 0.8518145830533782
vertex -31.8 12.64828076115491 1.014111095767488
endloop
endfacet
facet normal 0.0 -0.9108638249211755 -0.4127070298043954
outer loop
vertex -31.8 12.576712765061624 1.1720650290803534
vertex -31.8 12.64828076115491 1.014111095767488
vertex -24.2 12.64828076115491 1.014111095767488
endloop
endfacet
facet normal 0.0 -0.881921264348354 -0.47139673682599936
outer loop
vertex -31.8 12.494967320028762 1.3249999999999997
vertex -31.8 12.576712765061624 1.1720650290803534
vertex -24.2 12.576712765061624 1.1720650290803534
endloop
endfacet
facet normal 0.0 -0.9569403357322104 -0.290284677254457
outer loop
vertex -31.8 12.70936484316203 0.8518145830533782
vertex -31.8 12.75970343966603 0.68587046952168
vertex -24.2 12.75970343966603 0.68587046952168
endloop
endfacet
facet normal 0.0 0.8492021815265788 0.5280678506503682
outer loop
vertex -31.8 7.996605527398255 -1.4722611175019458
vertex -24.2 7.905032679971237 -1.3249999999999997
vertex -24.2 7.996605527398255 -1.4722611175019458
endloop
endfacet
facet normal 0.0 0.7730104533627356 0.6343932841636473
outer loop
vertex -31.8 8.20762451018071 -1.7472664100151825
vertex -24.2 8.097613648228226 -1.6132177868731097
vertex -24.2 8.20762451018071 -1.7472664100151825
endloop
endfacet
facet normal 0.0 0.8128466845916169 0.5824776968677996
outer loop
vertex -31.8 8.097613648228226 -1.6132177868731097
vertex -24.2 7.996605527398255 -1.4722611175019458
vertex -24.2 8.097613648228226 -1.6132177868731097
endloop
endfacet
facet normal 0.0 0.7298640726978352 0.6835923020228718
outer loop
vertex -31.8 8.326167029855648 -1.8738329701443508
vertex -24.2 8.20762451018071 -1.7472664100151825
vertex -24.2 8.326167029855648 -1.8738329701443508
endloop
endfacet
facet normal 0.0 0.634393284163645 0.7730104533627374
outer loop
vertex -31.8 8.58678221312689 -2.102386351771773
vertex -24.2 8.452733589984817 -1.99237548981929
vertex -24.2 8.58678221312689 -2.102386351771773
endloop
endfacet
facet normal 0.0 0.5824776968678014 0.8128466845916158
outer loop
vertex -31.8 8.727738882498054 -2.2033944726017447
vertex -24.2 8.58678221312689 -2.102386351771773
vertex -24.2 8.727738882498054 -2.2033944726017447
endloop
endfacet
facet normal 0.0 0.6835923020228718 0.7298640726978352
outer loop
vertex -31.8 8.452733589984817 -1.99237548981929
vertex -24.2 8.326167029855648 -1.8738329701443508
vertex -24.2 8.452733589984817 -1.99237548981929
endloop
endfacet
facet normal 0.0 0.5280678506503675 0.8492021815265791
outer loop
vertex -31.8 8.875 -2.2949673200287624
vertex -24.2 8.727738882498054 -2.2033944726017447
vertex -24.2 8.875 -2.2949673200287624
endloop
endfacet
facet normal 0.0 0.4713967368260001 0.8819212643483537
outer loop
vertex -31.8 9.027934970919645 -2.3767127650616238
vertex -24.2 8.875 -2.2949673200287624
vertex -24.2 9.027934970919645 -2.3767127650616238
endloop
endfacet
facet normal 0.0 0.4127070298043939 0.9108638249211761
outer loop
vertex -31.8 9.185888904232511 -2.44828076115491
vertex -24.2 9.027934970919645 -2.3767127650616238
vertex -24.2 9.185888904232511 -2.44828076115491
endloop
endfacet
facet normal 0.0 0.3522500479212362 0.9359059267573248
outer loop
vertex -31.8 9.34818541694662 -2.50936484316203
vertex -24.2 9.185888904232511 -2.44828076115491
vertex -24.2 9.34818541694662 -2.50936484316203
endloop
endfacet
facet normal 0.0 0.29028467725446017 0.9569403357322096
outer loop
vertex -31.8 9.51412953047832 -2.559703439666031
vertex -24.2 9.34818541694662 -2.50936484316203
vertex -24.2 9.51412953047832 -2.559703439666031
endloop
endfacet
facet normal 0.0 0.22707626303437353 0.9738769792773335
outer loop
vertex -31.8 9.683010646657259 -2.5990809930685606
vertex -24.2 9.51412953047832 -2.559703439666031
vertex -24.2 9.683010646657259 -2.5990809930685606
endloop
endfacet
facet normal 0.0 0.16289547339458774 0.9866433320848793
outer loop
vertex -31.8 9.854105590616863 -2.6273288826405974
vertex -24.2 9.683010646657259 -2.5990809930685606
vertex -24.2 9.854105590616863 -2.6273288826405974
endloop
endfacet
facet normal 0.0 0.09801714032956067 0.9951847266721968
outer loop
vertex -31.8 10.02668170754012 -2.644326146582299
vertex -24.2 9.854105590616863 -2.6273288826405974
vertex -24.2 10.02668170754012 -2.644326146582299
endloop
endfacet
facet normal 0.0 0.0327190828217766 0.9994645874763657
outer loop
vertex -31.8 10.2 -2.65
vertex -24.2 10.02668170754012 -2.644326146582299
vertex -24.2 10.2 -2.65
endloop
endfacet
facet normal 0.0 -0.0327190828217766 0.9994645874763657
outer loop
vertex -31.8 10.373318292459878 -2.644326146582299
vertex -24.2 10.2 -2.65
vertex -24.2 10.373318292459878 -2.644326146582299
endloop
endfacet
facet normal 0.0 -0.09801714032956067 0.9951847266721968
outer loop
vertex -31.8 10.545894409383136 -2.6273288826405974
vertex -24.2 10.373318292459878 -2.644326146582299
vertex -24.2 10.545894409383136 -2.6273288826405974
endloop
endfacet
facet normal 0.0 -0.16289547339458774 0.9866433320848793
outer loop
vertex -31.8 10.71698935334274 -2.5990809930685606
vertex -24.2 10.545894409383136 -2.6273288826405974
vertex -24.2 10.71698935334274 -2.5990809930685606
endloop
endfacet
facet normal 0.0 -0.22707626303437353 0.9738769792773335
outer loop
vertex -31.8 10.885870469521679 -2.559703439666031
vertex -24.2 10.71698935334274 -2.5990809930685606
vertex -24.2 10.885870469521679 -2.559703439666031
endloop
endfacet
facet normal 0.0 -0.29028467725446017 0.9569403357322096
outer loop
vertex -31.8 11.051814583053378 -2.50936484316203
vertex -24.2 10.885870469521679 -2.559703439666031
vertex -24.2 11.051814583053378 -2.50936484316203
endloop
endfacet
facet normal 0.0 -0.3522500479212362 0.9359059267573248
outer loop
vertex -31.8 11.214111095767487 -2.44828076115491
vertex -24.2 11.051814583053378 -2.50936484316203
vertex -24.2 11.214111095767487 -2.44828076115491
endloop
endfacet
facet normal 0.0 -0.4127070298043939 0.9108638249211761
outer loop
vertex -31.8 11.372065029080353 -2.3767127650616238
vertex -24.2 11.214111095767487 -2.44828076115491
vertex -24.2 11.372065029080353 -2.3767127650616238
endloop
endfacet
facet normal 0.0 -0.4713967368260001 0.8819212643483537
outer loop
vertex -31.8 11.524999999999999 -2.2949673200287624
vertex -24.2 11.372065029080353 -2.3767127650616238
vertex -24.2 11.524999999999999 -2.2949673200287624
endloop
endfacet
facet normal 0.0 -0.5280678506503675 0.8492021815265791
outer loop
vertex -31.8 11.672261117501945 -2.2033944726017447
vertex -24.2 11.524999999999999 -2.2949673200287624
vertex -24.2 11.672261117501945 -2.2033944726017447
endloop
endfacet
facet normal 0.0 -0.5824776968678014 0.8128466845916158
outer loop
vertex -31.8 11.813217786873109 -2.102386351771773
vertex -24.2 11.672261117501945 -2.2033944726017447
vertex -24.2 11.813217786873109 -2.102386351771773
endloop
endfacet
facet normal 0.0 -0.634393284163645 0.7730104533627374
outer loop
vertex -31.8 11.947266410015182 -1.99237548981929
vertex -24.2 11.813217786873109 -2.102386351771773
vertex -24.2 11.947266410015182 -1.99237548981929
endloop
endfacet
facet normal 0.0 -0.6835923020228718 0.7298640726978352
outer loop
vertex -31.8 12.07383297014435 -1.8738329701443508
vertex -24.2 11.947266410015182 -1.99237548981929
vertex -24.2 12.07383297014435 -1.8738329701443508
endloop
endfacet
facet normal 0.0 -0.7298640726978352 0.6835923020228718
outer loop
vertex -31.8 12.19237548981929 -1.7472664100151825
vertex -24.2 12.07383297014435 -1.8738329701443508
vertex -24.2 12.19237548981929 -1.7472664100151825
endloop
endfacet
facet normal 0.0 -0.7730104533627356 0.6343932841636473
outer loop
vertex -31.8 12.302386351771773 -1.6132177868731097
vertex -24.2 12.19237548981929 -1.7472664100151825
vertex -24.2 12.302386351771773 -1.6132177868731097
endloop
endfacet
facet normal 0.0 -0.8128466845916195 0.5824776968677963
outer loop
vertex -31.8 12.403394472601743 -1.4722611175019458
vertex -24.2 12.302386351771773 -1.6132177868731097
vertex -24.2 12.403394472601743 -1.4722611175019458
endloop
endfacet
facet normal 0.0 -0.8492021815265766 0.5280678506503719
outer loop
vertex -31.8 12.494967320028762 -1.3249999999999997
vertex -24.2 12.403394472601743 -1.4722611175019458
vertex -24.2 12.494967320028762 -1.3249999999999997
endloop
endfacet
facet normal 0.0 0.9994645874763657 0.032719082821776505
outer loop
vertex -31.8 7.5556738534177 -0.17331829245987912
vertex -24.2 7.549999999999999 0.0
vertex -24.2 7.5556738534177 -0.17331829245987912
endloop
endfacet
facet normal 0.0 0.9994645874763657 -0.032719082821776505
outer loop
vertex -31.8 7.549999999999999 0.0
vertex -24.2 7.5556738534177 0.17331829245987912
vertex -24.2 7.549999999999999 0.0
endloop
endfacet
facet normal 0.0 0.9359059267573252 0.35225004792123465
outer loop
vertex -31.8 7.751719238845089 -1.014111095767488
vertex -24.2 7.690635156837969 -0.8518145830533782
vertex -24.2 7.751719238845089 -1.014111095767488
endloop
endfacet
facet normal 0.0 0.9569403357322104 0.290284677254457
outer loop
vertex -31.8 7.690635156837969 -0.8518145830533782
vertex -24.2 7.640296560333969 -0.68587046952168
vertex -24.2 7.690635156837969 -0.8518145830533782
endloop
endfacet
facet normal 0.0 0.9108638249211755 0.4127070298043954
outer loop
vertex -31.8 7.823287234938375 -1.1720650290803534
vertex -24.2 7.751719238845089 -1.014111095767488
vertex -24.2 7.823287234938375 -1.1720650290803534
endloop
endfacet
facet normal 0.0 0.881921264348354 0.47139673682599936
outer loop
vertex -31.8 7.905032679971237 -1.3249999999999997
vertex -24.2 7.823287234938375 -1.1720650290803534
vertex -24.2 7.905032679971237 -1.3249999999999997
endloop
endfacet
facet normal 0.0 0.9738769792773333 0.2270762630343748
outer loop
vertex -31.8 7.640296560333969 -0.68587046952168
vertex -24.2 7.600919006931439 -0.5169893533427399
vertex -24.2 7.640296560333969 -0.68587046952168
endloop
endfacet
facet normal 0.0 0.9866433320848792 0.16289547339458835
outer loop
vertex -31.8 7.600919006931439 -0.5169893533427399
vertex -24.2 7.572671117359402 -0.34589440938313665
vertex -24.2 7.600919006931439 -0.5169893533427399
endloop
endfacet
facet normal 0.0 0.9951847266721966 0.09801714032956348
outer loop
vertex -31.8 7.572671117359402 -0.34589440938313665
vertex -24.2 7.5556738534177 -0.17331829245987912
vertex -24.2 7.572671117359402 -0.34589440938313665
endloop
endfacet
facet normal 0.0 0.9951847266721966 -0.09801714032956348
outer loop
vertex -31.8 7.5556738534177 0.17331829245987912
vertex -24.2 7.572671117359402 0.34589440938313665
vertex -24.2 7.5556738534177 0.17331829245987912
endloop
endfacet
facet normal 0.0 0.9866433320848792 -0.16289547339458835
outer loop
vertex -31.8 7.572671117359402 0.34589440938313665
vertex -24.2 7.600919006931439 0.5169893533427399
vertex -24.2 7.572671117359402 0.34589440938313665
endloop
endfacet
facet normal 0.0 0.9738769792773333 -0.2270762630343748
outer loop
vertex -31.8 7.600919006931439 0.5169893533427399
vertex -24.2 7.640296560333969 0.68587046952168
vertex -24.2 7.600919006931439 0.5169893533427399
endloop
endfacet
facet normal 0.0 0.9569403357322104 -0.290284677254457
outer loop
vertex -31.8 7.640296560333969 0.68587046952168
vertex -24.2 7.690635156837969 0.8518145830533782
vertex -24.2 7.640296560333969 0.68587046952168
endloop
endfacet
facet normal 0.0 0.9359059267573252 -0.35225004792123465
outer loop
vertex -31.8 7.690635156837969 0.8518145830533782
vertex -24.2 7.751719238845089 1.014111095767488
vertex -24.2 7.690635156837969 0.8518145830533782
endloop
endfacet
facet normal 0.0 0.9108638249211755 -0.4127070298043954
outer loop
vertex -31.8 7.751719238845089 1.014111095767488
vertex -24.2 7.823287234938375 1.1720650290803534
vertex -24.2 7.751719238845089 1.014111095767488
endloop
endfacet
facet normal 0.0 0.881921264348354 -0.47139673682599936
outer loop
vertex -31.8 7.823287234938375 1.1720650290803534
vertex -24.2 7.905032679971237 1.3249999999999997
vertex -24.2 7.823287234938375 1.1720650290803534
endloop
endfacet
facet normal 0.0 0.8492021815265788 -0.5280678506503682
outer loop
vertex -31.8 7.905032679971237 1.3249999999999997
vertex -24.2 7.996605527398255 1.4722611175019458
vertex -24.2 7.905032679971237 1.3249999999999997
endloop
endfacet
facet normal 0.0 0.8128466845916169 -0.5824776968677996
outer loop
vertex -31.8 7.996605527398255 1.4722611175019458
vertex -24.2 8.097613648228226 1.6132177868731097
vertex -24.2 7.996605527398255 1.4722611175019458
endloop
endfacet
facet normal 0.0 0.7730104533627356 -0.6343932841636473
outer loop
vertex -31.8 8.097613648228226 1.6132177868731097
vertex -24.2 8.20762451018071 1.7472664100151825
vertex -24.2 8.097613648228226 1.6132177868731097
endloop
endfacet
facet normal 0.0 0.7298640726978352 -0.6835923020228718
outer loop
vertex -31.8 8.20762451018071 1.7472664100151825
vertex -24.2 8.326167029855648 1.8738329701443508
vertex -24.2 8.20762451018071 1.7472664100151825
endloop
endfacet
facet normal 0.0 0.6835923020228718 -0.7298640726978352
outer loop
vertex -31.8 8.326167029855648 1.8738329701443508
vertex -24.2 8.452733589984817 1.99237548981929
vertex -24.2 8.326167029855648 1.8738329701443508
endloop
endfacet
facet normal 0.0 0.634393284163645 -0.7730104533627374
outer loop
vertex -31.8 8.452733589984817 1.99237548981929
vertex -24.2 8.58678221312689 2.102386351771773
vertex -24.2 8.452733589984817 1.99237548981929
endloop
endfacet
facet normal 0.0 0.5824776968678014 -0.8128466845916158
outer loop
vertex -31.8 8.58678221312689 2.102386351771773
vertex -24.2 8.727738882498054 2.2033944726017447
vertex -24.2 8.58678221312689 2.102386351771773
endloop
endfacet
facet normal 0.0 0.5280678506503675 -0.8492021815265791
outer loop
vertex -31.8 8.727738882498054 2.2033944726017447
vertex -24.2 8.875 2.2949673200287624
vertex -24.2 8.727738882498054 2.2033944726017447
endloop
endfacet
facet normal 0.0 0.4713967368260001 -0.8819212643483537
outer loop
vertex -31.8 8.875 2.2949673200287624
vertex -24.2 9.027934970919645 2.3767127650616238
vertex -24.2 8.875 2.2949673200287624
endloop
endfacet
facet normal 0.0 0.4127070298043939 -0.9108638249211761
outer loop
vertex -31.8 9.027934970919645 2.3767127650616238
vertex -24.2 9.185888904232511 2.44828076115491
vertex -24.2 9.027934970919645 2.3767127650616238
endloop
endfacet
facet normal 0.0 0.3522500479212362 -0.9359059267573248
outer loop
vertex -31.8 9.185888904232511 2.44828076115491
vertex -24.2 9.34818541694662 2.50936484316203
vertex -24.2 9.185888904232511 2.44828076115491
endloop
endfacet
facet normal 0.0 0.29028467725446017 -0.9569403357322096
outer loop
vertex -31.8 9.34818541694662 2.50936484316203
vertex -24.2 9.51412953047832 2.559703439666031
vertex -24.2 9.34818541694662 2.50936484316203
endloop
endfacet
facet normal 0.0 0.22707626303437353 -0.9738769792773335
outer loop
vertex -31.8 9.51412953047832 2.559703439666031
vertex -24.2 9.683010646657259 2.5990809930685606
vertex -24.2 9.51412953047832 2.559703439666031
endloop
endfacet
facet normal 0.0 0.16289547339458774 -0.9866433320848793
outer loop
vertex -31.8 9.683010646657259 2.5990809930685606
vertex -24.2 9.854105590616863 2.6273288826405974
vertex -24.2 9.683010646657259 2.5990809930685606
endloop
endfacet
facet normal 0.0 0.09801714032956067 -0.9951847266721968
outer loop
vertex -31.8 9.854105590616863 2.6273288826405974
vertex -24.2 10.02668170754012 2.644326146582299
vertex -24.2 9.854105590616863 2.6273288826405974
endloop
endfacet
facet normal 0.0 0.0327190828217766 -0.9994645874763657
outer loop
vertex -31.8 10.02668170754012 2.644326146582299
vertex -24.2 10.2 2.65
vertex -24.2 10.02668170754012 2.644326146582299
endloop
endfacet
facet normal 0.0 -0.0327190828217766 -0.9994645874763657
outer loop
vertex -31.8 10.2 2.65
vertex -24.2 10.373318292459878 2.644326146582299
vertex -24.2 10.2 2.65
endloop
endfacet
facet normal 0.0 -0.09801714032956067 -0.9951847266721968
outer loop
vertex -31.8 10.373318292459878 2.644326146582299
vertex -24.2 10.545894409383136 2.6273288826405974
vertex -24.2 10.373318292459878 2.644326146582299
endloop
endfacet
facet normal 0.0 -0.16289547339458774 -0.9866433320848793
outer loop
vertex -31.8 10.545894409383136 2.6273288826405974
vertex -24.2 10.71698935334274 2.5990809930685606
vertex -24.2 10.545894409383136 2.6273288826405974
endloop
endfacet
facet normal 0.0 -0.22707626303437353 -0.9738769792773335
outer loop
vertex -31.8 10.71698935334274 2.5990809930685606
vertex -24.2 10.885870469521679 2.559703439666031
vertex -24.2 10.71698935334274 2.5990809930685606
endloop
endfacet
facet normal 0.0 -0.881921264348354 -0.47139673682599936
outer loop
vertex -31.8 12.494967320028762 1.3249999999999997
vertex -24.2 12.576712765061624 1.1720650290803534
vertex -24.2 12.494967320028762 1.3249999999999997
endloop
endfacet
facet normal 0.0 -0.29028467725446017 -0.9569403357322096
outer loop
vertex -31.8 10.885870469521679 2.559703439666031
vertex -24.2 11.051814583053378 2.50936484316203
vertex -24.2 10.885870469521679 2.559703439666031
endloop
endfacet
facet normal 0.0 -0.3522500479212362 -0.9359059267573248
outer loop
vertex -31.8 11.051814583053378 2.50936484316203
vertex -24.2 11.214111095767487 2.44828076115491
vertex -24.2 11.051814583053378 2.50936484316203
endloop
endfacet
facet normal 0.0 -0.4127070298043939 -0.9108638249211761
outer loop
vertex -31.8 11.214111095767487 2.44828076115491
vertex -24.2 11.372065029080353 2.3767127650616238
vertex -24.2 11.214111095767487 2.44828076115491
endloop
endfacet
facet normal 0.0 -0.4713967368260001 -0.8819212643483537
outer loop
vertex -31.8 11.372065029080353 2.3767127650616238
vertex -24.2 11.524999999999999 2.2949673200287624
vertex -24.2 11.372065029080353 2.3767127650616238
endloop
endfacet
facet normal 0.0 -0.5280678506503675 -0.8492021815265791
outer loop
vertex -31.8 11.524999999999999 2.2949673200287624
vertex -24.2 11.672261117501945 2.2033944726017447
vertex -24.2 11.524999999999999 2.2949673200287624
endloop
endfacet
facet normal 0.0 -0.6835923020228718 -0.7298640726978352
outer loop
vertex -31.8 11.947266410015182 1.99237548981929
vertex -24.2 12.07383297014435 1.8738329701443508
vertex -24.2 11.947266410015182 1.99237548981929
endloop
endfacet
facet normal 0.0 -0.5824776968678014 -0.8128466845916158
outer loop
vertex -31.8 11.672261117501945 2.2033944726017447
vertex -24.2 11.813217786873109 2.102386351771773
vertex -24.2 11.672261117501945 2.2033944726017447
endloop
endfacet
facet normal 0.0 -0.634393284163645 -0.7730104533627374
outer loop
vertex -31.8 11.813217786873109 2.102386351771773
vertex -24.2 11.947266410015182 1.99237548981929
vertex -24.2 11.813217786873109 2.102386351771773
endloop
endfacet
facet normal 0.0 -0.7298640726978352 -0.6835923020228718
outer loop
vertex -31.8 12.07383297014435 1.8738329701443508
vertex -24.2 12.19237548981929 1.7472664100151825
vertex -24.2 12.07383297014435 1.8738329701443508
endloop
endfacet
facet normal 0.0 -0.7730104533627356 -0.6343932841636473
outer loop
vertex -31.8 12.19237548981929 1.7472664100151825
vertex -24.2 12.302386351771773 1.6132177868731097
vertex -24.2 12.19237548981929 1.7472664100151825
endloop
endfacet
facet normal 0.0 -0.8128466845916195 -0.5824776968677963
outer loop
vertex -31.8 12.302386351771773 1.6132177868731097
vertex -24.2 12.403394472601743 1.4722611175019458
vertex -24.2 12.302386351771773 1.6132177868731097
endloop
endfacet
facet normal 0.0 -0.8492021815265766 -0.5280678506503719
outer loop
vertex -31.8 12.403394472601743 1.4722611175019458
vertex -24.2 12.494967320028762 1.3249999999999997
vertex -24.2 12.403394472601743 1.4722611175019458
endloop
endfacet
facet normal 0.0 -0.881921264348354 0.47139673682599936
outer loop
vertex -31.8 12.576712765061624 -1.1720650290803534
vertex -24.2 12.494967320028762 -1.3249999999999997
vertex -24.2 12.576712765061624 -1.1720650290803534
endloop
endfacet
facet normal 0.0 -0.9108638249211755 0.4127070298043954
outer loop
vertex -31.8 12.64828076115491 -1.014111095767488
vertex -24.2 12.576712765061624 -1.1720650290803534
vertex -24.2 12.64828076115491 -1.014111095767488
endloop
endfacet
facet normal 0.0 -0.9359059267573252 0.35225004792123465
outer loop
vertex -31.8 12.70936484316203 -0.8518145830533782
vertex -24.2 12.64828076115491 -1.014111095767488
vertex -24.2 12.70936484316203 -0.8518145830533782
endloop
endfacet
facet normal 0.0 -0.9569403357322104 0.290284677254457
outer loop
vertex -31.8 12.75970343966603 -0.68587046952168
vertex -24.2 12.70936484316203 -0.8518145830533782
vertex -24.2 12.75970343966603 -0.68587046952168
endloop
endfacet
facet normal 0.0 -0.9738769792773322 0.2270762630343797
outer loop
vertex -31.8 12.79908099306856 -0.5169893533427399
vertex -24.2 12.75970343966603 -0.68587046952168
vertex -24.2 12.79908099306856 -0.5169893533427399
endloop
endfacet
facet normal 0.0 -0.9866433320848799 0.16289547339458335
outer loop
vertex -31.8 12.827328882640597 -0.34589440938313665
vertex -24.2 12.79908099306856 -0.5169893533427399
vertex -24.2 12.827328882640597 -0.34589440938313665
endloop
endfacet
facet normal 0.0 -0.9951847266721966 0.09801714032956348
outer loop
vertex -31.8 12.844326146582299 -0.17331829245987912
vertex -24.2 12.827328882640597 -0.34589440938313665
vertex -24.2 12.844326146582299 -0.17331829245987912
endloop
endfacet
facet normal 0.0 -0.9994645874763657 0.032719082821776505
outer loop
vertex -31.8 12.85 0.0
vertex -24.2 12.844326146582299 -0.17331829245987912
vertex -24.2 12.85 0.0
endloop
endfacet
facet normal 0.0 -0.9951847266721966 -0.09801714032956348
outer loop
vertex -31.8 12.827328882640597 0.34589440938313665
vertex -24.2 12.844326146582299 0.17331829245987912
vertex -24.2 12.827328882640597 0.34589440938313665
endloop
endfacet
facet normal 0.0 -0.9994645874763657 -0.032719082821776505
outer loop
vertex -31.8 12.844326146582299 0.17331829245987912
vertex -24.2 12.85 0.0
vertex -24.2 12.844326146582299 0.17331829245987912
endloop
endfacet
facet normal 0.0 -0.9866433320848799 -0.16289547339458335
outer loop
vertex -31.8 12.79908099306856 0.5169893533427399
vertex -24.2 12.827328882640597 0.34589440938313665
vertex -24.2 12.79908099306856 0.5169893533427399
endloop
endfacet
facet normal 0.0 -0.9738769792773322 -0.2270762630343797
outer loop
vertex -31.8 12.75970343966603 0.68587046952168
vertex -24.2 12.79908099306856 0.5169893533427399
vertex -24.2 12.75970343966603 0.68587046952168
endloop
endfacet
facet normal 0.0 -0.9569403357322104 -0.290284677254457
outer loop
vertex -31.8 12.70936484316203 0.8518145830533782
vertex -24.2 12.75970343966603 0.68587046952168
vertex -24.2 12.70936484316203 0.8518145830533782
endloop
endfacet
facet normal 0.0 -0.9359059267573252 -0.35225004792123465
outer loop
vertex -31.8 12.64828076115491 1.014111095767488
vertex -24.2 12.70936484316203 0.8518145830533782
vertex -24.2 12.64828076115491 1.014111095767488
endloop
endfacet
facet normal 0.0 -0.9108638249211755 -0.4127070298043954
outer loop
vertex -31.8 12.576712765061624 1.1720650290803534
vertex -24.2 12.64828076115491 1.014111095767488
vertex -24.2 12.576712765061624 1.1720650290803534
endloop
endfacet
facet normal -1.0 0.0 0.0
outer loop
vertex -31.8 11.086860279185586 11.75
vertex -31.8 10.917199921570214 12.067412203795493
vertex -31.8 15.333010646657259 11.900919006931439
endloop
endfacet
facet normal -1.0 0.0 0.0
outer loop
vertex -31.8 10.537407955410124 13.076495251936135
vertex -31.8 10.455680957782231 13.427003228911294
vertex -31.8 13.473287234938375 13.327934970919646
endloop
endfacet
facet normal -1.0 0.0 0.0
outer loop
vertex -31.8 10.641884287776918 12.732082940832612
vertex -31.8 10.537407955410124 13.076495251936135
vertex -31.8 13.747613648228226 12.88678221312689
endloop
endfacet
facet normal -1.0 0.0 -0.0
outer loop
vertex -31.8 10.397053262444043 13.782105942789716
vertex -31.8 13.340635156837969 13.648185416946621
vertex -31.8 10.455680957782231 13.427003228911294
endloop
endfacet
facet normal -1.0 0.0 0.0
outer loop
vertex -31.8 10.397053262444043 13.782105942789716
vertex -31.8 10.36177592218768 14.140282789234213
vertex -31.8 13.25091900693144 13.98301064665726
endloop
endfacet
facet normal -1.0 0.0 0.0
outer loop
vertex -31.8 10.36177592218768 14.140282789234213
vertex -31.8 10.35 14.5
vertex -31.8 13.2056738534177 14.326681707540121
endloop
endfacet
facet normal -1.0 0.0 0.0
outer loop
vertex -31.8 10.35 14.5
vertex -31.8 10.36177592218768 14.859717210765787
vertex -31.8 13.2 14.5
endloop
endfacet
facet normal -1.0 0.0 0.0
outer loop
vertex -31.8 10.768662571187923 12.395241121992006
vertex -31.8 10.641884287776918 12.732082940832612
vertex -31.8 14.102733589984817 12.50762451018071
endloop
endfacet
facet normal -1.0 0.0 -0.0
outer loop
vertex -31.8 10.768662571187923 12.395241121992006
vertex -31.8 14.525 12.205032679971238
vertex -31.8 10.917199921570214 12.067412203795493
endloop
endfacet
facet normal -1.0 0.0 0.0
outer loop
vertex -31.8 10.537407955410124 13.076495251936135
vertex -31.8 13.473287234938375 13.327934970919646
vertex -31.8 13.555032679971237 13.175
endloop
endfacet
facet normal -0.9999999999999999 0.0 0.0
outer loop
vertex -31.8 10.397053262444043 13.782105942789716
vertex -31.8 13.25091900693144 13.98301064665726
vertex -31.8 13.290296560333969 13.81412953047832
endloop
endfacet
facet normal -0.9999999999999999 0.0 0.0
outer loop
vertex -31.8 10.455680957782231 13.427003228911294
vertex -31.8 13.340635156837969 13.648185416946621
vertex -31.8 13.40171923884509 13.485888904232512
endloop
endfacet
facet normal -1.0 0.0 0.0
outer loop
vertex -31.8 10.455680957782231 13.427003228911294
vertex -31.8 13.40171923884509 13.485888904232512
vertex -31.8 13.473287234938375 13.327934970919646
endloop
endfacet
facet normal -1.0 0.0 0.0
outer loop
vertex -31.8 10.397053262444043 13.782105942789716
vertex -31.8 13.290296560333969 13.81412953047832
vertex -31.8 13.340635156837969 13.648185416946621
endloop
endfacet
facet normal -1.0 0.0 0.0
outer loop
vertex -31.8 10.36177592218768 14.140282789234213
vertex -31.8 13.222671117359402 14.154105590616863
vertex -31.8 13.25091900693144 13.98301064665726
endloop
endfacet
facet normal -1.0 0.0 0.0
outer loop
vertex -31.8 10.36177592218768 14.140282789234213
vertex -31.8 13.2056738534177 14.326681707540121
vertex -31.8 13.222671117359402 14.154105590616863
endloop
endfacet
facet normal -1.0 0.0 0.0
outer loop
vertex -31.8 10.35 14.5
vertex -31.8 13.2 14.5
vertex -31.8 13.2056738534177 14.326681707540121
endloop
endfacet
facet normal -1.0 0.0 0.0
outer loop
vertex -31.8 10.36177592218768 14.859717210765787
vertex -31.8 10.397053262444043 15.217894057210284
vertex -31.8 13.222671117359402 14.845894409383137
endloop
endfacet
facet normal -1.0 0.0 0.0
outer loop
vertex -31.8 10.397053262444043 15.217894057210284
vertex -31.8 10.455680957782231 15.572996771088706
vertex -31.8 13.290296560333969 15.18587046952168
endloop
endfacet
facet normal -1.0 0.0 0.0
outer loop
vertex -31.8 10.455680957782231 15.572996771088706
vertex -31.8 10.537407955410124 15.923504748063865
vertex -31.8 13.40171923884509 15.514111095767488
endloop
endfacet
facet normal -1.0 0.0 0.0
outer loop
vertex -31.8 10.537407955410124 15.923504748063865
vertex -31.8 10.641884287776918 16.267917059167388
vertex -31.8 13.555032679971237 15.825
endloop
endfacet
facet normal -1.0 0.0 -0.0
outer loop
vertex -31.8 10.36177592218768 14.859717210765787
vertex -31.8 13.2056738534177 14.673318292459879
vertex -31.8 13.2 14.5
endloop
endfacet
facet normal -1.0 0.0 -0.0
outer loop
vertex -31.8 10.36177592218768 14.859717210765787
vertex -31.8 13.222671117359402 14.845894409383137
vertex -31.8 13.2056738534177 14.673318292459879
endloop
endfacet
facet normal -0.9999999999999999 0.0 -0.0
outer loop
vertex -31.8 10.397053262444043 15.217894057210284
vertex -31.8 13.25091900693144 15.01698935334274
vertex -31.8 13.222671117359402 14.845894409383137
endloop
endfacet
facet normal -0.9999999999999999 0.0 -0.0
outer loop
vertex -31.8 10.397053262444043 15.217894057210284
vertex -31.8 13.290296560333969 15.18587046952168
vertex -31.8 13.25091900693144 15.01698935334274
endloop
endfacet
facet normal -1.0 0.0 -0.0
outer loop
vertex -31.8 10.455680957782231 15.572996771088706
vertex -31.8 13.340635156837969 15.351814583053379
vertex -31.8 13.290296560333969 15.18587046952168
endloop
endfacet
facet normal -0.9999999999999999 0.0 -0.0
outer loop
vertex -31.8 10.455680957782231 15.572996771088706
vertex -31.8 13.40171923884509 15.514111095767488
vertex -31.8 13.340635156837969 15.351814583053379
endloop
endfacet
facet normal -1.0 0.0 -0.0
outer loop
vertex -31.8 10.537407955410124 15.923504748063865
vertex -31.8 13.473287234938375 15.672065029080354
vertex -31.8 13.40171923884509 15.514111095767488
endloop
endfacet
facet normal -1.0 0.0 -0.0
outer loop
vertex -31.8 10.537407955410124 15.923504748063865
vertex -31.8 13.555032679971237 15.825
vertex -31.8 13.473287234938375 15.672065029080354
endloop
endfacet
facet normal -1.0 0.0 0.0
outer loop
vertex -31.8 10.641884287776918 16.267917059167388
vertex -31.8 10.768662571187923 16.604758878007992
vertex -31.8 13.85762451018071 16.247266410015182
endloop
endfacet
facet normal -1.0 0.0 0.0
outer loop
vertex -31.8 10.768662571187923 16.604758878007992
vertex -31.8 10.917199921570214 16.93258779620451
vertex -31.8 14.23678221312689 16.602386351771774
endloop
endfacet
facet normal -1.0 0.0 0.0
outer loop
vertex -31.8 10.917199921570214 16.93258779620451
vertex -31.8 11.086860279185586 17.25
vertex -31.8 14.677934970919646 16.876712765061622
endloop
endfacet
facet normal -1.0 -0.0 -0.0
outer loop
vertex -31.8 14.082082940832612 9.291884287776918
vertex -31.8 17.273504748063864 9.187407955410125
vertex -31.8 14.426495251936135 9.187407955410125
endloop
endfacet
facet normal -0.9999999999999999 -0.0 -0.0
outer loop
vertex -31.8 14.426495251936135 9.187407955410125
vertex -31.8 16.922996771088705 9.105680957782234
vertex -31.8 14.777003228911294 9.105680957782234
endloop
endfacet
facet normal -1.0 -0.0 -0.0
outer loop
vertex -31.8 14.777003228911294 9.105680957782234
vertex -31.8 16.56789405721028 9.047053262444042
vertex -31.8 15.132105942789716 9.047053262444042
endloop
endfacet
facet normal -1.0 -0.0 -0.0
outer loop
vertex -31.8 15.132105942789716 9.047053262444042
vertex -31.8 16.209717210765785 9.011775922187681
vertex -31.8 15.490282789234213 9.011775922187681
endloop
endfacet
facet normal -1.0 0.0 -0.0
outer loop
vertex -31.8 15.490282789234213 9.011775922187681
vertex -31.8 16.209717210765785 9.011775922187681
vertex -31.8 15.85 9.0
endloop
endfacet
facet normal -1.0 0.0 -0.0
outer loop
vertex -31.8 15.132105942789716 9.047053262444042
vertex -31.8 16.56789405721028 9.047053262444042
vertex -31.8 16.209717210765785 9.011775922187681
endloop
endfacet
facet normal -1.0 0.0 -0.0
outer loop
vertex -31.8 14.777003228911294 9.105680957782234
vertex -31.8 16.922996771088705 9.105680957782234
vertex -31.8 16.56789405721028 9.047053262444042
endloop
endfacet
facet normal -1.0 0.0 -0.0
outer loop
vertex -31.8 14.426495251936135 9.187407955410125
vertex -31.8 17.273504748063864 9.187407955410125
vertex -31.8 16.922996771088705 9.105680957782234
endloop
endfacet
facet normal -0.9999999999999999 0.0 -0.0
outer loop
vertex -31.8 14.082082940832612 9.291884287776918
vertex -31.8 17.61791705916739 9.291884287776918
vertex -31.8 17.273504748063864 9.187407955410125
endloop
endfacet
facet normal -1.0 0.0 0.0
outer loop
vertex -31.8 10.917199921570214 12.067412203795493
vertex -31.8 15.16412953047832 11.94029656033397
vertex -31.8 15.333010646657259 11.900919006931439
endloop
endfacet
facet normal -0.9999999999999999 0.0 0.0
outer loop
vertex -31.8 11.086860279185586 11.75
vertex -31.8 15.333010646657259 11.900919006931439
vertex -31.8 15.504105590616863 11.872671117359403
endloop
endfacet
facet normal -1.0 0.0 0.0
outer loop
vertex -31.8 11.086860279185586 11.75
vertex -31.8 15.504105590616863 11.872671117359403
vertex -31.8 15.676681707540121 11.8556738534177
endloop
endfacet
facet normal -1.0 0.0 0.0
outer loop
vertex -31.8 10.641884287776918 12.732082940832612
vertex -31.8 13.976167029855649 12.62616702985565
vertex -31.8 14.102733589984817 12.50762451018071
endloop
endfacet
facet normal -1.0 0.0 0.0
outer loop
vertex -31.8 10.537407955410124 13.076495251936135
vertex -31.8 13.555032679971237 13.175
vertex -31.8 13.646605527398254 13.027738882498054
endloop
endfacet
facet normal -1.0 0.0 0.0
outer loop
vertex -31.8 10.537407955410124 13.076495251936135
vertex -31.8 13.646605527398254 13.027738882498054
vertex -31.8 13.747613648228226 12.88678221312689
endloop
endfacet
facet normal -1.0 0.0 0.0
outer loop
vertex -31.8 10.641884287776918 12.732082940832612
vertex -31.8 13.747613648228226 12.88678221312689
vertex -31.8 13.85762451018071 12.752733589984818
endloop
endfacet
facet normal -1.0 0.0 0.0
outer loop
vertex -31.8 10.641884287776918 12.732082940832612
vertex -31.8 13.85762451018071 12.752733589984818
vertex -31.8 13.976167029855649 12.62616702985565
endloop
endfacet
facet normal -1.0 0.0 0.0
outer loop
vertex -31.8 10.768662571187923 12.395241121992006
vertex -31.8 14.102733589984817 12.50762451018071
vertex -31.8 14.23678221312689 12.397613648228226
endloop
endfacet
facet normal -1.0 0.0 0.0
outer loop
vertex -31.8 10.768662571187923 12.395241121992006
vertex -31.8 14.23678221312689 12.397613648228226
vertex -31.8 14.377738882498054 12.296605527398256
endloop
endfacet
facet normal -1.0 0.0 0.0
outer loop
vertex -31.8 10.768662571187923 12.395241121992006
vertex -31.8 14.377738882498054 12.296605527398256
vertex -31.8 14.525 12.205032679971238
endloop
endfacet
facet normal -1.0 0.0 0.0
outer loop
vertex -31.8 10.917199921570214 12.067412203795493
vertex -31.8 14.525 12.205032679971238
vertex -31.8 14.677934970919646 12.123287234938376
endloop
endfacet
facet normal -0.9999999999999999 0.0 0.0
outer loop
vertex -31.8 10.917199921570214 12.067412203795493
vertex -31.8 14.677934970919646 12.123287234938376
vertex -31.8 14.835888904232512 12.05171923884509
endloop
endfacet
facet normal -1.0 0.0 0.0
outer loop
vertex -31.8 10.917199921570214 12.067412203795493
vertex -31.8 14.835888904232512 12.05171923884509
vertex -31.8 14.99818541694662 11.99063515683797
endloop
endfacet
facet normal -1.0 0.0 0.0
outer loop
vertex -31.8 10.917199921570214 12.067412203795493
vertex -31.8 14.99818541694662 11.99063515683797
vertex -31.8 15.16412953047832 11.94029656033397
endloop
endfacet
facet normal -0.9999999999999999 -0.0 -0.0
outer loop
vertex -31.8 11.960912703473989 10.61091270347399
vertex -31.8 19.47640198305038 10.364881058865624
vertex -31.8 12.223598016949621 10.364881058865624
endloop
endfacet
facet normal -1.0 -0.0 -0.0
outer loop
vertex -31.8 13.1 9.736860279185587
vertex -31.8 18.282587796204506 9.567199921570214
vertex -31.8 13.417412203795493 9.567199921570214
endloop
endfacet
facet normal -1.0 -0.0 -0.0
outer loop
vertex -31.8 12.794363718392187 9.926917132336001
vertex -31.8 18.599999999999998 9.736860279185587
vertex -31.8 13.1 9.736860279185587
endloop
endfacet
facet normal -1.0 -0.0 -0.0
outer loop
vertex -31.8 12.223598016949621 10.364881058865624
vertex -31.8 19.198187859547964 10.136556628398207
vertex -31.8 12.501812140452035 10.136556628398207
endloop
endfacet
facet normal -1.0 -0.0 -0.0
outer loop
vertex -31.8 12.501812140452035 10.136556628398207
vertex -31.8 18.905636281607812 9.926917132336001
vertex -31.8 12.794363718392187 9.926917132336001
endloop
endfacet
facet normal -1.0 -0.0 -0.0
outer loop
vertex -31.8 11.276917132336001 11.444363718392188
vertex -31.8 20.21344337160179 11.151812140452037
vertex -31.8 11.486556628398207 11.151812140452037
endloop
endfacet
facet normal -1.0 0.0 0.0
outer loop
vertex -31.8 11.960912703473989 10.61091270347399
vertex -31.8 11.714881058865624 10.873598016949622
vertex -31.8 19.73908729652601 10.61091270347399
endloop
endfacet
facet normal -1.0 -0.0 -0.0
outer loop
vertex -31.8 11.486556628398207 11.151812140452037
vertex -31.8 19.985118941134374 10.873598016949622
vertex -31.8 11.714881058865624 10.873598016949622
endloop
endfacet
facet normal -1.0 0.0 0.0
outer loop
vertex -31.8 11.276917132336001 11.444363718392188
vertex -31.8 11.086860279185586 11.75
vertex -31.8 20.423082867664 11.444363718392188
endloop
endfacet
facet normal -1.0 0.0 0.0
outer loop
vertex -31.8 11.086860279185586 11.75
vertex -31.8 15.676681707540121 11.8556738534177
vertex -31.8 15.85 11.85
endloop
endfacet
facet normal -1.0 -0.0 -0.0
outer loop
vertex -31.8 13.417412203795493 9.567199921570214
vertex -31.8 17.954758878007993 9.418662571187923
vertex -31.8 13.745241121992006 9.418662571187923
endloop
endfacet
facet normal -1.0 0.0 0.0
outer loop
vertex -31.8 14.082082940832612 9.291884287776918
vertex -31.8 13.745241121992006 9.418662571187923
vertex -31.8 17.61791705916739 9.291884287776918
endloop
endfacet
facet normal -0.9999999999999999 0.0 -0.0
outer loop
vertex -31.8 10.641884287776918 16.267917059167388
vertex -31.8 13.646605527398254 15.972261117501946
vertex -31.8 13.555032679971237 15.825
endloop
endfacet
facet normal -1.0 0.0 -0.0
outer loop
vertex -31.8 10.641884287776918 16.267917059167388
vertex -31.8 13.747613648228226 16.11321778687311
vertex -31.8 13.646605527398254 15.972261117501946
endloop
endfacet
facet normal -0.9999999999999999 0.0 -0.0
outer loop
vertex -31.8 10.641884287776918 16.267917059167388
vertex -31.8 13.85762451018071 16.247266410015182
vertex -31.8 13.747613648228226 16.11321778687311
endloop
endfacet
facet normal -1.0 0.0 -0.0
outer loop
vertex -31.8 10.768662571187923 16.604758878007992
vertex -31.8 13.976167029855649 16.37383297014435
vertex -31.8 13.85762451018071 16.247266410015182
endloop
endfacet
facet normal -1.0 0.0 -0.0
outer loop
vertex -31.8 10.768662571187923 16.604758878007992
vertex -31.8 14.102733589984817 16.49237548981929
vertex -31.8 13.976167029855649 16.37383297014435
endloop
endfacet
facet normal -1.0 0.0 -0.0
outer loop
vertex -31.8 10.768662571187923 16.604758878007992
vertex -31.8 14.23678221312689 16.602386351771774
vertex -31.8 14.102733589984817 16.49237548981929
endloop
endfacet
facet normal -1.0 0.0 -0.0
outer loop
vertex -31.8 10.917199921570214 16.93258779620451
vertex -31.8 14.377738882498054 16.703394472601744
vertex -31.8 14.23678221312689 16.602386351771774
endloop
endfacet
facet normal -1.0 0.0 -0.0
outer loop
vertex -31.8 10.917199921570214 16.93258779620451
vertex -31.8 14.525 16.79496732002876
vertex -31.8 14.377738882498054 16.703394472601744
endloop
endfacet
facet normal -1.0 0.0 -0.0
outer loop
vertex -31.8 10.917199921570214 16.93258779620451
vertex -31.8 14.677934970919646 16.876712765061622
vertex -31.8 14.525 16.79496732002876
endloop
endfacet
facet normal -1.0 0.0 -0.0
outer loop
vertex -31.8 11.086860279185586 17.25
vertex -31.8 14.835888904232512 16.94828076115491
vertex -31.8 14.677934970919646 16.876712765061622
endloop
endfacet
facet normal -1.0 0.0 -0.0
outer loop
vertex -31.8 11.086860279185586 17.25
vertex -31.8 14.99818541694662 17.00936484316203
vertex -31.8 14.835888904232512 16.94828076115491
endloop
endfacet
facet normal -1.0 0.0 -0.0
outer loop
vertex -31.8 11.086860279185586 17.25
vertex -31.8 15.16412953047832 17.05970343966603
vertex -31.8 14.99818541694662 17.00936484316203
endloop
endfacet
facet normal -0.9999999999999999 0.0 -0.0
outer loop
vertex -31.8 11.086860279185586 17.25
vertex -31.8 15.333010646657259 17.09908099306856
vertex -31.8 15.16412953047832 17.05970343966603
endloop
endfacet
facet normal -1.0 0.0 -0.0
outer loop
vertex -31.8 11.086860279185586 17.25
vertex -31.8 15.504105590616863 17.127328882640597
vertex -31.8 15.333010646657259 17.09908099306856
endloop
endfacet
facet normal -1.0 0.0 -0.0
outer loop
vertex -31.8 11.086860279185586 17.25
vertex -31.8 15.676681707540121 17.144326146582298
vertex -31.8 15.504105590616863 17.127328882640597
endloop
endfacet
facet normal -1.0 0.0 -0.0
outer loop
vertex -31.8 11.086860279185586 17.25
vertex -31.8 15.85 17.15
vertex -31.8 15.676681707540121 17.144326146582298
endloop
endfacet
facet normal -1.0 0.0 0.0
outer loop
vertex -31.8 11.086860279185586 17.25
vertex -31.8 11.276917132336001 17.55563628160781
vertex -31.8 20.613139720814413 17.25
endloop
endfacet
facet normal -0.9999999999999999 0.0 0.0
outer loop
vertex -31.8 11.276917132336001 17.55563628160781
vertex -31.8 11.486556628398207 17.848187859547963
vertex -31.8 20.423082867664 17.55563628160781
endloop
endfacet
facet normal -1.0 0.0 0.0
outer loop
vertex -31.8 11.486556628398207 17.848187859547963
vertex -31.8 11.714881058865624 18.12640198305038
vertex -31.8 20.21344337160179 17.848187859547963
endloop
endfacet
facet normal -1.0 0.0 0.0
outer loop
vertex -31.8 11.714881058865624 18.12640198305038
vertex -31.8 11.960912703473989 18.38908729652601
vertex -31.8 19.985118941134374 18.12640198305038
endloop
endfacet
facet normal -1.0 0.0 0.0
outer loop
vertex -31.8 11.960912703473989 18.38908729652601
vertex -31.8 12.223598016949621 18.635118941134376
vertex -31.8 19.73908729652601 18.38908729652601
endloop
endfacet
facet normal -1.0 0.0 0.0
outer loop
vertex -31.8 12.223598016949621 18.635118941134376
vertex -31.8 12.501812140452035 18.863443371601793
vertex -31.8 19.47640198305038 18.635118941134376
endloop
endfacet
facet normal -1.0 0.0 0.0
outer loop
vertex -31.8 12.501812140452035 18.863443371601793
vertex -31.8 12.794363718392187 19.073082867664
vertex -31.8 19.198187859547964 18.863443371601793
endloop
endfacet
facet normal -1.0 0.0 0.0
outer loop
vertex -31.8 12.794363718392187 19.073082867664
vertex -31.8 13.1 19.263139720814415
vertex -31.8 18.905636281607812 19.073082867664
endloop
endfacet
facet normal -1.0 0.0 0.0
outer loop
vertex -31.8 13.1 19.263139720814415
vertex -31.8 13.417412203795493 19.432800078429786
vertex -31.8 18.599999999999998 19.263139720814415
endloop
endfacet
facet normal -1.0 0.0 0.0
outer loop
vertex -31.8 13.417412203795493 19.432800078429786
vertex -31.8 13.745241121992006 19.581337428812077
vertex -31.8 18.282587796204506 19.432800078429786
endloop
endfacet
facet normal -1.0 0.0 0.0
outer loop
vertex -31.8 13.745241121992006 19.581337428812077
vertex -31.8 14.082082940832612 19.708115712223083
vertex -31.8 17.954758878007993 19.581337428812077
endloop
endfacet
facet normal -0.9999999999999999 0.0 0.0
outer loop
vertex -31.8 14.082082940832612 19.708115712223083
vertex -31.8 14.426495251936135 19.812592044589877
vertex -31.8 17.61791705916739 19.708115712223083
endloop
endfacet
facet normal -1.0 0.0 0.0
outer loop
vertex -31.8 14.426495251936135 19.812592044589877
vertex -31.8 14.777003228911294 19.894319042217766
vertex -31.8 17.273504748063864 19.812592044589877
endloop
endfacet
facet normal -1.0 0.0 0.0
outer loop
vertex -31.8 14.777003228911294 19.894319042217766
vertex -31.8 15.132105942789716 19.95294673755596
vertex -31.8 16.922996771088705 19.894319042217766
endloop
endfacet
facet normal -1.0 0.0 0.0
outer loop
vertex -31.8 15.132105942789716 19.95294673755596
vertex -31.8 15.490282789234213 19.98822407781232
vertex -31.8 16.56789405721028 19.95294673755596
endloop
endfacet
facet normal -1.0 0.0 0.0
outer loop
vertex -31.8 17.61791705916739 9.291884287776918
vertex -31.8 13.745241121992006 9.418662571187923
vertex -31.8 17.954758878007993 9.418662571187923
endloop
endfacet
facet normal -1.0 0.0 -0.0
outer loop
vertex -31.8 13.417412203795493 9.567199921570214
vertex -31.8 18.282587796204506 9.567199921570214
vertex -31.8 17.954758878007993 9.418662571187923
endloop
endfacet
facet normal -1.0 0.0 -0.0
outer loop
vertex -31.8 13.1 9.736860279185587
vertex -31.8 18.599999999999998 9.736860279185587
vertex -31.8 18.282587796204506 9.567199921570214
endloop
endfacet
facet normal -1.0 0.0 0.0
outer loop
vertex -31.8 11.086860279185586 11.75
vertex -31.8 15.85 11.85
vertex -31.8 20.613139720814413 11.75
endloop
endfacet
facet normal -1.0 0.0 -0.0
outer loop
vertex -31.8 12.794363718392187 9.926917132336001
vertex -31.8 18.905636281607812 9.926917132336001
vertex -31.8 18.599999999999998 9.736860279185587
endloop
endfacet
facet normal -1.0 0.0 -0.0
outer loop
vertex -31.8 12.501812140452035 10.136556628398207
vertex -31.8 19.198187859547964 10.136556628398207
vertex -31.8 18.905636281607812 9.926917132336001
endloop
endfacet
facet normal -1.0 0.0 -0.0
outer loop
vertex -31.8 12.223598016949621 10.364881058865624
vertex -31.8 19.47640198305038 10.364881058865624
vertex -31.8 19.198187859547964 10.136556628398207
endloop
endfacet
facet normal -1.0 0.0 -0.0
outer loop
vertex -31.8 11.960912703473989 10.61091270347399
vertex -31.8 19.73908729652601 10.61091270347399
vertex -31.8 19.47640198305038 10.364881058865624
endloop
endfacet
facet normal -1.0 0.0 -0.0
outer loop
vertex -31.8 11.714881058865624 10.873598016949622
vertex -31.8 19.985118941134374 10.873598016949622
vertex -31.8 19.73908729652601 10.61091270347399
endloop
endfacet
facet normal -1.0 0.0 -0.0
outer loop
vertex -31.8 11.486556628398207 11.151812140452037
vertex -31.8 20.0 10.89173063964187
vertex -31.8 19.985118941134374 10.873598016949622
endloop
endfacet
facet normal -1.0 0.0 -0.0
outer loop
vertex -31.8 11.486556628398207 11.151812140452037
vertex -31.8 20.21344337160179 11.151812140452037
vertex -31.8 20.0 10.89173063964187
endloop
endfacet
facet normal -1.0 0.0 -0.0
outer loop
vertex -31.8 11.276917132336001 11.444363718392188
vertex -31.8 20.423082867664 11.444363718392188
vertex -31.8 20.21344337160179 11.151812140452037
endloop
endfacet
facet normal -1.0 0.0 -0.0
outer loop
vertex -31.8 11.086860279185586 11.75
vertex -31.8 20.613139720814413 11.75
vertex -31.8 20.423082867664 11.444363718392188
endloop
endfacet
facet normal -1.0 0.0 0.0
outer loop
vertex -31.8 15.85 11.85
vertex -31.8 16.02331829245988 11.8556738534177
vertex -31.8 20.613139720814413 11.75
endloop
endfacet
facet normal -1.0 0.0 0.0
outer loop
vertex -31.8 16.02331829245988 11.8556738534177
vertex -31.8 16.195894409383136 11.872671117359403
vertex -31.8 20.613139720814413 11.75
endloop
endfacet
facet normal -1.0 0.0 0.0
outer loop
vertex -31.8 16.195894409383136 11.872671117359403
vertex -31.8 16.36698935334274 11.900919006931439
vertex -31.8 20.613139720814413 11.75
endloop
endfacet
facet normal -0.9999999999999999 0.0 0.0
outer loop
vertex -31.8 16.36698935334274 11.900919006931439
vertex -31.8 16.53587046952168 11.94029656033397
vertex -31.8 20.613139720814413 11.75
endloop
endfacet
facet normal -1.0 0.0 0.0
outer loop
vertex -31.8 16.53587046952168 11.94029656033397
vertex -31.8 16.701814583053377 11.99063515683797
vertex -31.8 20.613139720814413 11.75
endloop
endfacet
facet normal -1.0 0.0 0.0
outer loop
vertex -31.8 16.701814583053377 11.99063515683797
vertex -31.8 16.864111095767488 12.05171923884509
vertex -31.8 20.613139720814413 11.75
endloop
endfacet
facet normal -1.0 0.0 0.0
outer loop
vertex -31.8 16.864111095767488 12.05171923884509
vertex -31.8 17.022065029080352 12.123287234938376
vertex -31.8 20.613139720814413 11.75
endloop
endfacet
facet normal -0.9999999999999999 0.0 0.0
outer loop
vertex -31.8 17.022065029080352 12.123287234938376
vertex -31.8 17.175 12.205032679971238
vertex -31.8 20.782800078429787 12.067412203795493
endloop
endfacet
facet normal -1.0 0.0 0.0
outer loop
vertex -31.8 17.175 12.205032679971238
vertex -31.8 17.322261117501945 12.296605527398256
vertex -31.8 20.782800078429787 12.067412203795493
endloop
endfacet
facet normal -1.0 0.0 0.0
outer loop
vertex -31.8 17.322261117501945 12.296605527398256
vertex -31.8 17.46321778687311 12.397613648228226
vertex -31.8 20.782800078429787 12.067412203795493
endloop
endfacet
facet normal -1.0 0.0 0.0
outer loop
vertex -31.8 17.46321778687311 12.397613648228226
vertex -31.8 17.59726641001518 12.50762451018071
vertex -31.8 20.93133742881208 12.395241121992006
endloop
endfacet
facet normal -1.0 0.0 0.0
outer loop
vertex -31.8 17.59726641001518 12.50762451018071
vertex -31.8 17.72383297014435 12.62616702985565
vertex -31.8 20.93133742881208 12.395241121992006
endloop
endfacet
facet normal -1.0 0.0 0.0
outer loop
vertex -31.8 17.72383297014435 12.62616702985565
vertex -31.8 17.84237548981929 12.752733589984818
vertex -31.8 20.93133742881208 12.395241121992006
endloop
endfacet
facet normal -1.0 0.0 0.0
outer loop
vertex -31.8 17.84237548981929 12.752733589984818
vertex -31.8 17.95238635177177 12.88678221312689
vertex -31.8 21.05811571222308 12.732082940832612
endloop
endfacet
facet normal -1.0 0.0 0.0
outer loop
vertex -31.8 17.95238635177177 12.88678221312689
vertex -31.8 18.053394472601745 13.027738882498054
vertex -31.8 21.05811571222308 12.732082940832612
endloop
endfacet
facet normal -0.9999999999999999 0.0 0.0
outer loop
vertex -31.8 18.053394472601745 13.027738882498054
vertex -31.8 18.144967320028762 13.175
vertex -31.8 21.05811571222308 12.732082940832612
endloop
endfacet
facet normal -1.0 0.0 -0.0
outer loop
vertex -31.8 11.086860279185586 17.25
vertex -31.8 20.613139720814413 17.25
vertex -31.8 15.85 17.15
endloop
endfacet
facet normal -1.0 0.0 0.0
outer loop
vertex -31.8 15.490282789234213 19.98822407781232
vertex -31.8 15.85 20.0
vertex -31.8 16.209717210765785 19.98822407781232
endloop
endfacet
facet normal -1.0 0.0 0.0
outer loop
vertex -31.8 15.490282789234213 19.98822407781232
vertex -31.8 16.209717210765785 19.98822407781232
vertex -31.8 16.56789405721028 19.95294673755596
endloop
endfacet
facet normal -1.0 0.0 0.0
outer loop
vertex -31.8 15.132105942789716 19.95294673755596
vertex -31.8 16.56789405721028 19.95294673755596
vertex -31.8 16.922996771088705 19.894319042217766
endloop
endfacet
facet normal -1.0 0.0 0.0
outer loop
vertex -31.8 14.777003228911294 19.894319042217766
vertex -31.8 16.922996771088705 19.894319042217766
vertex -31.8 17.273504748063864 19.812592044589877
endloop
endfacet
facet normal -1.0 0.0 0.0
outer loop
vertex -31.8 14.426495251936135 19.812592044589877
vertex -31.8 17.273504748063864 19.812592044589877
vertex -31.8 17.61791705916739 19.708115712223083
endloop
endfacet
facet normal -1.0 0.0 0.0
outer loop
vertex -31.8 14.082082940832612 19.708115712223083
vertex -31.8 17.61791705916739 19.708115712223083
vertex -31.8 17.954758878007993 19.581337428812077
endloop
endfacet
facet normal -1.0 0.0 0.0
outer loop
vertex -31.8 13.745241121992006 19.581337428812077
vertex -31.8 17.954758878007993 19.581337428812077
vertex -31.8 18.282587796204506 19.432800078429786
endloop
endfacet
facet normal -1.0 0.0 0.0
outer loop
vertex -31.8 11.276917132336001 17.55563628160781
vertex -31.8 20.423082867664 17.55563628160781
vertex -31.8 20.613139720814413 17.25
endloop
endfacet
facet normal -0.9999999999999999 0.0 0.0
outer loop
vertex -31.8 11.486556628398207 17.848187859547963
vertex -31.8 20.21344337160179 17.848187859547963
vertex -31.8 20.423082867664 17.55563628160781
endloop
endfacet
facet normal -1.0 0.0 0.0
outer loop
vertex -31.8 11.714881058865624 18.12640198305038
vertex -31.8 19.985118941134374 18.12640198305038
vertex -31.8 20.0 18.10826936035813
endloop
endfacet
facet normal -1.0 0.0 0.0
outer loop
vertex -31.8 11.960912703473989 18.38908729652601
vertex -31.8 19.73908729652601 18.38908729652601
vertex -31.8 19.985118941134374 18.12640198305038
endloop
endfacet
facet normal -0.9999999999999999 0.0 0.0
outer loop
vertex -31.8 12.223598016949621 18.635118941134376
vertex -31.8 19.47640198305038 18.635118941134376
vertex -31.8 19.73908729652601 18.38908729652601
endloop
endfacet
facet normal -1.0 0.0 0.0
outer loop
vertex -31.8 11.714881058865624 18.12640198305038
vertex -31.8 20.0 18.10826936035813
vertex -31.8 20.21344337160179 17.848187859547963
endloop
endfacet
facet normal -1.0 0.0 0.0
outer loop
vertex -31.8 13.1 19.263139720814415
vertex -31.8 18.599999999999998 19.263139720814415
vertex -31.8 18.905636281607812 19.073082867664
endloop
endfacet
facet normal -1.0 0.0 0.0
outer loop
vertex -31.8 12.501812140452035 18.863443371601793
vertex -31.8 19.198187859547964 18.863443371601793
vertex -31.8 19.47640198305038 18.635118941134376
endloop
endfacet
facet normal -1.0 0.0 0.0
outer loop
vertex -31.8 12.794363718392187 19.073082867664
vertex -31.8 18.905636281607812 19.073082867664
vertex -31.8 19.198187859547964 18.863443371601793
endloop
endfacet
facet normal -1.0 0.0 0.0
outer loop
vertex -31.8 13.417412203795493 19.432800078429786
vertex -31.8 18.282587796204506 19.432800078429786
vertex -31.8 18.599999999999998 19.263139720814415
endloop
endfacet
facet normal -0.9999999999999999 0.0 -0.0
outer loop
vertex -31.8 15.85 17.15
vertex -31.8 20.613139720814413 17.25
vertex -31.8 16.02331829245988 17.144326146582298
endloop
endfacet
facet normal -1.0 0.0 -0.0
outer loop
vertex -31.8 16.02331829245988 17.144326146582298
vertex -31.8 20.613139720814413 17.25
vertex -31.8 16.195894409383136 17.127328882640597
endloop
endfacet
facet normal -1.0 0.0 -0.0
outer loop
vertex -31.8 16.195894409383136 17.127328882640597
vertex -31.8 20.613139720814413 17.25
vertex -31.8 16.36698935334274 17.09908099306856
endloop
endfacet
facet normal -1.0 -0.0 -0.0
outer loop
vertex -31.8 16.36698935334274 17.09908099306856
vertex -31.8 20.782800078429787 16.93258779620451
vertex -31.8 16.53587046952168 17.05970343966603
endloop
endfacet
facet normal -1.0 -0.0 -0.0
outer loop
vertex -31.8 16.53587046952168 17.05970343966603
vertex -31.8 20.782800078429787 16.93258779620451
vertex -31.8 16.701814583053377 17.00936484316203
endloop
endfacet
facet normal -1.0 0.0 0.0
outer loop
vertex -31.8 16.864111095767488 16.94828076115491
vertex -31.8 16.701814583053377 17.00936484316203
vertex -31.8 20.782800078429787 16.93258779620451
endloop
endfacet
facet normal -1.0 0.0 -0.0
outer loop
vertex -31.8 16.864111095767488 16.94828076115491
vertex -31.8 20.782800078429787 16.93258779620451
vertex -31.8 17.022065029080352 16.876712765061622
endloop
endfacet
facet normal -1.0 0.0 -0.0
outer loop
vertex -31.8 18.053394472601745 15.972261117501946
vertex -31.8 21.162592044589875 15.923504748063865
vertex -31.8 18.144967320028762 15.825
endloop
endfacet
facet normal -1.0 0.0 0.0
outer loop
vertex -31.8 17.46321778687311 16.602386351771774
vertex -31.8 17.322261117501945 16.703394472601744
vertex -31.8 20.93133742881208 16.604758878007992
endloop
endfacet
facet normal -0.9999999999999999 0.0 -0.0
outer loop
vertex -31.8 17.46321778687311 16.602386351771774
vertex -31.8 20.93133742881208 16.604758878007992
vertex -31.8 17.59726641001518 16.49237548981929
endloop
endfacet
facet normal -1.0 0.0 -0.0
outer loop
vertex -31.8 17.022065029080352 16.876712765061622
vertex -31.8 20.782800078429787 16.93258779620451
vertex -31.8 17.175 16.79496732002876
endloop
endfacet
facet normal -1.0 -0.0 -0.0
outer loop
vertex -31.8 17.175 16.79496732002876
vertex -31.8 20.93133742881208 16.604758878007992
vertex -31.8 17.322261117501945 16.703394472601744
endloop
endfacet
facet normal -1.0 0.0 0.0
outer loop
vertex -31.8 17.84237548981929 16.247266410015182
vertex -31.8 17.72383297014435 16.37383297014435
vertex -31.8 21.05811571222308 16.267917059167388
endloop
endfacet
facet normal -0.9999999999999999 -0.0 -0.0
outer loop
vertex -31.8 17.59726641001518 16.49237548981929
vertex -31.8 21.05811571222308 16.267917059167388
vertex -31.8 17.72383297014435 16.37383297014435
endloop
endfacet
facet normal -0.9999999999999999 0.0 -0.0
outer loop
vertex -31.8 17.84237548981929 16.247266410015182
vertex -31.8 21.05811571222308 16.267917059167388
vertex -31.8 17.95238635177177 16.11321778687311
endloop
endfacet
facet normal -1.0 0.0 0.0
outer loop
vertex -31.8 18.053394472601745 15.972261117501946
vertex -31.8 17.95238635177177 16.11321778687311
vertex -31.8 21.162592044589875 15.923504748063865
endloop
endfacet
facet normal 0.0 -0.9108638249211758 -0.41270702980439494
outer loop
vertex -31.8 10.768662571187923 12.395241121992006
vertex -31.8 10.917199921570214 12.067412203795493
vertex -24.2 10.768662571187923 12.395241121992006
endloop
endfacet
facet normal -0.0 -0.9359059267573253 -0.35225004792123465
outer loop
vertex -31.8 10.768662571187923 12.395241121992006
vertex -24.2 10.641884287776918 12.732082940832612
vertex -31.8 10.641884287776918 12.732082940832612
endloop
endfacet
facet normal -0.0 -0.9569403357322092 -0.2902846772544611
outer loop
vertex -31.8 10.641884287776918 12.732082940832612
vertex -24.2 10.537407955410124 13.076495251936135
vertex -31.8 10.537407955410124 13.076495251936135
endloop
endfacet
facet normal -0.0 -0.973876979277333 -0.2270762630343758
outer loop
vertex -31.8 10.537407955410124 13.076495251936135
vertex -24.2 10.455680957782231 13.427003228911294
vertex -31.8 10.455680957782231 13.427003228911294
endloop
endfacet
facet normal 0.0 -0.9866433320848795 -0.1628954733945848
outer loop
vertex -31.8 10.397053262444043 13.782105942789716
vertex -31.8 10.455680957782231 13.427003228911294
vertex -24.2 10.397053262444043 13.782105942789716
endloop
endfacet
facet normal -0.0 -0.9951847266721967 -0.09801714032956164
outer loop
vertex -31.8 10.397053262444043 13.782105942789716
vertex -24.2 10.36177592218768 14.140282789234213
vertex -31.8 10.36177592218768 14.140282789234213
endloop
endfacet
facet normal -0.0 -0.9994645874763656 -0.03271908282177687
outer loop
vertex -31.8 10.36177592218768 14.140282789234213
vertex -24.2 10.35 14.5
vertex -31.8 10.35 14.5
endloop
endfacet
facet normal -0.0 -0.8819212643483562 -0.4713967368259955
outer loop
vertex -31.8 11.086860279185586 11.75
vertex -24.2 10.917199921570214 12.067412203795493
vertex -31.8 10.917199921570214 12.067412203795493
endloop
endfacet
facet normal -0.0 -0.8492021815265779 -0.5280678506503693
outer loop
vertex -31.8 11.276917132336001 11.444363718392188
vertex -24.2 11.086860279185586 11.75
vertex -31.8 11.086860279185586 11.75
endloop
endfacet
facet normal 0.0 -0.7730104533627382 -0.6343932841636438
outer loop
vertex -31.8 11.486556628398207 11.151812140452037
vertex -31.8 11.714881058865624 10.873598016949622
vertex -24.2 11.486556628398207 11.151812140452037
endloop
endfacet
facet normal 0.0 -0.8128466845916141 -0.5824776968678038
outer loop
vertex -31.8 11.276917132336001 11.444363718392188
vertex -31.8 11.486556628398207 11.151812140452037
vertex -24.2 11.276917132336001 11.444363718392188
endloop
endfacet
facet normal 0.0 -0.683592302022873 -0.7298640726978342
outer loop
vertex -31.8 11.960912703473989 10.61091270347399
vertex -31.8 12.223598016949621 10.364881058865624
vertex -24.2 11.960912703473989 10.61091270347399
endloop
endfacet
facet normal 0.0 -0.6343932841636463 -0.7730104533627363
outer loop
vertex -31.8 12.223598016949621 10.364881058865624
vertex -31.8 12.501812140452035 10.136556628398207
vertex -24.2 12.223598016949621 10.364881058865624
endloop
endfacet
facet normal -0.0 -0.7298640726978342 -0.683592302022873
outer loop
vertex -31.8 11.960912703473989 10.61091270347399
vertex -24.2 11.714881058865624 10.873598016949622
vertex -31.8 11.714881058865624 10.873598016949622
endloop
endfacet
facet normal 0.0 -0.9994645874763656 0.03271908282177687
outer loop
vertex -31.8 10.35 14.5
vertex -24.2 10.36177592218768 14.859717210765787
vertex -31.8 10.36177592218768 14.859717210765787
endloop
endfacet
facet normal 0.0 -0.9951847266721967 0.09801714032956164
outer loop
vertex -31.8 10.36177592218768 14.859717210765787
vertex -24.2 10.397053262444043 15.217894057210284
vertex -31.8 10.397053262444043 15.217894057210284
endloop
endfacet
facet normal 0.0 -0.9866433320848795 0.1628954733945848
outer loop
vertex -31.8 10.397053262444043 15.217894057210284
vertex -24.2 10.455680957782231 15.572996771088706
vertex -31.8 10.455680957782231 15.572996771088706
endloop
endfacet
facet normal 0.0 -0.973876979277333 0.2270762630343758
outer loop
vertex -31.8 10.455680957782231 15.572996771088706
vertex -24.2 10.537407955410124 15.923504748063865
vertex -31.8 10.537407955410124 15.923504748063865
endloop
endfacet
facet normal 0.0 -0.9569403357322092 0.2902846772544611
outer loop
vertex -31.8 10.537407955410124 15.923504748063865
vertex -24.2 10.641884287776918 16.267917059167388
vertex -31.8 10.641884287776918 16.267917059167388
endloop
endfacet
facet normal 0.0 -0.9359059267573246 0.3522500479212363
outer loop
vertex -31.8 10.641884287776918 16.267917059167388
vertex -24.2 10.768662571187923 16.604758878007992
vertex -31.8 10.768662571187923 16.604758878007992
endloop
endfacet
facet normal 0.0 -0.9108638249211775 0.41270702980439117
outer loop
vertex -31.8 10.768662571187923 16.604758878007992
vertex -24.2 10.917199921570214 16.93258779620451
vertex -31.8 10.917199921570214 16.93258779620451
endloop
endfacet
facet normal 0.0 -0.881921264348355 0.47139673682599753
outer loop
vertex -31.8 10.917199921570214 16.93258779620451
vertex -24.2 11.086860279185586 17.25
vertex -31.8 11.086860279185586 17.25
endloop
endfacet
facet normal 0.0 -0.8492021815265767 0.5280678506503715
outer loop
vertex -31.8 11.086860279185586 17.25
vertex -24.2 11.276917132336001 17.55563628160781
vertex -31.8 11.276917132336001 17.55563628160781
endloop
endfacet
facet normal 0.0 -0.8128466845916157 0.5824776968678014
outer loop
vertex -31.8 11.276917132336001 17.55563628160781
vertex -24.2 11.486556628398207 17.848187859547963
vertex -31.8 11.486556628398207 17.848187859547963
endloop
endfacet
facet normal 0.0 -0.7730104533627382 0.6343932841636438
outer loop
vertex -31.8 11.486556628398207 17.848187859547963
vertex -24.2 11.714881058865624 18.12640198305038
vertex -31.8 11.714881058865624 18.12640198305038
endloop
endfacet
facet normal 0.0 -0.7298640726978342 0.683592302022873
outer loop
vertex -31.8 11.714881058865624 18.12640198305038
vertex -24.2 11.960912703473989 18.38908729652601
vertex -31.8 11.960912703473989 18.38908729652601
endloop
endfacet
facet normal 0.0 -0.683592302022873 0.7298640726978342
outer loop
vertex -31.8 11.960912703473989 18.38908729652601
vertex -24.2 12.223598016949621 18.635118941134376
vertex -31.8 12.223598016949621 18.635118941134376
endloop
endfacet
facet normal 0.0 -0.6343932841636463 0.7730104533627363
outer loop
vertex -31.8 12.223598016949621 18.635118941134376
vertex -24.2 12.501812140452035 18.863443371601793
vertex -31.8 12.501812140452035 18.863443371601793
endloop
endfacet
facet normal 0.0 -0.2902846772544611 -0.9569403357322092
outer loop
vertex -31.8 14.082082940832612 9.291884287776918
vertex -31.8 14.426495251936135 9.187407955410125
vertex -24.2 14.082082940832612 9.291884287776918
endloop
endfacet
facet normal 0.0 -0.22707626303437112 -0.9738769792773341
outer loop
vertex -31.8 14.426495251936135 9.187407955410125
vertex -31.8 14.777003228911294 9.105680957782234
vertex -24.2 14.426495251936135 9.187407955410125
endloop
endfacet
facet normal 0.0 -0.16289547339459443 -0.9866433320848781
outer loop
vertex -31.8 14.777003228911294 9.105680957782234
vertex -31.8 15.132105942789716 9.047053262444042
vertex -24.2 14.777003228911294 9.105680957782234
endloop
endfacet
facet normal 0.0 -0.09801714032955676 -0.9951847266721972
outer loop
vertex -31.8 15.132105942789716 9.047053262444042
vertex -31.8 15.490282789234213 9.011775922187681
vertex -24.2 15.132105942789716 9.047053262444042
endloop
endfacet
facet normal 0.0 -0.03271908282177687 -0.9994645874763656
outer loop
vertex -31.8 15.490282789234213 9.011775922187681
vertex -31.8 15.85 9.0
vertex -24.2 15.490282789234213 9.011775922187681
endloop
endfacet
facet normal 0.0 -0.5280678506503693 -0.8492021815265779
outer loop
vertex -31.8 12.794363718392187 9.926917132336001
vertex -31.8 13.1 9.736860279185587
vertex -24.2 12.794363718392187 9.926917132336001
endloop
endfacet
facet normal 0.0 -0.5824776968678014 -0.8128466845916157
outer loop
vertex -31.8 12.501812140452035 10.136556628398207
vertex -31.8 12.794363718392187 9.926917132336001
vertex -24.2 12.501812140452035 10.136556628398207
endloop
endfacet
facet normal 0.0 -0.4713967368259955 -0.8819212643483562
outer loop
vertex -31.8 13.1 9.736860279185587
vertex -31.8 13.417412203795493 9.567199921570214
vertex -24.2 13.1 9.736860279185587
endloop
endfacet
facet normal 0.0 -0.41270702980439494 -0.9108638249211758
outer loop
vertex -31.8 13.417412203795493 9.567199921570214
vertex -31.8 13.745241121992006 9.418662571187923
vertex -24.2 13.417412203795493 9.567199921570214
endloop
endfacet
facet normal -0.0 -0.35225004792123465 -0.9359059267573253
outer loop
vertex -31.8 14.082082940832612 9.291884287776918
vertex -24.2 13.745241121992006 9.418662571187923
vertex -31.8 13.745241121992006 9.418662571187923
endloop
endfacet
facet normal 0.0 -0.5824776968678014 0.8128466845916157
outer loop
vertex -31.8 12.501812140452035 18.863443371601793
vertex -24.2 12.794363718392187 19.073082867664
vertex -31.8 12.794363718392187 19.073082867664
endloop
endfacet
facet normal 0.0 -0.5280678506503729 0.8492021815265758
outer loop
vertex -31.8 12.794363718392187 19.073082867664
vertex -24.2 13.1 19.263139720814415
vertex -31.8 13.1 19.263139720814415
endloop
endfacet
facet normal 0.0 -0.4713967368259916 0.8819212643483583
outer loop
vertex -31.8 13.1 19.263139720814415
vertex -24.2 13.417412203795493 19.432800078429786
vertex -31.8 13.417412203795493 19.432800078429786
endloop
endfacet
facet normal 0.0 -0.41270702980439494 0.9108638249211758
outer loop
vertex -31.8 13.417412203795493 19.432800078429786
vertex -24.2 13.745241121992006 19.581337428812077
vertex -31.8 13.745241121992006 19.581337428812077
endloop
endfacet
facet normal 0.0 -0.352250047921239 0.9359059267573236
outer loop
vertex -31.8 13.745241121992006 19.581337428812077
vertex -24.2 14.082082940832612 19.708115712223083
vertex -31.8 14.082082940832612 19.708115712223083
endloop
endfacet
facet normal 0.0 -0.2902846772544611 0.9569403357322092
outer loop
vertex -31.8 14.082082940832612 19.708115712223083
vertex -24.2 14.426495251936135 19.812592044589877
vertex -31.8 14.426495251936135 19.812592044589877
endloop
endfacet
facet normal 0.0 -0.22707626303436643 0.9738769792773352
outer loop
vertex -31.8 14.426495251936135 19.812592044589877
vertex -24.2 14.777003228911294 19.894319042217766
vertex -31.8 14.777003228911294 19.894319042217766
endloop
endfacet
facet normal 0.0 -0.16289547339459443 0.9866433320848781
outer loop
vertex -31.8 14.777003228911294 19.894319042217766
vertex -24.2 15.132105942789716 19.95294673755596
vertex -31.8 15.132105942789716 19.95294673755596
endloop
endfacet
facet normal 0.0 -0.09801714032955676 0.9951847266721972
outer loop
vertex -31.8 15.132105942789716 19.95294673755596
vertex -24.2 15.490282789234213 19.98822407781232
vertex -31.8 15.490282789234213 19.98822407781232
endloop
endfacet
facet normal 0.0 -0.03271908282177687 0.9994645874763656
outer loop
vertex -31.8 15.490282789234213 19.98822407781232
vertex -24.2 15.85 20.0
vertex -31.8 15.85 20.0
endloop
endfacet
facet normal -0.9999999999999999 0.0 -0.0
outer loop
vertex -31.8 17.022065029080352 12.123287234938376
vertex -31.8 20.782800078429787 12.067412203795493
vertex -31.8 20.613139720814413 11.75
endloop
endfacet
facet normal -1.0 0.0 0.0
outer loop
vertex -31.8 18.144967320028762 13.175
vertex -31.8 18.226712765061624 13.327934970919646
vertex -31.8 21.162592044589875 13.076495251936135
endloop
endfacet
facet normal -1.0 0.0 0.0
outer loop
vertex -31.8 18.226712765061624 13.327934970919646
vertex -31.8 18.29828076115491 13.485888904232512
vertex -31.8 21.162592044589875 13.076495251936135
endloop
endfacet
facet normal -1.0 0.0 -0.0
outer loop
vertex -31.8 17.46321778687311 12.397613648228226
vertex -31.8 20.93133742881208 12.395241121992006
vertex -31.8 20.782800078429787 12.067412203795493
endloop
endfacet
facet normal -1.0 0.0 -0.0
outer loop
vertex -31.8 17.84237548981929 12.752733589984818
vertex -31.8 21.05811571222308 12.732082940832612
vertex -31.8 20.93133742881208 12.395241121992006
endloop
endfacet
facet normal -0.9999999999999999 0.0 0.0
outer loop
vertex -31.8 18.29828076115491 13.485888904232512
vertex -31.8 18.35936484316203 13.648185416946621
vertex -31.8 21.244319042217768 13.427003228911294
endloop
endfacet
facet normal -1.0 0.0 0.0
outer loop
vertex -31.8 18.35936484316203 13.648185416946621
vertex -31.8 18.409703439666032 13.81412953047832
vertex -31.8 21.244319042217768 13.427003228911294
endloop
endfacet
facet normal -1.0 0.0 0.0
outer loop
vertex -31.8 18.409703439666032 13.81412953047832
vertex -31.8 18.44908099306856 13.98301064665726
vertex -31.8 21.302946737555956 13.782105942789716
endloop
endfacet
facet normal -1.0 0.0 0.0
outer loop
vertex -31.8 18.44908099306856 13.98301064665726
vertex -31.8 18.4773288826406 14.154105590616863
vertex -31.8 21.302946737555956 13.782105942789716
endloop
endfacet
facet normal -1.0 0.0 0.0
outer loop
vertex -31.8 18.4773288826406 14.154105590616863
vertex -31.8 18.4943261465823 14.326681707540121
vertex -31.8 21.33822407781232 14.140282789234213
endloop
endfacet
facet normal -1.0 0.0 0.0
outer loop
vertex -31.8 18.4943261465823 14.326681707540121
vertex -31.8 18.5 14.5
vertex -31.8 21.33822407781232 14.140282789234213
endloop
endfacet
facet normal -1.0 0.0 0.0
outer loop
vertex -31.8 18.5 14.5
vertex -31.8 18.4943261465823 14.673318292459879
vertex -31.8 21.35 14.5
endloop
endfacet
facet normal -1.0 0.0 -0.0
outer loop
vertex -31.8 18.144967320028762 13.175
vertex -31.8 21.162592044589875 13.076495251936135
vertex -31.8 21.05811571222308 12.732082940832612
endloop
endfacet
facet normal -1.0 0.0 -0.0
outer loop
vertex -31.8 18.29828076115491 13.485888904232512
vertex -31.8 21.244319042217768 13.427003228911294
vertex -31.8 21.162592044589875 13.076495251936135
endloop
endfacet
facet normal -1.0 0.0 -0.0
outer loop
vertex -31.8 18.409703439666032 13.81412953047832
vertex -31.8 21.302946737555956 13.782105942789716
vertex -31.8 21.244319042217768 13.427003228911294
endloop
endfacet
facet normal -1.0 0.0 -0.0
outer loop
vertex -31.8 18.4773288826406 14.154105590616863
vertex -31.8 21.33822407781232 14.140282789234213
vertex -31.8 21.302946737555956 13.782105942789716
endloop
endfacet
facet normal -1.0 0.0 -0.0
outer loop
vertex -31.8 18.5 14.5
vertex -31.8 21.35 14.5
vertex -31.8 21.33822407781232 14.140282789234213
endloop
endfacet
facet normal -1.0 0.0 0.0
outer loop
vertex -31.8 18.4943261465823 14.673318292459879
vertex -31.8 18.4773288826406 14.845894409383137
vertex -31.8 21.33822407781232 14.859717210765787
endloop
endfacet
facet normal -1.0 0.0 0.0
outer loop
vertex -31.8 18.4773288826406 14.845894409383137
vertex -31.8 18.44908099306856 15.01698935334274
vertex -31.8 21.33822407781232 14.859717210765787
endloop
endfacet
facet normal -0.9999999999999999 0.0 -0.0
outer loop
vertex -31.8 18.409703439666032 15.18587046952168
vertex -31.8 21.302946737555956 15.217894057210284
vertex -31.8 18.44908099306856 15.01698935334274
endloop
endfacet
facet normal -1.0 0.0 0.0
outer loop
vertex -31.8 18.409703439666032 15.18587046952168
vertex -31.8 18.35936484316203 15.351814583053379
vertex -31.8 21.302946737555956 15.217894057210284
endloop
endfacet
facet normal -1.0 0.0 -0.0
outer loop
vertex -31.8 18.29828076115491 15.514111095767488
vertex -31.8 21.244319042217768 15.572996771088706
vertex -31.8 18.35936484316203 15.351814583053379
endloop
endfacet
facet normal -1.0 0.0 0.0
outer loop
vertex -31.8 18.29828076115491 15.514111095767488
vertex -31.8 18.226712765061624 15.672065029080354
vertex -31.8 21.244319042217768 15.572996771088706
endloop
endfacet
facet normal -1.0 0.0 -0.0
outer loop
vertex -31.8 18.144967320028762 15.825
vertex -31.8 21.162592044589875 15.923504748063865
vertex -31.8 18.226712765061624 15.672065029080354
endloop
endfacet
facet normal -1.0 0.0 0.0
outer loop
vertex -31.8 16.36698935334274 17.09908099306856
vertex -31.8 20.613139720814413 17.25
vertex -31.8 20.782800078429787 16.93258779620451
endloop
endfacet
facet normal -1.0 0.0 0.0
outer loop
vertex -31.8 17.59726641001518 16.49237548981929
vertex -31.8 20.93133742881208 16.604758878007992
vertex -31.8 21.05811571222308 16.267917059167388
endloop
endfacet
facet normal -1.0 0.0 0.0
outer loop
vertex -31.8 17.175 16.79496732002876
vertex -31.8 20.782800078429787 16.93258779620451
vertex -31.8 20.93133742881208 16.604758878007992
endloop
endfacet
facet normal -1.0 0.0 0.0
outer loop
vertex -31.8 18.44908099306856 15.01698935334274
vertex -31.8 21.302946737555956 15.217894057210284
vertex -31.8 21.33822407781232 14.859717210765787
endloop
endfacet
facet normal -1.0 0.0 0.0
outer loop
vertex -31.8 18.35936484316203 15.351814583053379
vertex -31.8 21.244319042217768 15.572996771088706
vertex -31.8 21.302946737555956 15.217894057210284
endloop
endfacet
facet normal -1.0 0.0 0.0
outer loop
vertex -31.8 18.226712765061624 15.672065029080354
vertex -31.8 21.162592044589875 15.923504748063865
vertex -31.8 21.244319042217768 15.572996771088706
endloop
endfacet
facet normal -1.0 0.0 0.0
outer loop
vertex -31.8 18.4943261465823 14.673318292459879
vertex -31.8 21.33822407781232 14.859717210765787
vertex -31.8 21.35 14.5
endloop
endfacet
facet normal -1.0 0.0 0.0
outer loop
vertex -31.8 17.95238635177177 16.11321778687311
vertex -31.8 21.05811571222308 16.267917059167388
vertex -31.8 21.162592044589875 15.923504748063865
endloop
endfacet
facet normal 0.0 -0.9108638249211758 -0.41270702980439494
outer loop
vertex -31.8 10.917199921570214 12.067412203795493
vertex -24.2 10.917199921570214 12.067412203795493
vertex -24.2 10.768662571187923 12.395241121992006
endloop
endfacet
facet normal 0.0 -0.9359059267573253 -0.35225004792123465
outer loop
vertex -31.8 10.768662571187923 12.395241121992006
vertex -24.2 10.768662571187923 12.395241121992006
vertex -24.2 10.641884287776918 12.732082940832612
endloop
endfacet
facet normal 0.0 -0.9569403357322092 -0.2902846772544611
outer loop
vertex -31.8 10.641884287776918 12.732082940832612
vertex -24.2 10.641884287776918 12.732082940832612
vertex -24.2 10.537407955410124 13.076495251936135
endloop
endfacet
facet normal 0.0 -0.973876979277333 -0.2270762630343758
outer loop
vertex -31.8 10.537407955410124 13.076495251936135
vertex -24.2 10.537407955410124 13.076495251936135
vertex -24.2 10.455680957782231 13.427003228911294
endloop
endfacet
facet normal 0.0 -0.9866433320848795 -0.1628954733945848
outer loop
vertex -31.8 10.455680957782231 13.427003228911294
vertex -24.2 10.455680957782231 13.427003228911294
vertex -24.2 10.397053262444043 13.782105942789716
endloop
endfacet
facet normal 0.0 -0.9951847266721967 -0.09801714032956164
outer loop
vertex -31.8 10.397053262444043 13.782105942789716
vertex -24.2 10.397053262444043 13.782105942789716
vertex -24.2 10.36177592218768 14.140282789234213
endloop
endfacet
facet normal 0.0 -0.9994645874763656 -0.03271908282177687
outer loop
vertex -31.8 10.36177592218768 14.140282789234213
vertex -24.2 10.36177592218768 14.140282789234213
vertex -24.2 10.35 14.5
endloop
endfacet
facet normal 0.0 -0.9994645874763656 0.03271908282177687
outer loop
vertex -31.8 10.35 14.5
vertex -24.2 10.35 14.5
vertex -24.2 10.36177592218768 14.859717210765787
endloop
endfacet
facet normal 0.0 -0.8819212643483562 -0.4713967368259955
outer loop
vertex -31.8 11.086860279185586 11.75
vertex -24.2 11.086860279185586 11.75
vertex -24.2 10.917199921570214 12.067412203795493
endloop
endfacet
facet normal 0.0 -0.8492021815265779 -0.5280678506503693
outer loop
vertex -31.8 11.276917132336001 11.444363718392188
vertex -24.2 11.276917132336001 11.444363718392188
vertex -24.2 11.086860279185586 11.75
endloop
endfacet
facet normal 0.0 -0.8128466845916141 -0.5824776968678038
outer loop
vertex -31.8 11.486556628398207 11.151812140452037
vertex -24.2 11.486556628398207 11.151812140452037
vertex -24.2 11.276917132336001 11.444363718392188
endloop
endfacet
facet normal 0.0 -0.7730104533627382 -0.6343932841636438
outer loop
vertex -31.8 11.714881058865624 10.873598016949622
vertex -24.2 11.714881058865624 10.873598016949622
vertex -24.2 11.486556628398207 11.151812140452037
endloop
endfacet
facet normal 0.0 -0.683592302022873 -0.7298640726978342
outer loop
vertex -31.8 12.223598016949621 10.364881058865624
vertex -24.2 12.223598016949621 10.364881058865624
vertex -24.2 11.960912703473989 10.61091270347399
endloop
endfacet
facet normal 0.0 -0.6343932841636463 -0.7730104533627363
outer loop
vertex -31.8 12.501812140452035 10.136556628398207
vertex -24.2 12.501812140452035 10.136556628398207
vertex -24.2 12.223598016949621 10.364881058865624
endloop
endfacet
facet normal 0.0 -0.7298640726978342 -0.683592302022873
outer loop
vertex -31.8 11.960912703473989 10.61091270347399
vertex -24.2 11.960912703473989 10.61091270347399
vertex -24.2 11.714881058865624 10.873598016949622
endloop
endfacet
facet normal 0.0 -0.9951847266721967 0.09801714032956164
outer loop
vertex -31.8 10.36177592218768 14.859717210765787
vertex -24.2 10.36177592218768 14.859717210765787
vertex -24.2 10.397053262444043 15.217894057210284
endloop
endfacet
facet normal 0.0 -0.9866433320848795 0.1628954733945848
outer loop
vertex -31.8 10.397053262444043 15.217894057210284
vertex -24.2 10.397053262444043 15.217894057210284
vertex -24.2 10.455680957782231 15.572996771088706
endloop
endfacet
facet normal 0.0 -0.973876979277333 0.2270762630343758
outer loop
vertex -31.8 10.455680957782231 15.572996771088706
vertex -24.2 10.455680957782231 15.572996771088706
vertex -24.2 10.537407955410124 15.923504748063865
endloop
endfacet
facet normal 0.0 -0.9569403357322092 0.2902846772544611
outer loop
vertex -31.8 10.537407955410124 15.923504748063865
vertex -24.2 10.537407955410124 15.923504748063865
vertex -24.2 10.641884287776918 16.267917059167388
endloop
endfacet
facet normal 0.0 -0.9359059267573246 0.3522500479212363
outer loop
vertex -31.8 10.641884287776918 16.267917059167388
vertex -24.2 10.641884287776918 16.267917059167388
vertex -24.2 10.768662571187923 16.604758878007992
endloop
endfacet
facet normal 0.0 -0.9108638249211775 0.41270702980439117
outer loop
vertex -31.8 10.768662571187923 16.604758878007992
vertex -24.2 10.768662571187923 16.604758878007992
vertex -24.2 10.917199921570214 16.93258779620451
endloop
endfacet
facet normal 0.0 -0.881921264348355 0.47139673682599753
outer loop
vertex -31.8 10.917199921570214 16.93258779620451
vertex -24.2 10.917199921570214 16.93258779620451
vertex -24.2 11.086860279185586 17.25
endloop
endfacet
facet normal 0.0 -0.8492021815265767 0.5280678506503715
outer loop
vertex -31.8 11.086860279185586 17.25
vertex -24.2 11.086860279185586 17.25
vertex -24.2 11.276917132336001 17.55563628160781
endloop
endfacet
facet normal 0.0 -0.8128466845916157 0.5824776968678014
outer loop
vertex -31.8 11.276917132336001 17.55563628160781
vertex -24.2 11.276917132336001 17.55563628160781
vertex -24.2 11.486556628398207 17.848187859547963
endloop
endfacet
facet normal 0.0 -0.7730104533627382 0.6343932841636438
outer loop
vertex -31.8 11.486556628398207 17.848187859547963
vertex -24.2 11.486556628398207 17.848187859547963
vertex -24.2 11.714881058865624 18.12640198305038
endloop
endfacet
facet normal 0.0 -0.7298640726978342 0.683592302022873
outer loop
vertex -31.8 11.714881058865624 18.12640198305038
vertex -24.2 11.714881058865624 18.12640198305038
vertex -24.2 11.960912703473989 18.38908729652601
endloop
endfacet
facet normal 0.0 -0.683592302022873 0.7298640726978342
outer loop
vertex -31.8 11.960912703473989 18.38908729652601
vertex -24.2 11.960912703473989 18.38908729652601
vertex -24.2 12.223598016949621 18.635118941134376
endloop
endfacet
facet normal 0.0 -0.6343932841636463 0.7730104533627363
outer loop
vertex -31.8 12.223598016949621 18.635118941134376
vertex -24.2 12.223598016949621 18.635118941134376
vertex -24.2 12.501812140452035 18.863443371601793
endloop
endfacet
facet normal 0.0 -0.2902846772544611 -0.9569403357322092
outer loop
vertex -31.8 14.426495251936135 9.187407955410125
vertex -24.2 14.426495251936135 9.187407955410125
vertex -24.2 14.082082940832612 9.291884287776918
endloop
endfacet
facet normal 0.0 -0.22707626303437112 -0.9738769792773341
outer loop
vertex -31.8 14.777003228911294 9.105680957782234
vertex -24.2 14.777003228911294 9.105680957782234
vertex -24.2 14.426495251936135 9.187407955410125
endloop
endfacet
facet normal 0.0 -0.16289547339459443 -0.9866433320848781
outer loop
vertex -31.8 15.132105942789716 9.047053262444042
vertex -24.2 15.132105942789716 9.047053262444042
vertex -24.2 14.777003228911294 9.105680957782234
endloop
endfacet
facet normal 0.0 -0.09801714032955676 -0.9951847266721972
outer loop
vertex -31.8 15.490282789234213 9.011775922187681
vertex -24.2 15.490282789234213 9.011775922187681
vertex -24.2 15.132105942789716 9.047053262444042
endloop
endfacet
facet normal 0.0 -0.03271908282177687 -0.9994645874763656
outer loop
vertex -31.8 15.85 9.0
vertex -24.2 15.85 9.0
vertex -24.2 15.490282789234213 9.011775922187681
endloop
endfacet
facet normal 0.0 -0.5824776968678014 -0.8128466845916157
outer loop
vertex -31.8 12.794363718392187 9.926917132336001
vertex -24.2 12.794363718392187 9.926917132336001
vertex -24.2 12.501812140452035 10.136556628398207
endloop
endfacet
facet normal 0.0 -0.5280678506503693 -0.8492021815265779
outer loop
vertex -31.8 13.1 9.736860279185587
vertex -24.2 13.1 9.736860279185587
vertex -24.2 12.794363718392187 9.926917132336001
endloop
endfacet
facet normal 0.0 -0.4713967368259955 -0.8819212643483562
outer loop
vertex -31.8 13.417412203795493 9.567199921570214
vertex -24.2 13.417412203795493 9.567199921570214
vertex -24.2 13.1 9.736860279185587
endloop
endfacet
facet normal 0.0 -0.41270702980439494 -0.9108638249211758
outer loop
vertex -31.8 13.745241121992006 9.418662571187923
vertex -24.2 13.745241121992006 9.418662571187923
vertex -24.2 13.417412203795493 9.567199921570214
endloop
endfacet
facet normal 0.0 -0.35225004792123465 -0.9359059267573253
outer loop
vertex -31.8 14.082082940832612 9.291884287776918
vertex -24.2 14.082082940832612 9.291884287776918
vertex -24.2 13.745241121992006 9.418662571187923
endloop
endfacet
facet normal 0.0 -0.5824776968678014 0.8128466845916157
outer loop
vertex -31.8 12.501812140452035 18.863443371601793
vertex -24.2 12.501812140452035 18.863443371601793
vertex -24.2 12.794363718392187 19.073082867664
endloop
endfacet
facet normal 0.0 -0.5280678506503729 0.8492021815265758
outer loop
vertex -31.8 12.794363718392187 19.073082867664
vertex -24.2 12.794363718392187 19.073082867664
vertex -24.2 13.1 19.263139720814415
endloop
endfacet
facet normal 0.0 -0.4713967368259916 0.8819212643483583
outer loop
vertex -31.8 13.1 19.263139720814415
vertex -24.2 13.1 19.263139720814415
vertex -24.2 13.417412203795493 19.432800078429786
endloop
endfacet
facet normal 0.0 -0.41270702980439494 0.9108638249211758
outer loop
vertex -31.8 13.417412203795493 19.432800078429786
vertex -24.2 13.417412203795493 19.432800078429786
vertex -24.2 13.745241121992006 19.581337428812077
endloop
endfacet
facet normal 0.0 -0.352250047921239 0.9359059267573236
outer loop
vertex -31.8 13.745241121992006 19.581337428812077
vertex -24.2 13.745241121992006 19.581337428812077
vertex -24.2 14.082082940832612 19.708115712223083
endloop
endfacet
facet normal 0.0 -0.2902846772544611 0.9569403357322092
outer loop
vertex -31.8 14.082082940832612 19.708115712223083
vertex -24.2 14.082082940832612 19.708115712223083
vertex -24.2 14.426495251936135 19.812592044589877
endloop
endfacet
facet normal 0.0 -0.22707626303436643 0.9738769792773352
outer loop
vertex -31.8 14.426495251936135 19.812592044589877
vertex -24.2 14.426495251936135 19.812592044589877
vertex -24.2 14.777003228911294 19.894319042217766
endloop
endfacet
facet normal 0.0 -0.16289547339459443 0.9866433320848781
outer loop
vertex -31.8 14.777003228911294 19.894319042217766
vertex -24.2 14.777003228911294 19.894319042217766
vertex -24.2 15.132105942789716 19.95294673755596
endloop
endfacet
facet normal 0.0 -0.09801714032955676 0.9951847266721972
outer loop
vertex -31.8 15.132105942789716 19.95294673755596
vertex -24.2 15.132105942789716 19.95294673755596
vertex -24.2 15.490282789234213 19.98822407781232
endloop
endfacet
facet normal 0.0 -0.03271908282177687 0.9994645874763656
outer loop
vertex -31.8 15.490282789234213 19.98822407781232
vertex -24.2 15.490282789234213 19.98822407781232
vertex -24.2 15.85 20.0
endloop
endfacet
facet normal 1.0 0.0 -0.0
outer loop
vertex -24.2 11.086860279185586 11.75
vertex -24.2 15.16412953047832 11.94029656033397
vertex -24.2 10.917199921570214 12.067412203795493
endloop
endfacet
facet normal 1.0 0.0 -0.0
outer loop
vertex -24.2 10.641884287776918 12.732082940832612
vertex -24.2 13.646605527398254 13.027738882498054
vertex -24.2 10.537407955410124 13.076495251936135
endloop
endfacet
facet normal 1.0 0.0 -0.0
outer loop
vertex -24.2 10.537407955410124 13.076495251936135
vertex -24.2 13.40171923884509 13.485888904232512
vertex -24.2 10.455680957782231 13.427003228911294
endloop
endfacet
facet normal 1.0 -0.0 0.0
outer loop
vertex -24.2 10.397053262444043 13.782105942789716
vertex -24.2 10.455680957782231 13.427003228911294
vertex -24.2 13.290296560333969 13.81412953047832
endloop
endfacet
facet normal 1.0 0.0 -0.0
outer loop
vertex -24.2 10.397053262444043 13.782105942789716
vertex -24.2 13.222671117359402 14.154105590616863
vertex -24.2 10.36177592218768 14.140282789234213
endloop
endfacet
facet normal 1.0 0.0 -0.0
outer loop
vertex -24.2 10.36177592218768 14.140282789234213
vertex -24.2 13.2 14.5
vertex -24.2 10.35 14.5
endloop
endfacet
facet normal 1.0 0.0 -0.0
outer loop
vertex -24.2 10.768662571187923 12.395241121992006
vertex -24.2 13.976167029855649 12.62616702985565
vertex -24.2 10.641884287776918 12.732082940832612
endloop
endfacet
facet normal 1.0 -0.0 0.0
outer loop
vertex -24.2 10.768662571187923 12.395241121992006
vertex -24.2 10.917199921570214 12.067412203795493
vertex -24.2 14.377738882498054 12.296605527398256
endloop
endfacet
facet normal 1.0 0.0 -0.0
outer loop
vertex -24.2 10.537407955410124 13.076495251936135
vertex -24.2 13.473287234938375 13.327934970919646
vertex -24.2 13.40171923884509 13.485888904232512
endloop
endfacet
facet normal 1.0 0.0 -0.0
outer loop
vertex -24.2 10.537407955410124 13.076495251936135
vertex -24.2 13.555032679971237 13.175
vertex -24.2 13.473287234938375 13.327934970919646
endloop
endfacet
facet normal 0.9999999999999999 0.0 -0.0
outer loop
vertex -24.2 10.397053262444043 13.782105942789716
vertex -24.2 13.290296560333969 13.81412953047832
vertex -24.2 13.25091900693144 13.98301064665726
endloop
endfacet
facet normal 0.9999999999999999 0.0 -0.0
outer loop
vertex -24.2 10.397053262444043 13.782105942789716
vertex -24.2 13.25091900693144 13.98301064665726
vertex -24.2 13.222671117359402 14.154105590616863
endloop
endfacet
facet normal 1.0 0.0 -0.0
outer loop
vertex -24.2 10.455680957782231 13.427003228911294
vertex -24.2 13.340635156837969 13.648185416946621
vertex -24.2 13.290296560333969 13.81412953047832
endloop
endfacet
facet normal 0.9999999999999999 0.0 -0.0
outer loop
vertex -24.2 10.455680957782231 13.427003228911294
vertex -24.2 13.40171923884509 13.485888904232512
vertex -24.2 13.340635156837969 13.648185416946621
endloop
endfacet
facet normal 1.0 0.0 -0.0
outer loop
vertex -24.2 10.36177592218768 14.140282789234213
vertex -24.2 13.222671117359402 14.154105590616863
vertex -24.2 13.2056738534177 14.326681707540121
endloop
endfacet
facet normal 1.0 0.0 -0.0
outer loop
vertex -24.2 10.36177592218768 14.140282789234213
vertex -24.2 13.2056738534177 14.326681707540121
vertex -24.2 13.2 14.5
endloop
endfacet
facet normal 1.0 0.0 0.0
outer loop
vertex -24.2 10.35 14.5
vertex -24.2 13.2 14.5
vertex -24.2 13.2056738534177 14.673318292459879
endloop
endfacet
facet normal 1.0 0.0 -0.0
outer loop
vertex -24.2 10.35 14.5
vertex -24.2 13.2056738534177 14.673318292459879
vertex -24.2 10.36177592218768 14.859717210765787
endloop
endfacet
facet normal 1.0 0.0 -0.0
outer loop
vertex -24.2 10.36177592218768 14.859717210765787
vertex -24.2 13.25091900693144 15.01698935334274
vertex -24.2 10.397053262444043 15.217894057210284
endloop
endfacet
facet normal 1.0 0.0 -0.0
outer loop
vertex -24.2 10.397053262444043 15.217894057210284
vertex -24.2 13.340635156837969 15.351814583053379
vertex -24.2 10.455680957782231 15.572996771088706
endloop
endfacet
facet normal 1.0 0.0 -0.0
outer loop
vertex -24.2 10.455680957782231 15.572996771088706
vertex -24.2 13.473287234938375 15.672065029080354
vertex -24.2 10.537407955410124 15.923504748063865
endloop
endfacet
facet normal 1.0 0.0 -0.0
outer loop
vertex -24.2 10.537407955410124 15.923504748063865
vertex -24.2 13.646605527398254 15.972261117501946
vertex -24.2 10.641884287776918 16.267917059167388
endloop
endfacet
facet normal 1.0 -0.0 0.0
outer loop
vertex -24.2 10.36177592218768 14.859717210765787
vertex -24.2 13.2056738534177 14.673318292459879
vertex -24.2 13.222671117359402 14.845894409383137
endloop
endfacet
facet normal 1.0 -0.0 0.0
outer loop
vertex -24.2 10.36177592218768 14.859717210765787
vertex -24.2 13.222671117359402 14.845894409383137
vertex -24.2 13.25091900693144 15.01698935334274
endloop
endfacet
facet normal 0.9999999999999999 -0.0 0.0
outer loop
vertex -24.2 10.397053262444043 15.217894057210284
vertex -24.2 13.25091900693144 15.01698935334274
vertex -24.2 13.290296560333969 15.18587046952168
endloop
endfacet
facet normal 1.0 -0.0 0.0
outer loop
vertex -24.2 10.397053262444043 15.217894057210284
vertex -24.2 13.290296560333969 15.18587046952168
vertex -24.2 13.340635156837969 15.351814583053379
endloop
endfacet
facet normal 0.9999999999999999 -0.0 0.0
outer loop
vertex -24.2 10.455680957782231 15.572996771088706
vertex -24.2 13.340635156837969 15.351814583053379
vertex -24.2 13.40171923884509 15.514111095767488
endloop
endfacet
facet normal 1.0 -0.0 0.0
outer loop
vertex -24.2 10.455680957782231 15.572996771088706
vertex -24.2 13.40171923884509 15.514111095767488
vertex -24.2 13.473287234938375 15.672065029080354
endloop
endfacet
facet normal 1.0 -0.0 0.0
outer loop
vertex -24.2 10.537407955410124 15.923504748063865
vertex -24.2 13.473287234938375 15.672065029080354
vertex -24.2 13.555032679971237 15.825
endloop
endfacet
facet normal 1.0 0.0 -0.0
outer loop
vertex -24.2 10.641884287776918 16.267917059167388
vertex -24.2 13.976167029855649 16.37383297014435
vertex -24.2 10.768662571187923 16.604758878007992
endloop
endfacet
facet normal 1.0 0.0 -0.0
outer loop
vertex -24.2 10.768662571187923 16.604758878007992
vertex -24.2 14.377738882498054 16.703394472601744
vertex -24.2 10.917199921570214 16.93258779620451
endloop
endfacet
facet normal 1.0 0.0 -0.0
outer loop
vertex -24.2 10.917199921570214 16.93258779620451
vertex -24.2 14.835888904232512 16.94828076115491
vertex -24.2 11.086860279185586 17.25
endloop
endfacet
facet normal 1.0 -0.0 0.0
outer loop
vertex -24.2 14.082082940832612 9.291884287776918
vertex -24.2 14.426495251936135 9.187407955410125
vertex -24.2 17.273504748063864 9.187407955410125
endloop
endfacet
facet normal 0.9999999999999999 -0.0 0.0
outer loop
vertex -24.2 14.426495251936135 9.187407955410125
vertex -24.2 14.777003228911294 9.105680957782234
vertex -24.2 16.922996771088705 9.105680957782234
endloop
endfacet
facet normal 1.0 -0.0 0.0
outer loop
vertex -24.2 14.777003228911294 9.105680957782234
vertex -24.2 15.132105942789716 9.047053262444042
vertex -24.2 16.56789405721028 9.047053262444042
endloop
endfacet
facet normal 1.0 -0.0 0.0
outer loop
vertex -24.2 15.132105942789716 9.047053262444042
vertex -24.2 15.490282789234213 9.011775922187681
vertex -24.2 16.209717210765785 9.011775922187681
endloop
endfacet
facet normal 1.0 -0.0 0.0
outer loop
vertex -24.2 15.490282789234213 9.011775922187681
vertex -24.2 15.85 9.0
vertex -24.2 16.209717210765785 9.011775922187681
endloop
endfacet
facet normal 1.0 -0.0 0.0
outer loop
vertex -24.2 15.132105942789716 9.047053262444042
vertex -24.2 16.209717210765785 9.011775922187681
vertex -24.2 16.56789405721028 9.047053262444042
endloop
endfacet
facet normal 1.0 -0.0 0.0
outer loop
vertex -24.2 14.777003228911294 9.105680957782234
vertex -24.2 16.56789405721028 9.047053262444042
vertex -24.2 16.922996771088705 9.105680957782234
endloop
endfacet
facet normal 1.0 -0.0 0.0
outer loop
vertex -24.2 14.426495251936135 9.187407955410125
vertex -24.2 16.922996771088705 9.105680957782234
vertex -24.2 17.273504748063864 9.187407955410125
endloop
endfacet
facet normal 0.9999999999999999 -0.0 0.0
outer loop
vertex -24.2 14.082082940832612 9.291884287776918
vertex -24.2 17.273504748063864 9.187407955410125
vertex -24.2 17.61791705916739 9.291884287776918
endloop
endfacet
facet normal 0.9999999999999999 0.0 -0.0
outer loop
vertex -24.2 11.086860279185586 11.75
vertex -24.2 15.333010646657259 11.900919006931439
vertex -24.2 15.16412953047832 11.94029656033397
endloop
endfacet
facet normal 1.0 0.0 -0.0
outer loop
vertex -24.2 11.086860279185586 11.75
vertex -24.2 15.504105590616863 11.872671117359403
vertex -24.2 15.333010646657259 11.900919006931439
endloop
endfacet
facet normal 1.0 0.0 -0.0
outer loop
vertex -24.2 11.086860279185586 11.75
vertex -24.2 15.676681707540121 11.8556738534177
vertex -24.2 15.504105590616863 11.872671117359403
endloop
endfacet
facet normal 1.0 0.0 -0.0
outer loop
vertex -24.2 10.641884287776918 12.732082940832612
vertex -24.2 13.747613648228226 12.88678221312689
vertex -24.2 13.646605527398254 13.027738882498054
endloop
endfacet
facet normal 1.0 -0.0 -0.0
outer loop
vertex -24.2 10.537407955410124 13.076495251936135
vertex -24.2 13.646605527398254 13.027738882498054
vertex -24.2 13.555032679971237 13.175
endloop
endfacet
facet normal 1.0 0.0 -0.0
outer loop
vertex -24.2 10.641884287776918 12.732082940832612
vertex -24.2 13.85762451018071 12.752733589984818
vertex -24.2 13.747613648228226 12.88678221312689
endloop
endfacet
facet normal 1.0 -0.0 -0.0
outer loop
vertex -24.2 10.641884287776918 12.732082940832612
vertex -24.2 13.976167029855649 12.62616702985565
vertex -24.2 13.85762451018071 12.752733589984818
endloop
endfacet
facet normal 1.0 0.0 -0.0
outer loop
vertex -24.2 10.768662571187923 12.395241121992006
vertex -24.2 14.23678221312689 12.397613648228226
vertex -24.2 14.102733589984817 12.50762451018071
endloop
endfacet
facet normal 1.0 0.0 -0.0
outer loop
vertex -24.2 10.768662571187923 12.395241121992006
vertex -24.2 14.102733589984817 12.50762451018071
vertex -24.2 13.976167029855649 12.62616702985565
endloop
endfacet
facet normal 1.0 -0.0 -0.0
outer loop
vertex -24.2 10.768662571187923 12.395241121992006
vertex -24.2 14.377738882498054 12.296605527398256
vertex -24.2 14.23678221312689 12.397613648228226
endloop
endfacet
facet normal 1.0 0.0 -0.0
outer loop
vertex -24.2 10.917199921570214 12.067412203795493
vertex -24.2 14.525 12.205032679971238
vertex -24.2 14.377738882498054 12.296605527398256
endloop
endfacet
facet normal 1.0 0.0 -0.0
outer loop
vertex -24.2 10.917199921570214 12.067412203795493
vertex -24.2 14.677934970919646 12.123287234938376
vertex -24.2 14.525 12.205032679971238
endloop
endfacet
facet normal 0.9999999999999999 -0.0 -0.0
outer loop
vertex -24.2 10.917199921570214 12.067412203795493
vertex -24.2 14.835888904232512 12.05171923884509
vertex -24.2 14.677934970919646 12.123287234938376
endloop
endfacet
facet normal 1.0 -0.0 -0.0
outer loop
vertex -24.2 10.917199921570214 12.067412203795493
vertex -24.2 14.99818541694662 11.99063515683797
vertex -24.2 14.835888904232512 12.05171923884509
endloop
endfacet
facet normal 1.0 -0.0 -0.0
outer loop
vertex -24.2 10.917199921570214 12.067412203795493
vertex -24.2 15.16412953047832 11.94029656033397
vertex -24.2 14.99818541694662 11.99063515683797
endloop
endfacet
facet normal 0.9999999999999999 -0.0 0.0
outer loop
vertex -24.2 11.960912703473989 10.61091270347399
vertex -24.2 12.223598016949621 10.364881058865624
vertex -24.2 19.47640198305038 10.364881058865624
endloop
endfacet
facet normal 1.0 -0.0 0.0
outer loop
vertex -24.2 13.1 9.736860279185587
vertex -24.2 13.417412203795493 9.567199921570214
vertex -24.2 18.282587796204506 9.567199921570214
endloop
endfacet
facet normal 1.0 -0.0 0.0
outer loop
vertex -24.2 12.794363718392187 9.926917132336001
vertex -24.2 13.1 9.736860279185587
vertex -24.2 18.599999999999998 9.736860279185587
endloop
endfacet
facet normal 1.0 -0.0 0.0
outer loop
vertex -24.2 12.223598016949621 10.364881058865624
vertex -24.2 12.501812140452035 10.136556628398207
vertex -24.2 19.198187859547964 10.136556628398207
endloop
endfacet
facet normal 1.0 -0.0 0.0
outer loop
vertex -24.2 12.501812140452035 10.136556628398207
vertex -24.2 12.794363718392187 9.926917132336001
vertex -24.2 18.905636281607812 9.926917132336001
endloop
endfacet
facet normal 1.0 -0.0 0.0
outer loop
vertex -24.2 11.276917132336001 11.444363718392188
vertex -24.2 11.486556628398207 11.151812140452037
vertex -24.2 20.21344337160179 11.151812140452037
endloop
endfacet
facet normal 1.0 0.0 -0.0
outer loop
vertex -24.2 11.960912703473989 10.61091270347399
vertex -24.2 19.73908729652601 10.61091270347399
vertex -24.2 11.714881058865624 10.873598016949622
endloop
endfacet
facet normal 1.0 -0.0 0.0
outer loop
vertex -24.2 11.486556628398207 11.151812140452037
vertex -24.2 11.714881058865624 10.873598016949622
vertex -24.2 19.985118941134374 10.873598016949622
endloop
endfacet
facet normal 1.0 0.0 -0.0
outer loop
vertex -24.2 11.276917132336001 11.444363718392188
vertex -24.2 20.423082867664 11.444363718392188
vertex -24.2 11.086860279185586 11.75
endloop
endfacet
facet normal 1.0 0.0 -0.0
outer loop
vertex -24.2 11.086860279185586 11.75
vertex -24.2 15.85 11.85
vertex -24.2 15.676681707540121 11.8556738534177
endloop
endfacet
facet normal 1.0 -0.0 0.0
outer loop
vertex -24.2 13.417412203795493 9.567199921570214
vertex -24.2 13.745241121992006 9.418662571187923
vertex -24.2 17.954758878007993 9.418662571187923
endloop
endfacet
facet normal 1.0 0.0 -0.0
outer loop
vertex -24.2 14.082082940832612 9.291884287776918
vertex -24.2 17.61791705916739 9.291884287776918
vertex -24.2 13.745241121992006 9.418662571187923
endloop
endfacet
facet normal 1.0 -0.0 0.0
outer loop
vertex -24.2 10.537407955410124 15.923504748063865
vertex -24.2 13.555032679971237 15.825
vertex -24.2 13.646605527398254 15.972261117501946
endloop
endfacet
facet normal 1.0 -0.0 0.0
outer loop
vertex -24.2 10.641884287776918 16.267917059167388
vertex -24.2 13.646605527398254 15.972261117501946
vertex -24.2 13.747613648228226 16.11321778687311
endloop
endfacet
facet normal 0.9999999999999999 -0.0 0.0
outer loop
vertex -24.2 10.641884287776918 16.267917059167388
vertex -24.2 13.747613648228226 16.11321778687311
vertex -24.2 13.85762451018071 16.247266410015182
endloop
endfacet
facet normal 1.0 -0.0 0.0
outer loop
vertex -24.2 10.641884287776918 16.267917059167388
vertex -24.2 13.85762451018071 16.247266410015182
vertex -24.2 13.976167029855649 16.37383297014435
endloop
endfacet
facet normal 1.0 -0.0 0.0
outer loop
vertex -24.2 10.768662571187923 16.604758878007992
vertex -24.2 13.976167029855649 16.37383297014435
vertex -24.2 14.102733589984817 16.49237548981929
endloop
endfacet
facet normal 1.0 -0.0 0.0
outer loop
vertex -24.2 10.768662571187923 16.604758878007992
vertex -24.2 14.102733589984817 16.49237548981929
vertex -24.2 14.23678221312689 16.602386351771774
endloop
endfacet
facet normal 1.0 -0.0 0.0
outer loop
vertex -24.2 10.768662571187923 16.604758878007992
vertex -24.2 14.23678221312689 16.602386351771774
vertex -24.2 14.377738882498054 16.703394472601744
endloop
endfacet
facet normal 1.0 -0.0 0.0
outer loop
vertex -24.2 10.917199921570214 16.93258779620451
vertex -24.2 14.377738882498054 16.703394472601744
vertex -24.2 14.525 16.79496732002876
endloop
endfacet
facet normal 1.0 -0.0 0.0
outer loop
vertex -24.2 10.917199921570214 16.93258779620451
vertex -24.2 14.525 16.79496732002876
vertex -24.2 14.677934970919646 16.876712765061622
endloop
endfacet
facet normal 1.0 -0.0 0.0
outer loop
vertex -24.2 10.917199921570214 16.93258779620451
vertex -24.2 14.677934970919646 16.876712765061622
vertex -24.2 14.835888904232512 16.94828076115491
endloop
endfacet
facet normal 1.0 -0.0 0.0
outer loop
vertex -24.2 11.086860279185586 17.25
vertex -24.2 14.835888904232512 16.94828076115491
vertex -24.2 14.99818541694662 17.00936484316203
endloop
endfacet
facet normal 1.0 -0.0 0.0
outer loop
vertex -24.2 11.086860279185586 17.25
vertex -24.2 14.99818541694662 17.00936484316203
vertex -24.2 15.16412953047832 17.05970343966603
endloop
endfacet
facet normal 0.9999999999999999 -0.0 0.0
outer loop
vertex -24.2 11.086860279185586 17.25
vertex -24.2 15.16412953047832 17.05970343966603
vertex -24.2 15.333010646657259 17.09908099306856
endloop
endfacet
facet normal 0.9999999999999999 -0.0 0.0
outer loop
vertex -24.2 11.086860279185586 17.25
vertex -24.2 15.333010646657259 17.09908099306856
vertex -24.2 15.504105590616863 17.127328882640597
endloop
endfacet
facet normal 1.0 -0.0 0.0
outer loop
vertex -24.2 11.086860279185586 17.25
vertex -24.2 15.504105590616863 17.127328882640597
vertex -24.2 15.676681707540121 17.144326146582298
endloop
endfacet
facet normal 1.0 -0.0 0.0
outer loop
vertex -24.2 11.086860279185586 17.25
vertex -24.2 15.676681707540121 17.144326146582298
vertex -24.2 15.85 17.15
endloop
endfacet
facet normal 0.9999999999999999 0.0 -0.0
outer loop
vertex -24.2 11.086860279185586 17.25
vertex -24.2 20.613139720814413 17.25
vertex -24.2 11.276917132336001 17.55563628160781
endloop
endfacet
facet normal 0.9999999999999999 0.0 -0.0
outer loop
vertex -24.2 11.276917132336001 17.55563628160781
vertex -24.2 20.423082867664 17.55563628160781
vertex -24.2 11.486556628398207 17.848187859547963
endloop
endfacet
facet normal 1.0 0.0 -0.0
outer loop
vertex -24.2 11.486556628398207 17.848187859547963
vertex -24.2 20.21344337160179 17.848187859547963
vertex -24.2 11.714881058865624 18.12640198305038
endloop
endfacet
facet normal 1.0 0.0 -0.0
outer loop
vertex -24.2 11.714881058865624 18.12640198305038
vertex -24.2 19.985118941134374 18.12640198305038
vertex -24.2 11.960912703473989 18.38908729652601
endloop
endfacet
facet normal 1.0 0.0 -0.0
outer loop
vertex -24.2 11.960912703473989 18.38908729652601
vertex -24.2 19.73908729652601 18.38908729652601
vertex -24.2 12.223598016949621 18.635118941134376
endloop
endfacet
facet normal 1.0 0.0 -0.0
outer loop
vertex -24.2 12.223598016949621 18.635118941134376
vertex -24.2 19.47640198305038 18.635118941134376
vertex -24.2 12.501812140452035 18.863443371601793
endloop
endfacet
facet normal 1.0 0.0 -0.0
outer loop
vertex -24.2 12.501812140452035 18.863443371601793
vertex -24.2 19.198187859547964 18.863443371601793
vertex -24.2 12.794363718392187 19.073082867664
endloop
endfacet
facet normal 1.0 0.0 -0.0
outer loop
vertex -24.2 12.794363718392187 19.073082867664
vertex -24.2 18.905636281607812 19.073082867664
vertex -24.2 13.1 19.263139720814415
endloop
endfacet
facet normal 1.0 0.0 -0.0
outer loop
vertex -24.2 13.1 19.263139720814415
vertex -24.2 18.599999999999998 19.263139720814415
vertex -24.2 13.417412203795493 19.432800078429786
endloop
endfacet
facet normal 1.0 0.0 -0.0
outer loop
vertex -24.2 13.417412203795493 19.432800078429786
vertex -24.2 18.282587796204506 19.432800078429786
vertex -24.2 13.745241121992006 19.581337428812077
endloop
endfacet
facet normal 1.0 0.0 -0.0
outer loop
vertex -24.2 13.745241121992006 19.581337428812077
vertex -24.2 17.954758878007993 19.581337428812077
vertex -24.2 14.082082940832612 19.708115712223083
endloop
endfacet
facet normal 0.9999999999999999 0.0 -0.0
outer loop
vertex -24.2 14.082082940832612 19.708115712223083
vertex -24.2 17.61791705916739 19.708115712223083
vertex -24.2 14.426495251936135 19.812592044589877
endloop
endfacet
facet normal 1.0 0.0 -0.0
outer loop
vertex -24.2 14.426495251936135 19.812592044589877
vertex -24.2 17.273504748063864 19.812592044589877
vertex -24.2 14.777003228911294 19.894319042217766
endloop
endfacet
facet normal 1.0 0.0 -0.0
outer loop
vertex -24.2 14.777003228911294 19.894319042217766
vertex -24.2 16.922996771088705 19.894319042217766
vertex -24.2 15.132105942789716 19.95294673755596
endloop
endfacet
facet normal 1.0 0.0 -0.0
outer loop
vertex -24.2 15.132105942789716 19.95294673755596
vertex -24.2 16.56789405721028 19.95294673755596
vertex -24.2 15.490282789234213 19.98822407781232
endloop
endfacet
facet normal 1.0 0.0 -0.0
outer loop
vertex -24.2 17.61791705916739 9.291884287776918
vertex -24.2 17.954758878007993 9.418662571187923
vertex -24.2 13.745241121992006 9.418662571187923
endloop
endfacet
facet normal 1.0 -0.0 0.0
outer loop
vertex -24.2 13.417412203795493 9.567199921570214
vertex -24.2 17.954758878007993 9.418662571187923
vertex -24.2 18.282587796204506 9.567199921570214
endloop
endfacet
facet normal 1.0 -0.0 0.0
outer loop
vertex -24.2 13.1 9.736860279185587
vertex -24.2 18.282587796204506 9.567199921570214
vertex -24.2 18.599999999999998 9.736860279185587
endloop
endfacet
facet normal 1.0 0.0 -0.0
outer loop
vertex -24.2 11.086860279185586 11.75
vertex -24.2 20.613139720814413 11.75
vertex -24.2 15.85 11.85
endloop
endfacet
facet normal 1.0 -0.0 0.0
outer loop
vertex -24.2 12.794363718392187 9.926917132336001
vertex -24.2 18.599999999999998 9.736860279185587
vertex -24.2 18.905636281607812 9.926917132336001
endloop
endfacet
facet normal 1.0 -0.0 0.0
outer loop
vertex -24.2 12.501812140452035 10.136556628398207
vertex -24.2 18.905636281607812 9.926917132336001
vertex -24.2 19.198187859547964 10.136556628398207
endloop
endfacet
facet normal 1.0 -0.0 0.0
outer loop
vertex -24.2 12.223598016949621 10.364881058865624
vertex -24.2 19.198187859547964 10.136556628398207
vertex -24.2 19.47640198305038 10.364881058865624
endloop
endfacet
facet normal 1.0 -0.0 0.0
outer loop
vertex -24.2 11.960912703473989 10.61091270347399
vertex -24.2 19.47640198305038 10.364881058865624
vertex -24.2 19.73908729652601 10.61091270347399
endloop
endfacet
facet normal 1.0 -0.0 0.0
outer loop
vertex -24.2 11.714881058865624 10.873598016949622
vertex -24.2 19.73908729652601 10.61091270347399
vertex -24.2 19.985118941134374 10.873598016949622
endloop
endfacet
facet normal 1.0 -0.0 0.0
outer loop
vertex -24.2 11.486556628398207 11.151812140452037
vertex -24.2 19.985118941134374 10.873598016949622
vertex -24.2 20.0 10.89173063964187
endloop
endfacet
facet normal 1.0 -0.0 0.0
outer loop
vertex -24.2 11.486556628398207 11.151812140452037
vertex -24.2 20.0 10.89173063964187
vertex -24.2 20.21344337160179 11.151812140452037
endloop
endfacet
facet normal 1.0 -0.0 0.0
outer loop
vertex -24.2 11.276917132336001 11.444363718392188
vertex -24.2 20.21344337160179 11.151812140452037
vertex -24.2 20.423082867664 11.444363718392188
endloop
endfacet
facet normal 1.0 -0.0 0.0
outer loop
vertex -24.2 11.086860279185586 11.75
vertex -24.2 20.423082867664 11.444363718392188
vertex -24.2 20.613139720814413 11.75
endloop
endfacet
facet normal 1.0 -0.0 -0.0
outer loop
vertex -24.2 15.85 11.85
vertex -24.2 20.613139720814413 11.75
vertex -24.2 16.02331829245988 11.8556738534177
endloop
endfacet
facet normal 1.0 -0.0 -0.0
outer loop
vertex -24.2 16.02331829245988 11.8556738534177
vertex -24.2 20.613139720814413 11.75
vertex -24.2 16.195894409383136 11.872671117359403
endloop
endfacet
facet normal 1.0 -0.0 -0.0
outer loop
vertex -24.2 16.195894409383136 11.872671117359403
vertex -24.2 20.613139720814413 11.75
vertex -24.2 16.36698935334274 11.900919006931439
endloop
endfacet
facet normal 1.0 -0.0 -0.0
outer loop
vertex -24.2 16.36698935334274 11.900919006931439
vertex -24.2 20.613139720814413 11.75
vertex -24.2 16.53587046952168 11.94029656033397
endloop
endfacet
facet normal 1.0 -0.0 -0.0
outer loop
vertex -24.2 16.53587046952168 11.94029656033397
vertex -24.2 20.613139720814413 11.75
vertex -24.2 16.701814583053377 11.99063515683797
endloop
endfacet
facet normal 1.0 -0.0 -0.0
outer loop
vertex -24.2 16.701814583053377 11.99063515683797
vertex -24.2 20.613139720814413 11.75
vertex -24.2 16.864111095767488 12.05171923884509
endloop
endfacet
facet normal 1.0 0.0 -0.0
outer loop
vertex -24.2 16.864111095767488 12.05171923884509
vertex -24.2 20.782800078429787 12.067412203795493
vertex -24.2 17.022065029080352 12.123287234938376
endloop
endfacet
facet normal 0.9999999999999999 -0.0 -0.0
outer loop
vertex -24.2 17.022065029080352 12.123287234938376
vertex -24.2 20.782800078429787 12.067412203795493
vertex -24.2 17.175 12.205032679971238
endloop
endfacet
facet normal 1.0 -0.0 -0.0
outer loop
vertex -24.2 17.175 12.205032679971238
vertex -24.2 20.782800078429787 12.067412203795493
vertex -24.2 17.322261117501945 12.296605527398256
endloop
endfacet
facet normal 1.0 0.0 -0.0
outer loop
vertex -24.2 17.322261117501945 12.296605527398256
vertex -24.2 20.93133742881208 12.395241121992006
vertex -24.2 17.46321778687311 12.397613648228226
endloop
endfacet
facet normal 1.0 -0.0 -0.0
outer loop
vertex -24.2 17.46321778687311 12.397613648228226
vertex -24.2 20.93133742881208 12.395241121992006
vertex -24.2 17.59726641001518 12.50762451018071
endloop
endfacet
facet normal 0.9999999999999999 -0.0 -0.0
outer loop
vertex -24.2 17.59726641001518 12.50762451018071
vertex -24.2 20.93133742881208 12.395241121992006
vertex -24.2 17.72383297014435 12.62616702985565
endloop
endfacet
facet normal 1.0 0.0 -0.0
outer loop
vertex -24.2 17.72383297014435 12.62616702985565
vertex -24.2 21.05811571222308 12.732082940832612
vertex -24.2 17.84237548981929 12.752733589984818
endloop
endfacet
facet normal 1.0 -0.0 -0.0
outer loop
vertex -24.2 17.84237548981929 12.752733589984818
vertex -24.2 21.05811571222308 12.732082940832612
vertex -24.2 17.95238635177177 12.88678221312689
endloop
endfacet
facet normal 1.0 -0.0 -0.0
outer loop
vertex -24.2 17.95238635177177 12.88678221312689
vertex -24.2 21.05811571222308 12.732082940832612
vertex -24.2 18.053394472601745 13.027738882498054
endloop
endfacet
facet normal 1.0 0.0 -0.0
outer loop
vertex -24.2 18.053394472601745 13.027738882498054
vertex -24.2 21.162592044589875 13.076495251936135
vertex -24.2 18.144967320028762 13.175
endloop
endfacet
facet normal 1.0 -0.0 0.0
outer loop
vertex -24.2 11.086860279185586 17.25
vertex -24.2 15.85 17.15
vertex -24.2 20.613139720814413 17.25
endloop
endfacet
facet normal 1.0 0.0 -0.0
outer loop
vertex -24.2 15.490282789234213 19.98822407781232
vertex -24.2 16.209717210765785 19.98822407781232
vertex -24.2 15.85 20.0
endloop
endfacet
facet normal 1.0 -0.0 -0.0
outer loop
vertex -24.2 15.490282789234213 19.98822407781232
vertex -24.2 16.56789405721028 19.95294673755596
vertex -24.2 16.209717210765785 19.98822407781232
endloop
endfacet
facet normal 1.0 -0.0 -0.0
outer loop
vertex -24.2 15.132105942789716 19.95294673755596
vertex -24.2 16.922996771088705 19.894319042217766
vertex -24.2 16.56789405721028 19.95294673755596
endloop
endfacet
facet normal 1.0 -0.0 -0.0
outer loop
vertex -24.2 14.777003228911294 19.894319042217766
vertex -24.2 17.273504748063864 19.812592044589877
vertex -24.2 16.922996771088705 19.894319042217766
endloop
endfacet
facet normal 1.0 -0.0 -0.0
outer loop
vertex -24.2 14.426495251936135 19.812592044589877
vertex -24.2 17.61791705916739 19.708115712223083
vertex -24.2 17.273504748063864 19.812592044589877
endloop
endfacet
facet normal 1.0 -0.0 -0.0
outer loop
vertex -24.2 14.082082940832612 19.708115712223083
vertex -24.2 17.954758878007993 19.581337428812077
vertex -24.2 17.61791705916739 19.708115712223083
endloop
endfacet
facet normal 1.0 -0.0 -0.0
outer loop
vertex -24.2 13.745241121992006 19.581337428812077
vertex -24.2 18.282587796204506 19.432800078429786
vertex -24.2 17.954758878007993 19.581337428812077
endloop
endfacet
facet normal 1.0 -0.0 -0.0
outer loop
vertex -24.2 11.276917132336001 17.55563628160781
vertex -24.2 20.613139720814413 17.25
vertex -24.2 20.423082867664 17.55563628160781
endloop
endfacet
facet normal 0.9999999999999999 -0.0 -0.0
outer loop
vertex -24.2 11.486556628398207 17.848187859547963
vertex -24.2 20.423082867664 17.55563628160781
vertex -24.2 20.21344337160179 17.848187859547963
endloop
endfacet
facet normal 1.0 -0.0 -0.0
outer loop
vertex -24.2 11.714881058865624 18.12640198305038
vertex -24.2 20.0 18.10826936035813
vertex -24.2 19.985118941134374 18.12640198305038
endloop
endfacet
facet normal 1.0 -0.0 -0.0
outer loop
vertex -24.2 11.960912703473989 18.38908729652601
vertex -24.2 19.985118941134374 18.12640198305038
vertex -24.2 19.73908729652601 18.38908729652601
endloop
endfacet
facet normal 1.0 -0.0 -0.0
outer loop
vertex -24.2 12.223598016949621 18.635118941134376
vertex -24.2 19.73908729652601 18.38908729652601
vertex -24.2 19.47640198305038 18.635118941134376
endloop
endfacet
facet normal 1.0 -0.0 -0.0
outer loop
vertex -24.2 11.714881058865624 18.12640198305038
vertex -24.2 20.21344337160179 17.848187859547963
vertex -24.2 20.0 18.10826936035813
endloop
endfacet
facet normal 1.0 -0.0 -0.0
outer loop
vertex -24.2 13.1 19.263139720814415
vertex -24.2 18.905636281607812 19.073082867664
vertex -24.2 18.599999999999998 19.263139720814415
endloop
endfacet
facet normal 1.0 -0.0 -0.0
outer loop
vertex -24.2 12.501812140452035 18.863443371601793
vertex -24.2 19.47640198305038 18.635118941134376
vertex -24.2 19.198187859547964 18.863443371601793
endloop
endfacet
facet normal 1.0 -0.0 -0.0
outer loop
vertex -24.2 12.794363718392187 19.073082867664
vertex -24.2 19.198187859547964 18.863443371601793
vertex -24.2 18.905636281607812 19.073082867664
endloop
endfacet
facet normal 1.0 -0.0 -0.0
outer loop
vertex -24.2 13.417412203795493 19.432800078429786
vertex -24.2 18.599999999999998 19.263139720814415
vertex -24.2 18.282587796204506 19.432800078429786
endloop
endfacet
facet normal 0.9999999999999999 -0.0 0.0
outer loop
vertex -24.2 15.85 17.15
vertex -24.2 16.02331829245988 17.144326146582298
vertex -24.2 20.613139720814413 17.25
endloop
endfacet
facet normal 1.0 -0.0 0.0
outer loop
vertex -24.2 16.02331829245988 17.144326146582298
vertex -24.2 16.195894409383136 17.127328882640597
vertex -24.2 20.613139720814413 17.25
endloop
endfacet
facet normal 1.0 -0.0 0.0
outer loop
vertex -24.2 16.195894409383136 17.127328882640597
vertex -24.2 16.36698935334274 17.09908099306856
vertex -24.2 20.613139720814413 17.25
endloop
endfacet
facet normal 0.9999999999999999 -0.0 0.0
outer loop
vertex -24.2 16.36698935334274 17.09908099306856
vertex -24.2 16.53587046952168 17.05970343966603
vertex -24.2 20.613139720814413 17.25
endloop
endfacet
facet normal 0.9999999999999999 0.0 0.0
outer loop
vertex -24.2 16.53587046952168 17.05970343966603
vertex -24.2 16.701814583053377 17.00936484316203
vertex -24.2 20.782800078429787 16.93258779620451
endloop
endfacet
facet normal 0.9999999999999999 -0.0 -0.0
outer loop
vertex -24.2 16.864111095767488 16.94828076115491
vertex -24.2 20.782800078429787 16.93258779620451
vertex -24.2 16.701814583053377 17.00936484316203
endloop
endfacet
facet normal 1.0 -0.0 0.0
outer loop
vertex -24.2 16.864111095767488 16.94828076115491
vertex -24.2 17.022065029080352 16.876712765061622
vertex -24.2 20.782800078429787 16.93258779620451
endloop
endfacet
facet normal 1.0 -0.0 0.0
outer loop
vertex -24.2 18.053394472601745 15.972261117501946
vertex -24.2 18.144967320028762 15.825
vertex -24.2 21.162592044589875 15.923504748063865
endloop
endfacet
facet normal 1.0 0.0 -0.0
outer loop
vertex -24.2 17.46321778687311 16.602386351771774
vertex -24.2 20.93133742881208 16.604758878007992
vertex -24.2 17.322261117501945 16.703394472601744
endloop
endfacet
facet normal 0.9999999999999999 -0.0 0.0
outer loop
vertex -24.2 17.46321778687311 16.602386351771774
vertex -24.2 17.59726641001518 16.49237548981929
vertex -24.2 20.93133742881208 16.604758878007992
endloop
endfacet
facet normal 1.0 -0.0 0.0
outer loop
vertex -24.2 17.022065029080352 16.876712765061622
vertex -24.2 17.175 16.79496732002876
vertex -24.2 20.782800078429787 16.93258779620451
endloop
endfacet
facet normal 1.0 -0.0 0.0
outer loop
vertex -24.2 17.175 16.79496732002876
vertex -24.2 17.322261117501945 16.703394472601744
vertex -24.2 20.782800078429787 16.93258779620451
endloop
endfacet
facet normal 1.0 0.0 -0.0
outer loop
vertex -24.2 17.84237548981929 16.247266410015182
vertex -24.2 21.05811571222308 16.267917059167388
vertex -24.2 17.72383297014435 16.37383297014435
endloop
endfacet
facet normal 1.0 -0.0 0.0
outer loop
vertex -24.2 17.59726641001518 16.49237548981929
vertex -24.2 17.72383297014435 16.37383297014435
vertex -24.2 20.93133742881208 16.604758878007992
endloop
endfacet
facet normal 1.0 0.0 -0.0
outer loop
vertex -24.2 18.053394472601745 15.972261117501946
vertex -24.2 21.05811571222308 16.267917059167388
vertex -24.2 17.95238635177177 16.11321778687311
endloop
endfacet
facet normal 0.9999999999999999 -0.0 0.0
outer loop
vertex -24.2 17.84237548981929 16.247266410015182
vertex -24.2 17.95238635177177 16.11321778687311
vertex -24.2 21.05811571222308 16.267917059167388
endloop
endfacet
facet normal 1.0 -0.0 0.0
outer loop
vertex -24.2 16.864111095767488 12.05171923884509
vertex -24.2 20.613139720814413 11.75
vertex -24.2 20.782800078429787 12.067412203795493
endloop
endfacet
facet normal 1.0 -0.0 -0.0
outer loop
vertex -24.2 18.144967320028762 13.175
vertex -24.2 21.162592044589875 13.076495251936135
vertex -24.2 18.226712765061624 13.327934970919646
endloop
endfacet
facet normal 1.0 -0.0 0.0
outer loop
vertex -24.2 17.322261117501945 12.296605527398256
vertex -24.2 20.782800078429787 12.067412203795493
vertex -24.2 20.93133742881208 12.395241121992006
endloop
endfacet
facet normal 1.0 -0.0 0.0
outer loop
vertex -24.2 17.72383297014435 12.62616702985565
vertex -24.2 20.93133742881208 12.395241121992006
vertex -24.2 21.05811571222308 12.732082940832612
endloop
endfacet
facet normal 1.0 0.0 -0.0
outer loop
vertex -24.2 18.226712765061624 13.327934970919646
vertex -24.2 21.244319042217768 13.427003228911294
vertex -24.2 18.29828076115491 13.485888904232512
endloop
endfacet
facet normal 1.0 -0.0 -0.0
outer loop
vertex -24.2 18.29828076115491 13.485888904232512
vertex -24.2 21.244319042217768 13.427003228911294
vertex -24.2 18.35936484316203 13.648185416946621
endloop
endfacet
facet normal 1.0 0.0 -0.0
outer loop
vertex -24.2 18.35936484316203 13.648185416946621
vertex -24.2 21.302946737555956 13.782105942789716
vertex -24.2 18.409703439666032 13.81412953047832
endloop
endfacet
facet normal 0.9999999999999999 -0.0 -0.0
outer loop
vertex -24.2 18.409703439666032 13.81412953047832
vertex -24.2 21.302946737555956 13.782105942789716
vertex -24.2 18.44908099306856 13.98301064665726
endloop
endfacet
facet normal 1.0 0.0 -0.0
outer loop
vertex -24.2 18.44908099306856 13.98301064665726
vertex -24.2 21.33822407781232 14.140282789234213
vertex -24.2 18.4773288826406 14.154105590616863
endloop
endfacet
facet normal 1.0 -0.0 -0.0
outer loop
vertex -24.2 18.4773288826406 14.154105590616863
vertex -24.2 21.33822407781232 14.140282789234213
vertex -24.2 18.4943261465823 14.326681707540121
endloop
endfacet
facet normal 1.0 0.0 -0.0
outer loop
vertex -24.2 18.4943261465823 14.326681707540121
vertex -24.2 21.35 14.5
vertex -24.2 18.5 14.5
endloop
endfacet
facet normal 1.0 -0.0 0.0
outer loop
vertex -24.2 18.053394472601745 13.027738882498054
vertex -24.2 21.05811571222308 12.732082940832612
vertex -24.2 21.162592044589875 13.076495251936135
endloop
endfacet
facet normal 1.0 -0.0 0.0
outer loop
vertex -24.2 18.226712765061624 13.327934970919646
vertex -24.2 21.162592044589875 13.076495251936135
vertex -24.2 21.244319042217768 13.427003228911294
endloop
endfacet
facet normal 1.0 -0.0 0.0
outer loop
vertex -24.2 18.35936484316203 13.648185416946621
vertex -24.2 21.244319042217768 13.427003228911294
vertex -24.2 21.302946737555956 13.782105942789716
endloop
endfacet
facet normal 1.0 -0.0 0.0
outer loop
vertex -24.2 18.44908099306856 13.98301064665726
vertex -24.2 21.302946737555956 13.782105942789716
vertex -24.2 21.33822407781232 14.140282789234213
endloop
endfacet
facet normal 1.0 -0.0 0.0
outer loop
vertex -24.2 18.4943261465823 14.326681707540121
vertex -24.2 21.33822407781232 14.140282789234213
vertex -24.2 21.35 14.5
endloop
endfacet
facet normal 1.0 0.0 -0.0
outer loop
vertex -24.2 18.5 14.5
vertex -24.2 21.35 14.5
vertex -24.2 21.33822407781232 14.859717210765787
endloop
endfacet
facet normal 1.0 0.0 -0.0
outer loop
vertex -24.2 18.5 14.5
vertex -24.2 21.33822407781232 14.859717210765787
vertex -24.2 18.4943261465823 14.673318292459879
endloop
endfacet
facet normal 1.0 0.0 -0.0
outer loop
vertex -24.2 18.4943261465823 14.673318292459879
vertex -24.2 21.33822407781232 14.859717210765787
vertex -24.2 18.4773288826406 14.845894409383137
endloop
endfacet
facet normal 1.0 -0.0 0.0
outer loop
vertex -24.2 18.409703439666032 15.18587046952168
vertex -24.2 18.44908099306856 15.01698935334274
vertex -24.2 21.302946737555956 15.217894057210284
endloop
endfacet
facet normal 0.9999999999999999 0.0 -0.0
outer loop
vertex -24.2 18.4773288826406 14.845894409383137
vertex -24.2 21.302946737555956 15.217894057210284
vertex -24.2 18.44908099306856 15.01698935334274
endloop
endfacet
facet normal 0.9999999999999999 -0.0 0.0
outer loop
vertex -24.2 18.29828076115491 15.514111095767488
vertex -24.2 18.35936484316203 15.351814583053379
vertex -24.2 21.244319042217768 15.572996771088706
endloop
endfacet
facet normal 1.0 0.0 -0.0
outer loop
vertex -24.2 18.409703439666032 15.18587046952168
vertex -24.2 21.244319042217768 15.572996771088706
vertex -24.2 18.35936484316203 15.351814583053379
endloop
endfacet
facet normal 1.0 -0.0 0.0
outer loop
vertex -24.2 18.144967320028762 15.825
vertex -24.2 18.226712765061624 15.672065029080354
vertex -24.2 21.162592044589875 15.923504748063865
endloop
endfacet
facet normal 0.9999999999999999 0.0 -0.0
outer loop
vertex -24.2 18.29828076115491 15.514111095767488
vertex -24.2 21.162592044589875 15.923504748063865
vertex -24.2 18.226712765061624 15.672065029080354
endloop
endfacet
facet normal 1.0 -0.0 -0.0
outer loop
vertex -24.2 16.53587046952168 17.05970343966603
vertex -24.2 20.782800078429787 16.93258779620451
vertex -24.2 20.613139720814413 17.25
endloop
endfacet
facet normal 1.0 -0.0 -0.0
outer loop
vertex -24.2 17.72383297014435 16.37383297014435
vertex -24.2 21.05811571222308 16.267917059167388
vertex -24.2 20.93133742881208 16.604758878007992
endloop
endfacet
facet normal 1.0 -0.0 -0.0
outer loop
vertex -24.2 17.322261117501945 16.703394472601744
vertex -24.2 20.93133742881208 16.604758878007992
vertex -24.2 20.782800078429787 16.93258779620451
endloop
endfacet
facet normal 1.0 0.0 -0.0
outer loop
vertex -24.2 18.4773288826406 14.845894409383137
vertex -24.2 21.33822407781232 14.859717210765787
vertex -24.2 21.302946737555956 15.217894057210284
endloop
endfacet
facet normal 1.0 0.0 -0.0
outer loop
vertex -24.2 18.409703439666032 15.18587046952168
vertex -24.2 21.302946737555956 15.217894057210284
vertex -24.2 21.244319042217768 15.572996771088706
endloop
endfacet
facet normal 1.0 0.0 -0.0
outer loop
vertex -24.2 18.29828076115491 15.514111095767488
vertex -24.2 21.244319042217768 15.572996771088706
vertex -24.2 21.162592044589875 15.923504748063865
endloop
endfacet
facet normal 1.0 -0.0 -0.0
outer loop
vertex -24.2 18.053394472601745 15.972261117501946
vertex -24.2 21.162592044589875 15.923504748063865
vertex -24.2 21.05811571222308 16.267917059167388
endloop
endfacet
facet normal -1.0 0.0 0.0
outer loop
vertex -31.8 15.85 9.0
vertex -31.8 16.209717210765785 9.011775922187681
vertex -31.8 20.0 9.0
endloop
endfacet
facet normal -1.0 0.0 0.0
outer loop
vertex -31.8 16.209717210765785 9.011775922187681
vertex -31.8 16.56789405721028 9.047053262444042
vertex -31.8 20.0 9.0
endloop
endfacet
facet normal -1.0 0.0 0.0
outer loop
vertex -31.8 16.56789405721028 9.047053262444042
vertex -31.8 16.922996771088705 9.105680957782234
vertex -31.8 20.0 9.0
endloop
endfacet
facet normal -1.0 0.0 0.0
outer loop
vertex -31.8 16.922996771088705 9.105680957782234
vertex -31.8 17.273504748063864 9.187407955410125
vertex -31.8 20.0 9.0
endloop
endfacet
facet normal -1.0 0.0 0.0
outer loop
vertex -31.8 17.273504748063864 9.187407955410125
vertex -31.8 17.61791705916739 9.291884287776918
vertex -31.8 20.0 9.0
endloop
endfacet
facet normal -1.0 0.0 0.0
outer loop
vertex -31.8 17.61791705916739 9.291884287776918
vertex -31.8 17.954758878007993 9.418662571187923
vertex -31.8 20.0 9.0
endloop
endfacet
facet normal -1.0 0.0 0.0
outer loop
vertex -31.8 17.954758878007993 9.418662571187923
vertex -31.8 18.282587796204506 9.567199921570214
vertex -31.8 20.0 9.0
endloop
endfacet
facet normal -1.0 0.0 0.0
outer loop
vertex -31.8 18.282587796204506 9.567199921570214
vertex -31.8 18.599999999999998 9.736860279185587
vertex -31.8 20.0 9.0
endloop
endfacet
facet normal -1.0 3.4243023410125306e-15 1.0460161567782485e-13
outer loop
vertex -31.8 15.85 20.0
vertex -31.799999999999986 20.0 20.0
vertex -31.8 16.209717210765785 19.98822407781232
endloop
endfacet
facet normal -1.0 3.634633098896608e-15 3.690304914954152e-14
outer loop
vertex -31.8 16.209717210765785 19.98822407781232
vertex -31.799999999999986 20.0 20.0
vertex -31.8 16.56789405721028 19.95294673755596
endloop
endfacet
facet normal -1.0 3.823099164928008e-15 2.3156170152366405e-14
outer loop
vertex -31.8 16.56789405721028 19.95294673755596
vertex -31.799999999999986 20.0 20.0
vertex -31.8 16.922996771088705 19.894319042217766
endloop
endfacet
facet normal -1.0 4.0254594750235955e-15 1.726425413802937e-14
outer loop
vertex -31.8 16.922996771088705 19.894319042217766
vertex -31.799999999999986 20.0 20.0
vertex -31.8 17.273504748063864 19.812592044589877
endloop
endfacet
facet normal -1.0 4.249280760750704e-15 1.400800137393654e-14
outer loop
vertex -31.8 17.273504748063864 19.812592044589877
vertex -31.799999999999986 20.0 20.0
vertex -31.8 17.61791705916739 19.708115712223083
endloop
endfacet
facet normal -1.0 4.500522773138503e-15 1.1957602168526606e-14
outer loop
vertex -31.8 17.61791705916739 19.708115712223083
vertex -31.799999999999986 20.0 20.0
vertex -31.8 17.954758878007993 19.581337428812077
endloop
endfacet
facet normal -1.0 4.786009594967764e-15 1.0562948268285984e-14
outer loop
vertex -31.8 17.954758878007993 19.581337428812077
vertex -31.799999999999986 20.0 20.0
vertex -31.8 18.282587796204506 19.432800078429786
endloop
endfacet
facet normal -1.0 5.1144515963123536e-15 9.568465935166703e-15
outer loop
vertex -31.8 18.282587796204506 19.432800078429786
vertex -31.799999999999986 20.0 20.0
vertex -31.8 18.599999999999998 19.263139720814415
endloop
endfacet
facet normal 0.0 0.0 -1.0
outer loop
vertex -31.8 15.85 9.0
vertex -31.8 20.0 9.0
vertex -24.2 15.85 9.0
endloop
endfacet
facet normal -4.674623261579615e-16 1.6007323377978706e-30 1.0
outer loop
vertex -31.8 15.85 20.0
vertex -24.2 20.0 20.000000000000004
vertex -31.799999999999986 20.0 20.0
endloop
endfacet
facet normal -0.9999999999999999 0.0 0.0
outer loop
vertex -31.8 18.599999999999998 9.736860279185587
vertex -31.8 18.905636281607812 9.926917132336001
vertex -31.8 20.0 9.0
endloop
endfacet
facet normal -1.0 0.0 0.0
outer loop
vertex -31.8 18.905636281607812 9.926917132336001
vertex -31.8 19.198187859547964 10.136556628398207
vertex -31.8 20.0 9.0
endloop
endfacet
facet normal -1.0 0.0 0.0
outer loop
vertex -31.8 20.0 9.0
vertex -31.8 19.198187859547964 10.136556628398207
vertex -31.8 19.47640198305038 10.364881058865624
endloop
endfacet
facet normal -1.0 0.0 0.0
outer loop
vertex -31.8 20.0 9.0
vertex -31.8 19.47640198305038 10.364881058865624
vertex -31.8 19.73908729652601 10.61091270347399
endloop
endfacet
facet normal -1.0 0.0 0.0
outer loop
vertex -31.8 20.0 9.0
vertex -31.8 19.73908729652601 10.61091270347399
vertex -31.8 19.985118941134374 10.873598016949622
endloop
endfacet
facet normal -1.0 0.0 0.0
outer loop
vertex -31.8 20.0 9.0
vertex -31.8 19.985118941134374 10.873598016949622
vertex -31.8 20.0 10.89173063964187
endloop
endfacet
facet normal -1.0 5.9512555087692535e-15 8.304967444201699e-15
outer loop
vertex -31.8 18.905636281607812 19.073082867664
vertex -31.799999999999986 20.0 20.0
vertex -31.8 19.198187859547964 18.863443371601793
endloop
endfacet
facet normal -1.0 6.49873651330067e-15 7.918733353324213e-15
outer loop
vertex -31.8 19.47640198305038 18.635118941134376
vertex -31.8 19.198187859547964 18.863443371601793
vertex -31.799999999999986 20.0 20.0
endloop
endfacet
facet normal -1.0 5.497497941535111e-15 8.840695829408578e-15
outer loop
vertex -31.8 18.599999999999998 19.263139720814415
vertex -31.799999999999986 20.0 20.0
vertex -31.8 18.905636281607812 19.073082867664
endloop
endfacet
facet normal -1.0 7.174059098094946e-15 7.659664943001738e-15
outer loop
vertex -31.8 19.47640198305038 18.635118941134376
vertex -31.799999999999986 20.0 20.0
vertex -31.8 19.73908729652601 18.38908729652601
endloop
endfacet
facet normal -1.0 8.030105676167794e-15 7.521014706708376e-15
outer loop
vertex -31.8 19.73908729652601 18.38908729652601
vertex -31.799999999999986 20.0 20.0
vertex -31.8 19.985118941134374 18.12640198305038
endloop
endfacet
facet normal -1.0 9.153510658035328e-15 7.512092058672953e-15
outer loop
vertex -31.8 20.0 18.10826936035813
vertex -31.8 19.985118941134374 18.12640198305038
vertex -31.799999999999986 20.0 20.0
endloop
endfacet
facet normal 0.0 0.0 -1.0
outer loop
vertex -31.8 20.0 9.0
vertex -24.2 20.0 9.0
vertex -24.2 15.85 9.0
endloop
endfacet
facet normal 0.0 -8.560755852531327e-16 1.0
outer loop
vertex -31.8 15.85 20.0
vertex -24.2 15.85 20.0
vertex -24.2 20.0 20.000000000000004
endloop
endfacet
facet normal 1.0 0.0 -0.0
outer loop
vertex -24.2 15.85 9.0
vertex -24.2 20.0 9.0
vertex -24.2 16.209717210765785 9.011775922187681
endloop
endfacet
facet normal 1.0 -0.0 -0.0
outer loop
vertex -24.2 16.209717210765785 9.011775922187681
vertex -24.2 20.0 9.0
vertex -24.2 16.56789405721028 9.047053262444042
endloop
endfacet
facet normal 1.0 -0.0 -0.0
outer loop
vertex -24.2 16.56789405721028 9.047053262444042
vertex -24.2 20.0 9.0
vertex -24.2 16.922996771088705 9.105680957782234
endloop
endfacet
facet normal 1.0 -0.0 -0.0
outer loop
vertex -24.2 16.922996771088705 9.105680957782234
vertex -24.2 20.0 9.0
vertex -24.2 17.273504748063864 9.187407955410125
endloop
endfacet
facet normal 1.0 -0.0 -0.0
outer loop
vertex -24.2 17.273504748063864 9.187407955410125
vertex -24.2 20.0 9.0
vertex -24.2 17.61791705916739 9.291884287776918
endloop
endfacet
facet normal 1.0 -0.0 -0.0
outer loop
vertex -24.2 17.61791705916739 9.291884287776918
vertex -24.2 20.0 9.0
vertex -24.2 17.954758878007993 9.418662571187923
endloop
endfacet
facet normal 1.0 -0.0 -0.0
outer loop
vertex -24.2 17.954758878007993 9.418662571187923
vertex -24.2 20.0 9.0
vertex -24.2 18.282587796204506 9.567199921570214
endloop
endfacet
facet normal 0.9999999999999999 -0.0 -0.0
outer loop
vertex -24.2 18.282587796204506 9.567199921570214
vertex -24.2 20.0 9.0
vertex -24.2 18.599999999999998 9.736860279185587
endloop
endfacet
facet normal 1.0 -0.0 0.0
outer loop
vertex -24.2 15.85 20.0
vertex -24.2 16.209717210765785 19.98822407781232
vertex -24.2 20.0 20.000000000000004
endloop
endfacet
facet normal 1.0 -0.0 0.0
outer loop
vertex -24.2 16.209717210765785 19.98822407781232
vertex -24.2 16.56789405721028 19.95294673755596
vertex -24.2 20.0 20.000000000000004
endloop
endfacet
facet normal 1.0 -0.0 0.0
outer loop
vertex -24.2 16.56789405721028 19.95294673755596
vertex -24.2 16.922996771088705 19.894319042217766
vertex -24.2 20.0 20.000000000000004
endloop
endfacet
facet normal 1.0 -0.0 0.0
outer loop
vertex -24.2 16.922996771088705 19.894319042217766
vertex -24.2 17.273504748063864 19.812592044589877
vertex -24.2 20.0 20.000000000000004
endloop
endfacet
facet normal 1.0 -0.0 0.0
outer loop
vertex -24.2 17.273504748063864 19.812592044589877
vertex -24.2 17.61791705916739 19.708115712223083
vertex -24.2 20.0 20.000000000000004
endloop
endfacet
facet normal 1.0 -0.0 0.0
outer loop
vertex -24.2 17.61791705916739 19.708115712223083
vertex -24.2 17.954758878007993 19.581337428812077
vertex -24.2 20.0 20.000000000000004
endloop
endfacet
facet normal 1.0 -0.0 0.0
outer loop
vertex -24.2 17.954758878007993 19.581337428812077
vertex -24.2 18.282587796204506 19.432800078429786
vertex -24.2 20.0 20.000000000000004
endloop
endfacet
facet normal 1.0 -0.0 0.0
outer loop
vertex -24.2 18.282587796204506 19.432800078429786
vertex -24.2 18.599999999999998 19.263139720814415
vertex -24.2 20.0 20.000000000000004
endloop
endfacet
facet normal 0.9999999999999999 -0.0 -0.0
outer loop
vertex -24.2 18.599999999999998 9.736860279185587
vertex -24.2 20.0 9.0
vertex -24.2 18.905636281607812 9.926917132336001
endloop
endfacet
facet normal 1.0 -0.0 -0.0
outer loop
vertex -24.2 18.905636281607812 9.926917132336001
vertex -24.2 20.0 9.0
vertex -24.2 19.198187859547964 10.136556628398207
endloop
endfacet
facet normal 1.0 0.0 0.0
outer loop
vertex -24.2 20.0 9.0
vertex -24.2 19.47640198305038 10.364881058865624
vertex -24.2 19.198187859547964 10.136556628398207
endloop
endfacet
facet normal 1.0 0.0 0.0
outer loop
vertex -24.2 20.0 9.0
vertex -24.2 19.73908729652601 10.61091270347399
vertex -24.2 19.47640198305038 10.364881058865624
endloop
endfacet
facet normal 1.0 0.0 0.0
outer loop
vertex -24.2 20.0 9.0
vertex -24.2 19.985118941134374 10.873598016949622
vertex -24.2 19.73908729652601 10.61091270347399
endloop
endfacet
facet normal 1.0 0.0 -0.0
outer loop
vertex -24.2 20.0 9.0
vertex -24.2 20.0 10.89173063964187
vertex -24.2 19.985118941134374 10.873598016949622
endloop
endfacet
facet normal 1.0 0.0 0.0
outer loop
vertex -24.2 24.0 9.0
vertex -24.2 21.162592044589875 15.923504748063865
vertex -24.2 21.244319042217768 15.572996771088706
endloop
endfacet
facet normal 1.0 -0.0 0.0
outer loop
vertex -24.2 18.905636281607812 19.073082867664
vertex -24.2 19.198187859547964 18.863443371601793
vertex -24.2 20.0 20.000000000000004
endloop
endfacet
facet normal 1.0 0.0 -0.0
outer loop
vertex -24.2 19.47640198305038 18.635118941134376
vertex -24.2 20.0 20.000000000000004
vertex -24.2 19.198187859547964 18.863443371601793
endloop
endfacet
facet normal 0.9999999999999999 -0.0 0.0
outer loop
vertex -24.2 18.599999999999998 19.263139720814415
vertex -24.2 18.905636281607812 19.073082867664
vertex -24.2 20.0 20.000000000000004
endloop
endfacet
facet normal 1.0 -0.0 0.0
outer loop
vertex -24.2 19.47640198305038 18.635118941134376
vertex -24.2 19.73908729652601 18.38908729652601
vertex -24.2 20.0 20.000000000000004
endloop
endfacet
facet normal 1.0 -0.0 0.0
outer loop
vertex -24.2 19.73908729652601 18.38908729652601
vertex -24.2 19.985118941134374 18.12640198305038
vertex -24.2 20.0 20.000000000000004
endloop
endfacet
facet normal 1.0 0.0 -0.0
outer loop
vertex -24.2 20.0 18.10826936035813
vertex -24.2 20.0 20.000000000000004
vertex -24.2 19.985118941134374 18.12640198305038
endloop
endfacet
facet normal 1.0 0.0 -0.0
outer loop
vertex -24.2 20.782800078429787 16.93258779620451
vertex -24.2 24.0 20.0
vertex -24.2 20.0 20.000000000000004
endloop
endfacet
facet normal 1.0 -0.0 0.0
outer loop
vertex -24.2 20.93133742881208 16.604758878007992
vertex -24.2 21.05811571222308 16.267917059167388
vertex -24.2 24.0 20.0
endloop
endfacet
facet normal 1.0 -0.0 0.0
outer loop
vertex -24.2 20.782800078429787 16.93258779620451
vertex -24.2 20.93133742881208 16.604758878007992
vertex -24.2 24.0 20.0
endloop
endfacet
facet normal 1.0 0.0 -0.0
outer loop
vertex -24.2 21.162592044589875 15.923504748063865
vertex -24.2 24.0 20.0
vertex -24.2 21.05811571222308 16.267917059167388
endloop
endfacet
facet normal 1.0 0.0 -0.0
outer loop
vertex -24.2 22.818455184308984 9.0
vertex -24.2 24.0 9.0
vertex -24.2 21.244319042217768 15.572996771088706
endloop
endfacet
facet normal 1.0 0.0 -0.0
outer loop
vertex -24.2 24.0 9.0
vertex -24.2 24.0 20.0
vertex -24.2 21.162592044589875 15.923504748063865
endloop
endfacet
facet normal -0.0 0.9569403357322108 0.2902846772544554
outer loop
vertex -31.8 13.340635156837969 13.648185416946621
vertex -31.8 13.290296560333969 13.81412953047832
vertex -24.2 13.290296560333969 13.81412953047832
endloop
endfacet
facet normal -0.0 0.9738769792773342 0.22707626303437115
outer loop
vertex -31.8 13.290296560333969 13.81412953047832
vertex -31.8 13.25091900693144 13.98301064665726
vertex -24.2 13.25091900693144 13.98301064665726
endloop
endfacet
facet normal -0.0 0.9866433320848784 0.1628954733945927
outer loop
vertex -31.8 13.25091900693144 13.98301064665726
vertex -31.8 13.222671117359402 14.154105590616863
vertex -24.2 13.222671117359402 14.154105590616863
endloop
endfacet
facet normal -0.0 0.9951847266721967 0.0980171403295632
outer loop
vertex -31.8 13.222671117359402 14.154105590616863
vertex -31.8 13.2056738534177 14.326681707540121
vertex -24.2 13.2056738534177 14.326681707540121
endloop
endfacet
facet normal -0.0 0.9994645874763657 0.0327190828217766
outer loop
vertex -31.8 13.2056738534177 14.326681707540121
vertex -31.8 13.2 14.5
vertex -24.2 13.2 14.5
endloop
endfacet
facet normal 0.0 0.9994645874763657 -0.0327190828217766
outer loop
vertex -31.8 13.2 14.5
vertex -31.8 13.2056738534177 14.673318292459879
vertex -24.2 13.2056738534177 14.673318292459879
endloop
endfacet
facet normal -0.0 0.8819212643483527 0.471396736826002
outer loop
vertex -31.8 13.473287234938375 13.327934970919646
vertex -24.2 13.473287234938375 13.327934970919646
vertex -31.8 13.555032679971237 13.175
endloop
endfacet
facet normal -0.0 0.8128466845916146 0.582477696867803
outer loop
vertex -31.8 13.747613648228226 12.88678221312689
vertex -31.8 13.646605527398254 13.027738882498054
vertex -24.2 13.646605527398254 13.027738882498054
endloop
endfacet
facet normal -0.0 0.8492021815265814 0.5280678506503639
outer loop
vertex -31.8 13.555032679971237 13.175
vertex -24.2 13.555032679971237 13.175
vertex -31.8 13.646605527398254 13.027738882498054
endloop
endfacet
facet normal -0.0 0.6835923020228718 0.7298640726978352
outer loop
vertex -31.8 13.976167029855649 12.62616702985565
vertex -24.2 13.976167029855649 12.62616702985565
vertex -31.8 14.102733589984817 12.50762451018071
endloop
endfacet
facet normal -0.0 0.6343932841636466 0.7730104533627361
outer loop
vertex -31.8 14.102733589984817 12.50762451018071
vertex -24.2 14.102733589984817 12.50762451018071
vertex -31.8 14.23678221312689 12.397613648228226
endloop
endfacet
facet normal -0.0 0.7730104533627361 0.6343932841636466
outer loop
vertex -31.8 13.747613648228226 12.88678221312689
vertex -24.2 13.747613648228226 12.88678221312689
vertex -31.8 13.85762451018071 12.752733589984818
endloop
endfacet
facet normal -0.0 0.7298640726978352 0.6835923020228718
outer loop
vertex -31.8 13.976167029855649 12.62616702985565
vertex -31.8 13.85762451018071 12.752733589984818
vertex -24.2 13.85762451018071 12.752733589984818
endloop
endfacet
facet normal -0.0 0.9108638249211761 0.4127070298043939
outer loop
vertex -31.8 13.473287234938375 13.327934970919646
vertex -31.8 13.40171923884509 13.485888904232512
vertex -24.2 13.40171923884509 13.485888904232512
endloop
endfacet
facet normal -0.0 0.9359059267573248 0.3522500479212362
outer loop
vertex -31.8 13.340635156837969 13.648185416946621
vertex -24.2 13.340635156837969 13.648185416946621
vertex -31.8 13.40171923884509 13.485888904232512
endloop
endfacet
facet normal -0.0 0.2902846772544554 0.9569403357322108
outer loop
vertex -31.8 14.99818541694662 11.99063515683797
vertex -24.2 14.99818541694662 11.99063515683797
vertex -31.8 15.16412953047832 11.94029656033397
endloop
endfacet
facet normal -0.0 0.22707626303438083 0.973876979277332
outer loop
vertex -31.8 15.16412953047832 11.94029656033397
vertex -24.2 15.16412953047832 11.94029656033397
vertex -31.8 15.333010646657259 11.900919006931439
endloop
endfacet
facet normal -0.0 0.16289547339458274 0.98664333208488
outer loop
vertex -31.8 15.333010646657259 11.900919006931439
vertex -24.2 15.333010646657259 11.900919006931439
vertex -31.8 15.504105590616863 11.872671117359403
endloop
endfacet
facet normal -0.0 0.0980171403295632 0.9951847266721967
outer loop
vertex -31.8 15.504105590616863 11.872671117359403
vertex -24.2 15.504105590616863 11.872671117359403
vertex -31.8 15.676681707540121 11.8556738534177
endloop
endfacet
facet normal -0.0 0.0327190828217766 0.9994645874763657
outer loop
vertex -31.8 15.676681707540121 11.8556738534177
vertex -24.2 15.676681707540121 11.8556738534177
vertex -31.8 15.85 11.85
endloop
endfacet
facet normal -0.0 0.5824776968677963 0.8128466845916195
outer loop
vertex -31.8 14.377738882498054 12.296605527398256
vertex -31.8 14.23678221312689 12.397613648228226
vertex -24.2 14.23678221312689 12.397613648228226
endloop
endfacet
facet normal -0.0 0.5280678506503712 0.8492021815265769
outer loop
vertex -31.8 14.377738882498054 12.296605527398256
vertex -24.2 14.377738882498054 12.296605527398256
vertex -31.8 14.525 12.205032679971238
endloop
endfacet
facet normal -0.0 0.471396736826002 0.8819212643483527
outer loop
vertex -31.8 14.525 12.205032679971238
vertex -24.2 14.525 12.205032679971238
vertex -31.8 14.677934970919646 12.123287234938376
endloop
endfacet
facet normal -0.0 0.4127070298043939 0.9108638249211761
outer loop
vertex -31.8 14.677934970919646 12.123287234938376
vertex -24.2 14.677934970919646 12.123287234938376
vertex -31.8 14.835888904232512 12.05171923884509
endloop
endfacet
facet normal -0.0 0.3522500479212362 0.9359059267573248
outer loop
vertex -31.8 14.99818541694662 11.99063515683797
vertex -31.8 14.835888904232512 12.05171923884509
vertex -24.2 14.835888904232512 12.05171923884509
endloop
endfacet
facet normal 0.0 0.9951847266721967 -0.0980171403295632
outer loop
vertex -31.8 13.2056738534177 14.673318292459879
vertex -31.8 13.222671117359402 14.845894409383137
vertex -24.2 13.222671117359402 14.845894409383137
endloop
endfacet
facet normal 0.0 0.9866433320848784 -0.1628954733945927
outer loop
vertex -31.8 13.222671117359402 14.845894409383137
vertex -31.8 13.25091900693144 15.01698935334274
vertex -24.2 13.25091900693144 15.01698935334274
endloop
endfacet
facet normal 0.0 0.9738769792773342 -0.22707626303437115
outer loop
vertex -31.8 13.25091900693144 15.01698935334274
vertex -31.8 13.290296560333969 15.18587046952168
vertex -24.2 13.290296560333969 15.18587046952168
endloop
endfacet
facet normal 0.0 0.9569403357322108 -0.2902846772544554
outer loop
vertex -31.8 13.290296560333969 15.18587046952168
vertex -31.8 13.340635156837969 15.351814583053379
vertex -24.2 13.340635156837969 15.351814583053379
endloop
endfacet
facet normal 0.0 0.9359059267573248 -0.3522500479212362
outer loop
vertex -31.8 13.340635156837969 15.351814583053379
vertex -31.8 13.40171923884509 15.514111095767488
vertex -24.2 13.40171923884509 15.514111095767488
endloop
endfacet
facet normal 0.0 0.9108638249211761 -0.4127070298043939
outer loop
vertex -31.8 13.40171923884509 15.514111095767488
vertex -31.8 13.473287234938375 15.672065029080354
vertex -24.2 13.473287234938375 15.672065029080354
endloop
endfacet
facet normal 0.0 0.8819212643483527 -0.471396736826002
outer loop
vertex -31.8 13.473287234938375 15.672065029080354
vertex -31.8 13.555032679971237 15.825
vertex -24.2 13.555032679971237 15.825
endloop
endfacet
facet normal 0.0 0.8492021815265814 -0.5280678506503639
outer loop
vertex -31.8 13.555032679971237 15.825
vertex -31.8 13.646605527398254 15.972261117501946
vertex -24.2 13.646605527398254 15.972261117501946
endloop
endfacet
facet normal 0.0 0.812846684591618 -0.5824776968677982
outer loop
vertex -31.8 13.646605527398254 15.972261117501946
vertex -31.8 13.747613648228226 16.11321778687311
vertex -24.2 13.747613648228226 16.11321778687311
endloop
endfacet
facet normal 0.0 0.773010453362732 -0.6343932841636516
outer loop
vertex -31.8 13.747613648228226 16.11321778687311
vertex -31.8 13.85762451018071 16.247266410015182
vertex -24.2 13.85762451018071 16.247266410015182
endloop
endfacet
facet normal 0.0 0.7298640726978304 -0.6835923020228769
outer loop
vertex -31.8 13.85762451018071 16.247266410015182
vertex -31.8 13.976167029855649 16.37383297014435
vertex -24.2 13.976167029855649 16.37383297014435
endloop
endfacet
facet normal 0.0 0.6835923020228718 -0.7298640726978352
outer loop
vertex -31.8 13.976167029855649 16.37383297014435
vertex -31.8 14.102733589984817 16.49237548981929
vertex -24.2 14.102733589984817 16.49237548981929
endloop
endfacet
facet normal 0.0 0.6343932841636526 -0.7730104533627311
outer loop
vertex -31.8 14.102733589984817 16.49237548981929
vertex -31.8 14.23678221312689 16.602386351771774
vertex -24.2 14.23678221312689 16.602386351771774
endloop
endfacet
facet normal 0.0 0.5824776968677963 -0.8128466845916195
outer loop
vertex -31.8 14.23678221312689 16.602386351771774
vertex -31.8 14.377738882498054 16.703394472601744
vertex -24.2 14.377738882498054 16.703394472601744
endloop
endfacet
facet normal 0.0 0.5280678506503639 -0.8492021815265814
outer loop
vertex -31.8 14.377738882498054 16.703394472601744
vertex -31.8 14.525 16.79496732002876
vertex -24.2 14.525 16.79496732002876
endloop
endfacet
facet normal 0.0 0.471396736826002 -0.8819212643483527
outer loop
vertex -31.8 14.525 16.79496732002876
vertex -31.8 14.677934970919646 16.876712765061622
vertex -24.2 14.677934970919646 16.876712765061622
endloop
endfacet
facet normal 0.0 0.4127070298043939 -0.9108638249211761
outer loop
vertex -31.8 14.677934970919646 16.876712765061622
vertex -31.8 14.835888904232512 16.94828076115491
vertex -24.2 14.835888904232512 16.94828076115491
endloop
endfacet
facet normal 0.0 0.3522500479212362 -0.9359059267573248
outer loop
vertex -31.8 14.835888904232512 16.94828076115491
vertex -31.8 14.99818541694662 17.00936484316203
vertex -24.2 14.99818541694662 17.00936484316203
endloop
endfacet
facet normal 0.0 0.29028467725446483 -0.9569403357322082
outer loop
vertex -31.8 14.99818541694662 17.00936484316203
vertex -31.8 15.16412953047832 17.05970343966603
vertex -24.2 15.16412953047832 17.05970343966603
endloop
endfacet
facet normal 0.0 0.22707626303438083 -0.973876979277332
outer loop
vertex -31.8 15.16412953047832 17.05970343966603
vertex -31.8 15.333010646657259 17.09908099306856
vertex -24.2 15.333010646657259 17.09908099306856
endloop
endfacet
facet normal 0.0 0.16289547339458274 -0.98664333208488
outer loop
vertex -31.8 15.333010646657259 17.09908099306856
vertex -31.8 15.504105590616863 17.127328882640597
vertex -24.2 15.504105590616863 17.127328882640597
endloop
endfacet
facet normal 0.0 0.09801714032955307 -0.9951847266721977
outer loop
vertex -31.8 15.504105590616863 17.127328882640597
vertex -31.8 15.676681707540121 17.144326146582298
vertex -24.2 15.676681707540121 17.144326146582298
endloop
endfacet
facet normal 0.0 0.0327190828217766 -0.9994645874763657
outer loop
vertex -31.8 15.676681707540121 17.144326146582298
vertex -31.8 15.85 17.15
vertex -24.2 15.85 17.15
endloop
endfacet
facet normal 0.0 -0.03271908282177627 0.9994645874763658
outer loop
vertex -31.8 15.85 11.85
vertex -24.2 15.85 11.85
vertex -31.8 16.02331829245988 11.8556738534177
endloop
endfacet
facet normal 0.0 -0.0980171403295642 0.9951847266721966
outer loop
vertex -31.8 16.02331829245988 11.8556738534177
vertex -24.2 16.02331829245988 11.8556738534177
vertex -31.8 16.195894409383136 11.872671117359403
endloop
endfacet
facet normal 0.0 -0.1628954733945844 0.9866433320848799
outer loop
vertex -31.8 16.195894409383136 11.872671117359403
vertex -24.2 16.195894409383136 11.872671117359403
vertex -31.8 16.36698935334274 11.900919006931439
endloop
endfacet
facet normal 0.0 -0.22707626303437858 0.9738769792773325
outer loop
vertex -31.8 16.36698935334274 11.900919006931439
vertex -24.2 16.36698935334274 11.900919006931439
vertex -31.8 16.53587046952168 11.94029656033397
endloop
endfacet
facet normal 0.0 -0.2902846772544583 0.95694033573221
outer loop
vertex -31.8 16.53587046952168 11.94029656033397
vertex -24.2 16.53587046952168 11.94029656033397
vertex -31.8 16.701814583053377 11.99063515683797
endloop
endfacet
facet normal 0.0 -0.3522500479212328 0.935905926757326
outer loop
vertex -31.8 16.701814583053377 11.99063515683797
vertex -24.2 16.701814583053377 11.99063515683797
vertex -31.8 16.864111095767488 12.05171923884509
endloop
endfacet
facet normal 0.0 -0.4127070298043978 0.9108638249211743
outer loop
vertex -31.8 16.864111095767488 12.05171923884509
vertex -24.2 16.864111095767488 12.05171923884509
vertex -31.8 17.022065029080352 12.123287234938376
endloop
endfacet
facet normal 0.0 -0.4713967368259936 0.8819212643483574
outer loop
vertex -31.8 17.022065029080352 12.123287234938376
vertex -24.2 17.022065029080352 12.123287234938376
vertex -31.8 17.175 12.205032679971238
endloop
endfacet
facet normal 0.0 -0.5280678506503759 0.849202181526574
outer loop
vertex -31.8 17.175 12.205032679971238
vertex -24.2 17.175 12.205032679971238
vertex -31.8 17.322261117501945 12.296605527398256
endloop
endfacet
facet normal 0.0 -0.5824776968677963 0.8128466845916195
outer loop
vertex -31.8 17.322261117501945 12.296605527398256
vertex -24.2 17.322261117501945 12.296605527398256
vertex -31.8 17.46321778687311 12.397613648228226
endloop
endfacet
facet normal 0.0 -0.6343932841636516 0.773010453362732
outer loop
vertex -31.8 17.46321778687311 12.397613648228226
vertex -24.2 17.46321778687311 12.397613648228226
vertex -31.8 17.59726641001518 12.50762451018071
endloop
endfacet
facet normal 0.0 -0.6835923020228667 0.7298640726978399
outer loop
vertex -31.8 17.59726641001518 12.50762451018071
vertex -24.2 17.59726641001518 12.50762451018071
vertex -31.8 17.72383297014435 12.62616702985565
endloop
endfacet
facet normal 0.0 -0.7298640726978352 0.6835923020228718
outer loop
vertex -31.8 17.72383297014435 12.62616702985565
vertex -24.2 17.72383297014435 12.62616702985565
vertex -31.8 17.84237548981929 12.752733589984818
endloop
endfacet
facet normal 0.0 -0.7730104533627411 0.6343932841636404
outer loop
vertex -31.8 17.84237548981929 12.752733589984818
vertex -24.2 17.84237548981929 12.752733589984818
vertex -31.8 17.95238635177177 12.88678221312689
endloop
endfacet
facet normal 0.0 -0.8128466845916097 0.5824776968678098
outer loop
vertex -31.8 17.95238635177177 12.88678221312689
vertex -24.2 17.95238635177177 12.88678221312689
vertex -31.8 18.053394472601745 13.027738882498054
endloop
endfacet
facet normal 0.0 -0.8492021815265814 0.5280678506503639
outer loop
vertex -31.8 18.053394472601745 13.027738882498054
vertex -24.2 18.053394472601745 13.027738882498054
vertex -31.8 18.144967320028762 13.175
endloop
endfacet
facet normal 0.0 -0.8819212643483527 0.471396736826002
outer loop
vertex -31.8 18.144967320028762 13.175
vertex -24.2 18.144967320028762 13.175
vertex -31.8 18.226712765061624 13.327934970919646
endloop
endfacet
facet normal 0.0 -0.9108638249211761 0.4127070298043939
outer loop
vertex -31.8 18.226712765061624 13.327934970919646
vertex -24.2 18.226712765061624 13.327934970919646
vertex -31.8 18.29828076115491 13.485888904232512
endloop
endfacet
facet normal 0.0 -0.9359059267573248 0.3522500479212362
outer loop
vertex -31.8 18.29828076115491 13.485888904232512
vertex -24.2 18.29828076115491 13.485888904232512
vertex -31.8 18.35936484316203 13.648185416946621
endloop
endfacet
facet normal 0.0 -0.9569403357322082 0.29028467725446483
outer loop
vertex -31.8 18.35936484316203 13.648185416946621
vertex -24.2 18.35936484316203 13.648185416946621
vertex -31.8 18.409703439666032 13.81412953047832
endloop
endfacet
facet normal 0.0 -0.9738769792773365 0.22707626303436143
outer loop
vertex -31.8 18.409703439666032 13.81412953047832
vertex -24.2 18.409703439666032 13.81412953047832
vertex -31.8 18.44908099306856 13.98301064665726
endloop
endfacet
facet normal 0.0 -0.9866433320848766 0.16289547339460264
outer loop
vertex -31.8 18.44908099306856 13.98301064665726
vertex -24.2 18.44908099306856 13.98301064665726
vertex -31.8 18.4773288826406 14.154105590616863
endloop
endfacet
facet normal 0.0 -0.9951847266721977 0.09801714032955307
outer loop
vertex -31.8 18.4773288826406 14.154105590616863
vertex -24.2 18.4773288826406 14.154105590616863
vertex -31.8 18.4943261465823 14.326681707540121
endloop
endfacet
facet normal 0.0 -0.9994645874763657 0.0327190828217766
outer loop
vertex -31.8 18.4943261465823 14.326681707540121
vertex -24.2 18.4943261465823 14.326681707540121
vertex -31.8 18.5 14.5
endloop
endfacet
facet normal 0.0 -0.9994645874763657 -0.0327190828217766
outer loop
vertex -31.8 18.5 14.5
vertex -24.2 18.5 14.5
vertex -31.8 18.4943261465823 14.673318292459879
endloop
endfacet
facet normal 0.0 -0.03271908282177627 -0.9994645874763658
outer loop
vertex -31.8 15.85 17.15
vertex -31.8 16.02331829245988 17.144326146582298
vertex -24.2 16.02331829245988 17.144326146582298
endloop
endfacet
facet normal 0.0 -0.09801714032955405 -0.9951847266721976
outer loop
vertex -31.8 16.02331829245988 17.144326146582298
vertex -31.8 16.195894409383136 17.127328882640597
vertex -24.2 16.195894409383136 17.127328882640597
endloop
endfacet
facet normal 0.0 -0.1628954733945844 -0.9866433320848799
outer loop
vertex -31.8 16.195894409383136 17.127328882640597
vertex -31.8 16.36698935334274 17.09908099306856
vertex -24.2 16.36698935334274 17.09908099306856
endloop
endfacet
facet normal 0.0 -0.22707626303437858 -0.9738769792773325
outer loop
vertex -31.8 16.36698935334274 17.09908099306856
vertex -31.8 16.53587046952168 17.05970343966603
vertex -24.2 16.53587046952168 17.05970343966603
endloop
endfacet
facet normal 0.0 -0.29028467725446766 -0.9569403357322072
outer loop
vertex -31.8 16.53587046952168 17.05970343966603
vertex -31.8 16.701814583053377 17.00936484316203
vertex -24.2 16.701814583053377 17.00936484316203
endloop
endfacet
facet normal 0.0 -0.3522500479212328 -0.935905926757326
outer loop
vertex -31.8 16.864111095767488 16.94828076115491
vertex -24.2 16.864111095767488 16.94828076115491
vertex -31.8 16.701814583053377 17.00936484316203
endloop
endfacet
facet normal 0.0 -0.4127070298043978 -0.9108638249211743
outer loop
vertex -31.8 16.864111095767488 16.94828076115491
vertex -31.8 17.022065029080352 16.876712765061622
vertex -24.2 17.022065029080352 16.876712765061622
endloop
endfacet
facet normal 0.0 -0.5824776968677963 -0.8128466845916195
outer loop
vertex -31.8 17.46321778687311 16.602386351771774
vertex -24.2 17.46321778687311 16.602386351771774
vertex -31.8 17.322261117501945 16.703394472601744
endloop
endfacet
facet normal 0.0 -0.4713967368259936 -0.8819212643483574
outer loop
vertex -31.8 17.022065029080352 16.876712765061622
vertex -31.8 17.175 16.79496732002876
vertex -24.2 17.175 16.79496732002876
endloop
endfacet
facet normal 0.0 -0.5280678506503685 -0.8492021815265787
outer loop
vertex -31.8 17.175 16.79496732002876
vertex -31.8 17.322261117501945 16.703394472601744
vertex -24.2 17.322261117501945 16.703394472601744
endloop
endfacet
facet normal 0.0 -0.8492021815265814 -0.5280678506503639
outer loop
vertex -31.8 18.053394472601745 15.972261117501946
vertex -31.8 18.144967320028762 15.825
vertex -24.2 18.144967320028762 15.825
endloop
endfacet
facet normal 0.0 -0.9108638249211761 -0.4127070298043939
outer loop
vertex -31.8 18.29828076115491 15.514111095767488
vertex -24.2 18.29828076115491 15.514111095767488
vertex -31.8 18.226712765061624 15.672065029080354
endloop
endfacet
facet normal 0.0 -0.8819212643483527 -0.471396736826002
outer loop
vertex -31.8 18.144967320028762 15.825
vertex -31.8 18.226712765061624 15.672065029080354
vertex -24.2 18.226712765061624 15.672065029080354
endloop
endfacet
facet normal 0.0 -0.6343932841636576 -0.7730104533627269
outer loop
vertex -31.8 17.46321778687311 16.602386351771774
vertex -31.8 17.59726641001518 16.49237548981929
vertex -24.2 17.59726641001518 16.49237548981929
endloop
endfacet
facet normal 0.0 -0.6835923020228667 -0.7298640726978399
outer loop
vertex -31.8 17.59726641001518 16.49237548981929
vertex -31.8 17.72383297014435 16.37383297014435
vertex -24.2 17.72383297014435 16.37383297014435
endloop
endfacet
facet normal 0.0 -0.7298640726978304 -0.6835923020228769
outer loop
vertex -31.8 17.84237548981929 16.247266410015182
vertex -24.2 17.84237548981929 16.247266410015182
vertex -31.8 17.72383297014435 16.37383297014435
endloop
endfacet
facet normal 0.0 -0.773010453362737 -0.6343932841636454
outer loop
vertex -31.8 17.84237548981929 16.247266410015182
vertex -31.8 17.95238635177177 16.11321778687311
vertex -24.2 17.95238635177177 16.11321778687311
endloop
endfacet
facet normal 0.0 -0.8128466845916132 -0.582477696867805
outer loop
vertex -31.8 18.053394472601745 15.972261117501946
vertex -24.2 18.053394472601745 15.972261117501946
vertex -31.8 17.95238635177177 16.11321778687311
endloop
endfacet
facet normal 0.0 -0.9951847266721977 -0.09801714032955307
outer loop
vertex -31.8 18.4943261465823 14.673318292459879
vertex -24.2 18.4943261465823 14.673318292459879
vertex -31.8 18.4773288826406 14.845894409383137
endloop
endfacet
facet normal 0.0 -0.9866433320848766 -0.16289547339460264
outer loop
vertex -31.8 18.4773288826406 14.845894409383137
vertex -24.2 18.4773288826406 14.845894409383137
vertex -31.8 18.44908099306856 15.01698935334274
endloop
endfacet
facet normal 0.0 -0.9569403357322082 -0.29028467725446483
outer loop
vertex -31.8 18.409703439666032 15.18587046952168
vertex -24.2 18.409703439666032 15.18587046952168
vertex -31.8 18.35936484316203 15.351814583053379
endloop
endfacet
facet normal 0.0 -0.9738769792773365 -0.22707626303436143
outer loop
vertex -31.8 18.409703439666032 15.18587046952168
vertex -31.8 18.44908099306856 15.01698935334274
vertex -24.2 18.44908099306856 15.01698935334274
endloop
endfacet
facet normal 0.0 -0.9359059267573248 -0.3522500479212362
outer loop
vertex -31.8 18.29828076115491 15.514111095767488
vertex -31.8 18.35936484316203 15.351814583053379
vertex -24.2 18.35936484316203 15.351814583053379
endloop
endfacet
facet normal 0.0 0.9569403357322108 0.2902846772544554
outer loop
vertex -31.8 13.340635156837969 13.648185416946621
vertex -24.2 13.290296560333969 13.81412953047832
vertex -24.2 13.340635156837969 13.648185416946621
endloop
endfacet
facet normal 0.0 0.9738769792773342 0.22707626303437115
outer loop
vertex -31.8 13.290296560333969 13.81412953047832
vertex -24.2 13.25091900693144 13.98301064665726
vertex -24.2 13.290296560333969 13.81412953047832
endloop
endfacet
facet normal 0.0 0.9866433320848784 0.1628954733945927
outer loop
vertex -31.8 13.25091900693144 13.98301064665726
vertex -24.2 13.222671117359402 14.154105590616863
vertex -24.2 13.25091900693144 13.98301064665726
endloop
endfacet
facet normal 0.0 0.9951847266721967 0.0980171403295632
outer loop
vertex -31.8 13.222671117359402 14.154105590616863
vertex -24.2 13.2056738534177 14.326681707540121
vertex -24.2 13.222671117359402 14.154105590616863
endloop
endfacet
facet normal 0.0 0.9994645874763657 0.0327190828217766
outer loop
vertex -31.8 13.2056738534177 14.326681707540121
vertex -24.2 13.2 14.5
vertex -24.2 13.2056738534177 14.326681707540121
endloop
endfacet
facet normal 0.0 0.9994645874763657 -0.0327190828217766
outer loop
vertex -31.8 13.2 14.5
vertex -24.2 13.2056738534177 14.673318292459879
vertex -24.2 13.2 14.5
endloop
endfacet
facet normal 0.0 0.8819212643483527 0.471396736826002
outer loop
vertex -31.8 13.555032679971237 13.175
vertex -24.2 13.473287234938375 13.327934970919646
vertex -24.2 13.555032679971237 13.175
endloop
endfacet
facet normal 0.0 0.8128466845916146 0.582477696867803
outer loop
vertex -31.8 13.747613648228226 12.88678221312689
vertex -24.2 13.646605527398254 13.027738882498054
vertex -24.2 13.747613648228226 12.88678221312689
endloop
endfacet
facet normal 0.0 0.8492021815265814 0.5280678506503639
outer loop
vertex -31.8 13.646605527398254 13.027738882498054
vertex -24.2 13.555032679971237 13.175
vertex -24.2 13.646605527398254 13.027738882498054
endloop
endfacet
facet normal 0.0 0.6835923020228718 0.7298640726978352
outer loop
vertex -31.8 14.102733589984817 12.50762451018071
vertex -24.2 13.976167029855649 12.62616702985565
vertex -24.2 14.102733589984817 12.50762451018071
endloop
endfacet
facet normal 0.0 0.7730104533627361 0.6343932841636466
outer loop
vertex -31.8 13.85762451018071 12.752733589984818
vertex -24.2 13.747613648228226 12.88678221312689
vertex -24.2 13.85762451018071 12.752733589984818
endloop
endfacet
facet normal 0.0 0.7298640726978352 0.6835923020228718
outer loop
vertex -31.8 13.976167029855649 12.62616702985565
vertex -24.2 13.85762451018071 12.752733589984818
vertex -24.2 13.976167029855649 12.62616702985565
endloop
endfacet
facet normal 0.0 0.9108638249211761 0.4127070298043939
outer loop
vertex -31.8 13.473287234938375 13.327934970919646
vertex -24.2 13.40171923884509 13.485888904232512
vertex -24.2 13.473287234938375 13.327934970919646
endloop
endfacet
facet normal 0.0 0.9359059267573248 0.3522500479212362
outer loop
vertex -31.8 13.40171923884509 13.485888904232512
vertex -24.2 13.340635156837969 13.648185416946621
vertex -24.2 13.40171923884509 13.485888904232512
endloop
endfacet
facet normal 0.0 0.2902846772544554 0.9569403357322108
outer loop
vertex -31.8 15.16412953047832 11.94029656033397
vertex -24.2 14.99818541694662 11.99063515683797
vertex -24.2 15.16412953047832 11.94029656033397
endloop
endfacet
facet normal 0.0 0.22707626303438083 0.973876979277332
outer loop
vertex -31.8 15.333010646657259 11.900919006931439
vertex -24.2 15.16412953047832 11.94029656033397
vertex -24.2 15.333010646657259 11.900919006931439
endloop
endfacet
facet normal 0.0 0.16289547339458274 0.98664333208488
outer loop
vertex -31.8 15.504105590616863 11.872671117359403
vertex -24.2 15.333010646657259 11.900919006931439
vertex -24.2 15.504105590616863 11.872671117359403
endloop
endfacet
facet normal 0.0 0.0980171403295632 0.9951847266721967
outer loop
vertex -31.8 15.676681707540121 11.8556738534177
vertex -24.2 15.504105590616863 11.872671117359403
vertex -24.2 15.676681707540121 11.8556738534177
endloop
endfacet
facet normal 0.0 0.0327190828217766 0.9994645874763657
outer loop
vertex -31.8 15.85 11.85
vertex -24.2 15.676681707540121 11.8556738534177
vertex -24.2 15.85 11.85
endloop
endfacet
facet normal 0.0 0.6343932841636466 0.7730104533627361
outer loop
vertex -31.8 14.23678221312689 12.397613648228226
vertex -24.2 14.102733589984817 12.50762451018071
vertex -24.2 14.23678221312689 12.397613648228226
endloop
endfacet
facet normal 0.0 0.5824776968677963 0.8128466845916195
outer loop
vertex -31.8 14.377738882498054 12.296605527398256
vertex -24.2 14.23678221312689 12.397613648228226
vertex -24.2 14.377738882498054 12.296605527398256
endloop
endfacet
facet normal 0.0 0.5280678506503712 0.8492021815265769
outer loop
vertex -31.8 14.525 12.205032679971238
vertex -24.2 14.377738882498054 12.296605527398256
vertex -24.2 14.525 12.205032679971238
endloop
endfacet
facet normal 0.0 0.471396736826002 0.8819212643483527
outer loop
vertex -31.8 14.677934970919646 12.123287234938376
vertex -24.2 14.525 12.205032679971238
vertex -24.2 14.677934970919646 12.123287234938376
endloop
endfacet
facet normal 0.0 0.4127070298043939 0.9108638249211761
outer loop
vertex -31.8 14.835888904232512 12.05171923884509
vertex -24.2 14.677934970919646 12.123287234938376
vertex -24.2 14.835888904232512 12.05171923884509
endloop
endfacet
facet normal 0.0 0.3522500479212362 0.9359059267573248
outer loop
vertex -31.8 14.99818541694662 11.99063515683797
vertex -24.2 14.835888904232512 12.05171923884509
vertex -24.2 14.99818541694662 11.99063515683797
endloop
endfacet
facet normal 0.0 0.9951847266721967 -0.0980171403295632
outer loop
vertex -31.8 13.2056738534177 14.673318292459879
vertex -24.2 13.222671117359402 14.845894409383137
vertex -24.2 13.2056738534177 14.673318292459879
endloop
endfacet
facet normal 0.0 0.9866433320848784 -0.1628954733945927
outer loop
vertex -31.8 13.222671117359402 14.845894409383137
vertex -24.2 13.25091900693144 15.01698935334274
vertex -24.2 13.222671117359402 14.845894409383137
endloop
endfacet
facet normal 0.0 0.9738769792773342 -0.22707626303437115
outer loop
vertex -31.8 13.25091900693144 15.01698935334274
vertex -24.2 13.290296560333969 15.18587046952168
vertex -24.2 13.25091900693144 15.01698935334274
endloop
endfacet
facet normal 0.0 0.9569403357322108 -0.2902846772544554
outer loop
vertex -31.8 13.290296560333969 15.18587046952168
vertex -24.2 13.340635156837969 15.351814583053379
vertex -24.2 13.290296560333969 15.18587046952168
endloop
endfacet
facet normal 0.0 0.9359059267573248 -0.3522500479212362
outer loop
vertex -31.8 13.340635156837969 15.351814583053379
vertex -24.2 13.40171923884509 15.514111095767488
vertex -24.2 13.340635156837969 15.351814583053379
endloop
endfacet
facet normal 0.0 0.9108638249211761 -0.4127070298043939
outer loop
vertex -31.8 13.40171923884509 15.514111095767488
vertex -24.2 13.473287234938375 15.672065029080354
vertex -24.2 13.40171923884509 15.514111095767488
endloop
endfacet
facet normal 0.0 0.8819212643483527 -0.471396736826002
outer loop
vertex -31.8 13.473287234938375 15.672065029080354
vertex -24.2 13.555032679971237 15.825
vertex -24.2 13.473287234938375 15.672065029080354
endloop
endfacet
facet normal 0.0 0.8492021815265814 -0.5280678506503639
outer loop
vertex -31.8 13.555032679971237 15.825
vertex -24.2 13.646605527398254 15.972261117501946
vertex -24.2 13.555032679971237 15.825
endloop
endfacet
facet normal 0.0 0.812846684591618 -0.5824776968677982
outer loop
vertex -31.8 13.646605527398254 15.972261117501946
vertex -24.2 13.747613648228226 16.11321778687311
vertex -24.2 13.646605527398254 15.972261117501946
endloop
endfacet
facet normal 0.0 0.773010453362732 -0.6343932841636516
outer loop
vertex -31.8 13.747613648228226 16.11321778687311
vertex -24.2 13.85762451018071 16.247266410015182
vertex -24.2 13.747613648228226 16.11321778687311
endloop
endfacet
facet normal 0.0 0.7298640726978304 -0.6835923020228769
outer loop
vertex -31.8 13.85762451018071 16.247266410015182
vertex -24.2 13.976167029855649 16.37383297014435
vertex -24.2 13.85762451018071 16.247266410015182
endloop
endfacet
facet normal 0.0 0.6835923020228718 -0.7298640726978352
outer loop
vertex -31.8 13.976167029855649 16.37383297014435
vertex -24.2 14.102733589984817 16.49237548981929
vertex -24.2 13.976167029855649 16.37383297014435
endloop
endfacet
facet normal 0.0 0.6343932841636526 -0.7730104533627311
outer loop
vertex -31.8 14.102733589984817 16.49237548981929
vertex -24.2 14.23678221312689 16.602386351771774
vertex -24.2 14.102733589984817 16.49237548981929
endloop
endfacet
facet normal 0.0 0.5824776968677963 -0.8128466845916195
outer loop
vertex -31.8 14.23678221312689 16.602386351771774
vertex -24.2 14.377738882498054 16.703394472601744
vertex -24.2 14.23678221312689 16.602386351771774
endloop
endfacet
facet normal 0.0 0.5280678506503639 -0.8492021815265814
outer loop
vertex -31.8 14.377738882498054 16.703394472601744
vertex -24.2 14.525 16.79496732002876
vertex -24.2 14.377738882498054 16.703394472601744
endloop
endfacet
facet normal 0.0 0.471396736826002 -0.8819212643483527
outer loop
vertex -31.8 14.525 16.79496732002876
vertex -24.2 14.677934970919646 16.876712765061622
vertex -24.2 14.525 16.79496732002876
endloop
endfacet
facet normal 0.0 0.4127070298043939 -0.9108638249211761
outer loop
vertex -31.8 14.677934970919646 16.876712765061622
vertex -24.2 14.835888904232512 16.94828076115491
vertex -24.2 14.677934970919646 16.876712765061622
endloop
endfacet
facet normal 0.0 0.3522500479212362 -0.9359059267573248
outer loop
vertex -31.8 14.835888904232512 16.94828076115491
vertex -24.2 14.99818541694662 17.00936484316203
vertex -24.2 14.835888904232512 16.94828076115491
endloop
endfacet
facet normal 0.0 0.29028467725446483 -0.9569403357322082
outer loop
vertex -31.8 14.99818541694662 17.00936484316203
vertex -24.2 15.16412953047832 17.05970343966603
vertex -24.2 14.99818541694662 17.00936484316203
endloop
endfacet
facet normal 0.0 0.22707626303438083 -0.973876979277332
outer loop
vertex -31.8 15.16412953047832 17.05970343966603
vertex -24.2 15.333010646657259 17.09908099306856
vertex -24.2 15.16412953047832 17.05970343966603
endloop
endfacet
facet normal 0.0 0.16289547339458274 -0.98664333208488
outer loop
vertex -31.8 15.333010646657259 17.09908099306856
vertex -24.2 15.504105590616863 17.127328882640597
vertex -24.2 15.333010646657259 17.09908099306856
endloop
endfacet
facet normal 0.0 0.09801714032955307 -0.9951847266721977
outer loop
vertex -31.8 15.504105590616863 17.127328882640597
vertex -24.2 15.676681707540121 17.144326146582298
vertex -24.2 15.504105590616863 17.127328882640597
endloop
endfacet
facet normal 0.0 0.0327190828217766 -0.9994645874763657
outer loop
vertex -31.8 15.676681707540121 17.144326146582298
vertex -24.2 15.85 17.15
vertex -24.2 15.676681707540121 17.144326146582298
endloop
endfacet
facet normal 0.0 -0.03271908282177627 0.9994645874763658
outer loop
vertex -31.8 16.02331829245988 11.8556738534177
vertex -24.2 15.85 11.85
vertex -24.2 16.02331829245988 11.8556738534177
endloop
endfacet
facet normal 0.0 -0.0980171403295642 0.9951847266721966
outer loop
vertex -31.8 16.195894409383136 11.872671117359403
vertex -24.2 16.02331829245988 11.8556738534177
vertex -24.2 16.195894409383136 11.872671117359403
endloop
endfacet
facet normal 0.0 -0.1628954733945844 0.9866433320848799
outer loop
vertex -31.8 16.36698935334274 11.900919006931439
vertex -24.2 16.195894409383136 11.872671117359403
vertex -24.2 16.36698935334274 11.900919006931439
endloop
endfacet
facet normal 0.0 -0.22707626303437858 0.9738769792773325
outer loop
vertex -31.8 16.53587046952168 11.94029656033397
vertex -24.2 16.36698935334274 11.900919006931439
vertex -24.2 16.53587046952168 11.94029656033397
endloop
endfacet
facet normal 0.0 -0.2902846772544583 0.95694033573221
outer loop
vertex -31.8 16.701814583053377 11.99063515683797
vertex -24.2 16.53587046952168 11.94029656033397
vertex -24.2 16.701814583053377 11.99063515683797
endloop
endfacet
facet normal 0.0 -0.3522500479212328 0.935905926757326
outer loop
vertex -31.8 16.864111095767488 12.05171923884509
vertex -24.2 16.701814583053377 11.99063515683797
vertex -24.2 16.864111095767488 12.05171923884509
endloop
endfacet
facet normal 0.0 -0.4127070298043978 0.9108638249211743
outer loop
vertex -31.8 17.022065029080352 12.123287234938376
vertex -24.2 16.864111095767488 12.05171923884509
vertex -24.2 17.022065029080352 12.123287234938376
endloop
endfacet
facet normal 0.0 -0.4713967368259936 0.8819212643483574
outer loop
vertex -31.8 17.175 12.205032679971238
vertex -24.2 17.022065029080352 12.123287234938376
vertex -24.2 17.175 12.205032679971238
endloop
endfacet
facet normal 0.0 -0.5280678506503759 0.849202181526574
outer loop
vertex -31.8 17.322261117501945 12.296605527398256
vertex -24.2 17.175 12.205032679971238
vertex -24.2 17.322261117501945 12.296605527398256
endloop
endfacet
facet normal 0.0 -0.5824776968677963 0.8128466845916195
outer loop
vertex -31.8 17.46321778687311 12.397613648228226
vertex -24.2 17.322261117501945 12.296605527398256
vertex -24.2 17.46321778687311 12.397613648228226
endloop
endfacet
facet normal 0.0 -0.6343932841636516 0.773010453362732
outer loop
vertex -31.8 17.59726641001518 12.50762451018071
vertex -24.2 17.46321778687311 12.397613648228226
vertex -24.2 17.59726641001518 12.50762451018071
endloop
endfacet
facet normal 0.0 -0.6835923020228667 0.7298640726978399
outer loop
vertex -31.8 17.72383297014435 12.62616702985565
vertex -24.2 17.59726641001518 12.50762451018071
vertex -24.2 17.72383297014435 12.62616702985565
endloop
endfacet
facet normal 0.0 -0.7298640726978352 0.6835923020228718
outer loop
vertex -31.8 17.84237548981929 12.752733589984818
vertex -24.2 17.72383297014435 12.62616702985565
vertex -24.2 17.84237548981929 12.752733589984818
endloop
endfacet
facet normal 0.0 -0.7730104533627411 0.6343932841636404
outer loop
vertex -31.8 17.95238635177177 12.88678221312689
vertex -24.2 17.84237548981929 12.752733589984818
vertex -24.2 17.95238635177177 12.88678221312689
endloop
endfacet
facet normal 0.0 -0.8128466845916097 0.5824776968678098
outer loop
vertex -31.8 18.053394472601745 13.027738882498054
vertex -24.2 17.95238635177177 12.88678221312689
vertex -24.2 18.053394472601745 13.027738882498054
endloop
endfacet
facet normal 0.0 -0.8492021815265814 0.5280678506503639
outer loop
vertex -31.8 18.144967320028762 13.175
vertex -24.2 18.053394472601745 13.027738882498054
vertex -24.2 18.144967320028762 13.175
endloop
endfacet
facet normal 0.0 -0.8819212643483527 0.471396736826002
outer loop
vertex -31.8 18.226712765061624 13.327934970919646
vertex -24.2 18.144967320028762 13.175
vertex -24.2 18.226712765061624 13.327934970919646
endloop
endfacet
facet normal 0.0 -0.9108638249211761 0.4127070298043939
outer loop
vertex -31.8 18.29828076115491 13.485888904232512
vertex -24.2 18.226712765061624 13.327934970919646
vertex -24.2 18.29828076115491 13.485888904232512
endloop
endfacet
facet normal 0.0 -0.9359059267573248 0.3522500479212362
outer loop
vertex -31.8 18.35936484316203 13.648185416946621
vertex -24.2 18.29828076115491 13.485888904232512
vertex -24.2 18.35936484316203 13.648185416946621
endloop
endfacet
facet normal 0.0 -0.9569403357322082 0.29028467725446483
outer loop
vertex -31.8 18.409703439666032 13.81412953047832
vertex -24.2 18.35936484316203 13.648185416946621
vertex -24.2 18.409703439666032 13.81412953047832
endloop
endfacet
facet normal 0.0 -0.9738769792773365 0.22707626303436143
outer loop
vertex -31.8 18.44908099306856 13.98301064665726
vertex -24.2 18.409703439666032 13.81412953047832
vertex -24.2 18.44908099306856 13.98301064665726
endloop
endfacet
facet normal 0.0 -0.9866433320848766 0.16289547339460264
outer loop
vertex -31.8 18.4773288826406 14.154105590616863
vertex -24.2 18.44908099306856 13.98301064665726
vertex -24.2 18.4773288826406 14.154105590616863
endloop
endfacet
facet normal 0.0 -0.9951847266721977 0.09801714032955307
outer loop
vertex -31.8 18.4943261465823 14.326681707540121
vertex -24.2 18.4773288826406 14.154105590616863
vertex -24.2 18.4943261465823 14.326681707540121
endloop
endfacet
facet normal 0.0 -0.9994645874763657 0.0327190828217766
outer loop
vertex -31.8 18.5 14.5
vertex -24.2 18.4943261465823 14.326681707540121
vertex -24.2 18.5 14.5
endloop
endfacet
facet normal 0.0 -0.9994645874763657 -0.0327190828217766
outer loop
vertex -31.8 18.4943261465823 14.673318292459879
vertex -24.2 18.5 14.5
vertex -24.2 18.4943261465823 14.673318292459879
endloop
endfacet
facet normal 0.0 -0.03271908282177627 -0.9994645874763658
outer loop
vertex -31.8 15.85 17.15
vertex -24.2 16.02331829245988 17.144326146582298
vertex -24.2 15.85 17.15
endloop
endfacet
facet normal 0.0 -0.09801714032955405 -0.9951847266721976
outer loop
vertex -31.8 16.02331829245988 17.144326146582298
vertex -24.2 16.195894409383136 17.127328882640597
vertex -24.2 16.02331829245988 17.144326146582298
endloop
endfacet
facet normal 0.0 -0.1628954733945844 -0.9866433320848799
outer loop
vertex -31.8 16.195894409383136 17.127328882640597
vertex -24.2 16.36698935334274 17.09908099306856
vertex -24.2 16.195894409383136 17.127328882640597
endloop
endfacet
facet normal 0.0 -0.22707626303437858 -0.9738769792773325
outer loop
vertex -31.8 16.36698935334274 17.09908099306856
vertex -24.2 16.53587046952168 17.05970343966603
vertex -24.2 16.36698935334274 17.09908099306856
endloop
endfacet
facet normal 0.0 -0.29028467725446766 -0.9569403357322072
outer loop
vertex -31.8 16.53587046952168 17.05970343966603
vertex -24.2 16.701814583053377 17.00936484316203
vertex -24.2 16.53587046952168 17.05970343966603
endloop
endfacet
facet normal 0.0 -0.3522500479212328 -0.935905926757326
outer loop
vertex -31.8 16.701814583053377 17.00936484316203
vertex -24.2 16.864111095767488 16.94828076115491
vertex -24.2 16.701814583053377 17.00936484316203
endloop
endfacet
facet normal 0.0 -0.4127070298043978 -0.9108638249211743
outer loop
vertex -31.8 16.864111095767488 16.94828076115491
vertex -24.2 17.022065029080352 16.876712765061622
vertex -24.2 16.864111095767488 16.94828076115491
endloop
endfacet
facet normal 0.0 -0.4713967368259936 -0.8819212643483574
outer loop
vertex -31.8 17.022065029080352 16.876712765061622
vertex -24.2 17.175 16.79496732002876
vertex -24.2 17.022065029080352 16.876712765061622
endloop
endfacet
facet normal 0.0 -0.5280678506503685 -0.8492021815265787
outer loop
vertex -31.8 17.175 16.79496732002876
vertex -24.2 17.322261117501945 16.703394472601744
vertex -24.2 17.175 16.79496732002876
endloop
endfacet
facet normal 0.0 -0.5824776968677963 -0.8128466845916195
outer loop
vertex -31.8 17.322261117501945 16.703394472601744
vertex -24.2 17.46321778687311 16.602386351771774
vertex -24.2 17.322261117501945 16.703394472601744
endloop
endfacet
facet normal 0.0 -0.8492021815265814 -0.5280678506503639
outer loop
vertex -31.8 18.053394472601745 15.972261117501946
vertex -24.2 18.144967320028762 15.825
vertex -24.2 18.053394472601745 15.972261117501946
endloop
endfacet
facet normal 0.0 -0.9359059267573248 -0.3522500479212362
outer loop
vertex -31.8 18.29828076115491 15.514111095767488
vertex -24.2 18.35936484316203 15.351814583053379
vertex -24.2 18.29828076115491 15.514111095767488
endloop
endfacet
facet normal 0.0 -0.9108638249211761 -0.4127070298043939
outer loop
vertex -31.8 18.226712765061624 15.672065029080354
vertex -24.2 18.29828076115491 15.514111095767488
vertex -24.2 18.226712765061624 15.672065029080354
endloop
endfacet
facet normal 0.0 -0.8819212643483527 -0.471396736826002
outer loop
vertex -31.8 18.144967320028762 15.825
vertex -24.2 18.226712765061624 15.672065029080354
vertex -24.2 18.144967320028762 15.825
endloop
endfacet
facet normal 0.0 -0.6343932841636576 -0.7730104533627269
outer loop
vertex -31.8 17.46321778687311 16.602386351771774
vertex -24.2 17.59726641001518 16.49237548981929
vertex -24.2 17.46321778687311 16.602386351771774
endloop
endfacet
facet normal 0.0 -0.6835923020228667 -0.7298640726978399
outer loop
vertex -31.8 17.59726641001518 16.49237548981929
vertex -24.2 17.72383297014435 16.37383297014435
vertex -24.2 17.59726641001518 16.49237548981929
endloop
endfacet
facet normal 0.0 -0.773010453362737 -0.6343932841636454
outer loop
vertex -31.8 17.84237548981929 16.247266410015182
vertex -24.2 17.95238635177177 16.11321778687311
vertex -24.2 17.84237548981929 16.247266410015182
endloop
endfacet
facet normal 0.0 -0.7298640726978304 -0.6835923020228769
outer loop
vertex -31.8 17.72383297014435 16.37383297014435
vertex -24.2 17.84237548981929 16.247266410015182
vertex -24.2 17.72383297014435 16.37383297014435
endloop
endfacet
facet normal 0.0 -0.8128466845916132 -0.582477696867805
outer loop
vertex -31.8 17.95238635177177 16.11321778687311
vertex -24.2 18.053394472601745 15.972261117501946
vertex -24.2 17.95238635177177 16.11321778687311
endloop
endfacet
facet normal 0.0 -0.9951847266721977 -0.09801714032955307
outer loop
vertex -31.8 18.4773288826406 14.845894409383137
vertex -24.2 18.4943261465823 14.673318292459879
vertex -24.2 18.4773288826406 14.845894409383137
endloop
endfacet
facet normal 0.0 -0.9866433320848766 -0.16289547339460264
outer loop
vertex -31.8 18.44908099306856 15.01698935334274
vertex -24.2 18.4773288826406 14.845894409383137
vertex -24.2 18.44908099306856 15.01698935334274
endloop
endfacet
facet normal 0.0 -0.9738769792773365 -0.22707626303436143
outer loop
vertex -31.8 18.409703439666032 15.18587046952168
vertex -24.2 18.44908099306856 15.01698935334274
vertex -24.2 18.409703439666032 15.18587046952168
endloop
endfacet
facet normal 0.0 -0.9569403357322082 -0.29028467725446483
outer loop
vertex -31.8 18.35936484316203 15.351814583053379
vertex -24.2 18.409703439666032 15.18587046952168
vertex -24.2 18.35936484316203 15.351814583053379
endloop
endfacet
facet normal -1.0 0.0 0.0
outer loop
vertex -31.8 30.4 -7.3999999999999995
vertex -31.8 30.4 -0.9999999999999991
vertex -31.8 32.4 -7.3999999999999995
endloop
endfacet
facet normal -1.0 0.0 0.0
outer loop
vertex -31.8 32.4 -7.3999999999999995
vertex -31.8 30.4 -0.9999999999999991
vertex -31.8 32.4 -0.9999999999999991
endloop
endfacet
facet normal 0.0 0.0 -0.9999999999999999
outer loop
vertex -31.8 30.4 -7.3999999999999995
vertex -31.8 32.4 -7.3999999999999995
vertex -24.2 32.4 -7.3999999999999995
endloop
endfacet
facet normal 0.0 1.0 0.0
outer loop
vertex -31.8 32.4 -7.3999999999999995
vertex -31.8 32.4 -0.9999999999999991
vertex -24.2 32.4 -0.9999999999999991
endloop
endfacet
facet normal 0.0 -0.0 0.9999999999999999
outer loop
vertex -31.8 30.4 -0.9999999999999991
vertex -24.2 30.4 -0.9999999999999991
vertex -31.8 32.4 -0.9999999999999991
endloop
endfacet
facet normal 0.0 0.0 -0.9999999999999999
outer loop
vertex -31.8 30.4 -7.3999999999999995
vertex -24.2 32.4 -7.3999999999999995
vertex -24.2 30.4 -7.3999999999999995
endloop
endfacet
facet normal -0.0 1.0 0.0
outer loop
vertex -31.8 32.4 -7.3999999999999995
vertex -24.2 32.4 -0.9999999999999991
vertex -24.2 32.4 -7.3999999999999995
endloop
endfacet
facet normal 1.0 0.0 -0.0
outer loop
vertex -24.2 30.2 -7.3999999999999995
vertex -24.2 30.4 -7.3999999999999995
vertex -24.2 30.2 -0.9999999999999991
endloop
endfacet
facet normal 1.0 0.0 -0.0
outer loop
vertex -24.2 30.4 -7.3999999999999995
vertex -24.2 32.4 -7.3999999999999995
vertex -24.2 30.2 -0.9999999999999991
endloop
endfacet
facet normal 1.0 0.0 0.0
outer loop
vertex -24.2 32.4 -7.3999999999999995
vertex -24.2 30.4 -0.9999999999999991
vertex -24.2 30.2 -0.9999999999999991
endloop
endfacet
facet normal 1.0 0.0 -0.0
outer loop
vertex -24.2 32.4 -7.3999999999999995
vertex -24.2 32.4 -0.9999999999999991
vertex -24.2 30.4 -0.9999999999999991
endloop
endfacet
facet normal -0.0 0.0 0.9999999999999999
outer loop
vertex -31.8 32.4 -0.9999999999999991
vertex -24.2 30.4 -0.9999999999999991
vertex -24.2 32.4 -0.9999999999999991
endloop
endfacet
facet normal 0.0 1.0 0.0
outer loop
vertex -29.885649159421114 22.3 -19.962219765640313
vertex -29.712411612272263 22.3 -20.132411614060402
vertex -29.73241161390704 22.3 -20.13241161390704
endloop
endfacet
facet normal 0.0 1.0 0.0
outer loop
vertex -29.73241161390704 22.3 -20.13241161390704
vertex -29.712411612272263 22.3 -20.132411614060402
vertex -29.61539724699517 22.3 -20.242007528323494
endloop
endfacet
facet normal 0.0 1.0 0.0
outer loop
vertex -29.712411612272263 22.3 -20.132411614060402
vertex -29.712411612272263 22.3 -16.667588382959366
vertex -29.61539724699517 22.3 -16.557992471676503
endloop
endfacet
facet normal -0.0 1.0 0.0
outer loop
vertex -29.712411612272263 22.3 -20.132411614060402
vertex -29.61539724699517 22.3 -16.557992471676503
vertex -29.61539724699517 22.3 -20.242007528323494
endloop
endfacet
facet normal -0.0 0.9999999999999999 0.0
outer loop
vertex -29.61539724699517 22.3 -20.242007528323494
vertex -29.61539724699517 22.3 -16.557992471676503
vertex -29.491465501071367 22.3 -20.343715683713526
endloop
endfacet
facet normal -0.0 1.0 0.0
outer loop
vertex -29.491465501071367 22.3 -20.343715683713526
vertex -29.491465501071367 22.3 -16.45628431628647
vertex -29.361147070898024 22.3 -20.437100550141235
endloop
endfacet
facet normal 0.0 0.9999999999999999 -0.0
outer loop
vertex -29.491465501071367 22.3 -20.343715683713526
vertex -29.61539724699517 22.3 -16.557992471676503
vertex -29.491465501071367 22.3 -16.45628431628647
endloop
endfacet
facet normal -0.0 1.0 0.0
outer loop
vertex -29.361147070898024 22.3 -20.437100550141235
vertex -29.361147070898024 22.3 -16.362899449858762
vertex -29.225 22.3 -20.521762239271872
endloop
endfacet
facet normal 0.0 1.0 -0.0
outer loop
vertex -29.361147070898024 22.3 -20.437100550141235
vertex -29.491465501071367 22.3 -16.45628431628647
vertex -29.361147070898024 22.3 -16.362899449858762
endloop
endfacet
facet normal 0.0 1.0 -0.0
outer loop
vertex -29.225 22.3 -20.521762239271872
vertex -29.361147070898024 22.3 -16.362899449858762
vertex -29.225 22.3 -16.278237760728125
endloop
endfacet
facet normal -0.0 1.0 0.0
outer loop
vertex -29.225 22.3 -20.521762239271872
vertex -29.225 22.3 -16.278237760728125
vertex -29.083607291036554 22.3 -20.597338216755084
endloop
endfacet
facet normal -0.0 1.0 0.0
outer loop
vertex -29.083607291036554 22.3 -20.597338216755084
vertex -29.083607291036554 22.3 -16.202661783244913
vertex -28.93757440929447 22.3 -20.66350485465265
endloop
endfacet
facet normal 0.0 0.9999999999999999 -0.0
outer loop
vertex -29.083607291036554 22.3 -20.597338216755084
vertex -29.225 22.3 -16.278237760728125
vertex -29.083607291036554 22.3 -16.202661783244913
endloop
endfacet
facet normal 0.0 1.0 -0.0
outer loop
vertex -28.93757440929447 22.3 -20.66350485465265
vertex -29.083607291036554 22.3 -16.202661783244913
vertex -28.93757440929447 22.3 -16.136495145347347
endloop
endfacet
facet normal 0.0 0.9999999999999999 0.0
outer loop
vertex -29.885649146797544 22.3 -16.837780218977823
vertex -29.73241161390704 22.3 -16.66758838609296
vertex -29.712411612272263 22.3 -16.667588382959366
endloop
endfacet
facet normal -0.0 1.0 0.0
outer loop
vertex -29.73241161390704 22.3 -16.66758838609296
vertex -29.61539724699517 22.3 -16.557992471676503
vertex -29.712411612272263 22.3 -16.667588382959366
endloop
endfacet
facet normal 0.6835923020228865 0.0 0.7298640726978214
outer loop
vertex -29.73241161390704 22.3 -20.13241161390704
vertex -29.61539724699517 22.3 -20.242007528323494
vertex -29.73241161390704 29.45 -20.13241161390704
endloop
endfacet
facet normal 0.6343932841636514 0.0 0.7730104533627321
outer loop
vertex -29.61539724699517 22.3 -20.242007528323494
vertex -29.491465501071367 22.3 -20.343715683713526
vertex -29.61539724699517 29.45 -20.242007528323494
endloop
endfacet
facet normal 0.5824776968677888 0.0 0.8128466845916247
outer loop
vertex -29.491465501071367 22.3 -20.343715683713526
vertex -29.361147070898024 22.3 -20.437100550141235
vertex -29.491465501071367 29.45 -20.343715683713526
endloop
endfacet
facet normal 0.7431532565956877 0.0 0.6691212425347322
outer loop
vertex -29.885649159421114 22.3 -19.962219765640313
vertex -29.73241161390704 22.3 -20.13241161390704
vertex -29.885649159421114 29.45 -19.962219765640313
endloop
endfacet
facet normal 0.5280678506503695 0.0 0.849202181526578
outer loop
vertex -29.361147070898024 22.3 -20.437100550141235
vertex -29.225 22.3 -20.521762239271872
vertex -29.361147070898024 29.45 -20.437100550141235
endloop
endfacet
facet normal 0.4713967368259944 0.0 0.8819212643483567
outer loop
vertex -29.225 22.3 -20.521762239271872
vertex -29.083607291036554 22.3 -20.597338216755084
vertex -29.225 29.45 -20.521762239271872
endloop
endfacet
facet normal 0.4127070298043961 0.0 0.9108638249211752
outer loop
vertex -29.083607291036554 22.3 -20.597338216755084
vertex -28.93757440929447 22.3 -20.66350485465265
vertex -29.083607291036554 29.45 -20.597338216755084
endloop
endfacet
facet normal 0.743153253933722 0.0 -0.6691212454912195
outer loop
vertex -29.885649146797544 22.3 -16.837780218977823
vertex -29.73241161390704 29.45 -16.66758838609296
vertex -29.73241161390704 22.3 -16.66758838609296
endloop
endfacet
facet normal 0.6835923020228865 0.0 -0.7298640726978214
outer loop
vertex -29.73241161390704 22.3 -16.66758838609296
vertex -29.61539724699517 29.45 -16.557992471676503
vertex -29.61539724699517 22.3 -16.557992471676503
endloop
endfacet
facet normal 0.6343932841636514 0.0 -0.7730104533627321
outer loop
vertex -29.61539724699517 22.3 -16.557992471676503
vertex -29.491465501071367 29.45 -16.45628431628647
vertex -29.491465501071367 22.3 -16.45628431628647
endloop
endfacet
facet normal 0.5824776968677888 0.0 -0.8128466845916247
outer loop
vertex -29.491465501071367 22.3 -16.45628431628647
vertex -29.361147070898024 29.45 -16.362899449858762
vertex -29.361147070898024 22.3 -16.362899449858762
endloop
endfacet
facet normal 0.5280678506503695 0.0 -0.849202181526578
outer loop
vertex -29.361147070898024 22.3 -16.362899449858762
vertex -29.225 29.45 -16.278237760728125
vertex -29.225 22.3 -16.278237760728125
endloop
endfacet
facet normal 0.4713967368259944 0.0 -0.8819212643483567
outer loop
vertex -29.225 22.3 -16.278237760728125
vertex -29.083607291036554 29.45 -16.202661783244913
vertex -29.083607291036554 22.3 -16.202661783244913
endloop
endfacet
facet normal 0.4127070298043961 0.0 -0.9108638249211752
outer loop
vertex -29.083607291036554 22.3 -16.202661783244913
vertex -28.93757440929447 29.45 -16.136495145347347
vertex -28.93757440929447 22.3 -16.136495145347347
endloop
endfacet
facet normal -0.0 1.0 0.0
outer loop
vertex -28.93757440929447 22.3 -20.66350485465265
vertex -28.93757440929447 22.3 -16.136495145347347
vertex -28.787526689992745 22.3 -20.71997881726301
endloop
endfacet
facet normal -0.0 1.0 0.0
outer loop
vertex -28.787526689992745 22.3 -20.71997881726301
vertex -28.787526689992745 22.3 -16.08002118273699
vertex -28.634106660501175 22.3 -20.766518274408217
endloop
endfacet
facet normal 0.0 1.0 -0.0
outer loop
vertex -28.787526689992745 22.3 -20.71997881726301
vertex -28.93757440929447 22.3 -16.136495145347347
vertex -28.787526689992745 22.3 -16.08002118273699
endloop
endfacet
facet normal -0.0 1.0 0.0
outer loop
vertex -28.634106660501175 22.3 -20.766518274408217
vertex -28.634106660501175 22.3 -16.03348172559178
vertex -28.477971288939514 22.3 -20.802923936987913
endloop
endfacet
facet normal -0.0 1.0 0.0
outer loop
vertex -28.787526689992745 22.3 -16.08002118273699
vertex -28.634106660501175 22.3 -16.03348172559178
vertex -28.634106660501175 22.3 -20.766518274408217
endloop
endfacet
facet normal 0.0 0.9999999999999999 -0.0
outer loop
vertex -28.477971288939514 22.3 -20.802923936987913
vertex -28.634106660501175 22.3 -16.03348172559178
vertex -28.477971288939514 22.3 -15.997076063012084
endloop
endfacet
facet normal -0.0 1.0 0.0
outer loop
vertex -28.477971288939514 22.3 -20.802923936987913
vertex -28.477971288939514 22.3 -15.997076063012084
vertex -28.319789170939128 22.3 -20.829039910365836
endloop
endfacet
facet normal -0.0 1.0 0.0
outer loop
vertex -28.319789170939128 22.3 -20.829039910365836
vertex -28.319789170939128 22.3 -15.970960089634163
vertex -28.16023766661385 22.3 -20.844754361934577
endloop
endfacet
facet normal 0.0 1.0 -0.0
outer loop
vertex -28.319789170939128 22.3 -20.829039910365836
vertex -28.477971288939514 22.3 -15.997076063012084
vertex -28.319789170939128 22.3 -15.970960089634163
endloop
endfacet
facet normal -0.0 1.0 0.0
outer loop
vertex -28.16023766661385 22.3 -20.844754361934577
vertex -28.16023766661385 22.3 -15.95524563806542
vertex -28.0 22.3 -20.849999999999998
endloop
endfacet
facet normal 0.0 1.0 -0.0
outer loop
vertex -28.16023766661385 22.3 -20.844754361934577
vertex -28.319789170939128 22.3 -15.970960089634163
vertex -28.16023766661385 22.3 -15.95524563806542
endloop
endfacet
facet normal 0.0 0.9999999999999999 -0.0
outer loop
vertex -28.0 22.3 -20.849999999999998
vertex -28.16023766661385 22.3 -15.95524563806542
vertex -28.0 22.3 -15.95
endloop
endfacet
facet normal 0.3522500479212419 0.0 0.9359059267573225
outer loop
vertex -28.93757440929447 22.3 -20.66350485465265
vertex -28.787526689992745 22.3 -20.71997881726301
vertex -28.93757440929447 29.45 -20.66350485465265
endloop
endfacet
facet normal 0.290284677254459 0.0 0.9569403357322099
outer loop
vertex -28.787526689992745 22.3 -20.71997881726301
vertex -28.634106660501175 22.3 -20.766518274408217
vertex -28.787526689992745 29.45 -20.71997881726301
endloop
endfacet
facet normal 0.22707626303436856 0.0 0.9738769792773346
outer loop
vertex -28.634106660501175 22.3 -20.766518274408217
vertex -28.477971288939514 22.3 -20.802923936987913
vertex -28.634106660501175 29.45 -20.766518274408217
endloop
endfacet
facet normal 0.16289547339460317 0.0 0.9866433320848766
outer loop
vertex -28.477971288939514 22.3 -20.802923936987913
vertex -28.319789170939128 22.3 -20.829039910365836
vertex -28.477971288939514 29.45 -20.802923936987913
endloop
endfacet
facet normal 0.09801714032954362 0.0 0.9951847266721986
outer loop
vertex -28.319789170939128 22.3 -20.829039910365836
vertex -28.16023766661385 22.3 -20.844754361934577
vertex -28.319789170939128 29.45 -20.829039910365836
endloop
endfacet
facet normal 0.032719082821775984 0.0 0.9994645874763657
outer loop
vertex -28.16023766661385 22.3 -20.844754361934577
vertex -28.0 22.3 -20.849999999999998
vertex -28.16023766661385 29.45 -20.844754361934577
endloop
endfacet
facet normal 0.3522500479212419 0.0 -0.9359059267573225
outer loop
vertex -28.93757440929447 22.3 -16.136495145347347
vertex -28.787526689992745 29.45 -16.08002118273699
vertex -28.787526689992745 22.3 -16.08002118273699
endloop
endfacet
facet normal 0.290284677254459 0.0 -0.9569403357322099
outer loop
vertex -28.787526689992745 22.3 -16.08002118273699
vertex -28.634106660501175 29.45 -16.03348172559178
vertex -28.634106660501175 22.3 -16.03348172559178
endloop
endfacet
facet normal 0.22707626303436856 0.0 -0.9738769792773346
outer loop
vertex -28.634106660501175 22.3 -16.03348172559178
vertex -28.477971288939514 29.45 -15.997076063012084
vertex -28.477971288939514 22.3 -15.997076063012084
endloop
endfacet
facet normal 0.16289547339459237 0.0 -0.9866433320848784
outer loop
vertex -28.477971288939514 22.3 -15.997076063012084
vertex -28.319789170939128 29.45 -15.970960089634163
vertex -28.319789170939128 22.3 -15.970960089634163
endloop
endfacet
facet normal 0.0980171403295546 0.0 -0.9951847266721976
outer loop
vertex -28.319789170939128 22.3 -15.970960089634163
vertex -28.16023766661385 29.45 -15.95524563806542
vertex -28.16023766661385 22.3 -15.95524563806542
endloop
endfacet
facet normal 0.032719082821775984 0.0 -0.9994645874763657
outer loop
vertex -28.16023766661385 22.3 -15.95524563806542
vertex -28.0 29.45 -15.95
vertex -28.0 22.3 -15.95
endloop
endfacet
facet normal 0.7431532565956877 -0.0 0.6691212425347322
outer loop
vertex -29.73241161390704 22.3 -20.13241161390704
vertex -29.73241161390704 29.45 -20.13241161390704
vertex -29.885649159421114 29.45 -19.962219765640313
endloop
endfacet
facet normal 0.6835923020228865 -0.0 0.7298640726978214
outer loop
vertex -29.61539724699517 22.3 -20.242007528323494
vertex -29.61539724699517 29.45 -20.242007528323494
vertex -29.73241161390704 29.45 -20.13241161390704
endloop
endfacet
facet normal 0.6343932841636514 -0.0 0.7730104533627321
outer loop
vertex -29.491465501071367 22.3 -20.343715683713526
vertex -29.491465501071367 29.45 -20.343715683713526
vertex -29.61539724699517 29.45 -20.242007528323494
endloop
endfacet
facet normal 0.5824776968677888 -0.0 0.8128466845916247
outer loop
vertex -29.361147070898024 22.3 -20.437100550141235
vertex -29.361147070898024 29.45 -20.437100550141235
vertex -29.491465501071367 29.45 -20.343715683713526
endloop
endfacet
facet normal 0.5280678506503695 -0.0 0.849202181526578
outer loop
vertex -29.225 22.3 -20.521762239271872
vertex -29.225 29.45 -20.521762239271872
vertex -29.361147070898024 29.45 -20.437100550141235
endloop
endfacet
facet normal 0.4713967368259944 -0.0 0.8819212643483567
outer loop
vertex -29.083607291036554 22.3 -20.597338216755084
vertex -29.083607291036554 29.45 -20.597338216755084
vertex -29.225 29.45 -20.521762239271872
endloop
endfacet
facet normal 0.4127070298043961 -0.0 0.9108638249211752
outer loop
vertex -28.93757440929447 22.3 -20.66350485465265
vertex -28.93757440929447 29.45 -20.66350485465265
vertex -29.083607291036554 29.45 -20.597338216755084
endloop
endfacet
facet normal 0.743153253933722 0.0 -0.6691212454912195
outer loop
vertex -29.885649146797544 22.3 -16.837780218977823
vertex -29.885649146797544 29.45 -16.837780218977823
vertex -29.73241161390704 29.45 -16.66758838609296
endloop
endfacet
facet normal 0.6835923020228865 0.0 -0.7298640726978214
outer loop
vertex -29.73241161390704 22.3 -16.66758838609296
vertex -29.73241161390704 29.45 -16.66758838609296
vertex -29.61539724699517 29.45 -16.557992471676503
endloop
endfacet
facet normal 0.6343932841636514 0.0 -0.7730104533627321
outer loop
vertex -29.61539724699517 22.3 -16.557992471676503
vertex -29.61539724699517 29.45 -16.557992471676503
vertex -29.491465501071367 29.45 -16.45628431628647
endloop
endfacet
facet normal 0.5824776968677888 0.0 -0.8128466845916247
outer loop
vertex -29.491465501071367 22.3 -16.45628431628647
vertex -29.491465501071367 29.45 -16.45628431628647
vertex -29.361147070898024 29.45 -16.362899449858762
endloop
endfacet
facet normal 0.5280678506503695 0.0 -0.849202181526578
outer loop
vertex -29.361147070898024 22.3 -16.362899449858762
vertex -29.361147070898024 29.45 -16.362899449858762
vertex -29.225 29.45 -16.278237760728125
endloop
endfacet
facet normal 0.4713967368259944 0.0 -0.8819212643483567
outer loop
vertex -29.225 22.3 -16.278237760728125
vertex -29.225 29.45 -16.278237760728125
vertex -29.083607291036554 29.45 -16.202661783244913
endloop
endfacet
facet normal 0.4127070298043961 0.0 -0.9108638249211752
outer loop
vertex -29.083607291036554 22.3 -16.202661783244913
vertex -29.083607291036554 29.45 -16.202661783244913
vertex -28.93757440929447 29.45 -16.136495145347347
endloop
endfacet
facet normal 0.3522500479212419 -0.0 0.9359059267573225
outer loop
vertex -28.787526689992745 22.3 -20.71997881726301
vertex -28.787526689992745 29.45 -20.71997881726301
vertex -28.93757440929447 29.45 -20.66350485465265
endloop
endfacet
facet normal 0.290284677254459 -0.0 0.9569403357322099
outer loop
vertex -28.787526689992745 29.45 -20.71997881726301
vertex -28.634106660501175 22.3 -20.766518274408217
vertex -28.634106660501175 29.45 -20.766518274408217
endloop
endfacet
facet normal 0.22707626303436856 -0.0 0.9738769792773346
outer loop
vertex -28.477971288939514 22.3 -20.802923936987913
vertex -28.477971288939514 29.45 -20.802923936987913
vertex -28.634106660501175 29.45 -20.766518274408217
endloop
endfacet
facet normal 0.16289547339460317 -0.0 0.9866433320848766
outer loop
vertex -28.319789170939128 22.3 -20.829039910365836
vertex -28.319789170939128 29.45 -20.829039910365836
vertex -28.477971288939514 29.45 -20.802923936987913
endloop
endfacet
facet normal 0.09801714032954362 -0.0 0.9951847266721986
outer loop
vertex -28.16023766661385 22.3 -20.844754361934577
vertex -28.16023766661385 29.45 -20.844754361934577
vertex -28.319789170939128 29.45 -20.829039910365836
endloop
endfacet
facet normal 0.032719082821775984 -0.0 0.9994645874763657
outer loop
vertex -28.0 22.3 -20.849999999999998
vertex -28.0 29.45 -20.849999999999998
vertex -28.16023766661385 29.45 -20.844754361934577
endloop
endfacet
facet normal 0.3522500479212419 0.0 -0.9359059267573225
outer loop
vertex -28.93757440929447 22.3 -16.136495145347347
vertex -28.93757440929447 29.45 -16.136495145347347
vertex -28.787526689992745 29.45 -16.08002118273699
endloop
endfacet
facet normal 0.290284677254459 0.0 -0.9569403357322099
outer loop
vertex -28.787526689992745 22.3 -16.08002118273699
vertex -28.787526689992745 29.45 -16.08002118273699
vertex -28.634106660501175 29.45 -16.03348172559178
endloop
endfacet
facet normal 0.22707626303436856 0.0 -0.9738769792773346
outer loop
vertex -28.634106660501175 22.3 -16.03348172559178
vertex -28.634106660501175 29.45 -16.03348172559178
vertex -28.477971288939514 29.45 -15.997076063012084
endloop
endfacet
facet normal 0.16289547339459237 0.0 -0.9866433320848784
outer loop
vertex -28.477971288939514 22.3 -15.997076063012084
vertex -28.477971288939514 29.45 -15.997076063012084
vertex -28.319789170939128 29.45 -15.970960089634163
endloop
endfacet
facet normal 0.0980171403295546 0.0 -0.9951847266721976
outer loop
vertex -28.319789170939128 22.3 -15.970960089634163
vertex -28.319789170939128 29.45 -15.970960089634163
vertex -28.16023766661385 29.45 -15.95524563806542
endloop
endfacet
facet normal 0.032719082821775984 0.0 -0.9994645874763657
outer loop
vertex -28.16023766661385 22.3 -15.95524563806542
vertex -28.16023766661385 29.45 -15.95524563806542
vertex -28.0 29.45 -15.95
endloop
endfacet
facet normal -0.0 1.0 0.0
outer loop
vertex -28.0 22.3 -20.849999999999998
vertex -28.0 22.3 -15.95
vertex -27.83976233338615 22.3 -20.844754361934577
endloop
endfacet
facet normal -0.0 1.0 0.0
outer loop
vertex -27.83976233338615 22.3 -20.844754361934577
vertex -27.83976233338615 22.3 -15.95524563806542
vertex -27.680210829060872 22.3 -20.829039910365836
endloop
endfacet
facet normal -0.0 1.0 -0.0
outer loop
vertex -27.83976233338615 22.3 -20.844754361934577
vertex -28.0 22.3 -15.95
vertex -27.83976233338615 22.3 -15.95524563806542
endloop
endfacet
facet normal -0.0 1.0 0.0
outer loop
vertex -27.680210829060872 22.3 -20.829039910365836
vertex -27.680210829060872 22.3 -15.970960089634163
vertex -27.522028711060486 22.3 -20.802923936987913
endloop
endfacet
facet normal 0.0 1.0 0.0
outer loop
vertex -27.83976233338615 22.3 -15.95524563806542
vertex -27.680210829060872 22.3 -15.970960089634163
vertex -27.680210829060872 22.3 -20.829039910365836
endloop
endfacet
facet normal -0.0 1.0 -0.0
outer loop
vertex -27.522028711060486 22.3 -20.802923936987913
vertex -27.680210829060872 22.3 -15.970960089634163
vertex -27.522028711060486 22.3 -15.997076063012084
endloop
endfacet
facet normal -0.0 0.9999999999999999 0.0
outer loop
vertex -27.522028711060486 22.3 -20.802923936987913
vertex -27.522028711060486 22.3 -15.997076063012084
vertex -27.365893339498825 22.3 -20.766518274408217
endloop
endfacet
facet normal -0.0 1.0 0.0
outer loop
vertex -27.365893339498825 22.3 -20.766518274408217
vertex -27.365893339498825 22.3 -16.03348172559178
vertex -27.212473310007255 22.3 -20.71997881726301
endloop
endfacet
facet normal -0.0 1.0 -0.0
outer loop
vertex -27.365893339498825 22.3 -20.766518274408217
vertex -27.522028711060486 22.3 -15.997076063012084
vertex -27.365893339498825 22.3 -16.03348172559178
endloop
endfacet
facet normal -0.0 1.0 0.0
outer loop
vertex -27.212473310007255 22.3 -20.71997881726301
vertex -27.212473310007255 22.3 -16.08002118273699
vertex -27.06242559070553 22.3 -20.66350485465265
endloop
endfacet
facet normal -0.0 1.0 -0.0
outer loop
vertex -27.212473310007255 22.3 -20.71997881726301
vertex -27.365893339498825 22.3 -16.03348172559178
vertex -27.212473310007255 22.3 -16.08002118273699
endloop
endfacet
facet normal -0.0 1.0 -0.0
outer loop
vertex -27.06242559070553 22.3 -20.66350485465265
vertex -27.212473310007255 22.3 -16.08002118273699
vertex -27.06242559070553 22.3 -16.136495145347347
endloop
endfacet
facet normal -0.032719082821775984 0.0 0.9994645874763657
outer loop
vertex -28.0 22.3 -20.849999999999998
vertex -27.83976233338615 22.3 -20.844754361934577
vertex -28.0 29.45 -20.849999999999998
endloop
endfacet
facet normal -0.09801714032954362 0.0 0.9951847266721986
outer loop
vertex -27.83976233338615 22.3 -20.844754361934577
vertex -27.680210829060872 22.3 -20.829039910365836
vertex -27.83976233338615 29.45 -20.844754361934577
endloop
endfacet
facet normal -0.16289547339460317 0.0 0.9866433320848766
outer loop
vertex -27.680210829060872 22.3 -20.829039910365836
vertex -27.522028711060486 22.3 -20.802923936987913
vertex -27.680210829060872 29.45 -20.829039910365836
endloop
endfacet
facet normal -0.22707626303436856 0.0 0.9738769792773346
outer loop
vertex -27.522028711060486 22.3 -20.802923936987913
vertex -27.365893339498825 22.3 -20.766518274408217
vertex -27.522028711060486 29.45 -20.802923936987913
endloop
endfacet
facet normal -0.290284677254459 0.0 0.9569403357322099
outer loop
vertex -27.365893339498825 22.3 -20.766518274408217
vertex -27.212473310007255 22.3 -20.71997881726301
vertex -27.365893339498825 29.45 -20.766518274408217
endloop
endfacet
facet normal -0.3522500479212419 0.0 0.9359059267573225
outer loop
vertex -27.212473310007255 22.3 -20.71997881726301
vertex -27.06242559070553 22.3 -20.66350485465265
vertex -27.212473310007255 29.45 -20.71997881726301
endloop
endfacet
facet normal -0.032719082821775984 -0.0 -0.9994645874763657
outer loop
vertex -28.0 22.3 -15.95
vertex -27.83976233338615 29.45 -15.95524563806542
vertex -27.83976233338615 22.3 -15.95524563806542
endloop
endfacet
facet normal -0.0980171403295546 -0.0 -0.9951847266721976
outer loop
vertex -27.83976233338615 22.3 -15.95524563806542
vertex -27.680210829060872 29.45 -15.970960089634163
vertex -27.680210829060872 22.3 -15.970960089634163
endloop
endfacet
facet normal -0.16289547339459237 -0.0 -0.9866433320848784
outer loop
vertex -27.680210829060872 22.3 -15.970960089634163
vertex -27.522028711060486 29.45 -15.997076063012084
vertex -27.522028711060486 22.3 -15.997076063012084
endloop
endfacet
facet normal -0.22707626303436856 -0.0 -0.9738769792773346
outer loop
vertex -27.522028711060486 22.3 -15.997076063012084
vertex -27.365893339498825 29.45 -16.03348172559178
vertex -27.365893339498825 22.3 -16.03348172559178
endloop
endfacet
facet normal -0.290284677254459 -0.0 -0.9569403357322099
outer loop
vertex -27.365893339498825 22.3 -16.03348172559178
vertex -27.212473310007255 29.45 -16.08002118273699
vertex -27.212473310007255 22.3 -16.08002118273699
endloop
endfacet
facet normal -0.3522500479212419 -0.0 -0.9359059267573225
outer loop
vertex -27.212473310007255 22.3 -16.08002118273699
vertex -27.06242559070553 29.45 -16.136495145347347
vertex -27.06242559070553 22.3 -16.136495145347347
endloop
endfacet
facet normal -0.0 1.0 0.0
outer loop
vertex -27.06242559070553 22.3 -20.66350485465265
vertex -27.06242559070553 22.3 -16.136495145347347
vertex -26.916392708963446 22.3 -20.597338216755084
endloop
endfacet
facet normal -0.0 0.9999999999999999 0.0
outer loop
vertex -26.916392708963446 22.3 -20.597338216755084
vertex -26.916392708963446 22.3 -16.202661783244913
vertex -26.775 22.3 -20.521762239271872
endloop
endfacet
facet normal -0.0 1.0 -0.0
outer loop
vertex -26.916392708963446 22.3 -20.597338216755084
vertex -27.06242559070553 22.3 -16.136495145347347
vertex -26.916392708963446 22.3 -16.202661783244913
endloop
endfacet
facet normal -0.0 1.0 -0.0
outer loop
vertex -26.775 22.3 -20.521762239271872
vertex -26.916392708963446 22.3 -16.202661783244913
vertex -26.775 22.3 -16.278237760728125
endloop
endfacet
facet normal -0.0 1.0 0.0
outer loop
vertex -26.775 22.3 -20.521762239271872
vertex -26.775 22.3 -16.278237760728125
vertex -26.638852929101976 22.3 -20.437100550141235
endloop
endfacet
facet normal -0.0 1.0 0.0
outer loop
vertex -26.638852929101976 22.3 -20.437100550141235
vertex -26.638852929101976 22.3 -16.362899449858762
vertex -26.508534498928633 22.3 -20.343715683713526
endloop
endfacet
facet normal 0.0 1.0 0.0
outer loop
vertex -26.775 22.3 -16.278237760728125
vertex -26.638852929101976 22.3 -16.362899449858762
vertex -26.638852929101976 22.3 -20.437100550141235
endloop
endfacet
facet normal -0.0 0.9999999999999999 0.0
outer loop
vertex -26.508534498928633 22.3 -20.343715683713526
vertex -26.508534498928633 22.3 -16.45628431628647
vertex -26.38460275300483 22.3 -20.242007528323494
endloop
endfacet
facet normal -0.0 0.9999999999999999 0.0
outer loop
vertex -26.38460275300483 22.3 -20.242007528323494
vertex -26.38460275300483 22.3 -16.557992471676503
vertex -26.26758838609296 22.3 -20.13241161390704
endloop
endfacet
facet normal -0.0 1.0 -0.0
outer loop
vertex -26.508534498928633 22.3 -20.343715683713526
vertex -26.638852929101976 22.3 -16.362899449858762
vertex -26.508534498928633 22.3 -16.45628431628647
endloop
endfacet
facet normal -0.0 0.9999999999999999 -0.0
outer loop
vertex -26.38460275300483 22.3 -20.242007528323494
vertex -26.508534498928633 22.3 -16.45628431628647
vertex -26.38460275300483 22.3 -16.557992471676503
endloop
endfacet
facet normal -0.0 1.0 0.0
outer loop
vertex -26.26758838609296 22.3 -20.13241161390704
vertex -26.26758838609296 22.3 -16.66758838609296
vertex -26.157992471676504 22.3 -20.015397246995168
endloop
endfacet
facet normal -0.0 1.0 0.0
outer loop
vertex -26.157992471676504 22.3 -20.015397246995168
vertex -26.157992471676504 22.3 -16.78460275300483
vertex -26.056284316286472 22.3 -19.891465501071366
endloop
endfacet
facet normal -0.0 1.0 -0.0
outer loop
vertex -26.26758838609296 22.3 -20.13241161390704
vertex -26.38460275300483 22.3 -16.557992471676503
vertex -26.26758838609296 22.3 -16.66758838609296
endloop
endfacet
facet normal -0.0 1.0 -0.0
outer loop
vertex -26.157992471676504 22.3 -20.015397246995168
vertex -26.26758838609296 22.3 -16.66758838609296
vertex -26.157992471676504 22.3 -16.78460275300483
endloop
endfacet
facet normal -0.4127070298043961 0.0 0.9108638249211752
outer loop
vertex -27.06242559070553 22.3 -20.66350485465265
vertex -26.916392708963446 22.3 -20.597338216755084
vertex -27.06242559070553 29.45 -20.66350485465265
endloop
endfacet
facet normal -0.4713967368259944 0.0 0.8819212643483567
outer loop
vertex -26.916392708963446 22.3 -20.597338216755084
vertex -26.775 22.3 -20.521762239271872
vertex -26.916392708963446 29.45 -20.597338216755084
endloop
endfacet
facet normal -0.5280678506503695 0.0 0.849202181526578
outer loop
vertex -26.775 22.3 -20.521762239271872
vertex -26.638852929101976 22.3 -20.437100550141235
vertex -26.775 29.45 -20.521762239271872
endloop
endfacet
facet normal -0.5824776968677888 0.0 0.8128466845916247
outer loop
vertex -26.638852929101976 22.3 -20.437100550141235
vertex -26.508534498928633 22.3 -20.343715683713526
vertex -26.638852929101976 29.45 -20.437100550141235
endloop
endfacet
facet normal -0.6343932841636514 0.0 0.7730104533627321
outer loop
vertex -26.508534498928633 22.3 -20.343715683713526
vertex -26.38460275300483 22.3 -20.242007528323494
vertex -26.508534498928633 29.45 -20.343715683713526
endloop
endfacet
facet normal -0.6835923020228865 0.0 0.7298640726978214
outer loop
vertex -26.38460275300483 22.3 -20.242007528323494
vertex -26.26758838609296 22.3 -20.13241161390704
vertex -26.38460275300483 29.45 -20.242007528323494
endloop
endfacet
facet normal -0.7298640726978214 0.0 0.6835923020228865
outer loop
vertex -26.26758838609296 22.3 -20.13241161390704
vertex -26.157992471676504 22.3 -20.015397246995168
vertex -26.26758838609296 29.45 -20.13241161390704
endloop
endfacet
facet normal -0.7730104533627321 0.0 0.6343932841636514
outer loop
vertex -26.157992471676504 22.3 -20.015397246995168
vertex -26.056284316286472 22.3 -19.891465501071366
vertex -26.157992471676504 29.45 -20.015397246995168
endloop
endfacet
facet normal -0.4127070298043961 -0.0 -0.9108638249211752
outer loop
vertex -27.06242559070553 22.3 -16.136495145347347
vertex -26.916392708963446 29.45 -16.202661783244913
vertex -26.916392708963446 22.3 -16.202661783244913
endloop
endfacet
facet normal -0.4713967368259944 -0.0 -0.8819212643483567
outer loop
vertex -26.916392708963446 22.3 -16.202661783244913
vertex -26.775 29.45 -16.278237760728125
vertex -26.775 22.3 -16.278237760728125
endloop
endfacet
facet normal -0.5280678506503695 -0.0 -0.849202181526578
outer loop
vertex -26.775 22.3 -16.278237760728125
vertex -26.638852929101976 29.45 -16.362899449858762
vertex -26.638852929101976 22.3 -16.362899449858762
endloop
endfacet
facet normal -0.5824776968677888 -0.0 -0.8128466845916247
outer loop
vertex -26.638852929101976 22.3 -16.362899449858762
vertex -26.508534498928633 29.45 -16.45628431628647
vertex -26.508534498928633 22.3 -16.45628431628647
endloop
endfacet
facet normal -0.6343932841636514 -0.0 -0.7730104533627321
outer loop
vertex -26.508534498928633 22.3 -16.45628431628647
vertex -26.38460275300483 29.45 -16.557992471676503
vertex -26.38460275300483 22.3 -16.557992471676503
endloop
endfacet
facet normal -0.6835923020228865 -0.0 -0.7298640726978214
outer loop
vertex -26.38460275300483 22.3 -16.557992471676503
vertex -26.26758838609296 29.45 -16.66758838609296
vertex -26.26758838609296 22.3 -16.66758838609296
endloop
endfacet
facet normal -0.7298640726978214 -0.0 -0.6835923020228865
outer loop
vertex -26.26758838609296 22.3 -16.66758838609296
vertex -26.157992471676504 29.45 -16.78460275300483
vertex -26.157992471676504 22.3 -16.78460275300483
endloop
endfacet
facet normal -0.032719082821775984 0.0 0.9994645874763657
outer loop
vertex -27.83976233338615 22.3 -20.844754361934577
vertex -27.83976233338615 29.45 -20.844754361934577
vertex -28.0 29.45 -20.849999999999998
endloop
endfacet
facet normal -0.09801714032954362 0.0 0.9951847266721986
outer loop
vertex -27.680210829060872 22.3 -20.829039910365836
vertex -27.680210829060872 29.45 -20.829039910365836
vertex -27.83976233338615 29.45 -20.844754361934577
endloop
endfacet
facet normal -0.16289547339460317 0.0 0.9866433320848766
outer loop
vertex -27.522028711060486 22.3 -20.802923936987913
vertex -27.522028711060486 29.45 -20.802923936987913
vertex -27.680210829060872 29.45 -20.829039910365836
endloop
endfacet
facet normal -0.22707626303436856 0.0 0.9738769792773346
outer loop
vertex -27.365893339498825 22.3 -20.766518274408217
vertex -27.365893339498825 29.45 -20.766518274408217
vertex -27.522028711060486 29.45 -20.802923936987913
endloop
endfacet
facet normal -0.290284677254459 0.0 0.9569403357322099
outer loop
vertex -27.212473310007255 22.3 -20.71997881726301
vertex -27.212473310007255 29.45 -20.71997881726301
vertex -27.365893339498825 29.45 -20.766518274408217
endloop
endfacet
facet normal -0.3522500479212419 0.0 0.9359059267573225
outer loop
vertex -27.06242559070553 22.3 -20.66350485465265
vertex -27.06242559070553 29.45 -20.66350485465265
vertex -27.212473310007255 29.45 -20.71997881726301
endloop
endfacet
facet normal -0.032719082821775984 0.0 -0.9994645874763657
outer loop
vertex -28.0 22.3 -15.95
vertex -28.0 29.45 -15.95
vertex -27.83976233338615 29.45 -15.95524563806542
endloop
endfacet
facet normal -0.0980171403295546 0.0 -0.9951847266721976
outer loop
vertex -27.83976233338615 22.3 -15.95524563806542
vertex -27.83976233338615 29.45 -15.95524563806542
vertex -27.680210829060872 29.45 -15.970960089634163
endloop
endfacet
facet normal -0.16289547339459237 0.0 -0.9866433320848784
outer loop
vertex -27.680210829060872 22.3 -15.970960089634163
vertex -27.680210829060872 29.45 -15.970960089634163
vertex -27.522028711060486 29.45 -15.997076063012084
endloop
endfacet
facet normal -0.290284677254459 0.0 -0.9569403357322099
outer loop
vertex -27.365893339498825 22.3 -16.03348172559178
vertex -27.365893339498825 29.45 -16.03348172559178
vertex -27.212473310007255 29.45 -16.08002118273699
endloop
endfacet
facet normal -0.22707626303436856 0.0 -0.9738769792773346
outer loop
vertex -27.522028711060486 22.3 -15.997076063012084
vertex -27.522028711060486 29.45 -15.997076063012084
vertex -27.365893339498825 29.45 -16.03348172559178
endloop
endfacet
facet normal -0.3522500479212419 0.0 -0.9359059267573225
outer loop
vertex -27.212473310007255 22.3 -16.08002118273699
vertex -27.212473310007255 29.45 -16.08002118273699
vertex -27.06242559070553 29.45 -16.136495145347347
endloop
endfacet
facet normal -0.4127070298043961 0.0 0.9108638249211752
outer loop
vertex -26.916392708963446 22.3 -20.597338216755084
vertex -26.916392708963446 29.45 -20.597338216755084
vertex -27.06242559070553 29.45 -20.66350485465265
endloop
endfacet
facet normal -0.4713967368259944 0.0 0.8819212643483567
outer loop
vertex -26.775 22.3 -20.521762239271872
vertex -26.775 29.45 -20.521762239271872
vertex -26.916392708963446 29.45 -20.597338216755084
endloop
endfacet
facet normal -0.5280678506503695 0.0 0.849202181526578
outer loop
vertex -26.638852929101976 22.3 -20.437100550141235
vertex -26.638852929101976 29.45 -20.437100550141235
vertex -26.775 29.45 -20.521762239271872
endloop
endfacet
facet normal -0.5824776968677888 0.0 0.8128466845916247
outer loop
vertex -26.508534498928633 22.3 -20.343715683713526
vertex -26.508534498928633 29.45 -20.343715683713526
vertex -26.638852929101976 29.45 -20.437100550141235
endloop
endfacet
facet normal -0.6343932841636514 0.0 0.7730104533627321
outer loop
vertex -26.38460275300483 22.3 -20.242007528323494
vertex -26.38460275300483 29.45 -20.242007528323494
vertex -26.508534498928633 29.45 -20.343715683713526
endloop
endfacet
facet normal -0.6835923020228865 0.0 0.7298640726978214
outer loop
vertex -26.26758838609296 22.3 -20.13241161390704
vertex -26.26758838609296 29.45 -20.13241161390704
vertex -26.38460275300483 29.45 -20.242007528323494
endloop
endfacet
facet normal -0.7298640726978214 0.0 0.6835923020228865
outer loop
vertex -26.157992471676504 22.3 -20.015397246995168
vertex -26.157992471676504 29.45 -20.015397246995168
vertex -26.26758838609296 29.45 -20.13241161390704
endloop
endfacet
facet normal -0.4127070298043961 0.0 -0.9108638249211752
outer loop
vertex -27.06242559070553 22.3 -16.136495145347347
vertex -27.06242559070553 29.45 -16.136495145347347
vertex -26.916392708963446 29.45 -16.202661783244913
endloop
endfacet
facet normal -0.4713967368259944 0.0 -0.8819212643483567
outer loop
vertex -26.916392708963446 22.3 -16.202661783244913
vertex -26.916392708963446 29.45 -16.202661783244913
vertex -26.775 29.45 -16.278237760728125
endloop
endfacet
facet normal -0.5280678506503695 0.0 -0.849202181526578
outer loop
vertex -26.775 22.3 -16.278237760728125
vertex -26.775 29.45 -16.278237760728125
vertex -26.638852929101976 29.45 -16.362899449858762
endloop
endfacet
facet normal -0.5824776968677888 0.0 -0.8128466845916247
outer loop
vertex -26.638852929101976 22.3 -16.362899449858762
vertex -26.638852929101976 29.45 -16.362899449858762
vertex -26.508534498928633 29.45 -16.45628431628647
endloop
endfacet
facet normal -0.6343932841636514 0.0 -0.7730104533627321
outer loop
vertex -26.508534498928633 22.3 -16.45628431628647
vertex -26.508534498928633 29.45 -16.45628431628647
vertex -26.38460275300483 29.45 -16.557992471676503
endloop
endfacet
facet normal -0.6835923020228865 0.0 -0.7298640726978214
outer loop
vertex -26.38460275300483 22.3 -16.557992471676503
vertex -26.38460275300483 29.45 -16.557992471676503
vertex -26.26758838609296 29.45 -16.66758838609296
endloop
endfacet
facet normal -0.7298640726978214 0.0 -0.6835923020228865
outer loop
vertex -26.26758838609296 22.3 -16.66758838609296
vertex -26.26758838609296 29.45 -16.66758838609296
vertex -26.157992471676504 29.45 -16.78460275300483
endloop
endfacet
facet normal -0.7730104533627321 0.0 -0.6343932841636514
outer loop
vertex -26.157992471676504 22.3 -16.78460275300483
vertex -26.157992471676504 29.45 -16.78460275300483
vertex -26.056284316286472 29.45 -16.90853449892863
endloop
endfacet
facet normal -0.0 1.0 0.0
outer loop
vertex -26.056284316286472 22.3 -19.891465501071366
vertex -26.056284316286472 22.3 -16.90853449892863
vertex -25.962899449858764 22.3 -19.761147070898023
endloop
endfacet
facet normal -0.0 1.0 0.0
outer loop
vertex -25.962899449858764 22.3 -19.761147070898023
vertex -25.962899449858764 22.3 -17.038852929101974
vertex -25.878237760728126 22.3 -19.625
endloop
endfacet
facet normal -0.0 1.0 -0.0
outer loop
vertex -26.056284316286472 22.3 -19.891465501071366
vertex -26.157992471676504 22.3 -16.78460275300483
vertex -26.056284316286472 22.3 -16.90853449892863
endloop
endfacet
facet normal -0.0 1.0 -0.0
outer loop
vertex -25.962899449858764 22.3 -19.761147070898023
vertex -26.056284316286472 22.3 -16.90853449892863
vertex -25.962899449858764 22.3 -17.038852929101974
endloop
endfacet
facet normal -0.0 1.0 -0.0
outer loop
vertex -25.878237760728126 22.3 -19.625
vertex -25.962899449858764 22.3 -17.038852929101974
vertex -25.878237760728126 22.3 -17.174999999999997
endloop
endfacet
facet normal -0.0 1.0 0.0
outer loop
vertex -25.878237760728126 22.3 -19.625
vertex -25.878237760728126 22.3 -17.174999999999997
vertex -25.802661783244915 22.3 -19.483607291036552
endloop
endfacet
facet normal -0.0 1.0 0.0
outer loop
vertex -25.802661783244915 22.3 -19.483607291036552
vertex -25.802661783244915 22.3 -17.316392708963445
vertex -25.736495145347348 22.3 -19.33757440929447
endloop
endfacet
facet normal -0.0 1.0 -0.0
outer loop
vertex -25.736495145347348 22.3 -19.33757440929447
vertex -25.802661783244915 22.3 -17.316392708963445
vertex -25.736495145347348 22.3 -17.46242559070553
endloop
endfacet
facet normal -0.0 1.0 -0.0
outer loop
vertex -25.802661783244915 22.3 -19.483607291036552
vertex -25.878237760728126 22.3 -17.174999999999997
vertex -25.802661783244915 22.3 -17.316392708963445
endloop
endfacet
facet normal -0.0 1.0 0.0
outer loop
vertex -25.736495145347348 22.3 -19.33757440929447
vertex -25.736495145347348 22.3 -17.46242559070553
vertex -25.68002118273699 22.3 -19.187526689992744
endloop
endfacet
facet normal -0.0 1.0 -0.0
outer loop
vertex -25.68002118273699 22.3 -19.187526689992744
vertex -25.736495145347348 22.3 -17.46242559070553
vertex -25.68002118273699 22.3 -17.612473310007253
endloop
endfacet
facet normal -0.0 1.0 0.0
outer loop
vertex -25.68002118273699 22.3 -19.187526689992744
vertex -25.68002118273699 22.3 -17.612473310007253
vertex -25.633481725591782 22.3 -19.034106660501173
endloop
endfacet
facet normal -0.0 1.0 -0.0
outer loop
vertex -25.633481725591782 22.3 -19.034106660501173
vertex -25.68002118273699 22.3 -17.612473310007253
vertex -25.633481725591782 22.3 -17.765893339498824
endloop
endfacet
facet normal -0.0 1.0 0.0
outer loop
vertex -25.633481725591782 22.3 -19.034106660501173
vertex -25.633481725591782 22.3 -17.765893339498824
vertex -25.597076063012086 22.3 -18.877971288939513
endloop
endfacet
facet normal -0.0 1.0 0.0
outer loop
vertex -25.597076063012086 22.3 -18.877971288939513
vertex -25.597076063012086 22.3 -17.922028711060484
vertex -25.570960089634163 22.3 -18.719789170939126
endloop
endfacet
facet normal -0.0 1.0 0.0
outer loop
vertex -25.570960089634163 22.3 -18.719789170939126
vertex -25.570960089634163 22.3 -18.08021082906087
vertex -25.555245638065422 22.3 -18.560237666613848
endloop
endfacet
facet normal 0.0 1.0 0.0
outer loop
vertex -25.633481725591782 22.3 -17.765893339498824
vertex -25.597076063012086 22.3 -17.922028711060484
vertex -25.597076063012086 22.3 -18.877971288939513
endloop
endfacet
facet normal -0.0 1.0 -0.0
outer loop
vertex -25.570960089634163 22.3 -18.719789170939126
vertex -25.597076063012086 22.3 -17.922028711060484
vertex -25.570960089634163 22.3 -18.08021082906087
endloop
endfacet
facet normal -0.0 1.0 0.0
outer loop
vertex -25.555245638065422 22.3 -18.560237666613848
vertex -25.555245638065422 22.3 -18.23976233338615
vertex -25.55 22.3 -18.4
endloop
endfacet
facet normal -0.0 1.0 -0.0
outer loop
vertex -25.555245638065422 22.3 -18.560237666613848
vertex -25.570960089634163 22.3 -18.08021082906087
vertex -25.555245638065422 22.3 -18.23976233338615
endloop
endfacet
facet normal -0.8128466845916247 0.0 0.5824776968677888
outer loop
vertex -26.056284316286472 22.3 -19.891465501071366
vertex -25.962899449858764 22.3 -19.761147070898023
vertex -26.056284316286472 29.45 -19.891465501071366
endloop
endfacet
facet normal -0.849202181526578 0.0 0.5280678506503695
outer loop
vertex -25.962899449858764 22.3 -19.761147070898023
vertex -25.878237760728126 22.3 -19.625
vertex -25.962899449858764 29.45 -19.761147070898023
endloop
endfacet
facet normal -0.8819212643483567 0.0 0.4713967368259944
outer loop
vertex -25.878237760728126 22.3 -19.625
vertex -25.802661783244915 22.3 -19.483607291036552
vertex -25.878237760728126 29.45 -19.625
endloop
endfacet
facet normal -0.9108638249211752 0.0 0.4127070298043961
outer loop
vertex -25.802661783244915 22.3 -19.483607291036552
vertex -25.736495145347348 22.3 -19.33757440929447
vertex -25.802661783244915 29.45 -19.483607291036552
endloop
endfacet
facet normal -0.9359059267573225 0.0 0.3522500479212419
outer loop
vertex -25.736495145347348 22.3 -19.33757440929447
vertex -25.68002118273699 22.3 -19.187526689992744
vertex -25.736495145347348 29.45 -19.33757440929447
endloop
endfacet
facet normal -0.9569403357322099 0.0 0.290284677254459
outer loop
vertex -25.68002118273699 22.3 -19.187526689992744
vertex -25.633481725591782 22.3 -19.034106660501173
vertex -25.68002118273699 29.45 -19.187526689992744
endloop
endfacet
facet normal -0.9108638249211752 0.0 -0.4127070298043961
outer loop
vertex -25.736495145347348 22.3 -17.46242559070553
vertex -25.802661783244915 22.3 -17.316392708963445
vertex -25.736495145347348 29.45 -17.46242559070553
endloop
endfacet
facet normal -0.9359059267573225 -0.0 -0.3522500479212419
outer loop
vertex -25.736495145347348 22.3 -17.46242559070553
vertex -25.68002118273699 29.45 -17.612473310007253
vertex -25.68002118273699 22.3 -17.612473310007253
endloop
endfacet
facet normal -0.9569403357322099 -0.0 -0.290284677254459
outer loop
vertex -25.68002118273699 22.3 -17.612473310007253
vertex -25.633481725591782 29.45 -17.765893339498824
vertex -25.633481725591782 22.3 -17.765893339498824
endloop
endfacet
facet normal -0.9738769792773346 0.0 0.22707626303436856
outer loop
vertex -25.633481725591782 22.3 -19.034106660501173
vertex -25.597076063012086 22.3 -18.877971288939513
vertex -25.633481725591782 29.45 -19.034106660501173
endloop
endfacet
facet normal -0.9866433320848766 0.0 0.16289547339460317
outer loop
vertex -25.597076063012086 22.3 -18.877971288939513
vertex -25.570960089634163 22.3 -18.719789170939126
vertex -25.597076063012086 29.45 -18.877971288939513
endloop
endfacet
facet normal -0.9951847266721986 0.0 0.09801714032954362
outer loop
vertex -25.570960089634163 22.3 -18.719789170939126
vertex -25.555245638065422 22.3 -18.560237666613848
vertex -25.570960089634163 29.45 -18.719789170939126
endloop
endfacet
facet normal -0.9994645874763657 0.0 0.032719082821775984
outer loop
vertex -25.555245638065422 22.3 -18.560237666613848
vertex -25.55 22.3 -18.4
vertex -25.555245638065422 29.45 -18.560237666613848
endloop
endfacet
facet normal -0.9994645874763657 0.0 -0.032719082821775984
outer loop
vertex -25.55 22.3 -18.4
vertex -25.555245638065422 22.3 -18.23976233338615
vertex -25.55 29.45 -18.4
endloop
endfacet
facet normal -0.9951847266721986 0.0 -0.09801714032954362
outer loop
vertex -25.555245638065422 22.3 -18.23976233338615
vertex -25.570960089634163 22.3 -18.08021082906087
vertex -25.555245638065422 29.45 -18.23976233338615
endloop
endfacet
facet normal -0.9738769792773346 -0.0 -0.22707626303436856
outer loop
vertex -25.633481725591782 22.3 -17.765893339498824
vertex -25.597076063012086 29.45 -17.922028711060484
vertex -25.597076063012086 22.3 -17.922028711060484
endloop
endfacet
facet normal -0.9866433320848766 0.0 -0.16289547339460317
outer loop
vertex -25.570960089634163 22.3 -18.08021082906087
vertex -25.597076063012086 22.3 -17.922028711060484
vertex -25.570960089634163 29.45 -18.08021082906087
endloop
endfacet
facet normal -0.7730104533627321 -0.0 -0.6343932841636514
outer loop
vertex -26.157992471676504 22.3 -16.78460275300483
vertex -26.056284316286472 29.45 -16.90853449892863
vertex -26.056284316286472 22.3 -16.90853449892863
endloop
endfacet
facet normal -0.8128466845916247 -0.0 -0.5824776968677888
outer loop
vertex -26.056284316286472 22.3 -16.90853449892863
vertex -25.962899449858764 29.45 -17.038852929101974
vertex -25.962899449858764 22.3 -17.038852929101974
endloop
endfacet
facet normal -0.849202181526578 -0.0 -0.5280678506503695
outer loop
vertex -25.962899449858764 22.3 -17.038852929101974
vertex -25.878237760728126 29.45 -17.174999999999997
vertex -25.878237760728126 22.3 -17.174999999999997
endloop
endfacet
facet normal -0.8819212643483567 -0.0 -0.4713967368259944
outer loop
vertex -25.878237760728126 22.3 -17.174999999999997
vertex -25.802661783244915 29.45 -17.316392708963445
vertex -25.802661783244915 22.3 -17.316392708963445
endloop
endfacet
facet normal -0.7730104533627321 0.0 0.6343932841636514
outer loop
vertex -26.056284316286472 22.3 -19.891465501071366
vertex -26.056284316286472 29.45 -19.891465501071366
vertex -26.157992471676504 29.45 -20.015397246995168
endloop
endfacet
facet normal -0.8128466845916247 0.0 0.5824776968677888
outer loop
vertex -25.962899449858764 22.3 -19.761147070898023
vertex -25.962899449858764 29.45 -19.761147070898023
vertex -26.056284316286472 29.45 -19.891465501071366
endloop
endfacet
facet normal -0.849202181526578 0.0 0.5280678506503695
outer loop
vertex -25.878237760728126 22.3 -19.625
vertex -25.878237760728126 29.45 -19.625
vertex -25.962899449858764 29.45 -19.761147070898023
endloop
endfacet
facet normal -0.8819212643483567 0.0 0.4713967368259944
outer loop
vertex -25.802661783244915 22.3 -19.483607291036552
vertex -25.802661783244915 29.45 -19.483607291036552
vertex -25.878237760728126 29.45 -19.625
endloop
endfacet
facet normal -0.9108638249211752 0.0 0.4127070298043961
outer loop
vertex -25.736495145347348 22.3 -19.33757440929447
vertex -25.736495145347348 29.45 -19.33757440929447
vertex -25.802661783244915 29.45 -19.483607291036552
endloop
endfacet
facet normal -0.9359059267573225 0.0 0.3522500479212419
outer loop
vertex -25.68002118273699 22.3 -19.187526689992744
vertex -25.68002118273699 29.45 -19.187526689992744
vertex -25.736495145347348 29.45 -19.33757440929447
endloop
endfacet
facet normal -0.9569403357322099 0.0 0.290284677254459
outer loop
vertex -25.633481725591782 22.3 -19.034106660501173
vertex -25.633481725591782 29.45 -19.034106660501173
vertex -25.68002118273699 29.45 -19.187526689992744
endloop
endfacet
facet normal -0.9108638249211752 0.0 -0.4127070298043961
outer loop
vertex -25.802661783244915 22.3 -17.316392708963445
vertex -25.802661783244915 29.45 -17.316392708963445
vertex -25.736495145347348 29.45 -17.46242559070553
endloop
endfacet
facet normal -0.9359059267573225 0.0 -0.3522500479212419
outer loop
vertex -25.736495145347348 22.3 -17.46242559070553
vertex -25.736495145347348 29.45 -17.46242559070553
vertex -25.68002118273699 29.45 -17.612473310007253
endloop
endfacet
facet normal -0.9569403357322099 0.0 -0.290284677254459
outer loop
vertex -25.68002118273699 22.3 -17.612473310007253
vertex -25.68002118273699 29.45 -17.612473310007253
vertex -25.633481725591782 29.45 -17.765893339498824
endloop
endfacet
facet normal -0.9738769792773346 0.0 0.22707626303436856
outer loop
vertex -25.597076063012086 22.3 -18.877971288939513
vertex -25.597076063012086 29.45 -18.877971288939513
vertex -25.633481725591782 29.45 -19.034106660501173
endloop
endfacet
facet normal -0.9866433320848766 0.0 0.16289547339460317
outer loop
vertex -25.570960089634163 22.3 -18.719789170939126
vertex -25.570960089634163 29.45 -18.719789170939126
vertex -25.597076063012086 29.45 -18.877971288939513
endloop
endfacet
facet normal -0.9951847266721986 0.0 -0.09801714032954362
outer loop
vertex -25.570960089634163 22.3 -18.08021082906087
vertex -25.570960089634163 29.45 -18.08021082906087
vertex -25.555245638065422 29.45 -18.23976233338615
endloop
endfacet
facet normal -0.9951847266721986 0.0 0.09801714032954362
outer loop
vertex -25.555245638065422 22.3 -18.560237666613848
vertex -25.555245638065422 29.45 -18.560237666613848
vertex -25.570960089634163 29.45 -18.719789170939126
endloop
endfacet
facet normal -0.9994645874763657 0.0 0.032719082821775984
outer loop
vertex -25.55 22.3 -18.4
vertex -25.55 29.45 -18.4
vertex -25.555245638065422 29.45 -18.560237666613848
endloop
endfacet
facet normal -0.9994645874763657 0.0 -0.032719082821775984
outer loop
vertex -25.555245638065422 22.3 -18.23976233338615
vertex -25.555245638065422 29.45 -18.23976233338615
vertex -25.55 29.45 -18.4
endloop
endfacet
facet normal -0.9738769792773346 0.0 -0.22707626303436856
outer loop
vertex -25.633481725591782 22.3 -17.765893339498824
vertex -25.633481725591782 29.45 -17.765893339498824
vertex -25.597076063012086 29.45 -17.922028711060484
endloop
endfacet
facet normal -0.9866433320848766 0.0 -0.16289547339460317
outer loop
vertex -25.597076063012086 22.3 -17.922028711060484
vertex -25.597076063012086 29.45 -17.922028711060484
vertex -25.570960089634163 29.45 -18.08021082906087
endloop
endfacet
facet normal -0.8128466845916247 0.0 -0.5824776968677888
outer loop
vertex -26.056284316286472 22.3 -16.90853449892863
vertex -26.056284316286472 29.45 -16.90853449892863
vertex -25.962899449858764 29.45 -17.038852929101974
endloop
endfacet
facet normal -0.849202181526578 0.0 -0.5280678506503695
outer loop
vertex -25.962899449858764 22.3 -17.038852929101974
vertex -25.962899449858764 29.45 -17.038852929101974
vertex -25.878237760728126 29.45 -17.174999999999997
endloop
endfacet
facet normal -0.8819212643483567 0.0 -0.4713967368259944
outer loop
vertex -25.878237760728126 22.3 -17.174999999999997
vertex -25.878237760728126 29.45 -17.174999999999997
vertex -25.802661783244915 29.45 -17.316392708963445
endloop
endfacet
facet normal -0.0 0.9999999999999999 0.0
outer loop
vertex -28.0 29.45 -21.849999999999998
vertex -27.83976233338615 29.45 -20.844754361934577
vertex -27.774359204156006 29.45 -21.84261328517318
endloop
endfacet
facet normal -0.032719082821778864 0.0 0.9994645874763656
outer loop
vertex -28.0 29.45 -21.849999999999998
vertex -27.774359204156006 29.45 -21.84261328517318
vertex -27.774359204156006 30.4 -21.84261328517318
endloop
endfacet
facet normal 0.0 1.0 0.0
outer loop
vertex -28.0 29.45 -21.849999999999998
vertex -28.0 29.45 -20.849999999999998
vertex -27.83976233338615 29.45 -20.844754361934577
endloop
endfacet
facet normal -0.032719082821778864 0.0 0.9994645874763656
outer loop
vertex -28.0 29.45 -21.849999999999998
vertex -27.774359204156006 30.4 -21.84261328517318
vertex -28.0 30.4 -21.849999999999998
endloop
endfacet
facet normal -0.0 1.0 -0.0
outer loop
vertex -27.774359204156006 29.45 -21.84261328517318
vertex -27.83976233338615 29.45 -20.844754361934577
vertex -27.549684636840823 29.45 -21.820484771739643
endloop
endfacet
facet normal -0.09801714032956044 0.0 0.995184726672197
outer loop
vertex -27.774359204156006 29.45 -21.84261328517318
vertex -27.549684636840823 29.45 -21.820484771739643
vertex -27.549684636840823 30.4 -21.820484771739643
endloop
endfacet
facet normal -0.0 1.0 0.0
outer loop
vertex -27.83976233338615 29.45 -20.844754361934577
vertex -27.680210829060872 29.45 -20.829039910365836
vertex -27.549684636840823 29.45 -21.820484771739643
endloop
endfacet
facet normal -0.09801714032956044 0.0 0.995184726672197
outer loop
vertex -27.774359204156006 29.45 -21.84261328517318
vertex -27.549684636840823 30.4 -21.820484771739643
vertex -27.774359204156006 30.4 -21.84261328517318
endloop
endfacet
facet normal 0.0 1.0 0.0
outer loop
vertex -27.680210829060872 29.45 -20.829039910365836
vertex -27.326938389044358 29.45 -21.783709217391145
vertex -27.549684636840823 29.45 -21.820484771739643
endloop
endfacet
facet normal -0.16289547339457697 0.0 0.986643332084881
outer loop
vertex -27.549684636840823 29.45 -21.820484771739643
vertex -27.326938389044358 29.45 -21.783709217391145
vertex -27.326938389044358 30.4 -21.783709217391145
endloop
endfacet
facet normal -0.0 1.0 0.0
outer loop
vertex -27.680210829060872 29.45 -20.829039910365836
vertex -27.522028711060486 29.45 -20.802923936987913
vertex -27.326938389044358 29.45 -21.783709217391145
endloop
endfacet
facet normal -0.0 1.0 0.0
outer loop
vertex -27.522028711060486 29.45 -20.802923936987913
vertex -27.365893339498825 29.45 -20.766518274408217
vertex -27.326938389044358 29.45 -21.783709217391145
endloop
endfacet
facet normal -0.16289547339457697 0.0 0.986643332084881
outer loop
vertex -27.549684636840823 29.45 -21.820484771739643
vertex -27.326938389044358 30.4 -21.783709217391145
vertex -27.549684636840823 30.4 -21.820484771739643
endloop
endfacet
facet normal -0.0 1.0 -0.0
outer loop
vertex -27.326938389044358 29.45 -21.783709217391145
vertex -27.365893339498825 29.45 -20.766518274408217
vertex -27.107074294396302 29.45 -21.732444100697286
endloop
endfacet
facet normal -0.22707626303436915 0.0 0.9738769792773345
outer loop
vertex -27.326938389044358 29.45 -21.783709217391145
vertex -27.107074294396302 29.45 -21.732444100697286
vertex -27.107074294396302 30.4 -21.732444100697286
endloop
endfacet
facet normal 0.0 1.0 0.0
outer loop
vertex -27.212473310007255 29.45 -20.71997881726301
vertex -26.891033844704094 29.45 -21.666908946758113
vertex -27.107074294396302 29.45 -21.732444100697286
endloop
endfacet
facet normal -0.0 1.0 0.0
outer loop
vertex -27.365893339498825 29.45 -20.766518274408217
vertex -27.212473310007255 29.45 -20.71997881726301
vertex -27.107074294396302 29.45 -21.732444100697286
endloop
endfacet
facet normal -0.0 0.9999999999999999 0.0
outer loop
vertex -27.212473310007255 29.45 -20.71997881726301
vertex -27.06242559070553 29.45 -20.66350485465265
vertex -26.891033844704094 29.45 -21.666908946758113
endloop
endfacet
facet normal -0.22707626303436915 0.0 0.9738769792773345
outer loop
vertex -27.326938389044358 29.45 -21.783709217391145
vertex -27.107074294396302 30.4 -21.732444100697286
vertex -27.326938389044358 30.4 -21.783709217391145
endloop
endfacet
facet normal -0.0 1.0 0.0
outer loop
vertex -28.0 29.45 -15.95
vertex -28.0 29.45 -14.95
vertex -27.83976233338615 29.45 -15.95524563806542
endloop
endfacet
facet normal -0.032719082821771 0.0 -0.9994645874763657
outer loop
vertex -28.0 29.45 -14.95
vertex -28.0 30.4 -14.95
vertex -27.774359204156006 29.45 -14.957386714826816
endloop
endfacet
facet normal -0.0 1.0 0.0
outer loop
vertex -27.83976233338615 29.45 -15.95524563806542
vertex -27.774359204156006 29.45 -14.957386714826816
vertex -27.680210829060872 29.45 -15.970960089634163
endloop
endfacet
facet normal -0.0 1.0 -0.0
outer loop
vertex -27.83976233338615 29.45 -15.95524563806542
vertex -28.0 29.45 -14.95
vertex -27.774359204156006 29.45 -14.957386714826816
endloop
endfacet
facet normal -0.032719082821771 0.0 -0.9994645874763657
outer loop
vertex -27.774359204156006 29.45 -14.957386714826816
vertex -28.0 30.4 -14.95
vertex -27.774359204156006 30.4 -14.957386714826816
endloop
endfacet
facet normal 0.0 1.0 0.0
outer loop
vertex -27.774359204156006 29.45 -14.957386714826816
vertex -27.549684636840823 29.45 -14.979515228260352
vertex -27.680210829060872 29.45 -15.970960089634163
endloop
endfacet
facet normal -0.09801714032956044 0.0 -0.995184726672197
outer loop
vertex -27.774359204156006 29.45 -14.957386714826816
vertex -27.774359204156006 30.4 -14.957386714826816
vertex -27.549684636840823 29.45 -14.979515228260352
endloop
endfacet
facet normal -0.0 0.9999999999999999 0.0
outer loop
vertex -27.680210829060872 29.45 -15.970960089634163
vertex -27.549684636840823 29.45 -14.979515228260352
vertex -27.522028711060486 29.45 -15.997076063012084
endloop
endfacet
facet normal -0.09801714032956044 0.0 -0.995184726672197
outer loop
vertex -27.549684636840823 29.45 -14.979515228260352
vertex -27.774359204156006 30.4 -14.957386714826816
vertex -27.549684636840823 30.4 -14.979515228260352
endloop
endfacet
facet normal -0.0 1.0 -0.0
outer loop
vertex -27.522028711060486 29.45 -15.997076063012084
vertex -27.549684636840823 29.45 -14.979515228260352
vertex -27.365893339498825 29.45 -16.03348172559178
endloop
endfacet
facet normal -0.0 1.0 -0.0
outer loop
vertex -27.365893339498825 29.45 -16.03348172559178
vertex -27.549684636840823 29.45 -14.979515228260352
vertex -27.326938389044358 29.45 -15.016290782608854
endloop
endfacet
facet normal -0.16289547339459232 0.0 -0.9866433320848785
outer loop
vertex -27.549684636840823 29.45 -14.979515228260352
vertex -27.549684636840823 30.4 -14.979515228260352
vertex -27.326938389044358 29.45 -15.016290782608854
endloop
endfacet
facet normal -0.0 0.9999999999999999 0.0
outer loop
vertex -27.365893339498825 29.45 -16.03348172559178
vertex -27.326938389044358 29.45 -15.016290782608854
vertex -27.212473310007255 29.45 -16.08002118273699
endloop
endfacet
facet normal -0.16289547339459232 0.0 -0.9866433320848785
outer loop
vertex -27.326938389044358 29.45 -15.016290782608854
vertex -27.549684636840823 30.4 -14.979515228260352
vertex -27.326938389044358 30.4 -15.016290782608854
endloop
endfacet
facet normal -0.0 1.0 -0.0
outer loop
vertex -27.212473310007255 29.45 -16.08002118273699
vertex -27.326938389044358 29.45 -15.016290782608854
vertex -27.107074294396302 29.45 -15.067555899302713
endloop
endfacet
facet normal -0.22707626303436915 0.0 -0.9738769792773345
outer loop
vertex -27.326938389044358 29.45 -15.016290782608854
vertex -27.326938389044358 30.4 -15.016290782608854
vertex -27.107074294396302 29.45 -15.067555899302713
endloop
endfacet
facet normal -0.0 1.0 0.0
outer loop
vertex -27.212473310007255 29.45 -16.08002118273699
vertex -27.107074294396302 29.45 -15.067555899302713
vertex -27.06242559070553 29.45 -16.136495145347347
endloop
endfacet
facet normal -0.22707626303436915 0.0 -0.9738769792773345
outer loop
vertex -27.107074294396302 29.45 -15.067555899302713
vertex -27.326938389044358 30.4 -15.016290782608854
vertex -27.107074294396302 30.4 -15.067555899302713
endloop
endfacet
facet normal -0.29028467725447366 0.0 0.9569403357322055
outer loop
vertex -27.107074294396302 29.45 -21.732444100697286
vertex -26.891033844704094 29.45 -21.666908946758113
vertex -26.891033844704094 30.4 -21.666908946758113
endloop
endfacet
facet normal -0.0 1.0 0.0
outer loop
vertex -27.06242559070553 29.45 -20.66350485465265
vertex -26.916392708963446 29.45 -20.597338216755084
vertex -26.891033844704094 29.45 -21.666908946758113
endloop
endfacet
facet normal -0.0 1.0 -0.0
outer loop
vertex -26.891033844704094 29.45 -21.666908946758113
vertex -26.916392708963446 29.45 -20.597338216755084
vertex -26.67974215834044 29.45 -21.587384387163937
endloop
endfacet
facet normal -0.29028467725447366 0.0 0.9569403357322055
outer loop
vertex -27.107074294396302 29.45 -21.732444100697286
vertex -26.891033844704094 30.4 -21.666908946758113
vertex -27.107074294396302 30.4 -21.732444100697286
endloop
endfacet
facet normal -0.35225004792123443 0.0 0.9359059267573254
outer loop
vertex -26.891033844704094 29.45 -21.666908946758113
vertex -26.67974215834044 30.4 -21.587384387163937
vertex -26.891033844704094 30.4 -21.666908946758113
endloop
endfacet
facet normal -0.35225004792123443 0.0 0.9359059267573254
outer loop
vertex -26.891033844704094 29.45 -21.666908946758113
vertex -26.67974215834044 29.45 -21.587384387163937
vertex -26.67974215834044 30.4 -21.587384387163937
endloop
endfacet
facet normal 0.0 1.0 -0.0
outer loop
vertex -26.67974215834044 29.45 -21.587384387163937
vertex -26.916392708963446 29.45 -20.597338216755084
vertex -26.775 29.45 -20.521762239271872
endloop
endfacet
facet normal -0.0 1.0 -0.0
outer loop
vertex -26.67974215834044 29.45 -21.587384387163937
vertex -26.775 29.45 -20.521762239271872
vertex -26.474104018744445 29.45 -21.494210958287773
endloop
endfacet
facet normal -0.0 1.0 0.0
outer loop
vertex -26.775 29.45 -20.521762239271872
vertex -26.638852929101976 29.45 -20.437100550141235
vertex -26.474104018744445 29.45 -21.494210958287773
endloop
endfacet
facet normal -0.4127070298043908 0.0 0.9108638249211777
outer loop
vertex -26.67974215834044 29.45 -21.587384387163937
vertex -26.474104018744445 30.4 -21.494210958287773
vertex -26.67974215834044 30.4 -21.587384387163937
endloop
endfacet
facet normal -0.4127070298043908 0.0 0.9108638249211777
outer loop
vertex -26.67974215834044 29.45 -21.587384387163937
vertex -26.474104018744445 29.45 -21.494210958287773
vertex -26.474104018744445 30.4 -21.494210958287773
endloop
endfacet
facet normal -0.47139673682599204 0.0 0.8819212643483582
outer loop
vertex -26.474104018744445 29.45 -21.494210958287773
vertex -26.275 29.45 -21.387787643056313
vertex -26.275 30.4 -21.387787643056313
endloop
endfacet
facet normal 0.0 1.0 -0.0
outer loop
vertex -26.474104018744445 29.45 -21.494210958287773
vertex -26.638852929101976 29.45 -20.437100550141235
vertex -26.508534498928633 29.45 -20.343715683713526
endloop
endfacet
facet normal -0.0 0.9999999999999999 -0.0
outer loop
vertex -26.474104018744445 29.45 -21.494210958287773
vertex -26.508534498928633 29.45 -20.343715683713526
vertex -26.275 29.45 -21.387787643056313
endloop
endfacet
facet normal -0.0 1.0 0.0
outer loop
vertex -26.508534498928633 29.45 -20.343715683713526
vertex -26.38460275300483 29.45 -20.242007528323494
vertex -26.275 29.45 -21.387787643056313
endloop
endfacet
facet normal -0.47139673682599204 0.0 0.8819212643483582
outer loop
vertex -26.474104018744445 29.45 -21.494210958287773
vertex -26.275 30.4 -21.387787643056313
vertex -26.474104018744445 30.4 -21.494210958287773
endloop
endfacet
facet normal -0.0 0.9999999999999999 -0.0
outer loop
vertex -26.275 29.45 -21.387787643056313
vertex -26.38460275300483 29.45 -20.242007528323494
vertex -26.08328269608237 29.45 -21.26857016244378
endloop
endfacet
facet normal -0.0 1.0 0.0
outer loop
vertex -26.38460275300483 29.45 -20.242007528323494
vertex -26.26758838609296 29.45 -20.13241161390704
vertex -26.08328269608237 29.45 -21.26857016244378
endloop
endfacet
facet normal -0.0 1.0 0.0
outer loop
vertex -26.26758838609296 29.45 -20.13241161390704
vertex -26.157992471676504 29.45 -20.015397246995168
vertex -26.08328269608237 29.45 -21.26857016244378
endloop
endfacet
facet normal -0.5280678506503726 0.0 0.8492021815265761
outer loop
vertex -26.275 29.45 -21.387787643056313
vertex -26.08328269608237 29.45 -21.26857016244378
vertex -26.08328269608237 30.4 -21.26857016244378
endloop
endfacet
facet normal -0.5280678506503726 0.0 0.8492021815265761
outer loop
vertex -26.275 29.45 -21.387787643056313
vertex -26.08328269608237 30.4 -21.26857016244378
vertex -26.275 30.4 -21.387787643056313
endloop
endfacet
facet normal -0.0 1.0 -0.0
outer loop
vertex -27.06242559070553 29.45 -16.136495145347347
vertex -27.107074294396302 29.45 -15.067555899302713
vertex -26.891033844704094 29.45 -15.133091053241884
endloop
endfacet
facet normal -0.0 1.0 0.0
outer loop
vertex -27.06242559070553 29.45 -16.136495145347347
vertex -26.891033844704094 29.45 -15.133091053241884
vertex -26.916392708963446 29.45 -16.202661783244913
endloop
endfacet
facet normal -0.29028467725446644 0.0 -0.9569403357322077
outer loop
vertex -27.107074294396302 29.45 -15.067555899302713
vertex -27.107074294396302 30.4 -15.067555899302713
vertex -26.891033844704094 29.45 -15.133091053241884
endloop
endfacet
facet normal -0.0 1.0 0.0
outer loop
vertex -26.916392708963446 29.45 -16.202661783244913
vertex -26.891033844704094 29.45 -15.133091053241884
vertex -26.775 29.45 -16.278237760728125
endloop
endfacet
facet normal -0.35225004792122755 0.0 -0.9359059267573279
outer loop
vertex -26.891033844704094 29.45 -15.133091053241884
vertex -26.891033844704094 30.4 -15.133091053241884
vertex -26.67974215834044 29.45 -15.212615612836059
endloop
endfacet
facet normal -0.29028467725446644 0.0 -0.9569403357322077
outer loop
vertex -26.891033844704094 29.45 -15.133091053241884
vertex -27.107074294396302 30.4 -15.067555899302713
vertex -26.891033844704094 30.4 -15.133091053241884
endloop
endfacet
facet normal -0.0 1.0 -0.0
outer loop
vertex -26.775 29.45 -16.278237760728125
vertex -26.891033844704094 29.45 -15.133091053241884
vertex -26.67974215834044 29.45 -15.212615612836059
endloop
endfacet
facet normal -0.0 1.0 0.0
outer loop
vertex -26.775 29.45 -16.278237760728125
vertex -26.67974215834044 29.45 -15.212615612836059
vertex -26.638852929101976 29.45 -16.362899449858762
endloop
endfacet
facet normal 0.0 1.0 0.0
outer loop
vertex -26.67974215834044 29.45 -15.212615612836059
vertex -26.474104018744445 29.45 -15.305789041712224
vertex -26.638852929101976 29.45 -16.362899449858762
endloop
endfacet
facet normal -0.41270702980439733 0.0 -0.9108638249211747
outer loop
vertex -26.67974215834044 29.45 -15.212615612836059
vertex -26.67974215834044 30.4 -15.212615612836059
vertex -26.474104018744445 29.45 -15.305789041712224
endloop
endfacet
facet normal -0.35225004792122755 0.0 -0.9359059267573279
outer loop
vertex -26.67974215834044 29.45 -15.212615612836059
vertex -26.891033844704094 30.4 -15.133091053241884
vertex -26.67974215834044 30.4 -15.212615612836059
endloop
endfacet
facet normal -0.0 1.0 0.0
outer loop
vertex -26.638852929101976 29.45 -16.362899449858762
vertex -26.474104018744445 29.45 -15.305789041712224
vertex -26.508534498928633 29.45 -16.45628431628647
endloop
endfacet
facet normal -0.0 1.0 0.0
outer loop
vertex -26.508534498928633 29.45 -16.45628431628647
vertex -26.474104018744445 29.45 -15.305789041712224
vertex -26.38460275300483 29.45 -16.557992471676503
endloop
endfacet
facet normal 0.0 1.0 0.0
outer loop
vertex -26.474104018744445 29.45 -15.305789041712224
vertex -26.275 29.45 -15.412212356943686
vertex -26.38460275300483 29.45 -16.557992471676503
endloop
endfacet
facet normal -0.47139673682599803 0.0 -0.8819212643483548
outer loop
vertex -26.474104018744445 29.45 -15.305789041712224
vertex -26.474104018744445 30.4 -15.305789041712224
vertex -26.275 29.45 -15.412212356943686
endloop
endfacet
facet normal -0.41270702980439733 0.0 -0.9108638249211747
outer loop
vertex -26.474104018744445 29.45 -15.305789041712224
vertex -26.67974215834044 30.4 -15.212615612836059
vertex -26.474104018744445 30.4 -15.305789041712224
endloop
endfacet
facet normal -0.47139673682599803 0.0 -0.8819212643483548
outer loop
vertex -26.275 29.45 -15.412212356943686
vertex -26.474104018744445 30.4 -15.305789041712224
vertex -26.275 30.4 -15.412212356943686
endloop
endfacet
facet normal -0.0 1.0 0.0
outer loop
vertex -26.38460275300483 29.45 -16.557992471676503
vertex -26.275 29.45 -15.412212356943686
vertex -26.26758838609296 29.45 -16.66758838609296
endloop
endfacet
facet normal -0.0 1.0 -0.0
outer loop
vertex -26.26758838609296 29.45 -16.66758838609296
vertex -26.275 29.45 -15.412212356943686
vertex -26.157992471676504 29.45 -16.78460275300483
endloop
endfacet
facet normal -0.0 1.0 -0.0
outer loop
vertex -26.157992471676504 29.45 -16.78460275300483
vertex -26.275 29.45 -15.412212356943686
vertex -26.08328269608237 29.45 -15.531429837556217
endloop
endfacet
facet normal -0.5280678506503669 0.0 -0.8492021815265794
outer loop
vertex -26.275 29.45 -15.412212356943686
vertex -26.275 30.4 -15.412212356943686
vertex -26.08328269608237 29.45 -15.531429837556217
endloop
endfacet
facet normal -0.5280678506503669 0.0 -0.8492021815265794
outer loop
vertex -26.08328269608237 29.45 -15.531429837556217
vertex -26.275 30.4 -15.412212356943686
vertex -26.08328269608237 30.4 -15.531429837556217
endloop
endfacet
facet normal 0.0 1.0 0.0
outer loop
vertex -26.157992471676504 29.45 -20.015397246995168
vertex -25.899773069919913 29.45 -21.13706902400476
vertex -26.08328269608237 29.45 -21.26857016244378
endloop
endfacet
facet normal -0.0 1.0 0.0
outer loop
vertex -26.157992471676504 29.45 -20.015397246995168
vertex -26.056284316286472 29.45 -19.891465501071366
vertex -25.899773069919913 29.45 -21.13706902400476
endloop
endfacet
facet normal 0.0 1.0 -0.0
outer loop
vertex -25.899773069919913 29.45 -21.13706902400476
vertex -26.056284316286472 29.45 -19.891465501071366
vertex -25.962899449858764 29.45 -19.761147070898023
endloop
endfacet
facet normal -0.0 0.9999999999999999 -0.0
outer loop
vertex -25.899773069919913 29.45 -21.13706902400476
vertex -25.962899449858764 29.45 -19.761147070898023
vertex -25.725256937904764 29.45 -20.99384733580247
endloop
endfacet
facet normal -0.5824776968678053 0.0 0.8128466845916128
outer loop
vertex -26.08328269608237 29.45 -21.26857016244378
vertex -25.899773069919913 29.45 -21.13706902400476
vertex -25.899773069919913 30.4 -21.13706902400476
endloop
endfacet
facet normal -0.5824776968678053 0.0 0.8128466845916128
outer loop
vertex -26.08328269608237 29.45 -21.26857016244378
vertex -25.899773069919913 30.4 -21.13706902400476
vertex -26.08328269608237 30.4 -21.26857016244378
endloop
endfacet
facet normal -0.0 1.0 0.0
outer loop
vertex -25.962899449858764 29.45 -19.761147070898023
vertex -25.878237760728126 29.45 -19.625
vertex -25.725256937904764 29.45 -20.99384733580247
endloop
endfacet
facet normal 0.0 1.0 -0.0
outer loop
vertex -25.725256937904764 29.45 -20.99384733580247
vertex -25.878237760728126 29.45 -19.625
vertex -25.802661783244915 29.45 -19.483607291036552
endloop
endfacet
facet normal -0.6343932841636473 0.0 0.7730104533627353
outer loop
vertex -25.899773069919913 29.45 -21.13706902400476
vertex -25.725256937904764 29.45 -20.99384733580247
vertex -25.725256937904764 30.4 -20.99384733580247
endloop
endfacet
facet normal -0.0 1.0 -0.0
outer loop
vertex -25.725256937904764 29.45 -20.99384733580247
vertex -25.736495145347348 29.45 -19.33757440929447
vertex -25.56048160490641 29.45 -20.839518395093588
endloop
endfacet
facet normal -0.6343932841636473 0.0 0.7730104533627353
outer loop
vertex -25.899773069919913 29.45 -21.13706902400476
vertex -25.725256937904764 30.4 -20.99384733580247
vertex -25.899773069919913 30.4 -21.13706902400476
endloop
endfacet
facet normal -0.683592302022867 0.0 0.7298640726978396
outer loop
vertex -25.725256937904764 29.45 -20.99384733580247
vertex -25.56048160490641 30.4 -20.839518395093588
vertex -25.725256937904764 30.4 -20.99384733580247
endloop
endfacet
facet normal 0.0 1.0 -0.0
outer loop
vertex -25.725256937904764 29.45 -20.99384733580247
vertex -25.802661783244915 29.45 -19.483607291036552
vertex -25.736495145347348 29.45 -19.33757440929447
endloop
endfacet
facet normal -0.0 0.9999999999999999 0.0
outer loop
vertex -25.736495145347348 29.45 -19.33757440929447
vertex -25.68002118273699 29.45 -19.187526689992744
vertex -25.56048160490641 29.45 -20.839518395093588
endloop
endfacet
facet normal -0.0 0.9999999999999999 -0.0
outer loop
vertex -25.56048160490641 29.45 -20.839518395093588
vertex -25.570960089634163 29.45 -18.719789170939126
vertex -25.406152664197528 29.45 -20.674743062095235
endloop
endfacet
facet normal -0.683592302022867 0.0 0.7298640726978396
outer loop
vertex -25.725256937904764 29.45 -20.99384733580247
vertex -25.56048160490641 29.45 -20.839518395093588
vertex -25.56048160490641 30.4 -20.839518395093588
endloop
endfacet
facet normal -0.7298640726978396 0.0 0.683592302022867
outer loop
vertex -25.56048160490641 29.45 -20.839518395093588
vertex -25.406152664197528 29.45 -20.674743062095235
vertex -25.406152664197528 30.4 -20.674743062095235
endloop
endfacet
facet normal -0.7298640726978396 0.0 0.683592302022867
outer loop
vertex -25.56048160490641 29.45 -20.839518395093588
vertex -25.406152664197528 30.4 -20.674743062095235
vertex -25.56048160490641 30.4 -20.839518395093588
endloop
endfacet
facet normal -0.7730104533627353 0.0 0.6343932841636473
outer loop
vertex -25.406152664197528 29.45 -20.674743062095235
vertex -25.26293097599524 29.45 -20.500226930080085
vertex -25.26293097599524 30.4 -20.500226930080085
endloop
endfacet
facet normal -0.8128466845916128 0.0 0.5824776968678053
outer loop
vertex -25.26293097599524 29.45 -20.500226930080085
vertex -25.13142983755622 29.45 -20.316717303917628
vertex -25.13142983755622 30.4 -20.316717303917628
endloop
endfacet
facet normal -0.7730104533627353 0.0 0.6343932841636473
outer loop
vertex -25.406152664197528 29.45 -20.674743062095235
vertex -25.26293097599524 30.4 -20.500226930080085
vertex -25.406152664197528 30.4 -20.674743062095235
endloop
endfacet
facet normal -0.8128466845916128 0.0 0.5824776968678053
outer loop
vertex -25.26293097599524 29.45 -20.500226930080085
vertex -25.13142983755622 30.4 -20.316717303917628
vertex -25.26293097599524 30.4 -20.500226930080085
endloop
endfacet
facet normal -0.0 1.0 0.0
outer loop
vertex -25.68002118273699 29.45 -19.187526689992744
vertex -25.633481725591782 29.45 -19.034106660501173
vertex -25.56048160490641 29.45 -20.839518395093588
endloop
endfacet
facet normal -0.0 1.0 0.0
outer loop
vertex -25.633481725591782 29.45 -19.034106660501173
vertex -25.597076063012086 29.45 -18.877971288939513
vertex -25.56048160490641 29.45 -20.839518395093588
endloop
endfacet
facet normal 0.0 1.0 -0.0
outer loop
vertex -25.56048160490641 29.45 -20.839518395093588
vertex -25.597076063012086 29.45 -18.877971288939513
vertex -25.570960089634163 29.45 -18.719789170939126
endloop
endfacet
facet normal 0.0 0.9999999999999999 -0.0
outer loop
vertex -25.406152664197528 29.45 -20.674743062095235
vertex -25.570960089634163 29.45 -18.719789170939126
vertex -25.555245638065422 29.45 -18.560237666613848
endloop
endfacet
facet normal 0.0 1.0 -0.0
outer loop
vertex -25.406152664197528 29.45 -20.674743062095235
vertex -25.555245638065422 29.45 -18.560237666613848
vertex -25.55 29.45 -18.4
endloop
endfacet
facet normal 0.0 1.0 0.0
outer loop
vertex -25.406152664197528 29.45 -20.674743062095235
vertex -25.55 29.45 -18.4
vertex -25.555245638065422 29.45 -18.23976233338615
endloop
endfacet
facet normal 0.0 1.0 0.0
outer loop
vertex -25.406152664197528 29.45 -20.674743062095235
vertex -25.555245638065422 29.45 -18.23976233338615
vertex -25.56048160490641 29.45 -15.960481604906409
endloop
endfacet
facet normal 0.0 1.0 -0.0
outer loop
vertex -25.555245638065422 29.45 -18.23976233338615
vertex -25.570960089634163 29.45 -18.08021082906087
vertex -25.56048160490641 29.45 -15.960481604906409
endloop
endfacet
facet normal -0.0 1.0 -0.0
outer loop
vertex -25.406152664197528 29.45 -20.674743062095235
vertex -25.56048160490641 29.45 -15.960481604906409
vertex -25.406152664197528 29.45 -16.125256937904762
endloop
endfacet
facet normal -0.0 1.0 0.0
outer loop
vertex -25.406152664197528 29.45 -20.674743062095235
vertex -25.406152664197528 29.45 -16.125256937904762
vertex -25.26293097599524 29.45 -20.500226930080085
endloop
endfacet
facet normal -0.0 1.0 0.0
outer loop
vertex -25.26293097599524 29.45 -20.500226930080085
vertex -25.26293097599524 29.45 -16.29977306991991
vertex -25.13142983755622 29.45 -20.316717303917628
endloop
endfacet
facet normal -0.0 1.0 -0.0
outer loop
vertex -25.26293097599524 29.45 -20.500226930080085
vertex -25.406152664197528 29.45 -16.125256937904762
vertex -25.26293097599524 29.45 -16.29977306991991
endloop
endfacet
facet normal -0.0 1.0 -0.0
outer loop
vertex -25.13142983755622 29.45 -20.316717303917628
vertex -25.26293097599524 29.45 -16.29977306991991
vertex -25.13142983755622 29.45 -16.48328269608237
endloop
endfacet
facet normal -0.0 1.0 0.0
outer loop
vertex -26.157992471676504 29.45 -16.78460275300483
vertex -26.08328269608237 29.45 -15.531429837556217
vertex -26.056284316286472 29.45 -16.90853449892863
endloop
endfacet
facet normal -0.0 1.0 -0.0
outer loop
vertex -26.056284316286472 29.45 -16.90853449892863
vertex -26.08328269608237 29.45 -15.531429837556217
vertex -25.962899449858764 29.45 -17.038852929101974
endloop
endfacet
facet normal -0.0 1.0 -0.0
outer loop
vertex -25.962899449858764 29.45 -17.038852929101974
vertex -26.08328269608237 29.45 -15.531429837556217
vertex -25.899773069919913 29.45 -15.662930975995238
endloop
endfacet
facet normal -0.0 1.0 0.0
outer loop
vertex -25.962899449858764 29.45 -17.038852929101974
vertex -25.899773069919913 29.45 -15.662930975995238
vertex -25.878237760728126 29.45 -17.174999999999997
endloop
endfacet
facet normal -0.5824776968678053 0.0 -0.8128466845916128
outer loop
vertex -26.08328269608237 29.45 -15.531429837556217
vertex -26.08328269608237 30.4 -15.531429837556217
vertex -25.899773069919913 29.45 -15.662930975995238
endloop
endfacet
facet normal -0.5824776968678053 0.0 -0.8128466845916128
outer loop
vertex -25.899773069919913 29.45 -15.662930975995238
vertex -26.08328269608237 30.4 -15.531429837556217
vertex -25.899773069919913 30.4 -15.662930975995238
endloop
endfacet
facet normal -0.0 1.0 -0.0
outer loop
vertex -25.878237760728126 29.45 -17.174999999999997
vertex -25.899773069919913 29.45 -15.662930975995238
vertex -25.802661783244915 29.45 -17.316392708963445
endloop
endfacet
facet normal 0.0 1.0 -0.0
outer loop
vertex -25.736495145347348 29.45 -17.46242559070553
vertex -25.802661783244915 29.45 -17.316392708963445
vertex -25.725256937904764 29.45 -15.806152664197526
endloop
endfacet
facet normal 0.0 1.0 0.0
outer loop
vertex -25.899773069919913 29.45 -15.662930975995238
vertex -25.725256937904764 29.45 -15.806152664197526
vertex -25.802661783244915 29.45 -17.316392708963445
endloop
endfacet
facet normal -0.0 1.0 0.0
outer loop
vertex -25.736495145347348 29.45 -17.46242559070553
vertex -25.725256937904764 29.45 -15.806152664197526
vertex -25.68002118273699 29.45 -17.612473310007253
endloop
endfacet
facet normal -0.0 1.0 -0.0
outer loop
vertex -25.68002118273699 29.45 -17.612473310007253
vertex -25.725256937904764 29.45 -15.806152664197526
vertex -25.633481725591782 29.45 -17.765893339498824
endloop
endfacet
facet normal -0.0 1.0 -0.0
outer loop
vertex -25.633481725591782 29.45 -17.765893339498824
vertex -25.725256937904764 29.45 -15.806152664197526
vertex -25.56048160490641 29.45 -15.960481604906409
endloop
endfacet
facet normal -0.6343932841636473 0.0 -0.7730104533627353
outer loop
vertex -25.899773069919913 29.45 -15.662930975995238
vertex -25.899773069919913 30.4 -15.662930975995238
vertex -25.725256937904764 29.45 -15.806152664197526
endloop
endfacet
facet normal -0.683592302022867 0.0 -0.7298640726978396
outer loop
vertex -25.725256937904764 29.45 -15.806152664197526
vertex -25.725256937904764 30.4 -15.806152664197526
vertex -25.56048160490641 29.45 -15.960481604906409
endloop
endfacet
facet normal -0.6343932841636473 0.0 -0.7730104533627353
outer loop
vertex -25.725256937904764 29.45 -15.806152664197526
vertex -25.899773069919913 30.4 -15.662930975995238
vertex -25.725256937904764 30.4 -15.806152664197526
endloop
endfacet
facet normal -0.0 1.0 0.0
outer loop
vertex -25.633481725591782 29.45 -17.765893339498824
vertex -25.56048160490641 29.45 -15.960481604906409
vertex -25.597076063012086 29.45 -17.922028711060484
endloop
endfacet
facet normal 0.0 1.0 -0.0
outer loop
vertex -25.570960089634163 29.45 -18.08021082906087
vertex -25.597076063012086 29.45 -17.922028711060484
vertex -25.56048160490641 29.45 -15.960481604906409
endloop
endfacet
facet normal -0.7298640726978396 0.0 -0.683592302022867
outer loop
vertex -25.56048160490641 29.45 -15.960481604906409
vertex -25.56048160490641 30.4 -15.960481604906409
vertex -25.406152664197528 29.45 -16.125256937904762
endloop
endfacet
facet normal -0.7298640726978396 0.0 -0.683592302022867
outer loop
vertex -25.406152664197528 29.45 -16.125256937904762
vertex -25.56048160490641 30.4 -15.960481604906409
vertex -25.406152664197528 30.4 -16.125256937904762
endloop
endfacet
facet normal -0.683592302022867 0.0 -0.7298640726978396
outer loop
vertex -25.56048160490641 29.45 -15.960481604906409
vertex -25.725256937904764 30.4 -15.806152664197526
vertex -25.56048160490641 30.4 -15.960481604906409
endloop
endfacet
facet normal -0.7730104533627353 0.0 -0.6343932841636473
outer loop
vertex -25.406152664197528 29.45 -16.125256937904762
vertex -25.406152664197528 30.4 -16.125256937904762
vertex -25.26293097599524 29.45 -16.29977306991991
endloop
endfacet
facet normal -0.8128466845916128 0.0 -0.5824776968678053
outer loop
vertex -25.13142983755622 29.45 -16.48328269608237
vertex -25.26293097599524 29.45 -16.29977306991991
vertex -25.26293097599524 30.4 -16.29977306991991
endloop
endfacet
facet normal -0.7730104533627353 0.0 -0.6343932841636473
outer loop
vertex -25.26293097599524 29.45 -16.29977306991991
vertex -25.406152664197528 30.4 -16.125256937904762
vertex -25.26293097599524 30.4 -16.29977306991991
endloop
endfacet
facet normal -0.8128466845916128 0.0 -0.5824776968678053
outer loop
vertex -25.13142983755622 29.45 -16.48328269608237
vertex -25.26293097599524 30.4 -16.29977306991991
vertex -25.13142983755622 30.4 -16.48328269608237
endloop
endfacet
facet normal -0.8492021815265761 0.0 0.5280678506503726
outer loop
vertex -25.13142983755622 29.45 -20.316717303917628
vertex -25.012212356943685 29.45 -20.125
vertex -25.012212356943685 30.4 -20.125
endloop
endfacet
facet normal -0.8492021815265761 0.0 0.5280678506503726
outer loop
vertex -25.13142983755622 29.45 -20.316717303917628
vertex -25.012212356943685 30.4 -20.125
vertex -25.13142983755622 30.4 -20.316717303917628
endloop
endfacet
facet normal -0.8819212643483582 0.0 0.47139673682599204
outer loop
vertex -25.012212356943685 29.45 -20.125
vertex -24.905789041712225 30.4 -19.925895981255554
vertex -25.012212356943685 30.4 -20.125
endloop
endfacet
facet normal -0.0 0.9999999999999999 0.0
outer loop
vertex -25.13142983755622 29.45 -20.316717303917628
vertex -25.13142983755622 29.45 -16.48328269608237
vertex -25.012212356943685 29.45 -20.125
endloop
endfacet
facet normal -0.0 1.0 0.0
outer loop
vertex -25.012212356943685 29.45 -20.125
vertex -25.012212356943685 29.45 -16.674999999999997
vertex -24.905789041712225 29.45 -19.925895981255554
endloop
endfacet
facet normal -0.8819212643483582 0.0 0.47139673682599204
outer loop
vertex -25.012212356943685 29.45 -20.125
vertex -24.905789041712225 29.45 -19.925895981255554
vertex -24.905789041712225 30.4 -19.925895981255554
endloop
endfacet
facet normal -0.0 1.0 -0.0
outer loop
vertex -25.012212356943685 29.45 -20.125
vertex -25.13142983755622 29.45 -16.48328269608237
vertex -25.012212356943685 29.45 -16.674999999999997
endloop
endfacet
facet normal -0.0 1.0 -0.0
outer loop
vertex -24.905789041712225 29.45 -19.925895981255554
vertex -25.012212356943685 29.45 -16.674999999999997
vertex -24.905789041712225 29.45 -16.874104018744443
endloop
endfacet
facet normal -0.0 1.0 0.0
outer loop
vertex -24.905789041712225 29.45 -19.925895981255554
vertex -24.905789041712225 29.45 -16.874104018744443
vertex -24.812615612836062 29.45 -19.72025784165956
endloop
endfacet
facet normal -0.9108638249211777 0.0 0.4127070298043908
outer loop
vertex -24.905789041712225 29.45 -19.925895981255554
vertex -24.812615612836062 29.45 -19.72025784165956
vertex -24.812615612836062 30.4 -19.72025784165956
endloop
endfacet
facet normal -0.0 1.0 0.0
outer loop
vertex -24.812615612836062 29.45 -19.72025784165956
vertex -24.812615612836062 29.45 -17.079742158340437
vertex -24.733091053241886 29.45 -19.508966155295905
endloop
endfacet
facet normal -0.0 1.0 0.0
outer loop
vertex -24.733091053241886 29.45 -19.508966155295905
vertex -24.733091053241886 29.45 -17.291033844704092
vertex -24.667555899302712 29.45 -19.292925705603697
endloop
endfacet
facet normal -0.9359059267573254 0.0 0.35225004792123443
outer loop
vertex -24.812615612836062 29.45 -19.72025784165956
vertex -24.733091053241886 29.45 -19.508966155295905
vertex -24.733091053241886 30.4 -19.508966155295905
endloop
endfacet
facet normal -0.9569403357322055 0.0 0.29028467725447366
outer loop
vertex -24.733091053241886 29.45 -19.508966155295905
vertex -24.667555899302712 29.45 -19.292925705603697
vertex -24.667555899302712 30.4 -19.292925705603697
endloop
endfacet
facet normal -0.0 1.0 -0.0
outer loop
vertex -24.812615612836062 29.45 -19.72025784165956
vertex -24.905789041712225 29.45 -16.874104018744443
vertex -24.812615612836062 29.45 -17.079742158340437
endloop
endfacet
facet normal -0.0 1.0 -0.0
outer loop
vertex -24.667555899302712 29.45 -19.292925705603697
vertex -24.733091053241886 29.45 -17.291033844704092
vertex -24.667555899302712 29.45 -17.5070742943963
endloop
endfacet
facet normal -0.0 1.0 -0.0
outer loop
vertex -24.733091053241886 29.45 -19.508966155295905
vertex -24.812615612836062 29.45 -17.079742158340437
vertex -24.733091053241886 29.45 -17.291033844704092
endloop
endfacet
facet normal -0.9569403357322055 0.0 -0.29028467725447366
outer loop
vertex -24.667555899302712 29.45 -17.5070742943963
vertex -24.733091053241886 29.45 -17.291033844704092
vertex -24.733091053241886 30.4 -17.291033844704092
endloop
endfacet
facet normal -0.9108638249211777 0.0 0.4127070298043908
outer loop
vertex -24.905789041712225 29.45 -19.925895981255554
vertex -24.812615612836062 30.4 -19.72025784165956
vertex -24.905789041712225 30.4 -19.925895981255554
endloop
endfacet
facet normal -0.9359059267573254 0.0 0.35225004792123443
outer loop
vertex -24.812615612836062 29.45 -19.72025784165956
vertex -24.733091053241886 30.4 -19.508966155295905
vertex -24.812615612836062 30.4 -19.72025784165956
endloop
endfacet
facet normal -0.9569403357322055 0.0 0.29028467725447366
outer loop
vertex -24.733091053241886 29.45 -19.508966155295905
vertex -24.667555899302712 30.4 -19.292925705603697
vertex -24.733091053241886 30.4 -19.508966155295905
endloop
endfacet
facet normal -0.9569403357322055 0.0 -0.29028467725447366
outer loop
vertex -24.667555899302712 29.45 -17.5070742943963
vertex -24.733091053241886 30.4 -17.291033844704092
vertex -24.667555899302712 30.4 -17.5070742943963
endloop
endfacet
facet normal -0.9738769792773345 0.0 0.22707626303436915
outer loop
vertex -24.667555899302712 29.45 -19.292925705603697
vertex -24.616290782608854 29.45 -19.07306161095564
vertex -24.616290782608854 30.4 -19.07306161095564
endloop
endfacet
facet normal -0.986643332084881 0.0 0.16289547339457697
outer loop
vertex -24.616290782608854 29.45 -19.07306161095564
vertex -24.579515228260355 29.45 -18.850315363159176
vertex -24.579515228260355 30.4 -18.850315363159176
endloop
endfacet
facet normal -0.995184726672197 0.0 0.09801714032956044
outer loop
vertex -24.579515228260355 29.45 -18.850315363159176
vertex -24.55738671482682 29.45 -18.625640795843992
vertex -24.55738671482682 30.4 -18.625640795843992
endloop
endfacet
facet normal -0.0 1.0 0.0
outer loop
vertex -24.667555899302712 29.45 -19.292925705603697
vertex -24.667555899302712 29.45 -17.5070742943963
vertex -24.616290782608854 29.45 -19.07306161095564
endloop
endfacet
facet normal -0.0 1.0 -0.0
outer loop
vertex -24.616290782608854 29.45 -19.07306161095564
vertex -24.667555899302712 29.45 -17.5070742943963
vertex -24.616290782608854 29.45 -17.726938389044356
endloop
endfacet
facet normal -0.0 1.0 0.0
outer loop
vertex -24.616290782608854 29.45 -19.07306161095564
vertex -24.616290782608854 29.45 -17.726938389044356
vertex -24.579515228260355 29.45 -18.850315363159176
endloop
endfacet
facet normal -0.0 1.0 0.0
outer loop
vertex -24.579515228260355 29.45 -18.850315363159176
vertex -24.579515228260355 29.45 -17.94968463684082
vertex -24.55738671482682 29.45 -18.625640795843992
endloop
endfacet
facet normal -0.0 1.0 -0.0
outer loop
vertex -24.579515228260355 29.45 -18.850315363159176
vertex -24.616290782608854 29.45 -17.726938389044356
vertex -24.579515228260355 29.45 -17.94968463684082
endloop
endfacet
facet normal -0.0 1.0 -0.0
outer loop
vertex -24.55738671482682 29.45 -18.625640795843992
vertex -24.579515228260355 29.45 -17.94968463684082
vertex -24.55738671482682 29.45 -18.174359204156005
endloop
endfacet
facet normal -0.9738769792773345 0.0 -0.22707626303436915
outer loop
vertex -24.616290782608854 29.45 -17.726938389044356
vertex -24.667555899302712 29.45 -17.5070742943963
vertex -24.667555899302712 30.4 -17.5070742943963
endloop
endfacet
facet normal -0.986643332084881 0.0 -0.16289547339457697
outer loop
vertex -24.616290782608854 29.45 -17.726938389044356
vertex -24.616290782608854 30.4 -17.726938389044356
vertex -24.579515228260355 29.45 -17.94968463684082
endloop
endfacet
facet normal -0.995184726672197 0.0 -0.09801714032956044
outer loop
vertex -24.55738671482682 29.45 -18.174359204156005
vertex -24.579515228260355 29.45 -17.94968463684082
vertex -24.579515228260355 30.4 -17.94968463684082
endloop
endfacet
facet normal -0.0 1.0 0.0
outer loop
vertex -24.55738671482682 29.45 -18.625640795843992
vertex -24.55738671482682 29.45 -18.174359204156005
vertex -24.55 29.45 -18.4
endloop
endfacet
facet normal -0.9994645874763656 0.0 0.032719082821778864
outer loop
vertex -24.55738671482682 29.45 -18.625640795843992
vertex -24.55 29.45 -18.4
vertex -24.55 30.4 -18.4
endloop
endfacet
facet normal -0.9994645874763656 0.0 -0.032719082821778864
outer loop
vertex -24.55 29.45 -18.4
vertex -24.55738671482682 29.45 -18.174359204156005
vertex -24.55738671482682 30.4 -18.174359204156005
endloop
endfacet
facet normal -0.9738769792773345 0.0 0.22707626303436915
outer loop
vertex -24.667555899302712 29.45 -19.292925705603697
vertex -24.616290782608854 30.4 -19.07306161095564
vertex -24.667555899302712 30.4 -19.292925705603697
endloop
endfacet
facet normal -0.986643332084881 0.0 0.16289547339457697
outer loop
vertex -24.616290782608854 29.45 -19.07306161095564
vertex -24.579515228260355 30.4 -18.850315363159176
vertex -24.616290782608854 30.4 -19.07306161095564
endloop
endfacet
facet normal -0.995184726672197 0.0 0.09801714032956044
outer loop
vertex -24.579515228260355 29.45 -18.850315363159176
vertex -24.55738671482682 30.4 -18.625640795843992
vertex -24.579515228260355 30.4 -18.850315363159176
endloop
endfacet
facet normal -0.995184726672197 0.0 -0.09801714032956044
outer loop
vertex -24.55738671482682 29.45 -18.174359204156005
vertex -24.579515228260355 30.4 -17.94968463684082
vertex -24.55738671482682 30.4 -18.174359204156005
endloop
endfacet
facet normal -0.9738769792773345 0.0 -0.22707626303436915
outer loop
vertex -24.616290782608854 29.45 -17.726938389044356
vertex -24.667555899302712 30.4 -17.5070742943963
vertex -24.616290782608854 30.4 -17.726938389044356
endloop
endfacet
facet normal -0.986643332084881 0.0 -0.16289547339457697
outer loop
vertex -24.579515228260355 29.45 -17.94968463684082
vertex -24.616290782608854 30.4 -17.726938389044356
vertex -24.579515228260355 30.4 -17.94968463684082
endloop
endfacet
facet normal -0.9994645874763656 0.0 0.032719082821778864
outer loop
vertex -24.55738671482682 29.45 -18.625640795843992
vertex -24.55 30.4 -18.4
vertex -24.55738671482682 30.4 -18.625640795843992
endloop
endfacet
facet normal -0.9994645874763656 0.0 -0.032719082821778864
outer loop
vertex -24.55 29.45 -18.4
vertex -24.55738671482682 30.4 -18.174359204156005
vertex -24.55 30.4 -18.4
endloop
endfacet
facet normal -0.8492021815265761 0.0 -0.5280678506503726
outer loop
vertex -25.13142983755622 29.45 -16.48328269608237
vertex -25.13142983755622 30.4 -16.48328269608237
vertex -25.012212356943685 29.45 -16.674999999999997
endloop
endfacet
facet normal -0.8819212643483582 0.0 -0.47139673682599204
outer loop
vertex -25.012212356943685 29.45 -16.674999999999997
vertex -25.012212356943685 30.4 -16.674999999999997
vertex -24.905789041712225 29.45 -16.874104018744443
endloop
endfacet
facet normal -0.8492021815265761 0.0 -0.5280678506503726
outer loop
vertex -25.012212356943685 29.45 -16.674999999999997
vertex -25.13142983755622 30.4 -16.48328269608237
vertex -25.012212356943685 30.4 -16.674999999999997
endloop
endfacet
facet normal -0.8819212643483582 0.0 -0.47139673682599204
outer loop
vertex -24.905789041712225 29.45 -16.874104018744443
vertex -25.012212356943685 30.4 -16.674999999999997
vertex -24.905789041712225 30.4 -16.874104018744443
endloop
endfacet
facet normal -0.9108638249211777 0.0 -0.4127070298043908
outer loop
vertex -24.905789041712225 29.45 -16.874104018744443
vertex -24.905789041712225 30.4 -16.874104018744443
vertex -24.812615612836062 29.45 -17.079742158340437
endloop
endfacet
facet normal -0.9359059267573254 0.0 -0.35225004792123443
outer loop
vertex -24.812615612836062 29.45 -17.079742158340437
vertex -24.812615612836062 30.4 -17.079742158340437
vertex -24.733091053241886 29.45 -17.291033844704092
endloop
endfacet
facet normal -0.9108638249211777 0.0 -0.4127070298043908
outer loop
vertex -24.812615612836062 29.45 -17.079742158340437
vertex -24.905789041712225 30.4 -16.874104018744443
vertex -24.812615612836062 30.4 -17.079742158340437
endloop
endfacet
facet normal -0.9359059267573254 0.0 -0.35225004792123443
outer loop
vertex -24.733091053241886 29.45 -17.291033844704092
vertex -24.812615612836062 30.4 -17.079742158340437
vertex -24.733091053241886 30.4 -17.291033844704092
endloop
endfacet
facet normal 0.0 1.0 0.0
outer loop
vertex -29.885649153109327 22.3 8.437780226668751
vertex -29.712411612272263 22.3 8.267588384449482
vertex -29.73241161390704 22.3 8.267588386092958
endloop
endfacet
facet normal 0.0 1.0 0.0
outer loop
vertex -29.73241161390704 22.3 8.267588386092958
vertex -29.712411612272263 22.3 8.267588384449482
vertex -29.61539724699517 22.3 8.157992471676506
endloop
endfacet
facet normal -0.0 1.0 0.0
outer loop
vertex -29.491465501071367 22.3 8.056284316286474
vertex -29.491465501071367 22.3 11.943715683713526
vertex -29.361147070898024 22.3 7.962899449858764
endloop
endfacet
facet normal -0.0 1.0 0.0
outer loop
vertex -29.361147070898024 22.3 7.962899449858764
vertex -29.361147070898024 22.3 12.037100550141236
vertex -29.225 22.3 7.878237760728124
endloop
endfacet
facet normal -0.0 1.0 0.0
outer loop
vertex -29.225 22.3 7.878237760728124
vertex -29.225 22.3 12.121762239271876
vertex -29.083607291036554 22.3 7.802661783244913
endloop
endfacet
facet normal -0.0 1.0 0.0
outer loop
vertex -29.083607291036554 22.3 7.802661783244913
vertex -29.083607291036554 22.3 12.197338216755087
vertex -28.93757440929447 22.3 7.736495145347347
endloop
endfacet
facet normal 0.7431532552647053 0.0 0.6691212440129755
outer loop
vertex -29.885649153109327 22.3 8.437780226668751
vertex -29.73241161390704 22.3 8.267588386092958
vertex -29.885649153109327 29.45 8.437780226668751
endloop
endfacet
facet normal 0.6835923020228747 0.0 0.7298640726978325
outer loop
vertex -29.73241161390704 22.3 8.267588386092958
vertex -29.61539724699517 22.3 8.157992471676506
vertex -29.73241161390704 29.45 8.267588386092958
endloop
endfacet
facet normal 0.6343932841636514 0.0 0.7730104533627321
outer loop
vertex -29.61539724699517 22.3 8.157992471676506
vertex -29.491465501071367 22.3 8.056284316286474
vertex -29.61539724699517 29.45 8.157992471676506
endloop
endfacet
facet normal 0.5824776968677963 0.0 0.8128466845916195
outer loop
vertex -29.491465501071367 22.3 8.056284316286474
vertex -29.361147070898024 22.3 7.962899449858764
vertex -29.491465501071367 29.45 8.056284316286474
endloop
endfacet
facet normal 0.5280678506503775 0.0 0.849202181526573
outer loop
vertex -29.361147070898024 22.3 7.962899449858764
vertex -29.225 22.3 7.878237760728124
vertex -29.361147070898024 29.45 7.962899449858764
endloop
endfacet
facet normal 0.4713967368259944 0.0 0.8819212643483567
outer loop
vertex -29.225 22.3 7.878237760728124
vertex -29.083607291036554 22.3 7.802661783244913
vertex -29.225 29.45 7.878237760728124
endloop
endfacet
facet normal 0.41270702980439156 0.0 0.9108638249211772
outer loop
vertex -29.083607291036554 22.3 7.802661783244913
vertex -28.93757440929447 22.3 7.736495145347347
vertex -29.083607291036554 29.45 7.802661783244913
endloop
endfacet
facet normal -0.0 1.0 0.0
outer loop
vertex -28.93757440929447 22.3 7.736495145347347
vertex -28.93757440929447 22.3 12.263504854652652
vertex -28.787526689992745 22.3 7.680021182736991
endloop
endfacet
facet normal -0.0 1.0 0.0
outer loop
vertex -28.787526689992745 22.3 7.680021182736991
vertex -28.787526689992745 22.3 12.31997881726301
vertex -28.634106660501175 22.3 7.633481725591782
endloop
endfacet
facet normal -0.0 1.0 0.0
outer loop
vertex -28.634106660501175 22.3 7.633481725591782
vertex -28.634106660501175 22.3 12.366518274408218
vertex -28.477971288939514 22.3 7.597076063012086
endloop
endfacet
facet normal -0.0 1.0 0.0
outer loop
vertex -28.477971288939514 22.3 7.597076063012086
vertex -28.477971288939514 22.3 12.402923936987914
vertex -28.319789170939128 22.3 7.5709600896341644
endloop
endfacet
facet normal -0.0 1.0 0.0
outer loop
vertex -28.319789170939128 22.3 7.5709600896341644
vertex -28.319789170939128 22.3 12.429039910365836
vertex -28.16023766661385 22.3 7.555245638065421
endloop
endfacet
facet normal -0.0 1.0 0.0
outer loop
vertex -28.16023766661385 22.3 7.555245638065421
vertex -28.16023766661385 22.3 12.444754361934578
vertex -28.0 22.3 7.55
endloop
endfacet
facet normal 0.35225004792123216 0.0 0.9359059267573262
outer loop
vertex -28.93757440929447 22.3 7.736495145347347
vertex -28.787526689992745 22.3 7.680021182736991
vertex -28.93757440929447 29.45 7.736495145347347
endloop
endfacet
facet normal 0.29028467725446405 0.0 0.9569403357322084
outer loop
vertex -28.787526689992745 22.3 7.680021182736991
vertex -28.634106660501175 22.3 7.633481725591782
vertex -28.787526689992745 29.45 7.680021182736991
endloop
endfacet
facet normal 0.22707626303436856 0.0 0.9738769792773346
outer loop
vertex -28.634106660501175 22.3 7.633481725591782
vertex -28.477971288939514 22.3 7.597076063012086
vertex -28.634106660501175 29.45 7.633481725591782
endloop
endfacet
facet normal 0.16289547339459237 0.0 0.9866433320848784
outer loop
vertex -28.477971288939514 22.3 7.597076063012086
vertex -28.319789170939128 22.3 7.5709600896341644
vertex -28.477971288939514 29.45 7.597076063012086
endloop
endfacet
facet normal 0.09801714032956008 0.0 0.9951847266721969
outer loop
vertex -28.319789170939128 22.3 7.5709600896341644
vertex -28.16023766661385 22.3 7.555245638065421
vertex -28.319789170939128 29.45 7.5709600896341644
endloop
endfacet
facet normal 0.032719082821775984 0.0 0.9994645874763657
outer loop
vertex -28.16023766661385 22.3 7.555245638065421
vertex -28.0 22.3 7.55
vertex -28.16023766661385 29.45 7.555245638065421
endloop
endfacet
facet normal 0.0 1.0 0.0
outer loop
vertex -29.712411612272263 22.3 8.267588384449482
vertex -29.712411612272263 22.3 11.732411615550518
vertex -29.61539724699517 22.3 11.842007528323494
endloop
endfacet
facet normal 0.0 1.0 0.0
outer loop
vertex -29.885649153109327 22.3 11.562219773331249
vertex -29.73241161390704 22.3 11.732411613907042
vertex -29.712411612272263 22.3 11.732411615550518
endloop
endfacet
facet normal -0.0 1.0 0.0
outer loop
vertex -29.73241161390704 22.3 11.732411613907042
vertex -29.61539724699517 22.3 11.842007528323494
vertex -29.712411612272263 22.3 11.732411615550518
endloop
endfacet
facet normal -0.0 1.0 0.0
outer loop
vertex -29.712411612272263 22.3 8.267588384449482
vertex -29.61539724699517 22.3 11.842007528323494
vertex -29.61539724699517 22.3 8.157992471676506
endloop
endfacet
facet normal -0.0 1.0 0.0
outer loop
vertex -29.61539724699517 22.3 8.157992471676506
vertex -29.61539724699517 22.3 11.842007528323494
vertex -29.491465501071367 22.3 8.056284316286474
endloop
endfacet
facet normal 0.0 1.0 -0.0
outer loop
vertex -29.491465501071367 22.3 8.056284316286474
vertex -29.61539724699517 22.3 11.842007528323494
vertex -29.491465501071367 22.3 11.943715683713526
endloop
endfacet
facet normal 0.0 1.0 -0.0
outer loop
vertex -29.361147070898024 22.3 7.962899449858764
vertex -29.491465501071367 22.3 11.943715683713526
vertex -29.361147070898024 22.3 12.037100550141236
endloop
endfacet
facet normal 0.0 1.0 -0.0
outer loop
vertex -29.225 22.3 7.878237760728124
vertex -29.361147070898024 22.3 12.037100550141236
vertex -29.225 22.3 12.121762239271876
endloop
endfacet
facet normal 0.0 1.0 -0.0
outer loop
vertex -29.083607291036554 22.3 7.802661783244913
vertex -29.225 22.3 12.121762239271876
vertex -29.083607291036554 22.3 12.197338216755087
endloop
endfacet
facet normal 0.0 1.0 -0.0
outer loop
vertex -28.93757440929447 22.3 7.736495145347347
vertex -29.083607291036554 22.3 12.197338216755087
vertex -28.93757440929447 22.3 12.263504854652652
endloop
endfacet
facet normal 0.7431532552647053 0.0 -0.6691212440129755
outer loop
vertex -29.885649153109327 22.3 11.562219773331249
vertex -29.73241161390704 29.45 11.732411613907042
vertex -29.73241161390704 22.3 11.732411613907042
endloop
endfacet
facet normal 0.6835923020228747 0.0 -0.7298640726978325
outer loop
vertex -29.73241161390704 22.3 11.732411613907042
vertex -29.61539724699517 29.45 11.842007528323494
vertex -29.61539724699517 22.3 11.842007528323494
endloop
endfacet
facet normal 0.6343932841636514 0.0 -0.7730104533627321
outer loop
vertex -29.61539724699517 22.3 11.842007528323494
vertex -29.491465501071367 29.45 11.943715683713526
vertex -29.491465501071367 22.3 11.943715683713526
endloop
endfacet
facet normal 0.5824776968677963 0.0 -0.8128466845916195
outer loop
vertex -29.491465501071367 22.3 11.943715683713526
vertex -29.361147070898024 29.45 12.037100550141236
vertex -29.361147070898024 22.3 12.037100550141236
endloop
endfacet
facet normal 0.5280678506503775 0.0 -0.849202181526573
outer loop
vertex -29.361147070898024 22.3 12.037100550141236
vertex -29.225 29.45 12.121762239271876
vertex -29.225 22.3 12.121762239271876
endloop
endfacet
facet normal 0.4713967368259944 0.0 -0.8819212643483567
outer loop
vertex -29.225 22.3 12.121762239271876
vertex -29.083607291036554 29.45 12.197338216755087
vertex -29.083607291036554 22.3 12.197338216755087
endloop
endfacet
facet normal 0.41270702980438695 0.0 -0.9108638249211792
outer loop
vertex -29.083607291036554 22.3 12.197338216755087
vertex -28.93757440929447 29.45 12.263504854652652
vertex -28.93757440929447 22.3 12.263504854652652
endloop
endfacet
facet normal 0.0 1.0 -0.0
outer loop
vertex -28.787526689992745 22.3 7.680021182736991
vertex -28.93757440929447 22.3 12.263504854652652
vertex -28.787526689992745 22.3 12.31997881726301
endloop
endfacet
facet normal -0.0 1.0 0.0
outer loop
vertex -28.787526689992745 22.3 12.31997881726301
vertex -28.634106660501175 22.3 12.366518274408218
vertex -28.634106660501175 22.3 7.633481725591782
endloop
endfacet
facet normal 0.0 0.9999999999999999 -0.0
outer loop
vertex -28.477971288939514 22.3 7.597076063012086
vertex -28.634106660501175 22.3 12.366518274408218
vertex -28.477971288939514 22.3 12.402923936987914
endloop
endfacet
facet normal 0.0 1.0 -0.0
outer loop
vertex -28.319789170939128 22.3 7.5709600896341644
vertex -28.477971288939514 22.3 12.402923936987914
vertex -28.319789170939128 22.3 12.429039910365836
endloop
endfacet
facet normal 0.0 1.0 -0.0
outer loop
vertex -28.16023766661385 22.3 7.555245638065421
vertex -28.319789170939128 22.3 12.429039910365836
vertex -28.16023766661385 22.3 12.444754361934578
endloop
endfacet
facet normal 0.0 1.0 -0.0
outer loop
vertex -28.0 22.3 7.55
vertex -28.16023766661385 22.3 12.444754361934578
vertex -28.0 22.3 12.45
endloop
endfacet
facet normal 0.3522500479212419 0.0 -0.9359059267573225
outer loop
vertex -28.93757440929447 22.3 12.263504854652652
vertex -28.787526689992745 29.45 12.31997881726301
vertex -28.787526689992745 22.3 12.31997881726301
endloop
endfacet
facet normal 0.290284677254459 0.0 -0.9569403357322099
outer loop
vertex -28.787526689992745 22.3 12.31997881726301
vertex -28.634106660501175 29.45 12.366518274408218
vertex -28.634106660501175 22.3 12.366518274408218
endloop
endfacet
facet normal 0.22707626303436856 0.0 -0.9738769792773346
outer loop
vertex -28.634106660501175 22.3 12.366518274408218
vertex -28.477971288939514 29.45 12.402923936987914
vertex -28.477971288939514 22.3 12.402923936987914
endloop
endfacet
facet normal 0.16289547339459237 0.0 -0.9866433320848784
outer loop
vertex -28.477971288939514 22.3 12.402923936987914
vertex -28.319789170939128 29.45 12.429039910365836
vertex -28.319789170939128 22.3 12.429039910365836
endloop
endfacet
facet normal 0.0980171403295546 0.0 -0.9951847266721976
outer loop
vertex -28.319789170939128 22.3 12.429039910365836
vertex -28.16023766661385 29.45 12.444754361934578
vertex -28.16023766661385 22.3 12.444754361934578
endloop
endfacet
facet normal 0.032719082821775984 0.0 -0.9994645874763657
outer loop
vertex -28.16023766661385 22.3 12.444754361934578
vertex -28.0 29.45 12.45
vertex -28.0 22.3 12.45
endloop
endfacet
facet normal 0.7431532552647053 -0.0 0.6691212440129755
outer loop
vertex -29.73241161390704 22.3 8.267588386092958
vertex -29.73241161390704 29.45 8.267588386092958
vertex -29.885649153109327 29.45 8.437780226668751
endloop
endfacet
facet normal 0.6835923020228747 -0.0 0.7298640726978325
outer loop
vertex -29.61539724699517 22.3 8.157992471676506
vertex -29.61539724699517 29.45 8.157992471676506
vertex -29.73241161390704 29.45 8.267588386092958
endloop
endfacet
facet normal 0.6343932841636514 -0.0 0.7730104533627321
outer loop
vertex -29.491465501071367 22.3 8.056284316286474
vertex -29.491465501071367 29.45 8.056284316286474
vertex -29.61539724699517 29.45 8.157992471676506
endloop
endfacet
facet normal 0.5280678506503775 -0.0 0.849202181526573
outer loop
vertex -29.225 22.3 7.878237760728124
vertex -29.225 29.45 7.878237760728124
vertex -29.361147070898024 29.45 7.962899449858764
endloop
endfacet
facet normal 0.5824776968677963 -0.0 0.8128466845916195
outer loop
vertex -29.361147070898024 22.3 7.962899449858764
vertex -29.361147070898024 29.45 7.962899449858764
vertex -29.491465501071367 29.45 8.056284316286474
endloop
endfacet
facet normal 0.4713967368259944 -0.0 0.8819212643483567
outer loop
vertex -29.083607291036554 22.3 7.802661783244913
vertex -29.083607291036554 29.45 7.802661783244913
vertex -29.225 29.45 7.878237760728124
endloop
endfacet
facet normal 0.41270702980439156 -0.0 0.9108638249211772
outer loop
vertex -28.93757440929447 22.3 7.736495145347347
vertex -28.93757440929447 29.45 7.736495145347347
vertex -29.083607291036554 29.45 7.802661783244913
endloop
endfacet
facet normal 0.35225004792123216 -0.0 0.9359059267573262
outer loop
vertex -28.787526689992745 22.3 7.680021182736991
vertex -28.787526689992745 29.45 7.680021182736991
vertex -28.93757440929447 29.45 7.736495145347347
endloop
endfacet
facet normal 0.29028467725446405 -0.0 0.9569403357322084
outer loop
vertex -28.787526689992745 29.45 7.680021182736991
vertex -28.634106660501175 22.3 7.633481725591782
vertex -28.634106660501175 29.45 7.633481725591782
endloop
endfacet
facet normal 0.22707626303436856 -0.0 0.9738769792773346
outer loop
vertex -28.477971288939514 22.3 7.597076063012086
vertex -28.477971288939514 29.45 7.597076063012086
vertex -28.634106660501175 29.45 7.633481725591782
endloop
endfacet
facet normal 0.16289547339459237 -0.0 0.9866433320848784
outer loop
vertex -28.319789170939128 22.3 7.5709600896341644
vertex -28.319789170939128 29.45 7.5709600896341644
vertex -28.477971288939514 29.45 7.597076063012086
endloop
endfacet
facet normal 0.09801714032956008 -0.0 0.9951847266721969
outer loop
vertex -28.16023766661385 22.3 7.555245638065421
vertex -28.16023766661385 29.45 7.555245638065421
vertex -28.319789170939128 29.45 7.5709600896341644
endloop
endfacet
facet normal 0.032719082821775984 -0.0 0.9994645874763657
outer loop
vertex -28.0 22.3 7.55
vertex -28.0 29.45 7.55
vertex -28.16023766661385 29.45 7.555245638065421
endloop
endfacet
facet normal 0.7431532552647053 0.0 -0.6691212440129755
outer loop
vertex -29.885649153109327 22.3 11.562219773331249
vertex -29.885649153109327 29.45 11.562219773331249
vertex -29.73241161390704 29.45 11.732411613907042
endloop
endfacet
facet normal 0.6835923020228747 0.0 -0.7298640726978325
outer loop
vertex -29.73241161390704 22.3 11.732411613907042
vertex -29.73241161390704 29.45 11.732411613907042
vertex -29.61539724699517 29.45 11.842007528323494
endloop
endfacet
facet normal 0.6343932841636514 0.0 -0.7730104533627321
outer loop
vertex -29.61539724699517 22.3 11.842007528323494
vertex -29.61539724699517 29.45 11.842007528323494
vertex -29.491465501071367 29.45 11.943715683713526
endloop
endfacet
facet normal 0.5824776968677963 0.0 -0.8128466845916195
outer loop
vertex -29.491465501071367 22.3 11.943715683713526
vertex -29.491465501071367 29.45 11.943715683713526
vertex -29.361147070898024 29.45 12.037100550141236
endloop
endfacet
facet normal 0.5280678506503775 0.0 -0.849202181526573
outer loop
vertex -29.361147070898024 22.3 12.037100550141236
vertex -29.361147070898024 29.45 12.037100550141236
vertex -29.225 29.45 12.121762239271876
endloop
endfacet
facet normal 0.4713967368259944 0.0 -0.8819212643483567
outer loop
vertex -29.225 22.3 12.121762239271876
vertex -29.225 29.45 12.121762239271876
vertex -29.083607291036554 29.45 12.197338216755087
endloop
endfacet
facet normal 0.41270702980438695 0.0 -0.9108638249211792
outer loop
vertex -29.083607291036554 22.3 12.197338216755087
vertex -29.083607291036554 29.45 12.197338216755087
vertex -28.93757440929447 29.45 12.263504854652652
endloop
endfacet
facet normal 0.3522500479212419 0.0 -0.9359059267573225
outer loop
vertex -28.93757440929447 22.3 12.263504854652652
vertex -28.93757440929447 29.45 12.263504854652652
vertex -28.787526689992745 29.45 12.31997881726301
endloop
endfacet
facet normal 0.290284677254459 0.0 -0.9569403357322099
outer loop
vertex -28.787526689992745 22.3 12.31997881726301
vertex -28.787526689992745 29.45 12.31997881726301
vertex -28.634106660501175 29.45 12.366518274408218
endloop
endfacet
facet normal 0.22707626303436856 0.0 -0.9738769792773346
outer loop
vertex -28.634106660501175 22.3 12.366518274408218
vertex -28.634106660501175 29.45 12.366518274408218
vertex -28.477971288939514 29.45 12.402923936987914
endloop
endfacet
facet normal 0.16289547339459237 0.0 -0.9866433320848784
outer loop
vertex -28.477971288939514 22.3 12.402923936987914
vertex -28.477971288939514 29.45 12.402923936987914
vertex -28.319789170939128 29.45 12.429039910365836
endloop
endfacet
facet normal 0.0980171403295546 0.0 -0.9951847266721976
outer loop
vertex -28.319789170939128 22.3 12.429039910365836
vertex -28.319789170939128 29.45 12.429039910365836
vertex -28.16023766661385 29.45 12.444754361934578
endloop
endfacet
facet normal 0.032719082821775984 0.0 -0.9994645874763657
outer loop
vertex -28.16023766661385 22.3 12.444754361934578
vertex -28.16023766661385 29.45 12.444754361934578
vertex -28.0 29.45 12.45
endloop
endfacet
facet normal -0.0 1.0 0.0
outer loop
vertex -28.0 22.3 7.55
vertex -28.0 22.3 12.45
vertex -27.83976233338615 22.3 7.555245638065421
endloop
endfacet
facet normal -0.0 1.0 0.0
outer loop
vertex -27.83976233338615 22.3 7.555245638065421
vertex -27.83976233338615 22.3 12.444754361934578
vertex -27.680210829060872 22.3 7.5709600896341644
endloop
endfacet
facet normal -0.0 1.0 0.0
outer loop
vertex -27.680210829060872 22.3 7.5709600896341644
vertex -27.680210829060872 22.3 12.429039910365836
vertex -27.522028711060486 22.3 7.597076063012086
endloop
endfacet
facet normal -0.0 0.9999999999999999 0.0
outer loop
vertex -27.522028711060486 22.3 7.597076063012086
vertex -27.522028711060486 22.3 12.402923936987914
vertex -27.365893339498825 22.3 7.633481725591782
endloop
endfacet
facet normal -0.0 1.0 0.0
outer loop
vertex -27.365893339498825 22.3 7.633481725591782
vertex -27.365893339498825 22.3 12.366518274408218
vertex -27.212473310007255 22.3 7.680021182736991
endloop
endfacet
facet normal -0.0 1.0 0.0
outer loop
vertex -27.212473310007255 22.3 7.680021182736991
vertex -27.212473310007255 22.3 12.31997881726301
vertex -27.06242559070553 22.3 7.736495145347347
endloop
endfacet
facet normal -0.032719082821775984 0.0 0.9994645874763657
outer loop
vertex -28.0 22.3 7.55
vertex -27.83976233338615 22.3 7.555245638065421
vertex -28.0 29.45 7.55
endloop
endfacet
facet normal -0.09801714032956008 0.0 0.9951847266721969
outer loop
vertex -27.83976233338615 22.3 7.555245638065421
vertex -27.680210829060872 22.3 7.5709600896341644
vertex -27.83976233338615 29.45 7.555245638065421
endloop
endfacet
facet normal -0.16289547339459237 0.0 0.9866433320848784
outer loop
vertex -27.680210829060872 22.3 7.5709600896341644
vertex -27.522028711060486 22.3 7.597076063012086
vertex -27.680210829060872 29.45 7.5709600896341644
endloop
endfacet
facet normal -0.22707626303436856 0.0 0.9738769792773346
outer loop
vertex -27.522028711060486 22.3 7.597076063012086
vertex -27.365893339498825 22.3 7.633481725591782
vertex -27.522028711060486 29.45 7.597076063012086
endloop
endfacet
facet normal -0.29028467725446405 0.0 0.9569403357322084
outer loop
vertex -27.365893339498825 22.3 7.633481725591782
vertex -27.212473310007255 22.3 7.680021182736991
vertex -27.365893339498825 29.45 7.633481725591782
endloop
endfacet
facet normal -0.35225004792123216 0.0 0.9359059267573262
outer loop
vertex -27.212473310007255 22.3 7.680021182736991
vertex -27.06242559070553 22.3 7.736495145347347
vertex -27.212473310007255 29.45 7.680021182736991
endloop
endfacet
facet normal -0.0 1.0 0.0
outer loop
vertex -27.06242559070553 22.3 7.736495145347347
vertex -27.06242559070553 22.3 12.263504854652652
vertex -26.916392708963446 22.3 7.802661783244913
endloop
endfacet
facet normal -0.0 1.0 0.0
outer loop
vertex -26.916392708963446 22.3 7.802661783244913
vertex -26.916392708963446 22.3 12.197338216755087
vertex -26.775 22.3 7.878237760728124
endloop
endfacet
facet normal -0.0 1.0 0.0
outer loop
vertex -26.775 22.3 7.878237760728124
vertex -26.775 22.3 12.121762239271876
vertex -26.638852929101976 22.3 7.962899449858764
endloop
endfacet
facet normal -0.41270702980439156 0.0 0.9108638249211772
outer loop
vertex -27.06242559070553 22.3 7.736495145347347
vertex -26.916392708963446 22.3 7.802661783244913
vertex -27.06242559070553 29.45 7.736495145347347
endloop
endfacet
facet normal -0.4713967368259944 0.0 0.8819212643483567
outer loop
vertex -26.916392708963446 22.3 7.802661783244913
vertex -26.775 22.3 7.878237760728124
vertex -26.916392708963446 29.45 7.802661783244913
endloop
endfacet
facet normal -0.5280678506503775 0.0 0.849202181526573
outer loop
vertex -26.775 22.3 7.878237760728124
vertex -26.638852929101976 22.3 7.962899449858764
vertex -26.775 29.45 7.878237760728124
endloop
endfacet
facet normal -0.5824776968677963 0.0 0.8128466845916195
outer loop
vertex -26.638852929101976 22.3 7.962899449858764
vertex -26.508534498928633 22.3 8.056284316286474
vertex -26.638852929101976 29.45 7.962899449858764
endloop
endfacet
facet normal -0.6343932841636514 0.0 0.7730104533627321
outer loop
vertex -26.508534498928633 22.3 8.056284316286474
vertex -26.38460275300483 22.3 8.157992471676506
vertex -26.508534498928633 29.45 8.056284316286474
endloop
endfacet
facet normal -0.6835923020228747 0.0 0.7298640726978325
outer loop
vertex -26.38460275300483 22.3 8.157992471676506
vertex -26.26758838609296 22.3 8.267588386092958
vertex -26.38460275300483 29.45 8.157992471676506
endloop
endfacet
facet normal -0.7298640726978266 0.0 0.6835923020228809
outer loop
vertex -26.26758838609296 22.3 8.267588386092958
vertex -26.157992471676504 22.3 8.384602753004831
vertex -26.26758838609296 29.45 8.267588386092958
endloop
endfacet
facet normal -0.7730104533627365 0.0 0.6343932841636459
outer loop
vertex -26.157992471676504 22.3 8.384602753004831
vertex -26.056284316286472 22.3 8.508534498928634
vertex -26.157992471676504 29.45 8.384602753004831
endloop
endfacet
facet normal -0.0 1.0 -0.0
outer loop
vertex -27.83976233338615 22.3 7.555245638065421
vertex -28.0 22.3 12.45
vertex -27.83976233338615 22.3 12.444754361934578
endloop
endfacet
facet normal 0.0 1.0 0.0
outer loop
vertex -27.83976233338615 22.3 12.444754361934578
vertex -27.680210829060872 22.3 12.429039910365836
vertex -27.680210829060872 22.3 7.5709600896341644
endloop
endfacet
facet normal -0.0 1.0 -0.0
outer loop
vertex -27.522028711060486 22.3 7.597076063012086
vertex -27.680210829060872 22.3 12.429039910365836
vertex -27.522028711060486 22.3 12.402923936987914
endloop
endfacet
facet normal -0.0 1.0 -0.0
outer loop
vertex -27.365893339498825 22.3 7.633481725591782
vertex -27.522028711060486 22.3 12.402923936987914
vertex -27.365893339498825 22.3 12.366518274408218
endloop
endfacet
facet normal -0.0 1.0 -0.0
outer loop
vertex -27.212473310007255 22.3 7.680021182736991
vertex -27.365893339498825 22.3 12.366518274408218
vertex -27.212473310007255 22.3 12.31997881726301
endloop
endfacet
facet normal -0.0 1.0 -0.0
outer loop
vertex -27.06242559070553 22.3 7.736495145347347
vertex -27.212473310007255 22.3 12.31997881726301
vertex -27.06242559070553 22.3 12.263504854652652
endloop
endfacet
facet normal -0.032719082821775984 -0.0 -0.9994645874763657
outer loop
vertex -28.0 22.3 12.45
vertex -27.83976233338615 29.45 12.444754361934578
vertex -27.83976233338615 22.3 12.444754361934578
endloop
endfacet
facet normal -0.0980171403295546 -0.0 -0.9951847266721976
outer loop
vertex -27.83976233338615 22.3 12.444754361934578
vertex -27.680210829060872 29.45 12.429039910365836
vertex -27.680210829060872 22.3 12.429039910365836
endloop
endfacet
facet normal -0.16289547339459237 -0.0 -0.9866433320848784
outer loop
vertex -27.680210829060872 22.3 12.429039910365836
vertex -27.522028711060486 29.45 12.402923936987914
vertex -27.522028711060486 22.3 12.402923936987914
endloop
endfacet
facet normal -0.22707626303436856 -0.0 -0.9738769792773346
outer loop
vertex -27.522028711060486 22.3 12.402923936987914
vertex -27.365893339498825 29.45 12.366518274408218
vertex -27.365893339498825 22.3 12.366518274408218
endloop
endfacet
facet normal -0.290284677254459 0.0 -0.9569403357322099
outer loop
vertex -27.212473310007255 22.3 12.31997881726301
vertex -27.365893339498825 22.3 12.366518274408218
vertex -27.212473310007255 29.45 12.31997881726301
endloop
endfacet
facet normal -0.3522500479212419 -0.0 -0.9359059267573225
outer loop
vertex -27.212473310007255 22.3 12.31997881726301
vertex -27.06242559070553 29.45 12.263504854652652
vertex -27.06242559070553 22.3 12.263504854652652
endloop
endfacet
facet normal -0.0 1.0 -0.0
outer loop
vertex -26.916392708963446 22.3 7.802661783244913
vertex -27.06242559070553 22.3 12.263504854652652
vertex -26.916392708963446 22.3 12.197338216755087
endloop
endfacet
facet normal -0.0 1.0 -0.0
outer loop
vertex -26.775 22.3 7.878237760728124
vertex -26.916392708963446 22.3 12.197338216755087
vertex -26.775 22.3 12.121762239271876
endloop
endfacet
facet normal -0.0 1.0 0.0
outer loop
vertex -26.638852929101976 22.3 7.962899449858764
vertex -26.638852929101976 22.3 12.037100550141236
vertex -26.508534498928633 22.3 8.056284316286474
endloop
endfacet
facet normal 0.0 1.0 0.0
outer loop
vertex -26.775 22.3 12.121762239271876
vertex -26.638852929101976 22.3 12.037100550141236
vertex -26.638852929101976 22.3 7.962899449858764
endloop
endfacet
facet normal -0.0 1.0 0.0
outer loop
vertex -26.508534498928633 22.3 8.056284316286474
vertex -26.508534498928633 22.3 11.943715683713526
vertex -26.38460275300483 22.3 8.157992471676506
endloop
endfacet
facet normal -0.0 1.0 0.0
outer loop
vertex -26.38460275300483 22.3 8.157992471676506
vertex -26.38460275300483 22.3 11.842007528323494
vertex -26.26758838609296 22.3 8.267588386092958
endloop
endfacet
facet normal -0.0 1.0 -0.0
outer loop
vertex -26.38460275300483 22.3 8.157992471676506
vertex -26.508534498928633 22.3 11.943715683713526
vertex -26.38460275300483 22.3 11.842007528323494
endloop
endfacet
facet normal -0.0 1.0 -0.0
outer loop
vertex -26.508534498928633 22.3 8.056284316286474
vertex -26.638852929101976 22.3 12.037100550141236
vertex -26.508534498928633 22.3 11.943715683713526
endloop
endfacet
facet normal -0.0 1.0 0.0
outer loop
vertex -26.26758838609296 22.3 8.267588386092958
vertex -26.26758838609296 22.3 11.732411613907042
vertex -26.157992471676504 22.3 8.384602753004831
endloop
endfacet
facet normal -0.0 1.0 -0.0
outer loop
vertex -26.26758838609296 22.3 8.267588386092958
vertex -26.38460275300483 22.3 11.842007528323494
vertex -26.26758838609296 22.3 11.732411613907042
endloop
endfacet
facet normal -0.0 1.0 0.0
outer loop
vertex -26.157992471676504 22.3 8.384602753004831
vertex -26.157992471676504 22.3 11.615397246995169
vertex -26.056284316286472 22.3 8.508534498928634
endloop
endfacet
facet normal -0.0 1.0 -0.0
outer loop
vertex -26.157992471676504 22.3 8.384602753004831
vertex -26.26758838609296 22.3 11.732411613907042
vertex -26.157992471676504 22.3 11.615397246995169
endloop
endfacet
facet normal -0.41270702980438695 -0.0 -0.9108638249211792
outer loop
vertex -27.06242559070553 22.3 12.263504854652652
vertex -26.916392708963446 29.45 12.197338216755087
vertex -26.916392708963446 22.3 12.197338216755087
endloop
endfacet
facet normal -0.4713967368259944 -0.0 -0.8819212643483567
outer loop
vertex -26.916392708963446 22.3 12.197338216755087
vertex -26.775 29.45 12.121762239271876
vertex -26.775 22.3 12.121762239271876
endloop
endfacet
facet normal -0.5280678506503775 -0.0 -0.849202181526573
outer loop
vertex -26.775 22.3 12.121762239271876
vertex -26.638852929101976 29.45 12.037100550141236
vertex -26.638852929101976 22.3 12.037100550141236
endloop
endfacet
facet normal -0.5824776968677963 -0.0 -0.8128466845916195
outer loop
vertex -26.638852929101976 22.3 12.037100550141236
vertex -26.508534498928633 29.45 11.943715683713526
vertex -26.508534498928633 22.3 11.943715683713526
endloop
endfacet
facet normal -0.6343932841636514 -0.0 -0.7730104533627321
outer loop
vertex -26.508534498928633 22.3 11.943715683713526
vertex -26.38460275300483 29.45 11.842007528323494
vertex -26.38460275300483 22.3 11.842007528323494
endloop
endfacet
facet normal -0.6835923020228747 0.0 -0.7298640726978325
outer loop
vertex -26.26758838609296 22.3 11.732411613907042
vertex -26.38460275300483 22.3 11.842007528323494
vertex -26.26758838609296 29.45 11.732411613907042
endloop
endfacet
facet normal -0.7298640726978266 -0.0 -0.6835923020228809
outer loop
vertex -26.26758838609296 22.3 11.732411613907042
vertex -26.157992471676504 29.45 11.615397246995169
vertex -26.157992471676504 22.3 11.615397246995169
endloop
endfacet
facet normal -0.032719082821775984 0.0 0.9994645874763657
outer loop
vertex -27.83976233338615 22.3 7.555245638065421
vertex -27.83976233338615 29.45 7.555245638065421
vertex -28.0 29.45 7.55
endloop
endfacet
facet normal -0.09801714032956008 0.0 0.9951847266721969
outer loop
vertex -27.680210829060872 22.3 7.5709600896341644
vertex -27.680210829060872 29.45 7.5709600896341644
vertex -27.83976233338615 29.45 7.555245638065421
endloop
endfacet
facet normal -0.16289547339459237 0.0 0.9866433320848784
outer loop
vertex -27.522028711060486 22.3 7.597076063012086
vertex -27.522028711060486 29.45 7.597076063012086
vertex -27.680210829060872 29.45 7.5709600896341644
endloop
endfacet
facet normal -0.22707626303436856 0.0 0.9738769792773346
outer loop
vertex -27.365893339498825 22.3 7.633481725591782
vertex -27.365893339498825 29.45 7.633481725591782
vertex -27.522028711060486 29.45 7.597076063012086
endloop
endfacet
facet normal -0.29028467725446405 0.0 0.9569403357322084
outer loop
vertex -27.212473310007255 22.3 7.680021182736991
vertex -27.212473310007255 29.45 7.680021182736991
vertex -27.365893339498825 29.45 7.633481725591782
endloop
endfacet
facet normal -0.35225004792123216 0.0 0.9359059267573262
outer loop
vertex -27.06242559070553 22.3 7.736495145347347
vertex -27.06242559070553 29.45 7.736495145347347
vertex -27.212473310007255 29.45 7.680021182736991
endloop
endfacet
facet normal -0.41270702980439156 0.0 0.9108638249211772
outer loop
vertex -26.916392708963446 22.3 7.802661783244913
vertex -26.916392708963446 29.45 7.802661783244913
vertex -27.06242559070553 29.45 7.736495145347347
endloop
endfacet
facet normal -0.4713967368259944 0.0 0.8819212643483567
outer loop
vertex -26.775 22.3 7.878237760728124
vertex -26.775 29.45 7.878237760728124
vertex -26.916392708963446 29.45 7.802661783244913
endloop
endfacet
facet normal -0.5280678506503775 0.0 0.849202181526573
outer loop
vertex -26.638852929101976 22.3 7.962899449858764
vertex -26.638852929101976 29.45 7.962899449858764
vertex -26.775 29.45 7.878237760728124
endloop
endfacet
facet normal -0.5824776968677963 0.0 0.8128466845916195
outer loop
vertex -26.508534498928633 22.3 8.056284316286474
vertex -26.508534498928633 29.45 8.056284316286474
vertex -26.638852929101976 29.45 7.962899449858764
endloop
endfacet
facet normal -0.6343932841636514 0.0 0.7730104533627321
outer loop
vertex -26.38460275300483 22.3 8.157992471676506
vertex -26.38460275300483 29.45 8.157992471676506
vertex -26.508534498928633 29.45 8.056284316286474
endloop
endfacet
facet normal -0.6835923020228747 0.0 0.7298640726978325
outer loop
vertex -26.26758838609296 22.3 8.267588386092958
vertex -26.26758838609296 29.45 8.267588386092958
vertex -26.38460275300483 29.45 8.157992471676506
endloop
endfacet
facet normal -0.7298640726978266 0.0 0.6835923020228809
outer loop
vertex -26.157992471676504 22.3 8.384602753004831
vertex -26.157992471676504 29.45 8.384602753004831
vertex -26.26758838609296 29.45 8.267588386092958
endloop
endfacet
facet normal -0.032719082821775984 0.0 -0.9994645874763657
outer loop
vertex -28.0 22.3 12.45
vertex -28.0 29.45 12.45
vertex -27.83976233338615 29.45 12.444754361934578
endloop
endfacet
facet normal -0.0980171403295546 0.0 -0.9951847266721976
outer loop
vertex -27.83976233338615 22.3 12.444754361934578
vertex -27.83976233338615 29.45 12.444754361934578
vertex -27.680210829060872 29.45 12.429039910365836
endloop
endfacet
facet normal -0.16289547339459237 0.0 -0.9866433320848784
outer loop
vertex -27.680210829060872 22.3 12.429039910365836
vertex -27.680210829060872 29.45 12.429039910365836
vertex -27.522028711060486 29.45 12.402923936987914
endloop
endfacet
facet normal -0.22707626303436856 0.0 -0.9738769792773346
outer loop
vertex -27.522028711060486 22.3 12.402923936987914
vertex -27.522028711060486 29.45 12.402923936987914
vertex -27.365893339498825 29.45 12.366518274408218
endloop
endfacet
facet normal -0.290284677254459 0.0 -0.9569403357322099
outer loop
vertex -27.365893339498825 22.3 12.366518274408218
vertex -27.365893339498825 29.45 12.366518274408218
vertex -27.212473310007255 29.45 12.31997881726301
endloop
endfacet
facet normal -0.3522500479212419 0.0 -0.9359059267573225
outer loop
vertex -27.212473310007255 22.3 12.31997881726301
vertex -27.212473310007255 29.45 12.31997881726301
vertex -27.06242559070553 29.45 12.263504854652652
endloop
endfacet
facet normal -0.41270702980438695 0.0 -0.9108638249211792
outer loop
vertex -27.06242559070553 22.3 12.263504854652652
vertex -27.06242559070553 29.45 12.263504854652652
vertex -26.916392708963446 29.45 12.197338216755087
endloop
endfacet
facet normal -0.4713967368259944 0.0 -0.8819212643483567
outer loop
vertex -26.916392708963446 22.3 12.197338216755087
vertex -26.916392708963446 29.45 12.197338216755087
vertex -26.775 29.45 12.121762239271876
endloop
endfacet
facet normal -0.5280678506503775 0.0 -0.849202181526573
outer loop
vertex -26.775 22.3 12.121762239271876
vertex -26.775 29.45 12.121762239271876
vertex -26.638852929101976 29.45 12.037100550141236
endloop
endfacet
facet normal -0.5824776968677963 0.0 -0.8128466845916195
outer loop
vertex -26.638852929101976 22.3 12.037100550141236
vertex -26.638852929101976 29.45 12.037100550141236
vertex -26.508534498928633 29.45 11.943715683713526
endloop
endfacet
facet normal -0.6343932841636514 0.0 -0.7730104533627321
outer loop
vertex -26.508534498928633 22.3 11.943715683713526
vertex -26.508534498928633 29.45 11.943715683713526
vertex -26.38460275300483 29.45 11.842007528323494
endloop
endfacet
facet normal -0.6835923020228747 0.0 -0.7298640726978325
outer loop
vertex -26.38460275300483 22.3 11.842007528323494
vertex -26.38460275300483 29.45 11.842007528323494
vertex -26.26758838609296 29.45 11.732411613907042
endloop
endfacet
facet normal -0.7298640726978266 0.0 -0.6835923020228809
outer loop
vertex -26.26758838609296 22.3 11.732411613907042
vertex -26.26758838609296 29.45 11.732411613907042
vertex -26.157992471676504 29.45 11.615397246995169
endloop
endfacet
facet normal -0.7730104533627365 0.0 -0.6343932841636459
outer loop
vertex -26.157992471676504 22.3 11.615397246995169
vertex -26.157992471676504 29.45 11.615397246995169
vertex -26.056284316286472 29.45 11.491465501071366
endloop
endfacet
facet normal -0.8128466845916172 0.0 0.5824776968677994
outer loop
vertex -26.056284316286472 22.3 8.508534498928634
vertex -25.962899449858764 22.3 8.638852929101974
vertex -26.056284316286472 29.45 8.508534498928634
endloop
endfacet
facet normal -0.8492021815265841 0.0 0.5280678506503595
outer loop
vertex -25.962899449858764 22.3 8.638852929101974
vertex -25.878237760728126 22.3 8.775
vertex -25.962899449858764 29.45 8.638852929101974
endloop
endfacet
facet normal -0.8819212643483542 0.0 0.471396736825999
outer loop
vertex -25.878237760728126 22.3 8.775
vertex -25.802661783244915 22.3 8.916392708963446
vertex -25.878237760728126 29.45 8.775
endloop
endfacet
facet normal -0.9108638249211752 0.0 0.4127070298043961
outer loop
vertex -25.802661783244915 22.3 8.916392708963446
vertex -25.736495145347348 22.3 9.06242559070553
vertex -25.802661783244915 29.45 8.916392708963446
endloop
endfacet
facet normal -0.9359059267573225 0.0 0.3522500479212419
outer loop
vertex -25.736495145347348 22.3 9.06242559070553
vertex -25.68002118273699 22.3 9.212473310007255
vertex -25.736495145347348 29.45 9.06242559070553
endloop
endfacet
facet normal -0.9569403357322089 0.0 0.290284677254462
outer loop
vertex -25.68002118273699 22.3 9.212473310007255
vertex -25.633481725591782 22.3 9.365893339498824
vertex -25.68002118273699 29.45 9.212473310007255
endloop
endfacet
facet normal -0.0 1.0 0.0
outer loop
vertex -26.056284316286472 22.3 8.508534498928634
vertex -26.056284316286472 22.3 11.491465501071366
vertex -25.962899449858764 22.3 8.638852929101974
endloop
endfacet
facet normal -0.0 1.0 -0.0
outer loop
vertex -26.056284316286472 22.3 8.508534498928634
vertex -26.157992471676504 22.3 11.615397246995169
vertex -26.056284316286472 22.3 11.491465501071366
endloop
endfacet
facet normal -0.0 1.0 -0.0
outer loop
vertex -25.962899449858764 22.3 8.638852929101974
vertex -26.056284316286472 22.3 11.491465501071366
vertex -25.962899449858764 22.3 11.361147070898026
endloop
endfacet
facet normal -0.0 1.0 0.0
outer loop
vertex -25.962899449858764 22.3 8.638852929101974
vertex -25.962899449858764 22.3 11.361147070898026
vertex -25.878237760728126 22.3 8.775
endloop
endfacet
facet normal -0.0 1.0 -0.0
outer loop
vertex -25.878237760728126 22.3 8.775
vertex -25.962899449858764 22.3 11.361147070898026
vertex -25.878237760728126 22.3 11.225
endloop
endfacet
facet normal -0.0 0.9999999999999999 0.0
outer loop
vertex -25.878237760728126 22.3 8.775
vertex -25.878237760728126 22.3 11.225
vertex -25.802661783244915 22.3 8.916392708963446
endloop
endfacet
facet normal -0.0 1.0 0.0
outer loop
vertex -25.802661783244915 22.3 8.916392708963446
vertex -25.802661783244915 22.3 11.083607291036554
vertex -25.736495145347348 22.3 9.06242559070553
endloop
endfacet
facet normal -0.0 1.0 -0.0
outer loop
vertex -25.802661783244915 22.3 8.916392708963446
vertex -25.878237760728126 22.3 11.225
vertex -25.802661783244915 22.3 11.083607291036554
endloop
endfacet
facet normal -0.0 1.0 -0.0
outer loop
vertex -25.736495145347348 22.3 9.06242559070553
vertex -25.802661783244915 22.3 11.083607291036554
vertex -25.736495145347348 22.3 10.93757440929447
endloop
endfacet
facet normal -0.0 1.0 0.0
outer loop
vertex -25.736495145347348 22.3 9.06242559070553
vertex -25.736495145347348 22.3 10.93757440929447
vertex -25.68002118273699 22.3 9.212473310007255
endloop
endfacet
facet normal -0.0 1.0 0.0
outer loop
vertex -25.68002118273699 22.3 9.212473310007255
vertex -25.68002118273699 22.3 10.787526689992745
vertex -25.633481725591782 22.3 9.365893339498824
endloop
endfacet
facet normal -0.0 1.0 -0.0
outer loop
vertex -25.68002118273699 22.3 9.212473310007255
vertex -25.736495145347348 22.3 10.93757440929447
vertex -25.68002118273699 22.3 10.787526689992745
endloop
endfacet
facet normal -0.0 1.0 -0.0
outer loop
vertex -25.633481725591782 22.3 9.365893339498824
vertex -25.68002118273699 22.3 10.787526689992745
vertex -25.633481725591782 22.3 10.634106660501176
endloop
endfacet
facet normal -0.0 1.0 0.0
outer loop
vertex -25.633481725591782 22.3 9.365893339498824
vertex -25.633481725591782 22.3 10.634106660501176
vertex -25.597076063012086 22.3 9.522028711060486
endloop
endfacet
facet normal -0.0 1.0 0.0
outer loop
vertex -25.597076063012086 22.3 9.522028711060486
vertex -25.597076063012086 22.3 10.477971288939514
vertex -25.570960089634163 22.3 9.680210829060874
endloop
endfacet
facet normal -0.0 1.0 0.0
outer loop
vertex -25.570960089634163 22.3 9.680210829060874
vertex -25.570960089634163 22.3 10.319789170939126
vertex -25.555245638065422 22.3 9.83976233338615
endloop
endfacet
facet normal 0.0 1.0 0.0
outer loop
vertex -25.633481725591782 22.3 10.634106660501176
vertex -25.597076063012086 22.3 10.477971288939514
vertex -25.597076063012086 22.3 9.522028711060486
endloop
endfacet
facet normal -0.0 1.0 -0.0
outer loop
vertex -25.570960089634163 22.3 9.680210829060874
vertex -25.597076063012086 22.3 10.477971288939514
vertex -25.570960089634163 22.3 10.319789170939126
endloop
endfacet
facet normal -0.0 1.0 0.0
outer loop
vertex -25.555245638065422 22.3 9.83976233338615
vertex -25.555245638065422 22.3 10.16023766661385
vertex -25.55 22.3 10.0
endloop
endfacet
facet normal -0.0 1.0 -0.0
outer loop
vertex -25.555245638065422 22.3 9.83976233338615
vertex -25.570960089634163 22.3 10.319789170939126
vertex -25.555245638065422 22.3 10.16023766661385
endloop
endfacet
facet normal -0.7730104533627365 -0.0 -0.6343932841636459
outer loop
vertex -26.157992471676504 22.3 11.615397246995169
vertex -26.056284316286472 29.45 11.491465501071366
vertex -26.056284316286472 22.3 11.491465501071366
endloop
endfacet
facet normal -0.8128466845916172 -0.0 -0.5824776968677994
outer loop
vertex -26.056284316286472 22.3 11.491465501071366
vertex -25.962899449858764 29.45 11.361147070898026
vertex -25.962899449858764 22.3 11.361147070898026
endloop
endfacet
facet normal -0.8492021815265841 0.0 -0.5280678506503595
outer loop
vertex -25.878237760728126 22.3 11.225
vertex -25.962899449858764 22.3 11.361147070898026
vertex -25.878237760728126 29.45 11.225
endloop
endfacet
facet normal -0.8819212643483542 -0.0 -0.471396736825999
outer loop
vertex -25.878237760728126 22.3 11.225
vertex -25.802661783244915 29.45 11.083607291036554
vertex -25.802661783244915 22.3 11.083607291036554
endloop
endfacet
facet normal -0.9108638249211752 -0.0 -0.4127070298043961
outer loop
vertex -25.802661783244915 22.3 11.083607291036554
vertex -25.736495145347348 29.45 10.93757440929447
vertex -25.736495145347348 22.3 10.93757440929447
endloop
endfacet
facet normal -0.9359059267573225 -0.0 -0.3522500479212419
outer loop
vertex -25.736495145347348 22.3 10.93757440929447
vertex -25.68002118273699 29.45 10.787526689992745
vertex -25.68002118273699 22.3 10.787526689992745
endloop
endfacet
facet normal -0.9569403357322089 0.0 -0.290284677254462
outer loop
vertex -25.633481725591782 22.3 10.634106660501176
vertex -25.68002118273699 22.3 10.787526689992745
vertex -25.633481725591782 29.45 10.634106660501176
endloop
endfacet
facet normal -0.9738769792773352 0.0 0.2270762630343661
outer loop
vertex -25.633481725591782 22.3 9.365893339498824
vertex -25.597076063012086 22.3 9.522028711060486
vertex -25.633481725591782 29.45 9.365893339498824
endloop
endfacet
facet normal -0.9866433320848771 0.0 0.1628954733946014
outer loop
vertex -25.597076063012086 22.3 9.522028711060486
vertex -25.570960089634163 22.3 9.680210829060874
vertex -25.597076063012086 29.45 9.522028711060486
endloop
endfacet
facet normal -0.9951847266721983 0.0 0.09801714032954577
outer loop
vertex -25.570960089634163 22.3 9.680210829060874
vertex -25.555245638065422 22.3 9.83976233338615
vertex -25.570960089634163 29.45 9.680210829060874
endloop
endfacet
facet normal -0.9994645874763657 0.0 0.03271908282177562
outer loop
vertex -25.555245638065422 22.3 9.83976233338615
vertex -25.55 22.3 10.0
vertex -25.555245638065422 29.45 9.83976233338615
endloop
endfacet
facet normal -0.9738769792773352 -0.0 -0.2270762630343661
outer loop
vertex -25.633481725591782 22.3 10.634106660501176
vertex -25.597076063012086 29.45 10.477971288939514
vertex -25.597076063012086 22.3 10.477971288939514
endloop
endfacet
facet normal -0.9866433320848771 0.0 -0.1628954733946014
outer loop
vertex -25.570960089634163 22.3 10.319789170939126
vertex -25.597076063012086 22.3 10.477971288939514
vertex -25.570960089634163 29.45 10.319789170939126
endloop
endfacet
facet normal -0.9994645874763657 0.0 -0.03271908282177562
outer loop
vertex -25.55 22.3 10.0
vertex -25.555245638065422 22.3 10.16023766661385
vertex -25.55 29.45 10.0
endloop
endfacet
facet normal -0.9951847266721983 0.0 -0.09801714032954577
outer loop
vertex -25.555245638065422 22.3 10.16023766661385
vertex -25.570960089634163 22.3 10.319789170939126
vertex -25.555245638065422 29.45 10.16023766661385
endloop
endfacet
facet normal -0.7730104533627365 0.0 0.6343932841636459
outer loop
vertex -26.056284316286472 22.3 8.508534498928634
vertex -26.056284316286472 29.45 8.508534498928634
vertex -26.157992471676504 29.45 8.384602753004831
endloop
endfacet
facet normal -0.8128466845916172 0.0 0.5824776968677994
outer loop
vertex -25.962899449858764 22.3 8.638852929101974
vertex -25.962899449858764 29.45 8.638852929101974
vertex -26.056284316286472 29.45 8.508534498928634
endloop
endfacet
facet normal -0.8492021815265841 0.0 0.5280678506503595
outer loop
vertex -25.878237760728126 22.3 8.775
vertex -25.878237760728126 29.45 8.775
vertex -25.962899449858764 29.45 8.638852929101974
endloop
endfacet
facet normal -0.8819212643483542 0.0 0.471396736825999
outer loop
vertex -25.802661783244915 22.3 8.916392708963446
vertex -25.802661783244915 29.45 8.916392708963446
vertex -25.878237760728126 29.45 8.775
endloop
endfacet
facet normal -0.9108638249211752 0.0 0.4127070298043961
outer loop
vertex -25.736495145347348 22.3 9.06242559070553
vertex -25.736495145347348 29.45 9.06242559070553
vertex -25.802661783244915 29.45 8.916392708963446
endloop
endfacet
facet normal -0.9359059267573225 0.0 0.3522500479212419
outer loop
vertex -25.68002118273699 22.3 9.212473310007255
vertex -25.68002118273699 29.45 9.212473310007255
vertex -25.736495145347348 29.45 9.06242559070553
endloop
endfacet
facet normal -0.9569403357322089 0.0 0.290284677254462
outer loop
vertex -25.633481725591782 22.3 9.365893339498824
vertex -25.633481725591782 29.45 9.365893339498824
vertex -25.68002118273699 29.45 9.212473310007255
endloop
endfacet
facet normal -0.8128466845916172 0.0 -0.5824776968677994
outer loop
vertex -26.056284316286472 22.3 11.491465501071366
vertex -26.056284316286472 29.45 11.491465501071366
vertex -25.962899449858764 29.45 11.361147070898026
endloop
endfacet
facet normal -0.8492021815265841 0.0 -0.5280678506503595
outer loop
vertex -25.962899449858764 22.3 11.361147070898026
vertex -25.962899449858764 29.45 11.361147070898026
vertex -25.878237760728126 29.45 11.225
endloop
endfacet
facet normal -0.8819212643483542 0.0 -0.471396736825999
outer loop
vertex -25.878237760728126 22.3 11.225
vertex -25.878237760728126 29.45 11.225
vertex -25.802661783244915 29.45 11.083607291036554
endloop
endfacet
facet normal -0.9108638249211752 0.0 -0.4127070298043961
outer loop
vertex -25.802661783244915 22.3 11.083607291036554
vertex -25.802661783244915 29.45 11.083607291036554
vertex -25.736495145347348 29.45 10.93757440929447
endloop
endfacet
facet normal -0.9359059267573225 0.0 -0.3522500479212419
outer loop
vertex -25.736495145347348 22.3 10.93757440929447
vertex -25.736495145347348 29.45 10.93757440929447
vertex -25.68002118273699 29.45 10.787526689992745
endloop
endfacet
facet normal -0.9569403357322089 0.0 -0.290284677254462
outer loop
vertex -25.68002118273699 22.3 10.787526689992745
vertex -25.68002118273699 29.45 10.787526689992745
vertex -25.633481725591782 29.45 10.634106660501176
endloop
endfacet
facet normal -0.9738769792773352 0.0 0.2270762630343661
outer loop
vertex -25.597076063012086 22.3 9.522028711060486
vertex -25.597076063012086 29.45 9.522028711060486
vertex -25.633481725591782 29.45 9.365893339498824
endloop
endfacet
facet normal -0.9866433320848771 0.0 0.1628954733946014
outer loop
vertex -25.570960089634163 22.3 9.680210829060874
vertex -25.570960089634163 29.45 9.680210829060874
vertex -25.597076063012086 29.45 9.522028711060486
endloop
endfacet
facet normal -0.9951847266721983 0.0 0.09801714032954577
outer loop
vertex -25.555245638065422 22.3 9.83976233338615
vertex -25.555245638065422 29.45 9.83976233338615
vertex -25.570960089634163 29.45 9.680210829060874
endloop
endfacet
facet normal -0.9994645874763657 0.0 0.03271908282177562
outer loop
vertex -25.55 22.3 10.0
vertex -25.55 29.45 10.0
vertex -25.555245638065422 29.45 9.83976233338615
endloop
endfacet
facet normal -0.9951847266721983 0.0 -0.09801714032954577
outer loop
vertex -25.570960089634163 22.3 10.319789170939126
vertex -25.570960089634163 29.45 10.319789170939126
vertex -25.555245638065422 29.45 10.16023766661385
endloop
endfacet
facet normal -0.9738769792773352 0.0 -0.2270762630343661
outer loop
vertex -25.633481725591782 22.3 10.634106660501176
vertex -25.633481725591782 29.45 10.634106660501176
vertex -25.597076063012086 29.45 10.477971288939514
endloop
endfacet
facet normal -0.9866433320848771 0.0 -0.1628954733946014
outer loop
vertex -25.597076063012086 22.3 10.477971288939514
vertex -25.597076063012086 29.45 10.477971288939514
vertex -25.570960089634163 29.45 10.319789170939126
endloop
endfacet
facet normal -0.9994645874763657 0.0 -0.03271908282177562
outer loop
vertex -25.555245638065422 22.3 10.16023766661385
vertex -25.555245638065422 29.45 10.16023766661385
vertex -25.55 29.45 10.0
endloop
endfacet
facet normal -0.032719082821774936 0.0 0.9994645874763657
outer loop
vertex -28.0 29.45 6.55
vertex -27.774359204156006 29.45 6.5573867148268175
vertex -27.774359204156006 30.4 6.5573867148268175
endloop
endfacet
facet normal -0.032719082821774936 0.0 0.9994645874763657
outer loop
vertex -28.0 29.45 6.55
vertex -27.774359204156006 30.4 6.5573867148268175
vertex -28.0 30.4 6.55
endloop
endfacet
facet normal -0.09801714032956044 0.0 0.995184726672197
outer loop
vertex -27.774359204156006 29.45 6.5573867148268175
vertex -27.549684636840823 29.45 6.5795152282603535
vertex -27.549684636840823 30.4 6.5795152282603535
endloop
endfacet
facet normal -0.09801714032956044 0.0 0.995184726672197
outer loop
vertex -27.774359204156006 29.45 6.5573867148268175
vertex -27.549684636840823 30.4 6.5795152282603535
vertex -27.774359204156006 30.4 6.5573867148268175
endloop
endfacet
facet normal 0.0 1.0 0.0
outer loop
vertex -28.0 29.45 6.55
vertex -28.0 29.45 7.55
vertex -27.83976233338615 29.45 7.555245638065421
endloop
endfacet
facet normal -0.0 1.0 0.0
outer loop
vertex -28.0 29.45 6.55
vertex -27.83976233338615 29.45 7.555245638065421
vertex -27.774359204156006 29.45 6.5573867148268175
endloop
endfacet
facet normal -0.0 0.9999999999999999 -0.0
outer loop
vertex -27.774359204156006 29.45 6.5573867148268175
vertex -27.83976233338615 29.45 7.555245638065421
vertex -27.549684636840823 29.45 6.5795152282603535
endloop
endfacet
facet normal -0.0 1.0 0.0
outer loop
vertex -27.83976233338615 29.45 7.555245638065421
vertex -27.680210829060872 29.45 7.5709600896341644
vertex -27.549684636840823 29.45 6.5795152282603535
endloop
endfacet
facet normal -0.16289547339459232 0.0 0.9866433320848785
outer loop
vertex -27.549684636840823 29.45 6.5795152282603535
vertex -27.326938389044358 29.45 6.616290782608855
vertex -27.326938389044358 30.4 6.616290782608855
endloop
endfacet
facet normal -0.16289547339459232 0.0 0.9866433320848785
outer loop
vertex -27.549684636840823 29.45 6.5795152282603535
vertex -27.326938389044358 30.4 6.616290782608855
vertex -27.549684636840823 30.4 6.5795152282603535
endloop
endfacet
facet normal -0.22707626303436915 0.0 0.9738769792773345
outer loop
vertex -27.326938389044358 29.45 6.616290782608855
vertex -27.107074294396302 29.45 6.667555899302714
vertex -27.107074294396302 30.4 6.667555899302714
endloop
endfacet
facet normal -0.22707626303436915 0.0 0.9738769792773345
outer loop
vertex -27.326938389044358 29.45 6.616290782608855
vertex -27.107074294396302 30.4 6.667555899302714
vertex -27.326938389044358 30.4 6.616290782608855
endloop
endfacet
facet normal -0.0 1.0 -0.0
outer loop
vertex -27.549684636840823 29.45 6.5795152282603535
vertex -27.680210829060872 29.45 7.5709600896341644
vertex -27.326938389044358 29.45 6.616290782608855
endloop
endfacet
facet normal 0.0 0.9999999999999999 -0.0
outer loop
vertex -27.326938389044358 29.45 6.616290782608855
vertex -27.680210829060872 29.45 7.5709600896341644
vertex -27.522028711060486 29.45 7.597076063012086
endloop
endfacet
facet normal 0.0 1.0 -0.0
outer loop
vertex -27.326938389044358 29.45 6.616290782608855
vertex -27.522028711060486 29.45 7.597076063012086
vertex -27.365893339498825 29.45 7.633481725591782
endloop
endfacet
facet normal -0.0 1.0 -0.0
outer loop
vertex -27.326938389044358 29.45 6.616290782608855
vertex -27.365893339498825 29.45 7.633481725591782
vertex -27.107074294396302 29.45 6.667555899302714
endloop
endfacet
facet normal -0.0 1.0 0.0
outer loop
vertex -27.365893339498825 29.45 7.633481725591782
vertex -27.212473310007255 29.45 7.680021182736991
vertex -27.107074294396302 29.45 6.667555899302714
endloop
endfacet
facet normal 0.0 1.0 0.0
outer loop
vertex -27.212473310007255 29.45 7.680021182736991
vertex -26.891033844704094 29.45 6.7330910532418855
vertex -27.107074294396302 29.45 6.667555899302714
endloop
endfacet
facet normal -0.0 1.0 0.0
outer loop
vertex -27.212473310007255 29.45 7.680021182736991
vertex -27.06242559070553 29.45 7.736495145347347
vertex -26.891033844704094 29.45 6.7330910532418855
endloop
endfacet
facet normal 0.0 1.0 -0.0
outer loop
vertex -26.891033844704094 29.45 6.7330910532418855
vertex -27.06242559070553 29.45 7.736495145347347
vertex -26.916392708963446 29.45 7.802661783244913
endloop
endfacet
facet normal -0.29028467725446644 0.0 0.9569403357322077
outer loop
vertex -27.107074294396302 29.45 6.667555899302714
vertex -26.891033844704094 29.45 6.7330910532418855
vertex -26.891033844704094 30.4 6.7330910532418855
endloop
endfacet
facet normal -0.0 1.0 -0.0
outer loop
vertex -26.891033844704094 29.45 6.7330910532418855
vertex -26.916392708963446 29.45 7.802661783244913
vertex -26.67974215834044 29.45 6.81261561283606
endloop
endfacet
facet normal -0.29028467725446644 0.0 0.9569403357322077
outer loop
vertex -27.107074294396302 29.45 6.667555899302714
vertex -26.891033844704094 30.4 6.7330910532418855
vertex -27.107074294396302 30.4 6.667555899302714
endloop
endfacet
facet normal -0.35225004792122755 0.0 0.9359059267573279
outer loop
vertex -26.891033844704094 29.45 6.7330910532418855
vertex -26.67974215834044 30.4 6.81261561283606
vertex -26.891033844704094 30.4 6.7330910532418855
endloop
endfacet
facet normal 0.0 1.0 -0.0
outer loop
vertex -26.67974215834044 29.45 6.81261561283606
vertex -26.916392708963446 29.45 7.802661783244913
vertex -26.775 29.45 7.878237760728124
endloop
endfacet
facet normal -0.35225004792122755 0.0 0.9359059267573279
outer loop
vertex -26.891033844704094 29.45 6.7330910532418855
vertex -26.67974215834044 29.45 6.81261561283606
vertex -26.67974215834044 30.4 6.81261561283606
endloop
endfacet
facet normal -0.0 1.0 -0.0
outer loop
vertex -26.67974215834044 29.45 6.81261561283606
vertex -26.775 29.45 7.878237760728124
vertex -26.474104018744445 29.45 6.905789041712225
endloop
endfacet
facet normal -0.0 1.0 0.0
outer loop
vertex -26.775 29.45 7.878237760728124
vertex -26.638852929101976 29.45 7.962899449858764
vertex -26.474104018744445 29.45 6.905789041712225
endloop
endfacet
facet normal -0.41270702980439733 0.0 0.9108638249211747
outer loop
vertex -26.67974215834044 29.45 6.81261561283606
vertex -26.474104018744445 30.4 6.905789041712225
vertex -26.67974215834044 30.4 6.81261561283606
endloop
endfacet
facet normal 0.0 1.0 -0.0
outer loop
vertex -26.474104018744445 29.45 6.905789041712225
vertex -26.638852929101976 29.45 7.962899449858764
vertex -26.508534498928633 29.45 8.056284316286474
endloop
endfacet
facet normal -0.41270702980439733 0.0 0.9108638249211747
outer loop
vertex -26.67974215834044 29.45 6.81261561283606
vertex -26.474104018744445 29.45 6.905789041712225
vertex -26.474104018744445 30.4 6.905789041712225
endloop
endfacet
facet normal -0.0 0.9999999999999999 -0.0
outer loop
vertex -26.474104018744445 29.45 6.905789041712225
vertex -26.508534498928633 29.45 8.056284316286474
vertex -26.275 29.45 7.012212356943687
endloop
endfacet
facet normal -0.0 1.0 0.0
outer loop
vertex -26.508534498928633 29.45 8.056284316286474
vertex -26.38460275300483 29.45 8.157992471676506
vertex -26.275 29.45 7.012212356943687
endloop
endfacet
facet normal -0.47139673682599803 0.0 0.8819212643483548
outer loop
vertex -26.474104018744445 29.45 6.905789041712225
vertex -26.275 29.45 7.012212356943687
vertex -26.275 30.4 7.012212356943687
endloop
endfacet
facet normal -0.47139673682599803 0.0 0.8819212643483548
outer loop
vertex -26.474104018744445 29.45 6.905789041712225
vertex -26.275 30.4 7.012212356943687
vertex -26.474104018744445 30.4 6.905789041712225
endloop
endfacet
facet normal -0.0 0.9999999999999999 -0.0
outer loop
vertex -26.275 29.45 7.012212356943687
vertex -26.38460275300483 29.45 8.157992471676506
vertex -26.08328269608237 29.45 7.131429837556219
endloop
endfacet
facet normal -0.0 1.0 0.0
outer loop
vertex -26.38460275300483 29.45 8.157992471676506
vertex -26.26758838609296 29.45 8.267588386092958
vertex -26.08328269608237 29.45 7.131429837556219
endloop
endfacet
facet normal -0.0 1.0 0.0
outer loop
vertex -26.26758838609296 29.45 8.267588386092958
vertex -26.157992471676504 29.45 8.384602753004831
vertex -26.08328269608237 29.45 7.131429837556219
endloop
endfacet
facet normal -0.5280678506503669 0.0 0.8492021815265794
outer loop
vertex -26.275 29.45 7.012212356943687
vertex -26.08328269608237 29.45 7.131429837556219
vertex -26.08328269608237 30.4 7.131429837556219
endloop
endfacet
facet normal -0.5280678506503669 0.0 0.8492021815265794
outer loop
vertex -26.275 29.45 7.012212356943687
vertex -26.08328269608237 30.4 7.131429837556219
vertex -26.275 30.4 7.012212356943687
endloop
endfacet
facet normal -0.0 1.0 0.0
outer loop
vertex -28.0 29.45 12.45
vertex -28.0 29.45 13.45
vertex -27.83976233338615 29.45 12.444754361934578
endloop
endfacet
facet normal 0.0 1.0 0.0
outer loop
vertex -28.0 29.45 13.45
vertex -27.774359204156006 29.45 13.442613285173183
vertex -27.83976233338615 29.45 12.444754361934578
endloop
endfacet
facet normal -0.0 1.0 0.0
outer loop
vertex -27.83976233338615 29.45 12.444754361934578
vertex -27.774359204156006 29.45 13.442613285173183
vertex -27.680210829060872 29.45 12.429039910365836
endloop
endfacet
facet normal -0.032719082821771 0.0 -0.9994645874763657
outer loop
vertex -28.0 29.45 13.45
vertex -28.0 30.4 13.45
vertex -27.774359204156006 29.45 13.442613285173183
endloop
endfacet
facet normal -0.032719082821771 0.0 -0.9994645874763657
outer loop
vertex -27.774359204156006 29.45 13.442613285173183
vertex -28.0 30.4 13.45
vertex -27.774359204156006 30.4 13.442613285173183
endloop
endfacet
facet normal 0.0 1.0 0.0
outer loop
vertex -27.774359204156006 29.45 13.442613285173183
vertex -27.549684636840823 29.45 13.420484771739646
vertex -27.680210829060872 29.45 12.429039910365836
endloop
endfacet
facet normal -0.0 0.9999999999999999 0.0
outer loop
vertex -27.680210829060872 29.45 12.429039910365836
vertex -27.549684636840823 29.45 13.420484771739646
vertex -27.522028711060486 29.45 12.402923936987914
endloop
endfacet
facet normal -0.09801714032956044 0.0 -0.995184726672197
outer loop
vertex -27.774359204156006 29.45 13.442613285173183
vertex -27.774359204156006 30.4 13.442613285173183
vertex -27.549684636840823 29.45 13.420484771739646
endloop
endfacet
facet normal -0.09801714032956044 0.0 -0.995184726672197
outer loop
vertex -27.549684636840823 29.45 13.420484771739646
vertex -27.774359204156006 30.4 13.442613285173183
vertex -27.549684636840823 30.4 13.420484771739646
endloop
endfacet
facet normal -0.0 1.0 -0.0
outer loop
vertex -27.522028711060486 29.45 12.402923936987914
vertex -27.549684636840823 29.45 13.420484771739646
vertex -27.365893339498825 29.45 12.366518274408218
endloop
endfacet
facet normal 0.0 1.0 0.0
outer loop
vertex -27.549684636840823 29.45 13.420484771739646
vertex -27.326938389044358 29.45 13.383709217391145
vertex -27.365893339498825 29.45 12.366518274408218
endloop
endfacet
facet normal 0.0 0.9999999999999999 -0.0
outer loop
vertex -27.212473310007255 29.45 12.31997881726301
vertex -27.365893339498825 29.45 12.366518274408218
vertex -27.326938389044358 29.45 13.383709217391145
endloop
endfacet
facet normal -0.16289547339459232 0.0 -0.9866433320848785
outer loop
vertex -27.549684636840823 29.45 13.420484771739646
vertex -27.549684636840823 30.4 13.420484771739646
vertex -27.326938389044358 29.45 13.383709217391145
endloop
endfacet
facet normal -0.16289547339459232 0.0 -0.9866433320848785
outer loop
vertex -27.326938389044358 29.45 13.383709217391145
vertex -27.549684636840823 30.4 13.420484771739646
vertex -27.326938389044358 30.4 13.383709217391145
endloop
endfacet
facet normal -0.0 1.0 -0.0
outer loop
vertex -27.212473310007255 29.45 12.31997881726301
vertex -27.326938389044358 29.45 13.383709217391145
vertex -27.107074294396302 29.45 13.332444100697286
endloop
endfacet
facet normal -0.0 1.0 0.0
outer loop
vertex -27.212473310007255 29.45 12.31997881726301
vertex -27.107074294396302 29.45 13.332444100697286
vertex -27.06242559070553 29.45 12.263504854652652
endloop
endfacet
facet normal -0.22707626303436915 0.0 -0.9738769792773345
outer loop
vertex -27.326938389044358 29.45 13.383709217391145
vertex -27.326938389044358 30.4 13.383709217391145
vertex -27.107074294396302 29.45 13.332444100697286
endloop
endfacet
facet normal -0.22707626303436915 0.0 -0.9738769792773345
outer loop
vertex -27.107074294396302 29.45 13.332444100697286
vertex -27.326938389044358 30.4 13.383709217391145
vertex -27.107074294396302 30.4 13.332444100697286
endloop
endfacet
facet normal -0.0 1.0 0.0
outer loop
vertex -27.06242559070553 29.45 12.263504854652652
vertex -26.891033844704094 29.45 13.266908946758114
vertex -26.916392708963446 29.45 12.197338216755087
endloop
endfacet
facet normal -0.0 1.0 -0.0
outer loop
vertex -27.06242559070553 29.45 12.263504854652652
vertex -27.107074294396302 29.45 13.332444100697286
vertex -26.891033844704094 29.45 13.266908946758114
endloop
endfacet
facet normal -0.29028467725446644 0.0 -0.9569403357322077
outer loop
vertex -27.107074294396302 29.45 13.332444100697286
vertex -27.107074294396302 30.4 13.332444100697286
vertex -26.891033844704094 29.45 13.266908946758114
endloop
endfacet
facet normal -0.0 1.0 0.0
outer loop
vertex -26.916392708963446 29.45 12.197338216755087
vertex -26.891033844704094 29.45 13.266908946758114
vertex -26.775 29.45 12.121762239271876
endloop
endfacet
facet normal -0.35225004792122755 0.0 -0.9359059267573279
outer loop
vertex -26.891033844704094 29.45 13.266908946758114
vertex -26.891033844704094 30.4 13.266908946758114
vertex -26.67974215834044 29.45 13.18738438716394
endloop
endfacet
facet normal -0.29028467725446644 0.0 -0.9569403357322077
outer loop
vertex -26.891033844704094 29.45 13.266908946758114
vertex -27.107074294396302 30.4 13.332444100697286
vertex -26.891033844704094 30.4 13.266908946758114
endloop
endfacet
facet normal -0.0 1.0 0.0
outer loop
vertex -26.775 29.45 12.121762239271876
vertex -26.67974215834044 29.45 13.18738438716394
vertex -26.638852929101976 29.45 12.037100550141236
endloop
endfacet
facet normal -0.0 1.0 -0.0
outer loop
vertex -26.775 29.45 12.121762239271876
vertex -26.891033844704094 29.45 13.266908946758114
vertex -26.67974215834044 29.45 13.18738438716394
endloop
endfacet
facet normal 0.0 1.0 0.0
outer loop
vertex -26.67974215834044 29.45 13.18738438716394
vertex -26.474104018744445 29.45 13.094210958287775
vertex -26.638852929101976 29.45 12.037100550141236
endloop
endfacet
facet normal -0.41270702980439733 0.0 -0.9108638249211747
outer loop
vertex -26.67974215834044 29.45 13.18738438716394
vertex -26.67974215834044 30.4 13.18738438716394
vertex -26.474104018744445 29.45 13.094210958287775
endloop
endfacet
facet normal -0.35225004792122755 0.0 -0.9359059267573279
outer loop
vertex -26.67974215834044 29.45 13.18738438716394
vertex -26.891033844704094 30.4 13.266908946758114
vertex -26.67974215834044 30.4 13.18738438716394
endloop
endfacet
facet normal -0.0 1.0 0.0
outer loop
vertex -26.638852929101976 29.45 12.037100550141236
vertex -26.474104018744445 29.45 13.094210958287775
vertex -26.508534498928633 29.45 11.943715683713526
endloop
endfacet
facet normal -0.0 1.0 0.0
outer loop
vertex -26.508534498928633 29.45 11.943715683713526
vertex -26.474104018744445 29.45 13.094210958287775
vertex -26.38460275300483 29.45 11.842007528323494
endloop
endfacet
facet normal 0.0 1.0 0.0
outer loop
vertex -26.474104018744445 29.45 13.094210958287775
vertex -26.275 29.45 12.987787643056313
vertex -26.38460275300483 29.45 11.842007528323494
endloop
endfacet
facet normal -0.47139673682599803 0.0 -0.8819212643483548
outer loop
vertex -26.474104018744445 29.45 13.094210958287775
vertex -26.474104018744445 30.4 13.094210958287775
vertex -26.275 29.45 12.987787643056313
endloop
endfacet
facet normal -0.41270702980439733 0.0 -0.9108638249211747
outer loop
vertex -26.474104018744445 29.45 13.094210958287775
vertex -26.67974215834044 30.4 13.18738438716394
vertex -26.474104018744445 30.4 13.094210958287775
endloop
endfacet
facet normal -0.47139673682599803 0.0 -0.8819212643483548
outer loop
vertex -26.275 29.45 12.987787643056313
vertex -26.474104018744445 30.4 13.094210958287775
vertex -26.275 30.4 12.987787643056313
endloop
endfacet
facet normal 0.0 1.0 -0.0
outer loop
vertex -26.26758838609296 29.45 11.732411613907042
vertex -26.38460275300483 29.45 11.842007528323494
vertex -26.275 29.45 12.987787643056313
endloop
endfacet
facet normal -0.0 1.0 -0.0
outer loop
vertex -26.26758838609296 29.45 11.732411613907042
vertex -26.275 29.45 12.987787643056313
vertex -26.157992471676504 29.45 11.615397246995169
endloop
endfacet
facet normal -0.0 1.0 -0.0
outer loop
vertex -26.157992471676504 29.45 11.615397246995169
vertex -26.275 29.45 12.987787643056313
vertex -26.08328269608237 29.45 12.868570162443781
endloop
endfacet
facet normal -0.5280678506503669 0.0 -0.8492021815265794
outer loop
vertex -26.275 29.45 12.987787643056313
vertex -26.275 30.4 12.987787643056313
vertex -26.08328269608237 29.45 12.868570162443781
endloop
endfacet
facet normal -0.5280678506503669 0.0 -0.8492021815265794
outer loop
vertex -26.08328269608237 29.45 12.868570162443781
vertex -26.275 30.4 12.987787643056313
vertex -26.08328269608237 30.4 12.868570162443781
endloop
endfacet
facet normal 0.0 1.0 0.0
outer loop
vertex -26.157992471676504 29.45 8.384602753004831
vertex -25.899773069919913 29.45 7.262930975995239
vertex -26.08328269608237 29.45 7.131429837556219
endloop
endfacet
facet normal -0.0 0.9999999999999999 -0.0
outer loop
vertex -25.899773069919913 29.45 7.262930975995239
vertex -25.962899449858764 29.45 8.638852929101974
vertex -25.725256937904764 29.45 7.406152664197528
endloop
endfacet
facet normal -0.5824776968678053 0.0 0.8128466845916128
outer loop
vertex -26.08328269608237 29.45 7.131429837556219
vertex -25.899773069919913 29.45 7.262930975995239
vertex -25.899773069919913 30.4 7.262930975995239
endloop
endfacet
facet normal -0.0 1.0 0.0
outer loop
vertex -26.157992471676504 29.45 8.384602753004831
vertex -26.056284316286472 29.45 8.508534498928634
vertex -25.899773069919913 29.45 7.262930975995239
endloop
endfacet
facet normal 0.0 1.0 -0.0
outer loop
vertex -25.899773069919913 29.45 7.262930975995239
vertex -26.056284316286472 29.45 8.508534498928634
vertex -25.962899449858764 29.45 8.638852929101974
endloop
endfacet
facet normal -0.5824776968678053 0.0 0.8128466845916128
outer loop
vertex -26.08328269608237 29.45 7.131429837556219
vertex -25.899773069919913 30.4 7.262930975995239
vertex -26.08328269608237 30.4 7.131429837556219
endloop
endfacet
facet normal -0.6343932841636473 0.0 0.7730104533627353
outer loop
vertex -25.899773069919913 29.45 7.262930975995239
vertex -25.725256937904764 29.45 7.406152664197528
vertex -25.725256937904764 30.4 7.406152664197528
endloop
endfacet
facet normal -0.0 1.0 0.0
outer loop
vertex -25.962899449858764 29.45 8.638852929101974
vertex -25.878237760728126 29.45 8.775
vertex -25.725256937904764 29.45 7.406152664197528
endloop
endfacet
facet normal -0.0 1.0 0.0
outer loop
vertex -25.878237760728126 29.45 8.775
vertex -25.802661783244915 29.45 8.916392708963446
vertex -25.725256937904764 29.45 7.406152664197528
endloop
endfacet
facet normal 0.0 1.0 -0.0
outer loop
vertex -25.725256937904764 29.45 7.406152664197528
vertex -25.802661783244915 29.45 8.916392708963446
vertex -25.736495145347348 29.45 9.06242559070553
endloop
endfacet
facet normal -0.0 1.0 -0.0
outer loop
vertex -25.725256937904764 29.45 7.406152664197528
vertex -25.736495145347348 29.45 9.06242559070553
vertex -25.56048160490641 29.45 7.5604816049064105
endloop
endfacet
facet normal -0.0 0.9999999999999999 0.0
outer loop
vertex -25.736495145347348 29.45 9.06242559070553
vertex -25.68002118273699 29.45 9.212473310007255
vertex -25.56048160490641 29.45 7.5604816049064105
endloop
endfacet
facet normal -0.6343932841636473 0.0 0.7730104533627353
outer loop
vertex -25.899773069919913 29.45 7.262930975995239
vertex -25.725256937904764 30.4 7.406152664197528
vertex -25.899773069919913 30.4 7.262930975995239
endloop
endfacet
facet normal -0.683592302022867 0.0 0.7298640726978396
outer loop
vertex -25.725256937904764 29.45 7.406152664197528
vertex -25.56048160490641 30.4 7.5604816049064105
vertex -25.725256937904764 30.4 7.406152664197528
endloop
endfacet
facet normal -0.683592302022867 0.0 0.7298640726978396
outer loop
vertex -25.725256937904764 29.45 7.406152664197528
vertex -25.56048160490641 29.45 7.5604816049064105
vertex -25.56048160490641 30.4 7.5604816049064105
endloop
endfacet
facet normal -0.729864072697836 0.0 0.6835923020228711
outer loop
vertex -25.56048160490641 29.45 7.5604816049064105
vertex -25.406152664197528 29.45 7.725256937904762
vertex -25.406152664197528 30.4 7.725256937904762
endloop
endfacet
facet normal -0.0 1.0 -0.0
outer loop
vertex -25.56048160490641 29.45 7.5604816049064105
vertex -25.570960089634163 29.45 9.680210829060874
vertex -25.406152664197528 29.45 7.725256937904762
endloop
endfacet
facet normal -0.0 1.0 0.0
outer loop
vertex -25.68002118273699 29.45 9.212473310007255
vertex -25.633481725591782 29.45 9.365893339498824
vertex -25.56048160490641 29.45 7.5604816049064105
endloop
endfacet
facet normal -0.0 1.0 0.0
outer loop
vertex -25.633481725591782 29.45 9.365893339498824
vertex -25.597076063012086 29.45 9.522028711060486
vertex -25.56048160490641 29.45 7.5604816049064105
endloop
endfacet
facet normal 0.0 1.0 -0.0
outer loop
vertex -25.56048160490641 29.45 7.5604816049064105
vertex -25.597076063012086 29.45 9.522028711060486
vertex -25.570960089634163 29.45 9.680210829060874
endloop
endfacet
facet normal 0.0 1.0 -0.0
outer loop
vertex -25.406152664197528 29.45 7.725256937904762
vertex -25.570960089634163 29.45 9.680210829060874
vertex -25.555245638065422 29.45 9.83976233338615
endloop
endfacet
facet normal 0.0 1.0 -0.0
outer loop
vertex -25.406152664197528 29.45 7.725256937904762
vertex -25.555245638065422 29.45 9.83976233338615
vertex -25.55 29.45 10.0
endloop
endfacet
facet normal 0.0 1.0 0.0
outer loop
vertex -25.406152664197528 29.45 7.725256937904762
vertex -25.55 29.45 10.0
vertex -25.555245638065422 29.45 10.16023766661385
endloop
endfacet
facet normal -0.729864072697836 0.0 0.6835923020228711
outer loop
vertex -25.56048160490641 29.45 7.5604816049064105
vertex -25.406152664197528 30.4 7.725256937904762
vertex -25.56048160490641 30.4 7.5604816049064105
endloop
endfacet
facet normal -0.7730104533627387 0.0 0.6343932841636435
outer loop
vertex -25.406152664197528 29.45 7.725256937904762
vertex -25.26293097599524 29.45 7.899773069919913
vertex -25.26293097599524 30.4 7.899773069919913
endloop
endfacet
facet normal -0.0 1.0 0.0
outer loop
vertex -25.406152664197528 29.45 7.725256937904762
vertex -25.406152664197528 29.45 12.274743062095238
vertex -25.26293097599524 29.45 7.899773069919913
endloop
endfacet
facet normal -0.8128466845916155 0.0 0.5824776968678015
outer loop
vertex -25.26293097599524 29.45 7.899773069919913
vertex -25.13142983755622 29.45 8.083282696082373
vertex -25.13142983755622 30.4 8.083282696082373
endloop
endfacet
facet normal -0.7730104533627387 0.0 0.6343932841636435
outer loop
vertex -25.406152664197528 29.45 7.725256937904762
vertex -25.26293097599524 30.4 7.899773069919913
vertex -25.406152664197528 30.4 7.725256937904762
endloop
endfacet
facet normal -0.8128466845916155 0.0 0.5824776968678015
outer loop
vertex -25.26293097599524 29.45 7.899773069919913
vertex -25.13142983755622 30.4 8.083282696082373
vertex -25.26293097599524 30.4 7.899773069919913
endloop
endfacet
facet normal -0.8492021815265761 0.0 0.5280678506503726
outer loop
vertex -25.13142983755622 29.45 8.083282696082373
vertex -25.012212356943685 29.45 8.275
vertex -25.012212356943685 30.4 8.275
endloop
endfacet
facet normal -0.8819212643483564 0.0 0.47139673682599526
outer loop
vertex -25.012212356943685 29.45 8.275
vertex -24.905789041712225 29.45 8.474104018744445
vertex -24.905789041712225 30.4 8.474104018744445
endloop
endfacet
facet normal -0.8492021815265761 0.0 0.5280678506503726
outer loop
vertex -25.13142983755622 29.45 8.083282696082373
vertex -25.012212356943685 30.4 8.275
vertex -25.13142983755622 30.4 8.083282696082373
endloop
endfacet
facet normal -0.8819212643483564 0.0 0.47139673682599526
outer loop
vertex -25.012212356943685 29.45 8.275
vertex -24.905789041712225 30.4 8.474104018744445
vertex -25.012212356943685 30.4 8.275
endloop
endfacet
facet normal -0.9108638249211789 0.0 0.4127070298043878
outer loop
vertex -24.905789041712225 29.45 8.474104018744445
vertex -24.812615612836062 29.45 8.67974215834044
vertex -24.812615612836062 30.4 8.67974215834044
endloop
endfacet
facet normal -0.9359059267573235 0.0 0.3522500479212397
outer loop
vertex -24.812615612836062 29.45 8.67974215834044
vertex -24.733091053241886 29.45 8.891033844704092
vertex -24.733091053241886 30.4 8.891033844704092
endloop
endfacet
facet normal -0.9569403357322067 0.0 0.29028467725446927
outer loop
vertex -24.733091053241886 29.45 8.891033844704092
vertex -24.667555899302712 29.45 9.107074294396304
vertex -24.667555899302712 30.4 9.107074294396304
endloop
endfacet
facet normal -0.9108638249211789 0.0 0.4127070298043878
outer loop
vertex -24.905789041712225 29.45 8.474104018744445
vertex -24.812615612836062 30.4 8.67974215834044
vertex -24.905789041712225 30.4 8.474104018744445
endloop
endfacet
facet normal -0.9359059267573235 0.0 0.3522500479212397
outer loop
vertex -24.812615612836062 29.45 8.67974215834044
vertex -24.733091053241886 30.4 8.891033844704092
vertex -24.812615612836062 30.4 8.67974215834044
endloop
endfacet
facet normal -0.9569403357322067 0.0 0.29028467725446927
outer loop
vertex -24.733091053241886 29.45 8.891033844704092
vertex -24.667555899302712 30.4 9.107074294396304
vertex -24.733091053241886 30.4 8.891033844704092
endloop
endfacet
facet normal -0.9738769792773342 0.0 0.22707626303437092
outer loop
vertex -24.667555899302712 29.45 9.107074294396304
vertex -24.616290782608854 29.45 9.326938389044358
vertex -24.616290782608854 30.4 9.326938389044358
endloop
endfacet
facet normal -0.9738769792773342 0.0 0.22707626303437092
outer loop
vertex -24.667555899302712 29.45 9.107074294396304
vertex -24.616290782608854 30.4 9.326938389044358
vertex -24.667555899302712 30.4 9.107074294396304
endloop
endfacet
facet normal -0.0 1.0 0.0
outer loop
vertex -26.157992471676504 29.45 11.615397246995169
vertex -26.08328269608237 29.45 12.868570162443781
vertex -26.056284316286472 29.45 11.491465501071366
endloop
endfacet
facet normal -0.0 1.0 -0.0
outer loop
vertex -26.056284316286472 29.45 11.491465501071366
vertex -26.08328269608237 29.45 12.868570162443781
vertex -25.962899449858764 29.45 11.361147070898026
endloop
endfacet
facet normal 0.0 1.0 -0.0
outer loop
vertex -25.878237760728126 29.45 11.225
vertex -25.962899449858764 29.45 11.361147070898026
vertex -25.899773069919913 29.45 12.73706902400476
endloop
endfacet
facet normal -0.0 1.0 -0.0
outer loop
vertex -25.878237760728126 29.45 11.225
vertex -25.899773069919913 29.45 12.73706902400476
vertex -25.802661783244915 29.45 11.083607291036554
endloop
endfacet
facet normal -0.0 1.0 0.0
outer loop
vertex -25.802661783244915 29.45 11.083607291036554
vertex -25.725256937904764 29.45 12.593847335802472
vertex -25.736495145347348 29.45 10.93757440929447
endloop
endfacet
facet normal -0.0 1.0 0.0
outer loop
vertex -25.736495145347348 29.45 10.93757440929447
vertex -25.725256937904764 29.45 12.593847335802472
vertex -25.68002118273699 29.45 10.787526689992745
endloop
endfacet
facet normal 0.0 1.0 0.0
outer loop
vertex -25.633481725591782 29.45 10.634106660501176
vertex -25.68002118273699 29.45 10.787526689992745
vertex -25.725256937904764 29.45 12.593847335802472
endloop
endfacet
facet normal -0.0 1.0 -0.0
outer loop
vertex -25.633481725591782 29.45 10.634106660501176
vertex -25.725256937904764 29.45 12.593847335802472
vertex -25.56048160490641 29.45 12.43951839509359
endloop
endfacet
facet normal -0.0 1.0 -0.0
outer loop
vertex -25.962899449858764 29.45 11.361147070898026
vertex -26.08328269608237 29.45 12.868570162443781
vertex -25.899773069919913 29.45 12.73706902400476
endloop
endfacet
facet normal -0.5824776968678053 0.0 -0.8128466845916128
outer loop
vertex -26.08328269608237 29.45 12.868570162443781
vertex -26.08328269608237 30.4 12.868570162443781
vertex -25.899773069919913 29.45 12.73706902400476
endloop
endfacet
facet normal -0.5824776968678053 0.0 -0.8128466845916128
outer loop
vertex -25.899773069919913 29.45 12.73706902400476
vertex -26.08328269608237 30.4 12.868570162443781
vertex -25.899773069919913 30.4 12.73706902400476
endloop
endfacet
facet normal -0.0 1.0 -0.0
outer loop
vertex -25.802661783244915 29.45 11.083607291036554
vertex -25.899773069919913 29.45 12.73706902400476
vertex -25.725256937904764 29.45 12.593847335802472
endloop
endfacet
facet normal -0.6343932841636473 0.0 -0.7730104533627353
outer loop
vertex -25.899773069919913 29.45 12.73706902400476
vertex -25.899773069919913 30.4 12.73706902400476
vertex -25.725256937904764 29.45 12.593847335802472
endloop
endfacet
facet normal -0.683592302022867 0.0 -0.7298640726978396
outer loop
vertex -25.725256937904764 29.45 12.593847335802472
vertex -25.725256937904764 30.4 12.593847335802472
vertex -25.56048160490641 29.45 12.43951839509359
endloop
endfacet
facet normal -0.6343932841636473 0.0 -0.7730104533627353
outer loop
vertex -25.725256937904764 29.45 12.593847335802472
vertex -25.899773069919913 30.4 12.73706902400476
vertex -25.725256937904764 30.4 12.593847335802472
endloop
endfacet
facet normal 0.0 1.0 0.0
outer loop
vertex -25.406152664197528 29.45 7.725256937904762
vertex -25.555245638065422 29.45 10.16023766661385
vertex -25.56048160490641 29.45 12.43951839509359
endloop
endfacet
facet normal -0.0 1.0 0.0
outer loop
vertex -25.633481725591782 29.45 10.634106660501176
vertex -25.56048160490641 29.45 12.43951839509359
vertex -25.597076063012086 29.45 10.477971288939514
endloop
endfacet
facet normal 0.0 1.0 -0.0
outer loop
vertex -25.570960089634163 29.45 10.319789170939126
vertex -25.597076063012086 29.45 10.477971288939514
vertex -25.56048160490641 29.45 12.43951839509359
endloop
endfacet
facet normal 0.0 1.0 -0.0
outer loop
vertex -25.555245638065422 29.45 10.16023766661385
vertex -25.570960089634163 29.45 10.319789170939126
vertex -25.56048160490641 29.45 12.43951839509359
endloop
endfacet
facet normal -0.0 1.0 -0.0
outer loop
vertex -25.406152664197528 29.45 7.725256937904762
vertex -25.56048160490641 29.45 12.43951839509359
vertex -25.406152664197528 29.45 12.274743062095238
endloop
endfacet
facet normal -0.0 1.0 0.0
outer loop
vertex -25.26293097599524 29.45 7.899773069919913
vertex -25.26293097599524 29.45 12.100226930080087
vertex -25.13142983755622 29.45 8.083282696082373
endloop
endfacet
facet normal -0.0 1.0 -0.0
outer loop
vertex -25.26293097599524 29.45 7.899773069919913
vertex -25.406152664197528 29.45 12.274743062095238
vertex -25.26293097599524 29.45 12.100226930080087
endloop
endfacet
facet normal -0.0 1.0 -0.0
outer loop
vertex -25.13142983755622 29.45 8.083282696082373
vertex -25.26293097599524 29.45 12.100226930080087
vertex -25.13142983755622 29.45 11.916717303917627
endloop
endfacet
facet normal -0.8128466845916155 0.0 -0.5824776968678015
outer loop
vertex -25.13142983755622 29.45 11.916717303917627
vertex -25.26293097599524 30.4 12.100226930080087
vertex -25.13142983755622 30.4 11.916717303917627
endloop
endfacet
facet normal -0.729864072697836 0.0 -0.6835923020228711
outer loop
vertex -25.406152664197528 29.45 12.274743062095238
vertex -25.56048160490641 29.45 12.43951839509359
vertex -25.56048160490641 30.4 12.43951839509359
endloop
endfacet
facet normal -0.683592302022867 0.0 -0.7298640726978396
outer loop
vertex -25.56048160490641 29.45 12.43951839509359
vertex -25.725256937904764 30.4 12.593847335802472
vertex -25.56048160490641 30.4 12.43951839509359
endloop
endfacet
facet normal -0.729864072697836 0.0 -0.6835923020228711
outer loop
vertex -25.406152664197528 29.45 12.274743062095238
vertex -25.56048160490641 30.4 12.43951839509359
vertex -25.406152664197528 30.4 12.274743062095238
endloop
endfacet
facet normal -0.7730104533627387 0.0 -0.6343932841636435
outer loop
vertex -25.406152664197528 29.45 12.274743062095238
vertex -25.406152664197528 30.4 12.274743062095238
vertex -25.26293097599524 29.45 12.100226930080087
endloop
endfacet
facet normal -0.8128466845916155 0.0 -0.5824776968678015
outer loop
vertex -25.26293097599524 29.45 12.100226930080087
vertex -25.26293097599524 30.4 12.100226930080087
vertex -25.13142983755622 29.45 11.916717303917627
endloop
endfacet
facet normal -0.7730104533627387 0.0 -0.6343932841636435
outer loop
vertex -25.26293097599524 29.45 12.100226930080087
vertex -25.406152664197528 30.4 12.274743062095238
vertex -25.26293097599524 30.4 12.100226930080087
endloop
endfacet
facet normal -0.0 1.0 0.0
outer loop
vertex -25.13142983755622 29.45 8.083282696082373
vertex -25.13142983755622 29.45 11.916717303917627
vertex -25.012212356943685 29.45 8.275
endloop
endfacet
facet normal -0.0 0.9999999999999999 -0.0
outer loop
vertex -25.012212356943685 29.45 8.275
vertex -25.13142983755622 29.45 11.916717303917627
vertex -25.012212356943685 29.45 11.725
endloop
endfacet
facet normal -0.0 1.0 0.0
outer loop
vertex -25.012212356943685 29.45 8.275
vertex -25.012212356943685 29.45 11.725
vertex -24.905789041712225 29.45 8.474104018744445
endloop
endfacet
facet normal -0.0 0.9999999999999999 -0.0
outer loop
vertex -24.905789041712225 29.45 8.474104018744445
vertex -25.012212356943685 29.45 11.725
vertex -24.905789041712225 29.45 11.525895981255555
endloop
endfacet
facet normal -0.8492021815265761 0.0 -0.5280678506503726
outer loop
vertex -25.13142983755622 29.45 11.916717303917627
vertex -25.13142983755622 30.4 11.916717303917627
vertex -25.012212356943685 29.45 11.725
endloop
endfacet
facet normal -0.8819212643483564 0.0 -0.47139673682599526
outer loop
vertex -25.012212356943685 29.45 11.725
vertex -25.012212356943685 30.4 11.725
vertex -24.905789041712225 29.45 11.525895981255555
endloop
endfacet
facet normal -0.8492021815265761 0.0 -0.5280678506503726
outer loop
vertex -25.012212356943685 29.45 11.725
vertex -25.13142983755622 30.4 11.916717303917627
vertex -25.012212356943685 30.4 11.725
endloop
endfacet
facet normal -0.8819212643483564 0.0 -0.47139673682599526
outer loop
vertex -24.905789041712225 29.45 11.525895981255555
vertex -25.012212356943685 30.4 11.725
vertex -24.905789041712225 30.4 11.525895981255555
endloop
endfacet
facet normal -0.0 1.0 0.0
outer loop
vertex -24.905789041712225 29.45 8.474104018744445
vertex -24.905789041712225 29.45 11.525895981255555
vertex -24.812615612836062 29.45 8.67974215834044
endloop
endfacet
facet normal -0.0 1.0 -0.0
outer loop
vertex -24.812615612836062 29.45 8.67974215834044
vertex -24.905789041712225 29.45 11.525895981255555
vertex -24.812615612836062 29.45 11.32025784165956
endloop
endfacet
facet normal -0.0 1.0 0.0
outer loop
vertex -24.812615612836062 29.45 8.67974215834044
vertex -24.812615612836062 29.45 11.32025784165956
vertex -24.733091053241886 29.45 8.891033844704092
endloop
endfacet
facet normal -0.0 1.0 0.0
outer loop
vertex -24.733091053241886 29.45 8.891033844704092
vertex -24.733091053241886 29.45 11.108966155295908
vertex -24.667555899302712 29.45 9.107074294396304
endloop
endfacet
facet normal -0.0 0.9999999999999999 -0.0
outer loop
vertex -24.733091053241886 29.45 8.891033844704092
vertex -24.812615612836062 29.45 11.32025784165956
vertex -24.733091053241886 29.45 11.108966155295908
endloop
endfacet
facet normal -0.0 1.0 -0.0
outer loop
vertex -24.667555899302712 29.45 9.107074294396304
vertex -24.733091053241886 29.45 11.108966155295908
vertex -24.667555899302712 29.45 10.892925705603696
endloop
endfacet
facet normal -0.9108638249211789 0.0 -0.4127070298043878
outer loop
vertex -24.905789041712225 29.45 11.525895981255555
vertex -24.905789041712225 30.4 11.525895981255555
vertex -24.812615612836062 29.45 11.32025784165956
endloop
endfacet
facet normal -0.9359059267573235 0.0 -0.3522500479212397
outer loop
vertex -24.733091053241886 29.45 11.108966155295908
vertex -24.812615612836062 29.45 11.32025784165956
vertex -24.812615612836062 30.4 11.32025784165956
endloop
endfacet
facet normal -0.9569403357322067 0.0 -0.29028467725446927
outer loop
vertex -24.733091053241886 29.45 11.108966155295908
vertex -24.733091053241886 30.4 11.108966155295908
vertex -24.667555899302712 29.45 10.892925705603696
endloop
endfacet
facet normal -0.9108638249211789 0.0 -0.4127070298043878
outer loop
vertex -24.812615612836062 29.45 11.32025784165956
vertex -24.905789041712225 30.4 11.525895981255555
vertex -24.812615612836062 30.4 11.32025784165956
endloop
endfacet
facet normal -0.9359059267573235 0.0 -0.3522500479212397
outer loop
vertex -24.733091053241886 29.45 11.108966155295908
vertex -24.812615612836062 30.4 11.32025784165956
vertex -24.733091053241886 30.4 11.108966155295908
endloop
endfacet
facet normal -0.9569403357322067 0.0 -0.29028467725446927
outer loop
vertex -24.667555899302712 29.45 10.892925705603696
vertex -24.733091053241886 30.4 11.108966155295908
vertex -24.667555899302712 30.4 10.892925705603696
endloop
endfacet
facet normal -0.0 1.0 0.0
outer loop
vertex -24.667555899302712 29.45 9.107074294396304
vertex -24.667555899302712 29.45 10.892925705603696
vertex -24.616290782608854 29.45 9.326938389044358
endloop
endfacet
facet normal -0.0 1.0 0.0
outer loop
vertex -24.616290782608854 29.45 9.326938389044358
vertex -24.616290782608854 29.45 10.673061610955642
vertex -24.579515228260355 29.45 9.549684636840823
endloop
endfacet
facet normal -0.0 1.0 0.0
outer loop
vertex -24.579515228260355 29.45 9.549684636840823
vertex -24.579515228260355 29.45 10.450315363159177
vertex -24.55738671482682 29.45 9.774359204156006
endloop
endfacet
facet normal -0.0 1.0 -0.0
outer loop
vertex -24.616290782608854 29.45 9.326938389044358
vertex -24.667555899302712 29.45 10.892925705603696
vertex -24.616290782608854 29.45 10.673061610955642
endloop
endfacet
facet normal -0.0 1.0 -0.0
outer loop
vertex -24.579515228260355 29.45 9.549684636840823
vertex -24.616290782608854 29.45 10.673061610955642
vertex -24.579515228260355 29.45 10.450315363159177
endloop
endfacet
facet normal -0.0 1.0 -0.0
outer loop
vertex -24.55738671482682 29.45 9.774359204156006
vertex -24.579515228260355 29.45 10.450315363159177
vertex -24.55738671482682 29.45 10.225640795843994
endloop
endfacet
facet normal -0.986643332084881 0.0 0.16289547339457697
outer loop
vertex -24.616290782608854 29.45 9.326938389044358
vertex -24.579515228260355 29.45 9.549684636840823
vertex -24.579515228260355 30.4 9.549684636840823
endloop
endfacet
facet normal -0.995184726672197 0.0 0.09801714032956044
outer loop
vertex -24.579515228260355 29.45 9.549684636840823
vertex -24.55738671482682 29.45 9.774359204156006
vertex -24.55738671482682 30.4 9.774359204156006
endloop
endfacet
facet normal -0.986643332084881 0.0 -0.16289547339457697
outer loop
vertex -24.616290782608854 29.45 10.673061610955642
vertex -24.616290782608854 30.4 10.673061610955642
vertex -24.579515228260355 29.45 10.450315363159177
endloop
endfacet
facet normal -0.995184726672197 0.0 -0.09801714032956044
outer loop
vertex -24.55738671482682 29.45 10.225640795843994
vertex -24.579515228260355 29.45 10.450315363159177
vertex -24.579515228260355 30.4 10.450315363159177
endloop
endfacet
facet normal -0.0 1.0 0.0
outer loop
vertex -24.55738671482682 29.45 9.774359204156006
vertex -24.55738671482682 29.45 10.225640795843994
vertex -24.55 29.45 10.0
endloop
endfacet
facet normal -0.9994645874763656 0.0 0.032719082821778864
outer loop
vertex -24.55738671482682 29.45 9.774359204156006
vertex -24.55 29.45 10.0
vertex -24.55 30.4 10.0
endloop
endfacet
facet normal -0.9994645874763656 0.0 -0.032719082821778864
outer loop
vertex -24.55 29.45 10.0
vertex -24.55738671482682 29.45 10.225640795843994
vertex -24.55738671482682 30.4 10.225640795843994
endloop
endfacet
facet normal -0.9738769792773342 0.0 -0.22707626303437092
outer loop
vertex -24.616290782608854 29.45 10.673061610955642
vertex -24.667555899302712 29.45 10.892925705603696
vertex -24.667555899302712 30.4 10.892925705603696
endloop
endfacet
facet normal -0.986643332084881 0.0 0.16289547339457697
outer loop
vertex -24.616290782608854 29.45 9.326938389044358
vertex -24.579515228260355 30.4 9.549684636840823
vertex -24.616290782608854 30.4 9.326938389044358
endloop
endfacet
facet normal -0.995184726672197 0.0 0.09801714032956044
outer loop
vertex -24.579515228260355 29.45 9.549684636840823
vertex -24.55738671482682 30.4 9.774359204156006
vertex -24.579515228260355 30.4 9.549684636840823
endloop
endfacet
facet normal -0.995184726672197 0.0 -0.09801714032956044
outer loop
vertex -24.55738671482682 29.45 10.225640795843994
vertex -24.579515228260355 30.4 10.450315363159177
vertex -24.55738671482682 30.4 10.225640795843994
endloop
endfacet
facet normal -0.986643332084881 0.0 -0.16289547339457697
outer loop
vertex -24.579515228260355 29.45 10.450315363159177
vertex -24.616290782608854 30.4 10.673061610955642
vertex -24.579515228260355 30.4 10.450315363159177
endloop
endfacet
facet normal -0.9994645874763656 0.0 0.032719082821778864
outer loop
vertex -24.55738671482682 29.45 9.774359204156006
vertex -24.55 30.4 10.0
vertex -24.55738671482682 30.4 9.774359204156006
endloop
endfacet
facet normal -0.9994645874763656 0.0 -0.032719082821778864
outer loop
vertex -24.55 29.45 10.0
vertex -24.55738671482682 30.4 10.225640795843994
vertex -24.55 30.4 10.0
endloop
endfacet
facet normal -0.9738769792773342 0.0 -0.22707626303437092
outer loop
vertex -24.616290782608854 29.45 10.673061610955642
vertex -24.667555899302712 30.4 10.892925705603696
vertex -24.616290782608854 30.4 10.673061610955642
endloop
endfacet
facet normal 1.0 0.0 -0.0
outer loop
vertex -30.850000001490116 22.3 -19.014823228120804
vertex -30.850000001490116 29.45 -19.014823228120804
vertex -30.850000001490116 22.3 -17.785176768898964
endloop
endfacet
facet normal -0.0 1.0 0.0
outer loop
vertex -30.850000001490116 22.3 -19.014823228120804
vertex -30.850000001490116 22.3 -17.785176768898964
vertex -29.885649159421114 22.3 -19.962219765640313
endloop
endfacet
facet normal 0.0 1.0 0.0
outer loop
vertex -30.850000001490116 22.3 -17.785176768898964
vertex -29.712411612272263 22.3 -20.132411614060402
vertex -29.885649159421114 22.3 -19.962219765640313
endloop
endfacet
facet normal -0.0 1.0 0.0
outer loop
vertex -30.850000001490116 22.3 -17.785176768898964
vertex -29.885649146797544 22.3 -16.837780218977823
vertex -29.712411612272263 22.3 -20.132411614060402
endloop
endfacet
facet normal 0.7008082559590109 0.0 -0.7133496957171073
outer loop
vertex -30.850000001490116 22.3 -17.785176768898964
vertex -30.850000001490116 29.45 -17.785176768898964
vertex -29.885649146797544 22.3 -16.837780218977823
endloop
endfacet
facet normal 0.7008082559590117 -0.0 0.7133496957171064
outer loop
vertex -30.850000001490116 22.3 -19.014823228120804
vertex -29.885649159421114 22.3 -19.962219765640313
vertex -29.885649159421114 29.45 -19.962219765640313
endloop
endfacet
facet normal 1.0 -0.0 0.0
outer loop
vertex -30.850000001490116 22.3 -17.785176768898964
vertex -30.850000001490116 29.45 -19.014823228120804
vertex -30.850000001490116 29.45 -17.785176768898964
endloop
endfacet
facet normal 0.7008082559590117 0.0 0.7133496957171064
outer loop
vertex -30.850000001490116 22.3 -19.014823228120804
vertex -29.885649159421114 29.45 -19.962219765640313
vertex -30.850000001490116 29.45 -19.014823228120804
endloop
endfacet
facet normal 0.7008082559590109 0.0 -0.7133496957171073
outer loop
vertex -29.885649146797544 22.3 -16.837780218977823
vertex -30.850000001490116 29.45 -17.785176768898964
vertex -29.885649146797544 29.45 -16.837780218977823
endloop
endfacet
facet normal -0.0 1.0 0.0
outer loop
vertex -29.885649146797544 22.3 -16.837780218977823
vertex -29.712411612272263 22.3 -16.667588382959366
vertex -29.712411612272263 22.3 -20.132411614060402
endloop
endfacet
facet normal 0.0 1.0 -0.0
outer loop
vertex -30.850000001490116 29.45 -17.785176768898964
vertex -31.8 29.45 -21.849999999999998
vertex -31.8 29.45 -14.95
endloop
endfacet
facet normal 0.0 1.0 -0.0
outer loop
vertex -30.850000001490116 29.45 -19.014823228120804
vertex -31.8 29.45 -21.849999999999998
vertex -30.850000001490116 29.45 -17.785176768898964
endloop
endfacet
facet normal 0.0 1.0 0.0
outer loop
vertex -30.850000001490116 29.45 -19.014823228120804
vertex -29.885649159421114 29.45 -19.962219765640313
vertex -31.8 29.45 -21.849999999999998
endloop
endfacet
facet normal 0.0 1.0 0.0
outer loop
vertex -29.73241161390704 29.45 -20.13241161390704
vertex -29.61539724699517 29.45 -20.242007528323494
vertex -31.8 29.45 -21.849999999999998
endloop
endfacet
facet normal 0.0 1.0 0.0
outer loop
vertex -29.885649159421114 29.45 -19.962219765640313
vertex -29.73241161390704 29.45 -20.13241161390704
vertex -31.8 29.45 -21.849999999999998
endloop
endfacet
facet normal -0.0 0.0 1.0
outer loop
vertex -31.8 30.4 -21.849999999999998
vertex -31.8 29.45 -21.849999999999998
vertex -28.0 30.4 -21.849999999999998
endloop
endfacet
facet normal 0.0 1.0 0.0
outer loop
vertex -29.61539724699517 29.45 -20.242007528323494
vertex -29.491465501071367 29.45 -20.343715683713526
vertex -31.8 29.45 -21.849999999999998
endloop
endfacet
facet normal -0.0 1.0 -0.0
outer loop
vertex -30.850000001490116 29.45 -17.785176768898964
vertex -31.8 29.45 -14.95
vertex -29.885649146797544 29.45 -16.837780218977823
endloop
endfacet
facet normal -0.0 1.0 -0.0
outer loop
vertex -29.885649146797544 29.45 -16.837780218977823
vertex -31.8 29.45 -14.95
vertex -29.73241161390704 29.45 -16.66758838609296
endloop
endfacet
facet normal -0.0 1.0 -0.0
outer loop
vertex -29.73241161390704 29.45 -16.66758838609296
vertex -31.8 29.45 -14.95
vertex -29.61539724699517 29.45 -16.557992471676503
endloop
endfacet
facet normal 0.0 0.0 -1.0
outer loop
vertex -28.0 29.45 -14.95
vertex -31.8 29.45 -14.95
vertex -31.8 30.4 -14.95
endloop
endfacet
facet normal 0.0 1.0 0.0
outer loop
vertex -29.491465501071367 29.45 -20.343715683713526
vertex -28.0 29.45 -21.849999999999998
vertex -31.8 29.45 -21.849999999999998
endloop
endfacet
facet normal 0.0 -0.0 1.0
outer loop
vertex -28.0 29.45 -21.849999999999998
vertex -28.0 30.4 -21.849999999999998
vertex -31.8 29.45 -21.849999999999998
endloop
endfacet
facet normal 0.0 1.0 0.0
outer loop
vertex -29.491465501071367 29.45 -20.343715683713526
vertex -29.361147070898024 29.45 -20.437100550141235
vertex -28.0 29.45 -21.849999999999998
endloop
endfacet
facet normal 0.0 1.0 -0.0
outer loop
vertex -29.61539724699517 29.45 -16.557992471676503
vertex -31.8 29.45 -14.95
vertex -28.0 29.45 -14.95
endloop
endfacet
facet normal 0.0 0.0 -1.0
outer loop
vertex -28.0 29.45 -14.95
vertex -31.8 30.4 -14.95
vertex -28.0 30.4 -14.95
endloop
endfacet
facet normal -0.0 1.0 0.0
outer loop
vertex -29.61539724699517 29.45 -16.557992471676503
vertex -28.0 29.45 -14.95
vertex -29.491465501071367 29.45 -16.45628431628647
endloop
endfacet
facet normal -0.0 0.9999999999999999 0.0
outer loop
vertex -29.491465501071367 29.45 -16.45628431628647
vertex -28.0 29.45 -14.95
vertex -29.361147070898024 29.45 -16.362899449858762
endloop
endfacet
facet normal 0.0 1.0 0.0
outer loop
vertex -29.361147070898024 29.45 -20.437100550141235
vertex -29.225 29.45 -20.521762239271872
vertex -28.0 29.45 -21.849999999999998
endloop
endfacet
facet normal 0.0 0.9999999999999999 0.0
outer loop
vertex -29.225 29.45 -20.521762239271872
vertex -29.083607291036554 29.45 -20.597338216755084
vertex -28.0 29.45 -21.849999999999998
endloop
endfacet
facet normal 0.0 1.0 0.0
outer loop
vertex -29.083607291036554 29.45 -20.597338216755084
vertex -28.93757440929447 29.45 -20.66350485465265
vertex -28.0 29.45 -21.849999999999998
endloop
endfacet
facet normal 0.0 1.0 0.0
outer loop
vertex -28.93757440929447 29.45 -20.66350485465265
vertex -28.787526689992745 29.45 -20.71997881726301
vertex -28.0 29.45 -21.849999999999998
endloop
endfacet
facet normal 0.0 1.0 0.0
outer loop
vertex -28.787526689992745 29.45 -20.71997881726301
vertex -28.634106660501175 29.45 -20.766518274408217
vertex -28.0 29.45 -21.849999999999998
endloop
endfacet
facet normal 0.0 1.0 0.0
outer loop
vertex -28.634106660501175 29.45 -20.766518274408217
vertex -28.477971288939514 29.45 -20.802923936987913
vertex -28.0 29.45 -21.849999999999998
endloop
endfacet
facet normal 0.0 1.0 0.0
outer loop
vertex -28.477971288939514 29.45 -20.802923936987913
vertex -28.319789170939128 29.45 -20.829039910365836
vertex -28.0 29.45 -21.849999999999998
endloop
endfacet
facet normal 0.0 1.0 0.0
outer loop
vertex -28.319789170939128 29.45 -20.829039910365836
vertex -28.16023766661385 29.45 -20.844754361934577
vertex -28.0 29.45 -21.849999999999998
endloop
endfacet
facet normal 0.0 1.0 0.0
outer loop
vertex -28.16023766661385 29.45 -20.844754361934577
vertex -28.0 29.45 -20.849999999999998
vertex -28.0 29.45 -21.849999999999998
endloop
endfacet
facet normal -0.0 1.0 0.0
outer loop
vertex -29.361147070898024 29.45 -16.362899449858762
vertex -28.0 29.45 -14.95
vertex -29.225 29.45 -16.278237760728125
endloop
endfacet
facet normal -0.0 0.9999999999999999 0.0
outer loop
vertex -29.225 29.45 -16.278237760728125
vertex -28.0 29.45 -14.95
vertex -29.083607291036554 29.45 -16.202661783244913
endloop
endfacet
facet normal -0.0 1.0 0.0
outer loop
vertex -29.083607291036554 29.45 -16.202661783244913
vertex -28.0 29.45 -14.95
vertex -28.93757440929447 29.45 -16.136495145347347
endloop
endfacet
facet normal -0.0 1.0 0.0
outer loop
vertex -28.93757440929447 29.45 -16.136495145347347
vertex -28.0 29.45 -14.95
vertex -28.787526689992745 29.45 -16.08002118273699
endloop
endfacet
facet normal -0.0 1.0 0.0
outer loop
vertex -28.787526689992745 29.45 -16.08002118273699
vertex -28.0 29.45 -14.95
vertex -28.634106660501175 29.45 -16.03348172559178
endloop
endfacet
facet normal -0.0 1.0 0.0
outer loop
vertex -28.634106660501175 29.45 -16.03348172559178
vertex -28.0 29.45 -14.95
vertex -28.477971288939514 29.45 -15.997076063012084
endloop
endfacet
facet normal -0.0 1.0 0.0
outer loop
vertex -28.477971288939514 29.45 -15.997076063012084
vertex -28.0 29.45 -14.95
vertex -28.319789170939128 29.45 -15.970960089634163
endloop
endfacet
facet normal -0.0 1.0 0.0
outer loop
vertex -28.319789170939128 29.45 -15.970960089634163
vertex -28.0 29.45 -14.95
vertex -28.16023766661385 29.45 -15.95524563806542
endloop
endfacet
facet normal -0.0 1.0 0.0
outer loop
vertex -28.16023766661385 29.45 -15.95524563806542
vertex -28.0 29.45 -14.95
vertex -28.0 29.45 -15.95
endloop
endfacet
facet normal -0.0 0.9999999999999999 -0.0
outer loop
vertex -29.885649153109327 22.3 8.437780226668751
vertex -30.850000001490116 22.3 10.61482322961092
vertex -29.712411612272263 22.3 8.267588384449482
endloop
endfacet
facet normal 0.700808255959012 -0.0 0.7133496957171062
outer loop
vertex -29.885649153109327 22.3 8.437780226668751
vertex -29.885649153109327 29.45 8.437780226668751
vertex -30.850000001490116 22.3 9.38517677038908
endloop
endfacet
facet normal 1.0 0.0 -0.0
outer loop
vertex -30.850000001490116 22.3 9.38517677038908
vertex -30.850000001490116 29.45 9.38517677038908
vertex -30.850000001490116 22.3 10.61482322961092
endloop
endfacet
facet normal 0.0 1.0 -0.0
outer loop
vertex -29.885649153109327 22.3 8.437780226668751
vertex -30.850000001490116 22.3 9.38517677038908
vertex -30.850000001490116 22.3 10.61482322961092
endloop
endfacet
facet normal -0.0 1.0 0.0
outer loop
vertex -30.850000001490116 22.3 10.61482322961092
vertex -29.885649153109327 22.3 11.562219773331249
vertex -29.712411612272263 22.3 8.267588384449482
endloop
endfacet
facet normal 0.700808255959012 0.0 -0.7133496957171062
outer loop
vertex -30.850000001490116 22.3 10.61482322961092
vertex -30.850000001490116 29.45 10.61482322961092
vertex -29.885649153109327 22.3 11.562219773331249
endloop
endfacet
facet normal 0.700808255959012 0.0 0.7133496957171062
outer loop
vertex -30.850000001490116 22.3 9.38517677038908
vertex -29.885649153109327 29.45 8.437780226668751
vertex -30.850000001490116 29.45 9.38517677038908
endloop
endfacet
facet normal 1.0 -0.0 0.0
outer loop
vertex -30.850000001490116 22.3 10.61482322961092
vertex -30.850000001490116 29.45 9.38517677038908
vertex -30.850000001490116 29.45 10.61482322961092
endloop
endfacet
facet normal 0.700808255959012 0.0 -0.7133496957171062
outer loop
vertex -29.885649153109327 22.3 11.562219773331249
vertex -30.850000001490116 29.45 10.61482322961092
vertex -29.885649153109327 29.45 11.562219773331249
endloop
endfacet
facet normal -0.0 1.0 0.0
outer loop
vertex -29.885649153109327 22.3 11.562219773331249
vertex -29.712411612272263 22.3 11.732411615550518
vertex -29.712411612272263 22.3 8.267588384449482
endloop
endfacet
facet normal -0.0 0.0 1.0
outer loop
vertex -31.8 30.4 6.55
vertex -31.8 29.45 6.55
vertex -28.0 30.4 6.55
endloop
endfacet
facet normal 0.0 1.0 -0.0
outer loop
vertex -29.885649153109327 29.45 8.437780226668751
vertex -31.8 29.45 6.55
vertex -30.850000001490116 29.45 9.38517677038908
endloop
endfacet
facet normal 0.0 1.0 0.0
outer loop
vertex -29.885649153109327 29.45 8.437780226668751
vertex -29.73241161390704 29.45 8.267588386092958
vertex -31.8 29.45 6.55
endloop
endfacet
facet normal 0.0 1.0 0.0
outer loop
vertex -29.73241161390704 29.45 8.267588386092958
vertex -29.61539724699517 29.45 8.157992471676506
vertex -31.8 29.45 6.55
endloop
endfacet
facet normal 0.0 1.0 0.0
outer loop
vertex -29.61539724699517 29.45 8.157992471676506
vertex -29.491465501071367 29.45 8.056284316286474
vertex -31.8 29.45 6.55
endloop
endfacet
facet normal 0.0 0.9999999999999999 -0.0
outer loop
vertex -30.850000001490116 29.45 9.38517677038908
vertex -31.8 29.45 6.55
vertex -31.8 29.45 13.45
endloop
endfacet
facet normal -0.0 1.0 -0.0
outer loop
vertex -30.850000001490116 29.45 9.38517677038908
vertex -31.8 29.45 13.45
vertex -30.850000001490116 29.45 10.61482322961092
endloop
endfacet
facet normal -0.0 0.9999999999999999 -0.0
outer loop
vertex -30.850000001490116 29.45 10.61482322961092
vertex -31.8 29.45 13.45
vertex -29.885649153109327 29.45 11.562219773331249
endloop
endfacet
facet normal -0.0 1.0 -0.0
outer loop
vertex -29.885649153109327 29.45 11.562219773331249
vertex -31.8 29.45 13.45
vertex -29.73241161390704 29.45 11.732411613907042
endloop
endfacet
facet normal -0.0 1.0 -0.0
outer loop
vertex -29.73241161390704 29.45 11.732411613907042
vertex -31.8 29.45 13.45
vertex -29.61539724699517 29.45 11.842007528323494
endloop
endfacet
facet normal 0.0 0.0 -1.0
outer loop
vertex -28.0 29.45 13.45
vertex -31.8 29.45 13.45
vertex -31.8 30.4 13.45
endloop
endfacet
facet normal 0.0 1.0 0.0
outer loop
vertex -29.491465501071367 29.45 8.056284316286474
vertex -28.0 29.45 6.55
vertex -31.8 29.45 6.55
endloop
endfacet
facet normal 0.0 -0.0 1.0
outer loop
vertex -28.0 29.45 6.55
vertex -28.0 30.4 6.55
vertex -31.8 29.45 6.55
endloop
endfacet
facet normal 0.0 1.0 0.0
outer loop
vertex -29.491465501071367 29.45 8.056284316286474
vertex -29.361147070898024 29.45 7.962899449858764
vertex -28.0 29.45 6.55
endloop
endfacet
facet normal 0.0 0.9999999999999999 0.0
outer loop
vertex -29.361147070898024 29.45 7.962899449858764
vertex -29.225 29.45 7.878237760728124
vertex -28.0 29.45 6.55
endloop
endfacet
facet normal 0.0 1.0 0.0
outer loop
vertex -29.225 29.45 7.878237760728124
vertex -29.083607291036554 29.45 7.802661783244913
vertex -28.0 29.45 6.55
endloop
endfacet
facet normal 0.0 1.0 0.0
outer loop
vertex -29.083607291036554 29.45 7.802661783244913
vertex -28.93757440929447 29.45 7.736495145347347
vertex -28.0 29.45 6.55
endloop
endfacet
facet normal 0.0 1.0 0.0
outer loop
vertex -28.93757440929447 29.45 7.736495145347347
vertex -28.787526689992745 29.45 7.680021182736991
vertex -28.0 29.45 6.55
endloop
endfacet
facet normal 0.0 1.0 0.0
outer loop
vertex -28.787526689992745 29.45 7.680021182736991
vertex -28.634106660501175 29.45 7.633481725591782
vertex -28.0 29.45 6.55
endloop
endfacet
facet normal 0.0 1.0 0.0
outer loop
vertex -28.634106660501175 29.45 7.633481725591782
vertex -28.477971288939514 29.45 7.597076063012086
vertex -28.0 29.45 6.55
endloop
endfacet
facet normal 0.0 1.0 0.0
outer loop
vertex -28.477971288939514 29.45 7.597076063012086
vertex -28.319789170939128 29.45 7.5709600896341644
vertex -28.0 29.45 6.55
endloop
endfacet
facet normal 0.0 1.0 0.0
outer loop
vertex -28.319789170939128 29.45 7.5709600896341644
vertex -28.16023766661385 29.45 7.555245638065421
vertex -28.0 29.45 6.55
endloop
endfacet
facet normal -0.0 1.0 -0.0
outer loop
vertex -28.0 29.45 6.55
vertex -28.16023766661385 29.45 7.555245638065421
vertex -28.0 29.45 7.55
endloop
endfacet
facet normal 0.0 1.0 -0.0
outer loop
vertex -29.61539724699517 29.45 11.842007528323494
vertex -31.8 29.45 13.45
vertex -28.0 29.45 13.45
endloop
endfacet
facet normal 0.0 0.0 -1.0
outer loop
vertex -28.0 29.45 13.45
vertex -31.8 30.4 13.45
vertex -28.0 30.4 13.45
endloop
endfacet
facet normal -0.0 1.0 0.0
outer loop
vertex -29.61539724699517 29.45 11.842007528323494
vertex -28.0 29.45 13.45
vertex -29.491465501071367 29.45 11.943715683713526
endloop
endfacet
facet normal -0.0 1.0 0.0
outer loop
vertex -29.491465501071367 29.45 11.943715683713526
vertex -28.0 29.45 13.45
vertex -29.361147070898024 29.45 12.037100550141236
endloop
endfacet
facet normal -0.0 1.0 0.0
outer loop
vertex -29.361147070898024 29.45 12.037100550141236
vertex -28.0 29.45 13.45
vertex -29.225 29.45 12.121762239271876
endloop
endfacet
facet normal -0.0 1.0 0.0
outer loop
vertex -29.225 29.45 12.121762239271876
vertex -28.0 29.45 13.45
vertex -29.083607291036554 29.45 12.197338216755087
endloop
endfacet
facet normal -0.0 1.0 0.0
outer loop
vertex -29.083607291036554 29.45 12.197338216755087
vertex -28.0 29.45 13.45
vertex -28.93757440929447 29.45 12.263504854652652
endloop
endfacet
facet normal -0.0 1.0 0.0
outer loop
vertex -28.93757440929447 29.45 12.263504854652652
vertex -28.0 29.45 13.45
vertex -28.787526689992745 29.45 12.31997881726301
endloop
endfacet
facet normal -0.0 1.0 0.0
outer loop
vertex -28.787526689992745 29.45 12.31997881726301
vertex -28.0 29.45 13.45
vertex -28.634106660501175 29.45 12.366518274408218
endloop
endfacet
facet normal -0.0 1.0 0.0
outer loop
vertex -28.634106660501175 29.45 12.366518274408218
vertex -28.0 29.45 13.45
vertex -28.477971288939514 29.45 12.402923936987914
endloop
endfacet
facet normal -0.0 1.0 0.0
outer loop
vertex -28.477971288939514 29.45 12.402923936987914
vertex -28.0 29.45 13.45
vertex -28.319789170939128 29.45 12.429039910365836
endloop
endfacet
facet normal -0.0 1.0 0.0
outer loop
vertex -28.319789170939128 29.45 12.429039910365836
vertex -28.0 29.45 13.45
vertex -28.16023766661385 29.45 12.444754361934578
endloop
endfacet
facet normal -0.0 1.0 0.0
outer loop
vertex -28.16023766661385 29.45 12.444754361934578
vertex -28.0 29.45 13.45
vertex -28.0 29.45 12.45
endloop
endfacet

endsolid
