solid geometry_1
facet normal -6.123233995736766e-17 0.0 1.0
outer loop
vertex 1.7000000000000002 20.1 7.599999999999994
vertex 2.3 20.1 7.599999999999994
vertex 2.3 23.900000000000002 7.599999999999994
endloop
endfacet
facet normal -6.123233995736766e-17 0.0 1.0
outer loop
vertex 1.7000000000000002 20.1 7.599999999999994
vertex 2.3 23.900000000000002 7.599999999999994
vertex 1.7000000000000002 27.7 7.599999999999994
endloop
endfacet
facet normal -6.123233995736766e-17 0.0 1.0
outer loop
vertex 2.3 23.900000000000002 7.599999999999994
vertex 8.7 23.900000000000002 7.599999999999994
vertex 1.7000000000000002 27.7 7.599999999999994
endloop
endfacet
facet normal 0.0 1.0 0.0
outer loop
vertex 1.7000000000000002 27.7 7.599999999999994
vertex 5.280899517079021 27.7 7.142827392849313
vertex 5.062737256062827 27.7 7.121340285602258
endloop
endfacet
facet normal 0.0 1.0 0.0
outer loop
vertex 1.7000000000000002 27.7 7.599999999999994
vertex 5.062737256062827 27.7 7.121340285602258
vertex 4.84644742124597 27.7 7.085630689350822
endloop
endfacet
facet normal 0.0 1.0 0.0
outer loop
vertex 1.7000000000000002 27.7 7.599999999999994
vertex 4.632956198906555 27.7 7.03585151806837
vertex 4.423177791234409 27.7 6.972215933808599
endloop
endfacet
facet normal 0.0 1.0 0.0
outer loop
vertex 1.7000000000000002 27.7 7.599999999999994
vertex 4.84644742124597 27.7 7.085630689350822
vertex 4.632956198906555 27.7 7.03585151806837
endloop
endfacet
facet normal 0.0 1.0 0.0
outer loop
vertex 1.7000000000000002 27.7 7.599999999999994
vertex 4.423177791234409 27.7 6.972215933808599
vertex 4.218010501576949 27.7 6.894996433912809
endloop
endfacet
facet normal 0.0 1.0 0.0
outer loop
vertex 1.7000000000000002 27.7 7.599999999999994
vertex 5.5 27.7 7.1499999999999915
vertex 5.280899517079021 27.7 7.142827392849313
endloop
endfacet
facet normal 0.0 1.0 0.0
outer loop
vertex 1.7000000000000002 27.7 7.599999999999994
vertex 4.218010501576949 27.7 6.894996433912809
vertex 4.018332887766346 27.7 6.804523684134509
endloop
endfacet
facet normal 0.0 1.0 0.0
outer loop
vertex 1.7000000000000002 27.7 7.599999999999994
vertex 4.018332887766346 27.7 6.804523684134509
vertex 3.825 27.7 6.701185102677869
endloop
endfacet
facet normal 0.0 1.0 0.0
outer loop
vertex 1.7000000000000002 27.7 7.599999999999994
vertex 3.825 27.7 6.701185102677869
vertex 3.6388397193843325 27.7 6.58542320121353
endloop
endfacet
facet normal 0.0 1.0 0.0
outer loop
vertex 1.7000000000000002 27.7 7.599999999999994
vertex 3.6388397193843325 27.7 6.58542320121353
vertex 3.460649212820786 27.7 6.45773368997564
endloop
endfacet
facet normal 0.0 1.0 0.0
outer loop
vertex 1.7000000000000002 27.7 7.599999999999994
vertex 3.460649212820786 27.7 6.45773368997564
vertex 3.2911915194147694 27.7 6.318663355054568
endloop
endfacet
facet normal 0.0 1.0 0.0
outer loop
vertex 1.7000000000000002 27.7 7.599999999999994
vertex 3.2911915194147694 27.7 6.318663355054568
vertex 3.131192283025066 27.7 6.168807716974925
endloop
endfacet
facet normal -6.123233995736766e-17 0.0 1.0
outer loop
vertex 8.7 23.900000000000002 7.599999999999994
vertex 18.3 23.900000000000002 7.599999999999994
vertex 1.7000000000000002 27.7 7.599999999999994
endloop
endfacet
facet normal 0.0 1.0 0.0
outer loop
vertex 1.7000000000000002 27.7 7.599999999999994
vertex 3.131192283025066 27.7 6.168807716974925
vertex 2.9813366449454257 27.7 6.00880848058523
endloop
endfacet
facet normal 0.0 1.0 0.0
outer loop
vertex 1.7000000000000002 27.7 7.599999999999994
vertex 2.9813366449454257 27.7 6.00880848058523
vertex 2.842266310024362 27.7 5.839350787179214
endloop
endfacet
facet normal 0.0 1.0 0.0
outer loop
vertex 1.7000000000000002 27.7 7.599999999999994
vertex 2.842266310024362 27.7 5.839350787179214
vertex 2.7145767987864735 27.7 5.661160280615661
endloop
endfacet
facet normal 0.0 1.0 0.0
outer loop
vertex 1.7000000000000002 27.7 7.599999999999994
vertex 2.7145767987864735 27.7 5.661160280615661
vertex 2.5988148973221303 27.7 5.474999999999994
endloop
endfacet
facet normal 0.0 1.0 0.0
outer loop
vertex 1.7000000000000002 27.7 7.599999999999994
vertex 2.5988148973221303 27.7 5.474999999999994
vertex 2.4954763158654942 27.7 5.281667112233649
endloop
endfacet
facet normal 0.0 1.0 0.0
outer loop
vertex 1.7000000000000002 27.7 7.599999999999994
vertex 2.4954763158654942 27.7 5.281667112233649
vertex 2.4050035660871893 27.7 5.081989498423042
endloop
endfacet
facet normal 0.0 1.0 0.0
outer loop
vertex 1.7000000000000002 27.7 7.599999999999994
vertex 2.4050035660871893 27.7 5.081989498423042
vertex 2.3277840661913958 27.7 4.876822208765589
endloop
endfacet
facet normal 0.0 1.0 0.0
outer loop
vertex 1.7000000000000002 27.7 7.599999999999994
vertex 2.3277840661913958 27.7 4.876822208765589
vertex 2.264148481931621 27.7 4.667043801093442
endloop
endfacet
facet normal -6.123233995736766e-17 0.0 1.0
outer loop
vertex 8.7 20.1 7.599999999999994
vertex 18.3 20.1 7.599999999999994
vertex 8.7 23.900000000000002 7.599999999999994
endloop
endfacet
facet normal -6.123233995736766e-17 0.0 1.0
outer loop
vertex 18.3 20.1 7.599999999999994
vertex 18.3 23.900000000000002 7.599999999999994
vertex 8.7 23.900000000000002 7.599999999999994
endloop
endfacet
facet normal 0.0 1.0 0.0
outer loop
vertex 1.7000000000000002 27.7 7.599999999999994
vertex 41.3 27.7 7.599999999999994
vertex 5.5 27.7 7.1499999999999915
endloop
endfacet
facet normal 0.0 1.0 0.0
outer loop
vertex 41.3 27.7 7.599999999999994
vertex 5.719100482920979 27.7 7.142827392849313
vertex 5.5 27.7 7.1499999999999915
endloop
endfacet
facet normal 0.0 1.0 0.0
outer loop
vertex 41.3 27.7 7.599999999999994
vertex 5.937262743937173 27.7 7.121340285602258
vertex 5.719100482920979 27.7 7.142827392849313
endloop
endfacet
facet normal -6.123233995736766e-17 0.0 1.0
outer loop
vertex 1.7000000000000002 27.7 7.599999999999994
vertex 18.3 23.900000000000002 7.599999999999994
vertex 41.3 27.7 7.599999999999994
endloop
endfacet
facet normal 0.0 1.0 0.0
outer loop
vertex 5.937262743937173 27.7 7.121340285602258
vertex 36.84644742124597 27.7 7.085630689350822
vertex 6.15355257875403 27.7 7.085630689350822
endloop
endfacet
facet normal 0.0 1.0 0.0
outer loop
vertex 6.15355257875403 27.7 7.085630689350822
vertex 36.632956198906555 27.7 7.03585151806837
vertex 6.367043801093445 27.7 7.03585151806837
endloop
endfacet
facet normal 0.0 1.0 0.0
outer loop
vertex 6.367043801093445 27.7 7.03585151806837
vertex 36.42317779123441 27.7 6.972215933808599
vertex 6.576822208765591 27.7 6.972215933808599
endloop
endfacet
facet normal 0.0 1.0 0.0
outer loop
vertex 6.781989498423051 27.7 6.894996433912809
vertex 6.576822208765591 27.7 6.972215933808599
vertex 36.21801050157695 27.7 6.894996433912809
endloop
endfacet
facet normal 0.0 1.0 0.0
outer loop
vertex 6.781989498423051 27.7 6.894996433912809
vertex 36.01833288776635 27.7 6.804523684134509
vertex 6.981667112233654 27.7 6.804523684134509
endloop
endfacet
facet normal 0.0 1.0 0.0
outer loop
vertex 7.175 27.7 6.701185102677869
vertex 6.981667112233654 27.7 6.804523684134509
vertex 35.825 27.7 6.701185102677869
endloop
endfacet
facet normal 0.0 1.0 0.0
outer loop
vertex 7.175 27.7 6.701185102677869
vertex 35.638839719384336 27.7 6.58542320121353
vertex 7.3611602806156675 27.7 6.58542320121353
endloop
endfacet
facet normal 0.0 -1.0 0.0
outer loop
vertex 1.7000000000000002 20.1 7.599999999999994
vertex 2.3000000000000003 20.1 0.0
vertex 2.3 20.1 7.599999999999994
endloop
endfacet
facet normal 0.0 -1.0 0.0
outer loop
vertex 8.7 20.1 7.599999999999994
vertex 18.3 20.1 0.0
vertex 18.3 20.1 7.599999999999994
endloop
endfacet
facet normal -1.0 0.0 -6.123233995736766e-17
outer loop
vertex 1.7000000000000002 20.1 7.599999999999994
vertex 1.7000000000000002 27.7 7.599999999999994
vertex 1.7000000000000006 20.1 0.0
endloop
endfacet
facet normal 0.0 1.0 0.0
outer loop
vertex 1.7000000000000002 27.7 7.599999999999994
vertex 2.264148481931621 27.7 4.667043801093442
vertex 2.214369310649178 27.7 4.453552578754028
endloop
endfacet
facet normal 0.0 1.0 0.0
outer loop
vertex 1.7000000000000002 27.7 7.599999999999994
vertex 2.214369310649178 27.7 4.453552578754028
vertex 2.1786597143977353 27.7 4.2372627439371655
endloop
endfacet
facet normal 0.0 1.0 0.0
outer loop
vertex 1.7000000000000002 27.7 7.599999999999994
vertex 2.1786597143977353 27.7 4.2372627439371655
vertex 1.7000000000000006 27.7 0.0
endloop
endfacet
facet normal 0.0 1.0 0.0
outer loop
vertex 7.3611602806156675 27.7 6.58542320121353
vertex 35.638839719384336 27.7 1.0145767987864645
vertex 7.539350787179214 27.7 6.45773368997564
endloop
endfacet
facet normal 0.0 1.0 0.0
outer loop
vertex 35.638839719384336 27.7 1.0145767987864645
vertex 7.708808480585231 27.7 6.318663355054568
vertex 7.539350787179214 27.7 6.45773368997564
endloop
endfacet
facet normal 0.0 1.0 0.0
outer loop
vertex 35.638839719384336 27.7 1.0145767987864645
vertex 7.868807716974934 27.7 6.168807716974925
vertex 7.708808480585231 27.7 6.318663355054568
endloop
endfacet
facet normal 0.0 1.0 0.0
outer loop
vertex 35.638839719384336 27.7 1.0145767987864645
vertex 8.018663355054574 27.7 6.00880848058523
vertex 7.868807716974934 27.7 6.168807716974925
endloop
endfacet
facet normal 0.0 1.0 0.0
outer loop
vertex 35.638839719384336 27.7 1.0145767987864645
vertex 8.157733689975638 27.7 5.839350787179214
vertex 8.018663355054574 27.7 6.00880848058523
endloop
endfacet
facet normal 0.0 1.0 0.0
outer loop
vertex 35.638839719384336 27.7 1.0145767987864645
vertex 8.285423201213526 27.7 5.661160280615661
vertex 8.157733689975638 27.7 5.839350787179214
endloop
endfacet
facet normal 0.0 1.0 0.0
outer loop
vertex 35.638839719384336 27.7 1.0145767987864645
vertex 8.40118510267787 27.7 5.474999999999994
vertex 8.285423201213526 27.7 5.661160280615661
endloop
endfacet
facet normal 0.0 1.0 0.0
outer loop
vertex 35.638839719384336 27.7 1.0145767987864645
vertex 8.504523684134506 27.7 5.281667112233649
vertex 8.40118510267787 27.7 5.474999999999994
endloop
endfacet
facet normal -6.123233995736766e-17 0.0 1.0
outer loop
vertex 24.7 20.1 7.599999999999994
vertex 34.3 20.1 7.599999999999994
vertex 24.7 23.900000000000002 7.599999999999994
endloop
endfacet
facet normal -6.123233995736766e-17 0.0 1.0
outer loop
vertex 34.3 20.1 7.599999999999994
vertex 34.3 23.900000000000002 7.599999999999994
vertex 24.7 23.900000000000002 7.599999999999994
endloop
endfacet
facet normal 0.0 1.0 0.0
outer loop
vertex 5.937262743937173 27.7 7.121340285602258
vertex 37.06273725606283 27.7 7.121340285602258
vertex 36.84644742124597 27.7 7.085630689350822
endloop
endfacet
facet normal 0.0 1.0 0.0
outer loop
vertex 6.15355257875403 27.7 7.085630689350822
vertex 36.84644742124597 27.7 7.085630689350822
vertex 36.632956198906555 27.7 7.03585151806837
endloop
endfacet
facet normal 0.0 1.0 0.0
outer loop
vertex 6.367043801093445 27.7 7.03585151806837
vertex 36.632956198906555 27.7 7.03585151806837
vertex 36.42317779123441 27.7 6.972215933808599
endloop
endfacet
facet normal 0.0 1.0 0.0
outer loop
vertex 6.576822208765591 27.7 6.972215933808599
vertex 36.42317779123441 27.7 6.972215933808599
vertex 36.21801050157695 27.7 6.894996433912809
endloop
endfacet
facet normal 0.0 1.0 0.0
outer loop
vertex 6.781989498423051 27.7 6.894996433912809
vertex 36.21801050157695 27.7 6.894996433912809
vertex 36.01833288776635 27.7 6.804523684134509
endloop
endfacet
facet normal 0.0 1.0 0.0
outer loop
vertex 6.981667112233654 27.7 6.804523684134509
vertex 36.01833288776635 27.7 6.804523684134509
vertex 35.825 27.7 6.701185102677869
endloop
endfacet
facet normal 0.0 1.0 0.0
outer loop
vertex 7.175 27.7 6.701185102677869
vertex 35.825 27.7 6.701185102677869
vertex 35.638839719384336 27.7 6.58542320121353
endloop
endfacet
facet normal -6.123233995736766e-17 0.0 1.0
outer loop
vertex 18.3 23.900000000000002 7.599999999999994
vertex 24.7 23.900000000000002 7.599999999999994
vertex 41.3 27.7 7.599999999999994
endloop
endfacet
facet normal 0.0 1.0 0.0
outer loop
vertex 41.3 27.7 7.599999999999994
vertex 37.06273725606283 27.7 7.121340285602258
vertex 5.937262743937173 27.7 7.121340285602258
endloop
endfacet
facet normal 0.0 1.0 0.0
outer loop
vertex 7.3611602806156675 27.7 6.58542320121353
vertex 35.638839719384336 27.7 6.58542320121353
vertex 35.46064921282078 27.7 6.45773368997564
endloop
endfacet
facet normal 0.0 1.0 0.0
outer loop
vertex 7.3611602806156675 27.7 6.58542320121353
vertex 35.46064921282078 27.7 6.45773368997564
vertex 35.29119151941477 27.7 6.318663355054568
endloop
endfacet
facet normal 0.0 1.0 0.0
outer loop
vertex 7.3611602806156675 27.7 6.58542320121353
vertex 35.29119151941477 27.7 6.318663355054568
vertex 35.131192283025065 27.7 6.168807716974925
endloop
endfacet
facet normal 0.0 1.0 0.0
outer loop
vertex 7.3611602806156675 27.7 6.58542320121353
vertex 35.131192283025065 27.7 6.168807716974925
vertex 34.98133664494543 27.7 6.00880848058523
endloop
endfacet
facet normal 0.0 1.0 0.0
outer loop
vertex 7.3611602806156675 27.7 6.58542320121353
vertex 34.98133664494543 27.7 6.00880848058523
vertex 34.842266310024364 27.7 5.839350787179214
endloop
endfacet
facet normal 0.0 1.0 0.0
outer loop
vertex 7.3611602806156675 27.7 6.58542320121353
vertex 34.842266310024364 27.7 5.839350787179214
vertex 34.714576798786474 27.7 5.661160280615661
endloop
endfacet
facet normal 0.0 1.0 0.0
outer loop
vertex 7.3611602806156675 27.7 6.58542320121353
vertex 34.59881489732213 27.7 5.474999999999994
vertex 34.495476315865496 27.7 5.281667112233649
endloop
endfacet
facet normal 0.0 1.0 0.0
outer loop
vertex 7.3611602806156675 27.7 6.58542320121353
vertex 34.714576798786474 27.7 5.661160280615661
vertex 34.59881489732213 27.7 5.474999999999994
endloop
endfacet
facet normal -6.123233995736766e-17 0.0 1.0
outer loop
vertex 34.81581504759059 20.1 7.599999999999994
vertex 40.7 20.1 7.599999999999994
vertex 34.3 23.900000000000002 7.599999999999994
endloop
endfacet
facet normal -6.123233995736766e-17 0.0 1.0
outer loop
vertex 40.7 20.1 7.599999999999994
vertex 41.3 20.1 7.599999999999994
vertex 34.3 23.900000000000002 7.599999999999994
endloop
endfacet
facet normal -6.123233995736766e-17 0.0 1.0
outer loop
vertex 41.3 20.1 7.599999999999994
vertex 41.3 27.7 7.599999999999994
vertex 34.3 23.900000000000002 7.599999999999994
endloop
endfacet
facet normal -6.123233995736766e-17 0.0 1.0
outer loop
vertex 24.7 23.900000000000002 7.599999999999994
vertex 34.3 23.900000000000002 7.599999999999994
vertex 41.3 27.7 7.599999999999994
endloop
endfacet
facet normal 0.0 1.0 0.0
outer loop
vertex 41.3 27.7 7.599999999999994
vertex 37.28089951707902 27.7 7.142827392849313
vertex 37.06273725606283 27.7 7.121340285602258
endloop
endfacet
facet normal 0.0 1.0 0.0
outer loop
vertex 41.3 27.7 7.599999999999994
vertex 37.5 27.7 7.1499999999999915
vertex 37.28089951707902 27.7 7.142827392849313
endloop
endfacet
facet normal 0.0 1.0 0.0
outer loop
vertex 41.3 27.7 7.599999999999994
vertex 37.71910048292098 27.7 7.142827392849313
vertex 37.5 27.7 7.1499999999999915
endloop
endfacet
facet normal 0.0 1.0 0.0
outer loop
vertex 41.3 27.7 7.599999999999994
vertex 37.937262743937175 27.7 7.121340285602258
vertex 37.71910048292098 27.7 7.142827392849313
endloop
endfacet
facet normal 0.0 1.0 0.0
outer loop
vertex 41.3 27.7 7.599999999999994
vertex 38.15355257875403 27.7 7.085630689350822
vertex 37.937262743937175 27.7 7.121340285602258
endloop
endfacet
facet normal 0.0 1.0 0.0
outer loop
vertex 41.3 27.7 7.599999999999994
vertex 38.367043801093445 27.7 7.03585151806837
vertex 38.15355257875403 27.7 7.085630689350822
endloop
endfacet
facet normal 0.0 1.0 0.0
outer loop
vertex 41.3 27.7 7.599999999999994
vertex 38.57682220876559 27.7 6.972215933808599
vertex 38.367043801093445 27.7 7.03585151806837
endloop
endfacet
facet normal 0.0 1.0 0.0
outer loop
vertex 41.3 27.7 7.599999999999994
vertex 38.78198949842305 27.7 6.894996433912809
vertex 38.57682220876559 27.7 6.972215933808599
endloop
endfacet
facet normal 0.0 1.0 0.0
outer loop
vertex 41.3 27.7 7.599999999999994
vertex 38.98166711223365 27.7 6.804523684134509
vertex 38.78198949842305 27.7 6.894996433912809
endloop
endfacet
facet normal 0.0 1.0 0.0
outer loop
vertex 41.3 27.7 7.599999999999994
vertex 39.175 27.7 6.701185102677869
vertex 38.98166711223365 27.7 6.804523684134509
endloop
endfacet
facet normal 0.0 1.0 0.0
outer loop
vertex 41.3 27.7 7.599999999999994
vertex 39.361160280615664 27.7 6.58542320121353
vertex 39.175 27.7 6.701185102677869
endloop
endfacet
facet normal 0.0 1.0 0.0
outer loop
vertex 41.3 27.7 7.599999999999994
vertex 39.53935078717922 27.7 6.45773368997564
vertex 39.361160280615664 27.7 6.58542320121353
endloop
endfacet
facet normal 0.0 1.0 0.0
outer loop
vertex 41.3 27.7 7.599999999999994
vertex 39.70880848058523 27.7 6.318663355054568
vertex 39.53935078717922 27.7 6.45773368997564
endloop
endfacet
facet normal 0.0 1.0 0.0
outer loop
vertex 41.3 27.7 7.599999999999994
vertex 39.868807716974935 27.7 6.168807716974925
vertex 39.70880848058523 27.7 6.318663355054568
endloop
endfacet
facet normal 0.0 1.0 0.0
outer loop
vertex 41.3 27.7 7.599999999999994
vertex 40.01866335505457 27.7 6.00880848058523
vertex 39.868807716974935 27.7 6.168807716974925
endloop
endfacet
facet normal 0.0 1.0 0.0
outer loop
vertex 41.3 27.7 7.599999999999994
vertex 40.157733689975636 27.7 5.839350787179214
vertex 40.01866335505457 27.7 6.00880848058523
endloop
endfacet
facet normal 0.0 1.0 0.0
outer loop
vertex 41.3 27.7 7.599999999999994
vertex 40.285423201213526 27.7 5.661160280615661
vertex 40.157733689975636 27.7 5.839350787179214
endloop
endfacet
facet normal 0.0 1.0 0.0
outer loop
vertex 41.3 27.7 7.599999999999994
vertex 40.40118510267787 27.7 5.474999999999994
vertex 40.285423201213526 27.7 5.661160280615661
endloop
endfacet
facet normal 0.0 1.0 0.0
outer loop
vertex 41.3 27.7 7.599999999999994
vertex 40.504523684134504 27.7 5.281667112233649
vertex 40.40118510267787 27.7 5.474999999999994
endloop
endfacet
facet normal 0.0 1.0 0.0
outer loop
vertex 41.3 27.7 7.599999999999994
vertex 40.59499643391281 27.7 5.081989498423042
vertex 40.504523684134504 27.7 5.281667112233649
endloop
endfacet
facet normal 0.0 1.0 0.0
outer loop
vertex 41.3 27.7 7.599999999999994
vertex 40.6722159338086 27.7 4.876822208765589
vertex 40.59499643391281 27.7 5.081989498423042
endloop
endfacet
facet normal 0.0 1.0 0.0
outer loop
vertex 41.3 27.7 7.599999999999994
vertex 40.73585151806838 27.7 4.667043801093442
vertex 40.6722159338086 27.7 4.876822208765589
endloop
endfacet
facet normal 0.0 -1.0 0.0
outer loop
vertex 24.7 20.1 7.599999999999994
vertex 34.3 20.1 0.0
vertex 34.3 20.1 7.599999999999994
endloop
endfacet
facet normal 0.0 -1.0 0.0
outer loop
vertex 40.7 20.1 7.599999999999994
vertex 41.3 20.1 0.0
vertex 41.3 20.1 7.599999999999994
endloop
endfacet
facet normal 0.0 1.0 0.0
outer loop
vertex 7.3611602806156675 27.7 6.58542320121353
vertex 34.495476315865496 27.7 5.281667112233649
vertex 34.40500356608719 27.7 5.081989498423042
endloop
endfacet
facet normal 0.0 1.0 0.0
outer loop
vertex 7.3611602806156675 27.7 6.58542320121353
vertex 34.40500356608719 27.7 5.081989498423042
vertex 34.3277840661914 27.7 4.876822208765589
endloop
endfacet
facet normal 0.0 1.0 0.0
outer loop
vertex 7.3611602806156675 27.7 6.58542320121353
vertex 34.3277840661914 27.7 4.876822208765589
vertex 34.26414848193162 27.7 4.667043801093442
endloop
endfacet
facet normal 0.0 1.0 0.0
outer loop
vertex 7.3611602806156675 27.7 6.58542320121353
vertex 34.26414848193162 27.7 4.667043801093442
vertex 34.214369310649175 27.7 4.453552578754028
endloop
endfacet
facet normal 0.0 1.0 0.0
outer loop
vertex 7.3611602806156675 27.7 6.58542320121353
vertex 34.214369310649175 27.7 4.453552578754028
vertex 34.17865971439774 27.7 4.2372627439371655
endloop
endfacet
facet normal 0.0 1.0 0.0
outer loop
vertex 7.3611602806156675 27.7 6.58542320121353
vertex 34.17865971439774 27.7 4.2372627439371655
vertex 34.15717260715068 27.7 4.019100482920976
endloop
endfacet
facet normal 0.0 1.0 0.0
outer loop
vertex 7.3611602806156675 27.7 6.58542320121353
vertex 34.15717260715068 27.7 4.019100482920976
vertex 34.15 27.7 3.799999999999997
endloop
endfacet
facet normal 0.0 1.0 0.0
outer loop
vertex 7.3611602806156675 27.7 6.58542320121353
vertex 34.15 27.7 3.799999999999997
vertex 34.15717260715068 27.7 3.5808995170790183
endloop
endfacet
facet normal 0.0 1.0 0.0
outer loop
vertex 7.3611602806156675 27.7 6.58542320121353
vertex 34.15717260715068 27.7 3.5808995170790183
vertex 34.17865971439774 27.7 3.362737256062829
endloop
endfacet
facet normal 0.0 1.0 0.0
outer loop
vertex 7.3611602806156675 27.7 6.58542320121353
vertex 34.17865971439774 27.7 3.362737256062829
vertex 34.214369310649175 27.7 3.1464474212459663
endloop
endfacet
facet normal 0.0 1.0 0.0
outer loop
vertex 7.3611602806156675 27.7 6.58542320121353
vertex 34.214369310649175 27.7 3.1464474212459663
vertex 34.26414848193162 27.7 2.9329561989065525
endloop
endfacet
facet normal 0.0 1.0 0.0
outer loop
vertex 7.3611602806156675 27.7 6.58542320121353
vertex 34.26414848193162 27.7 2.9329561989065525
vertex 34.3277840661914 27.7 2.7231777912344057
endloop
endfacet
facet normal 0.0 1.0 0.0
outer loop
vertex 7.3611602806156675 27.7 6.58542320121353
vertex 34.3277840661914 27.7 2.7231777912344057
vertex 34.40500356608719 27.7 2.5180105015769527
endloop
endfacet
facet normal 0.0 1.0 0.0
outer loop
vertex 7.3611602806156675 27.7 6.58542320121353
vertex 34.40500356608719 27.7 2.5180105015769527
vertex 34.495476315865496 27.7 2.3183328877663456
endloop
endfacet
facet normal 1.0 0.0 6.123233995736766e-17
outer loop
vertex 41.3 20.1 7.599999999999994
vertex 41.3 20.1 0.0
vertex 41.3 27.7 7.599999999999994
endloop
endfacet
facet normal 0.0 1.0 0.0
outer loop
vertex 41.3 27.7 7.599999999999994
vertex 40.785630689350825 27.7 4.453552578754028
vertex 40.73585151806838 27.7 4.667043801093442
endloop
endfacet
facet normal 0.0 1.0 0.0
outer loop
vertex 41.3 27.7 7.599999999999994
vertex 40.82134028560226 27.7 4.2372627439371655
vertex 40.785630689350825 27.7 4.453552578754028
endloop
endfacet
facet normal 0.0 1.0 0.0
outer loop
vertex 41.3 27.7 7.599999999999994
vertex 40.84282739284932 27.7 4.019100482920976
vertex 40.82134028560226 27.7 4.2372627439371655
endloop
endfacet
facet normal 0.0 1.0 0.0
outer loop
vertex 41.3 27.7 7.599999999999994
vertex 40.85 27.7 3.799999999999997
vertex 40.84282739284932 27.7 4.019100482920976
endloop
endfacet
facet normal 0.0 1.0 0.0
outer loop
vertex 41.3 27.7 7.599999999999994
vertex 40.84282739284932 27.7 3.5808995170790183
vertex 40.85 27.7 3.799999999999997
endloop
endfacet
facet normal 0.0 1.0 0.0
outer loop
vertex 41.3 27.7 7.599999999999994
vertex 40.82134028560226 27.7 3.362737256062829
vertex 40.84282739284932 27.7 3.5808995170790183
endloop
endfacet
facet normal 0.0 -1.0 0.0
outer loop
vertex 1.7000000000000002 20.1 7.599999999999994
vertex 1.7000000000000006 20.1 0.0
vertex 2.3000000000000003 20.1 0.0
endloop
endfacet
facet normal 0.0 -1.0 0.0
outer loop
vertex 8.7 20.1 7.599999999999994
vertex 8.700000000000001 20.1 0.0
vertex 18.3 20.1 0.0
endloop
endfacet
facet normal -1.0 0.0 -6.123233995736766e-17
outer loop
vertex 1.7000000000000002 27.7 7.599999999999994
vertex 1.7000000000000006 27.7 0.0
vertex 1.7000000000000006 20.1 0.0
endloop
endfacet
facet normal 0.0 1.0 0.0
outer loop
vertex 1.7000000000000006 27.7 0.0
vertex 2.1786597143977353 27.7 4.2372627439371655
vertex 2.1571726071506783 27.7 4.019100482920976
endloop
endfacet
facet normal 0.0 1.0 0.0
outer loop
vertex 1.7000000000000006 27.7 0.0
vertex 2.1571726071506783 27.7 4.019100482920976
vertex 2.15 27.7 3.799999999999997
endloop
endfacet
facet normal 0.0 1.0 0.0
outer loop
vertex 1.7000000000000006 27.7 0.0
vertex 2.15 27.7 3.799999999999997
vertex 2.1571726071506783 27.7 3.5808995170790183
endloop
endfacet
facet normal 0.0 1.0 0.0
outer loop
vertex 1.7000000000000006 27.7 0.0
vertex 2.1571726071506783 27.7 3.5808995170790183
vertex 2.1786597143977353 27.7 3.362737256062829
endloop
endfacet
facet normal 0.0 1.0 0.0
outer loop
vertex 1.7000000000000006 27.7 0.0
vertex 2.1786597143977353 27.7 3.362737256062829
vertex 2.2143693106491784 27.7 3.1464474212459663
endloop
endfacet
facet normal 0.0 1.0 0.0
outer loop
vertex 1.7000000000000006 27.7 0.0
vertex 2.2143693106491784 27.7 3.1464474212459663
vertex 2.2641484819316213 27.7 2.9329561989065525
endloop
endfacet
facet normal 0.0 1.0 0.0
outer loop
vertex 35.638839719384336 27.7 1.0145767987864645
vertex 8.594996433912812 27.7 5.081989498423042
vertex 8.504523684134506 27.7 5.281667112233649
endloop
endfacet
facet normal 0.0 1.0 0.0
outer loop
vertex 35.638839719384336 27.7 1.0145767987864645
vertex 8.672215933808605 27.7 4.876822208765589
vertex 8.594996433912812 27.7 5.081989498423042
endloop
endfacet
facet normal 0.0 1.0 0.0
outer loop
vertex 35.638839719384336 27.7 1.0145767987864645
vertex 8.73585151806838 27.7 4.667043801093442
vertex 8.672215933808605 27.7 4.876822208765589
endloop
endfacet
facet normal 0.0 1.0 0.0
outer loop
vertex 35.638839719384336 27.7 1.0145767987864645
vertex 8.785630689350821 27.7 4.453552578754028
vertex 8.73585151806838 27.7 4.667043801093442
endloop
endfacet
facet normal 0.0 1.0 0.0
outer loop
vertex 35.638839719384336 27.7 1.0145767987864645
vertex 8.821340285602265 27.7 4.2372627439371655
vertex 8.785630689350821 27.7 4.453552578754028
endloop
endfacet
facet normal 0.0 1.0 0.0
outer loop
vertex 35.638839719384336 27.7 1.0145767987864645
vertex 8.842827392849323 27.7 4.019100482920976
vertex 8.821340285602265 27.7 4.2372627439371655
endloop
endfacet
facet normal 0.0 1.0 0.0
outer loop
vertex 35.638839719384336 27.7 1.0145767987864645
vertex 8.85 27.7 3.799999999999997
vertex 8.842827392849323 27.7 4.019100482920976
endloop
endfacet
facet normal 0.0 1.0 0.0
outer loop
vertex 35.638839719384336 27.7 1.0145767987864645
vertex 8.842827392849323 27.7 3.5808995170790183
vertex 8.85 27.7 3.799999999999997
endloop
endfacet
facet normal 0.0 1.0 0.0
outer loop
vertex 35.638839719384336 27.7 1.0145767987864645
vertex 8.821340285602265 27.7 3.362737256062829
vertex 8.842827392849323 27.7 3.5808995170790183
endloop
endfacet
facet normal 0.0 1.0 0.0
outer loop
vertex 35.638839719384336 27.7 1.0145767987864645
vertex 8.785630689350823 27.7 3.1464474212459663
vertex 8.821340285602265 27.7 3.362737256062829
endloop
endfacet
facet normal 0.0 1.0 0.0
outer loop
vertex 35.638839719384336 27.7 1.0145767987864645
vertex 8.73585151806838 27.7 2.9329561989065525
vertex 8.785630689350823 27.7 3.1464474212459663
endloop
endfacet
facet normal 0.0 1.0 0.0
outer loop
vertex 35.638839719384336 27.7 1.0145767987864645
vertex 8.672215933808605 27.7 2.7231777912344057
vertex 8.73585151806838 27.7 2.9329561989065525
endloop
endfacet
facet normal 0.0 1.0 0.0
outer loop
vertex 35.638839719384336 27.7 1.0145767987864645
vertex 8.594996433912812 27.7 2.5180105015769527
vertex 8.672215933808605 27.7 2.7231777912344057
endloop
endfacet
facet normal 0.0 1.0 0.0
outer loop
vertex 35.638839719384336 27.7 1.0145767987864645
vertex 8.504523684134506 27.7 2.3183328877663456
vertex 8.594996433912812 27.7 2.5180105015769527
endloop
endfacet
facet normal 0.0 1.0 0.0
outer loop
vertex 1.7000000000000006 27.7 0.0
vertex 2.2641484819316213 27.7 2.9329561989065525
vertex 2.327784066191396 27.7 2.7231777912344057
endloop
endfacet
facet normal 0.0 1.0 0.0
outer loop
vertex 1.7000000000000006 27.7 0.0
vertex 2.327784066191396 27.7 2.7231777912344057
vertex 2.40500356608719 27.7 2.5180105015769527
endloop
endfacet
facet normal 0.0 1.0 0.0
outer loop
vertex 1.7000000000000006 27.7 0.0
vertex 2.40500356608719 27.7 2.5180105015769527
vertex 2.4954763158654947 27.7 2.3183328877663456
endloop
endfacet
facet normal 0.0 1.0 0.0
outer loop
vertex 1.7000000000000006 27.7 0.0
vertex 2.4954763158654947 27.7 2.3183328877663456
vertex 2.598814897322131 27.7 2.125
endloop
endfacet
facet normal 0.0 1.0 0.0
outer loop
vertex 1.7000000000000006 27.7 0.0
vertex 2.598814897322131 27.7 2.125
vertex 2.714576798786474 27.7 1.9388397193843332
endloop
endfacet
facet normal 0.0 1.0 0.0
outer loop
vertex 1.7000000000000006 27.7 0.0
vertex 2.714576798786474 27.7 1.9388397193843332
vertex 2.8422663100243626 27.7 1.7606492128207805
endloop
endfacet
facet normal 0.0 1.0 0.0
outer loop
vertex 1.7000000000000006 27.7 0.0
vertex 2.8422663100243626 27.7 1.7606492128207805
vertex 2.981336644945426 27.7 1.5911915194147639
endloop
endfacet
facet normal 0.0 1.0 0.0
outer loop
vertex 1.7000000000000006 27.7 0.0
vertex 2.981336644945426 27.7 1.5911915194147639
vertex 3.1311922830250665 27.7 1.4311922830250694
endloop
endfacet
facet normal 6.123233995736766e-17 0.0 -1.0
outer loop
vertex 1.7000000000000006 20.1 0.0
vertex 2.3000000000000003 23.900000000000002 0.0
vertex 2.3000000000000003 20.1 0.0
endloop
endfacet
facet normal 6.123233995736766e-17 0.0 -1.0
outer loop
vertex 1.7000000000000006 20.1 0.0
vertex 1.7000000000000006 27.7 0.0
vertex 2.3000000000000003 23.900000000000002 0.0
endloop
endfacet
facet normal 0.0 1.0 0.0
outer loop
vertex 1.7000000000000006 27.7 0.0
vertex 3.1311922830250665 27.7 1.4311922830250694
vertex 3.29119151941477 27.7 1.2813366449454264
endloop
endfacet
facet normal 0.0 1.0 0.0
outer loop
vertex 1.7000000000000006 27.7 0.0
vertex 3.29119151941477 27.7 1.2813366449454264
vertex 3.4606492128207864 27.7 1.142266310024354
endloop
endfacet
facet normal 0.0 1.0 0.0
outer loop
vertex 1.7000000000000006 27.7 0.0
vertex 3.4606492128207864 27.7 1.142266310024354
vertex 3.6388397193843334 27.7 1.0145767987864645
endloop
endfacet
facet normal 0.0 1.0 0.0
outer loop
vertex 1.7000000000000006 27.7 0.0
vertex 3.6388397193843334 27.7 1.0145767987864645
vertex 3.8250000000000006 27.7 0.8988148973221257
endloop
endfacet
facet normal 0.0 1.0 0.0
outer loop
vertex 1.7000000000000006 27.7 0.0
vertex 3.8250000000000006 27.7 0.8988148973221257
vertex 4.018332887766346 27.7 0.7954763158654856
endloop
endfacet
facet normal 0.0 1.0 0.0
outer loop
vertex 1.7000000000000006 27.7 0.0
vertex 4.018332887766346 27.7 0.7954763158654856
vertex 4.218010501576949 27.7 0.7050035660871856
endloop
endfacet
facet normal 6.123233995736766e-17 0.0 -1.0
outer loop
vertex 2.3000000000000003 23.900000000000002 0.0
vertex 1.7000000000000006 27.7 0.0
vertex 8.700000000000001 23.900000000000002 0.0
endloop
endfacet
facet normal 0.0 1.0 0.0
outer loop
vertex 1.7000000000000006 27.7 0.0
vertex 4.218010501576949 27.7 0.7050035660871856
vertex 4.423177791234409 27.7 0.6277840661913956
endloop
endfacet
facet normal 0.0 1.0 0.0
outer loop
vertex 1.7000000000000006 27.7 0.0
vertex 4.423177791234409 27.7 0.6277840661913956
vertex 4.632956198906556 27.7 0.5641484819316247
endloop
endfacet
facet normal 0.0 1.0 0.0
outer loop
vertex 1.7000000000000006 27.7 0.0
vertex 4.632956198906556 27.7 0.5641484819316247
vertex 4.846447421245971 27.7 0.5143693106491725
endloop
endfacet
facet normal 0.0 1.0 0.0
outer loop
vertex 1.7000000000000006 27.7 0.0
vertex 4.846447421245971 27.7 0.5143693106491725
vertex 5.062737256062827 27.7 0.478659714397736
endloop
endfacet
facet normal 0.0 1.0 0.0
outer loop
vertex 1.7000000000000006 27.7 0.0
vertex 5.062737256062827 27.7 0.478659714397736
vertex 5.280899517079021 27.7 0.45717260715068164
endloop
endfacet
facet normal 0.0 1.0 0.0
outer loop
vertex 1.7000000000000006 27.7 0.0
vertex 5.280899517079021 27.7 0.45717260715068164
vertex 5.5 27.7 0.45000000000000284
endloop
endfacet
facet normal 0.0 1.0 0.0
outer loop
vertex 1.7000000000000006 27.7 0.0
vertex 5.5 27.7 0.45000000000000284
vertex 5.71910048292098 27.7 0.45717260715068164
endloop
endfacet
facet normal 0.0 1.0 0.0
outer loop
vertex 1.7000000000000006 27.7 0.0
vertex 5.71910048292098 27.7 0.45717260715068164
vertex 5.937262743937173 27.7 0.478659714397736
endloop
endfacet
facet normal 6.123233995736766e-17 0.0 -1.0
outer loop
vertex 8.700000000000001 23.900000000000002 0.0
vertex 1.7000000000000006 27.7 0.0
vertex 18.3 23.900000000000002 0.0
endloop
endfacet
facet normal 0.0 1.0 0.0
outer loop
vertex 35.638839719384336 27.7 1.0145767987864645
vertex 8.285423201213527 27.7 1.9388397193843332
vertex 8.40118510267787 27.7 2.125
endloop
endfacet
facet normal 0.0 1.0 0.0
outer loop
vertex 35.638839719384336 27.7 1.0145767987864645
vertex 8.40118510267787 27.7 2.125
vertex 8.504523684134506 27.7 2.3183328877663456
endloop
endfacet
facet normal 0.0 1.0 0.0
outer loop
vertex 35.638839719384336 27.7 1.0145767987864645
vertex 8.157733689975638 27.7 1.7606492128207805
vertex 8.285423201213527 27.7 1.9388397193843332
endloop
endfacet
facet normal 0.0 1.0 0.0
outer loop
vertex 35.638839719384336 27.7 1.0145767987864645
vertex 8.018663355054574 27.7 1.5911915194147639
vertex 8.157733689975638 27.7 1.7606492128207805
endloop
endfacet
facet normal 0.0 1.0 0.0
outer loop
vertex 35.638839719384336 27.7 1.0145767987864645
vertex 7.868807716974935 27.7 1.4311922830250694
vertex 8.018663355054574 27.7 1.5911915194147639
endloop
endfacet
facet normal 0.0 1.0 0.0
outer loop
vertex 35.638839719384336 27.7 1.0145767987864645
vertex 7.7088084805852315 27.7 1.2813366449454264
vertex 7.868807716974935 27.7 1.4311922830250694
endloop
endfacet
facet normal 0.0 1.0 0.0
outer loop
vertex 35.638839719384336 27.7 1.0145767987864645
vertex 7.539350787179215 27.7 1.142266310024354
vertex 7.7088084805852315 27.7 1.2813366449454264
endloop
endfacet
facet normal 0.0 1.0 0.0
outer loop
vertex 35.638839719384336 27.7 1.0145767987864645
vertex 7.3611602806156675 27.7 1.0145767987864645
vertex 7.539350787179215 27.7 1.142266310024354
endloop
endfacet
facet normal 6.123233995736766e-17 0.0 -1.0
outer loop
vertex 8.700000000000001 20.1 0.0
vertex 8.700000000000001 23.900000000000002 0.0
vertex 18.3 20.1 0.0
endloop
endfacet
facet normal 6.123233995736766e-17 0.0 -1.0
outer loop
vertex 18.3 20.1 0.0
vertex 8.700000000000001 23.900000000000002 0.0
vertex 18.3 23.900000000000002 0.0
endloop
endfacet
facet normal 6.123233995736766e-17 0.0 -1.0
outer loop
vertex 1.7000000000000006 27.7 0.0
vertex 24.7 23.900000000000002 0.0
vertex 18.3 23.900000000000002 0.0
endloop
endfacet
facet normal 0.0 1.0 0.0
outer loop
vertex 1.7000000000000006 27.7 0.0
vertex 5.937262743937173 27.7 0.478659714397736
vertex 37.06273725606283 27.7 0.478659714397736
endloop
endfacet
facet normal 0.0 1.0 0.0
outer loop
vertex 7.3611602806156675 27.7 1.0145767987864645
vertex 35.825 27.7 0.8988148973221257
vertex 7.175000000000001 27.7 0.8988148973221257
endloop
endfacet
facet normal 0.0 1.0 0.0
outer loop
vertex 6.981667112233655 27.7 0.7954763158654856
vertex 7.175000000000001 27.7 0.8988148973221257
vertex 36.01833288776635 27.7 0.7954763158654856
endloop
endfacet
facet normal 0.0 1.0 0.0
outer loop
vertex 6.981667112233655 27.7 0.7954763158654856
vertex 36.21801050157695 27.7 0.7050035660871856
vertex 6.7819894984230515 27.7 0.7050035660871856
endloop
endfacet
facet normal 0.0 1.0 0.0
outer loop
vertex 6.576822208765591 27.7 0.6277840661913956
vertex 6.7819894984230515 27.7 0.7050035660871856
vertex 36.42317779123441 27.7 0.6277840661913956
endloop
endfacet
facet normal 0.0 1.0 0.0
outer loop
vertex 6.576822208765591 27.7 0.6277840661913956
vertex 36.632956198906555 27.7 0.5641484819316247
vertex 6.367043801093445 27.7 0.5641484819316247
endloop
endfacet
facet normal 0.0 1.0 0.0
outer loop
vertex 6.367043801093445 27.7 0.5641484819316247
vertex 36.84644742124597 27.7 0.5143693106491725
vertex 6.15355257875403 27.7 0.5143693106491725
endloop
endfacet
facet normal 0.0 1.0 0.0
outer loop
vertex 6.15355257875403 27.7 0.5143693106491725
vertex 37.06273725606283 27.7 0.478659714397736
vertex 5.937262743937173 27.7 0.478659714397736
endloop
endfacet
facet normal 0.0 -1.0 0.0
outer loop
vertex 24.7 20.1 7.599999999999994
vertex 24.7 20.1 0.0
vertex 34.3 20.1 0.0
endloop
endfacet
facet normal 0.0 -1.0 0.0
outer loop
vertex 40.7 20.1 7.599999999999994
vertex 40.7 20.1 0.0
vertex 41.3 20.1 0.0
endloop
endfacet
facet normal 0.0 1.0 0.0
outer loop
vertex 7.3611602806156675 27.7 6.58542320121353
vertex 34.495476315865496 27.7 2.3183328877663456
vertex 34.59881489732213 27.7 2.125
endloop
endfacet
facet normal 0.0 1.0 0.0
outer loop
vertex 7.3611602806156675 27.7 6.58542320121353
vertex 34.59881489732213 27.7 2.125
vertex 34.714576798786474 27.7 1.9388397193843332
endloop
endfacet
facet normal 0.0 1.0 0.0
outer loop
vertex 7.3611602806156675 27.7 6.58542320121353
vertex 34.714576798786474 27.7 1.9388397193843332
vertex 34.842266310024364 27.7 1.7606492128207805
endloop
endfacet
facet normal 0.0 1.0 0.0
outer loop
vertex 7.3611602806156675 27.7 6.58542320121353
vertex 34.842266310024364 27.7 1.7606492128207805
vertex 34.98133664494543 27.7 1.5911915194147639
endloop
endfacet
facet normal 0.0 1.0 0.0
outer loop
vertex 7.3611602806156675 27.7 6.58542320121353
vertex 34.98133664494543 27.7 1.5911915194147639
vertex 35.131192283025065 27.7 1.4311922830250694
endloop
endfacet
facet normal 0.0 1.0 0.0
outer loop
vertex 7.3611602806156675 27.7 6.58542320121353
vertex 35.131192283025065 27.7 1.4311922830250694
vertex 35.29119151941477 27.7 1.2813366449454264
endloop
endfacet
facet normal 0.0 1.0 0.0
outer loop
vertex 7.3611602806156675 27.7 6.58542320121353
vertex 35.29119151941477 27.7 1.2813366449454264
vertex 35.46064921282078 27.7 1.142266310024354
endloop
endfacet
facet normal 0.0 1.0 0.0
outer loop
vertex 7.3611602806156675 27.7 6.58542320121353
vertex 35.46064921282078 27.7 1.142266310024354
vertex 35.638839719384336 27.7 1.0145767987864645
endloop
endfacet
facet normal 0.0 1.0 0.0
outer loop
vertex 41.3 27.7 7.599999999999994
vertex 41.3 27.7 0.0
vertex 40.82134028560226 27.7 3.362737256062829
endloop
endfacet
facet normal 1.0 0.0 6.123233995736766e-17
outer loop
vertex 41.3 27.7 7.599999999999994
vertex 41.3 20.1 0.0
vertex 41.3 27.7 0.0
endloop
endfacet
facet normal 0.0 1.0 0.0
outer loop
vertex 41.3 27.7 0.0
vertex 40.785630689350825 27.7 3.1464474212459663
vertex 40.82134028560226 27.7 3.362737256062829
endloop
endfacet
facet normal 0.0 1.0 0.0
outer loop
vertex 41.3 27.7 0.0
vertex 40.73585151806838 27.7 2.9329561989065525
vertex 40.785630689350825 27.7 3.1464474212459663
endloop
endfacet
facet normal 0.0 1.0 0.0
outer loop
vertex 7.3611602806156675 27.7 1.0145767987864645
vertex 35.638839719384336 27.7 1.0145767987864645
vertex 35.825 27.7 0.8988148973221257
endloop
endfacet
facet normal 6.123233995736766e-17 0.0 -1.0
outer loop
vertex 24.7 20.1 0.0
vertex 34.3 23.900000000000002 0.0
vertex 34.3 20.1 0.0
endloop
endfacet
facet normal 6.123233995736766e-17 0.0 -1.0
outer loop
vertex 24.7 20.1 0.0
vertex 24.7 23.900000000000002 0.0
vertex 34.3 23.900000000000002 0.0
endloop
endfacet
facet normal 0.0 1.0 0.0
outer loop
vertex 7.175000000000001 27.7 0.8988148973221257
vertex 35.825 27.7 0.8988148973221257
vertex 36.01833288776635 27.7 0.7954763158654856
endloop
endfacet
facet normal 0.0 1.0 0.0
outer loop
vertex 6.981667112233655 27.7 0.7954763158654856
vertex 36.01833288776635 27.7 0.7954763158654856
vertex 36.21801050157695 27.7 0.7050035660871856
endloop
endfacet
facet normal 0.0 1.0 0.0
outer loop
vertex 6.7819894984230515 27.7 0.7050035660871856
vertex 36.21801050157695 27.7 0.7050035660871856
vertex 36.42317779123441 27.7 0.6277840661913956
endloop
endfacet
facet normal 0.0 1.0 0.0
outer loop
vertex 6.576822208765591 27.7 0.6277840661913956
vertex 36.42317779123441 27.7 0.6277840661913956
vertex 36.632956198906555 27.7 0.5641484819316247
endloop
endfacet
facet normal 0.0 1.0 0.0
outer loop
vertex 6.367043801093445 27.7 0.5641484819316247
vertex 36.632956198906555 27.7 0.5641484819316247
vertex 36.84644742124597 27.7 0.5143693106491725
endloop
endfacet
facet normal 0.0 1.0 0.0
outer loop
vertex 6.15355257875403 27.7 0.5143693106491725
vertex 36.84644742124597 27.7 0.5143693106491725
vertex 37.06273725606283 27.7 0.478659714397736
endloop
endfacet
facet normal 6.123233995736766e-17 0.0 -1.0
outer loop
vertex 1.7000000000000006 27.7 0.0
vertex 41.3 27.7 0.0
vertex 24.7 23.900000000000002 0.0
endloop
endfacet
facet normal 0.0 1.0 0.0
outer loop
vertex 1.7000000000000006 27.7 0.0
vertex 37.06273725606283 27.7 0.478659714397736
vertex 37.28089951707902 27.7 0.45717260715068164
endloop
endfacet
facet normal 0.0 1.0 0.0
outer loop
vertex 1.7000000000000006 27.7 0.0
vertex 37.28089951707902 27.7 0.45717260715068164
vertex 37.5 27.7 0.45000000000000284
endloop
endfacet
facet normal 0.0 1.0 0.0
outer loop
vertex 1.7000000000000006 27.7 0.0
vertex 37.5 27.7 0.45000000000000284
vertex 41.3 27.7 0.0
endloop
endfacet
facet normal 0.0 1.0 0.0
outer loop
vertex 41.3 27.7 0.0
vertex 40.6722159338086 27.7 2.7231777912344057
vertex 40.73585151806838 27.7 2.9329561989065525
endloop
endfacet
facet normal 0.0 1.0 0.0
outer loop
vertex 41.3 27.7 0.0
vertex 40.59499643391281 27.7 2.5180105015769527
vertex 40.6722159338086 27.7 2.7231777912344057
endloop
endfacet
facet normal 0.0 1.0 0.0
outer loop
vertex 41.3 27.7 0.0
vertex 40.504523684134504 27.7 2.3183328877663456
vertex 40.59499643391281 27.7 2.5180105015769527
endloop
endfacet
facet normal 0.0 1.0 0.0
outer loop
vertex 41.3 27.7 0.0
vertex 40.40118510267787 27.7 2.125
vertex 40.504523684134504 27.7 2.3183328877663456
endloop
endfacet
facet normal 0.0 1.0 0.0
outer loop
vertex 41.3 27.7 0.0
vertex 40.285423201213526 27.7 1.9388397193843332
vertex 40.40118510267787 27.7 2.125
endloop
endfacet
facet normal 0.0 1.0 0.0
outer loop
vertex 41.3 27.7 0.0
vertex 40.157733689975636 27.7 1.7606492128207805
vertex 40.285423201213526 27.7 1.9388397193843332
endloop
endfacet
facet normal 0.0 1.0 0.0
outer loop
vertex 41.3 27.7 0.0
vertex 40.01866335505457 27.7 1.5911915194147639
vertex 40.157733689975636 27.7 1.7606492128207805
endloop
endfacet
facet normal 0.0 1.0 0.0
outer loop
vertex 41.3 27.7 0.0
vertex 39.868807716974935 27.7 1.4311922830250694
vertex 40.01866335505457 27.7 1.5911915194147639
endloop
endfacet
facet normal 6.123233995736766e-17 0.0 -1.0
outer loop
vertex 40.7 20.1 0.0
vertex 40.7 23.900000000000002 0.0
vertex 41.3 20.1 0.0
endloop
endfacet
facet normal 6.123233995736766e-17 0.0 -1.0
outer loop
vertex 41.3 20.1 0.0
vertex 40.7 23.900000000000002 0.0
vertex 41.3 27.7 0.0
endloop
endfacet
facet normal 6.123233995736766e-17 0.0 -1.0
outer loop
vertex 24.7 23.900000000000002 0.0
vertex 41.3 27.7 0.0
vertex 34.3 23.900000000000002 0.0
endloop
endfacet
facet normal 0.0 1.0 0.0
outer loop
vertex 41.3 27.7 0.0
vertex 39.70880848058523 27.7 1.2813366449454264
vertex 39.868807716974935 27.7 1.4311922830250694
endloop
endfacet
facet normal 0.0 1.0 0.0
outer loop
vertex 41.3 27.7 0.0
vertex 39.53935078717922 27.7 1.142266310024354
vertex 39.70880848058523 27.7 1.2813366449454264
endloop
endfacet
facet normal 0.0 1.0 0.0
outer loop
vertex 41.3 27.7 0.0
vertex 39.361160280615664 27.7 1.0145767987864645
vertex 39.53935078717922 27.7 1.142266310024354
endloop
endfacet
facet normal 0.0 1.0 0.0
outer loop
vertex 41.3 27.7 0.0
vertex 39.175 27.7 0.8988148973221257
vertex 39.361160280615664 27.7 1.0145767987864645
endloop
endfacet
facet normal 0.0 1.0 0.0
outer loop
vertex 41.3 27.7 0.0
vertex 38.98166711223365 27.7 0.7954763158654856
vertex 39.175 27.7 0.8988148973221257
endloop
endfacet
facet normal 0.0 1.0 0.0
outer loop
vertex 41.3 27.7 0.0
vertex 38.78198949842305 27.7 0.7050035660871856
vertex 38.98166711223365 27.7 0.7954763158654856
endloop
endfacet
facet normal 6.123233995736766e-17 0.0 -1.0
outer loop
vertex 34.3 23.900000000000002 0.0
vertex 41.3 27.7 0.0
vertex 40.7 23.900000000000002 0.0
endloop
endfacet
facet normal 0.0 1.0 0.0
outer loop
vertex 41.3 27.7 0.0
vertex 37.5 27.7 0.45000000000000284
vertex 37.71910048292098 27.7 0.45717260715068164
endloop
endfacet
facet normal 0.0 1.0 0.0
outer loop
vertex 41.3 27.7 0.0
vertex 38.57682220876559 27.7 0.6277840661913956
vertex 38.78198949842305 27.7 0.7050035660871856
endloop
endfacet
facet normal 0.0 1.0 0.0
outer loop
vertex 41.3 27.7 0.0
vertex 38.15355257875403 27.7 0.5143693106491725
vertex 38.367043801093445 27.7 0.5641484819316247
endloop
endfacet
facet normal 0.0 1.0 0.0
outer loop
vertex 41.3 27.7 0.0
vertex 38.367043801093445 27.7 0.5641484819316247
vertex 38.57682220876559 27.7 0.6277840661913956
endloop
endfacet
facet normal 0.0 1.0 0.0
outer loop
vertex 41.3 27.7 0.0
vertex 37.937262743937175 27.7 0.478659714397736
vertex 38.15355257875403 27.7 0.5143693106491725
endloop
endfacet
facet normal 0.0 1.0 0.0
outer loop
vertex 41.3 27.7 0.0
vertex 37.71910048292098 27.7 0.45717260715068164
vertex 37.937262743937175 27.7 0.478659714397736
endloop
endfacet
facet normal -6.123233995736766e-17 0.0 1.0
outer loop
vertex 3.732082940832611 0.2918842877769183 7.599999999999994
vertex 4.0764952519361355 0.18740795541012467 7.599999999999994
vertex 3.8867822131268905 3.3976136482282264 7.599999999999994
endloop
endfacet
facet normal -6.123233995736766e-17 0.0 1.0
outer loop
vertex 3.3952411219920062 0.41866257118792305 7.599999999999994
vertex 3.2050326799712376 4.175000000000001 7.599999999999994
vertex 3.067412203795493 0.5671999215702144 7.599999999999994
endloop
endfacet
facet normal -6.123233995736766e-17 0.0 1.0
outer loop
vertex 3.3952411219920062 0.41866257118792305 7.599999999999994
vertex 3.732082940832611 0.2918842877769183 7.599999999999994
vertex 3.50762451018071 3.7527335899848175 7.599999999999994
endloop
endfacet
facet normal -6.123233995736766e-17 0.0 1.0
outer loop
vertex 4.427003228911294 0.10568095778223263 7.599999999999994
vertex 4.782105942789716 0.04705326244404251 7.599999999999994
vertex 4.648185416946622 2.9906351568379694 7.599999999999994
endloop
endfacet
facet normal -6.123233995736766e-17 0.0 1.0
outer loop
vertex 4.0764952519361355 0.18740795541012467 7.599999999999994
vertex 4.427003228911294 0.10568095778223263 7.599999999999994
vertex 4.327934970919647 3.123287234938376 7.599999999999994
endloop
endfacet
facet normal -6.123233995736766e-17 0.0 1.0
outer loop
vertex 4.782105942789716 0.04705326244404251 7.599999999999994
vertex 5.140282789234213 0.011775922187680976 7.599999999999994
vertex 4.98301064665726 2.9009190069314394 7.599999999999994
endloop
endfacet
facet normal -6.123233995736766e-17 0.0 1.0
outer loop
vertex 5.140282789234213 0.011775922187680976 7.599999999999994
vertex 5.5 0.0 7.599999999999994
vertex 5.3266817075401205 2.8556738534177004 7.599999999999994
endloop
endfacet
facet normal -6.123233995736766e-17 0.0 1.0
outer loop
vertex 3.067412203795493 0.5671999215702144 7.599999999999994
vertex 2.9009190069314394 4.9830106466572595 7.599999999999994
vertex 2.7500000000000004 0.7368602791855867 7.599999999999994
endloop
endfacet
facet normal -6.123233995736766e-17 0.0 1.0
outer loop
vertex 4.0764952519361355 0.18740795541012467 7.599999999999994
vertex 4.0277388824980545 3.2966055273982553 7.599999999999994
vertex 3.8867822131268905 3.3976136482282264 7.599999999999994
endloop
endfacet
facet normal -6.123233995736766e-17 0.0 1.0
outer loop
vertex 3.732082940832611 0.2918842877769183 7.599999999999994
vertex 3.626167029855649 3.626167029855649 7.599999999999994
vertex 3.50762451018071 3.7527335899848175 7.599999999999994
endloop
endfacet
facet normal -6.123233995736766e-17 0.0 1.0
outer loop
vertex 3.732082940832611 0.2918842877769183 7.599999999999994
vertex 3.8867822131268905 3.3976136482282264 7.599999999999994
vertex 3.7527335899848175 3.50762451018071 7.599999999999994
endloop
endfacet
facet normal -6.123233995736766e-17 0.0 1.0
outer loop
vertex 3.732082940832611 0.2918842877769183 7.599999999999994
vertex 3.7527335899848175 3.50762451018071 7.599999999999994
vertex 3.626167029855649 3.626167029855649 7.599999999999994
endloop
endfacet
facet normal -6.123233995736766e-17 0.0 1.0
outer loop
vertex 4.427003228911294 0.10568095778223263 7.599999999999994
vertex 4.648185416946622 2.9906351568379694 7.599999999999994
vertex 4.485888904232512 3.0517192388450898 7.599999999999994
endloop
endfacet
facet normal -6.123233995736766e-17 0.0 1.0
outer loop
vertex 4.427003228911294 0.10568095778223263 7.599999999999994
vertex 4.485888904232512 3.0517192388450898 7.599999999999994
vertex 4.327934970919647 3.123287234938376 7.599999999999994
endloop
endfacet
facet normal -6.123233995736766e-17 0.0 1.0
outer loop
vertex 5.140282789234213 0.011775922187680976 7.599999999999994
vertex 5.154105590616863 2.8726711173594026 7.599999999999994
vertex 4.98301064665726 2.9009190069314394 7.599999999999994
endloop
endfacet
facet normal -6.123233995736766e-17 0.0 1.0
outer loop
vertex 5.140282789234213 0.011775922187680976 7.599999999999994
vertex 5.3266817075401205 2.8556738534177004 7.599999999999994
vertex 5.154105590616863 2.8726711173594026 7.599999999999994
endloop
endfacet
facet normal -6.123233995736766e-17 0.0 1.0
outer loop
vertex 4.782105942789716 0.04705326244404251 7.599999999999994
vertex 4.81412953047832 2.9402965603339695 7.599999999999994
vertex 4.648185416946622 2.9906351568379694 7.599999999999994
endloop
endfacet
facet normal -6.123233995736766e-17 0.0 1.0
outer loop
vertex 4.782105942789716 0.04705326244404251 7.599999999999994
vertex 4.98301064665726 2.9009190069314394 7.599999999999994
vertex 4.81412953047832 2.9402965603339695 7.599999999999994
endloop
endfacet
facet normal -6.123233995736766e-17 0.0 1.0
outer loop
vertex 4.0764952519361355 0.18740795541012467 7.599999999999994
vertex 4.327934970919647 3.123287234938376 7.599999999999994
vertex 4.175000000000001 3.2050326799712376 7.599999999999994
endloop
endfacet
facet normal -6.123233995736766e-17 0.0 1.0
outer loop
vertex 4.0764952519361355 0.18740795541012467 7.599999999999994
vertex 4.175000000000001 3.2050326799712376 7.599999999999994
vertex 4.0277388824980545 3.2966055273982553 7.599999999999994
endloop
endfacet
facet normal -6.123233995736766e-17 0.0 1.0
outer loop
vertex 3.3952411219920062 0.41866257118792305 7.599999999999994
vertex 3.2966055273982553 4.0277388824980545 7.599999999999994
vertex 3.2050326799712376 4.175000000000001 7.599999999999994
endloop
endfacet
facet normal -6.123233995736766e-17 0.0 1.0
outer loop
vertex 3.067412203795493 0.5671999215702144 7.599999999999994
vertex 3.2050326799712376 4.175000000000001 7.599999999999994
vertex 3.1232872349383762 4.327934970919646 7.599999999999994
endloop
endfacet
facet normal -6.123233995736766e-17 0.0 1.0
outer loop
vertex 3.3952411219920062 0.41866257118792305 7.599999999999994
vertex 3.50762451018071 3.7527335899848175 7.599999999999994
vertex 3.397613648228227 3.8867822131268905 7.599999999999994
endloop
endfacet
facet normal -6.123233995736766e-17 0.0 1.0
outer loop
vertex 3.3952411219920062 0.41866257118792305 7.599999999999994
vertex 3.397613648228227 3.8867822131268905 7.599999999999994
vertex 3.2966055273982553 4.0277388824980545 7.599999999999994
endloop
endfacet
facet normal -6.123233995736766e-17 0.0 1.0
outer loop
vertex 3.067412203795493 0.5671999215702144 7.599999999999994
vertex 3.1232872349383762 4.327934970919646 7.599999999999994
vertex 3.05171923884509 4.485888904232512 7.599999999999994
endloop
endfacet
facet normal -6.123233995736766e-17 0.0 1.0
outer loop
vertex 3.067412203795493 0.5671999215702144 7.599999999999994
vertex 3.05171923884509 4.485888904232512 7.599999999999994
vertex 2.99063515683797 4.648185416946621 7.599999999999994
endloop
endfacet
facet normal -6.123233995736766e-17 0.0 1.0
outer loop
vertex 3.067412203795493 0.5671999215702144 7.599999999999994
vertex 2.99063515683797 4.648185416946621 7.599999999999994
vertex 2.940296560333969 4.81412953047832 7.599999999999994
endloop
endfacet
facet normal -6.123233995736766e-17 0.0 1.0
outer loop
vertex 3.067412203795493 0.5671999215702144 7.599999999999994
vertex 2.940296560333969 4.81412953047832 7.599999999999994
vertex 2.9009190069314394 4.9830106466572595 7.599999999999994
endloop
endfacet
facet normal -6.123233995736766e-17 0.0 1.0
outer loop
vertex 5.5 0.0 7.599999999999994
vertex 5.859717210765787 0.011775922187680976 7.599999999999994
vertex 5.5 2.8499999999999996 7.599999999999994
endloop
endfacet
facet normal -6.123233995736766e-17 0.0 1.0
outer loop
vertex 5.859717210765787 0.011775922187680976 7.599999999999994
vertex 6.217894057210284 0.04705326244404251 7.599999999999994
vertex 5.845894409383137 2.8726711173594026 7.599999999999994
endloop
endfacet
facet normal -6.123233995736766e-17 0.0 1.0
outer loop
vertex 6.217894057210284 0.04705326244404251 7.599999999999994
vertex 6.572996771088706 0.10568095778223263 7.599999999999994
vertex 6.18587046952168 2.9402965603339695 7.599999999999994
endloop
endfacet
facet normal -6.123233995736766e-17 0.0 1.0
outer loop
vertex 6.572996771088706 0.10568095778223263 7.599999999999994
vertex 6.9235047480638645 0.18740795541012467 7.599999999999994
vertex 6.514111095767488 3.0517192388450898 7.599999999999994
endloop
endfacet
facet normal -6.123233995736766e-17 0.0 1.0
outer loop
vertex 6.9235047480638645 0.18740795541012467 7.599999999999994
vertex 7.267917059167389 0.2918842877769183 7.599999999999994
vertex 6.824999999999999 3.2050326799712376 7.599999999999994
endloop
endfacet
facet normal -6.123233995736766e-17 0.0 1.0
outer loop
vertex 7.267917059167389 0.2918842877769183 7.599999999999994
vertex 7.604758878007994 0.41866257118792305 7.599999999999994
vertex 7.2472664100151825 3.50762451018071 7.599999999999994
endloop
endfacet
facet normal -6.123233995736766e-17 0.0 1.0
outer loop
vertex 7.604758878007994 0.41866257118792305 7.599999999999994
vertex 7.932587796204507 0.5671999215702144 7.599999999999994
vertex 7.602386351771774 3.8867822131268905 7.599999999999994
endloop
endfacet
facet normal -6.123233995736766e-17 0.0 1.0
outer loop
vertex 5.5 0.0 7.599999999999994
vertex 5.5 2.8499999999999996 7.599999999999994
vertex 5.3266817075401205 2.8556738534177004 7.599999999999994
endloop
endfacet
facet normal -6.123233995736766e-17 0.0 1.0
outer loop
vertex 5.859717210765787 0.011775922187680976 7.599999999999994
vertex 5.673318292459879 2.8556738534177004 7.599999999999994
vertex 5.5 2.8499999999999996 7.599999999999994
endloop
endfacet
facet normal -6.123233995736766e-17 0.0 1.0
outer loop
vertex 5.859717210765787 0.011775922187680976 7.599999999999994
vertex 5.845894409383137 2.8726711173594026 7.599999999999994
vertex 5.673318292459879 2.8556738534177004 7.599999999999994
endloop
endfacet
facet normal -6.123233995736766e-17 0.0 1.0
outer loop
vertex 6.217894057210284 0.04705326244404251 7.599999999999994
vertex 6.01698935334274 2.9009190069314394 7.599999999999994
vertex 5.845894409383137 2.8726711173594026 7.599999999999994
endloop
endfacet
facet normal -6.123233995736766e-17 0.0 1.0
outer loop
vertex 6.217894057210284 0.04705326244404251 7.599999999999994
vertex 6.18587046952168 2.9402965603339695 7.599999999999994
vertex 6.01698935334274 2.9009190069314394 7.599999999999994
endloop
endfacet
facet normal -6.123233995736766e-17 0.0 1.0
outer loop
vertex 6.572996771088706 0.10568095778223263 7.599999999999994
vertex 6.351814583053378 2.9906351568379694 7.599999999999994
vertex 6.18587046952168 2.9402965603339695 7.599999999999994
endloop
endfacet
facet normal -6.123233995736766e-17 0.0 1.0
outer loop
vertex 6.572996771088706 0.10568095778223263 7.599999999999994
vertex 6.514111095767488 3.0517192388450898 7.599999999999994
vertex 6.351814583053378 2.9906351568379694 7.599999999999994
endloop
endfacet
facet normal -6.123233995736766e-17 0.0 1.0
outer loop
vertex 6.9235047480638645 0.18740795541012467 7.599999999999994
vertex 6.672065029080353 3.123287234938376 7.599999999999994
vertex 6.514111095767488 3.0517192388450898 7.599999999999994
endloop
endfacet
facet normal -6.123233995736766e-17 0.0 1.0
outer loop
vertex 7.932587796204507 0.5671999215702144 7.599999999999994
vertex 8.25 0.7368602791855867 7.599999999999994
vertex 7.876712765061624 4.327934970919646 7.599999999999994
endloop
endfacet
facet normal -6.123233995736766e-17 0.0 1.0
outer loop
vertex 6.9235047480638645 0.18740795541012467 7.599999999999994
vertex 6.824999999999999 3.2050326799712376 7.599999999999994
vertex 6.672065029080353 3.123287234938376 7.599999999999994
endloop
endfacet
facet normal -6.123233995736766e-17 0.0 1.0
outer loop
vertex 7.267917059167389 0.2918842877769183 7.599999999999994
vertex 6.9722611175019455 3.2966055273982553 7.599999999999994
vertex 6.824999999999999 3.2050326799712376 7.599999999999994
endloop
endfacet
facet normal -6.123233995736766e-17 0.0 1.0
outer loop
vertex 7.267917059167389 0.2918842877769183 7.599999999999994
vertex 7.1132177868731095 3.3976136482282264 7.599999999999994
vertex 6.9722611175019455 3.2966055273982553 7.599999999999994
endloop
endfacet
facet normal -6.123233995736766e-17 0.0 1.0
outer loop
vertex 7.267917059167389 0.2918842877769183 7.599999999999994
vertex 7.2472664100151825 3.50762451018071 7.599999999999994
vertex 7.1132177868731095 3.3976136482282264 7.599999999999994
endloop
endfacet
facet normal -6.123233995736766e-17 0.0 1.0
outer loop
vertex 7.604758878007994 0.41866257118792305 7.599999999999994
vertex 7.373832970144351 3.626167029855649 7.599999999999994
vertex 7.2472664100151825 3.50762451018071 7.599999999999994
endloop
endfacet
facet normal -6.123233995736766e-17 0.0 1.0
outer loop
vertex 7.604758878007994 0.41866257118792305 7.599999999999994
vertex 7.49237548981929 3.7527335899848175 7.599999999999994
vertex 7.373832970144351 3.626167029855649 7.599999999999994
endloop
endfacet
facet normal -6.123233995736766e-17 0.0 1.0
outer loop
vertex 7.604758878007994 0.41866257118792305 7.599999999999994
vertex 7.602386351771774 3.8867822131268905 7.599999999999994
vertex 7.49237548981929 3.7527335899848175 7.599999999999994
endloop
endfacet
facet normal -6.123233995736766e-17 0.0 1.0
outer loop
vertex 7.932587796204507 0.5671999215702144 7.599999999999994
vertex 7.703394472601745 4.0277388824980545 7.599999999999994
vertex 7.602386351771774 3.8867822131268905 7.599999999999994
endloop
endfacet
facet normal -6.123233995736766e-17 0.0 1.0
outer loop
vertex 7.932587796204507 0.5671999215702144 7.599999999999994
vertex 7.794967320028762 4.175000000000001 7.599999999999994
vertex 7.703394472601745 4.0277388824980545 7.599999999999994
endloop
endfacet
facet normal -6.123233995736766e-17 0.0 1.0
outer loop
vertex 7.932587796204507 0.5671999215702144 7.599999999999994
vertex 7.876712765061624 4.327934970919646 7.599999999999994
vertex 7.794967320028762 4.175000000000001 7.599999999999994
endloop
endfacet
facet normal -6.123233995736766e-17 0.0 1.0
outer loop
vertex 8.25 0.7368602791855867 7.599999999999994
vertex 7.94828076115491 4.485888904232512 7.599999999999994
vertex 7.876712765061624 4.327934970919646 7.599999999999994
endloop
endfacet
facet normal -6.123233995736766e-17 0.0 1.0
outer loop
vertex 8.25 0.7368602791855867 7.599999999999994
vertex 8.00936484316203 4.648185416946621 7.599999999999994
vertex 7.94828076115491 4.485888904232512 7.599999999999994
endloop
endfacet
facet normal -6.123233995736766e-17 0.0 1.0
outer loop
vertex 8.25 0.7368602791855867 7.599999999999994
vertex 8.05970343966603 4.81412953047832 7.599999999999994
vertex 8.00936484316203 4.648185416946621 7.599999999999994
endloop
endfacet
facet normal -6.123233995736766e-17 0.0 1.0
outer loop
vertex 1.136556628398207 2.1518121404520363 7.599999999999994
vertex 1.364881058865624 1.8735980169496216 7.599999999999994
vertex 1.136556628398207 8.848187859547963 7.599999999999994
endloop
endfacet
facet normal -6.123233995736766e-17 0.0 1.0
outer loop
vertex 2.1518121404520363 1.136556628398207 7.599999999999994
vertex 1.8735980169496216 9.635118941134376 7.599999999999994
vertex 1.8735980169496216 1.364881058865624 7.599999999999994
endloop
endfacet
facet normal -6.123233995736766e-17 0.0 1.0
outer loop
vertex 1.6109127034739892 1.6109127034739892 7.599999999999994
vertex 1.364881058865624 9.126401983050378 7.599999999999994
vertex 1.364881058865624 1.8735980169496216 7.599999999999994
endloop
endfacet
facet normal -6.123233995736766e-17 0.0 1.0
outer loop
vertex 1.8735980169496216 1.364881058865624 7.599999999999994
vertex 1.6109127034739892 9.38908729652601 7.599999999999994
vertex 1.6109127034739892 1.6109127034739892 7.599999999999994
endloop
endfacet
facet normal -6.123233995736766e-17 0.0 1.0
outer loop
vertex 2.444363718392188 0.9269171323360013 7.599999999999994
vertex 2.1518121404520363 9.863443371601793 7.599999999999994
vertex 2.1518121404520363 1.136556628398207 7.599999999999994
endloop
endfacet
facet normal -6.123233995736766e-17 0.0 1.0
outer loop
vertex 2.444363718392188 0.9269171323360013 7.599999999999994
vertex 2.7500000000000004 0.7368602791855867 7.599999999999994
vertex 2.444363718392188 10.073082867663999 7.599999999999994
endloop
endfacet
facet normal -6.123233995736766e-17 0.0 1.0
outer loop
vertex 0.7368602791855867 2.75 7.599999999999994
vertex 0.5671999215702144 7.932587796204507 7.599999999999994
vertex 0.5671999215702144 3.0674122037954934 7.599999999999994
endloop
endfacet
facet normal -6.123233995736766e-17 0.0 1.0
outer loop
vertex 0.5671999215702144 3.0674122037954934 7.599999999999994
vertex 0.41866257118792305 7.604758878007994 7.599999999999994
vertex 0.41866257118792305 3.3952411219920062 7.599999999999994
endloop
endfacet
facet normal -6.123233995736766e-17 0.0 1.0
outer loop
vertex 1.136556628398207 2.1518121404520363 7.599999999999994
vertex 0.9269171323360013 8.555636281607812 7.599999999999994
vertex 0.9269171323360013 2.4443637183921876 7.599999999999994
endloop
endfacet
facet normal -6.123233995736766e-17 0.0 1.0
outer loop
vertex 0.9269171323360013 2.4443637183921876 7.599999999999994
vertex 0.7368602791855867 8.25 7.599999999999994
vertex 0.7368602791855867 2.75 7.599999999999994
endloop
endfacet
facet normal -6.123233995736766e-17 0.0 1.0
outer loop
vertex 0.41866257118792305 3.3952411219920062 7.599999999999994
vertex 0.2918842877769183 7.267917059167388 7.599999999999994
vertex 0.2918842877769183 3.732082940832612 7.599999999999994
endloop
endfacet
facet normal -6.123233995736766e-17 0.0 1.0
outer loop
vertex 0.2918842877769183 3.732082940832612 7.599999999999994
vertex 0.18740795541012467 6.9235047480638645 7.599999999999994
vertex 0.18740795541012467 4.0764952519361355 7.599999999999994
endloop
endfacet
facet normal -6.123233995736766e-17 0.0 1.0
outer loop
vertex 0.18740795541012467 4.0764952519361355 7.599999999999994
vertex 0.10568095778223263 6.572996771088706 7.599999999999994
vertex 0.10568095778223263 4.427003228911294 7.599999999999994
endloop
endfacet
facet normal -6.123233995736766e-17 0.0 1.0
outer loop
vertex 0.10568095778223263 4.427003228911294 7.599999999999994
vertex 0.04705326244404251 6.217894057210284 7.599999999999994
vertex 0.04705326244404251 4.782105942789716 7.599999999999994
endloop
endfacet
facet normal -6.123233995736766e-17 0.0 1.0
outer loop
vertex 2.7500000000000004 0.7368602791855867 7.599999999999994
vertex 2.9009190069314394 4.9830106466572595 7.599999999999994
vertex 2.8726711173594026 5.154105590616863 7.599999999999994
endloop
endfacet
facet normal -6.123233995736766e-17 0.0 1.0
outer loop
vertex 2.7500000000000004 0.7368602791855867 7.599999999999994
vertex 2.8726711173594026 5.154105590616863 7.599999999999994
vertex 2.855673853417701 5.326681707540121 7.599999999999994
endloop
endfacet
facet normal -6.123233995736766e-17 0.0 1.0
outer loop
vertex 2.7500000000000004 0.7368602791855867 7.599999999999994
vertex 2.855673853417701 5.326681707540121 7.599999999999994
vertex 2.85 5.5 7.599999999999994
endloop
endfacet
facet normal -6.123233995736766e-17 0.0 1.0
outer loop
vertex 0.04705326244404251 4.782105942789716 7.599999999999994
vertex 0.011775922187680976 5.859717210765787 7.599999999999994
vertex 0.011775922187680976 5.140282789234213 7.599999999999994
endloop
endfacet
facet normal -6.123233995736766e-17 0.0 1.0
outer loop
vertex 0.011775922187680976 5.140282789234213 7.599999999999994
vertex 0.011775922187680976 5.859717210765787 7.599999999999994
vertex 0.0 5.5 7.599999999999994
endloop
endfacet
facet normal -6.123233995736766e-17 0.0 1.0
outer loop
vertex 0.04705326244404251 4.782105942789716 7.599999999999994
vertex 0.04705326244404251 6.217894057210284 7.599999999999994
vertex 0.011775922187680976 5.859717210765787 7.599999999999994
endloop
endfacet
facet normal -6.123233995736766e-17 0.0 1.0
outer loop
vertex 0.10568095778223263 4.427003228911294 7.599999999999994
vertex 0.10568095778223263 6.572996771088706 7.599999999999994
vertex 0.04705326244404251 6.217894057210284 7.599999999999994
endloop
endfacet
facet normal -6.123233995736766e-17 0.0 1.0
outer loop
vertex 0.18740795541012467 4.0764952519361355 7.599999999999994
vertex 0.18740795541012467 6.9235047480638645 7.599999999999994
vertex 0.10568095778223263 6.572996771088706 7.599999999999994
endloop
endfacet
facet normal -6.123233995736766e-17 0.0 1.0
outer loop
vertex 0.2918842877769183 3.732082940832612 7.599999999999994
vertex 0.2918842877769183 7.267917059167388 7.599999999999994
vertex 0.18740795541012467 6.9235047480638645 7.599999999999994
endloop
endfacet
facet normal -6.123233995736766e-17 0.0 1.0
outer loop
vertex 0.41866257118792305 3.3952411219920062 7.599999999999994
vertex 0.41866257118792305 7.604758878007994 7.599999999999994
vertex 0.2918842877769183 7.267917059167388 7.599999999999994
endloop
endfacet
facet normal -6.123233995736766e-17 0.0 1.0
outer loop
vertex 0.5671999215702144 3.0674122037954934 7.599999999999994
vertex 0.5671999215702144 7.932587796204507 7.599999999999994
vertex 0.41866257118792305 7.604758878007994 7.599999999999994
endloop
endfacet
facet normal -6.123233995736766e-17 0.0 1.0
outer loop
vertex 0.7368602791855867 2.75 7.599999999999994
vertex 0.7368602791855867 8.25 7.599999999999994
vertex 0.5671999215702144 7.932587796204507 7.599999999999994
endloop
endfacet
facet normal -6.123233995736766e-17 0.0 1.0
outer loop
vertex 0.9269171323360013 2.4443637183921876 7.599999999999994
vertex 0.9269171323360013 8.555636281607812 7.599999999999994
vertex 0.7368602791855867 8.25 7.599999999999994
endloop
endfacet
facet normal -6.123233995736766e-17 0.0 1.0
outer loop
vertex 1.136556628398207 2.1518121404520363 7.599999999999994
vertex 1.136556628398207 8.848187859547963 7.599999999999994
vertex 0.9269171323360013 8.555636281607812 7.599999999999994
endloop
endfacet
facet normal -6.123233995736766e-17 0.0 1.0
outer loop
vertex 1.364881058865624 1.8735980169496216 7.599999999999994
vertex 1.364881058865624 9.126401983050378 7.599999999999994
vertex 1.136556628398207 8.848187859547963 7.599999999999994
endloop
endfacet
facet normal -6.123233995736766e-17 0.0 1.0
outer loop
vertex 1.6109127034739892 1.6109127034739892 7.599999999999994
vertex 1.6109127034739892 9.38908729652601 7.599999999999994
vertex 1.364881058865624 9.126401983050378 7.599999999999994
endloop
endfacet
facet normal -6.123233995736766e-17 0.0 1.0
outer loop
vertex 1.8735980169496216 1.364881058865624 7.599999999999994
vertex 1.8735980169496216 9.635118941134376 7.599999999999994
vertex 1.6109127034739892 9.38908729652601 7.599999999999994
endloop
endfacet
facet normal -6.123233995736766e-17 0.0 1.0
outer loop
vertex 2.1518121404520363 1.136556628398207 7.599999999999994
vertex 2.1518121404520363 9.863443371601793 7.599999999999994
vertex 1.8735980169496216 9.635118941134376 7.599999999999994
endloop
endfacet
facet normal -6.123233995736766e-17 0.0 1.0
outer loop
vertex 2.444363718392188 0.9269171323360013 7.599999999999994
vertex 2.3 9.96963329003227 7.599999999999994
vertex 2.1518121404520363 9.863443371601793 7.599999999999994
endloop
endfacet
facet normal -6.123233995736766e-17 0.0 1.0
outer loop
vertex 2.7500000000000004 0.7368602791855867 7.599999999999994
vertex 2.85 5.5 7.599999999999994
vertex 2.7500000000000004 10.263139720814413 7.599999999999994
endloop
endfacet
facet normal -6.123233995736766e-17 0.0 1.0
outer loop
vertex 8.25 0.7368602791855867 7.599999999999994
vertex 8.099080993068561 4.9830106466572595 7.599999999999994
vertex 8.05970343966603 4.81412953047832 7.599999999999994
endloop
endfacet
facet normal -6.123233995736766e-17 0.0 1.0
outer loop
vertex 8.25 0.7368602791855867 7.599999999999994
vertex 8.127328882640597 5.154105590616863 7.599999999999994
vertex 8.099080993068561 4.9830106466572595 7.599999999999994
endloop
endfacet
facet normal -6.123233995736766e-17 0.0 1.0
outer loop
vertex 8.25 0.7368602791855867 7.599999999999994
vertex 8.1443261465823 5.326681707540121 7.599999999999994
vertex 8.127328882640597 5.154105590616863 7.599999999999994
endloop
endfacet
facet normal -6.123233995736766e-17 0.0 1.0
outer loop
vertex 8.25 0.7368602791855867 7.599999999999994
vertex 8.15 5.5 7.599999999999994
vertex 8.1443261465823 5.326681707540121 7.599999999999994
endloop
endfacet
facet normal -6.123233995736766e-17 0.0 1.0
outer loop
vertex 8.25 0.7368602791855867 7.599999999999994
vertex 8.555636281607812 0.9269171323360013 7.599999999999994
vertex 8.25 10.263139720814413 7.599999999999994
endloop
endfacet
facet normal -6.123233995736766e-17 0.0 1.0
outer loop
vertex 8.555636281607812 0.9269171323360013 7.599999999999994
vertex 8.848187859547963 1.136556628398207 7.599999999999994
vertex 8.555636281607812 10.073082867663999 7.599999999999994
endloop
endfacet
facet normal -6.123233995736766e-17 0.0 1.0
outer loop
vertex 8.848187859547963 1.136556628398207 7.599999999999994
vertex 9.126401983050378 1.364881058865624 7.599999999999994
vertex 8.848187859547963 9.863443371601793 7.599999999999994
endloop
endfacet
facet normal -6.123233995736766e-17 0.0 1.0
outer loop
vertex 9.126401983050378 1.364881058865624 7.599999999999994
vertex 9.38908729652601 1.6109127034739892 7.599999999999994
vertex 9.126401983050378 9.635118941134376 7.599999999999994
endloop
endfacet
facet normal -6.123233995736766e-17 0.0 1.0
outer loop
vertex 9.38908729652601 1.6109127034739892 7.599999999999994
vertex 9.635118941134376 1.8735980169496216 7.599999999999994
vertex 9.38908729652601 9.38908729652601 7.599999999999994
endloop
endfacet
facet normal -6.123233995736766e-17 0.0 1.0
outer loop
vertex 9.635118941134376 1.8735980169496216 7.599999999999994
vertex 9.863443371601793 2.1518121404520363 7.599999999999994
vertex 9.635118941134376 9.126401983050378 7.599999999999994
endloop
endfacet
facet normal -6.123233995736766e-17 0.0 1.0
outer loop
vertex 9.863443371601793 2.1518121404520363 7.599999999999994
vertex 9.96963329003227 2.3000000000000007 7.599999999999994
vertex 9.863443371601793 8.848187859547963 7.599999999999994
endloop
endfacet
facet normal -6.123233995736766e-17 0.0 1.0
outer loop
vertex 9.96963329003227 2.3000000000000007 7.599999999999994
vertex 10.073082867663999 2.4443637183921876 7.599999999999994
vertex 9.863443371601793 8.848187859547963 7.599999999999994
endloop
endfacet
facet normal -6.123233995736766e-17 0.0 1.0
outer loop
vertex 10.073082867663999 2.4443637183921876 7.599999999999994
vertex 10.263139720814413 2.75 7.599999999999994
vertex 10.073082867663999 8.555636281607812 7.599999999999994
endloop
endfacet
facet normal -6.123233995736766e-17 0.0 1.0
outer loop
vertex 10.263139720814413 2.75 7.599999999999994
vertex 10.432800078429786 3.0674122037954934 7.599999999999994
vertex 10.263139720814413 8.25 7.599999999999994
endloop
endfacet
facet normal -6.123233995736766e-17 0.0 1.0
outer loop
vertex 10.432800078429786 3.0674122037954934 7.599999999999994
vertex 10.581337428812077 3.3952411219920062 7.599999999999994
vertex 10.432800078429786 7.932587796204507 7.599999999999994
endloop
endfacet
facet normal -6.123233995736766e-17 0.0 1.0
outer loop
vertex 10.581337428812077 3.3952411219920062 7.599999999999994
vertex 10.708115712223082 3.732082940832612 7.599999999999994
vertex 10.581337428812077 7.604758878007994 7.599999999999994
endloop
endfacet
facet normal -6.123233995736766e-17 0.0 1.0
outer loop
vertex 10.708115712223082 3.732082940832612 7.599999999999994
vertex 10.812592044589875 4.0764952519361355 7.599999999999994
vertex 10.708115712223082 7.267917059167388 7.599999999999994
endloop
endfacet
facet normal -6.123233995736766e-17 0.0 1.0
outer loop
vertex 8.25 0.7368602791855867 7.599999999999994
vertex 8.25 10.263139720814413 7.599999999999994
vertex 8.15 5.5 7.599999999999994
endloop
endfacet
facet normal -6.123233995736766e-17 0.0 1.0
outer loop
vertex 9.38908729652601 1.6109127034739892 7.599999999999994
vertex 9.38908729652601 9.38908729652601 7.599999999999994
vertex 9.126401983050378 9.635118941134376 7.599999999999994
endloop
endfacet
facet normal -6.123233995736766e-17 0.0 1.0
outer loop
vertex 10.708115712223082 3.732082940832612 7.599999999999994
vertex 10.708115712223082 7.267917059167388 7.599999999999994
vertex 10.581337428812077 7.604758878007994 7.599999999999994
endloop
endfacet
facet normal -6.123233995736766e-17 0.0 1.0
outer loop
vertex 10.432800078429786 3.0674122037954934 7.599999999999994
vertex 10.432800078429786 7.932587796204507 7.599999999999994
vertex 10.263139720814413 8.25 7.599999999999994
endloop
endfacet
facet normal -6.123233995736766e-17 0.0 1.0
outer loop
vertex 10.581337428812077 3.3952411219920062 7.599999999999994
vertex 10.581337428812077 7.604758878007994 7.599999999999994
vertex 10.432800078429786 7.932587796204507 7.599999999999994
endloop
endfacet
facet normal -6.123233995736766e-17 0.0 1.0
outer loop
vertex 10.073082867663999 2.4443637183921876 7.599999999999994
vertex 10.073082867663999 8.555636281607812 7.599999999999994
vertex 9.96963329003227 8.700000000000001 7.599999999999994
endloop
endfacet
facet normal -6.123233995736766e-17 0.0 1.0
outer loop
vertex 10.073082867663999 2.4443637183921876 7.599999999999994
vertex 9.96963329003227 8.700000000000001 7.599999999999994
vertex 9.863443371601793 8.848187859547963 7.599999999999994
endloop
endfacet
facet normal -6.123233995736766e-17 0.0 1.0
outer loop
vertex 9.635118941134376 1.8735980169496216 7.599999999999994
vertex 9.635118941134376 9.126401983050378 7.599999999999994
vertex 9.38908729652601 9.38908729652601 7.599999999999994
endloop
endfacet
facet normal -6.123233995736766e-17 0.0 1.0
outer loop
vertex 9.863443371601793 2.1518121404520363 7.599999999999994
vertex 9.863443371601793 8.848187859547963 7.599999999999994
vertex 9.635118941134376 9.126401983050378 7.599999999999994
endloop
endfacet
facet normal -6.123233995736766e-17 0.0 1.0
outer loop
vertex 10.263139720814413 2.75 7.599999999999994
vertex 10.263139720814413 8.25 7.599999999999994
vertex 10.073082867663999 8.555636281607812 7.599999999999994
endloop
endfacet
facet normal -6.123233995736766e-17 0.0 1.0
outer loop
vertex 10.812592044589875 4.0764952519361355 7.599999999999994
vertex 10.894319042217766 4.427003228911294 7.599999999999994
vertex 10.812592044589875 6.9235047480638645 7.599999999999994
endloop
endfacet
facet normal -6.123233995736766e-17 0.0 1.0
outer loop
vertex 10.894319042217766 4.427003228911294 7.599999999999994
vertex 10.952946737555958 4.782105942789716 7.599999999999994
vertex 10.894319042217766 6.572996771088706 7.599999999999994
endloop
endfacet
facet normal -6.123233995736766e-17 0.0 1.0
outer loop
vertex 10.952946737555958 4.782105942789716 7.599999999999994
vertex 10.988224077812319 5.140282789234213 7.599999999999994
vertex 10.952946737555958 6.217894057210284 7.599999999999994
endloop
endfacet
facet normal -6.123233995736766e-17 0.0 1.0
outer loop
vertex 10.988224077812319 5.140282789234213 7.599999999999994
vertex 11.0 5.5 7.599999999999994
vertex 10.988224077812319 5.859717210765787 7.599999999999994
endloop
endfacet
facet normal -6.123233995736766e-17 0.0 1.0
outer loop
vertex 10.988224077812319 5.140282789234213 7.599999999999994
vertex 10.988224077812319 5.859717210765787 7.599999999999994
vertex 10.952946737555958 6.217894057210284 7.599999999999994
endloop
endfacet
facet normal -6.123233995736766e-17 0.0 1.0
outer loop
vertex 10.952946737555958 4.782105942789716 7.599999999999994
vertex 10.952946737555958 6.217894057210284 7.599999999999994
vertex 10.894319042217766 6.572996771088706 7.599999999999994
endloop
endfacet
facet normal -6.123233995736766e-17 0.0 1.0
outer loop
vertex 10.894319042217766 4.427003228911294 7.599999999999994
vertex 10.894319042217766 6.572996771088706 7.599999999999994
vertex 10.812592044589875 6.9235047480638645 7.599999999999994
endloop
endfacet
facet normal -6.123233995736766e-17 0.0 1.0
outer loop
vertex 10.812592044589875 4.0764952519361355 7.599999999999994
vertex 10.812592044589875 6.9235047480638645 7.599999999999994
vertex 10.708115712223082 7.267917059167388 7.599999999999994
endloop
endfacet
facet normal -6.123233995736766e-17 0.0 1.0
outer loop
vertex 2.444363718392188 0.9269171323360013 7.599999999999994
vertex 2.444363718392188 10.073082867663999 7.599999999999994
vertex 2.3 9.96963329003227 7.599999999999994
endloop
endfacet
facet normal -6.123233995736766e-17 0.0 1.0
outer loop
vertex 2.7500000000000004 0.7368602791855867 7.599999999999994
vertex 2.7500000000000004 10.263139720814413 7.599999999999994
vertex 2.444363718392188 10.073082867663999 7.599999999999994
endloop
endfacet
facet normal -6.123233995736766e-17 0.0 1.0
outer loop
vertex 2.7500000000000004 10.263139720814413 7.599999999999994
vertex 2.85 5.5 7.599999999999994
vertex 2.855673853417701 5.673318292459879 7.599999999999994
endloop
endfacet
facet normal -6.123233995736766e-17 0.0 1.0
outer loop
vertex 2.7500000000000004 10.263139720814413 7.599999999999994
vertex 2.855673853417701 5.673318292459879 7.599999999999994
vertex 2.8726711173594026 5.845894409383137 7.599999999999994
endloop
endfacet
facet normal -6.123233995736766e-17 0.0 1.0
outer loop
vertex 2.7500000000000004 10.263139720814413 7.599999999999994
vertex 2.8726711173594026 5.845894409383137 7.599999999999994
vertex 2.9009190069314394 6.0169893533427405 7.599999999999994
endloop
endfacet
facet normal -6.123233995736766e-17 0.0 1.0
outer loop
vertex 2.7500000000000004 10.263139720814413 7.599999999999994
vertex 2.9009190069314394 6.0169893533427405 7.599999999999994
vertex 2.940296560333969 6.18587046952168 7.599999999999994
endloop
endfacet
facet normal -6.123233995736766e-17 0.0 1.0
outer loop
vertex 2.7500000000000004 10.263139720814413 7.599999999999994
vertex 2.940296560333969 6.18587046952168 7.599999999999994
vertex 2.99063515683797 6.351814583053379 7.599999999999994
endloop
endfacet
facet normal -6.123233995736766e-17 0.0 1.0
outer loop
vertex 2.7500000000000004 10.263139720814413 7.599999999999994
vertex 2.99063515683797 6.351814583053379 7.599999999999994
vertex 3.05171923884509 6.514111095767488 7.599999999999994
endloop
endfacet
facet normal -6.123233995736766e-17 0.0 1.0
outer loop
vertex 2.7500000000000004 10.263139720814413 7.599999999999994
vertex 3.05171923884509 6.514111095767488 7.599999999999994
vertex 3.1232872349383762 6.672065029080354 7.599999999999994
endloop
endfacet
facet normal -6.123233995736766e-17 0.0 1.0
outer loop
vertex 3.067412203795493 10.432800078429786 7.599999999999994
vertex 3.1232872349383762 6.672065029080354 7.599999999999994
vertex 3.2050326799712376 6.824999999999999 7.599999999999994
endloop
endfacet
facet normal -6.123233995736766e-17 0.0 1.0
outer loop
vertex 3.067412203795493 10.432800078429786 7.599999999999994
vertex 3.2050326799712376 6.824999999999999 7.599999999999994
vertex 3.2966055273982553 6.9722611175019455 7.599999999999994
endloop
endfacet
facet normal -6.123233995736766e-17 0.0 1.0
outer loop
vertex 3.067412203795493 10.432800078429786 7.599999999999994
vertex 3.2966055273982553 6.9722611175019455 7.599999999999994
vertex 3.397613648228227 7.1132177868731095 7.599999999999994
endloop
endfacet
facet normal -6.123233995736766e-17 0.0 1.0
outer loop
vertex 3.3952411219920062 10.581337428812077 7.599999999999994
vertex 3.397613648228227 7.1132177868731095 7.599999999999994
vertex 3.50762451018071 7.2472664100151825 7.599999999999994
endloop
endfacet
facet normal -6.123233995736766e-17 0.0 1.0
outer loop
vertex 3.3952411219920062 10.581337428812077 7.599999999999994
vertex 3.50762451018071 7.2472664100151825 7.599999999999994
vertex 3.626167029855649 7.373832970144351 7.599999999999994
endloop
endfacet
facet normal -6.123233995736766e-17 0.0 1.0
outer loop
vertex 3.3952411219920062 10.581337428812077 7.599999999999994
vertex 3.626167029855649 7.373832970144351 7.599999999999994
vertex 3.7527335899848175 7.49237548981929 7.599999999999994
endloop
endfacet
facet normal -6.123233995736766e-17 0.0 1.0
outer loop
vertex 3.732082940832611 10.708115712223082 7.599999999999994
vertex 3.7527335899848175 7.49237548981929 7.599999999999994
vertex 3.8867822131268905 7.602386351771774 7.599999999999994
endloop
endfacet
facet normal -6.123233995736766e-17 0.0 1.0
outer loop
vertex 3.732082940832611 10.708115712223082 7.599999999999994
vertex 3.8867822131268905 7.602386351771774 7.599999999999994
vertex 4.0277388824980545 7.703394472601744 7.599999999999994
endloop
endfacet
facet normal -6.123233995736766e-17 0.0 1.0
outer loop
vertex 3.732082940832611 10.708115712223082 7.599999999999994
vertex 4.0277388824980545 7.703394472601744 7.599999999999994
vertex 4.175000000000001 7.794967320028762 7.599999999999994
endloop
endfacet
facet normal -6.123233995736766e-17 0.0 1.0
outer loop
vertex 2.7500000000000004 10.263139720814413 7.599999999999994
vertex 3.1232872349383762 6.672065029080354 7.599999999999994
vertex 3.067412203795493 10.432800078429786 7.599999999999994
endloop
endfacet
facet normal -6.123233995736766e-17 0.0 1.0
outer loop
vertex 3.067412203795493 10.432800078429786 7.599999999999994
vertex 3.397613648228227 7.1132177868731095 7.599999999999994
vertex 3.3952411219920062 10.581337428812077 7.599999999999994
endloop
endfacet
facet normal -6.123233995736766e-17 0.0 1.0
outer loop
vertex 4.0764952519361355 10.812592044589875 7.599999999999994
vertex 4.175000000000001 7.794967320028762 7.599999999999994
vertex 4.327934970919647 7.876712765061624 7.599999999999994
endloop
endfacet
facet normal -6.123233995736766e-17 0.0 1.0
outer loop
vertex 4.0764952519361355 10.812592044589875 7.599999999999994
vertex 4.327934970919647 7.876712765061624 7.599999999999994
vertex 4.485888904232512 7.94828076115491 7.599999999999994
endloop
endfacet
facet normal -6.123233995736766e-17 0.0 1.0
outer loop
vertex 4.427003228911294 10.894319042217766 7.599999999999994
vertex 4.485888904232512 7.94828076115491 7.599999999999994
vertex 4.648185416946622 8.00936484316203 7.599999999999994
endloop
endfacet
facet normal -6.123233995736766e-17 0.0 1.0
outer loop
vertex 4.427003228911294 10.894319042217766 7.599999999999994
vertex 4.648185416946622 8.00936484316203 7.599999999999994
vertex 4.81412953047832 8.05970343966603 7.599999999999994
endloop
endfacet
facet normal -6.123233995736766e-17 0.0 1.0
outer loop
vertex 4.782105942789716 10.952946737555958 7.599999999999994
vertex 4.81412953047832 8.05970343966603 7.599999999999994
vertex 4.98301064665726 8.099080993068561 7.599999999999994
endloop
endfacet
facet normal -6.123233995736766e-17 0.0 1.0
outer loop
vertex 4.782105942789716 10.952946737555958 7.599999999999994
vertex 4.98301064665726 8.099080993068561 7.599999999999994
vertex 5.154105590616863 8.127328882640597 7.599999999999994
endloop
endfacet
facet normal -6.123233995736766e-17 0.0 1.0
outer loop
vertex 5.140282789234213 10.988224077812319 7.599999999999994
vertex 5.154105590616863 8.127328882640597 7.599999999999994
vertex 5.3266817075401205 8.1443261465823 7.599999999999994
endloop
endfacet
facet normal -6.123233995736766e-17 0.0 1.0
outer loop
vertex 5.140282789234213 10.988224077812319 7.599999999999994
vertex 5.3266817075401205 8.1443261465823 7.599999999999994
vertex 5.5 8.15 7.599999999999994
endloop
endfacet
facet normal -6.123233995736766e-17 0.0 1.0
outer loop
vertex 3.3952411219920062 10.581337428812077 7.599999999999994
vertex 3.7527335899848175 7.49237548981929 7.599999999999994
vertex 3.732082940832611 10.708115712223082 7.599999999999994
endloop
endfacet
facet normal -6.123233995736766e-17 0.0 1.0
outer loop
vertex 3.732082940832611 10.708115712223082 7.599999999999994
vertex 4.175000000000001 7.794967320028762 7.599999999999994
vertex 4.0764952519361355 10.812592044589875 7.599999999999994
endloop
endfacet
facet normal -6.123233995736766e-17 0.0 1.0
outer loop
vertex 4.0764952519361355 10.812592044589875 7.599999999999994
vertex 4.485888904232512 7.94828076115491 7.599999999999994
vertex 4.427003228911294 10.894319042217766 7.599999999999994
endloop
endfacet
facet normal -6.123233995736766e-17 0.0 1.0
outer loop
vertex 4.427003228911294 10.894319042217766 7.599999999999994
vertex 4.81412953047832 8.05970343966603 7.599999999999994
vertex 4.782105942789716 10.952946737555958 7.599999999999994
endloop
endfacet
facet normal -6.123233995736766e-17 0.0 1.0
outer loop
vertex 4.782105942789716 10.952946737555958 7.599999999999994
vertex 5.154105590616863 8.127328882640597 7.599999999999994
vertex 5.140282789234213 10.988224077812319 7.599999999999994
endloop
endfacet
facet normal -6.123233995736766e-17 0.0 1.0
outer loop
vertex 7.932587796204507 10.432800078429786 7.599999999999994
vertex 8.05970343966603 6.18587046952168 7.599999999999994
vertex 8.099080993068561 6.0169893533427405 7.599999999999994
endloop
endfacet
facet normal -6.123233995736766e-17 0.0 1.0
outer loop
vertex 7.932587796204507 10.432800078429786 7.599999999999994
vertex 8.00936484316203 6.351814583053379 7.599999999999994
vertex 8.05970343966603 6.18587046952168 7.599999999999994
endloop
endfacet
facet normal -6.123233995736766e-17 0.0 1.0
outer loop
vertex 7.932587796204507 10.432800078429786 7.599999999999994
vertex 7.94828076115491 6.514111095767488 7.599999999999994
vertex 8.00936484316203 6.351814583053379 7.599999999999994
endloop
endfacet
facet normal -6.123233995736766e-17 0.0 1.0
outer loop
vertex 7.932587796204507 10.432800078429786 7.599999999999994
vertex 7.876712765061624 6.672065029080354 7.599999999999994
vertex 7.94828076115491 6.514111095767488 7.599999999999994
endloop
endfacet
facet normal -6.123233995736766e-17 0.0 1.0
outer loop
vertex 7.932587796204507 10.432800078429786 7.599999999999994
vertex 7.794967320028762 6.824999999999999 7.599999999999994
vertex 7.876712765061624 6.672065029080354 7.599999999999994
endloop
endfacet
facet normal -6.123233995736766e-17 0.0 1.0
outer loop
vertex 7.604758878007994 10.581337428812077 7.599999999999994
vertex 7.703394472601745 6.9722611175019455 7.599999999999994
vertex 7.794967320028762 6.824999999999999 7.599999999999994
endloop
endfacet
facet normal -6.123233995736766e-17 0.0 1.0
outer loop
vertex 7.604758878007994 10.581337428812077 7.599999999999994
vertex 7.602386351771774 7.1132177868731095 7.599999999999994
vertex 7.703394472601745 6.9722611175019455 7.599999999999994
endloop
endfacet
facet normal -6.123233995736766e-17 0.0 1.0
outer loop
vertex 7.267917059167389 10.708115712223082 7.599999999999994
vertex 7.373832970144351 7.373832970144351 7.599999999999994
vertex 7.49237548981929 7.2472664100151825 7.599999999999994
endloop
endfacet
facet normal -6.123233995736766e-17 0.0 1.0
outer loop
vertex 7.267917059167389 10.708115712223082 7.599999999999994
vertex 7.2472664100151825 7.49237548981929 7.599999999999994
vertex 7.373832970144351 7.373832970144351 7.599999999999994
endloop
endfacet
facet normal -6.123233995736766e-17 0.0 1.0
outer loop
vertex 7.267917059167389 10.708115712223082 7.599999999999994
vertex 7.1132177868731095 7.602386351771774 7.599999999999994
vertex 7.2472664100151825 7.49237548981929 7.599999999999994
endloop
endfacet
facet normal -6.123233995736766e-17 0.0 1.0
outer loop
vertex 7.604758878007994 10.581337428812077 7.599999999999994
vertex 7.49237548981929 7.2472664100151825 7.599999999999994
vertex 7.602386351771774 7.1132177868731095 7.599999999999994
endloop
endfacet
facet normal -6.123233995736766e-17 0.0 1.0
outer loop
vertex 8.555636281607812 0.9269171323360013 7.599999999999994
vertex 8.555636281607812 10.073082867663999 7.599999999999994
vertex 8.25 10.263139720814413 7.599999999999994
endloop
endfacet
facet normal -6.123233995736766e-17 0.0 1.0
outer loop
vertex 8.848187859547963 1.136556628398207 7.599999999999994
vertex 8.7 9.96963329003227 7.599999999999994
vertex 8.555636281607812 10.073082867663999 7.599999999999994
endloop
endfacet
facet normal -6.123233995736766e-17 0.0 1.0
outer loop
vertex 8.25 10.263139720814413 7.599999999999994
vertex 8.1443261465823 5.673318292459879 7.599999999999994
vertex 8.15 5.5 7.599999999999994
endloop
endfacet
facet normal -6.123233995736766e-17 0.0 1.0
outer loop
vertex 8.25 10.263139720814413 7.599999999999994
vertex 8.127328882640597 5.845894409383137 7.599999999999994
vertex 8.1443261465823 5.673318292459879 7.599999999999994
endloop
endfacet
facet normal -6.123233995736766e-17 0.0 1.0
outer loop
vertex 8.848187859547963 1.136556628398207 7.599999999999994
vertex 8.848187859547963 9.863443371601793 7.599999999999994
vertex 8.7 9.96963329003227 7.599999999999994
endloop
endfacet
facet normal -6.123233995736766e-17 0.0 1.0
outer loop
vertex 9.126401983050378 1.364881058865624 7.599999999999994
vertex 9.126401983050378 9.635118941134376 7.599999999999994
vertex 8.848187859547963 9.863443371601793 7.599999999999994
endloop
endfacet
facet normal -6.123233995736766e-17 0.0 1.0
outer loop
vertex 8.25 10.263139720814413 7.599999999999994
vertex 8.099080993068561 6.0169893533427405 7.599999999999994
vertex 8.127328882640597 5.845894409383137 7.599999999999994
endloop
endfacet
facet normal -6.123233995736766e-17 0.0 1.0
outer loop
vertex 5.859717210765787 10.988224077812319 7.599999999999994
vertex 5.673318292459879 8.1443261465823 7.599999999999994
vertex 5.845894409383137 8.127328882640597 7.599999999999994
endloop
endfacet
facet normal -6.123233995736766e-17 0.0 1.0
outer loop
vertex 5.859717210765787 10.988224077812319 7.599999999999994
vertex 5.845894409383137 8.127328882640597 7.599999999999994
vertex 6.01698935334274 8.099080993068561 7.599999999999994
endloop
endfacet
facet normal -6.123233995736766e-17 0.0 1.0
outer loop
vertex 6.217894057210284 10.952946737555958 7.599999999999994
vertex 6.01698935334274 8.099080993068561 7.599999999999994
vertex 6.18587046952168 8.05970343966603 7.599999999999994
endloop
endfacet
facet normal -6.123233995736766e-17 0.0 1.0
outer loop
vertex 6.217894057210284 10.952946737555958 7.599999999999994
vertex 6.18587046952168 8.05970343966603 7.599999999999994
vertex 6.351814583053378 8.00936484316203 7.599999999999994
endloop
endfacet
facet normal -6.123233995736766e-17 0.0 1.0
outer loop
vertex 6.572996771088706 10.894319042217766 7.599999999999994
vertex 6.351814583053378 8.00936484316203 7.599999999999994
vertex 6.514111095767488 7.94828076115491 7.599999999999994
endloop
endfacet
facet normal -6.123233995736766e-17 0.0 1.0
outer loop
vertex 6.572996771088706 10.894319042217766 7.599999999999994
vertex 6.514111095767488 7.94828076115491 7.599999999999994
vertex 6.672065029080353 7.876712765061624 7.599999999999994
endloop
endfacet
facet normal -6.123233995736766e-17 0.0 1.0
outer loop
vertex 5.5 11.0 7.599999999999994
vertex 5.5 8.15 7.599999999999994
vertex 5.673318292459879 8.1443261465823 7.599999999999994
endloop
endfacet
facet normal -6.123233995736766e-17 0.0 1.0
outer loop
vertex 6.9235047480638645 10.812592044589875 7.599999999999994
vertex 6.9722611175019455 7.703394472601744 7.599999999999994
vertex 7.1132177868731095 7.602386351771774 7.599999999999994
endloop
endfacet
facet normal -6.123233995736766e-17 0.0 1.0
outer loop
vertex 6.9235047480638645 10.812592044589875 7.599999999999994
vertex 6.672065029080353 7.876712765061624 7.599999999999994
vertex 6.824999999999999 7.794967320028762 7.599999999999994
endloop
endfacet
facet normal -6.123233995736766e-17 0.0 1.0
outer loop
vertex 6.9235047480638645 10.812592044589875 7.599999999999994
vertex 6.824999999999999 7.794967320028762 7.599999999999994
vertex 6.9722611175019455 7.703394472601744 7.599999999999994
endloop
endfacet
facet normal -6.123233995736766e-17 0.0 1.0
outer loop
vertex 7.604758878007994 10.581337428812077 7.599999999999994
vertex 7.794967320028762 6.824999999999999 7.599999999999994
vertex 7.932587796204507 10.432800078429786 7.599999999999994
endloop
endfacet
facet normal -6.123233995736766e-17 0.0 1.0
outer loop
vertex 7.267917059167389 10.708115712223082 7.599999999999994
vertex 7.49237548981929 7.2472664100151825 7.599999999999994
vertex 7.604758878007994 10.581337428812077 7.599999999999994
endloop
endfacet
facet normal -6.123233995736766e-17 0.0 1.0
outer loop
vertex 6.217894057210284 10.952946737555958 7.599999999999994
vertex 6.351814583053378 8.00936484316203 7.599999999999994
vertex 6.572996771088706 10.894319042217766 7.599999999999994
endloop
endfacet
facet normal -6.123233995736766e-17 0.0 1.0
outer loop
vertex 5.140282789234213 10.988224077812319 7.599999999999994
vertex 5.5 8.15 7.599999999999994
vertex 5.5 11.0 7.599999999999994
endloop
endfacet
facet normal -6.123233995736766e-17 0.0 1.0
outer loop
vertex 5.5 11.0 7.599999999999994
vertex 5.673318292459879 8.1443261465823 7.599999999999994
vertex 5.859717210765787 10.988224077812319 7.599999999999994
endloop
endfacet
facet normal -6.123233995736766e-17 0.0 1.0
outer loop
vertex 5.859717210765787 10.988224077812319 7.599999999999994
vertex 6.01698935334274 8.099080993068561 7.599999999999994
vertex 6.217894057210284 10.952946737555958 7.599999999999994
endloop
endfacet
facet normal -6.123233995736766e-17 0.0 1.0
outer loop
vertex 6.9235047480638645 10.812592044589875 7.599999999999994
vertex 7.1132177868731095 7.602386351771774 7.599999999999994
vertex 7.267917059167389 10.708115712223082 7.599999999999994
endloop
endfacet
facet normal -6.123233995736766e-17 0.0 1.0
outer loop
vertex 6.572996771088706 10.894319042217766 7.599999999999994
vertex 6.672065029080353 7.876712765061624 7.599999999999994
vertex 6.9235047480638645 10.812592044589875 7.599999999999994
endloop
endfacet
facet normal -6.123233995736766e-17 0.0 1.0
outer loop
vertex 8.25 10.263139720814413 7.599999999999994
vertex 7.932587796204507 10.432800078429786 7.599999999999994
vertex 8.099080993068561 6.0169893533427405 7.599999999999994
endloop
endfacet
facet normal -0.5280678506503694 -0.849202181526578 -3.2334830151579875e-17
outer loop
vertex 2.444363718392188 0.9269171323360013 7.599999999999994
vertex 2.750000000000001 0.7368602791855867 0.0
vertex 2.7500000000000004 0.7368602791855867 7.599999999999994
endloop
endfacet
facet normal -0.5824776968678019 -0.8128466845916154 -3.56664723521938e-17
outer loop
vertex 2.444363718392188 0.9269171323360013 7.599999999999994
vertex 2.1518121404520363 1.136556628398207 7.599999999999994
vertex 2.4443637183921885 0.9269171323360013 0.0
endloop
endfacet
facet normal -0.6343932841636452 -0.7730104533627374 -3.884538524257927e-17
outer loop
vertex 2.1518121404520363 1.136556628398207 7.599999999999994
vertex 1.8735980169496216 1.364881058865624 7.599999999999994
vertex 2.1518121404520367 1.136556628398207 0.0
endloop
endfacet
facet normal -0.683592302022873 -0.7298640726978342 -4.1857956229704115e-17
outer loop
vertex 1.8735980169496216 1.364881058865624 7.599999999999994
vertex 1.6109127034739892 1.6109127034739892 7.599999999999994
vertex 1.873598016949622 1.364881058865624 0.0
endloop
endfacet
facet normal -0.7298640726978342 -0.683592302022873 -4.469128502210269e-17
outer loop
vertex 1.6109127034739892 1.6109127034739892 7.599999999999994
vertex 1.364881058865624 1.8735980169496216 7.599999999999994
vertex 1.6109127034739896 1.6109127034739892 0.0
endloop
endfacet
facet normal -0.3522500479212353 -0.9359059267573252 -2.1569094684312134e-17
outer loop
vertex 3.3952411219920062 0.41866257118792305 7.599999999999994
vertex 3.732082940832612 0.2918842877769183 0.0
vertex 3.732082940832611 0.2918842877769183 7.599999999999994
endloop
endfacet
facet normal -0.2902846772544603 -0.9569403357322095 -1.7774810042059863e-17
outer loop
vertex 3.732082940832611 0.2918842877769183 7.599999999999994
vertex 4.076495251936136 0.18740795541012467 0.0
vertex 4.0764952519361355 0.18740795541012467 7.599999999999994
endloop
endfacet
facet normal -0.4713967368259966 -0.8819212643483558 -2.8864725244123196e-17
outer loop
vertex 3.067412203795493 0.5671999215702144 7.599999999999994
vertex 2.7500000000000004 0.7368602791855867 7.599999999999994
vertex 3.0674122037954934 0.5671999215702144 0.0
endloop
endfacet
facet normal -0.4127070298043944 -0.910863824921176 -2.5271017151778145e-17
outer loop
vertex 3.3952411219920062 0.41866257118792305 7.599999999999994
vertex 3.067412203795493 0.5671999215702144 7.599999999999994
vertex 3.3952411219920067 0.41866257118792305 0.0
endloop
endfacet
facet normal -0.22707626303437367 -0.9738769792773336 -1.3904410934369408e-17
outer loop
vertex 4.0764952519361355 0.18740795541012467 7.599999999999994
vertex 4.427003228911295 0.10568095778223263 0.0
vertex 4.427003228911294 0.10568095778223263 7.599999999999994
endloop
endfacet
facet normal -0.16289547339458965 -0.986643332084879 -9.974471004413853e-18
outer loop
vertex 4.427003228911294 0.10568095778223263 7.599999999999994
vertex 4.782105942789717 0.04705326244404251 0.0
vertex 4.782105942789716 0.04705326244404251 7.599999999999994
endloop
endfacet
facet normal -0.09801714032955927 -0.995184726672197 -6.001818858308585e-18
outer loop
vertex 4.782105942789716 0.04705326244404251 7.599999999999994
vertex 5.140282789234214 0.011775922187680976 0.0
vertex 5.140282789234213 0.011775922187680976 7.599999999999994
endloop
endfacet
facet normal -0.7730104533627374 -0.6343932841636452 -4.7333238870906036e-17
outer loop
vertex 1.136556628398207 2.1518121404520363 7.599999999999994
vertex 1.364881058865624 1.8735980169496216 0.0
vertex 1.364881058865624 1.8735980169496216 7.599999999999994
endloop
endfacet
facet normal -0.8128466845916149 -0.5824776968678026 -4.977250452413297e-17
outer loop
vertex 1.136556628398207 2.1518121404520363 7.599999999999994
vertex 0.9269171323360013 2.4443637183921876 7.599999999999994
vertex 1.136556628398207 2.1518121404520363 0.0
endloop
endfacet
facet normal -0.849202181526578 -0.5280678506503694 -5.1998636671773665e-17
outer loop
vertex 0.9269171323360013 2.4443637183921876 7.599999999999994
vertex 0.7368602791855867 2.75 7.599999999999994
vertex 0.9269171323360013 2.4443637183921876 0.0
endloop
endfacet
facet normal -0.8819212643483563 -0.4713967368259955 -5.4002102674210064e-17
outer loop
vertex 0.7368602791855867 2.75 7.599999999999994
vertex 0.5671999215702144 3.0674122037954934 7.599999999999994
vertex 0.7368602791855867 2.75 0.0
endloop
endfacet
facet normal -0.9108638249211758 -0.4127070298043949 -5.577432338244165e-17
outer loop
vertex 0.5671999215702144 3.0674122037954934 7.599999999999994
vertex 0.41866257118792305 3.3952411219920062 7.599999999999994
vertex 0.5671999215702144 3.0674122037954934 0.0
endloop
endfacet
facet normal -0.03271908282177688 -0.9994645874763657 -2.00346600243631e-18
outer loop
vertex 5.140282789234213 0.011775922187680976 7.599999999999994
vertex 5.5 0.0 0.0
vertex 5.5 0.0 7.599999999999994
endloop
endfacet
facet normal 0.03271908282177688 -0.9994645874763657 2.00346600243631e-18
outer loop
vertex 5.5 0.0 7.599999999999994
vertex 5.859717210765787 0.011775922187680976 0.0
vertex 5.859717210765787 0.011775922187680976 7.599999999999994
endloop
endfacet
facet normal 0.09801714032955927 -0.995184726672197 6.001818858308585e-18
outer loop
vertex 5.859717210765787 0.011775922187680976 7.599999999999994
vertex 6.217894057210284 0.04705326244404251 0.0
vertex 6.217894057210284 0.04705326244404251 7.599999999999994
endloop
endfacet
facet normal 0.16289547339458965 -0.986643332084879 9.974471004413853e-18
outer loop
vertex 6.217894057210284 0.04705326244404251 7.599999999999994
vertex 6.572996771088706 0.10568095778223263 0.0
vertex 6.572996771088706 0.10568095778223263 7.599999999999994
endloop
endfacet
facet normal 0.22707626303437367 -0.9738769792773336 1.3904410934369408e-17
outer loop
vertex 6.572996771088706 0.10568095778223263 7.599999999999994
vertex 6.9235047480638645 0.18740795541012467 0.0
vertex 6.9235047480638645 0.18740795541012467 7.599999999999994
endloop
endfacet
facet normal 0.2902846772544603 -0.9569403357322095 1.7774810042059863e-17
outer loop
vertex 6.9235047480638645 0.18740795541012467 7.599999999999994
vertex 7.267917059167389 0.2918842877769183 0.0
vertex 7.267917059167389 0.2918842877769183 7.599999999999994
endloop
endfacet
facet normal 0.3522500479212353 -0.9359059267573252 2.1569094684312134e-17
outer loop
vertex 7.267917059167389 0.2918842877769183 7.599999999999994
vertex 7.604758878007994 0.41866257118792305 0.0
vertex 7.604758878007994 0.41866257118792305 7.599999999999994
endloop
endfacet
facet normal 0.4127070298043944 -0.910863824921176 2.5271017151778145e-17
outer loop
vertex 7.604758878007994 0.41866257118792305 7.599999999999994
vertex 7.9325877962045075 0.5671999215702144 0.0
vertex 7.932587796204507 0.5671999215702144 7.599999999999994
endloop
endfacet
facet normal 0.4713967368259966 -0.8819212643483558 2.8864725244123196e-17
outer loop
vertex 7.932587796204507 0.5671999215702144 7.599999999999994
vertex 8.25 0.7368602791855867 0.0
vertex 8.25 0.7368602791855867 7.599999999999994
endloop
endfacet
facet normal 0.5280678506503694 -0.849202181526578 3.2334830151579875e-17
outer loop
vertex 8.25 0.7368602791855867 7.599999999999994
vertex 8.555636281607812 0.9269171323360013 0.0
vertex 8.555636281607812 0.9269171323360013 7.599999999999994
endloop
endfacet
facet normal 0.5824776968678019 -0.8128466845916154 3.56664723521938e-17
outer loop
vertex 8.555636281607812 0.9269171323360013 7.599999999999994
vertex 8.848187859547965 1.136556628398207 0.0
vertex 8.848187859547963 1.136556628398207 7.599999999999994
endloop
endfacet
facet normal 0.6343932841636452 -0.7730104533627374 3.884538524257927e-17
outer loop
vertex 8.848187859547963 1.136556628398207 7.599999999999994
vertex 9.126401983050378 1.364881058865624 0.0
vertex 9.126401983050378 1.364881058865624 7.599999999999994
endloop
endfacet
facet normal 0.683592302022873 -0.7298640726978342 4.1857956229704115e-17
outer loop
vertex 9.126401983050378 1.364881058865624 7.599999999999994
vertex 9.38908729652601 1.6109127034739892 0.0
vertex 9.38908729652601 1.6109127034739892 7.599999999999994
endloop
endfacet
facet normal 0.7298640726978342 -0.683592302022873 4.469128502210269e-17
outer loop
vertex 9.38908729652601 1.6109127034739892 7.599999999999994
vertex 9.635118941134376 1.8735980169496216 0.0
vertex 9.635118941134376 1.8735980169496216 7.599999999999994
endloop
endfacet
facet normal 0.7730104533627374 -0.6343932841636452 4.7333238870906036e-17
outer loop
vertex 9.635118941134376 1.8735980169496216 7.599999999999994
vertex 9.863443371601793 2.1518121404520363 0.0
vertex 9.863443371601793 2.1518121404520363 7.599999999999994
endloop
endfacet
facet normal 0.8128466845916139 -0.5824776968678039 4.977250452413291e-17
outer loop
vertex 9.863443371601793 2.1518121404520363 7.599999999999994
vertex 9.863443371601793 2.1518121404520363 0.0
vertex 9.96963329003227 2.3000000000000007 7.599999999999994
endloop
endfacet
facet normal -0.9359059267573253 -0.3522500479212347 -5.730770987531978e-17
outer loop
vertex 0.41866257118792305 3.3952411219920062 7.599999999999994
vertex 0.2918842877769183 3.732082940832612 7.599999999999994
vertex 0.41866257118792305 3.3952411219920062 0.0
endloop
endfacet
facet normal -0.9569403357322093 -0.29028467725446117 -5.859569595647218e-17
outer loop
vertex 0.2918842877769183 3.732082940832612 7.599999999999994
vertex 0.18740795541012467 4.0764952519361355 7.599999999999994
vertex 0.2918842877769183 3.732082940832612 0.0
endloop
endfacet
facet normal -0.9738769792773337 -0.22707626303437353 -5.9632766271764e-17
outer loop
vertex 0.18740795541012467 4.0764952519361355 7.599999999999994
vertex 0.10568095778223263 4.427003228911294 7.599999999999994
vertex 0.18740795541012467 4.0764952519361355 0.0
endloop
endfacet
facet normal -0.986643332084879 -0.16289547339458965 -6.04144799268913e-17
outer loop
vertex 0.10568095778223263 4.427003228911294 7.599999999999994
vertex 0.04705326244404251 4.782105942789716 7.599999999999994
vertex 0.10568095778223263 4.427003228911294 0.0
endloop
endfacet
facet normal -0.9951847266721972 -0.09801714032955924 -6.093748950397198e-17
outer loop
vertex 0.04705326244404251 4.782105942789716 7.599999999999994
vertex 0.011775922187680976 5.140282789234213 7.599999999999994
vertex 0.04705326244404251 4.782105942789716 0.0
endloop
endfacet
facet normal -0.9994645874763658 -0.03271908282177688 -6.119955539570305e-17
outer loop
vertex 0.011775922187680976 5.140282789234213 7.599999999999994
vertex 0.0 5.5 7.599999999999994
vertex 0.011775922187680976 5.140282789234213 0.0
endloop
endfacet
facet normal -0.9994645874763658 0.03271908282177688 -6.119955539570305e-17
outer loop
vertex 0.0 5.5 7.599999999999994
vertex 0.011775922187680976 5.859717210765787 7.599999999999994
vertex 0.0 5.5 0.0
endloop
endfacet
facet normal -0.9951847266721972 0.09801714032955924 -6.093748950397198e-17
outer loop
vertex 0.011775922187680976 5.859717210765787 7.599999999999994
vertex 0.04705326244404251 6.217894057210284 7.599999999999994
vertex 0.011775922187680976 5.859717210765787 0.0
endloop
endfacet
facet normal -0.986643332084879 0.16289547339458965 -6.04144799268913e-17
outer loop
vertex 0.04705326244404251 6.217894057210284 7.599999999999994
vertex 0.10568095778223263 6.572996771088706 7.599999999999994
vertex 0.04705326244404251 6.217894057210284 0.0
endloop
endfacet
facet normal -0.9738769792773337 0.22707626303437353 -5.9632766271764e-17
outer loop
vertex 0.10568095778223263 6.572996771088706 7.599999999999994
vertex 0.18740795541012467 6.9235047480638645 7.599999999999994
vertex 0.10568095778223263 6.572996771088706 0.0
endloop
endfacet
facet normal -0.9569403357322093 0.29028467725446117 -5.859569595647218e-17
outer loop
vertex 0.18740795541012467 6.9235047480638645 7.599999999999994
vertex 0.2918842877769183 7.267917059167388 7.599999999999994
vertex 0.18740795541012467 6.9235047480638645 0.0
endloop
endfacet
facet normal -0.9359059267573253 0.3522500479212347 -5.730770987531978e-17
outer loop
vertex 0.2918842877769183 7.267917059167388 7.599999999999994
vertex 0.41866257118792305 7.604758878007994 7.599999999999994
vertex 0.2918842877769183 7.267917059167388 0.0
endloop
endfacet
facet normal -0.9108638249211758 0.4127070298043949 -5.577432338244165e-17
outer loop
vertex 0.41866257118792305 7.604758878007994 7.599999999999994
vertex 0.5671999215702144 7.932587796204507 7.599999999999994
vertex 0.41866257118792305 7.604758878007994 0.0
endloop
endfacet
facet normal -0.8819212643483563 0.4713967368259955 -5.4002102674210064e-17
outer loop
vertex 0.5671999215702144 7.932587796204507 7.599999999999994
vertex 0.7368602791855867 8.25 7.599999999999994
vertex 0.5671999215702144 7.932587796204507 0.0
endloop
endfacet
facet normal -0.849202181526578 0.5280678506503694 -5.1998636671773665e-17
outer loop
vertex 0.7368602791855867 8.25 7.599999999999994
vertex 0.9269171323360013 8.555636281607812 7.599999999999994
vertex 0.7368602791855867 8.25 0.0
endloop
endfacet
facet normal -0.8128466845916142 0.5824776968678038 -4.9772504524132926e-17
outer loop
vertex 0.9269171323360013 8.555636281607812 7.599999999999994
vertex 1.136556628398207 8.848187859547963 7.599999999999994
vertex 0.9269171323360013 8.555636281607812 0.0
endloop
endfacet
facet normal -0.7730104533627383 0.6343932841636439 -4.733323887090609e-17
outer loop
vertex 1.136556628398207 8.848187859547963 7.599999999999994
vertex 1.364881058865624 9.126401983050378 7.599999999999994
vertex 1.136556628398207 8.848187859547963 0.0
endloop
endfacet
facet normal -0.7298640726978342 0.683592302022873 -4.469128502210269e-17
outer loop
vertex 1.364881058865624 9.126401983050378 7.599999999999994
vertex 1.6109127034739892 9.38908729652601 7.599999999999994
vertex 1.364881058865624 9.126401983050378 0.0
endloop
endfacet
facet normal -0.683592302022873 0.7298640726978342 -4.1857956229704115e-17
outer loop
vertex 1.6109127034739892 9.38908729652601 7.599999999999994
vertex 1.8735980169496216 9.635118941134376 7.599999999999994
vertex 1.6109127034739896 9.38908729652601 0.0
endloop
endfacet
facet normal -0.6343932841636452 0.7730104533627374 -3.884538524257927e-17
outer loop
vertex 1.8735980169496216 9.635118941134376 7.599999999999994
vertex 2.1518121404520363 9.863443371601793 7.599999999999994
vertex 1.873598016949622 9.635118941134376 0.0
endloop
endfacet
facet normal -0.5824776968678032 0.8128466845916145 -3.566647235219387e-17
outer loop
vertex 2.1518121404520363 9.863443371601793 7.599999999999994
vertex 2.3 9.96963329003227 7.599999999999994
vertex 2.3000000000000003 9.96963329003227 0.0
endloop
endfacet
facet normal 0.8128466845916137 0.5824776968678046 4.9772504524132895e-17
outer loop
vertex 9.96963329003227 8.700000000000001 7.599999999999994
vertex 9.96963329003227 8.700000000000001 0.0
vertex 9.863443371601793 8.848187859547963 7.599999999999994
endloop
endfacet
facet normal 0.7730104533627383 0.6343932841636439 4.733323887090609e-17
outer loop
vertex 9.863443371601793 8.848187859547963 7.599999999999994
vertex 9.635118941134376 9.126401983050378 0.0
vertex 9.635118941134376 9.126401983050378 7.599999999999994
endloop
endfacet
facet normal 0.7298640726978342 0.683592302022873 4.469128502210269e-17
outer loop
vertex 9.38908729652601 9.38908729652601 7.599999999999994
vertex 9.635118941134376 9.126401983050378 7.599999999999994
vertex 9.38908729652601 9.38908729652601 0.0
endloop
endfacet
facet normal 0.683592302022873 0.7298640726978342 4.1857956229704115e-17
outer loop
vertex 9.38908729652601 9.38908729652601 7.599999999999994
vertex 9.126401983050378 9.635118941134376 0.0
vertex 9.126401983050378 9.635118941134376 7.599999999999994
endloop
endfacet
facet normal 0.6343932841636452 0.7730104533627374 3.884538524257927e-17
outer loop
vertex 9.126401983050378 9.635118941134376 7.599999999999994
vertex 8.848187859547965 9.863443371601793 0.0
vertex 8.848187859547963 9.863443371601793 7.599999999999994
endloop
endfacet
facet normal 0.5824776968678032 0.8128466845916145 3.566647235219387e-17
outer loop
vertex 8.848187859547963 9.863443371601793 7.599999999999994
vertex 8.848187859547965 9.863443371601793 0.0
vertex 8.7 9.96963329003227 7.599999999999994
endloop
endfacet
facet normal -0.5280678506503694 -0.849202181526578 -3.2334830151579875e-17
outer loop
vertex 2.444363718392188 0.9269171323360013 7.599999999999994
vertex 2.4443637183921885 0.9269171323360013 0.0
vertex 2.750000000000001 0.7368602791855867 0.0
endloop
endfacet
facet normal -0.6343932841636452 -0.7730104533627374 -3.884538524257927e-17
outer loop
vertex 1.8735980169496216 1.364881058865624 7.599999999999994
vertex 1.873598016949622 1.364881058865624 0.0
vertex 2.1518121404520367 1.136556628398207 0.0
endloop
endfacet
facet normal -0.5824776968678019 -0.8128466845916154 -3.56664723521938e-17
outer loop
vertex 2.1518121404520363 1.136556628398207 7.599999999999994
vertex 2.1518121404520367 1.136556628398207 0.0
vertex 2.4443637183921885 0.9269171323360013 0.0
endloop
endfacet
facet normal -0.683592302022873 -0.7298640726978342 -4.1857956229704115e-17
outer loop
vertex 1.6109127034739892 1.6109127034739892 7.599999999999994
vertex 1.6109127034739896 1.6109127034739892 0.0
vertex 1.873598016949622 1.364881058865624 0.0
endloop
endfacet
facet normal -0.3522500479212353 -0.9359059267573252 -2.1569094684312134e-17
outer loop
vertex 3.3952411219920062 0.41866257118792305 7.599999999999994
vertex 3.3952411219920067 0.41866257118792305 0.0
vertex 3.732082940832612 0.2918842877769183 0.0
endloop
endfacet
facet normal -0.2902846772544603 -0.9569403357322095 -1.7774810042059863e-17
outer loop
vertex 3.732082940832611 0.2918842877769183 7.599999999999994
vertex 3.732082940832612 0.2918842877769183 0.0
vertex 4.076495251936136 0.18740795541012467 0.0
endloop
endfacet
facet normal -0.4127070298043944 -0.910863824921176 -2.5271017151778145e-17
outer loop
vertex 3.067412203795493 0.5671999215702144 7.599999999999994
vertex 3.0674122037954934 0.5671999215702144 0.0
vertex 3.3952411219920067 0.41866257118792305 0.0
endloop
endfacet
facet normal -0.4713967368259966 -0.8819212643483558 -2.8864725244123196e-17
outer loop
vertex 2.7500000000000004 0.7368602791855867 7.599999999999994
vertex 2.750000000000001 0.7368602791855867 0.0
vertex 3.0674122037954934 0.5671999215702144 0.0
endloop
endfacet
facet normal -0.22707626303437367 -0.9738769792773336 -1.3904410934369408e-17
outer loop
vertex 4.0764952519361355 0.18740795541012467 7.599999999999994
vertex 4.076495251936136 0.18740795541012467 0.0
vertex 4.427003228911295 0.10568095778223263 0.0
endloop
endfacet
facet normal -0.16289547339458965 -0.986643332084879 -9.974471004413853e-18
outer loop
vertex 4.427003228911294 0.10568095778223263 7.599999999999994
vertex 4.427003228911295 0.10568095778223263 0.0
vertex 4.782105942789717 0.04705326244404251 0.0
endloop
endfacet
facet normal -0.09801714032955927 -0.995184726672197 -6.001818858308585e-18
outer loop
vertex 4.782105942789716 0.04705326244404251 7.599999999999994
vertex 4.782105942789717 0.04705326244404251 0.0
vertex 5.140282789234214 0.011775922187680976 0.0
endloop
endfacet
facet normal -0.03271908282177688 -0.9994645874763657 -2.00346600243631e-18
outer loop
vertex 5.140282789234213 0.011775922187680976 7.599999999999994
vertex 5.140282789234214 0.011775922187680976 0.0
vertex 5.5 0.0 0.0
endloop
endfacet
facet normal -0.7730104533627374 -0.6343932841636452 -4.7333238870906036e-17
outer loop
vertex 1.136556628398207 2.1518121404520363 7.599999999999994
vertex 1.136556628398207 2.1518121404520363 0.0
vertex 1.364881058865624 1.8735980169496216 0.0
endloop
endfacet
facet normal -0.8128466845916149 -0.5824776968678026 -4.977250452413297e-17
outer loop
vertex 0.9269171323360013 2.4443637183921876 7.599999999999994
vertex 0.9269171323360013 2.4443637183921876 0.0
vertex 1.136556628398207 2.1518121404520363 0.0
endloop
endfacet
facet normal -0.7298640726978342 -0.683592302022873 -4.469128502210269e-17
outer loop
vertex 1.364881058865624 1.8735980169496216 7.599999999999994
vertex 1.364881058865624 1.8735980169496216 0.0
vertex 1.6109127034739896 1.6109127034739892 0.0
endloop
endfacet
facet normal -0.8819212643483563 -0.4713967368259955 -5.4002102674210064e-17
outer loop
vertex 0.5671999215702144 3.0674122037954934 7.599999999999994
vertex 0.5671999215702144 3.0674122037954934 0.0
vertex 0.7368602791855867 2.75 0.0
endloop
endfacet
facet normal -0.849202181526578 -0.5280678506503694 -5.1998636671773665e-17
outer loop
vertex 0.7368602791855867 2.75 7.599999999999994
vertex 0.7368602791855867 2.75 0.0
vertex 0.9269171323360013 2.4443637183921876 0.0
endloop
endfacet
facet normal -0.9108638249211758 -0.4127070298043949 -5.577432338244165e-17
outer loop
vertex 0.41866257118792305 3.3952411219920062 7.599999999999994
vertex 0.41866257118792305 3.3952411219920062 0.0
vertex 0.5671999215702144 3.0674122037954934 0.0
endloop
endfacet
facet normal 0.03271908282177688 -0.9994645874763657 2.00346600243631e-18
outer loop
vertex 5.5 0.0 7.599999999999994
vertex 5.5 0.0 0.0
vertex 5.859717210765787 0.011775922187680976 0.0
endloop
endfacet
facet normal 0.09801714032955927 -0.995184726672197 6.001818858308585e-18
outer loop
vertex 5.859717210765787 0.011775922187680976 7.599999999999994
vertex 5.859717210765787 0.011775922187680976 0.0
vertex 6.217894057210284 0.04705326244404251 0.0
endloop
endfacet
facet normal 0.16289547339458965 -0.986643332084879 9.974471004413853e-18
outer loop
vertex 6.217894057210284 0.04705326244404251 7.599999999999994
vertex 6.217894057210284 0.04705326244404251 0.0
vertex 6.572996771088706 0.10568095778223263 0.0
endloop
endfacet
facet normal 0.22707626303437367 -0.9738769792773336 1.3904410934369408e-17
outer loop
vertex 6.572996771088706 0.10568095778223263 7.599999999999994
vertex 6.572996771088706 0.10568095778223263 0.0
vertex 6.9235047480638645 0.18740795541012467 0.0
endloop
endfacet
facet normal 0.2902846772544603 -0.9569403357322095 1.7774810042059863e-17
outer loop
vertex 6.9235047480638645 0.18740795541012467 7.599999999999994
vertex 6.9235047480638645 0.18740795541012467 0.0
vertex 7.267917059167389 0.2918842877769183 0.0
endloop
endfacet
facet normal 0.3522500479212353 -0.9359059267573252 2.1569094684312134e-17
outer loop
vertex 7.267917059167389 0.2918842877769183 7.599999999999994
vertex 7.267917059167389 0.2918842877769183 0.0
vertex 7.604758878007994 0.41866257118792305 0.0
endloop
endfacet
facet normal 0.4127070298043944 -0.910863824921176 2.5271017151778145e-17
outer loop
vertex 7.604758878007994 0.41866257118792305 7.599999999999994
vertex 7.604758878007994 0.41866257118792305 0.0
vertex 7.9325877962045075 0.5671999215702144 0.0
endloop
endfacet
facet normal 0.4713967368259966 -0.8819212643483558 2.8864725244123196e-17
outer loop
vertex 7.932587796204507 0.5671999215702144 7.599999999999994
vertex 7.9325877962045075 0.5671999215702144 0.0
vertex 8.25 0.7368602791855867 0.0
endloop
endfacet
facet normal 0.5280678506503694 -0.849202181526578 3.2334830151579875e-17
outer loop
vertex 8.25 0.7368602791855867 7.599999999999994
vertex 8.25 0.7368602791855867 0.0
vertex 8.555636281607812 0.9269171323360013 0.0
endloop
endfacet
facet normal 0.5824776968678019 -0.8128466845916154 3.56664723521938e-17
outer loop
vertex 8.555636281607812 0.9269171323360013 7.599999999999994
vertex 8.555636281607812 0.9269171323360013 0.0
vertex 8.848187859547965 1.136556628398207 0.0
endloop
endfacet
facet normal 0.6343932841636452 -0.7730104533627374 3.884538524257927e-17
outer loop
vertex 8.848187859547963 1.136556628398207 7.599999999999994
vertex 8.848187859547965 1.136556628398207 0.0
vertex 9.126401983050378 1.364881058865624 0.0
endloop
endfacet
facet normal 0.683592302022873 -0.7298640726978342 4.1857956229704115e-17
outer loop
vertex 9.126401983050378 1.364881058865624 7.599999999999994
vertex 9.126401983050378 1.364881058865624 0.0
vertex 9.38908729652601 1.6109127034739892 0.0
endloop
endfacet
facet normal 0.7298640726978342 -0.683592302022873 4.469128502210269e-17
outer loop
vertex 9.38908729652601 1.6109127034739892 7.599999999999994
vertex 9.38908729652601 1.6109127034739892 0.0
vertex 9.635118941134376 1.8735980169496216 0.0
endloop
endfacet
facet normal 0.7730104533627374 -0.6343932841636452 4.7333238870906036e-17
outer loop
vertex 9.635118941134376 1.8735980169496216 7.599999999999994
vertex 9.635118941134376 1.8735980169496216 0.0
vertex 9.863443371601793 2.1518121404520363 0.0
endloop
endfacet
facet normal 0.8128466845916139 -0.5824776968678039 4.977250452413291e-17
outer loop
vertex 9.96963329003227 2.3000000000000007 7.599999999999994
vertex 9.863443371601793 2.1518121404520363 0.0
vertex 9.96963329003227 2.3000000000000007 0.0
endloop
endfacet
facet normal -0.9359059267573253 -0.3522500479212347 -5.730770987531978e-17
outer loop
vertex 0.2918842877769183 3.732082940832612 7.599999999999994
vertex 0.2918842877769183 3.732082940832612 0.0
vertex 0.41866257118792305 3.3952411219920062 0.0
endloop
endfacet
facet normal -0.9569403357322093 -0.29028467725446117 -5.859569595647218e-17
outer loop
vertex 0.18740795541012467 4.0764952519361355 7.599999999999994
vertex 0.18740795541012467 4.0764952519361355 0.0
vertex 0.2918842877769183 3.732082940832612 0.0
endloop
endfacet
facet normal -0.9738769792773337 -0.22707626303437353 -5.9632766271764e-17
outer loop
vertex 0.10568095778223263 4.427003228911294 7.599999999999994
vertex 0.10568095778223263 4.427003228911294 0.0
vertex 0.18740795541012467 4.0764952519361355 0.0
endloop
endfacet
facet normal -0.986643332084879 -0.16289547339458965 -6.04144799268913e-17
outer loop
vertex 0.04705326244404251 4.782105942789716 7.599999999999994
vertex 0.04705326244404251 4.782105942789716 0.0
vertex 0.10568095778223263 4.427003228911294 0.0
endloop
endfacet
facet normal -0.9951847266721972 -0.09801714032955924 -6.093748950397198e-17
outer loop
vertex 0.011775922187680976 5.140282789234213 7.599999999999994
vertex 0.011775922187680976 5.140282789234213 0.0
vertex 0.04705326244404251 4.782105942789716 0.0
endloop
endfacet
facet normal -0.9994645874763658 -0.03271908282177688 -6.119955539570305e-17
outer loop
vertex 0.0 5.5 7.599999999999994
vertex 0.0 5.5 0.0
vertex 0.011775922187680976 5.140282789234213 0.0
endloop
endfacet
facet normal -0.9994645874763658 0.03271908282177688 -6.119955539570305e-17
outer loop
vertex 0.011775922187680976 5.859717210765787 7.599999999999994
vertex 0.011775922187680976 5.859717210765787 0.0
vertex 0.0 5.5 0.0
endloop
endfacet
facet normal -0.9951847266721972 0.09801714032955924 -6.093748950397198e-17
outer loop
vertex 0.04705326244404251 6.217894057210284 7.599999999999994
vertex 0.04705326244404251 6.217894057210284 0.0
vertex 0.011775922187680976 5.859717210765787 0.0
endloop
endfacet
facet normal -0.986643332084879 0.16289547339458965 -6.04144799268913e-17
outer loop
vertex 0.10568095778223263 6.572996771088706 7.599999999999994
vertex 0.10568095778223263 6.572996771088706 0.0
vertex 0.04705326244404251 6.217894057210284 0.0
endloop
endfacet
facet normal -0.9738769792773337 0.22707626303437353 -5.9632766271764e-17
outer loop
vertex 0.18740795541012467 6.9235047480638645 7.599999999999994
vertex 0.18740795541012467 6.9235047480638645 0.0
vertex 0.10568095778223263 6.572996771088706 0.0
endloop
endfacet
facet normal -0.9569403357322093 0.29028467725446117 -5.859569595647218e-17
outer loop
vertex 0.2918842877769183 7.267917059167388 7.599999999999994
vertex 0.2918842877769183 7.267917059167388 0.0
vertex 0.18740795541012467 6.9235047480638645 0.0
endloop
endfacet
facet normal -0.9359059267573253 0.3522500479212347 -5.730770987531978e-17
outer loop
vertex 0.41866257118792305 7.604758878007994 7.599999999999994
vertex 0.41866257118792305 7.604758878007994 0.0
vertex 0.2918842877769183 7.267917059167388 0.0
endloop
endfacet
facet normal -0.9108638249211758 0.4127070298043949 -5.577432338244165e-17
outer loop
vertex 0.5671999215702144 7.932587796204507 7.599999999999994
vertex 0.5671999215702144 7.932587796204507 0.0
vertex 0.41866257118792305 7.604758878007994 0.0
endloop
endfacet
facet normal -0.8819212643483563 0.4713967368259955 -5.4002102674210064e-17
outer loop
vertex 0.7368602791855867 8.25 7.599999999999994
vertex 0.7368602791855867 8.25 0.0
vertex 0.5671999215702144 7.932587796204507 0.0
endloop
endfacet
facet normal -0.849202181526578 0.5280678506503694 -5.1998636671773665e-17
outer loop
vertex 0.9269171323360013 8.555636281607812 7.599999999999994
vertex 0.9269171323360013 8.555636281607812 0.0
vertex 0.7368602791855867 8.25 0.0
endloop
endfacet
facet normal -0.8128466845916142 0.5824776968678038 -4.9772504524132926e-17
outer loop
vertex 1.136556628398207 8.848187859547963 7.599999999999994
vertex 1.136556628398207 8.848187859547963 0.0
vertex 0.9269171323360013 8.555636281607812 0.0
endloop
endfacet
facet normal -0.7730104533627383 0.6343932841636439 -4.733323887090609e-17
outer loop
vertex 1.364881058865624 9.126401983050378 7.599999999999994
vertex 1.364881058865624 9.126401983050378 0.0
vertex 1.136556628398207 8.848187859547963 0.0
endloop
endfacet
facet normal -0.7298640726978342 0.683592302022873 -4.469128502210269e-17
outer loop
vertex 1.6109127034739892 9.38908729652601 7.599999999999994
vertex 1.6109127034739896 9.38908729652601 0.0
vertex 1.364881058865624 9.126401983050378 0.0
endloop
endfacet
facet normal -0.683592302022873 0.7298640726978342 -4.1857956229704115e-17
outer loop
vertex 1.8735980169496216 9.635118941134376 7.599999999999994
vertex 1.873598016949622 9.635118941134376 0.0
vertex 1.6109127034739896 9.38908729652601 0.0
endloop
endfacet
facet normal -0.6343932841636452 0.7730104533627374 -3.884538524257927e-17
outer loop
vertex 2.1518121404520363 9.863443371601793 7.599999999999994
vertex 2.1518121404520367 9.863443371601793 0.0
vertex 1.873598016949622 9.635118941134376 0.0
endloop
endfacet
facet normal -0.5824776968678032 0.8128466845916145 -3.566647235219387e-17
outer loop
vertex 2.1518121404520363 9.863443371601793 7.599999999999994
vertex 2.3000000000000003 9.96963329003227 0.0
vertex 2.1518121404520367 9.863443371601793 0.0
endloop
endfacet
facet normal 0.683592302022873 0.7298640726978342 4.1857956229704115e-17
outer loop
vertex 9.38908729652601 9.38908729652601 7.599999999999994
vertex 9.38908729652601 9.38908729652601 0.0
vertex 9.126401983050378 9.635118941134376 0.0
endloop
endfacet
facet normal 0.8128466845916137 0.5824776968678046 4.9772504524132895e-17
outer loop
vertex 9.863443371601793 8.848187859547963 7.599999999999994
vertex 9.96963329003227 8.700000000000001 0.0
vertex 9.863443371601793 8.848187859547963 0.0
endloop
endfacet
facet normal 0.7730104533627383 0.6343932841636439 4.733323887090609e-17
outer loop
vertex 9.863443371601793 8.848187859547963 7.599999999999994
vertex 9.863443371601793 8.848187859547963 0.0
vertex 9.635118941134376 9.126401983050378 0.0
endloop
endfacet
facet normal 0.7298640726978342 0.683592302022873 4.469128502210269e-17
outer loop
vertex 9.635118941134376 9.126401983050378 7.599999999999994
vertex 9.635118941134376 9.126401983050378 0.0
vertex 9.38908729652601 9.38908729652601 0.0
endloop
endfacet
facet normal 0.6343932841636452 0.7730104533627374 3.884538524257927e-17
outer loop
vertex 9.126401983050378 9.635118941134376 7.599999999999994
vertex 9.126401983050378 9.635118941134376 0.0
vertex 8.848187859547965 9.863443371601793 0.0
endloop
endfacet
facet normal 0.5824776968678032 0.8128466845916145 3.566647235219387e-17
outer loop
vertex 8.7 9.96963329003227 7.599999999999994
vertex 8.848187859547965 9.863443371601793 0.0
vertex 8.700000000000001 9.96963329003227 0.0
endloop
endfacet
facet normal 6.123233995736766e-17 0.0 -1.0
outer loop
vertex 3.732082940832612 0.2918842877769183 0.0
vertex 4.0277388824980545 3.2966055273982553 0.0
vertex 4.076495251936136 0.18740795541012467 0.0
endloop
endfacet
facet normal 6.123233995736766e-17 0.0 -1.0
outer loop
vertex 3.3952411219920067 0.41866257118792305 0.0
vertex 3.0674122037954934 0.5671999215702144 0.0
vertex 3.2966055273982557 4.0277388824980545 0.0
endloop
endfacet
facet normal 6.123233995736766e-17 0.0 -1.0
outer loop
vertex 3.3952411219920067 0.41866257118792305 0.0
vertex 3.6261670298556496 3.626167029855649 0.0
vertex 3.732082940832612 0.2918842877769183 0.0
endloop
endfacet
facet normal 6.123233995736766e-17 0.0 -1.0
outer loop
vertex 4.427003228911295 0.10568095778223263 0.0
vertex 4.81412953047832 2.9402965603339695 0.0
vertex 4.782105942789717 0.04705326244404251 0.0
endloop
endfacet
facet normal 6.123233995736766e-17 0.0 -1.0
outer loop
vertex 4.076495251936136 0.18740795541012467 0.0
vertex 4.485888904232512 3.0517192388450898 0.0
vertex 4.427003228911295 0.10568095778223263 0.0
endloop
endfacet
facet normal 6.123233995736766e-17 0.0 -1.0
outer loop
vertex 4.782105942789717 0.04705326244404251 0.0
vertex 5.154105590616863 2.8726711173594026 0.0
vertex 5.140282789234214 0.011775922187680976 0.0
endloop
endfacet
facet normal 6.123233995736766e-17 0.0 -1.0
outer loop
vertex 3.0674122037954934 0.5671999215702144 0.0
vertex 2.750000000000001 0.7368602791855867 0.0
vertex 2.9402965603339695 4.81412953047832 0.0
endloop
endfacet
facet normal 6.123233995736766e-17 0.0 -1.0
outer loop
vertex 3.732082940832612 0.2918842877769183 0.0
vertex 3.8867822131268905 3.3976136482282264 0.0
vertex 4.0277388824980545 3.2966055273982553 0.0
endloop
endfacet
facet normal 6.123233995736766e-17 0.0 -1.0
outer loop
vertex 3.732082940832612 0.2918842877769183 0.0
vertex 3.752733589984818 3.50762451018071 0.0
vertex 3.8867822131268905 3.3976136482282264 0.0
endloop
endfacet
facet normal 6.123233995736766e-17 0.0 -1.0
outer loop
vertex 3.732082940832612 0.2918842877769183 0.0
vertex 3.6261670298556496 3.626167029855649 0.0
vertex 3.752733589984818 3.50762451018071 0.0
endloop
endfacet
facet normal 6.123233995736766e-17 0.0 -1.0
outer loop
vertex 4.076495251936136 0.18740795541012467 0.0
vertex 4.327934970919647 3.123287234938376 0.0
vertex 4.485888904232512 3.0517192388450898 0.0
endloop
endfacet
facet normal 6.123233995736766e-17 0.0 -1.0
outer loop
vertex 4.427003228911295 0.10568095778223263 0.0
vertex 4.485888904232512 3.0517192388450898 0.0
vertex 4.648185416946622 2.9906351568379694 0.0
endloop
endfacet
facet normal 6.123233995736766e-17 0.0 -1.0
outer loop
vertex 4.427003228911295 0.10568095778223263 0.0
vertex 4.648185416946622 2.9906351568379694 0.0
vertex 4.81412953047832 2.9402965603339695 0.0
endloop
endfacet
facet normal 6.123233995736766e-17 0.0 -1.0
outer loop
vertex 4.782105942789717 0.04705326244404251 0.0
vertex 4.98301064665726 2.9009190069314394 0.0
vertex 5.154105590616863 2.8726711173594026 0.0
endloop
endfacet
facet normal 6.123233995736766e-17 0.0 -1.0
outer loop
vertex 5.140282789234214 0.011775922187680976 0.0
vertex 5.154105590616863 2.8726711173594026 0.0
vertex 5.326681707540121 2.8556738534177004 0.0
endloop
endfacet
facet normal 6.123233995736766e-17 0.0 -1.0
outer loop
vertex 5.140282789234214 0.011775922187680976 0.0
vertex 5.326681707540121 2.8556738534177004 0.0
vertex 5.5 2.8499999999999996 0.0
endloop
endfacet
facet normal 6.123233995736766e-17 0.0 -1.0
outer loop
vertex 4.782105942789717 0.04705326244404251 0.0
vertex 4.81412953047832 2.9402965603339695 0.0
vertex 4.98301064665726 2.9009190069314394 0.0
endloop
endfacet
facet normal 6.123233995736766e-17 0.0 -1.0
outer loop
vertex 4.076495251936136 0.18740795541012467 0.0
vertex 4.175000000000001 3.2050326799712376 0.0
vertex 4.327934970919647 3.123287234938376 0.0
endloop
endfacet
facet normal 6.123233995736766e-17 0.0 -1.0
outer loop
vertex 4.076495251936136 0.18740795541012467 0.0
vertex 4.0277388824980545 3.2966055273982553 0.0
vertex 4.175000000000001 3.2050326799712376 0.0
endloop
endfacet
facet normal 6.123233995736766e-17 0.0 -1.0
outer loop
vertex 3.0674122037954934 0.5671999215702144 0.0
vertex 3.205032679971238 4.175000000000001 0.0
vertex 3.2966055273982557 4.0277388824980545 0.0
endloop
endfacet
facet normal 6.123233995736766e-17 0.0 -1.0
outer loop
vertex 3.0674122037954934 0.5671999215702144 0.0
vertex 3.1232872349383767 4.327934970919646 0.0
vertex 3.205032679971238 4.175000000000001 0.0
endloop
endfacet
facet normal 6.123233995736766e-17 0.0 -1.0
outer loop
vertex 3.3952411219920067 0.41866257118792305 0.0
vertex 3.5076245101807104 3.7527335899848175 0.0
vertex 3.6261670298556496 3.626167029855649 0.0
endloop
endfacet
facet normal 6.123233995736766e-17 0.0 -1.0
outer loop
vertex 3.3952411219920067 0.41866257118792305 0.0
vertex 3.3976136482282273 3.8867822131268905 0.0
vertex 3.5076245101807104 3.7527335899848175 0.0
endloop
endfacet
facet normal 6.123233995736766e-17 0.0 -1.0
outer loop
vertex 3.3952411219920067 0.41866257118792305 0.0
vertex 3.2966055273982557 4.0277388824980545 0.0
vertex 3.3976136482282273 3.8867822131268905 0.0
endloop
endfacet
facet normal 6.123233995736766e-17 0.0 -1.0
outer loop
vertex 3.0674122037954934 0.5671999215702144 0.0
vertex 3.0517192388450907 4.485888904232512 0.0
vertex 3.1232872349383767 4.327934970919646 0.0
endloop
endfacet
facet normal 6.123233995736766e-17 0.0 -1.0
outer loop
vertex 3.0674122037954934 0.5671999215702144 0.0
vertex 2.9906351568379703 4.648185416946621 0.0
vertex 3.0517192388450907 4.485888904232512 0.0
endloop
endfacet
facet normal 6.123233995736766e-17 0.0 -1.0
outer loop
vertex 3.0674122037954934 0.5671999215702144 0.0
vertex 2.9402965603339695 4.81412953047832 0.0
vertex 2.9906351568379703 4.648185416946621 0.0
endloop
endfacet
facet normal 6.123233995736766e-17 0.0 -1.0
outer loop
vertex 5.140282789234214 0.011775922187680976 0.0
vertex 5.5 2.8499999999999996 0.0
vertex 5.5 0.0 0.0
endloop
endfacet
facet normal 6.123233995736766e-17 0.0 -1.0
outer loop
vertex 5.5 0.0 0.0
vertex 5.6733182924598795 2.8556738534177004 0.0
vertex 5.859717210765787 0.011775922187680976 0.0
endloop
endfacet
facet normal 6.123233995736766e-17 0.0 -1.0
outer loop
vertex 5.859717210765787 0.011775922187680976 0.0
vertex 6.0169893533427405 2.9009190069314394 0.0
vertex 6.217894057210284 0.04705326244404251 0.0
endloop
endfacet
facet normal 6.123233995736766e-17 0.0 -1.0
outer loop
vertex 6.217894057210284 0.04705326244404251 0.0
vertex 6.351814583053379 2.9906351568379694 0.0
vertex 6.572996771088706 0.10568095778223263 0.0
endloop
endfacet
facet normal 6.123233995736766e-17 0.0 -1.0
outer loop
vertex 6.572996771088706 0.10568095778223263 0.0
vertex 6.672065029080354 3.123287234938376 0.0
vertex 6.9235047480638645 0.18740795541012467 0.0
endloop
endfacet
facet normal 6.123233995736766e-17 0.0 -1.0
outer loop
vertex 6.9235047480638645 0.18740795541012467 0.0
vertex 6.972261117501946 3.2966055273982553 0.0
vertex 7.267917059167389 0.2918842877769183 0.0
endloop
endfacet
facet normal 6.123233995736766e-17 0.0 -1.0
outer loop
vertex 7.267917059167389 0.2918842877769183 0.0
vertex 7.373832970144351 3.626167029855649 0.0
vertex 7.604758878007994 0.41866257118792305 0.0
endloop
endfacet
facet normal 6.123233995736766e-17 0.0 -1.0
outer loop
vertex 7.604758878007994 0.41866257118792305 0.0
vertex 7.703394472601746 4.0277388824980545 0.0
vertex 7.9325877962045075 0.5671999215702144 0.0
endloop
endfacet
facet normal 6.123233995736766e-17 0.0 -1.0
outer loop
vertex 5.5 0.0 0.0
vertex 5.5 2.8499999999999996 0.0
vertex 5.6733182924598795 2.8556738534177004 0.0
endloop
endfacet
facet normal 6.123233995736766e-17 0.0 -1.0
outer loop
vertex 5.859717210765787 0.011775922187680976 0.0
vertex 5.6733182924598795 2.8556738534177004 0.0
vertex 5.845894409383137 2.8726711173594026 0.0
endloop
endfacet
facet normal 6.123233995736766e-17 0.0 -1.0
outer loop
vertex 5.859717210765787 0.011775922187680976 0.0
vertex 5.845894409383137 2.8726711173594026 0.0
vertex 6.0169893533427405 2.9009190069314394 0.0
endloop
endfacet
facet normal 6.123233995736766e-17 0.0 -1.0
outer loop
vertex 6.217894057210284 0.04705326244404251 0.0
vertex 6.0169893533427405 2.9009190069314394 0.0
vertex 6.185870469521681 2.9402965603339695 0.0
endloop
endfacet
facet normal 6.123233995736766e-17 0.0 -1.0
outer loop
vertex 6.217894057210284 0.04705326244404251 0.0
vertex 6.185870469521681 2.9402965603339695 0.0
vertex 6.351814583053379 2.9906351568379694 0.0
endloop
endfacet
facet normal 6.123233995736766e-17 0.0 -1.0
outer loop
vertex 6.572996771088706 0.10568095778223263 0.0
vertex 6.351814583053379 2.9906351568379694 0.0
vertex 6.514111095767488 3.0517192388450898 0.0
endloop
endfacet
facet normal 6.123233995736766e-17 0.0 -1.0
outer loop
vertex 6.572996771088706 0.10568095778223263 0.0
vertex 6.514111095767488 3.0517192388450898 0.0
vertex 6.672065029080354 3.123287234938376 0.0
endloop
endfacet
facet normal 6.123233995736766e-17 0.0 -1.0
outer loop
vertex 7.9325877962045075 0.5671999215702144 0.0
vertex 7.94828076115491 4.485888904232512 0.0
vertex 8.25 0.7368602791855867 0.0
endloop
endfacet
facet normal 6.123233995736766e-17 0.0 -1.0
outer loop
vertex 6.9235047480638645 0.18740795541012467 0.0
vertex 6.672065029080354 3.123287234938376 0.0
vertex 6.825 3.2050326799712376 0.0
endloop
endfacet
facet normal 6.123233995736766e-17 0.0 -1.0
outer loop
vertex 6.9235047480638645 0.18740795541012467 0.0
vertex 6.825 3.2050326799712376 0.0
vertex 6.972261117501946 3.2966055273982553 0.0
endloop
endfacet
facet normal 6.123233995736766e-17 0.0 -1.0
outer loop
vertex 7.267917059167389 0.2918842877769183 0.0
vertex 6.972261117501946 3.2966055273982553 0.0
vertex 7.11321778687311 3.3976136482282264 0.0
endloop
endfacet
facet normal 6.123233995736766e-17 0.0 -1.0
outer loop
vertex 7.267917059167389 0.2918842877769183 0.0
vertex 7.11321778687311 3.3976136482282264 0.0
vertex 7.2472664100151825 3.50762451018071 0.0
endloop
endfacet
facet normal 6.123233995736766e-17 0.0 -1.0
outer loop
vertex 7.267917059167389 0.2918842877769183 0.0
vertex 7.2472664100151825 3.50762451018071 0.0
vertex 7.373832970144351 3.626167029855649 0.0
endloop
endfacet
facet normal 6.123233995736766e-17 0.0 -1.0
outer loop
vertex 7.604758878007994 0.41866257118792305 0.0
vertex 7.373832970144351 3.626167029855649 0.0
vertex 7.49237548981929 3.7527335899848175 0.0
endloop
endfacet
facet normal 6.123233995736766e-17 0.0 -1.0
outer loop
vertex 7.604758878007994 0.41866257118792305 0.0
vertex 7.49237548981929 3.7527335899848175 0.0
vertex 7.602386351771774 3.8867822131268905 0.0
endloop
endfacet
facet normal 6.123233995736766e-17 0.0 -1.0
outer loop
vertex 7.604758878007994 0.41866257118792305 0.0
vertex 7.602386351771774 3.8867822131268905 0.0
vertex 7.703394472601746 4.0277388824980545 0.0
endloop
endfacet
facet normal 6.123233995736766e-17 0.0 -1.0
outer loop
vertex 7.9325877962045075 0.5671999215702144 0.0
vertex 7.703394472601746 4.0277388824980545 0.0
vertex 7.794967320028762 4.175000000000001 0.0
endloop
endfacet
facet normal 6.123233995736766e-17 0.0 -1.0
outer loop
vertex 7.9325877962045075 0.5671999215702144 0.0
vertex 7.794967320028762 4.175000000000001 0.0
vertex 7.876712765061624 4.327934970919646 0.0
endloop
endfacet
facet normal 6.123233995736766e-17 0.0 -1.0
outer loop
vertex 7.9325877962045075 0.5671999215702144 0.0
vertex 7.876712765061624 4.327934970919646 0.0
vertex 7.94828076115491 4.485888904232512 0.0
endloop
endfacet
facet normal 6.123233995736766e-17 0.0 -1.0
outer loop
vertex 8.25 0.7368602791855867 0.0
vertex 7.94828076115491 4.485888904232512 0.0
vertex 8.00936484316203 4.648185416946621 0.0
endloop
endfacet
facet normal 6.123233995736766e-17 0.0 -1.0
outer loop
vertex 8.25 0.7368602791855867 0.0
vertex 8.00936484316203 4.648185416946621 0.0
vertex 8.05970343966603 4.81412953047832 0.0
endloop
endfacet
facet normal 6.123233995736766e-17 0.0 -1.0
outer loop
vertex 1.136556628398207 2.1518121404520363 0.0
vertex 1.136556628398207 8.848187859547963 0.0
vertex 1.364881058865624 1.8735980169496216 0.0
endloop
endfacet
facet normal 6.123233995736766e-17 0.0 -1.0
outer loop
vertex 2.1518121404520367 1.136556628398207 0.0
vertex 1.873598016949622 1.364881058865624 0.0
vertex 1.873598016949622 9.635118941134376 0.0
endloop
endfacet
facet normal 6.123233995736766e-17 0.0 -1.0
outer loop
vertex 1.6109127034739896 1.6109127034739892 0.0
vertex 1.364881058865624 1.8735980169496216 0.0
vertex 1.364881058865624 9.126401983050378 0.0
endloop
endfacet
facet normal 6.123233995736766e-17 0.0 -1.0
outer loop
vertex 1.873598016949622 1.364881058865624 0.0
vertex 1.6109127034739896 1.6109127034739892 0.0
vertex 1.6109127034739896 9.38908729652601 0.0
endloop
endfacet
facet normal 6.123233995736766e-17 0.0 -1.0
outer loop
vertex 2.4443637183921885 0.9269171323360013 0.0
vertex 2.1518121404520367 1.136556628398207 0.0
vertex 2.1518121404520367 9.863443371601793 0.0
endloop
endfacet
facet normal 6.123233995736766e-17 0.0 -1.0
outer loop
vertex 2.4443637183921885 0.9269171323360013 0.0
vertex 2.4443637183921885 10.073082867663999 0.0
vertex 2.750000000000001 0.7368602791855867 0.0
endloop
endfacet
facet normal 6.123233995736766e-17 0.0 -1.0
outer loop
vertex 0.7368602791855867 2.75 0.0
vertex 0.5671999215702144 3.0674122037954934 0.0
vertex 0.5671999215702144 7.932587796204507 0.0
endloop
endfacet
facet normal 6.123233995736766e-17 0.0 -1.0
outer loop
vertex 0.5671999215702144 3.0674122037954934 0.0
vertex 0.41866257118792305 3.3952411219920062 0.0
vertex 0.41866257118792305 7.604758878007994 0.0
endloop
endfacet
facet normal 6.123233995736766e-17 0.0 -1.0
outer loop
vertex 1.136556628398207 2.1518121404520363 0.0
vertex 0.9269171323360013 2.4443637183921876 0.0
vertex 0.9269171323360013 8.555636281607812 0.0
endloop
endfacet
facet normal 6.123233995736766e-17 0.0 -1.0
outer loop
vertex 0.9269171323360013 2.4443637183921876 0.0
vertex 0.7368602791855867 2.75 0.0
vertex 0.7368602791855867 8.25 0.0
endloop
endfacet
facet normal 6.123233995736766e-17 0.0 -1.0
outer loop
vertex 0.41866257118792305 3.3952411219920062 0.0
vertex 0.2918842877769183 3.732082940832612 0.0
vertex 0.2918842877769183 7.267917059167388 0.0
endloop
endfacet
facet normal 6.123233995736766e-17 0.0 -1.0
outer loop
vertex 0.2918842877769183 3.732082940832612 0.0
vertex 0.18740795541012467 4.0764952519361355 0.0
vertex 0.18740795541012467 6.9235047480638645 0.0
endloop
endfacet
facet normal 6.123233995736766e-17 0.0 -1.0
outer loop
vertex 0.18740795541012467 4.0764952519361355 0.0
vertex 0.10568095778223263 4.427003228911294 0.0
vertex 0.10568095778223263 6.572996771088706 0.0
endloop
endfacet
facet normal 6.123233995736766e-17 0.0 -1.0
outer loop
vertex 0.10568095778223263 4.427003228911294 0.0
vertex 0.04705326244404251 4.782105942789716 0.0
vertex 0.04705326244404251 6.217894057210284 0.0
endloop
endfacet
facet normal 6.123233995736766e-17 0.0 -1.0
outer loop
vertex 2.750000000000001 0.7368602791855867 0.0
vertex 2.90091900693144 4.9830106466572595 0.0
vertex 2.9402965603339695 4.81412953047832 0.0
endloop
endfacet
facet normal 6.123233995736766e-17 0.0 -1.0
outer loop
vertex 2.750000000000001 0.7368602791855867 0.0
vertex 2.872671117359403 5.154105590616863 0.0
vertex 2.90091900693144 4.9830106466572595 0.0
endloop
endfacet
facet normal 6.123233995736766e-17 0.0 -1.0
outer loop
vertex 2.750000000000001 0.7368602791855867 0.0
vertex 2.8556738534177013 5.326681707540121 0.0
vertex 2.872671117359403 5.154105590616863 0.0
endloop
endfacet
facet normal 6.123233995736766e-17 0.0 -1.0
outer loop
vertex 2.750000000000001 0.7368602791855867 0.0
vertex 2.8500000000000005 5.5 0.0
vertex 2.8556738534177013 5.326681707540121 0.0
endloop
endfacet
facet normal 6.123233995736766e-17 0.0 -1.0
outer loop
vertex 0.04705326244404251 4.782105942789716 0.0
vertex 0.011775922187680976 5.140282789234213 0.0
vertex 0.011775922187680976 5.859717210765787 0.0
endloop
endfacet
facet normal 6.123233995736766e-17 0.0 -1.0
outer loop
vertex 0.011775922187680976 5.140282789234213 0.0
vertex 0.0 5.5 0.0
vertex 0.011775922187680976 5.859717210765787 0.0
endloop
endfacet
facet normal 6.123233995736766e-17 0.0 -1.0
outer loop
vertex 0.04705326244404251 4.782105942789716 0.0
vertex 0.011775922187680976 5.859717210765787 0.0
vertex 0.04705326244404251 6.217894057210284 0.0
endloop
endfacet
facet normal 6.123233995736766e-17 0.0 -1.0
outer loop
vertex 0.10568095778223263 4.427003228911294 0.0
vertex 0.04705326244404251 6.217894057210284 0.0
vertex 0.10568095778223263 6.572996771088706 0.0
endloop
endfacet
facet normal 6.123233995736766e-17 0.0 -1.0
outer loop
vertex 0.18740795541012467 4.0764952519361355 0.0
vertex 0.10568095778223263 6.572996771088706 0.0
vertex 0.18740795541012467 6.9235047480638645 0.0
endloop
endfacet
facet normal 6.123233995736766e-17 0.0 -1.0
outer loop
vertex 0.2918842877769183 3.732082940832612 0.0
vertex 0.18740795541012467 6.9235047480638645 0.0
vertex 0.2918842877769183 7.267917059167388 0.0
endloop
endfacet
facet normal 6.123233995736766e-17 0.0 -1.0
outer loop
vertex 0.41866257118792305 3.3952411219920062 0.0
vertex 0.2918842877769183 7.267917059167388 0.0
vertex 0.41866257118792305 7.604758878007994 0.0
endloop
endfacet
facet normal 6.123233995736766e-17 0.0 -1.0
outer loop
vertex 0.5671999215702144 3.0674122037954934 0.0
vertex 0.41866257118792305 7.604758878007994 0.0
vertex 0.5671999215702144 7.932587796204507 0.0
endloop
endfacet
facet normal 6.123233995736766e-17 0.0 -1.0
outer loop
vertex 0.7368602791855867 2.75 0.0
vertex 0.5671999215702144 7.932587796204507 0.0
vertex 0.7368602791855867 8.25 0.0
endloop
endfacet
facet normal 6.123233995736766e-17 0.0 -1.0
outer loop
vertex 0.9269171323360013 2.4443637183921876 0.0
vertex 0.7368602791855867 8.25 0.0
vertex 0.9269171323360013 8.555636281607812 0.0
endloop
endfacet
facet normal 6.123233995736766e-17 0.0 -1.0
outer loop
vertex 1.136556628398207 2.1518121404520363 0.0
vertex 0.9269171323360013 8.555636281607812 0.0
vertex 1.136556628398207 8.848187859547963 0.0
endloop
endfacet
facet normal 6.123233995736766e-17 0.0 -1.0
outer loop
vertex 1.364881058865624 1.8735980169496216 0.0
vertex 1.136556628398207 8.848187859547963 0.0
vertex 1.364881058865624 9.126401983050378 0.0
endloop
endfacet
facet normal 6.123233995736766e-17 0.0 -1.0
outer loop
vertex 1.6109127034739896 1.6109127034739892 0.0
vertex 1.364881058865624 9.126401983050378 0.0
vertex 1.6109127034739896 9.38908729652601 0.0
endloop
endfacet
facet normal 6.123233995736766e-17 0.0 -1.0
outer loop
vertex 1.873598016949622 1.364881058865624 0.0
vertex 1.6109127034739896 9.38908729652601 0.0
vertex 1.873598016949622 9.635118941134376 0.0
endloop
endfacet
facet normal 6.123233995736766e-17 0.0 -1.0
outer loop
vertex 2.1518121404520367 1.136556628398207 0.0
vertex 1.873598016949622 9.635118941134376 0.0
vertex 2.1518121404520367 9.863443371601793 0.0
endloop
endfacet
facet normal 6.123233995736766e-17 0.0 -1.0
outer loop
vertex 2.4443637183921885 0.9269171323360013 0.0
vertex 2.1518121404520367 9.863443371601793 0.0
vertex 2.3000000000000003 9.96963329003227 0.0
endloop
endfacet
facet normal 6.123233995736766e-17 0.0 -1.0
outer loop
vertex 2.750000000000001 0.7368602791855867 0.0
vertex 2.750000000000001 10.263139720814413 0.0
vertex 2.8500000000000005 5.5 0.0
endloop
endfacet
facet normal 6.123233995736766e-17 0.0 -1.0
outer loop
vertex 8.25 0.7368602791855867 0.0
vertex 8.05970343966603 4.81412953047832 0.0
vertex 8.099080993068561 4.9830106466572595 0.0
endloop
endfacet
facet normal 6.123233995736766e-17 0.0 -1.0
outer loop
vertex 8.25 0.7368602791855867 0.0
vertex 8.099080993068561 4.9830106466572595 0.0
vertex 8.127328882640597 5.154105590616863 0.0
endloop
endfacet
facet normal 6.123233995736766e-17 0.0 -1.0
outer loop
vertex 8.25 0.7368602791855867 0.0
vertex 8.127328882640597 5.154105590616863 0.0
vertex 8.1443261465823 5.326681707540121 0.0
endloop
endfacet
facet normal 6.123233995736766e-17 0.0 -1.0
outer loop
vertex 8.25 0.7368602791855867 0.0
vertex 8.1443261465823 5.326681707540121 0.0
vertex 8.15 5.5 0.0
endloop
endfacet
facet normal 6.123233995736766e-17 0.0 -1.0
outer loop
vertex 8.25 0.7368602791855867 0.0
vertex 8.25 10.263139720814413 0.0
vertex 8.555636281607812 0.9269171323360013 0.0
endloop
endfacet
facet normal 6.123233995736766e-17 0.0 -1.0
outer loop
vertex 8.555636281607812 0.9269171323360013 0.0
vertex 8.555636281607812 10.073082867663999 0.0
vertex 8.848187859547965 1.136556628398207 0.0
endloop
endfacet
facet normal 6.123233995736766e-17 0.0 -1.0
outer loop
vertex 8.848187859547965 1.136556628398207 0.0
vertex 8.848187859547965 9.863443371601793 0.0
vertex 9.126401983050378 1.364881058865624 0.0
endloop
endfacet
facet normal 6.123233995736766e-17 0.0 -1.0
outer loop
vertex 9.126401983050378 1.364881058865624 0.0
vertex 9.126401983050378 9.635118941134376 0.0
vertex 9.38908729652601 1.6109127034739892 0.0
endloop
endfacet
facet normal 6.123233995736766e-17 0.0 -1.0
outer loop
vertex 9.38908729652601 1.6109127034739892 0.0
vertex 9.38908729652601 9.38908729652601 0.0
vertex 9.635118941134376 1.8735980169496216 0.0
endloop
endfacet
facet normal 6.123233995736766e-17 0.0 -1.0
outer loop
vertex 9.635118941134376 1.8735980169496216 0.0
vertex 9.635118941134376 9.126401983050378 0.0
vertex 9.863443371601793 2.1518121404520363 0.0
endloop
endfacet
facet normal 6.123233995736766e-17 0.0 -1.0
outer loop
vertex 9.863443371601793 2.1518121404520363 0.0
vertex 9.863443371601793 8.848187859547963 0.0
vertex 9.96963329003227 2.3000000000000007 0.0
endloop
endfacet
facet normal 6.123233995736766e-17 0.0 -1.0
outer loop
vertex 9.96963329003227 2.3000000000000007 0.0
vertex 9.863443371601793 8.848187859547963 0.0
vertex 10.073082867663999 2.4443637183921876 0.0
endloop
endfacet
facet normal 6.123233995736766e-17 0.0 -1.0
outer loop
vertex 10.073082867663999 2.4443637183921876 0.0
vertex 10.073082867663999 8.555636281607812 0.0
vertex 10.263139720814413 2.75 0.0
endloop
endfacet
facet normal 6.123233995736766e-17 0.0 -1.0
outer loop
vertex 10.263139720814413 2.75 0.0
vertex 10.263139720814413 8.25 0.0
vertex 10.432800078429786 3.0674122037954934 0.0
endloop
endfacet
facet normal 6.123233995736766e-17 0.0 -1.0
outer loop
vertex 10.432800078429786 3.0674122037954934 0.0
vertex 10.432800078429786 7.932587796204507 0.0
vertex 10.581337428812077 3.3952411219920062 0.0
endloop
endfacet
facet normal 6.123233995736766e-17 0.0 -1.0
outer loop
vertex 10.581337428812077 3.3952411219920062 0.0
vertex 10.581337428812077 7.604758878007994 0.0
vertex 10.708115712223082 3.732082940832612 0.0
endloop
endfacet
facet normal 6.123233995736766e-17 0.0 -1.0
outer loop
vertex 10.708115712223082 3.732082940832612 0.0
vertex 10.708115712223082 7.267917059167388 0.0
vertex 10.812592044589875 4.0764952519361355 0.0
endloop
endfacet
facet normal 6.123233995736766e-17 0.0 -1.0
outer loop
vertex 8.25 0.7368602791855867 0.0
vertex 8.15 5.5 0.0
vertex 8.25 10.263139720814413 0.0
endloop
endfacet
facet normal 6.123233995736766e-17 0.0 -1.0
outer loop
vertex 9.38908729652601 1.6109127034739892 0.0
vertex 9.126401983050378 9.635118941134376 0.0
vertex 9.38908729652601 9.38908729652601 0.0
endloop
endfacet
facet normal 6.123233995736766e-17 0.0 -1.0
outer loop
vertex 10.708115712223082 3.732082940832612 0.0
vertex 10.581337428812077 7.604758878007994 0.0
vertex 10.708115712223082 7.267917059167388 0.0
endloop
endfacet
facet normal 6.123233995736766e-17 0.0 -1.0
outer loop
vertex 10.432800078429786 3.0674122037954934 0.0
vertex 10.263139720814413 8.25 0.0
vertex 10.432800078429786 7.932587796204507 0.0
endloop
endfacet
facet normal 6.123233995736766e-17 0.0 -1.0
outer loop
vertex 10.581337428812077 3.3952411219920062 0.0
vertex 10.432800078429786 7.932587796204507 0.0
vertex 10.581337428812077 7.604758878007994 0.0
endloop
endfacet
facet normal 6.123233995736766e-17 0.0 -1.0
outer loop
vertex 10.073082867663999 2.4443637183921876 0.0
vertex 9.96963329003227 8.700000000000001 0.0
vertex 10.073082867663999 8.555636281607812 0.0
endloop
endfacet
facet normal 6.123233995736766e-17 0.0 -1.0
outer loop
vertex 10.073082867663999 2.4443637183921876 0.0
vertex 9.863443371601793 8.848187859547963 0.0
vertex 9.96963329003227 8.700000000000001 0.0
endloop
endfacet
facet normal 6.123233995736766e-17 0.0 -1.0
outer loop
vertex 9.635118941134376 1.8735980169496216 0.0
vertex 9.38908729652601 9.38908729652601 0.0
vertex 9.635118941134376 9.126401983050378 0.0
endloop
endfacet
facet normal 6.123233995736766e-17 0.0 -1.0
outer loop
vertex 9.863443371601793 2.1518121404520363 0.0
vertex 9.635118941134376 9.126401983050378 0.0
vertex 9.863443371601793 8.848187859547963 0.0
endloop
endfacet
facet normal 6.123233995736766e-17 0.0 -1.0
outer loop
vertex 10.263139720814413 2.75 0.0
vertex 10.073082867663999 8.555636281607812 0.0
vertex 10.263139720814413 8.25 0.0
endloop
endfacet
facet normal 6.123233995736766e-17 0.0 -1.0
outer loop
vertex 10.812592044589875 4.0764952519361355 0.0
vertex 10.812592044589875 6.9235047480638645 0.0
vertex 10.894319042217766 4.427003228911294 0.0
endloop
endfacet
facet normal 6.123233995736766e-17 0.0 -1.0
outer loop
vertex 10.894319042217766 4.427003228911294 0.0
vertex 10.894319042217766 6.572996771088706 0.0
vertex 10.952946737555958 4.782105942789716 0.0
endloop
endfacet
facet normal 6.123233995736766e-17 0.0 -1.0
outer loop
vertex 10.952946737555958 4.782105942789716 0.0
vertex 10.952946737555958 6.217894057210284 0.0
vertex 10.988224077812319 5.140282789234213 0.0
endloop
endfacet
facet normal 6.123233995736766e-17 0.0 -1.0
outer loop
vertex 10.988224077812319 5.140282789234213 0.0
vertex 10.988224077812319 5.859717210765787 0.0
vertex 11.0 5.5 0.0
endloop
endfacet
facet normal 6.123233995736766e-17 0.0 -1.0
outer loop
vertex 10.988224077812319 5.140282789234213 0.0
vertex 10.952946737555958 6.217894057210284 0.0
vertex 10.988224077812319 5.859717210765787 0.0
endloop
endfacet
facet normal 6.123233995736766e-17 0.0 -1.0
outer loop
vertex 10.952946737555958 4.782105942789716 0.0
vertex 10.894319042217766 6.572996771088706 0.0
vertex 10.952946737555958 6.217894057210284 0.0
endloop
endfacet
facet normal 6.123233995736766e-17 0.0 -1.0
outer loop
vertex 10.894319042217766 4.427003228911294 0.0
vertex 10.812592044589875 6.9235047480638645 0.0
vertex 10.894319042217766 6.572996771088706 0.0
endloop
endfacet
facet normal 6.123233995736766e-17 0.0 -1.0
outer loop
vertex 10.812592044589875 4.0764952519361355 0.0
vertex 10.708115712223082 7.267917059167388 0.0
vertex 10.812592044589875 6.9235047480638645 0.0
endloop
endfacet
facet normal 6.123233995736766e-17 0.0 -1.0
outer loop
vertex 2.4443637183921885 0.9269171323360013 0.0
vertex 2.3000000000000003 9.96963329003227 0.0
vertex 2.4443637183921885 10.073082867663999 0.0
endloop
endfacet
facet normal 6.123233995736766e-17 0.0 -1.0
outer loop
vertex 2.750000000000001 0.7368602791855867 0.0
vertex 2.4443637183921885 10.073082867663999 0.0
vertex 2.750000000000001 10.263139720814413 0.0
endloop
endfacet
facet normal 6.123233995736766e-17 0.0 -1.0
outer loop
vertex 2.750000000000001 10.263139720814413 0.0
vertex 2.8556738534177013 5.673318292459879 0.0
vertex 2.8500000000000005 5.5 0.0
endloop
endfacet
facet normal 6.123233995736766e-17 0.0 -1.0
outer loop
vertex 2.750000000000001 10.263139720814413 0.0
vertex 2.872671117359403 5.845894409383137 0.0
vertex 2.8556738534177013 5.673318292459879 0.0
endloop
endfacet
facet normal 6.123233995736766e-17 0.0 -1.0
outer loop
vertex 2.750000000000001 10.263139720814413 0.0
vertex 2.90091900693144 6.0169893533427405 0.0
vertex 2.872671117359403 5.845894409383137 0.0
endloop
endfacet
facet normal 6.123233995736766e-17 0.0 -1.0
outer loop
vertex 2.750000000000001 10.263139720814413 0.0
vertex 2.9402965603339695 6.18587046952168 0.0
vertex 2.90091900693144 6.0169893533427405 0.0
endloop
endfacet
facet normal 6.123233995736766e-17 0.0 -1.0
outer loop
vertex 2.750000000000001 10.263139720814413 0.0
vertex 2.9906351568379703 6.351814583053379 0.0
vertex 2.9402965603339695 6.18587046952168 0.0
endloop
endfacet
facet normal 6.123233995736766e-17 0.0 -1.0
outer loop
vertex 2.750000000000001 10.263139720814413 0.0
vertex 3.0517192388450907 6.514111095767488 0.0
vertex 2.9906351568379703 6.351814583053379 0.0
endloop
endfacet
facet normal 6.123233995736766e-17 0.0 -1.0
outer loop
vertex 3.0674122037954934 10.432800078429786 0.0
vertex 3.1232872349383767 6.672065029080354 0.0
vertex 3.0517192388450907 6.514111095767488 0.0
endloop
endfacet
facet normal 6.123233995736766e-17 0.0 -1.0
outer loop
vertex 3.0674122037954934 10.432800078429786 0.0
vertex 3.205032679971238 6.824999999999999 0.0
vertex 3.1232872349383767 6.672065029080354 0.0
endloop
endfacet
facet normal 6.123233995736766e-17 0.0 -1.0
outer loop
vertex 3.0674122037954934 10.432800078429786 0.0
vertex 3.2966055273982557 6.9722611175019455 0.0
vertex 3.205032679971238 6.824999999999999 0.0
endloop
endfacet
facet normal 6.123233995736766e-17 0.0 -1.0
outer loop
vertex 3.3952411219920067 10.581337428812077 0.0
vertex 3.3976136482282273 7.1132177868731095 0.0
vertex 3.2966055273982557 6.9722611175019455 0.0
endloop
endfacet
facet normal 6.123233995736766e-17 0.0 -1.0
outer loop
vertex 3.3952411219920067 10.581337428812077 0.0
vertex 3.5076245101807104 7.2472664100151825 0.0
vertex 3.3976136482282273 7.1132177868731095 0.0
endloop
endfacet
facet normal 6.123233995736766e-17 0.0 -1.0
outer loop
vertex 3.3952411219920067 10.581337428812077 0.0
vertex 3.6261670298556496 7.373832970144351 0.0
vertex 3.5076245101807104 7.2472664100151825 0.0
endloop
endfacet
facet normal 6.123233995736766e-17 0.0 -1.0
outer loop
vertex 3.732082940832612 10.708115712223082 0.0
vertex 3.752733589984818 7.49237548981929 0.0
vertex 3.6261670298556496 7.373832970144351 0.0
endloop
endfacet
facet normal 6.123233995736766e-17 0.0 -1.0
outer loop
vertex 3.732082940832612 10.708115712223082 0.0
vertex 3.8867822131268905 7.602386351771774 0.0
vertex 3.752733589984818 7.49237548981929 0.0
endloop
endfacet
facet normal 6.123233995736766e-17 0.0 -1.0
outer loop
vertex 2.750000000000001 10.263139720814413 0.0
vertex 3.0674122037954934 10.432800078429786 0.0
vertex 3.0517192388450907 6.514111095767488 0.0
endloop
endfacet
facet normal 6.123233995736766e-17 0.0 -1.0
outer loop
vertex 3.732082940832612 10.708115712223082 0.0
vertex 4.0277388824980545 7.703394472601744 0.0
vertex 3.8867822131268905 7.602386351771774 0.0
endloop
endfacet
facet normal 6.123233995736766e-17 0.0 -1.0
outer loop
vertex 3.0674122037954934 10.432800078429786 0.0
vertex 3.3952411219920067 10.581337428812077 0.0
vertex 3.2966055273982557 6.9722611175019455 0.0
endloop
endfacet
facet normal 6.123233995736766e-17 0.0 -1.0
outer loop
vertex 4.076495251936136 10.812592044589875 0.0
vertex 4.175000000000001 7.794967320028762 0.0
vertex 4.0277388824980545 7.703394472601744 0.0
endloop
endfacet
facet normal 6.123233995736766e-17 0.0 -1.0
outer loop
vertex 4.076495251936136 10.812592044589875 0.0
vertex 4.327934970919647 7.876712765061624 0.0
vertex 4.175000000000001 7.794967320028762 0.0
endloop
endfacet
facet normal 6.123233995736766e-17 0.0 -1.0
outer loop
vertex 4.427003228911295 10.894319042217766 0.0
vertex 4.485888904232512 7.94828076115491 0.0
vertex 4.327934970919647 7.876712765061624 0.0
endloop
endfacet
facet normal 6.123233995736766e-17 0.0 -1.0
outer loop
vertex 4.427003228911295 10.894319042217766 0.0
vertex 4.648185416946622 8.00936484316203 0.0
vertex 4.485888904232512 7.94828076115491 0.0
endloop
endfacet
facet normal 6.123233995736766e-17 0.0 -1.0
outer loop
vertex 4.782105942789717 10.952946737555958 0.0
vertex 4.81412953047832 8.05970343966603 0.0
vertex 4.648185416946622 8.00936484316203 0.0
endloop
endfacet
facet normal 6.123233995736766e-17 0.0 -1.0
outer loop
vertex 4.782105942789717 10.952946737555958 0.0
vertex 4.98301064665726 8.099080993068561 0.0
vertex 4.81412953047832 8.05970343966603 0.0
endloop
endfacet
facet normal 6.123233995736766e-17 0.0 -1.0
outer loop
vertex 5.140282789234214 10.988224077812319 0.0
vertex 5.154105590616863 8.127328882640597 0.0
vertex 4.98301064665726 8.099080993068561 0.0
endloop
endfacet
facet normal 6.123233995736766e-17 0.0 -1.0
outer loop
vertex 5.140282789234214 10.988224077812319 0.0
vertex 5.326681707540121 8.1443261465823 0.0
vertex 5.154105590616863 8.127328882640597 0.0
endloop
endfacet
facet normal 6.123233995736766e-17 0.0 -1.0
outer loop
vertex 3.3952411219920067 10.581337428812077 0.0
vertex 3.732082940832612 10.708115712223082 0.0
vertex 3.6261670298556496 7.373832970144351 0.0
endloop
endfacet
facet normal 6.123233995736766e-17 0.0 -1.0
outer loop
vertex 3.732082940832612 10.708115712223082 0.0
vertex 4.076495251936136 10.812592044589875 0.0
vertex 4.0277388824980545 7.703394472601744 0.0
endloop
endfacet
facet normal 6.123233995736766e-17 0.0 -1.0
outer loop
vertex 4.076495251936136 10.812592044589875 0.0
vertex 4.427003228911295 10.894319042217766 0.0
vertex 4.327934970919647 7.876712765061624 0.0
endloop
endfacet
facet normal 6.123233995736766e-17 0.0 -1.0
outer loop
vertex 4.427003228911295 10.894319042217766 0.0
vertex 4.782105942789717 10.952946737555958 0.0
vertex 4.648185416946622 8.00936484316203 0.0
endloop
endfacet
facet normal 6.123233995736766e-17 0.0 -1.0
outer loop
vertex 4.782105942789717 10.952946737555958 0.0
vertex 5.140282789234214 10.988224077812319 0.0
vertex 4.98301064665726 8.099080993068561 0.0
endloop
endfacet
facet normal 6.123233995736766e-17 0.0 -1.0
outer loop
vertex 5.140282789234214 10.988224077812319 0.0
vertex 5.5 11.0 0.0
vertex 5.326681707540121 8.1443261465823 0.0
endloop
endfacet
facet normal 6.123233995736766e-17 0.0 -1.0
outer loop
vertex 7.9325877962045075 10.432800078429786 0.0
vertex 8.05970343966603 6.18587046952168 0.0
vertex 8.00936484316203 6.351814583053379 0.0
endloop
endfacet
facet normal 6.123233995736766e-17 0.0 -1.0
outer loop
vertex 7.9325877962045075 10.432800078429786 0.0
vertex 8.00936484316203 6.351814583053379 0.0
vertex 7.94828076115491 6.514111095767488 0.0
endloop
endfacet
facet normal 6.123233995736766e-17 0.0 -1.0
outer loop
vertex 7.9325877962045075 10.432800078429786 0.0
vertex 7.94828076115491 6.514111095767488 0.0
vertex 7.876712765061624 6.672065029080354 0.0
endloop
endfacet
facet normal 6.123233995736766e-17 0.0 -1.0
outer loop
vertex 7.9325877962045075 10.432800078429786 0.0
vertex 7.876712765061624 6.672065029080354 0.0
vertex 7.794967320028762 6.824999999999999 0.0
endloop
endfacet
facet normal 6.123233995736766e-17 0.0 -1.0
outer loop
vertex 7.604758878007994 10.581337428812077 0.0
vertex 7.703394472601746 6.9722611175019455 0.0
vertex 7.602386351771774 7.1132177868731095 0.0
endloop
endfacet
facet normal 6.123233995736766e-17 0.0 -1.0
outer loop
vertex 7.9325877962045075 10.432800078429786 0.0
vertex 7.794967320028762 6.824999999999999 0.0
vertex 7.703394472601746 6.9722611175019455 0.0
endloop
endfacet
facet normal 6.123233995736766e-17 0.0 -1.0
outer loop
vertex 7.267917059167389 10.708115712223082 0.0
vertex 7.373832970144351 7.373832970144351 0.0
vertex 7.2472664100151825 7.49237548981929 0.0
endloop
endfacet
facet normal 6.123233995736766e-17 0.0 -1.0
outer loop
vertex 7.267917059167389 10.708115712223082 0.0
vertex 7.2472664100151825 7.49237548981929 0.0
vertex 7.11321778687311 7.602386351771774 0.0
endloop
endfacet
facet normal 6.123233995736766e-17 0.0 -1.0
outer loop
vertex 7.604758878007994 10.581337428812077 0.0
vertex 7.602386351771774 7.1132177868731095 0.0
vertex 7.49237548981929 7.2472664100151825 0.0
endloop
endfacet
facet normal 6.123233995736766e-17 0.0 -1.0
outer loop
vertex 7.604758878007994 10.581337428812077 0.0
vertex 7.49237548981929 7.2472664100151825 0.0
vertex 7.373832970144351 7.373832970144351 0.0
endloop
endfacet
facet normal 6.123233995736766e-17 0.0 -1.0
outer loop
vertex 8.555636281607812 0.9269171323360013 0.0
vertex 8.25 10.263139720814413 0.0
vertex 8.555636281607812 10.073082867663999 0.0
endloop
endfacet
facet normal 6.123233995736766e-17 0.0 -1.0
outer loop
vertex 8.848187859547965 1.136556628398207 0.0
vertex 8.555636281607812 10.073082867663999 0.0
vertex 8.700000000000001 9.96963329003227 0.0
endloop
endfacet
facet normal 6.123233995736766e-17 0.0 -1.0
outer loop
vertex 8.25 10.263139720814413 0.0
vertex 8.15 5.5 0.0
vertex 8.1443261465823 5.673318292459879 0.0
endloop
endfacet
facet normal 6.123233995736766e-17 0.0 -1.0
outer loop
vertex 8.25 10.263139720814413 0.0
vertex 8.1443261465823 5.673318292459879 0.0
vertex 8.127328882640597 5.845894409383137 0.0
endloop
endfacet
facet normal 6.123233995736766e-17 0.0 -1.0
outer loop
vertex 8.848187859547965 1.136556628398207 0.0
vertex 8.700000000000001 9.96963329003227 0.0
vertex 8.848187859547965 9.863443371601793 0.0
endloop
endfacet
facet normal 6.123233995736766e-17 0.0 -1.0
outer loop
vertex 9.126401983050378 1.364881058865624 0.0
vertex 8.848187859547965 9.863443371601793 0.0
vertex 9.126401983050378 9.635118941134376 0.0
endloop
endfacet
facet normal 6.123233995736766e-17 0.0 -1.0
outer loop
vertex 8.25 10.263139720814413 0.0
vertex 8.127328882640597 5.845894409383137 0.0
vertex 8.099080993068561 6.0169893533427405 0.0
endloop
endfacet
facet normal 6.123233995736766e-17 0.0 -1.0
outer loop
vertex 8.25 10.263139720814413 0.0
vertex 8.099080993068561 6.0169893533427405 0.0
vertex 8.05970343966603 6.18587046952168 0.0
endloop
endfacet
facet normal 6.123233995736766e-17 0.0 -1.0
outer loop
vertex 5.859717210765787 10.988224077812319 0.0
vertex 5.845894409383137 8.127328882640597 0.0
vertex 5.6733182924598795 8.1443261465823 0.0
endloop
endfacet
facet normal 6.123233995736766e-17 0.0 -1.0
outer loop
vertex 6.217894057210284 10.952946737555958 0.0
vertex 6.0169893533427405 8.099080993068561 0.0
vertex 5.845894409383137 8.127328882640597 0.0
endloop
endfacet
facet normal 6.123233995736766e-17 0.0 -1.0
outer loop
vertex 6.217894057210284 10.952946737555958 0.0
vertex 6.185870469521681 8.05970343966603 0.0
vertex 6.0169893533427405 8.099080993068561 0.0
endloop
endfacet
facet normal 6.123233995736766e-17 0.0 -1.0
outer loop
vertex 6.572996771088706 10.894319042217766 0.0
vertex 6.351814583053379 8.00936484316203 0.0
vertex 6.185870469521681 8.05970343966603 0.0
endloop
endfacet
facet normal 6.123233995736766e-17 0.0 -1.0
outer loop
vertex 6.572996771088706 10.894319042217766 0.0
vertex 6.514111095767488 7.94828076115491 0.0
vertex 6.351814583053379 8.00936484316203 0.0
endloop
endfacet
facet normal 6.123233995736766e-17 0.0 -1.0
outer loop
vertex 6.9235047480638645 10.812592044589875 0.0
vertex 6.672065029080354 7.876712765061624 0.0
vertex 6.514111095767488 7.94828076115491 0.0
endloop
endfacet
facet normal 6.123233995736766e-17 0.0 -1.0
outer loop
vertex 5.5 11.0 0.0
vertex 5.5 8.15 0.0
vertex 5.326681707540121 8.1443261465823 0.0
endloop
endfacet
facet normal 6.123233995736766e-17 0.0 -1.0
outer loop
vertex 5.859717210765787 10.988224077812319 0.0
vertex 5.6733182924598795 8.1443261465823 0.0
vertex 5.5 8.15 0.0
endloop
endfacet
facet normal 6.123233995736766e-17 0.0 -1.0
outer loop
vertex 6.9235047480638645 10.812592044589875 0.0
vertex 6.825 7.794967320028762 0.0
vertex 6.672065029080354 7.876712765061624 0.0
endloop
endfacet
facet normal 6.123233995736766e-17 0.0 -1.0
outer loop
vertex 6.9235047480638645 10.812592044589875 0.0
vertex 6.972261117501946 7.703394472601744 0.0
vertex 6.825 7.794967320028762 0.0
endloop
endfacet
facet normal 6.123233995736766e-17 0.0 -1.0
outer loop
vertex 7.267917059167389 10.708115712223082 0.0
vertex 7.11321778687311 7.602386351771774 0.0
vertex 6.972261117501946 7.703394472601744 0.0
endloop
endfacet
facet normal 6.123233995736766e-17 0.0 -1.0
outer loop
vertex 7.604758878007994 10.581337428812077 0.0
vertex 7.9325877962045075 10.432800078429786 0.0
vertex 7.703394472601746 6.9722611175019455 0.0
endloop
endfacet
facet normal 6.123233995736766e-17 0.0 -1.0
outer loop
vertex 6.572996771088706 10.894319042217766 0.0
vertex 6.9235047480638645 10.812592044589875 0.0
vertex 6.514111095767488 7.94828076115491 0.0
endloop
endfacet
facet normal 6.123233995736766e-17 0.0 -1.0
outer loop
vertex 5.5 11.0 0.0
vertex 5.859717210765787 10.988224077812319 0.0
vertex 5.5 8.15 0.0
endloop
endfacet
facet normal 6.123233995736766e-17 0.0 -1.0
outer loop
vertex 5.859717210765787 10.988224077812319 0.0
vertex 6.217894057210284 10.952946737555958 0.0
vertex 5.845894409383137 8.127328882640597 0.0
endloop
endfacet
facet normal 6.123233995736766e-17 0.0 -1.0
outer loop
vertex 6.217894057210284 10.952946737555958 0.0
vertex 6.572996771088706 10.894319042217766 0.0
vertex 6.185870469521681 8.05970343966603 0.0
endloop
endfacet
facet normal 6.123233995736766e-17 0.0 -1.0
outer loop
vertex 6.9235047480638645 10.812592044589875 0.0
vertex 7.267917059167389 10.708115712223082 0.0
vertex 6.972261117501946 7.703394472601744 0.0
endloop
endfacet
facet normal 6.123233995736766e-17 0.0 -1.0
outer loop
vertex 7.267917059167389 10.708115712223082 0.0
vertex 7.604758878007994 10.581337428812077 0.0
vertex 7.373832970144351 7.373832970144351 0.0
endloop
endfacet
facet normal 6.123233995736766e-17 0.0 -1.0
outer loop
vertex 8.25 10.263139720814413 0.0
vertex 8.05970343966603 6.18587046952168 0.0
vertex 7.9325877962045075 10.432800078429786 0.0
endloop
endfacet
facet normal -6.123233995736766e-17 0.0 1.0
outer loop
vertex 2.3 9.96963329003227 7.599999999999994
vertex 2.444363718392188 10.073082867663999 7.599999999999994
vertex 2.3 20.1 7.599999999999994
endloop
endfacet
facet normal -6.123233995736766e-17 0.0 1.0
outer loop
vertex 8.7 9.96963329003227 7.599999999999994
vertex 8.7 20.1 7.599999999999994
vertex 8.555636281607812 10.073082867663999 7.599999999999994
endloop
endfacet
facet normal 1.0 0.0 6.123233995736766e-17
outer loop
vertex 8.7 9.96963329003227 7.599999999999994
vertex 8.700000000000001 9.96963329003227 0.0
vertex 8.7 20.1 7.599999999999994
endloop
endfacet
facet normal -6.123233995736766e-17 0.0 1.0
outer loop
vertex 2.444363718392188 10.073082867663999 7.599999999999994
vertex 2.7500000000000004 10.263139720814413 7.599999999999994
vertex 2.3 23.900000000000002 7.599999999999994
endloop
endfacet
facet normal -6.123233995736766e-17 0.0 1.0
outer loop
vertex 2.7500000000000004 10.263139720814413 7.599999999999994
vertex 3.067412203795493 10.432800078429786 7.599999999999994
vertex 2.3 23.900000000000002 7.599999999999994
endloop
endfacet
facet normal -6.123233995736766e-17 0.0 1.0
outer loop
vertex 3.067412203795493 10.432800078429786 7.599999999999994
vertex 3.3952411219920062 10.581337428812077 7.599999999999994
vertex 2.3 23.900000000000002 7.599999999999994
endloop
endfacet
facet normal -6.123233995736766e-17 0.0 1.0
outer loop
vertex 3.3952411219920062 10.581337428812077 7.599999999999994
vertex 3.732082940832611 10.708115712223082 7.599999999999994
vertex 2.3 23.900000000000002 7.599999999999994
endloop
endfacet
facet normal -6.123233995736766e-17 0.0 1.0
outer loop
vertex 3.732082940832611 10.708115712223082 7.599999999999994
vertex 4.0764952519361355 10.812592044589875 7.599999999999994
vertex 2.3 23.900000000000002 7.599999999999994
endloop
endfacet
facet normal -6.123233995736766e-17 0.0 1.0
outer loop
vertex 4.0764952519361355 10.812592044589875 7.599999999999994
vertex 4.427003228911294 10.894319042217766 7.599999999999994
vertex 8.7 23.900000000000002 7.599999999999994
endloop
endfacet
facet normal -6.123233995736766e-17 0.0 1.0
outer loop
vertex 4.427003228911294 10.894319042217766 7.599999999999994
vertex 4.782105942789716 10.952946737555958 7.599999999999994
vertex 8.7 23.900000000000002 7.599999999999994
endloop
endfacet
facet normal -6.123233995736766e-17 0.0 1.0
outer loop
vertex 4.782105942789716 10.952946737555958 7.599999999999994
vertex 5.140282789234213 10.988224077812319 7.599999999999994
vertex 8.7 23.900000000000002 7.599999999999994
endloop
endfacet
facet normal -6.123233995736766e-17 0.0 1.0
outer loop
vertex 5.140282789234213 10.988224077812319 7.599999999999994
vertex 5.5 11.0 7.599999999999994
vertex 8.7 23.900000000000002 7.599999999999994
endloop
endfacet
facet normal -6.123233995736766e-17 0.0 1.0
outer loop
vertex 5.5 11.0 7.599999999999994
vertex 5.859717210765787 10.988224077812319 7.599999999999994
vertex 8.7 23.900000000000002 7.599999999999994
endloop
endfacet
facet normal -6.123233995736766e-17 0.0 1.0
outer loop
vertex 6.9235047480638645 10.812592044589875 7.599999999999994
vertex 7.267917059167389 10.708115712223082 7.599999999999994
vertex 8.7 23.900000000000002 7.599999999999994
endloop
endfacet
facet normal -6.123233995736766e-17 0.0 1.0
outer loop
vertex 7.267917059167389 10.708115712223082 7.599999999999994
vertex 7.604758878007994 10.581337428812077 7.599999999999994
vertex 8.7 23.900000000000002 7.599999999999994
endloop
endfacet
facet normal -6.123233995736766e-17 0.0 1.0
outer loop
vertex 5.859717210765787 10.988224077812319 7.599999999999994
vertex 6.217894057210284 10.952946737555958 7.599999999999994
vertex 8.7 23.900000000000002 7.599999999999994
endloop
endfacet
facet normal -6.123233995736766e-17 0.0 1.0
outer loop
vertex 6.217894057210284 10.952946737555958 7.599999999999994
vertex 6.572996771088706 10.894319042217766 7.599999999999994
vertex 8.7 23.900000000000002 7.599999999999994
endloop
endfacet
facet normal -6.123233995736766e-17 0.0 1.0
outer loop
vertex 6.572996771088706 10.894319042217766 7.599999999999994
vertex 6.9235047480638645 10.812592044589875 7.599999999999994
vertex 8.7 23.900000000000002 7.599999999999994
endloop
endfacet
facet normal -6.123233995736766e-17 0.0 1.0
outer loop
vertex 8.25 10.263139720814413 7.599999999999994
vertex 8.7 23.900000000000002 7.599999999999994
vertex 7.932587796204507 10.432800078429786 7.599999999999994
endloop
endfacet
facet normal -6.123233995736766e-17 0.0 1.0
outer loop
vertex 8.555636281607812 10.073082867663999 7.599999999999994
vertex 8.7 23.900000000000002 7.599999999999994
vertex 8.25 10.263139720814413 7.599999999999994
endloop
endfacet
facet normal -6.123233995736766e-17 0.0 1.0
outer loop
vertex 7.604758878007994 10.581337428812077 7.599999999999994
vertex 7.932587796204507 10.432800078429786 7.599999999999994
vertex 8.7 23.900000000000002 7.599999999999994
endloop
endfacet
facet normal -6.123233995736766e-17 0.0 1.0
outer loop
vertex 2.444363718392188 10.073082867663999 7.599999999999994
vertex 2.3 23.900000000000002 7.599999999999994
vertex 2.3 20.1 7.599999999999994
endloop
endfacet
facet normal -6.123233995736766e-17 0.0 1.0
outer loop
vertex 4.0764952519361355 10.812592044589875 7.599999999999994
vertex 8.7 23.900000000000002 7.599999999999994
vertex 2.3 23.900000000000002 7.599999999999994
endloop
endfacet
facet normal -6.123233995736766e-17 0.0 1.0
outer loop
vertex 8.555636281607812 10.073082867663999 7.599999999999994
vertex 8.7 20.1 7.599999999999994
vertex 8.7 23.900000000000002 7.599999999999994
endloop
endfacet
facet normal -1.0 0.0 -6.123233995736766e-17
outer loop
vertex 2.3 9.96963329003227 7.599999999999994
vertex 2.3 20.1 7.599999999999994
vertex 2.3000000000000003 20.1 0.0
endloop
endfacet
facet normal -1.0 0.0 -6.123233995736766e-17
outer loop
vertex 2.3 9.96963329003227 7.599999999999994
vertex 2.3000000000000003 20.1 0.0
vertex 2.3000000000000003 9.96963329003227 0.0
endloop
endfacet
facet normal 6.123233995736766e-17 0.0 -1.0
outer loop
vertex 2.3000000000000003 9.96963329003227 0.0
vertex 2.3000000000000003 20.1 0.0
vertex 2.4443637183921885 10.073082867663999 0.0
endloop
endfacet
facet normal 6.123233995736766e-17 0.0 -1.0
outer loop
vertex 8.700000000000001 9.96963329003227 0.0
vertex 8.555636281607812 10.073082867663999 0.0
vertex 8.700000000000001 20.1 0.0
endloop
endfacet
facet normal 1.0 0.0 6.123233995736766e-17
outer loop
vertex 8.7 20.1 7.599999999999994
vertex 8.700000000000001 9.96963329003227 0.0
vertex 8.700000000000001 20.1 0.0
endloop
endfacet
facet normal 6.123233995736766e-17 0.0 -1.0
outer loop
vertex 2.4443637183921885 10.073082867663999 0.0
vertex 2.3000000000000003 23.900000000000002 0.0
vertex 2.750000000000001 10.263139720814413 0.0
endloop
endfacet
facet normal 6.123233995736766e-17 0.0 -1.0
outer loop
vertex 2.750000000000001 10.263139720814413 0.0
vertex 2.3000000000000003 23.900000000000002 0.0
vertex 3.0674122037954934 10.432800078429786 0.0
endloop
endfacet
facet normal 6.123233995736766e-17 0.0 -1.0
outer loop
vertex 3.0674122037954934 10.432800078429786 0.0
vertex 2.3000000000000003 23.900000000000002 0.0
vertex 3.3952411219920067 10.581337428812077 0.0
endloop
endfacet
facet normal 6.123233995736766e-17 0.0 -1.0
outer loop
vertex 3.3952411219920067 10.581337428812077 0.0
vertex 2.3000000000000003 23.900000000000002 0.0
vertex 3.732082940832612 10.708115712223082 0.0
endloop
endfacet
facet normal 6.123233995736766e-17 0.0 -1.0
outer loop
vertex 3.732082940832612 10.708115712223082 0.0
vertex 2.3000000000000003 23.900000000000002 0.0
vertex 4.076495251936136 10.812592044589875 0.0
endloop
endfacet
facet normal 6.123233995736766e-17 0.0 -1.0
outer loop
vertex 4.076495251936136 10.812592044589875 0.0
vertex 2.3000000000000003 23.900000000000002 0.0
vertex 4.427003228911295 10.894319042217766 0.0
endloop
endfacet
facet normal 6.123233995736766e-17 0.0 -1.0
outer loop
vertex 4.427003228911295 10.894319042217766 0.0
vertex 2.3000000000000003 23.900000000000002 0.0
vertex 4.782105942789717 10.952946737555958 0.0
endloop
endfacet
facet normal 6.123233995736766e-17 0.0 -1.0
outer loop
vertex 4.782105942789717 10.952946737555958 0.0
vertex 2.3000000000000003 23.900000000000002 0.0
vertex 5.140282789234214 10.988224077812319 0.0
endloop
endfacet
facet normal 6.123233995736766e-17 0.0 -1.0
outer loop
vertex 5.140282789234214 10.988224077812319 0.0
vertex 2.3000000000000003 23.900000000000002 0.0
vertex 5.5 11.0 0.0
endloop
endfacet
facet normal 6.123233995736766e-17 0.0 -1.0
outer loop
vertex 5.5 11.0 0.0
vertex 2.3000000000000003 23.900000000000002 0.0
vertex 5.859717210765787 10.988224077812319 0.0
endloop
endfacet
facet normal 6.123233995736766e-17 0.0 -1.0
outer loop
vertex 6.217894057210284 10.952946737555958 0.0
vertex 2.3000000000000003 23.900000000000002 0.0
vertex 6.572996771088706 10.894319042217766 0.0
endloop
endfacet
facet normal 6.123233995736766e-17 0.0 -1.0
outer loop
vertex 5.859717210765787 10.988224077812319 0.0
vertex 2.3000000000000003 23.900000000000002 0.0
vertex 6.217894057210284 10.952946737555958 0.0
endloop
endfacet
facet normal 6.123233995736766e-17 0.0 -1.0
outer loop
vertex 6.572996771088706 10.894319042217766 0.0
vertex 2.3000000000000003 23.900000000000002 0.0
vertex 6.9235047480638645 10.812592044589875 0.0
endloop
endfacet
facet normal 6.123233995736766e-17 0.0 -1.0
outer loop
vertex 6.9235047480638645 10.812592044589875 0.0
vertex 8.700000000000001 23.900000000000002 0.0
vertex 7.267917059167389 10.708115712223082 0.0
endloop
endfacet
facet normal 6.123233995736766e-17 0.0 -1.0
outer loop
vertex 7.267917059167389 10.708115712223082 0.0
vertex 8.700000000000001 23.900000000000002 0.0
vertex 7.604758878007994 10.581337428812077 0.0
endloop
endfacet
facet normal 6.123233995736766e-17 0.0 -1.0
outer loop
vertex 8.25 10.263139720814413 0.0
vertex 7.9325877962045075 10.432800078429786 0.0
vertex 8.700000000000001 23.900000000000002 0.0
endloop
endfacet
facet normal 6.123233995736766e-17 0.0 -1.0
outer loop
vertex 8.555636281607812 10.073082867663999 0.0
vertex 8.25 10.263139720814413 0.0
vertex 8.700000000000001 23.900000000000002 0.0
endloop
endfacet
facet normal 6.123233995736766e-17 0.0 -1.0
outer loop
vertex 7.604758878007994 10.581337428812077 0.0
vertex 8.700000000000001 23.900000000000002 0.0
vertex 7.9325877962045075 10.432800078429786 0.0
endloop
endfacet
facet normal 6.123233995736766e-17 0.0 -1.0
outer loop
vertex 2.4443637183921885 10.073082867663999 0.0
vertex 2.3000000000000003 20.1 0.0
vertex 2.3000000000000003 23.900000000000002 0.0
endloop
endfacet
facet normal 6.123233995736766e-17 0.0 -1.0
outer loop
vertex 8.555636281607812 10.073082867663999 0.0
vertex 8.700000000000001 23.900000000000002 0.0
vertex 8.700000000000001 20.1 0.0
endloop
endfacet
facet normal 6.123233995736766e-17 0.0 -1.0
outer loop
vertex 6.9235047480638645 10.812592044589875 0.0
vertex 2.3000000000000003 23.900000000000002 0.0
vertex 8.700000000000001 23.900000000000002 0.0
endloop
endfacet
facet normal -6.123233995736766e-17 0.0 1.0
outer loop
vertex 20.076495251936137 0.18740795541012467 7.599999999999994
vertex 19.886782213126892 3.3976136482282264 7.599999999999994
vertex 19.732082940832612 0.2918842877769183 7.599999999999994
endloop
endfacet
facet normal -6.123233995736766e-17 0.0 1.0
outer loop
vertex 19.395241121992008 0.41866257118792305 7.599999999999994
vertex 19.20503267997124 4.175000000000001 7.599999999999994
vertex 19.06741220379549 0.5671999215702144 7.599999999999994
endloop
endfacet
facet normal -6.123233995736766e-17 0.0 1.0
outer loop
vertex 19.395241121992008 0.41866257118792305 7.599999999999994
vertex 19.732082940832612 0.2918842877769183 7.599999999999994
vertex 19.50762451018071 3.7527335899848175 7.599999999999994
endloop
endfacet
facet normal -6.123233995736766e-17 0.0 1.0
outer loop
vertex 20.427003228911296 0.10568095778223263 7.599999999999994
vertex 20.782105942789716 0.04705326244404251 7.599999999999994
vertex 20.64818541694662 2.9906351568379694 7.599999999999994
endloop
endfacet
facet normal -6.123233995736766e-17 0.0 1.0
outer loop
vertex 20.076495251936137 0.18740795541012467 7.599999999999994
vertex 20.427003228911296 0.10568095778223263 7.599999999999994
vertex 20.327934970919646 3.123287234938376 7.599999999999994
endloop
endfacet
facet normal -6.123233995736766e-17 0.0 1.0
outer loop
vertex 20.782105942789716 0.04705326244404251 7.599999999999994
vertex 21.140282789234213 0.011775922187680976 7.599999999999994
vertex 20.98301064665726 2.9009190069314394 7.599999999999994
endloop
endfacet
facet normal -6.123233995736766e-17 0.0 1.0
outer loop
vertex 21.140282789234213 0.011775922187680976 7.599999999999994
vertex 21.5 0.0 7.599999999999994
vertex 21.32668170754012 2.8556738534177004 7.599999999999994
endloop
endfacet
facet normal -6.123233995736766e-17 0.0 1.0
outer loop
vertex 18.75 0.7368602791855867 7.599999999999994
vertex 19.06741220379549 0.5671999215702144 7.599999999999994
vertex 18.90091900693144 4.9830106466572595 7.599999999999994
endloop
endfacet
facet normal -6.123233995736766e-17 0.0 1.0
outer loop
vertex 20.076495251936137 0.18740795541012467 7.599999999999994
vertex 20.175 3.2050326799712376 7.599999999999994
vertex 20.027738882498056 3.2966055273982553 7.599999999999994
endloop
endfacet
facet normal -6.123233995736766e-17 0.0 1.0
outer loop
vertex 20.076495251936137 0.18740795541012467 7.599999999999994
vertex 20.027738882498056 3.2966055273982553 7.599999999999994
vertex 19.886782213126892 3.3976136482282264 7.599999999999994
endloop
endfacet
facet normal -6.123233995736766e-17 0.0 1.0
outer loop
vertex 19.732082940832612 0.2918842877769183 7.599999999999994
vertex 19.886782213126892 3.3976136482282264 7.599999999999994
vertex 19.752733589984818 3.50762451018071 7.599999999999994
endloop
endfacet
facet normal -6.123233995736766e-17 0.0 1.0
outer loop
vertex 19.732082940832612 0.2918842877769183 7.599999999999994
vertex 19.752733589984818 3.50762451018071 7.599999999999994
vertex 19.62616702985565 3.626167029855649 7.599999999999994
endloop
endfacet
facet normal -6.123233995736766e-17 0.0 1.0
outer loop
vertex 19.732082940832612 0.2918842877769183 7.599999999999994
vertex 19.62616702985565 3.626167029855649 7.599999999999994
vertex 19.50762451018071 3.7527335899848175 7.599999999999994
endloop
endfacet
facet normal -6.123233995736766e-17 0.0 1.0
outer loop
vertex 20.427003228911296 0.10568095778223263 7.599999999999994
vertex 20.48588890423251 3.0517192388450898 7.599999999999994
vertex 20.327934970919646 3.123287234938376 7.599999999999994
endloop
endfacet
facet normal -6.123233995736766e-17 0.0 1.0
outer loop
vertex 20.427003228911296 0.10568095778223263 7.599999999999994
vertex 20.64818541694662 2.9906351568379694 7.599999999999994
vertex 20.48588890423251 3.0517192388450898 7.599999999999994
endloop
endfacet
facet normal -6.123233995736766e-17 0.0 1.0
outer loop
vertex 20.782105942789716 0.04705326244404251 7.599999999999994
vertex 20.81412953047832 2.9402965603339695 7.599999999999994
vertex 20.64818541694662 2.9906351568379694 7.599999999999994
endloop
endfacet
facet normal -6.123233995736766e-17 0.0 1.0
outer loop
vertex 21.140282789234213 0.011775922187680976 7.599999999999994
vertex 21.154105590616865 2.8726711173594026 7.599999999999994
vertex 20.98301064665726 2.9009190069314394 7.599999999999994
endloop
endfacet
facet normal -6.123233995736766e-17 0.0 1.0
outer loop
vertex 21.140282789234213 0.011775922187680976 7.599999999999994
vertex 21.32668170754012 2.8556738534177004 7.599999999999994
vertex 21.154105590616865 2.8726711173594026 7.599999999999994
endloop
endfacet
facet normal -6.123233995736766e-17 0.0 1.0
outer loop
vertex 21.5 0.0 7.599999999999994
vertex 21.5 2.8499999999999996 7.599999999999994
vertex 21.32668170754012 2.8556738534177004 7.599999999999994
endloop
endfacet
facet normal -6.123233995736766e-17 0.0 1.0
outer loop
vertex 20.782105942789716 0.04705326244404251 7.599999999999994
vertex 20.98301064665726 2.9009190069314394 7.599999999999994
vertex 20.81412953047832 2.9402965603339695 7.599999999999994
endloop
endfacet
facet normal -6.123233995736766e-17 0.0 1.0
outer loop
vertex 20.076495251936137 0.18740795541012467 7.599999999999994
vertex 20.327934970919646 3.123287234938376 7.599999999999994
vertex 20.175 3.2050326799712376 7.599999999999994
endloop
endfacet
facet normal -6.123233995736766e-17 0.0 1.0
outer loop
vertex 19.395241121992008 0.41866257118792305 7.599999999999994
vertex 19.50762451018071 3.7527335899848175 7.599999999999994
vertex 19.397613648228226 3.8867822131268905 7.599999999999994
endloop
endfacet
facet normal -6.123233995736766e-17 0.0 1.0
outer loop
vertex 19.395241121992008 0.41866257118792305 7.599999999999994
vertex 19.397613648228226 3.8867822131268905 7.599999999999994
vertex 19.296605527398256 4.0277388824980545 7.599999999999994
endloop
endfacet
facet normal -6.123233995736766e-17 0.0 1.0
outer loop
vertex 19.06741220379549 0.5671999215702144 7.599999999999994
vertex 19.20503267997124 4.175000000000001 7.599999999999994
vertex 19.123287234938374 4.327934970919646 7.599999999999994
endloop
endfacet
facet normal -6.123233995736766e-17 0.0 1.0
outer loop
vertex 19.395241121992008 0.41866257118792305 7.599999999999994
vertex 19.296605527398256 4.0277388824980545 7.599999999999994
vertex 19.20503267997124 4.175000000000001 7.599999999999994
endloop
endfacet
facet normal -6.123233995736766e-17 0.0 1.0
outer loop
vertex 19.06741220379549 0.5671999215702144 7.599999999999994
vertex 19.123287234938374 4.327934970919646 7.599999999999994
vertex 19.051719238845088 4.485888904232512 7.599999999999994
endloop
endfacet
facet normal -6.123233995736766e-17 0.0 1.0
outer loop
vertex 19.06741220379549 0.5671999215702144 7.599999999999994
vertex 19.051719238845088 4.485888904232512 7.599999999999994
vertex 18.990635156837968 4.648185416946621 7.599999999999994
endloop
endfacet
facet normal -6.123233995736766e-17 0.0 1.0
outer loop
vertex 19.06741220379549 0.5671999215702144 7.599999999999994
vertex 18.990635156837968 4.648185416946621 7.599999999999994
vertex 18.94029656033397 4.81412953047832 7.599999999999994
endloop
endfacet
facet normal -6.123233995736766e-17 0.0 1.0
outer loop
vertex 19.06741220379549 0.5671999215702144 7.599999999999994
vertex 18.94029656033397 4.81412953047832 7.599999999999994
vertex 18.90091900693144 4.9830106466572595 7.599999999999994
endloop
endfacet
facet normal -6.123233995736766e-17 0.0 1.0
outer loop
vertex 16.105680957782234 4.427003228911294 7.599999999999994
vertex 16.04705326244404 6.217894057210284 7.599999999999994
vertex 16.04705326244404 4.782105942789716 7.599999999999994
endloop
endfacet
facet normal -6.123233995736766e-17 0.0 1.0
outer loop
vertex 16.04705326244404 4.782105942789716 7.599999999999994
vertex 16.01177592218768 5.859717210765787 7.599999999999994
vertex 16.01177592218768 5.140282789234213 7.599999999999994
endloop
endfacet
facet normal -6.123233995736766e-17 0.0 1.0
outer loop
vertex 16.01177592218768 5.140282789234213 7.599999999999994
vertex 16.01177592218768 5.859717210765787 7.599999999999994
vertex 16.0 5.5 7.599999999999994
endloop
endfacet
facet normal -6.123233995736766e-17 0.0 1.0
outer loop
vertex 16.04705326244404 4.782105942789716 7.599999999999994
vertex 16.04705326244404 6.217894057210284 7.599999999999994
vertex 16.01177592218768 5.859717210765787 7.599999999999994
endloop
endfacet
facet normal -6.123233995736766e-17 0.0 1.0
outer loop
vertex 16.105680957782234 4.427003228911294 7.599999999999994
vertex 16.105680957782234 6.572996771088706 7.599999999999994
vertex 16.04705326244404 6.217894057210284 7.599999999999994
endloop
endfacet
facet normal -6.123233995736766e-17 0.0 1.0
outer loop
vertex 17.61091270347399 1.6109127034739892 7.599999999999994
vertex 17.364881058865624 9.126401983050378 7.599999999999994
vertex 17.364881058865624 1.8735980169496216 7.599999999999994
endloop
endfacet
facet normal -6.123233995736766e-17 0.0 1.0
outer loop
vertex 17.364881058865624 1.8735980169496216 7.599999999999994
vertex 17.136556628398207 8.848187859547963 7.599999999999994
vertex 17.136556628398207 2.1518121404520363 7.599999999999994
endloop
endfacet
facet normal -6.123233995736766e-17 0.0 1.0
outer loop
vertex 18.151812140452037 1.136556628398207 7.599999999999994
vertex 17.87359801694962 9.635118941134376 7.599999999999994
vertex 17.87359801694962 1.364881058865624 7.599999999999994
endloop
endfacet
facet normal -6.123233995736766e-17 0.0 1.0
outer loop
vertex 17.87359801694962 1.364881058865624 7.599999999999994
vertex 17.61091270347399 9.38908729652601 7.599999999999994
vertex 17.61091270347399 1.6109127034739892 7.599999999999994
endloop
endfacet
facet normal -6.123233995736766e-17 0.0 1.0
outer loop
vertex 18.44436371839219 0.9269171323360013 7.599999999999994
vertex 18.151812140452037 9.863443371601793 7.599999999999994
vertex 18.151812140452037 1.136556628398207 7.599999999999994
endloop
endfacet
facet normal -6.123233995736766e-17 0.0 1.0
outer loop
vertex 18.75 0.7368602791855867 7.599999999999994
vertex 18.44436371839219 10.073082867663999 7.599999999999994
vertex 18.44436371839219 0.9269171323360013 7.599999999999994
endloop
endfacet
facet normal -6.123233995736766e-17 0.0 1.0
outer loop
vertex 16.736860279185585 2.75 7.599999999999994
vertex 16.567199921570214 7.932587796204507 7.599999999999994
vertex 16.567199921570214 3.0674122037954934 7.599999999999994
endloop
endfacet
facet normal -6.123233995736766e-17 0.0 1.0
outer loop
vertex 16.567199921570214 3.0674122037954934 7.599999999999994
vertex 16.418662571187923 7.604758878007994 7.599999999999994
vertex 16.418662571187923 3.3952411219920062 7.599999999999994
endloop
endfacet
facet normal -6.123233995736766e-17 0.0 1.0
outer loop
vertex 17.03036670996773 2.3000000000000007 7.599999999999994
vertex 16.926917132336 8.555636281607812 7.599999999999994
vertex 16.926917132336 2.4443637183921876 7.599999999999994
endloop
endfacet
facet normal -6.123233995736766e-17 0.0 1.0
outer loop
vertex 17.136556628398207 2.1518121404520363 7.599999999999994
vertex 16.926917132336 8.555636281607812 7.599999999999994
vertex 17.03036670996773 2.3000000000000007 7.599999999999994
endloop
endfacet
facet normal -6.123233995736766e-17 0.0 1.0
outer loop
vertex 16.926917132336 2.4443637183921876 7.599999999999994
vertex 16.736860279185585 8.25 7.599999999999994
vertex 16.736860279185585 2.75 7.599999999999994
endloop
endfacet
facet normal -6.123233995736766e-17 0.0 1.0
outer loop
vertex 16.418662571187923 3.3952411219920062 7.599999999999994
vertex 16.291884287776917 7.267917059167388 7.599999999999994
vertex 16.291884287776917 3.732082940832612 7.599999999999994
endloop
endfacet
facet normal -6.123233995736766e-17 0.0 1.0
outer loop
vertex 16.291884287776917 3.732082940832612 7.599999999999994
vertex 16.187407955410123 6.9235047480638645 7.599999999999994
vertex 16.187407955410123 4.0764952519361355 7.599999999999994
endloop
endfacet
facet normal -6.123233995736766e-17 0.0 1.0
outer loop
vertex 16.105680957782234 4.427003228911294 7.599999999999994
vertex 16.187407955410123 4.0764952519361355 7.599999999999994
vertex 16.105680957782234 6.572996771088706 7.599999999999994
endloop
endfacet
facet normal -6.123233995736766e-17 0.0 1.0
outer loop
vertex 18.75 0.7368602791855867 7.599999999999994
vertex 18.90091900693144 4.9830106466572595 7.599999999999994
vertex 18.872671117359403 5.154105590616863 7.599999999999994
endloop
endfacet
facet normal -6.123233995736766e-17 0.0 1.0
outer loop
vertex 18.75 0.7368602791855867 7.599999999999994
vertex 18.872671117359403 5.154105590616863 7.599999999999994
vertex 18.8556738534177 5.326681707540121 7.599999999999994
endloop
endfacet
facet normal -6.123233995736766e-17 0.0 1.0
outer loop
vertex 18.75 0.7368602791855867 7.599999999999994
vertex 18.8556738534177 5.326681707540121 7.599999999999994
vertex 18.85 5.5 7.599999999999994
endloop
endfacet
facet normal -6.123233995736766e-17 0.0 1.0
outer loop
vertex 16.105680957782234 6.572996771088706 7.599999999999994
vertex 16.187407955410123 4.0764952519361355 7.599999999999994
vertex 16.187407955410123 6.9235047480638645 7.599999999999994
endloop
endfacet
facet normal -6.123233995736766e-17 0.0 1.0
outer loop
vertex 16.291884287776917 3.732082940832612 7.599999999999994
vertex 16.291884287776917 7.267917059167388 7.599999999999994
vertex 16.187407955410123 6.9235047480638645 7.599999999999994
endloop
endfacet
facet normal -6.123233995736766e-17 0.0 1.0
outer loop
vertex 18.75 0.7368602791855867 7.599999999999994
vertex 18.85 5.5 7.599999999999994
vertex 18.75 10.263139720814413 7.599999999999994
endloop
endfacet
facet normal -6.123233995736766e-17 0.0 1.0
outer loop
vertex 16.418662571187923 3.3952411219920062 7.599999999999994
vertex 16.418662571187923 7.604758878007994 7.599999999999994
vertex 16.291884287776917 7.267917059167388 7.599999999999994
endloop
endfacet
facet normal -6.123233995736766e-17 0.0 1.0
outer loop
vertex 16.567199921570214 3.0674122037954934 7.599999999999994
vertex 16.567199921570214 7.932587796204507 7.599999999999994
vertex 16.418662571187923 7.604758878007994 7.599999999999994
endloop
endfacet
facet normal -6.123233995736766e-17 0.0 1.0
outer loop
vertex 16.736860279185585 2.75 7.599999999999994
vertex 16.736860279185585 8.25 7.599999999999994
vertex 16.567199921570214 7.932587796204507 7.599999999999994
endloop
endfacet
facet normal -6.123233995736766e-17 0.0 1.0
outer loop
vertex 16.926917132336 2.4443637183921876 7.599999999999994
vertex 16.926917132336 8.555636281607812 7.599999999999994
vertex 16.736860279185585 8.25 7.599999999999994
endloop
endfacet
facet normal -6.123233995736766e-17 0.0 1.0
outer loop
vertex 17.136556628398207 2.1518121404520363 7.599999999999994
vertex 17.03036670996773 8.700000000000001 7.599999999999994
vertex 16.926917132336 8.555636281607812 7.599999999999994
endloop
endfacet
facet normal -6.123233995736766e-17 0.0 1.0
outer loop
vertex 17.136556628398207 2.1518121404520363 7.599999999999994
vertex 17.136556628398207 8.848187859547963 7.599999999999994
vertex 17.03036670996773 8.700000000000001 7.599999999999994
endloop
endfacet
facet normal -6.123233995736766e-17 0.0 1.0
outer loop
vertex 17.364881058865624 1.8735980169496216 7.599999999999994
vertex 17.364881058865624 9.126401983050378 7.599999999999994
vertex 17.136556628398207 8.848187859547963 7.599999999999994
endloop
endfacet
facet normal -6.123233995736766e-17 0.0 1.0
outer loop
vertex 17.61091270347399 1.6109127034739892 7.599999999999994
vertex 17.61091270347399 9.38908729652601 7.599999999999994
vertex 17.364881058865624 9.126401983050378 7.599999999999994
endloop
endfacet
facet normal -6.123233995736766e-17 0.0 1.0
outer loop
vertex 17.87359801694962 1.364881058865624 7.599999999999994
vertex 17.87359801694962 9.635118941134376 7.599999999999994
vertex 17.61091270347399 9.38908729652601 7.599999999999994
endloop
endfacet
facet normal -6.123233995736766e-17 0.0 1.0
outer loop
vertex 18.151812140452037 1.136556628398207 7.599999999999994
vertex 18.151812140452037 9.863443371601793 7.599999999999994
vertex 17.87359801694962 9.635118941134376 7.599999999999994
endloop
endfacet
facet normal -6.123233995736766e-17 0.0 1.0
outer loop
vertex 18.44436371839219 0.9269171323360013 7.599999999999994
vertex 18.3 9.96963329003227 7.599999999999994
vertex 18.151812140452037 9.863443371601793 7.599999999999994
endloop
endfacet
facet normal -6.123233995736766e-17 0.0 1.0
outer loop
vertex 18.44436371839219 0.9269171323360013 7.599999999999994
vertex 18.44436371839219 10.073082867663999 7.599999999999994
vertex 18.3 9.96963329003227 7.599999999999994
endloop
endfacet
facet normal -6.123233995736766e-17 0.0 1.0
outer loop
vertex 18.75 0.7368602791855867 7.599999999999994
vertex 18.75 10.263139720814413 7.599999999999994
vertex 18.44436371839219 10.073082867663999 7.599999999999994
endloop
endfacet
facet normal -6.123233995736766e-17 0.0 1.0
outer loop
vertex 18.75 10.263139720814413 7.599999999999994
vertex 18.85 5.5 7.599999999999994
vertex 18.8556738534177 5.673318292459879 7.599999999999994
endloop
endfacet
facet normal -6.123233995736766e-17 0.0 1.0
outer loop
vertex 18.75 10.263139720814413 7.599999999999994
vertex 18.8556738534177 5.673318292459879 7.599999999999994
vertex 18.872671117359403 5.845894409383137 7.599999999999994
endloop
endfacet
facet normal -6.123233995736766e-17 0.0 1.0
outer loop
vertex 18.75 10.263139720814413 7.599999999999994
vertex 18.872671117359403 5.845894409383137 7.599999999999994
vertex 18.90091900693144 6.0169893533427405 7.599999999999994
endloop
endfacet
facet normal -6.123233995736766e-17 0.0 1.0
outer loop
vertex 18.75 10.263139720814413 7.599999999999994
vertex 18.90091900693144 6.0169893533427405 7.599999999999994
vertex 18.94029656033397 6.18587046952168 7.599999999999994
endloop
endfacet
facet normal -6.123233995736766e-17 0.0 1.0
outer loop
vertex 18.75 10.263139720814413 7.599999999999994
vertex 18.94029656033397 6.18587046952168 7.599999999999994
vertex 18.990635156837968 6.351814583053379 7.599999999999994
endloop
endfacet
facet normal -6.123233995736766e-17 0.0 1.0
outer loop
vertex 18.75 10.263139720814413 7.599999999999994
vertex 18.990635156837968 6.351814583053379 7.599999999999994
vertex 19.051719238845088 6.514111095767488 7.599999999999994
endloop
endfacet
facet normal -6.123233995736766e-17 0.0 1.0
outer loop
vertex 18.75 10.263139720814413 7.599999999999994
vertex 19.051719238845088 6.514111095767488 7.599999999999994
vertex 19.123287234938374 6.672065029080354 7.599999999999994
endloop
endfacet
facet normal -6.123233995736766e-17 0.0 1.0
outer loop
vertex 19.06741220379549 10.432800078429786 7.599999999999994
vertex 19.123287234938374 6.672065029080354 7.599999999999994
vertex 19.20503267997124 6.824999999999999 7.599999999999994
endloop
endfacet
facet normal -6.123233995736766e-17 0.0 1.0
outer loop
vertex 19.06741220379549 10.432800078429786 7.599999999999994
vertex 19.20503267997124 6.824999999999999 7.599999999999994
vertex 19.296605527398256 6.9722611175019455 7.599999999999994
endloop
endfacet
facet normal -6.123233995736766e-17 0.0 1.0
outer loop
vertex 19.06741220379549 10.432800078429786 7.599999999999994
vertex 19.296605527398256 6.9722611175019455 7.599999999999994
vertex 19.397613648228226 7.1132177868731095 7.599999999999994
endloop
endfacet
facet normal -6.123233995736766e-17 0.0 1.0
outer loop
vertex 19.395241121992008 10.581337428812077 7.599999999999994
vertex 19.397613648228226 7.1132177868731095 7.599999999999994
vertex 19.50762451018071 7.2472664100151825 7.599999999999994
endloop
endfacet
facet normal -6.123233995736766e-17 0.0 1.0
outer loop
vertex 19.395241121992008 10.581337428812077 7.599999999999994
vertex 19.50762451018071 7.2472664100151825 7.599999999999994
vertex 19.62616702985565 7.373832970144351 7.599999999999994
endloop
endfacet
facet normal -6.123233995736766e-17 0.0 1.0
outer loop
vertex 19.395241121992008 10.581337428812077 7.599999999999994
vertex 19.62616702985565 7.373832970144351 7.599999999999994
vertex 19.752733589984818 7.49237548981929 7.599999999999994
endloop
endfacet
facet normal -6.123233995736766e-17 0.0 1.0
outer loop
vertex 19.732082940832612 10.708115712223082 7.599999999999994
vertex 19.752733589984818 7.49237548981929 7.599999999999994
vertex 19.886782213126892 7.602386351771774 7.599999999999994
endloop
endfacet
facet normal -6.123233995736766e-17 0.0 1.0
outer loop
vertex 19.732082940832612 10.708115712223082 7.599999999999994
vertex 19.886782213126892 7.602386351771774 7.599999999999994
vertex 20.027738882498056 7.703394472601744 7.599999999999994
endloop
endfacet
facet normal -6.123233995736766e-17 0.0 1.0
outer loop
vertex 19.732082940832612 10.708115712223082 7.599999999999994
vertex 20.027738882498056 7.703394472601744 7.599999999999994
vertex 20.175 7.794967320028762 7.599999999999994
endloop
endfacet
facet normal -6.123233995736766e-17 0.0 1.0
outer loop
vertex 18.75 10.263139720814413 7.599999999999994
vertex 19.123287234938374 6.672065029080354 7.599999999999994
vertex 19.06741220379549 10.432800078429786 7.599999999999994
endloop
endfacet
facet normal -6.123233995736766e-17 0.0 1.0
outer loop
vertex 19.06741220379549 10.432800078429786 7.599999999999994
vertex 19.397613648228226 7.1132177868731095 7.599999999999994
vertex 19.395241121992008 10.581337428812077 7.599999999999994
endloop
endfacet
facet normal -6.123233995736766e-17 0.0 1.0
outer loop
vertex 20.076495251936137 10.812592044589875 7.599999999999994
vertex 20.175 7.794967320028762 7.599999999999994
vertex 20.327934970919646 7.876712765061624 7.599999999999994
endloop
endfacet
facet normal -6.123233995736766e-17 0.0 1.0
outer loop
vertex 20.076495251936137 10.812592044589875 7.599999999999994
vertex 20.327934970919646 7.876712765061624 7.599999999999994
vertex 20.48588890423251 7.94828076115491 7.599999999999994
endloop
endfacet
facet normal -6.123233995736766e-17 0.0 1.0
outer loop
vertex 20.427003228911296 10.894319042217766 7.599999999999994
vertex 20.48588890423251 7.94828076115491 7.599999999999994
vertex 20.64818541694662 8.00936484316203 7.599999999999994
endloop
endfacet
facet normal -6.123233995736766e-17 0.0 1.0
outer loop
vertex 20.427003228911296 10.894319042217766 7.599999999999994
vertex 20.64818541694662 8.00936484316203 7.599999999999994
vertex 20.81412953047832 8.05970343966603 7.599999999999994
endloop
endfacet
facet normal -6.123233995736766e-17 0.0 1.0
outer loop
vertex 20.782105942789716 10.952946737555958 7.599999999999994
vertex 20.81412953047832 8.05970343966603 7.599999999999994
vertex 20.98301064665726 8.099080993068561 7.599999999999994
endloop
endfacet
facet normal -6.123233995736766e-17 0.0 1.0
outer loop
vertex 20.782105942789716 10.952946737555958 7.599999999999994
vertex 20.98301064665726 8.099080993068561 7.599999999999994
vertex 21.154105590616865 8.127328882640597 7.599999999999994
endloop
endfacet
facet normal -6.123233995736766e-17 0.0 1.0
outer loop
vertex 21.140282789234213 10.988224077812319 7.599999999999994
vertex 21.154105590616865 8.127328882640597 7.599999999999994
vertex 21.32668170754012 8.1443261465823 7.599999999999994
endloop
endfacet
facet normal -6.123233995736766e-17 0.0 1.0
outer loop
vertex 21.140282789234213 10.988224077812319 7.599999999999994
vertex 21.32668170754012 8.1443261465823 7.599999999999994
vertex 21.5 8.15 7.599999999999994
endloop
endfacet
facet normal -6.123233995736766e-17 0.0 1.0
outer loop
vertex 19.395241121992008 10.581337428812077 7.599999999999994
vertex 19.752733589984818 7.49237548981929 7.599999999999994
vertex 19.732082940832612 10.708115712223082 7.599999999999994
endloop
endfacet
facet normal -6.123233995736766e-17 0.0 1.0
outer loop
vertex 19.732082940832612 10.708115712223082 7.599999999999994
vertex 20.175 7.794967320028762 7.599999999999994
vertex 20.076495251936137 10.812592044589875 7.599999999999994
endloop
endfacet
facet normal -6.123233995736766e-17 0.0 1.0
outer loop
vertex 20.076495251936137 10.812592044589875 7.599999999999994
vertex 20.48588890423251 7.94828076115491 7.599999999999994
vertex 20.427003228911296 10.894319042217766 7.599999999999994
endloop
endfacet
facet normal -6.123233995736766e-17 0.0 1.0
outer loop
vertex 20.427003228911296 10.894319042217766 7.599999999999994
vertex 20.81412953047832 8.05970343966603 7.599999999999994
vertex 20.782105942789716 10.952946737555958 7.599999999999994
endloop
endfacet
facet normal -6.123233995736766e-17 0.0 1.0
outer loop
vertex 20.782105942789716 10.952946737555958 7.599999999999994
vertex 21.154105590616865 8.127328882640597 7.599999999999994
vertex 21.140282789234213 10.988224077812319 7.599999999999994
endloop
endfacet
facet normal -6.123233995736766e-17 0.0 1.0
outer loop
vertex 21.140282789234213 10.988224077812319 7.599999999999994
vertex 21.5 8.15 7.599999999999994
vertex 21.5 11.0 7.599999999999994
endloop
endfacet
facet normal -0.5280678506503694 -0.849202181526578 -3.2334830151579875e-17
outer loop
vertex 18.75 0.7368602791855867 7.599999999999994
vertex 18.44436371839219 0.9269171323360013 7.599999999999994
vertex 18.75 0.7368602791855867 0.0
endloop
endfacet
facet normal -0.6343932841636439 -0.7730104533627383 -3.884538524257919e-17
outer loop
vertex 18.151812140452037 1.136556628398207 7.599999999999994
vertex 17.87359801694962 1.364881058865624 7.599999999999994
vertex 18.151812140452037 1.136556628398207 0.0
endloop
endfacet
facet normal -0.5824776968678038 -0.8128466845916142 -3.566647235219391e-17
outer loop
vertex 18.44436371839219 0.9269171323360013 7.599999999999994
vertex 18.151812140452037 1.136556628398207 7.599999999999994
vertex 18.44436371839219 0.9269171323360013 0.0
endloop
endfacet
facet normal -0.683592302022873 -0.7298640726978342 -4.1857956229704115e-17
outer loop
vertex 17.87359801694962 1.364881058865624 7.599999999999994
vertex 17.61091270347399 1.6109127034739892 7.599999999999994
vertex 17.87359801694962 1.364881058865624 0.0
endloop
endfacet
facet normal -0.7298640726978342 -0.683592302022873 -4.469128502210269e-17
outer loop
vertex 17.61091270347399 1.6109127034739892 7.599999999999994
vertex 17.364881058865624 1.8735980169496216 7.599999999999994
vertex 17.61091270347399 1.6109127034739892 0.0
endloop
endfacet
facet normal -0.3522500479212347 -0.9359059267573253 -2.1569094684312094e-17
outer loop
vertex 19.395241121992008 0.41866257118792305 7.599999999999994
vertex 19.732082940832612 0.2918842877769183 0.0
vertex 19.732082940832612 0.2918842877769183 7.599999999999994
endloop
endfacet
facet normal -0.29028467725446117 -0.9569403357322093 -1.777481004205992e-17
outer loop
vertex 20.076495251936137 0.18740795541012467 7.599999999999994
vertex 19.732082940832612 0.2918842877769183 7.599999999999994
vertex 20.076495251936137 0.18740795541012467 0.0
endloop
endfacet
facet normal -0.4713967368259955 -0.8819212643483563 -2.886472524412313e-17
outer loop
vertex 18.75 0.7368602791855867 7.599999999999994
vertex 19.06741220379549 0.5671999215702144 0.0
vertex 19.06741220379549 0.5671999215702144 7.599999999999994
endloop
endfacet
facet normal -0.4127070298043949 -0.9108638249211758 -2.5271017151778176e-17
outer loop
vertex 19.395241121992008 0.41866257118792305 7.599999999999994
vertex 19.06741220379549 0.5671999215702144 7.599999999999994
vertex 19.395241121992008 0.41866257118792305 0.0
endloop
endfacet
facet normal -0.22707626303437353 -0.9738769792773337 -1.39044109343694e-17
outer loop
vertex 20.076495251936137 0.18740795541012467 7.599999999999994
vertex 20.427003228911296 0.10568095778223263 0.0
vertex 20.427003228911296 0.10568095778223263 7.599999999999994
endloop
endfacet
facet normal -0.16289547339458965 -0.986643332084879 -9.974471004413853e-18
outer loop
vertex 20.427003228911296 0.10568095778223263 7.599999999999994
vertex 20.782105942789716 0.04705326244404251 0.0
vertex 20.782105942789716 0.04705326244404251 7.599999999999994
endloop
endfacet
facet normal -0.09801714032955924 -0.9951847266721972 -6.0018188583085835e-18
outer loop
vertex 20.782105942789716 0.04705326244404251 7.599999999999994
vertex 21.140282789234213 0.011775922187680976 0.0
vertex 21.140282789234213 0.011775922187680976 7.599999999999994
endloop
endfacet
facet normal -0.03271908282177688 -0.9994645874763658 -2.00346600243631e-18
outer loop
vertex 21.140282789234213 0.011775922187680976 7.599999999999994
vertex 21.5 0.0 0.0
vertex 21.5 0.0 7.599999999999994
endloop
endfacet
facet normal -0.7730104533627374 -0.6343932841636452 -4.7333238870906036e-17
outer loop
vertex 17.364881058865624 1.8735980169496216 7.599999999999994
vertex 17.136556628398207 2.1518121404520363 7.599999999999994
vertex 17.364881058865624 1.8735980169496216 0.0
endloop
endfacet
facet normal -0.8128466845916164 -0.5824776968678009 -4.9772504524133056e-17
outer loop
vertex 17.136556628398207 2.1518121404520363 7.599999999999994
vertex 17.03036670996773 2.3000000000000007 7.599999999999994
vertex 17.03036670996773 2.3000000000000007 0.0
endloop
endfacet
facet normal -0.812846684591616 0.5824776968678014 -4.977250452413304e-17
outer loop
vertex 17.03036670996773 8.700000000000001 7.599999999999994
vertex 17.136556628398207 8.848187859547963 7.599999999999994
vertex 17.136556628398207 8.848187859547963 0.0
endloop
endfacet
facet normal -0.7730104533627383 0.6343932841636439 -4.733323887090609e-17
outer loop
vertex 17.136556628398207 8.848187859547963 7.599999999999994
vertex 17.364881058865624 9.126401983050378 7.599999999999994
vertex 17.136556628398207 8.848187859547963 0.0
endloop
endfacet
facet normal -0.7298640726978342 0.683592302022873 -4.469128502210269e-17
outer loop
vertex 17.364881058865624 9.126401983050378 7.599999999999994
vertex 17.61091270347399 9.38908729652601 7.599999999999994
vertex 17.364881058865624 9.126401983050378 0.0
endloop
endfacet
facet normal -0.683592302022873 0.7298640726978342 -4.1857956229704115e-17
outer loop
vertex 17.61091270347399 9.38908729652601 7.599999999999994
vertex 17.87359801694962 9.635118941134376 7.599999999999994
vertex 17.61091270347399 9.38908729652601 0.0
endloop
endfacet
facet normal -0.6343932841636439 0.7730104533627383 -3.884538524257919e-17
outer loop
vertex 17.87359801694962 9.635118941134376 7.599999999999994
vertex 18.151812140452037 9.863443371601793 7.599999999999994
vertex 17.87359801694962 9.635118941134376 0.0
endloop
endfacet
facet normal -0.5824776968678032 0.8128466845916145 -3.566647235219387e-17
outer loop
vertex 18.151812140452037 9.863443371601793 7.599999999999994
vertex 18.3 9.96963329003227 7.599999999999994
vertex 18.3 9.96963329003227 0.0
endloop
endfacet
facet normal -6.123233995736766e-17 0.0 1.0
outer loop
vertex 21.5 0.0 7.599999999999994
vertex 21.859717210765787 0.011775922187680976 7.599999999999994
vertex 21.5 2.8499999999999996 7.599999999999994
endloop
endfacet
facet normal -6.123233995736766e-17 0.0 1.0
outer loop
vertex 21.859717210765787 0.011775922187680976 7.599999999999994
vertex 22.217894057210284 0.04705326244404251 7.599999999999994
vertex 21.845894409383135 2.8726711173594026 7.599999999999994
endloop
endfacet
facet normal -6.123233995736766e-17 0.0 1.0
outer loop
vertex 22.217894057210284 0.04705326244404251 7.599999999999994
vertex 22.572996771088704 0.10568095778223263 7.599999999999994
vertex 22.18587046952168 2.9402965603339695 7.599999999999994
endloop
endfacet
facet normal -6.123233995736766e-17 0.0 1.0
outer loop
vertex 22.572996771088704 0.10568095778223263 7.599999999999994
vertex 22.923504748063863 0.18740795541012467 7.599999999999994
vertex 22.51411109576749 3.0517192388450898 7.599999999999994
endloop
endfacet
facet normal -6.123233995736766e-17 0.0 1.0
outer loop
vertex 22.923504748063863 0.18740795541012467 7.599999999999994
vertex 23.267917059167388 0.2918842877769183 7.599999999999994
vertex 22.825 3.2050326799712376 7.599999999999994
endloop
endfacet
facet normal -6.123233995736766e-17 0.0 1.0
outer loop
vertex 23.267917059167388 0.2918842877769183 7.599999999999994
vertex 23.604758878007992 0.41866257118792305 7.599999999999994
vertex 23.247266410015182 3.50762451018071 7.599999999999994
endloop
endfacet
facet normal -6.123233995736766e-17 0.0 1.0
outer loop
vertex 23.604758878007992 0.41866257118792305 7.599999999999994
vertex 23.93258779620451 0.5671999215702144 7.599999999999994
vertex 23.602386351771774 3.8867822131268905 7.599999999999994
endloop
endfacet
facet normal -6.123233995736766e-17 0.0 1.0
outer loop
vertex 21.859717210765787 0.011775922187680976 7.599999999999994
vertex 21.67331829245988 2.8556738534177004 7.599999999999994
vertex 21.5 2.8499999999999996 7.599999999999994
endloop
endfacet
facet normal -6.123233995736766e-17 0.0 1.0
outer loop
vertex 21.859717210765787 0.011775922187680976 7.599999999999994
vertex 21.845894409383135 2.8726711173594026 7.599999999999994
vertex 21.67331829245988 2.8556738534177004 7.599999999999994
endloop
endfacet
facet normal -6.123233995736766e-17 0.0 1.0
outer loop
vertex 22.217894057210284 0.04705326244404251 7.599999999999994
vertex 22.01698935334274 2.9009190069314394 7.599999999999994
vertex 21.845894409383135 2.8726711173594026 7.599999999999994
endloop
endfacet
facet normal -6.123233995736766e-17 0.0 1.0
outer loop
vertex 22.217894057210284 0.04705326244404251 7.599999999999994
vertex 22.18587046952168 2.9402965603339695 7.599999999999994
vertex 22.01698935334274 2.9009190069314394 7.599999999999994
endloop
endfacet
facet normal -6.123233995736766e-17 0.0 1.0
outer loop
vertex 22.572996771088704 0.10568095778223263 7.599999999999994
vertex 22.35181458305338 2.9906351568379694 7.599999999999994
vertex 22.18587046952168 2.9402965603339695 7.599999999999994
endloop
endfacet
facet normal -6.123233995736766e-17 0.0 1.0
outer loop
vertex 22.572996771088704 0.10568095778223263 7.599999999999994
vertex 22.51411109576749 3.0517192388450898 7.599999999999994
vertex 22.35181458305338 2.9906351568379694 7.599999999999994
endloop
endfacet
facet normal -6.123233995736766e-17 0.0 1.0
outer loop
vertex 22.923504748063863 0.18740795541012467 7.599999999999994
vertex 22.672065029080354 3.123287234938376 7.599999999999994
vertex 22.51411109576749 3.0517192388450898 7.599999999999994
endloop
endfacet
facet normal -6.123233995736766e-17 0.0 1.0
outer loop
vertex 22.923504748063863 0.18740795541012467 7.599999999999994
vertex 22.825 3.2050326799712376 7.599999999999994
vertex 22.672065029080354 3.123287234938376 7.599999999999994
endloop
endfacet
facet normal -6.123233995736766e-17 0.0 1.0
outer loop
vertex 23.93258779620451 0.5671999215702144 7.599999999999994
vertex 24.25 0.7368602791855867 7.599999999999994
vertex 23.876712765061622 4.327934970919646 7.599999999999994
endloop
endfacet
facet normal -6.123233995736766e-17 0.0 1.0
outer loop
vertex 23.267917059167388 0.2918842877769183 7.599999999999994
vertex 22.972261117501947 3.2966055273982553 7.599999999999994
vertex 22.825 3.2050326799712376 7.599999999999994
endloop
endfacet
facet normal -6.123233995736766e-17 0.0 1.0
outer loop
vertex 23.267917059167388 0.2918842877769183 7.599999999999994
vertex 23.11321778687311 3.3976136482282264 7.599999999999994
vertex 22.972261117501947 3.2966055273982553 7.599999999999994
endloop
endfacet
facet normal -6.123233995736766e-17 0.0 1.0
outer loop
vertex 23.267917059167388 0.2918842877769183 7.599999999999994
vertex 23.247266410015182 3.50762451018071 7.599999999999994
vertex 23.11321778687311 3.3976136482282264 7.599999999999994
endloop
endfacet
facet normal -6.123233995736766e-17 0.0 1.0
outer loop
vertex 23.604758878007992 0.41866257118792305 7.599999999999994
vertex 23.37383297014435 3.626167029855649 7.599999999999994
vertex 23.247266410015182 3.50762451018071 7.599999999999994
endloop
endfacet
facet normal -6.123233995736766e-17 0.0 1.0
outer loop
vertex 23.604758878007992 0.41866257118792305 7.599999999999994
vertex 23.49237548981929 3.7527335899848175 7.599999999999994
vertex 23.37383297014435 3.626167029855649 7.599999999999994
endloop
endfacet
facet normal -6.123233995736766e-17 0.0 1.0
outer loop
vertex 23.604758878007992 0.41866257118792305 7.599999999999994
vertex 23.602386351771774 3.8867822131268905 7.599999999999994
vertex 23.49237548981929 3.7527335899848175 7.599999999999994
endloop
endfacet
facet normal -6.123233995736766e-17 0.0 1.0
outer loop
vertex 23.93258779620451 0.5671999215702144 7.599999999999994
vertex 23.703394472601744 4.0277388824980545 7.599999999999994
vertex 23.602386351771774 3.8867822131268905 7.599999999999994
endloop
endfacet
facet normal -6.123233995736766e-17 0.0 1.0
outer loop
vertex 23.93258779620451 0.5671999215702144 7.599999999999994
vertex 23.79496732002876 4.175000000000001 7.599999999999994
vertex 23.703394472601744 4.0277388824980545 7.599999999999994
endloop
endfacet
facet normal -6.123233995736766e-17 0.0 1.0
outer loop
vertex 23.93258779620451 0.5671999215702144 7.599999999999994
vertex 23.876712765061622 4.327934970919646 7.599999999999994
vertex 23.79496732002876 4.175000000000001 7.599999999999994
endloop
endfacet
facet normal -6.123233995736766e-17 0.0 1.0
outer loop
vertex 24.25 0.7368602791855867 7.599999999999994
vertex 23.94828076115491 4.485888904232512 7.599999999999994
vertex 23.876712765061622 4.327934970919646 7.599999999999994
endloop
endfacet
facet normal -6.123233995736766e-17 0.0 1.0
outer loop
vertex 24.25 0.7368602791855867 7.599999999999994
vertex 24.00936484316203 4.648185416946621 7.599999999999994
vertex 23.94828076115491 4.485888904232512 7.599999999999994
endloop
endfacet
facet normal -6.123233995736766e-17 0.0 1.0
outer loop
vertex 24.25 0.7368602791855867 7.599999999999994
vertex 24.05970343966603 4.81412953047832 7.599999999999994
vertex 24.00936484316203 4.648185416946621 7.599999999999994
endloop
endfacet
facet normal -6.123233995736766e-17 0.0 1.0
outer loop
vertex 24.25 0.7368602791855867 7.599999999999994
vertex 24.09908099306856 4.9830106466572595 7.599999999999994
vertex 24.05970343966603 4.81412953047832 7.599999999999994
endloop
endfacet
facet normal -6.123233995736766e-17 0.0 1.0
outer loop
vertex 24.25 0.7368602791855867 7.599999999999994
vertex 24.127328882640597 5.154105590616863 7.599999999999994
vertex 24.09908099306856 4.9830106466572595 7.599999999999994
endloop
endfacet
facet normal -6.123233995736766e-17 0.0 1.0
outer loop
vertex 24.25 0.7368602791855867 7.599999999999994
vertex 24.144326146582298 5.326681707540121 7.599999999999994
vertex 24.127328882640597 5.154105590616863 7.599999999999994
endloop
endfacet
facet normal -6.123233995736766e-17 0.0 1.0
outer loop
vertex 24.25 0.7368602791855867 7.599999999999994
vertex 24.15 5.5 7.599999999999994
vertex 24.144326146582298 5.326681707540121 7.599999999999994
endloop
endfacet
facet normal -6.123233995736766e-17 0.0 1.0
outer loop
vertex 24.25 0.7368602791855867 7.599999999999994
vertex 24.55563628160781 0.9269171323360013 7.599999999999994
vertex 24.25 10.263139720814413 7.599999999999994
endloop
endfacet
facet normal -6.123233995736766e-17 0.0 1.0
outer loop
vertex 24.55563628160781 0.9269171323360013 7.599999999999994
vertex 24.848187859547963 1.136556628398207 7.599999999999994
vertex 24.55563628160781 10.073082867663999 7.599999999999994
endloop
endfacet
facet normal -6.123233995736766e-17 0.0 1.0
outer loop
vertex 24.848187859547963 1.136556628398207 7.599999999999994
vertex 25.12640198305038 1.364881058865624 7.599999999999994
vertex 24.848187859547963 9.863443371601793 7.599999999999994
endloop
endfacet
facet normal -6.123233995736766e-17 0.0 1.0
outer loop
vertex 25.12640198305038 1.364881058865624 7.599999999999994
vertex 25.38908729652601 1.6109127034739892 7.599999999999994
vertex 25.12640198305038 9.635118941134376 7.599999999999994
endloop
endfacet
facet normal -6.123233995736766e-17 0.0 1.0
outer loop
vertex 25.38908729652601 1.6109127034739892 7.599999999999994
vertex 25.635118941134376 1.8735980169496216 7.599999999999994
vertex 25.38908729652601 9.38908729652601 7.599999999999994
endloop
endfacet
facet normal -6.123233995736766e-17 0.0 1.0
outer loop
vertex 25.635118941134376 1.8735980169496216 7.599999999999994
vertex 25.863443371601793 2.1518121404520363 7.599999999999994
vertex 25.635118941134376 9.126401983050378 7.599999999999994
endloop
endfacet
facet normal -6.123233995736766e-17 0.0 1.0
outer loop
vertex 25.863443371601793 2.1518121404520363 7.599999999999994
vertex 25.96963329003227 2.3000000000000007 7.599999999999994
vertex 25.863443371601793 8.848187859547963 7.599999999999994
endloop
endfacet
facet normal -6.123233995736766e-17 0.0 1.0
outer loop
vertex 25.96963329003227 2.3000000000000007 7.599999999999994
vertex 26.073082867664 2.4443637183921876 7.599999999999994
vertex 25.863443371601793 8.848187859547963 7.599999999999994
endloop
endfacet
facet normal -6.123233995736766e-17 0.0 1.0
outer loop
vertex 26.073082867664 2.4443637183921876 7.599999999999994
vertex 26.263139720814415 2.75 7.599999999999994
vertex 26.073082867664 8.555636281607812 7.599999999999994
endloop
endfacet
facet normal -6.123233995736766e-17 0.0 1.0
outer loop
vertex 26.263139720814415 2.75 7.599999999999994
vertex 26.432800078429786 3.0674122037954934 7.599999999999994
vertex 26.263139720814415 8.25 7.599999999999994
endloop
endfacet
facet normal -6.123233995736766e-17 0.0 1.0
outer loop
vertex 26.432800078429786 3.0674122037954934 7.599999999999994
vertex 26.581337428812077 3.3952411219920062 7.599999999999994
vertex 26.432800078429786 7.932587796204507 7.599999999999994
endloop
endfacet
facet normal -6.123233995736766e-17 0.0 1.0
outer loop
vertex 26.581337428812077 3.3952411219920062 7.599999999999994
vertex 26.708115712223083 3.732082940832612 7.599999999999994
vertex 26.581337428812077 7.604758878007994 7.599999999999994
endloop
endfacet
facet normal -6.123233995736766e-17 0.0 1.0
outer loop
vertex 26.708115712223083 3.732082940832612 7.599999999999994
vertex 26.812592044589877 4.0764952519361355 7.599999999999994
vertex 26.708115712223083 7.267917059167388 7.599999999999994
endloop
endfacet
facet normal -6.123233995736766e-17 0.0 1.0
outer loop
vertex 26.812592044589877 4.0764952519361355 7.599999999999994
vertex 26.894319042217766 4.427003228911294 7.599999999999994
vertex 26.812592044589877 6.9235047480638645 7.599999999999994
endloop
endfacet
facet normal -6.123233995736766e-17 0.0 1.0
outer loop
vertex 24.25 0.7368602791855867 7.599999999999994
vertex 24.25 10.263139720814413 7.599999999999994
vertex 24.15 5.5 7.599999999999994
endloop
endfacet
facet normal -6.123233995736766e-17 0.0 1.0
outer loop
vertex 26.812592044589877 6.9235047480638645 7.599999999999994
vertex 26.894319042217766 4.427003228911294 7.599999999999994
vertex 26.894319042217766 6.572996771088706 7.599999999999994
endloop
endfacet
facet normal -6.123233995736766e-17 0.0 1.0
outer loop
vertex 25.38908729652601 1.6109127034739892 7.599999999999994
vertex 25.38908729652601 9.38908729652601 7.599999999999994
vertex 25.12640198305038 9.635118941134376 7.599999999999994
endloop
endfacet
facet normal -6.123233995736766e-17 0.0 1.0
outer loop
vertex 26.812592044589877 4.0764952519361355 7.599999999999994
vertex 26.812592044589877 6.9235047480638645 7.599999999999994
vertex 26.708115712223083 7.267917059167388 7.599999999999994
endloop
endfacet
facet normal -6.123233995736766e-17 0.0 1.0
outer loop
vertex 26.708115712223083 3.732082940832612 7.599999999999994
vertex 26.708115712223083 7.267917059167388 7.599999999999994
vertex 26.581337428812077 7.604758878007994 7.599999999999994
endloop
endfacet
facet normal -6.123233995736766e-17 0.0 1.0
outer loop
vertex 26.581337428812077 3.3952411219920062 7.599999999999994
vertex 26.581337428812077 7.604758878007994 7.599999999999994
vertex 26.432800078429786 7.932587796204507 7.599999999999994
endloop
endfacet
facet normal -6.123233995736766e-17 0.0 1.0
outer loop
vertex 26.432800078429786 3.0674122037954934 7.599999999999994
vertex 26.432800078429786 7.932587796204507 7.599999999999994
vertex 26.263139720814415 8.25 7.599999999999994
endloop
endfacet
facet normal -6.123233995736766e-17 0.0 1.0
outer loop
vertex 26.263139720814415 2.75 7.599999999999994
vertex 26.263139720814415 8.25 7.599999999999994
vertex 26.073082867664 8.555636281607812 7.599999999999994
endloop
endfacet
facet normal -6.123233995736766e-17 0.0 1.0
outer loop
vertex 26.073082867664 2.4443637183921876 7.599999999999994
vertex 26.073082867664 8.555636281607812 7.599999999999994
vertex 25.96963329003227 8.700000000000001 7.599999999999994
endloop
endfacet
facet normal -6.123233995736766e-17 0.0 1.0
outer loop
vertex 26.073082867664 2.4443637183921876 7.599999999999994
vertex 25.96963329003227 8.700000000000001 7.599999999999994
vertex 25.863443371601793 8.848187859547963 7.599999999999994
endloop
endfacet
facet normal -6.123233995736766e-17 0.0 1.0
outer loop
vertex 25.635118941134376 1.8735980169496216 7.599999999999994
vertex 25.635118941134376 9.126401983050378 7.599999999999994
vertex 25.38908729652601 9.38908729652601 7.599999999999994
endloop
endfacet
facet normal -6.123233995736766e-17 0.0 1.0
outer loop
vertex 25.863443371601793 2.1518121404520363 7.599999999999994
vertex 25.863443371601793 8.848187859547963 7.599999999999994
vertex 25.635118941134376 9.126401983050378 7.599999999999994
endloop
endfacet
facet normal -6.123233995736766e-17 0.0 1.0
outer loop
vertex 26.894319042217766 4.427003228911294 7.599999999999994
vertex 26.95294673755596 4.782105942789716 7.599999999999994
vertex 26.894319042217766 6.572996771088706 7.599999999999994
endloop
endfacet
facet normal -6.123233995736766e-17 0.0 1.0
outer loop
vertex 26.95294673755596 4.782105942789716 7.599999999999994
vertex 26.98822407781232 5.140282789234213 7.599999999999994
vertex 26.95294673755596 6.217894057210284 7.599999999999994
endloop
endfacet
facet normal -6.123233995736766e-17 0.0 1.0
outer loop
vertex 26.98822407781232 5.140282789234213 7.599999999999994
vertex 27.0 5.5 7.599999999999994
vertex 26.98822407781232 5.859717210765787 7.599999999999994
endloop
endfacet
facet normal -6.123233995736766e-17 0.0 1.0
outer loop
vertex 26.98822407781232 5.140282789234213 7.599999999999994
vertex 26.98822407781232 5.859717210765787 7.599999999999994
vertex 26.95294673755596 6.217894057210284 7.599999999999994
endloop
endfacet
facet normal -6.123233995736766e-17 0.0 1.0
outer loop
vertex 26.95294673755596 4.782105942789716 7.599999999999994
vertex 26.95294673755596 6.217894057210284 7.599999999999994
vertex 26.894319042217766 6.572996771088706 7.599999999999994
endloop
endfacet
facet normal -6.123233995736766e-17 0.0 1.0
outer loop
vertex 24.25 10.263139720814413 7.599999999999994
vertex 24.144326146582298 5.673318292459879 7.599999999999994
vertex 24.15 5.5 7.599999999999994
endloop
endfacet
facet normal -6.123233995736766e-17 0.0 1.0
outer loop
vertex 24.25 10.263139720814413 7.599999999999994
vertex 24.127328882640597 5.845894409383137 7.599999999999994
vertex 24.144326146582298 5.673318292459879 7.599999999999994
endloop
endfacet
facet normal -6.123233995736766e-17 0.0 1.0
outer loop
vertex 24.25 10.263139720814413 7.599999999999994
vertex 24.09908099306856 6.0169893533427405 7.599999999999994
vertex 24.127328882640597 5.845894409383137 7.599999999999994
endloop
endfacet
facet normal -6.123233995736766e-17 0.0 1.0
outer loop
vertex 23.93258779620451 10.432800078429786 7.599999999999994
vertex 24.05970343966603 6.18587046952168 7.599999999999994
vertex 24.09908099306856 6.0169893533427405 7.599999999999994
endloop
endfacet
facet normal -6.123233995736766e-17 0.0 1.0
outer loop
vertex 23.93258779620451 10.432800078429786 7.599999999999994
vertex 24.00936484316203 6.351814583053379 7.599999999999994
vertex 24.05970343966603 6.18587046952168 7.599999999999994
endloop
endfacet
facet normal -6.123233995736766e-17 0.0 1.0
outer loop
vertex 23.93258779620451 10.432800078429786 7.599999999999994
vertex 23.94828076115491 6.514111095767488 7.599999999999994
vertex 24.00936484316203 6.351814583053379 7.599999999999994
endloop
endfacet
facet normal -6.123233995736766e-17 0.0 1.0
outer loop
vertex 23.93258779620451 10.432800078429786 7.599999999999994
vertex 23.876712765061622 6.672065029080354 7.599999999999994
vertex 23.94828076115491 6.514111095767488 7.599999999999994
endloop
endfacet
facet normal -6.123233995736766e-17 0.0 1.0
outer loop
vertex 23.93258779620451 10.432800078429786 7.599999999999994
vertex 23.79496732002876 6.824999999999999 7.599999999999994
vertex 23.876712765061622 6.672065029080354 7.599999999999994
endloop
endfacet
facet normal -6.123233995736766e-17 0.0 1.0
outer loop
vertex 23.604758878007992 10.581337428812077 7.599999999999994
vertex 23.602386351771774 7.1132177868731095 7.599999999999994
vertex 23.703394472601744 6.9722611175019455 7.599999999999994
endloop
endfacet
facet normal -6.123233995736766e-17 0.0 1.0
outer loop
vertex 23.604758878007992 10.581337428812077 7.599999999999994
vertex 23.703394472601744 6.9722611175019455 7.599999999999994
vertex 23.79496732002876 6.824999999999999 7.599999999999994
endloop
endfacet
facet normal -6.123233995736766e-17 0.0 1.0
outer loop
vertex 23.267917059167388 10.708115712223082 7.599999999999994
vertex 23.247266410015182 7.49237548981929 7.599999999999994
vertex 23.37383297014435 7.373832970144351 7.599999999999994
endloop
endfacet
facet normal -6.123233995736766e-17 0.0 1.0
outer loop
vertex 23.267917059167388 10.708115712223082 7.599999999999994
vertex 23.37383297014435 7.373832970144351 7.599999999999994
vertex 23.49237548981929 7.2472664100151825 7.599999999999994
endloop
endfacet
facet normal -6.123233995736766e-17 0.0 1.0
outer loop
vertex 23.267917059167388 10.708115712223082 7.599999999999994
vertex 23.11321778687311 7.602386351771774 7.599999999999994
vertex 23.247266410015182 7.49237548981929 7.599999999999994
endloop
endfacet
facet normal -6.123233995736766e-17 0.0 1.0
outer loop
vertex 23.604758878007992 10.581337428812077 7.599999999999994
vertex 23.49237548981929 7.2472664100151825 7.599999999999994
vertex 23.602386351771774 7.1132177868731095 7.599999999999994
endloop
endfacet
facet normal -6.123233995736766e-17 0.0 1.0
outer loop
vertex 24.55563628160781 0.9269171323360013 7.599999999999994
vertex 24.55563628160781 10.073082867663999 7.599999999999994
vertex 24.25 10.263139720814413 7.599999999999994
endloop
endfacet
facet normal -6.123233995736766e-17 0.0 1.0
outer loop
vertex 24.848187859547963 1.136556628398207 7.599999999999994
vertex 24.848187859547963 9.863443371601793 7.599999999999994
vertex 24.7 9.96963329003227 7.599999999999994
endloop
endfacet
facet normal -6.123233995736766e-17 0.0 1.0
outer loop
vertex 24.848187859547963 1.136556628398207 7.599999999999994
vertex 24.7 9.96963329003227 7.599999999999994
vertex 24.55563628160781 10.073082867663999 7.599999999999994
endloop
endfacet
facet normal -6.123233995736766e-17 0.0 1.0
outer loop
vertex 25.12640198305038 1.364881058865624 7.599999999999994
vertex 25.12640198305038 9.635118941134376 7.599999999999994
vertex 24.848187859547963 9.863443371601793 7.599999999999994
endloop
endfacet
facet normal -6.123233995736766e-17 0.0 1.0
outer loop
vertex 21.859717210765787 10.988224077812319 7.599999999999994
vertex 21.67331829245988 8.1443261465823 7.599999999999994
vertex 21.845894409383135 8.127328882640597 7.599999999999994
endloop
endfacet
facet normal -6.123233995736766e-17 0.0 1.0
outer loop
vertex 21.859717210765787 10.988224077812319 7.599999999999994
vertex 21.845894409383135 8.127328882640597 7.599999999999994
vertex 22.01698935334274 8.099080993068561 7.599999999999994
endloop
endfacet
facet normal -6.123233995736766e-17 0.0 1.0
outer loop
vertex 22.217894057210284 10.952946737555958 7.599999999999994
vertex 22.01698935334274 8.099080993068561 7.599999999999994
vertex 22.18587046952168 8.05970343966603 7.599999999999994
endloop
endfacet
facet normal -6.123233995736766e-17 0.0 1.0
outer loop
vertex 22.923504748063863 10.812592044589875 7.599999999999994
vertex 22.672065029080354 7.876712765061624 7.599999999999994
vertex 22.825 7.794967320028762 7.599999999999994
endloop
endfacet
facet normal -6.123233995736766e-17 0.0 1.0
outer loop
vertex 22.572996771088704 10.894319042217766 7.599999999999994
vertex 22.35181458305338 8.00936484316203 7.599999999999994
vertex 22.51411109576749 7.94828076115491 7.599999999999994
endloop
endfacet
facet normal -6.123233995736766e-17 0.0 1.0
outer loop
vertex 22.217894057210284 10.952946737555958 7.599999999999994
vertex 22.18587046952168 8.05970343966603 7.599999999999994
vertex 22.35181458305338 8.00936484316203 7.599999999999994
endloop
endfacet
facet normal -6.123233995736766e-17 0.0 1.0
outer loop
vertex 22.572996771088704 10.894319042217766 7.599999999999994
vertex 22.51411109576749 7.94828076115491 7.599999999999994
vertex 22.672065029080354 7.876712765061624 7.599999999999994
endloop
endfacet
facet normal -6.123233995736766e-17 0.0 1.0
outer loop
vertex 21.5 11.0 7.599999999999994
vertex 21.5 8.15 7.599999999999994
vertex 21.67331829245988 8.1443261465823 7.599999999999994
endloop
endfacet
facet normal -6.123233995736766e-17 0.0 1.0
outer loop
vertex 22.923504748063863 10.812592044589875 7.599999999999994
vertex 22.972261117501947 7.703394472601744 7.599999999999994
vertex 23.11321778687311 7.602386351771774 7.599999999999994
endloop
endfacet
facet normal -6.123233995736766e-17 0.0 1.0
outer loop
vertex 22.923504748063863 10.812592044589875 7.599999999999994
vertex 22.825 7.794967320028762 7.599999999999994
vertex 22.972261117501947 7.703394472601744 7.599999999999994
endloop
endfacet
facet normal -6.123233995736766e-17 0.0 1.0
outer loop
vertex 24.25 10.263139720814413 7.599999999999994
vertex 23.93258779620451 10.432800078429786 7.599999999999994
vertex 24.09908099306856 6.0169893533427405 7.599999999999994
endloop
endfacet
facet normal -6.123233995736766e-17 0.0 1.0
outer loop
vertex 23.267917059167388 10.708115712223082 7.599999999999994
vertex 23.49237548981929 7.2472664100151825 7.599999999999994
vertex 23.604758878007992 10.581337428812077 7.599999999999994
endloop
endfacet
facet normal -6.123233995736766e-17 0.0 1.0
outer loop
vertex 23.604758878007992 10.581337428812077 7.599999999999994
vertex 23.79496732002876 6.824999999999999 7.599999999999994
vertex 23.93258779620451 10.432800078429786 7.599999999999994
endloop
endfacet
facet normal -6.123233995736766e-17 0.0 1.0
outer loop
vertex 22.217894057210284 10.952946737555958 7.599999999999994
vertex 22.35181458305338 8.00936484316203 7.599999999999994
vertex 22.572996771088704 10.894319042217766 7.599999999999994
endloop
endfacet
facet normal -6.123233995736766e-17 0.0 1.0
outer loop
vertex 22.572996771088704 10.894319042217766 7.599999999999994
vertex 22.672065029080354 7.876712765061624 7.599999999999994
vertex 22.923504748063863 10.812592044589875 7.599999999999994
endloop
endfacet
facet normal -6.123233995736766e-17 0.0 1.0
outer loop
vertex 21.5 11.0 7.599999999999994
vertex 21.67331829245988 8.1443261465823 7.599999999999994
vertex 21.859717210765787 10.988224077812319 7.599999999999994
endloop
endfacet
facet normal -6.123233995736766e-17 0.0 1.0
outer loop
vertex 21.859717210765787 10.988224077812319 7.599999999999994
vertex 22.01698935334274 8.099080993068561 7.599999999999994
vertex 22.217894057210284 10.952946737555958 7.599999999999994
endloop
endfacet
facet normal -6.123233995736766e-17 0.0 1.0
outer loop
vertex 22.923504748063863 10.812592044589875 7.599999999999994
vertex 23.11321778687311 7.602386351771774 7.599999999999994
vertex 23.267917059167388 10.708115712223082 7.599999999999994
endloop
endfacet
facet normal 0.03271908282177688 -0.9994645874763658 2.00346600243631e-18
outer loop
vertex 21.5 0.0 7.599999999999994
vertex 21.859717210765787 0.011775922187680976 0.0
vertex 21.859717210765787 0.011775922187680976 7.599999999999994
endloop
endfacet
facet normal 0.09801714032955924 -0.9951847266721972 6.0018188583085835e-18
outer loop
vertex 21.859717210765787 0.011775922187680976 7.599999999999994
vertex 22.217894057210284 0.04705326244404251 0.0
vertex 22.217894057210284 0.04705326244404251 7.599999999999994
endloop
endfacet
facet normal 0.16289547339459043 -0.9866433320848789 9.9744710044139e-18
outer loop
vertex 22.217894057210284 0.04705326244404251 7.599999999999994
vertex 22.572996771088704 0.10568095778223263 0.0
vertex 22.572996771088704 0.10568095778223263 7.599999999999994
endloop
endfacet
facet normal 0.22707626303437353 -0.9738769792773337 1.39044109343694e-17
outer loop
vertex 22.572996771088704 0.10568095778223263 7.599999999999994
vertex 22.923504748063863 0.18740795541012467 0.0
vertex 22.923504748063863 0.18740795541012467 7.599999999999994
endloop
endfacet
facet normal 0.2902846772544598 -0.9569403357322097 1.7774810042059833e-17
outer loop
vertex 22.923504748063863 0.18740795541012467 7.599999999999994
vertex 23.267917059167388 0.2918842877769183 0.0
vertex 23.267917059167388 0.2918842877769183 7.599999999999994
endloop
endfacet
facet normal 0.3522500479212363 -0.9359059267573248 2.1569094684312196e-17
outer loop
vertex 23.267917059167388 0.2918842877769183 7.599999999999994
vertex 23.604758878007992 0.41866257118792305 0.0
vertex 23.604758878007992 0.41866257118792305 7.599999999999994
endloop
endfacet
facet normal 0.4127070298043911 -0.9108638249211775 2.5271017151777944e-17
outer loop
vertex 23.604758878007992 0.41866257118792305 7.599999999999994
vertex 23.93258779620451 0.5671999215702144 0.0
vertex 23.93258779620451 0.5671999215702144 7.599999999999994
endloop
endfacet
facet normal 0.4713967368259976 -0.8819212643483553 2.886472524412326e-17
outer loop
vertex 23.93258779620451 0.5671999215702144 7.599999999999994
vertex 24.25 0.7368602791855867 0.0
vertex 24.25 0.7368602791855867 7.599999999999994
endloop
endfacet
facet normal 0.5280678506503715 -0.8492021815265766 3.2334830151580004e-17
outer loop
vertex 24.25 0.7368602791855867 7.599999999999994
vertex 24.55563628160781 0.9269171323360013 0.0
vertex 24.55563628160781 0.9269171323360013 7.599999999999994
endloop
endfacet
facet normal 0.5824776968678015 -0.8128466845916158 3.5666472352193766e-17
outer loop
vertex 24.55563628160781 0.9269171323360013 7.599999999999994
vertex 24.848187859547963 1.136556628398207 0.0
vertex 24.848187859547963 1.136556628398207 7.599999999999994
endloop
endfacet
facet normal 0.6343932841636439 -0.7730104533627383 3.884538524257919e-17
outer loop
vertex 24.848187859547963 1.136556628398207 7.599999999999994
vertex 25.12640198305038 1.364881058865624 0.0
vertex 25.12640198305038 1.364881058865624 7.599999999999994
endloop
endfacet
facet normal 0.683592302022873 -0.7298640726978342 4.1857956229704115e-17
outer loop
vertex 25.12640198305038 1.364881058865624 7.599999999999994
vertex 25.38908729652601 1.6109127034739892 0.0
vertex 25.38908729652601 1.6109127034739892 7.599999999999994
endloop
endfacet
facet normal 0.7298640726978342 -0.683592302022873 4.469128502210269e-17
outer loop
vertex 25.38908729652601 1.6109127034739892 7.599999999999994
vertex 25.635118941134376 1.8735980169496216 0.0
vertex 25.635118941134376 1.8735980169496216 7.599999999999994
endloop
endfacet
facet normal 0.7730104533627374 -0.6343932841636452 4.7333238870906036e-17
outer loop
vertex 25.635118941134376 1.8735980169496216 7.599999999999994
vertex 25.863443371601793 2.1518121404520363 0.0
vertex 25.863443371601793 2.1518121404520363 7.599999999999994
endloop
endfacet
facet normal 0.8128466845916164 -0.5824776968678009 4.9772504524133056e-17
outer loop
vertex 25.863443371601793 2.1518121404520363 7.599999999999994
vertex 25.863443371601793 2.1518121404520363 0.0
vertex 25.96963329003227 2.3000000000000007 7.599999999999994
endloop
endfacet
facet normal 0.7298640726978342 0.683592302022873 4.469128502210269e-17
outer loop
vertex 25.38908729652601 9.38908729652601 7.599999999999994
vertex 25.635118941134376 9.126401983050378 7.599999999999994
vertex 25.38908729652601 9.38908729652601 0.0
endloop
endfacet
facet normal 0.8128466845916111 0.5824776968678078 4.977250452413274e-17
outer loop
vertex 25.863443371601793 8.848187859547963 7.599999999999994
vertex 25.96963329003227 8.700000000000001 7.599999999999994
vertex 25.96963329003227 8.700000000000001 0.0
endloop
endfacet
facet normal 0.7730104533627383 0.6343932841636439 4.733323887090609e-17
outer loop
vertex 25.863443371601793 8.848187859547963 7.599999999999994
vertex 25.635118941134376 9.126401983050378 0.0
vertex 25.635118941134376 9.126401983050378 7.599999999999994
endloop
endfacet
facet normal 0.5824776968678032 0.8128466845916145 3.566647235219387e-17
outer loop
vertex 24.848187859547963 9.863443371601793 7.599999999999994
vertex 24.848187859547963 9.863443371601793 0.0
vertex 24.7 9.96963329003227 7.599999999999994
endloop
endfacet
facet normal 0.683592302022873 0.7298640726978342 4.1857956229704115e-17
outer loop
vertex 25.38908729652601 9.38908729652601 7.599999999999994
vertex 25.12640198305038 9.635118941134376 0.0
vertex 25.12640198305038 9.635118941134376 7.599999999999994
endloop
endfacet
facet normal 0.6343932841636439 0.7730104533627383 3.884538524257919e-17
outer loop
vertex 24.848187859547963 9.863443371601793 7.599999999999994
vertex 25.12640198305038 9.635118941134376 7.599999999999994
vertex 24.848187859547963 9.863443371601793 0.0
endloop
endfacet
facet normal -0.5280678506503694 -0.849202181526578 -3.2334830151579875e-17
outer loop
vertex 18.44436371839219 0.9269171323360013 7.599999999999994
vertex 18.44436371839219 0.9269171323360013 0.0
vertex 18.75 0.7368602791855867 0.0
endloop
endfacet
facet normal -0.6343932841636439 -0.7730104533627383 -3.884538524257919e-17
outer loop
vertex 17.87359801694962 1.364881058865624 7.599999999999994
vertex 17.87359801694962 1.364881058865624 0.0
vertex 18.151812140452037 1.136556628398207 0.0
endloop
endfacet
facet normal -0.5824776968678038 -0.8128466845916142 -3.566647235219391e-17
outer loop
vertex 18.151812140452037 1.136556628398207 7.599999999999994
vertex 18.151812140452037 1.136556628398207 0.0
vertex 18.44436371839219 0.9269171323360013 0.0
endloop
endfacet
facet normal -0.683592302022873 -0.7298640726978342 -4.1857956229704115e-17
outer loop
vertex 17.61091270347399 1.6109127034739892 7.599999999999994
vertex 17.61091270347399 1.6109127034739892 0.0
vertex 17.87359801694962 1.364881058865624 0.0
endloop
endfacet
facet normal -0.3522500479212347 -0.9359059267573253 -2.1569094684312094e-17
outer loop
vertex 19.395241121992008 0.41866257118792305 7.599999999999994
vertex 19.395241121992008 0.41866257118792305 0.0
vertex 19.732082940832612 0.2918842877769183 0.0
endloop
endfacet
facet normal -0.29028467725446117 -0.9569403357322093 -1.777481004205992e-17
outer loop
vertex 19.732082940832612 0.2918842877769183 7.599999999999994
vertex 19.732082940832612 0.2918842877769183 0.0
vertex 20.076495251936137 0.18740795541012467 0.0
endloop
endfacet
facet normal -0.4127070298043949 -0.9108638249211758 -2.5271017151778176e-17
outer loop
vertex 19.06741220379549 0.5671999215702144 7.599999999999994
vertex 19.06741220379549 0.5671999215702144 0.0
vertex 19.395241121992008 0.41866257118792305 0.0
endloop
endfacet
facet normal -0.4713967368259955 -0.8819212643483563 -2.886472524412313e-17
outer loop
vertex 18.75 0.7368602791855867 7.599999999999994
vertex 18.75 0.7368602791855867 0.0
vertex 19.06741220379549 0.5671999215702144 0.0
endloop
endfacet
facet normal -0.22707626303437353 -0.9738769792773337 -1.39044109343694e-17
outer loop
vertex 20.076495251936137 0.18740795541012467 7.599999999999994
vertex 20.076495251936137 0.18740795541012467 0.0
vertex 20.427003228911296 0.10568095778223263 0.0
endloop
endfacet
facet normal -0.16289547339458965 -0.986643332084879 -9.974471004413853e-18
outer loop
vertex 20.427003228911296 0.10568095778223263 7.599999999999994
vertex 20.427003228911296 0.10568095778223263 0.0
vertex 20.782105942789716 0.04705326244404251 0.0
endloop
endfacet
facet normal -0.09801714032955924 -0.9951847266721972 -6.0018188583085835e-18
outer loop
vertex 20.782105942789716 0.04705326244404251 7.599999999999994
vertex 20.782105942789716 0.04705326244404251 0.0
vertex 21.140282789234213 0.011775922187680976 0.0
endloop
endfacet
facet normal -0.03271908282177688 -0.9994645874763658 -2.00346600243631e-18
outer loop
vertex 21.140282789234213 0.011775922187680976 7.599999999999994
vertex 21.140282789234213 0.011775922187680976 0.0
vertex 21.5 0.0 0.0
endloop
endfacet
facet normal -0.7298640726978342 -0.683592302022873 -4.469128502210269e-17
outer loop
vertex 17.364881058865624 1.8735980169496216 7.599999999999994
vertex 17.364881058865624 1.8735980169496216 0.0
vertex 17.61091270347399 1.6109127034739892 0.0
endloop
endfacet
facet normal -0.7730104533627374 -0.6343932841636452 -4.7333238870906036e-17
outer loop
vertex 17.136556628398207 2.1518121404520363 7.599999999999994
vertex 17.136556628398207 2.1518121404520363 0.0
vertex 17.364881058865624 1.8735980169496216 0.0
endloop
endfacet
facet normal -0.8128466845916164 -0.5824776968678009 -4.9772504524133056e-17
outer loop
vertex 17.136556628398207 2.1518121404520363 7.599999999999994
vertex 17.03036670996773 2.3000000000000007 0.0
vertex 17.136556628398207 2.1518121404520363 0.0
endloop
endfacet
facet normal -0.812846684591616 0.5824776968678014 -4.977250452413304e-17
outer loop
vertex 17.03036670996773 8.700000000000001 7.599999999999994
vertex 17.136556628398207 8.848187859547963 0.0
vertex 17.03036670996773 8.700000000000001 0.0
endloop
endfacet
facet normal -0.7730104533627383 0.6343932841636439 -4.733323887090609e-17
outer loop
vertex 17.364881058865624 9.126401983050378 7.599999999999994
vertex 17.364881058865624 9.126401983050378 0.0
vertex 17.136556628398207 8.848187859547963 0.0
endloop
endfacet
facet normal -0.7298640726978342 0.683592302022873 -4.469128502210269e-17
outer loop
vertex 17.61091270347399 9.38908729652601 7.599999999999994
vertex 17.61091270347399 9.38908729652601 0.0
vertex 17.364881058865624 9.126401983050378 0.0
endloop
endfacet
facet normal -0.683592302022873 0.7298640726978342 -4.1857956229704115e-17
outer loop
vertex 17.87359801694962 9.635118941134376 7.599999999999994
vertex 17.87359801694962 9.635118941134376 0.0
vertex 17.61091270347399 9.38908729652601 0.0
endloop
endfacet
facet normal -0.6343932841636439 0.7730104533627383 -3.884538524257919e-17
outer loop
vertex 18.151812140452037 9.863443371601793 7.599999999999994
vertex 18.151812140452037 9.863443371601793 0.0
vertex 17.87359801694962 9.635118941134376 0.0
endloop
endfacet
facet normal -0.5824776968678032 0.8128466845916145 -3.566647235219387e-17
outer loop
vertex 18.151812140452037 9.863443371601793 7.599999999999994
vertex 18.3 9.96963329003227 0.0
vertex 18.151812140452037 9.863443371601793 0.0
endloop
endfacet
facet normal 6.123233995736766e-17 0.0 -1.0
outer loop
vertex 20.076495251936137 0.18740795541012467 0.0
vertex 19.732082940832612 0.2918842877769183 0.0
vertex 20.027738882498056 3.2966055273982553 0.0
endloop
endfacet
facet normal 6.123233995736766e-17 0.0 -1.0
outer loop
vertex 19.395241121992008 0.41866257118792305 0.0
vertex 19.06741220379549 0.5671999215702144 0.0
vertex 19.296605527398256 4.0277388824980545 0.0
endloop
endfacet
facet normal 6.123233995736766e-17 0.0 -1.0
outer loop
vertex 19.395241121992008 0.41866257118792305 0.0
vertex 19.62616702985565 3.626167029855649 0.0
vertex 19.732082940832612 0.2918842877769183 0.0
endloop
endfacet
facet normal 6.123233995736766e-17 0.0 -1.0
outer loop
vertex 20.427003228911296 0.10568095778223263 0.0
vertex 20.81412953047832 2.9402965603339695 0.0
vertex 20.782105942789716 0.04705326244404251 0.0
endloop
endfacet
facet normal 6.123233995736766e-17 0.0 -1.0
outer loop
vertex 20.076495251936137 0.18740795541012467 0.0
vertex 20.48588890423251 3.0517192388450898 0.0
vertex 20.427003228911296 0.10568095778223263 0.0
endloop
endfacet
facet normal 6.123233995736766e-17 0.0 -1.0
outer loop
vertex 20.782105942789716 0.04705326244404251 0.0
vertex 21.154105590616865 2.8726711173594026 0.0
vertex 21.140282789234213 0.011775922187680976 0.0
endloop
endfacet
facet normal 6.123233995736766e-17 0.0 -1.0
outer loop
vertex 21.140282789234213 0.011775922187680976 0.0
vertex 21.5 2.8499999999999996 0.0
vertex 21.5 0.0 0.0
endloop
endfacet
facet normal 6.123233995736766e-17 0.0 -1.0
outer loop
vertex 18.75 0.7368602791855867 0.0
vertex 18.94029656033397 4.81412953047832 0.0
vertex 19.06741220379549 0.5671999215702144 0.0
endloop
endfacet
facet normal 6.123233995736766e-17 0.0 -1.0
outer loop
vertex 20.076495251936137 0.18740795541012467 0.0
vertex 20.027738882498056 3.2966055273982553 0.0
vertex 20.175 3.2050326799712376 0.0
endloop
endfacet
facet normal 6.123233995736766e-17 0.0 -1.0
outer loop
vertex 19.732082940832612 0.2918842877769183 0.0
vertex 19.886782213126892 3.3976136482282264 0.0
vertex 20.027738882498056 3.2966055273982553 0.0
endloop
endfacet
facet normal 6.123233995736766e-17 0.0 -1.0
outer loop
vertex 19.732082940832612 0.2918842877769183 0.0
vertex 19.752733589984818 3.50762451018071 0.0
vertex 19.886782213126892 3.3976136482282264 0.0
endloop
endfacet
facet normal 6.123233995736766e-17 0.0 -1.0
outer loop
vertex 19.732082940832612 0.2918842877769183 0.0
vertex 19.62616702985565 3.626167029855649 0.0
vertex 19.752733589984818 3.50762451018071 0.0
endloop
endfacet
facet normal 6.123233995736766e-17 0.0 -1.0
outer loop
vertex 20.076495251936137 0.18740795541012467 0.0
vertex 20.327934970919646 3.123287234938376 0.0
vertex 20.48588890423251 3.0517192388450898 0.0
endloop
endfacet
facet normal 6.123233995736766e-17 0.0 -1.0
outer loop
vertex 20.427003228911296 0.10568095778223263 0.0
vertex 20.48588890423251 3.0517192388450898 0.0
vertex 20.64818541694662 2.9906351568379694 0.0
endloop
endfacet
facet normal 6.123233995736766e-17 0.0 -1.0
outer loop
vertex 20.427003228911296 0.10568095778223263 0.0
vertex 20.64818541694662 2.9906351568379694 0.0
vertex 20.81412953047832 2.9402965603339695 0.0
endloop
endfacet
facet normal 6.123233995736766e-17 0.0 -1.0
outer loop
vertex 20.782105942789716 0.04705326244404251 0.0
vertex 20.98301064665726 2.9009190069314394 0.0
vertex 21.154105590616865 2.8726711173594026 0.0
endloop
endfacet
facet normal 6.123233995736766e-17 0.0 -1.0
outer loop
vertex 21.140282789234213 0.011775922187680976 0.0
vertex 21.154105590616865 2.8726711173594026 0.0
vertex 21.32668170754012 2.8556738534177004 0.0
endloop
endfacet
facet normal 6.123233995736766e-17 0.0 -1.0
outer loop
vertex 21.140282789234213 0.011775922187680976 0.0
vertex 21.32668170754012 2.8556738534177004 0.0
vertex 21.5 2.8499999999999996 0.0
endloop
endfacet
facet normal 6.123233995736766e-17 0.0 -1.0
outer loop
vertex 20.782105942789716 0.04705326244404251 0.0
vertex 20.81412953047832 2.9402965603339695 0.0
vertex 20.98301064665726 2.9009190069314394 0.0
endloop
endfacet
facet normal 6.123233995736766e-17 0.0 -1.0
outer loop
vertex 20.076495251936137 0.18740795541012467 0.0
vertex 20.175 3.2050326799712376 0.0
vertex 20.327934970919646 3.123287234938376 0.0
endloop
endfacet
facet normal 6.123233995736766e-17 0.0 -1.0
outer loop
vertex 19.395241121992008 0.41866257118792305 0.0
vertex 19.397613648228226 3.8867822131268905 0.0
vertex 19.50762451018071 3.7527335899848175 0.0
endloop
endfacet
facet normal 6.123233995736766e-17 0.0 -1.0
outer loop
vertex 19.395241121992008 0.41866257118792305 0.0
vertex 19.296605527398256 4.0277388824980545 0.0
vertex 19.397613648228226 3.8867822131268905 0.0
endloop
endfacet
facet normal 6.123233995736766e-17 0.0 -1.0
outer loop
vertex 19.06741220379549 0.5671999215702144 0.0
vertex 19.123287234938374 4.327934970919646 0.0
vertex 19.20503267997124 4.175000000000001 0.0
endloop
endfacet
facet normal 6.123233995736766e-17 0.0 -1.0
outer loop
vertex 19.06741220379549 0.5671999215702144 0.0
vertex 19.20503267997124 4.175000000000001 0.0
vertex 19.296605527398256 4.0277388824980545 0.0
endloop
endfacet
facet normal 6.123233995736766e-17 0.0 -1.0
outer loop
vertex 19.395241121992008 0.41866257118792305 0.0
vertex 19.50762451018071 3.7527335899848175 0.0
vertex 19.62616702985565 3.626167029855649 0.0
endloop
endfacet
facet normal 6.123233995736766e-17 0.0 -1.0
outer loop
vertex 19.06741220379549 0.5671999215702144 0.0
vertex 19.051719238845088 4.485888904232512 0.0
vertex 19.123287234938374 4.327934970919646 0.0
endloop
endfacet
facet normal 6.123233995736766e-17 0.0 -1.0
outer loop
vertex 19.06741220379549 0.5671999215702144 0.0
vertex 18.990635156837968 4.648185416946621 0.0
vertex 19.051719238845088 4.485888904232512 0.0
endloop
endfacet
facet normal 6.123233995736766e-17 0.0 -1.0
outer loop
vertex 19.06741220379549 0.5671999215702144 0.0
vertex 18.94029656033397 4.81412953047832 0.0
vertex 18.990635156837968 4.648185416946621 0.0
endloop
endfacet
facet normal 6.123233995736766e-17 0.0 -1.0
outer loop
vertex 16.105680957782234 4.427003228911294 0.0
vertex 16.04705326244404 4.782105942789716 0.0
vertex 16.04705326244404 6.217894057210284 0.0
endloop
endfacet
facet normal 6.123233995736766e-17 0.0 -1.0
outer loop
vertex 16.04705326244404 4.782105942789716 0.0
vertex 16.01177592218768 5.140282789234213 0.0
vertex 16.01177592218768 5.859717210765787 0.0
endloop
endfacet
facet normal 6.123233995736766e-17 0.0 -1.0
outer loop
vertex 16.01177592218768 5.140282789234213 0.0
vertex 16.0 5.5 0.0
vertex 16.01177592218768 5.859717210765787 0.0
endloop
endfacet
facet normal 6.123233995736766e-17 0.0 -1.0
outer loop
vertex 16.04705326244404 4.782105942789716 0.0
vertex 16.01177592218768 5.859717210765787 0.0
vertex 16.04705326244404 6.217894057210284 0.0
endloop
endfacet
facet normal 6.123233995736766e-17 0.0 -1.0
outer loop
vertex 16.105680957782234 4.427003228911294 0.0
vertex 16.04705326244404 6.217894057210284 0.0
vertex 16.105680957782234 6.572996771088706 0.0
endloop
endfacet
facet normal 6.123233995736766e-17 0.0 -1.0
outer loop
vertex 17.61091270347399 1.6109127034739892 0.0
vertex 17.364881058865624 1.8735980169496216 0.0
vertex 17.364881058865624 9.126401983050378 0.0
endloop
endfacet
facet normal 6.123233995736766e-17 0.0 -1.0
outer loop
vertex 17.364881058865624 1.8735980169496216 0.0
vertex 17.136556628398207 2.1518121404520363 0.0
vertex 17.136556628398207 8.848187859547963 0.0
endloop
endfacet
facet normal 6.123233995736766e-17 0.0 -1.0
outer loop
vertex 18.151812140452037 1.136556628398207 0.0
vertex 17.87359801694962 1.364881058865624 0.0
vertex 17.87359801694962 9.635118941134376 0.0
endloop
endfacet
facet normal 6.123233995736766e-17 0.0 -1.0
outer loop
vertex 17.87359801694962 1.364881058865624 0.0
vertex 17.61091270347399 1.6109127034739892 0.0
vertex 17.61091270347399 9.38908729652601 0.0
endloop
endfacet
facet normal 6.123233995736766e-17 0.0 -1.0
outer loop
vertex 18.44436371839219 0.9269171323360013 0.0
vertex 18.151812140452037 1.136556628398207 0.0
vertex 18.151812140452037 9.863443371601793 0.0
endloop
endfacet
facet normal 6.123233995736766e-17 0.0 -1.0
outer loop
vertex 18.75 0.7368602791855867 0.0
vertex 18.44436371839219 0.9269171323360013 0.0
vertex 18.44436371839219 10.073082867663999 0.0
endloop
endfacet
facet normal 6.123233995736766e-17 0.0 -1.0
outer loop
vertex 16.736860279185585 2.75 0.0
vertex 16.567199921570214 3.0674122037954934 0.0
vertex 16.567199921570214 7.932587796204507 0.0
endloop
endfacet
facet normal 6.123233995736766e-17 0.0 -1.0
outer loop
vertex 16.567199921570214 3.0674122037954934 0.0
vertex 16.418662571187923 3.3952411219920062 0.0
vertex 16.418662571187923 7.604758878007994 0.0
endloop
endfacet
facet normal 6.123233995736766e-17 0.0 -1.0
outer loop
vertex 17.03036670996773 2.3000000000000007 0.0
vertex 16.926917132336 2.4443637183921876 0.0
vertex 16.926917132336 8.555636281607812 0.0
endloop
endfacet
facet normal 6.123233995736766e-17 0.0 -1.0
outer loop
vertex 17.136556628398207 2.1518121404520363 0.0
vertex 17.03036670996773 2.3000000000000007 0.0
vertex 16.926917132336 8.555636281607812 0.0
endloop
endfacet
facet normal 6.123233995736766e-17 0.0 -1.0
outer loop
vertex 16.926917132336 2.4443637183921876 0.0
vertex 16.736860279185585 2.75 0.0
vertex 16.736860279185585 8.25 0.0
endloop
endfacet
facet normal 6.123233995736766e-17 0.0 -1.0
outer loop
vertex 16.418662571187923 3.3952411219920062 0.0
vertex 16.291884287776917 3.732082940832612 0.0
vertex 16.291884287776917 7.267917059167388 0.0
endloop
endfacet
facet normal 6.123233995736766e-17 0.0 -1.0
outer loop
vertex 16.291884287776917 3.732082940832612 0.0
vertex 16.187407955410123 4.0764952519361355 0.0
vertex 16.187407955410123 6.9235047480638645 0.0
endloop
endfacet
facet normal 6.123233995736766e-17 0.0 -1.0
outer loop
vertex 16.105680957782234 4.427003228911294 0.0
vertex 16.105680957782234 6.572996771088706 0.0
vertex 16.187407955410123 4.0764952519361355 0.0
endloop
endfacet
facet normal 6.123233995736766e-17 0.0 -1.0
outer loop
vertex 18.75 0.7368602791855867 0.0
vertex 18.90091900693144 4.9830106466572595 0.0
vertex 18.94029656033397 4.81412953047832 0.0
endloop
endfacet
facet normal 6.123233995736766e-17 0.0 -1.0
outer loop
vertex 18.75 0.7368602791855867 0.0
vertex 18.872671117359403 5.154105590616863 0.0
vertex 18.90091900693144 4.9830106466572595 0.0
endloop
endfacet
facet normal 6.123233995736766e-17 0.0 -1.0
outer loop
vertex 18.75 0.7368602791855867 0.0
vertex 18.8556738534177 5.326681707540121 0.0
vertex 18.872671117359403 5.154105590616863 0.0
endloop
endfacet
facet normal 6.123233995736766e-17 0.0 -1.0
outer loop
vertex 18.75 0.7368602791855867 0.0
vertex 18.85 5.5 0.0
vertex 18.8556738534177 5.326681707540121 0.0
endloop
endfacet
facet normal 6.123233995736766e-17 0.0 -1.0
outer loop
vertex 16.105680957782234 6.572996771088706 0.0
vertex 16.187407955410123 6.9235047480638645 0.0
vertex 16.187407955410123 4.0764952519361355 0.0
endloop
endfacet
facet normal 6.123233995736766e-17 0.0 -1.0
outer loop
vertex 16.291884287776917 3.732082940832612 0.0
vertex 16.187407955410123 6.9235047480638645 0.0
vertex 16.291884287776917 7.267917059167388 0.0
endloop
endfacet
facet normal 6.123233995736766e-17 0.0 -1.0
outer loop
vertex 18.75 0.7368602791855867 0.0
vertex 18.75 10.263139720814413 0.0
vertex 18.85 5.5 0.0
endloop
endfacet
facet normal 6.123233995736766e-17 0.0 -1.0
outer loop
vertex 16.418662571187923 3.3952411219920062 0.0
vertex 16.291884287776917 7.267917059167388 0.0
vertex 16.418662571187923 7.604758878007994 0.0
endloop
endfacet
facet normal 6.123233995736766e-17 0.0 -1.0
outer loop
vertex 16.567199921570214 3.0674122037954934 0.0
vertex 16.418662571187923 7.604758878007994 0.0
vertex 16.567199921570214 7.932587796204507 0.0
endloop
endfacet
facet normal 6.123233995736766e-17 0.0 -1.0
outer loop
vertex 16.736860279185585 2.75 0.0
vertex 16.567199921570214 7.932587796204507 0.0
vertex 16.736860279185585 8.25 0.0
endloop
endfacet
facet normal 6.123233995736766e-17 0.0 -1.0
outer loop
vertex 16.926917132336 2.4443637183921876 0.0
vertex 16.736860279185585 8.25 0.0
vertex 16.926917132336 8.555636281607812 0.0
endloop
endfacet
facet normal 6.123233995736766e-17 0.0 -1.0
outer loop
vertex 17.136556628398207 2.1518121404520363 0.0
vertex 16.926917132336 8.555636281607812 0.0
vertex 17.03036670996773 8.700000000000001 0.0
endloop
endfacet
facet normal 6.123233995736766e-17 0.0 -1.0
outer loop
vertex 17.136556628398207 2.1518121404520363 0.0
vertex 17.03036670996773 8.700000000000001 0.0
vertex 17.136556628398207 8.848187859547963 0.0
endloop
endfacet
facet normal 6.123233995736766e-17 0.0 -1.0
outer loop
vertex 17.364881058865624 1.8735980169496216 0.0
vertex 17.136556628398207 8.848187859547963 0.0
vertex 17.364881058865624 9.126401983050378 0.0
endloop
endfacet
facet normal 6.123233995736766e-17 0.0 -1.0
outer loop
vertex 17.61091270347399 1.6109127034739892 0.0
vertex 17.364881058865624 9.126401983050378 0.0
vertex 17.61091270347399 9.38908729652601 0.0
endloop
endfacet
facet normal 6.123233995736766e-17 0.0 -1.0
outer loop
vertex 17.87359801694962 1.364881058865624 0.0
vertex 17.61091270347399 9.38908729652601 0.0
vertex 17.87359801694962 9.635118941134376 0.0
endloop
endfacet
facet normal 6.123233995736766e-17 0.0 -1.0
outer loop
vertex 18.151812140452037 1.136556628398207 0.0
vertex 17.87359801694962 9.635118941134376 0.0
vertex 18.151812140452037 9.863443371601793 0.0
endloop
endfacet
facet normal 6.123233995736766e-17 0.0 -1.0
outer loop
vertex 18.44436371839219 0.9269171323360013 0.0
vertex 18.151812140452037 9.863443371601793 0.0
vertex 18.3 9.96963329003227 0.0
endloop
endfacet
facet normal 6.123233995736766e-17 0.0 -1.0
outer loop
vertex 18.44436371839219 0.9269171323360013 0.0
vertex 18.3 9.96963329003227 0.0
vertex 18.44436371839219 10.073082867663999 0.0
endloop
endfacet
facet normal 6.123233995736766e-17 0.0 -1.0
outer loop
vertex 18.75 0.7368602791855867 0.0
vertex 18.44436371839219 10.073082867663999 0.0
vertex 18.75 10.263139720814413 0.0
endloop
endfacet
facet normal 6.123233995736766e-17 0.0 -1.0
outer loop
vertex 18.75 10.263139720814413 0.0
vertex 18.8556738534177 5.673318292459879 0.0
vertex 18.85 5.5 0.0
endloop
endfacet
facet normal 6.123233995736766e-17 0.0 -1.0
outer loop
vertex 18.75 10.263139720814413 0.0
vertex 18.872671117359403 5.845894409383137 0.0
vertex 18.8556738534177 5.673318292459879 0.0
endloop
endfacet
facet normal 6.123233995736766e-17 0.0 -1.0
outer loop
vertex 18.75 10.263139720814413 0.0
vertex 18.90091900693144 6.0169893533427405 0.0
vertex 18.872671117359403 5.845894409383137 0.0
endloop
endfacet
facet normal 6.123233995736766e-17 0.0 -1.0
outer loop
vertex 18.75 10.263139720814413 0.0
vertex 18.94029656033397 6.18587046952168 0.0
vertex 18.90091900693144 6.0169893533427405 0.0
endloop
endfacet
facet normal 6.123233995736766e-17 0.0 -1.0
outer loop
vertex 18.75 10.263139720814413 0.0
vertex 18.990635156837968 6.351814583053379 0.0
vertex 18.94029656033397 6.18587046952168 0.0
endloop
endfacet
facet normal 6.123233995736766e-17 0.0 -1.0
outer loop
vertex 18.75 10.263139720814413 0.0
vertex 19.051719238845088 6.514111095767488 0.0
vertex 18.990635156837968 6.351814583053379 0.0
endloop
endfacet
facet normal 6.123233995736766e-17 0.0 -1.0
outer loop
vertex 19.06741220379549 10.432800078429786 0.0
vertex 19.123287234938374 6.672065029080354 0.0
vertex 19.051719238845088 6.514111095767488 0.0
endloop
endfacet
facet normal 6.123233995736766e-17 0.0 -1.0
outer loop
vertex 19.06741220379549 10.432800078429786 0.0
vertex 19.20503267997124 6.824999999999999 0.0
vertex 19.123287234938374 6.672065029080354 0.0
endloop
endfacet
facet normal 6.123233995736766e-17 0.0 -1.0
outer loop
vertex 19.06741220379549 10.432800078429786 0.0
vertex 19.296605527398256 6.9722611175019455 0.0
vertex 19.20503267997124 6.824999999999999 0.0
endloop
endfacet
facet normal 6.123233995736766e-17 0.0 -1.0
outer loop
vertex 19.395241121992008 10.581337428812077 0.0
vertex 19.397613648228226 7.1132177868731095 0.0
vertex 19.296605527398256 6.9722611175019455 0.0
endloop
endfacet
facet normal 6.123233995736766e-17 0.0 -1.0
outer loop
vertex 19.395241121992008 10.581337428812077 0.0
vertex 19.50762451018071 7.2472664100151825 0.0
vertex 19.397613648228226 7.1132177868731095 0.0
endloop
endfacet
facet normal 6.123233995736766e-17 0.0 -1.0
outer loop
vertex 19.395241121992008 10.581337428812077 0.0
vertex 19.62616702985565 7.373832970144351 0.0
vertex 19.50762451018071 7.2472664100151825 0.0
endloop
endfacet
facet normal 6.123233995736766e-17 0.0 -1.0
outer loop
vertex 19.732082940832612 10.708115712223082 0.0
vertex 19.752733589984818 7.49237548981929 0.0
vertex 19.62616702985565 7.373832970144351 0.0
endloop
endfacet
facet normal 6.123233995736766e-17 0.0 -1.0
outer loop
vertex 19.732082940832612 10.708115712223082 0.0
vertex 19.886782213126892 7.602386351771774 0.0
vertex 19.752733589984818 7.49237548981929 0.0
endloop
endfacet
facet normal 6.123233995736766e-17 0.0 -1.0
outer loop
vertex 18.75 10.263139720814413 0.0
vertex 19.06741220379549 10.432800078429786 0.0
vertex 19.051719238845088 6.514111095767488 0.0
endloop
endfacet
facet normal 6.123233995736766e-17 0.0 -1.0
outer loop
vertex 19.732082940832612 10.708115712223082 0.0
vertex 20.027738882498056 7.703394472601744 0.0
vertex 19.886782213126892 7.602386351771774 0.0
endloop
endfacet
facet normal 6.123233995736766e-17 0.0 -1.0
outer loop
vertex 20.076495251936137 10.812592044589875 0.0
vertex 20.175 7.794967320028762 0.0
vertex 20.027738882498056 7.703394472601744 0.0
endloop
endfacet
facet normal 6.123233995736766e-17 0.0 -1.0
outer loop
vertex 19.06741220379549 10.432800078429786 0.0
vertex 19.395241121992008 10.581337428812077 0.0
vertex 19.296605527398256 6.9722611175019455 0.0
endloop
endfacet
facet normal 6.123233995736766e-17 0.0 -1.0
outer loop
vertex 20.076495251936137 10.812592044589875 0.0
vertex 20.327934970919646 7.876712765061624 0.0
vertex 20.175 7.794967320028762 0.0
endloop
endfacet
facet normal 6.123233995736766e-17 0.0 -1.0
outer loop
vertex 20.427003228911296 10.894319042217766 0.0
vertex 20.48588890423251 7.94828076115491 0.0
vertex 20.327934970919646 7.876712765061624 0.0
endloop
endfacet
facet normal 6.123233995736766e-17 0.0 -1.0
outer loop
vertex 20.427003228911296 10.894319042217766 0.0
vertex 20.64818541694662 8.00936484316203 0.0
vertex 20.48588890423251 7.94828076115491 0.0
endloop
endfacet
facet normal 6.123233995736766e-17 0.0 -1.0
outer loop
vertex 20.782105942789716 10.952946737555958 0.0
vertex 20.81412953047832 8.05970343966603 0.0
vertex 20.64818541694662 8.00936484316203 0.0
endloop
endfacet
facet normal 6.123233995736766e-17 0.0 -1.0
outer loop
vertex 20.782105942789716 10.952946737555958 0.0
vertex 20.98301064665726 8.099080993068561 0.0
vertex 20.81412953047832 8.05970343966603 0.0
endloop
endfacet
facet normal 6.123233995736766e-17 0.0 -1.0
outer loop
vertex 21.140282789234213 10.988224077812319 0.0
vertex 21.154105590616865 8.127328882640597 0.0
vertex 20.98301064665726 8.099080993068561 0.0
endloop
endfacet
facet normal 6.123233995736766e-17 0.0 -1.0
outer loop
vertex 21.140282789234213 10.988224077812319 0.0
vertex 21.32668170754012 8.1443261465823 0.0
vertex 21.154105590616865 8.127328882640597 0.0
endloop
endfacet
facet normal 6.123233995736766e-17 0.0 -1.0
outer loop
vertex 21.5 11.0 0.0
vertex 21.5 8.15 0.0
vertex 21.32668170754012 8.1443261465823 0.0
endloop
endfacet
facet normal 6.123233995736766e-17 0.0 -1.0
outer loop
vertex 19.395241121992008 10.581337428812077 0.0
vertex 19.732082940832612 10.708115712223082 0.0
vertex 19.62616702985565 7.373832970144351 0.0
endloop
endfacet
facet normal 6.123233995736766e-17 0.0 -1.0
outer loop
vertex 19.732082940832612 10.708115712223082 0.0
vertex 20.076495251936137 10.812592044589875 0.0
vertex 20.027738882498056 7.703394472601744 0.0
endloop
endfacet
facet normal 6.123233995736766e-17 0.0 -1.0
outer loop
vertex 20.076495251936137 10.812592044589875 0.0
vertex 20.427003228911296 10.894319042217766 0.0
vertex 20.327934970919646 7.876712765061624 0.0
endloop
endfacet
facet normal 6.123233995736766e-17 0.0 -1.0
outer loop
vertex 20.427003228911296 10.894319042217766 0.0
vertex 20.782105942789716 10.952946737555958 0.0
vertex 20.64818541694662 8.00936484316203 0.0
endloop
endfacet
facet normal 6.123233995736766e-17 0.0 -1.0
outer loop
vertex 20.782105942789716 10.952946737555958 0.0
vertex 21.140282789234213 10.988224077812319 0.0
vertex 20.98301064665726 8.099080993068561 0.0
endloop
endfacet
facet normal 6.123233995736766e-17 0.0 -1.0
outer loop
vertex 21.140282789234213 10.988224077812319 0.0
vertex 21.5 11.0 0.0
vertex 21.32668170754012 8.1443261465823 0.0
endloop
endfacet
facet normal 0.03271908282177688 -0.9994645874763658 2.00346600243631e-18
outer loop
vertex 21.5 0.0 7.599999999999994
vertex 21.5 0.0 0.0
vertex 21.859717210765787 0.011775922187680976 0.0
endloop
endfacet
facet normal 0.09801714032955924 -0.9951847266721972 6.0018188583085835e-18
outer loop
vertex 21.859717210765787 0.011775922187680976 7.599999999999994
vertex 21.859717210765787 0.011775922187680976 0.0
vertex 22.217894057210284 0.04705326244404251 0.0
endloop
endfacet
facet normal 0.16289547339459043 -0.9866433320848789 9.9744710044139e-18
outer loop
vertex 22.217894057210284 0.04705326244404251 7.599999999999994
vertex 22.217894057210284 0.04705326244404251 0.0
vertex 22.572996771088704 0.10568095778223263 0.0
endloop
endfacet
facet normal 0.22707626303437353 -0.9738769792773337 1.39044109343694e-17
outer loop
vertex 22.572996771088704 0.10568095778223263 7.599999999999994
vertex 22.572996771088704 0.10568095778223263 0.0
vertex 22.923504748063863 0.18740795541012467 0.0
endloop
endfacet
facet normal 0.2902846772544598 -0.9569403357322097 1.7774810042059833e-17
outer loop
vertex 22.923504748063863 0.18740795541012467 7.599999999999994
vertex 22.923504748063863 0.18740795541012467 0.0
vertex 23.267917059167388 0.2918842877769183 0.0
endloop
endfacet
facet normal 0.3522500479212363 -0.9359059267573248 2.1569094684312196e-17
outer loop
vertex 23.267917059167388 0.2918842877769183 7.599999999999994
vertex 23.267917059167388 0.2918842877769183 0.0
vertex 23.604758878007992 0.41866257118792305 0.0
endloop
endfacet
facet normal 0.4127070298043911 -0.9108638249211775 2.5271017151777944e-17
outer loop
vertex 23.604758878007992 0.41866257118792305 7.599999999999994
vertex 23.604758878007992 0.41866257118792305 0.0
vertex 23.93258779620451 0.5671999215702144 0.0
endloop
endfacet
facet normal 0.4713967368259976 -0.8819212643483553 2.886472524412326e-17
outer loop
vertex 23.93258779620451 0.5671999215702144 7.599999999999994
vertex 23.93258779620451 0.5671999215702144 0.0
vertex 24.25 0.7368602791855867 0.0
endloop
endfacet
facet normal 0.5280678506503715 -0.8492021815265766 3.2334830151580004e-17
outer loop
vertex 24.25 0.7368602791855867 7.599999999999994
vertex 24.25 0.7368602791855867 0.0
vertex 24.55563628160781 0.9269171323360013 0.0
endloop
endfacet
facet normal 0.5824776968678015 -0.8128466845916158 3.5666472352193766e-17
outer loop
vertex 24.55563628160781 0.9269171323360013 7.599999999999994
vertex 24.55563628160781 0.9269171323360013 0.0
vertex 24.848187859547963 1.136556628398207 0.0
endloop
endfacet
facet normal 0.6343932841636439 -0.7730104533627383 3.884538524257919e-17
outer loop
vertex 24.848187859547963 1.136556628398207 7.599999999999994
vertex 24.848187859547963 1.136556628398207 0.0
vertex 25.12640198305038 1.364881058865624 0.0
endloop
endfacet
facet normal 0.683592302022873 -0.7298640726978342 4.1857956229704115e-17
outer loop
vertex 25.12640198305038 1.364881058865624 7.599999999999994
vertex 25.12640198305038 1.364881058865624 0.0
vertex 25.38908729652601 1.6109127034739892 0.0
endloop
endfacet
facet normal 0.7298640726978342 -0.683592302022873 4.469128502210269e-17
outer loop
vertex 25.38908729652601 1.6109127034739892 7.599999999999994
vertex 25.38908729652601 1.6109127034739892 0.0
vertex 25.635118941134376 1.8735980169496216 0.0
endloop
endfacet
facet normal 0.7730104533627374 -0.6343932841636452 4.7333238870906036e-17
outer loop
vertex 25.635118941134376 1.8735980169496216 7.599999999999994
vertex 25.635118941134376 1.8735980169496216 0.0
vertex 25.863443371601793 2.1518121404520363 0.0
endloop
endfacet
facet normal 0.8128466845916164 -0.5824776968678009 4.9772504524133056e-17
outer loop
vertex 25.96963329003227 2.3000000000000007 7.599999999999994
vertex 25.863443371601793 2.1518121404520363 0.0
vertex 25.96963329003227 2.3000000000000007 0.0
endloop
endfacet
facet normal 0.683592302022873 0.7298640726978342 4.1857956229704115e-17
outer loop
vertex 25.38908729652601 9.38908729652601 7.599999999999994
vertex 25.38908729652601 9.38908729652601 0.0
vertex 25.12640198305038 9.635118941134376 0.0
endloop
endfacet
facet normal 0.8128466845916111 0.5824776968678078 4.977250452413274e-17
outer loop
vertex 25.863443371601793 8.848187859547963 7.599999999999994
vertex 25.96963329003227 8.700000000000001 0.0
vertex 25.863443371601793 8.848187859547963 0.0
endloop
endfacet
facet normal 0.7730104533627383 0.6343932841636439 4.733323887090609e-17
outer loop
vertex 25.863443371601793 8.848187859547963 7.599999999999994
vertex 25.863443371601793 8.848187859547963 0.0
vertex 25.635118941134376 9.126401983050378 0.0
endloop
endfacet
facet normal 0.7298640726978342 0.683592302022873 4.469128502210269e-17
outer loop
vertex 25.635118941134376 9.126401983050378 7.599999999999994
vertex 25.635118941134376 9.126401983050378 0.0
vertex 25.38908729652601 9.38908729652601 0.0
endloop
endfacet
facet normal 0.5824776968678032 0.8128466845916145 3.566647235219387e-17
outer loop
vertex 24.7 9.96963329003227 7.599999999999994
vertex 24.848187859547963 9.863443371601793 0.0
vertex 24.7 9.96963329003227 0.0
endloop
endfacet
facet normal 0.6343932841636439 0.7730104533627383 3.884538524257919e-17
outer loop
vertex 25.12640198305038 9.635118941134376 7.599999999999994
vertex 25.12640198305038 9.635118941134376 0.0
vertex 24.848187859547963 9.863443371601793 0.0
endloop
endfacet
facet normal 6.123233995736766e-17 0.0 -1.0
outer loop
vertex 21.5 0.0 0.0
vertex 21.67331829245988 2.8556738534177004 0.0
vertex 21.859717210765787 0.011775922187680976 0.0
endloop
endfacet
facet normal 6.123233995736766e-17 0.0 -1.0
outer loop
vertex 21.859717210765787 0.011775922187680976 0.0
vertex 22.01698935334274 2.9009190069314394 0.0
vertex 22.217894057210284 0.04705326244404251 0.0
endloop
endfacet
facet normal 6.123233995736766e-17 0.0 -1.0
outer loop
vertex 22.217894057210284 0.04705326244404251 0.0
vertex 22.35181458305338 2.9906351568379694 0.0
vertex 22.572996771088704 0.10568095778223263 0.0
endloop
endfacet
facet normal 6.123233995736766e-17 0.0 -1.0
outer loop
vertex 22.572996771088704 0.10568095778223263 0.0
vertex 22.672065029080354 3.123287234938376 0.0
vertex 22.923504748063863 0.18740795541012467 0.0
endloop
endfacet
facet normal 6.123233995736766e-17 0.0 -1.0
outer loop
vertex 22.923504748063863 0.18740795541012467 0.0
vertex 22.972261117501947 3.2966055273982553 0.0
vertex 23.267917059167388 0.2918842877769183 0.0
endloop
endfacet
facet normal 6.123233995736766e-17 0.0 -1.0
outer loop
vertex 23.267917059167388 0.2918842877769183 0.0
vertex 23.37383297014435 3.626167029855649 0.0
vertex 23.604758878007992 0.41866257118792305 0.0
endloop
endfacet
facet normal 6.123233995736766e-17 0.0 -1.0
outer loop
vertex 23.604758878007992 0.41866257118792305 0.0
vertex 23.703394472601744 4.0277388824980545 0.0
vertex 23.93258779620451 0.5671999215702144 0.0
endloop
endfacet
facet normal 6.123233995736766e-17 0.0 -1.0
outer loop
vertex 21.5 0.0 0.0
vertex 21.5 2.8499999999999996 0.0
vertex 21.67331829245988 2.8556738534177004 0.0
endloop
endfacet
facet normal 6.123233995736766e-17 0.0 -1.0
outer loop
vertex 21.859717210765787 0.011775922187680976 0.0
vertex 21.67331829245988 2.8556738534177004 0.0
vertex 21.845894409383135 2.8726711173594026 0.0
endloop
endfacet
facet normal 6.123233995736766e-17 0.0 -1.0
outer loop
vertex 21.859717210765787 0.011775922187680976 0.0
vertex 21.845894409383135 2.8726711173594026 0.0
vertex 22.01698935334274 2.9009190069314394 0.0
endloop
endfacet
facet normal 6.123233995736766e-17 0.0 -1.0
outer loop
vertex 22.217894057210284 0.04705326244404251 0.0
vertex 22.01698935334274 2.9009190069314394 0.0
vertex 22.18587046952168 2.9402965603339695 0.0
endloop
endfacet
facet normal 6.123233995736766e-17 0.0 -1.0
outer loop
vertex 22.217894057210284 0.04705326244404251 0.0
vertex 22.18587046952168 2.9402965603339695 0.0
vertex 22.35181458305338 2.9906351568379694 0.0
endloop
endfacet
facet normal 6.123233995736766e-17 0.0 -1.0
outer loop
vertex 22.572996771088704 0.10568095778223263 0.0
vertex 22.35181458305338 2.9906351568379694 0.0
vertex 22.51411109576749 3.0517192388450898 0.0
endloop
endfacet
facet normal 6.123233995736766e-17 0.0 -1.0
outer loop
vertex 22.572996771088704 0.10568095778223263 0.0
vertex 22.51411109576749 3.0517192388450898 0.0
vertex 22.672065029080354 3.123287234938376 0.0
endloop
endfacet
facet normal 6.123233995736766e-17 0.0 -1.0
outer loop
vertex 22.923504748063863 0.18740795541012467 0.0
vertex 22.672065029080354 3.123287234938376 0.0
vertex 22.825 3.2050326799712376 0.0
endloop
endfacet
facet normal 6.123233995736766e-17 0.0 -1.0
outer loop
vertex 23.93258779620451 0.5671999215702144 0.0
vertex 23.94828076115491 4.485888904232512 0.0
vertex 24.25 0.7368602791855867 0.0
endloop
endfacet
facet normal 6.123233995736766e-17 0.0 -1.0
outer loop
vertex 22.923504748063863 0.18740795541012467 0.0
vertex 22.825 3.2050326799712376 0.0
vertex 22.972261117501947 3.2966055273982553 0.0
endloop
endfacet
facet normal 6.123233995736766e-17 0.0 -1.0
outer loop
vertex 23.267917059167388 0.2918842877769183 0.0
vertex 22.972261117501947 3.2966055273982553 0.0
vertex 23.11321778687311 3.3976136482282264 0.0
endloop
endfacet
facet normal 6.123233995736766e-17 0.0 -1.0
outer loop
vertex 23.267917059167388 0.2918842877769183 0.0
vertex 23.11321778687311 3.3976136482282264 0.0
vertex 23.247266410015182 3.50762451018071 0.0
endloop
endfacet
facet normal 6.123233995736766e-17 0.0 -1.0
outer loop
vertex 23.267917059167388 0.2918842877769183 0.0
vertex 23.247266410015182 3.50762451018071 0.0
vertex 23.37383297014435 3.626167029855649 0.0
endloop
endfacet
facet normal 6.123233995736766e-17 0.0 -1.0
outer loop
vertex 23.604758878007992 0.41866257118792305 0.0
vertex 23.37383297014435 3.626167029855649 0.0
vertex 23.49237548981929 3.7527335899848175 0.0
endloop
endfacet
facet normal 6.123233995736766e-17 0.0 -1.0
outer loop
vertex 23.604758878007992 0.41866257118792305 0.0
vertex 23.49237548981929 3.7527335899848175 0.0
vertex 23.602386351771774 3.8867822131268905 0.0
endloop
endfacet
facet normal 6.123233995736766e-17 0.0 -1.0
outer loop
vertex 23.604758878007992 0.41866257118792305 0.0
vertex 23.602386351771774 3.8867822131268905 0.0
vertex 23.703394472601744 4.0277388824980545 0.0
endloop
endfacet
facet normal 6.123233995736766e-17 0.0 -1.0
outer loop
vertex 23.93258779620451 0.5671999215702144 0.0
vertex 23.703394472601744 4.0277388824980545 0.0
vertex 23.79496732002876 4.175000000000001 0.0
endloop
endfacet
facet normal 6.123233995736766e-17 0.0 -1.0
outer loop
vertex 23.93258779620451 0.5671999215702144 0.0
vertex 23.79496732002876 4.175000000000001 0.0
vertex 23.876712765061622 4.327934970919646 0.0
endloop
endfacet
facet normal 6.123233995736766e-17 0.0 -1.0
outer loop
vertex 23.93258779620451 0.5671999215702144 0.0
vertex 23.876712765061622 4.327934970919646 0.0
vertex 23.94828076115491 4.485888904232512 0.0
endloop
endfacet
facet normal 6.123233995736766e-17 0.0 -1.0
outer loop
vertex 24.25 0.7368602791855867 0.0
vertex 23.94828076115491 4.485888904232512 0.0
vertex 24.00936484316203 4.648185416946621 0.0
endloop
endfacet
facet normal 6.123233995736766e-17 0.0 -1.0
outer loop
vertex 24.25 0.7368602791855867 0.0
vertex 24.00936484316203 4.648185416946621 0.0
vertex 24.05970343966603 4.81412953047832 0.0
endloop
endfacet
facet normal 6.123233995736766e-17 0.0 -1.0
outer loop
vertex 24.25 0.7368602791855867 0.0
vertex 24.05970343966603 4.81412953047832 0.0
vertex 24.09908099306856 4.9830106466572595 0.0
endloop
endfacet
facet normal 6.123233995736766e-17 0.0 -1.0
outer loop
vertex 24.25 0.7368602791855867 0.0
vertex 24.09908099306856 4.9830106466572595 0.0
vertex 24.127328882640597 5.154105590616863 0.0
endloop
endfacet
facet normal 6.123233995736766e-17 0.0 -1.0
outer loop
vertex 24.25 0.7368602791855867 0.0
vertex 24.127328882640597 5.154105590616863 0.0
vertex 24.144326146582298 5.326681707540121 0.0
endloop
endfacet
facet normal 6.123233995736766e-17 0.0 -1.0
outer loop
vertex 24.25 0.7368602791855867 0.0
vertex 24.144326146582298 5.326681707540121 0.0
vertex 24.15 5.5 0.0
endloop
endfacet
facet normal 6.123233995736766e-17 0.0 -1.0
outer loop
vertex 24.25 0.7368602791855867 0.0
vertex 24.25 10.263139720814413 0.0
vertex 24.55563628160781 0.9269171323360013 0.0
endloop
endfacet
facet normal 6.123233995736766e-17 0.0 -1.0
outer loop
vertex 24.55563628160781 0.9269171323360013 0.0
vertex 24.55563628160781 10.073082867663999 0.0
vertex 24.848187859547963 1.136556628398207 0.0
endloop
endfacet
facet normal 6.123233995736766e-17 0.0 -1.0
outer loop
vertex 24.848187859547963 1.136556628398207 0.0
vertex 24.848187859547963 9.863443371601793 0.0
vertex 25.12640198305038 1.364881058865624 0.0
endloop
endfacet
facet normal 6.123233995736766e-17 0.0 -1.0
outer loop
vertex 25.12640198305038 1.364881058865624 0.0
vertex 25.12640198305038 9.635118941134376 0.0
vertex 25.38908729652601 1.6109127034739892 0.0
endloop
endfacet
facet normal 6.123233995736766e-17 0.0 -1.0
outer loop
vertex 25.38908729652601 1.6109127034739892 0.0
vertex 25.38908729652601 9.38908729652601 0.0
vertex 25.635118941134376 1.8735980169496216 0.0
endloop
endfacet
facet normal 6.123233995736766e-17 0.0 -1.0
outer loop
vertex 25.635118941134376 1.8735980169496216 0.0
vertex 25.635118941134376 9.126401983050378 0.0
vertex 25.863443371601793 2.1518121404520363 0.0
endloop
endfacet
facet normal 6.123233995736766e-17 0.0 -1.0
outer loop
vertex 25.863443371601793 2.1518121404520363 0.0
vertex 25.863443371601793 8.848187859547963 0.0
vertex 25.96963329003227 2.3000000000000007 0.0
endloop
endfacet
facet normal 6.123233995736766e-17 0.0 -1.0
outer loop
vertex 25.96963329003227 2.3000000000000007 0.0
vertex 25.863443371601793 8.848187859547963 0.0
vertex 26.073082867664 2.4443637183921876 0.0
endloop
endfacet
facet normal 6.123233995736766e-17 0.0 -1.0
outer loop
vertex 26.073082867664 2.4443637183921876 0.0
vertex 26.073082867664 8.555636281607812 0.0
vertex 26.263139720814415 2.75 0.0
endloop
endfacet
facet normal 6.123233995736766e-17 0.0 -1.0
outer loop
vertex 26.263139720814415 2.75 0.0
vertex 26.263139720814415 8.25 0.0
vertex 26.432800078429786 3.0674122037954934 0.0
endloop
endfacet
facet normal 6.123233995736766e-17 0.0 -1.0
outer loop
vertex 26.432800078429786 3.0674122037954934 0.0
vertex 26.432800078429786 7.932587796204507 0.0
vertex 26.581337428812077 3.3952411219920062 0.0
endloop
endfacet
facet normal 6.123233995736766e-17 0.0 -1.0
outer loop
vertex 26.581337428812077 3.3952411219920062 0.0
vertex 26.581337428812077 7.604758878007994 0.0
vertex 26.708115712223083 3.732082940832612 0.0
endloop
endfacet
facet normal 6.123233995736766e-17 0.0 -1.0
outer loop
vertex 26.708115712223083 3.732082940832612 0.0
vertex 26.708115712223083 7.267917059167388 0.0
vertex 26.812592044589877 4.0764952519361355 0.0
endloop
endfacet
facet normal 6.123233995736766e-17 0.0 -1.0
outer loop
vertex 26.812592044589877 4.0764952519361355 0.0
vertex 26.812592044589877 6.9235047480638645 0.0
vertex 26.894319042217766 4.427003228911294 0.0
endloop
endfacet
facet normal 6.123233995736766e-17 0.0 -1.0
outer loop
vertex 24.25 0.7368602791855867 0.0
vertex 24.15 5.5 0.0
vertex 24.25 10.263139720814413 0.0
endloop
endfacet
facet normal 6.123233995736766e-17 0.0 -1.0
outer loop
vertex 26.812592044589877 6.9235047480638645 0.0
vertex 26.894319042217766 6.572996771088706 0.0
vertex 26.894319042217766 4.427003228911294 0.0
endloop
endfacet
facet normal 6.123233995736766e-17 0.0 -1.0
outer loop
vertex 25.38908729652601 1.6109127034739892 0.0
vertex 25.12640198305038 9.635118941134376 0.0
vertex 25.38908729652601 9.38908729652601 0.0
endloop
endfacet
facet normal 6.123233995736766e-17 0.0 -1.0
outer loop
vertex 26.812592044589877 4.0764952519361355 0.0
vertex 26.708115712223083 7.267917059167388 0.0
vertex 26.812592044589877 6.9235047480638645 0.0
endloop
endfacet
facet normal 6.123233995736766e-17 0.0 -1.0
outer loop
vertex 26.708115712223083 3.732082940832612 0.0
vertex 26.581337428812077 7.604758878007994 0.0
vertex 26.708115712223083 7.267917059167388 0.0
endloop
endfacet
facet normal 6.123233995736766e-17 0.0 -1.0
outer loop
vertex 26.581337428812077 3.3952411219920062 0.0
vertex 26.432800078429786 7.932587796204507 0.0
vertex 26.581337428812077 7.604758878007994 0.0
endloop
endfacet
facet normal 6.123233995736766e-17 0.0 -1.0
outer loop
vertex 26.432800078429786 3.0674122037954934 0.0
vertex 26.263139720814415 8.25 0.0
vertex 26.432800078429786 7.932587796204507 0.0
endloop
endfacet
facet normal 6.123233995736766e-17 0.0 -1.0
outer loop
vertex 26.263139720814415 2.75 0.0
vertex 26.073082867664 8.555636281607812 0.0
vertex 26.263139720814415 8.25 0.0
endloop
endfacet
facet normal 6.123233995736766e-17 0.0 -1.0
outer loop
vertex 26.073082867664 2.4443637183921876 0.0
vertex 25.96963329003227 8.700000000000001 0.0
vertex 26.073082867664 8.555636281607812 0.0
endloop
endfacet
facet normal 6.123233995736766e-17 0.0 -1.0
outer loop
vertex 26.073082867664 2.4443637183921876 0.0
vertex 25.863443371601793 8.848187859547963 0.0
vertex 25.96963329003227 8.700000000000001 0.0
endloop
endfacet
facet normal 6.123233995736766e-17 0.0 -1.0
outer loop
vertex 25.635118941134376 1.8735980169496216 0.0
vertex 25.38908729652601 9.38908729652601 0.0
vertex 25.635118941134376 9.126401983050378 0.0
endloop
endfacet
facet normal 6.123233995736766e-17 0.0 -1.0
outer loop
vertex 25.863443371601793 2.1518121404520363 0.0
vertex 25.635118941134376 9.126401983050378 0.0
vertex 25.863443371601793 8.848187859547963 0.0
endloop
endfacet
facet normal 6.123233995736766e-17 0.0 -1.0
outer loop
vertex 26.894319042217766 4.427003228911294 0.0
vertex 26.894319042217766 6.572996771088706 0.0
vertex 26.95294673755596 4.782105942789716 0.0
endloop
endfacet
facet normal 6.123233995736766e-17 0.0 -1.0
outer loop
vertex 26.95294673755596 4.782105942789716 0.0
vertex 26.95294673755596 6.217894057210284 0.0
vertex 26.98822407781232 5.140282789234213 0.0
endloop
endfacet
facet normal 6.123233995736766e-17 0.0 -1.0
outer loop
vertex 26.98822407781232 5.140282789234213 0.0
vertex 26.98822407781232 5.859717210765787 0.0
vertex 27.0 5.5 0.0
endloop
endfacet
facet normal 6.123233995736766e-17 0.0 -1.0
outer loop
vertex 26.98822407781232 5.140282789234213 0.0
vertex 26.95294673755596 6.217894057210284 0.0
vertex 26.98822407781232 5.859717210765787 0.0
endloop
endfacet
facet normal 6.123233995736766e-17 0.0 -1.0
outer loop
vertex 26.95294673755596 4.782105942789716 0.0
vertex 26.894319042217766 6.572996771088706 0.0
vertex 26.95294673755596 6.217894057210284 0.0
endloop
endfacet
facet normal 6.123233995736766e-17 0.0 -1.0
outer loop
vertex 24.25 10.263139720814413 0.0
vertex 24.15 5.5 0.0
vertex 24.144326146582298 5.673318292459879 0.0
endloop
endfacet
facet normal 6.123233995736766e-17 0.0 -1.0
outer loop
vertex 24.25 10.263139720814413 0.0
vertex 24.144326146582298 5.673318292459879 0.0
vertex 24.127328882640597 5.845894409383137 0.0
endloop
endfacet
facet normal 6.123233995736766e-17 0.0 -1.0
outer loop
vertex 24.25 10.263139720814413 0.0
vertex 24.127328882640597 5.845894409383137 0.0
vertex 24.09908099306856 6.0169893533427405 0.0
endloop
endfacet
facet normal 6.123233995736766e-17 0.0 -1.0
outer loop
vertex 24.25 10.263139720814413 0.0
vertex 24.09908099306856 6.0169893533427405 0.0
vertex 24.05970343966603 6.18587046952168 0.0
endloop
endfacet
facet normal 6.123233995736766e-17 0.0 -1.0
outer loop
vertex 23.93258779620451 10.432800078429786 0.0
vertex 24.05970343966603 6.18587046952168 0.0
vertex 24.00936484316203 6.351814583053379 0.0
endloop
endfacet
facet normal 6.123233995736766e-17 0.0 -1.0
outer loop
vertex 23.93258779620451 10.432800078429786 0.0
vertex 24.00936484316203 6.351814583053379 0.0
vertex 23.94828076115491 6.514111095767488 0.0
endloop
endfacet
facet normal 6.123233995736766e-17 0.0 -1.0
outer loop
vertex 23.93258779620451 10.432800078429786 0.0
vertex 23.94828076115491 6.514111095767488 0.0
vertex 23.876712765061622 6.672065029080354 0.0
endloop
endfacet
facet normal 6.123233995736766e-17 0.0 -1.0
outer loop
vertex 23.93258779620451 10.432800078429786 0.0
vertex 23.876712765061622 6.672065029080354 0.0
vertex 23.79496732002876 6.824999999999999 0.0
endloop
endfacet
facet normal 6.123233995736766e-17 0.0 -1.0
outer loop
vertex 23.93258779620451 10.432800078429786 0.0
vertex 23.79496732002876 6.824999999999999 0.0
vertex 23.703394472601744 6.9722611175019455 0.0
endloop
endfacet
facet normal 6.123233995736766e-17 0.0 -1.0
outer loop
vertex 23.604758878007992 10.581337428812077 0.0
vertex 23.703394472601744 6.9722611175019455 0.0
vertex 23.602386351771774 7.1132177868731095 0.0
endloop
endfacet
facet normal 6.123233995736766e-17 0.0 -1.0
outer loop
vertex 23.604758878007992 10.581337428812077 0.0
vertex 23.49237548981929 7.2472664100151825 0.0
vertex 23.37383297014435 7.373832970144351 0.0
endloop
endfacet
facet normal 6.123233995736766e-17 0.0 -1.0
outer loop
vertex 23.267917059167388 10.708115712223082 0.0
vertex 23.37383297014435 7.373832970144351 0.0
vertex 23.247266410015182 7.49237548981929 0.0
endloop
endfacet
facet normal 6.123233995736766e-17 0.0 -1.0
outer loop
vertex 23.267917059167388 10.708115712223082 0.0
vertex 23.247266410015182 7.49237548981929 0.0
vertex 23.11321778687311 7.602386351771774 0.0
endloop
endfacet
facet normal 6.123233995736766e-17 0.0 -1.0
outer loop
vertex 23.604758878007992 10.581337428812077 0.0
vertex 23.602386351771774 7.1132177868731095 0.0
vertex 23.49237548981929 7.2472664100151825 0.0
endloop
endfacet
facet normal 6.123233995736766e-17 0.0 -1.0
outer loop
vertex 24.55563628160781 0.9269171323360013 0.0
vertex 24.25 10.263139720814413 0.0
vertex 24.55563628160781 10.073082867663999 0.0
endloop
endfacet
facet normal 6.123233995736766e-17 0.0 -1.0
outer loop
vertex 24.848187859547963 1.136556628398207 0.0
vertex 24.7 9.96963329003227 0.0
vertex 24.848187859547963 9.863443371601793 0.0
endloop
endfacet
facet normal 6.123233995736766e-17 0.0 -1.0
outer loop
vertex 24.848187859547963 1.136556628398207 0.0
vertex 24.55563628160781 10.073082867663999 0.0
vertex 24.7 9.96963329003227 0.0
endloop
endfacet
facet normal 6.123233995736766e-17 0.0 -1.0
outer loop
vertex 25.12640198305038 1.364881058865624 0.0
vertex 24.848187859547963 9.863443371601793 0.0
vertex 25.12640198305038 9.635118941134376 0.0
endloop
endfacet
facet normal 6.123233995736766e-17 0.0 -1.0
outer loop
vertex 21.859717210765787 10.988224077812319 0.0
vertex 21.845894409383135 8.127328882640597 0.0
vertex 21.67331829245988 8.1443261465823 0.0
endloop
endfacet
facet normal 6.123233995736766e-17 0.0 -1.0
outer loop
vertex 22.217894057210284 10.952946737555958 0.0
vertex 22.01698935334274 8.099080993068561 0.0
vertex 21.845894409383135 8.127328882640597 0.0
endloop
endfacet
facet normal 6.123233995736766e-17 0.0 -1.0
outer loop
vertex 22.217894057210284 10.952946737555958 0.0
vertex 22.18587046952168 8.05970343966603 0.0
vertex 22.01698935334274 8.099080993068561 0.0
endloop
endfacet
facet normal 6.123233995736766e-17 0.0 -1.0
outer loop
vertex 22.923504748063863 10.812592044589875 0.0
vertex 22.825 7.794967320028762 0.0
vertex 22.672065029080354 7.876712765061624 0.0
endloop
endfacet
facet normal 6.123233995736766e-17 0.0 -1.0
outer loop
vertex 22.572996771088704 10.894319042217766 0.0
vertex 22.51411109576749 7.94828076115491 0.0
vertex 22.35181458305338 8.00936484316203 0.0
endloop
endfacet
facet normal 6.123233995736766e-17 0.0 -1.0
outer loop
vertex 22.572996771088704 10.894319042217766 0.0
vertex 22.35181458305338 8.00936484316203 0.0
vertex 22.18587046952168 8.05970343966603 0.0
endloop
endfacet
facet normal 6.123233995736766e-17 0.0 -1.0
outer loop
vertex 22.923504748063863 10.812592044589875 0.0
vertex 22.672065029080354 7.876712765061624 0.0
vertex 22.51411109576749 7.94828076115491 0.0
endloop
endfacet
facet normal 6.123233995736766e-17 0.0 -1.0
outer loop
vertex 21.859717210765787 10.988224077812319 0.0
vertex 21.67331829245988 8.1443261465823 0.0
vertex 21.5 8.15 0.0
endloop
endfacet
facet normal 6.123233995736766e-17 0.0 -1.0
outer loop
vertex 23.267917059167388 10.708115712223082 0.0
vertex 23.11321778687311 7.602386351771774 0.0
vertex 22.972261117501947 7.703394472601744 0.0
endloop
endfacet
facet normal 6.123233995736766e-17 0.0 -1.0
outer loop
vertex 22.923504748063863 10.812592044589875 0.0
vertex 22.972261117501947 7.703394472601744 0.0
vertex 22.825 7.794967320028762 0.0
endloop
endfacet
facet normal 6.123233995736766e-17 0.0 -1.0
outer loop
vertex 24.25 10.263139720814413 0.0
vertex 24.05970343966603 6.18587046952168 0.0
vertex 23.93258779620451 10.432800078429786 0.0
endloop
endfacet
facet normal 6.123233995736766e-17 0.0 -1.0
outer loop
vertex 23.604758878007992 10.581337428812077 0.0
vertex 23.93258779620451 10.432800078429786 0.0
vertex 23.703394472601744 6.9722611175019455 0.0
endloop
endfacet
facet normal 6.123233995736766e-17 0.0 -1.0
outer loop
vertex 22.572996771088704 10.894319042217766 0.0
vertex 22.923504748063863 10.812592044589875 0.0
vertex 22.51411109576749 7.94828076115491 0.0
endloop
endfacet
facet normal 6.123233995736766e-17 0.0 -1.0
outer loop
vertex 21.5 11.0 0.0
vertex 21.859717210765787 10.988224077812319 0.0
vertex 21.5 8.15 0.0
endloop
endfacet
facet normal 6.123233995736766e-17 0.0 -1.0
outer loop
vertex 21.859717210765787 10.988224077812319 0.0
vertex 22.217894057210284 10.952946737555958 0.0
vertex 21.845894409383135 8.127328882640597 0.0
endloop
endfacet
facet normal 6.123233995736766e-17 0.0 -1.0
outer loop
vertex 22.217894057210284 10.952946737555958 0.0
vertex 22.572996771088704 10.894319042217766 0.0
vertex 22.18587046952168 8.05970343966603 0.0
endloop
endfacet
facet normal 6.123233995736766e-17 0.0 -1.0
outer loop
vertex 23.267917059167388 10.708115712223082 0.0
vertex 23.604758878007992 10.581337428812077 0.0
vertex 23.37383297014435 7.373832970144351 0.0
endloop
endfacet
facet normal 6.123233995736766e-17 0.0 -1.0
outer loop
vertex 22.923504748063863 10.812592044589875 0.0
vertex 23.267917059167388 10.708115712223082 0.0
vertex 22.972261117501947 7.703394472601744 0.0
endloop
endfacet
facet normal -6.123233995736766e-17 0.0 1.0
outer loop
vertex 18.3 9.96963329003227 7.599999999999994
vertex 18.44436371839219 10.073082867663999 7.599999999999994
vertex 18.3 20.1 7.599999999999994
endloop
endfacet
facet normal -6.123233995736766e-17 0.0 1.0
outer loop
vertex 24.7 9.96963329003227 7.599999999999994
vertex 24.7 20.1 7.599999999999994
vertex 24.55563628160781 10.073082867663999 7.599999999999994
endloop
endfacet
facet normal 1.0 0.0 6.123233995736766e-17
outer loop
vertex 24.7 9.96963329003227 7.599999999999994
vertex 24.7 9.96963329003227 0.0
vertex 24.7 20.1 7.599999999999994
endloop
endfacet
facet normal -6.123233995736766e-17 0.0 1.0
outer loop
vertex 18.44436371839219 10.073082867663999 7.599999999999994
vertex 18.75 10.263139720814413 7.599999999999994
vertex 18.3 23.900000000000002 7.599999999999994
endloop
endfacet
facet normal -6.123233995736766e-17 0.0 1.0
outer loop
vertex 18.75 10.263139720814413 7.599999999999994
vertex 19.06741220379549 10.432800078429786 7.599999999999994
vertex 18.3 23.900000000000002 7.599999999999994
endloop
endfacet
facet normal -6.123233995736766e-17 0.0 1.0
outer loop
vertex 19.06741220379549 10.432800078429786 7.599999999999994
vertex 19.395241121992008 10.581337428812077 7.599999999999994
vertex 18.3 23.900000000000002 7.599999999999994
endloop
endfacet
facet normal -6.123233995736766e-17 0.0 1.0
outer loop
vertex 19.395241121992008 10.581337428812077 7.599999999999994
vertex 19.732082940832612 10.708115712223082 7.599999999999994
vertex 18.3 23.900000000000002 7.599999999999994
endloop
endfacet
facet normal -6.123233995736766e-17 0.0 1.0
outer loop
vertex 19.732082940832612 10.708115712223082 7.599999999999994
vertex 20.076495251936137 10.812592044589875 7.599999999999994
vertex 18.3 23.900000000000002 7.599999999999994
endloop
endfacet
facet normal -6.123233995736766e-17 0.0 1.0
outer loop
vertex 18.44436371839219 10.073082867663999 7.599999999999994
vertex 18.3 23.900000000000002 7.599999999999994
vertex 18.3 20.1 7.599999999999994
endloop
endfacet
facet normal -6.123233995736766e-17 0.0 1.0
outer loop
vertex 20.076495251936137 10.812592044589875 7.599999999999994
vertex 24.7 23.900000000000002 7.599999999999994
vertex 18.3 23.900000000000002 7.599999999999994
endloop
endfacet
facet normal -1.0 0.0 -6.123233995736766e-17
outer loop
vertex 18.3 9.96963329003227 7.599999999999994
vertex 18.3 20.1 7.599999999999994
vertex 18.3 20.1 0.0
endloop
endfacet
facet normal -6.123233995736766e-17 0.0 1.0
outer loop
vertex 20.076495251936137 10.812592044589875 7.599999999999994
vertex 20.427003228911296 10.894319042217766 7.599999999999994
vertex 24.7 23.900000000000002 7.599999999999994
endloop
endfacet
facet normal -6.123233995736766e-17 0.0 1.0
outer loop
vertex 20.427003228911296 10.894319042217766 7.599999999999994
vertex 20.782105942789716 10.952946737555958 7.599999999999994
vertex 24.7 23.900000000000002 7.599999999999994
endloop
endfacet
facet normal -6.123233995736766e-17 0.0 1.0
outer loop
vertex 20.782105942789716 10.952946737555958 7.599999999999994
vertex 21.140282789234213 10.988224077812319 7.599999999999994
vertex 24.7 23.900000000000002 7.599999999999994
endloop
endfacet
facet normal -6.123233995736766e-17 0.0 1.0
outer loop
vertex 21.140282789234213 10.988224077812319 7.599999999999994
vertex 21.5 11.0 7.599999999999994
vertex 24.7 23.900000000000002 7.599999999999994
endloop
endfacet
facet normal -6.123233995736766e-17 0.0 1.0
outer loop
vertex 21.5 11.0 7.599999999999994
vertex 21.859717210765787 10.988224077812319 7.599999999999994
vertex 24.7 23.900000000000002 7.599999999999994
endloop
endfacet
facet normal -6.123233995736766e-17 0.0 1.0
outer loop
vertex 22.923504748063863 10.812592044589875 7.599999999999994
vertex 23.267917059167388 10.708115712223082 7.599999999999994
vertex 24.7 23.900000000000002 7.599999999999994
endloop
endfacet
facet normal -6.123233995736766e-17 0.0 1.0
outer loop
vertex 23.604758878007992 10.581337428812077 7.599999999999994
vertex 23.93258779620451 10.432800078429786 7.599999999999994
vertex 24.7 23.900000000000002 7.599999999999994
endloop
endfacet
facet normal -6.123233995736766e-17 0.0 1.0
outer loop
vertex 23.267917059167388 10.708115712223082 7.599999999999994
vertex 23.604758878007992 10.581337428812077 7.599999999999994
vertex 24.7 23.900000000000002 7.599999999999994
endloop
endfacet
facet normal -6.123233995736766e-17 0.0 1.0
outer loop
vertex 22.217894057210284 10.952946737555958 7.599999999999994
vertex 22.572996771088704 10.894319042217766 7.599999999999994
vertex 24.7 23.900000000000002 7.599999999999994
endloop
endfacet
facet normal -6.123233995736766e-17 0.0 1.0
outer loop
vertex 21.859717210765787 10.988224077812319 7.599999999999994
vertex 22.217894057210284 10.952946737555958 7.599999999999994
vertex 24.7 23.900000000000002 7.599999999999994
endloop
endfacet
facet normal -6.123233995736766e-17 0.0 1.0
outer loop
vertex 22.572996771088704 10.894319042217766 7.599999999999994
vertex 22.923504748063863 10.812592044589875 7.599999999999994
vertex 24.7 23.900000000000002 7.599999999999994
endloop
endfacet
facet normal -6.123233995736766e-17 0.0 1.0
outer loop
vertex 24.55563628160781 10.073082867663999 7.599999999999994
vertex 24.7 23.900000000000002 7.599999999999994
vertex 24.25 10.263139720814413 7.599999999999994
endloop
endfacet
facet normal -6.123233995736766e-17 0.0 1.0
outer loop
vertex 24.25 10.263139720814413 7.599999999999994
vertex 24.7 23.900000000000002 7.599999999999994
vertex 23.93258779620451 10.432800078429786 7.599999999999994
endloop
endfacet
facet normal -6.123233995736766e-17 0.0 1.0
outer loop
vertex 24.55563628160781 10.073082867663999 7.599999999999994
vertex 24.7 20.1 7.599999999999994
vertex 24.7 23.900000000000002 7.599999999999994
endloop
endfacet
facet normal -1.0 0.0 -6.123233995736766e-17
outer loop
vertex 18.3 9.96963329003227 7.599999999999994
vertex 18.3 20.1 0.0
vertex 18.3 9.96963329003227 0.0
endloop
endfacet
facet normal 6.123233995736766e-17 0.0 -1.0
outer loop
vertex 18.3 9.96963329003227 0.0
vertex 18.3 20.1 0.0
vertex 18.44436371839219 10.073082867663999 0.0
endloop
endfacet
facet normal 6.123233995736766e-17 0.0 -1.0
outer loop
vertex 24.7 9.96963329003227 0.0
vertex 24.55563628160781 10.073082867663999 0.0
vertex 24.7 20.1 0.0
endloop
endfacet
facet normal 6.123233995736766e-17 0.0 -1.0
outer loop
vertex 18.44436371839219 10.073082867663999 0.0
vertex 18.3 23.900000000000002 0.0
vertex 18.75 10.263139720814413 0.0
endloop
endfacet
facet normal 6.123233995736766e-17 0.0 -1.0
outer loop
vertex 18.75 10.263139720814413 0.0
vertex 18.3 23.900000000000002 0.0
vertex 19.06741220379549 10.432800078429786 0.0
endloop
endfacet
facet normal 6.123233995736766e-17 0.0 -1.0
outer loop
vertex 19.06741220379549 10.432800078429786 0.0
vertex 18.3 23.900000000000002 0.0
vertex 19.395241121992008 10.581337428812077 0.0
endloop
endfacet
facet normal 6.123233995736766e-17 0.0 -1.0
outer loop
vertex 19.395241121992008 10.581337428812077 0.0
vertex 18.3 23.900000000000002 0.0
vertex 19.732082940832612 10.708115712223082 0.0
endloop
endfacet
facet normal 6.123233995736766e-17 0.0 -1.0
outer loop
vertex 19.732082940832612 10.708115712223082 0.0
vertex 18.3 23.900000000000002 0.0
vertex 20.076495251936137 10.812592044589875 0.0
endloop
endfacet
facet normal 6.123233995736766e-17 0.0 -1.0
outer loop
vertex 20.076495251936137 10.812592044589875 0.0
vertex 18.3 23.900000000000002 0.0
vertex 20.427003228911296 10.894319042217766 0.0
endloop
endfacet
facet normal 6.123233995736766e-17 0.0 -1.0
outer loop
vertex 20.427003228911296 10.894319042217766 0.0
vertex 18.3 23.900000000000002 0.0
vertex 20.782105942789716 10.952946737555958 0.0
endloop
endfacet
facet normal 6.123233995736766e-17 0.0 -1.0
outer loop
vertex 20.782105942789716 10.952946737555958 0.0
vertex 18.3 23.900000000000002 0.0
vertex 21.140282789234213 10.988224077812319 0.0
endloop
endfacet
facet normal 6.123233995736766e-17 0.0 -1.0
outer loop
vertex 21.140282789234213 10.988224077812319 0.0
vertex 18.3 23.900000000000002 0.0
vertex 21.5 11.0 0.0
endloop
endfacet
facet normal 6.123233995736766e-17 0.0 -1.0
outer loop
vertex 21.5 11.0 0.0
vertex 18.3 23.900000000000002 0.0
vertex 21.859717210765787 10.988224077812319 0.0
endloop
endfacet
facet normal 6.123233995736766e-17 0.0 -1.0
outer loop
vertex 21.859717210765787 10.988224077812319 0.0
vertex 18.3 23.900000000000002 0.0
vertex 22.217894057210284 10.952946737555958 0.0
endloop
endfacet
facet normal 6.123233995736766e-17 0.0 -1.0
outer loop
vertex 22.217894057210284 10.952946737555958 0.0
vertex 18.3 23.900000000000002 0.0
vertex 22.572996771088704 10.894319042217766 0.0
endloop
endfacet
facet normal 6.123233995736766e-17 0.0 -1.0
outer loop
vertex 22.572996771088704 10.894319042217766 0.0
vertex 18.3 23.900000000000002 0.0
vertex 22.923504748063863 10.812592044589875 0.0
endloop
endfacet
facet normal 6.123233995736766e-17 0.0 -1.0
outer loop
vertex 18.44436371839219 10.073082867663999 0.0
vertex 18.3 20.1 0.0
vertex 18.3 23.900000000000002 0.0
endloop
endfacet
facet normal 1.0 0.0 6.123233995736766e-17
outer loop
vertex 24.7 20.1 7.599999999999994
vertex 24.7 9.96963329003227 0.0
vertex 24.7 20.1 0.0
endloop
endfacet
facet normal 6.123233995736766e-17 0.0 -1.0
outer loop
vertex 22.923504748063863 10.812592044589875 0.0
vertex 24.7 23.900000000000002 0.0
vertex 23.267917059167388 10.708115712223082 0.0
endloop
endfacet
facet normal 6.123233995736766e-17 0.0 -1.0
outer loop
vertex 23.604758878007992 10.581337428812077 0.0
vertex 24.7 23.900000000000002 0.0
vertex 23.93258779620451 10.432800078429786 0.0
endloop
endfacet
facet normal 6.123233995736766e-17 0.0 -1.0
outer loop
vertex 23.267917059167388 10.708115712223082 0.0
vertex 24.7 23.900000000000002 0.0
vertex 23.604758878007992 10.581337428812077 0.0
endloop
endfacet
facet normal 6.123233995736766e-17 0.0 -1.0
outer loop
vertex 24.55563628160781 10.073082867663999 0.0
vertex 24.25 10.263139720814413 0.0
vertex 24.7 23.900000000000002 0.0
endloop
endfacet
facet normal 6.123233995736766e-17 0.0 -1.0
outer loop
vertex 24.25 10.263139720814413 0.0
vertex 23.93258779620451 10.432800078429786 0.0
vertex 24.7 23.900000000000002 0.0
endloop
endfacet
facet normal 6.123233995736766e-17 0.0 -1.0
outer loop
vertex 24.55563628160781 10.073082867663999 0.0
vertex 24.7 23.900000000000002 0.0
vertex 24.7 20.1 0.0
endloop
endfacet
facet normal 6.123233995736766e-17 0.0 -1.0
outer loop
vertex 22.923504748063863 10.812592044589875 0.0
vertex 18.3 23.900000000000002 0.0
vertex 24.7 23.900000000000002 0.0
endloop
endfacet
facet normal -6.123233995736766e-17 0.0 1.0
outer loop
vertex 32.18740795541012 4.0764952519361355 7.599999999999994
vertex 32.29188428777692 3.732082940832612 7.599999999999994
vertex 32.18740795541012 6.9235047480638645 7.599999999999994
endloop
endfacet
facet normal -6.123233995736766e-17 0.0 1.0
outer loop
vertex 32.18740795541012 4.0764952519361355 7.599999999999994
vertex 32.10568095778223 6.572996771088706 7.599999999999994
vertex 32.10568095778223 4.427003228911294 7.599999999999994
endloop
endfacet
facet normal -6.123233995736766e-17 0.0 1.0
outer loop
vertex 32.10568095778223 4.427003228911294 7.599999999999994
vertex 32.04705326244404 6.217894057210284 7.599999999999994
vertex 32.04705326244404 4.782105942789716 7.599999999999994
endloop
endfacet
facet normal -6.123233995736766e-17 0.0 1.0
outer loop
vertex 32.04705326244404 4.782105942789716 7.599999999999994
vertex 32.01177592218768 5.859717210765787 7.599999999999994
vertex 32.01177592218768 5.140282789234213 7.599999999999994
endloop
endfacet
facet normal -6.123233995736766e-17 0.0 1.0
outer loop
vertex 32.01177592218768 5.140282789234213 7.599999999999994
vertex 32.01177592218768 5.859717210765787 7.599999999999994
vertex 32.0 5.5 7.599999999999994
endloop
endfacet
facet normal -6.123233995736766e-17 0.0 1.0
outer loop
vertex 32.04705326244404 4.782105942789716 7.599999999999994
vertex 32.04705326244404 6.217894057210284 7.599999999999994
vertex 32.01177592218768 5.859717210765787 7.599999999999994
endloop
endfacet
facet normal -6.123233995736766e-17 0.0 1.0
outer loop
vertex 32.10568095778223 4.427003228911294 7.599999999999994
vertex 32.10568095778223 6.572996771088706 7.599999999999994
vertex 32.04705326244404 6.217894057210284 7.599999999999994
endloop
endfacet
facet normal -6.123233995736766e-17 0.0 1.0
outer loop
vertex 32.18740795541012 4.0764952519361355 7.599999999999994
vertex 32.18740795541012 6.9235047480638645 7.599999999999994
vertex 32.10568095778223 6.572996771088706 7.599999999999994
endloop
endfacet
facet normal -6.123233995736766e-17 0.0 1.0
outer loop
vertex 36.07649525193614 0.18740795541012467 7.599999999999994
vertex 35.88678221312689 3.3976136482282264 7.599999999999994
vertex 35.73208294083261 0.2918842877769183 7.599999999999994
endloop
endfacet
facet normal -6.123233995736766e-17 0.0 1.0
outer loop
vertex 36.07649525193614 0.18740795541012467 7.599999999999994
vertex 36.427003228911296 0.10568095778223263 7.599999999999994
vertex 36.32793497091964 3.123287234938376 7.599999999999994
endloop
endfacet
facet normal -6.123233995736766e-17 0.0 1.0
outer loop
vertex 35.39524112199201 0.41866257118792305 7.599999999999994
vertex 35.73208294083261 0.2918842877769183 7.599999999999994
vertex 35.50762451018071 3.7527335899848175 7.599999999999994
endloop
endfacet
facet normal -6.123233995736766e-17 0.0 1.0
outer loop
vertex 35.39524112199201 0.41866257118792305 7.599999999999994
vertex 35.20503267997124 4.175000000000001 7.599999999999994
vertex 35.06741220379549 0.5671999215702144 7.599999999999994
endloop
endfacet
facet normal -6.123233995736766e-17 0.0 1.0
outer loop
vertex 36.427003228911296 0.10568095778223263 7.599999999999994
vertex 36.78210594278971 0.04705326244404251 7.599999999999994
vertex 36.64818541694662 2.9906351568379694 7.599999999999994
endloop
endfacet
facet normal -6.123233995736766e-17 0.0 1.0
outer loop
vertex 36.78210594278971 0.04705326244404251 7.599999999999994
vertex 37.14028278923421 0.011775922187680976 7.599999999999994
vertex 36.98301064665726 2.9009190069314394 7.599999999999994
endloop
endfacet
facet normal -6.123233995736766e-17 0.0 1.0
outer loop
vertex 37.14028278923421 0.011775922187680976 7.599999999999994
vertex 37.5 0.0 7.599999999999994
vertex 37.32668170754012 2.8556738534177004 7.599999999999994
endloop
endfacet
facet normal -6.123233995736766e-17 0.0 1.0
outer loop
vertex 37.5 0.0 7.599999999999994
vertex 37.85971721076579 0.011775922187680976 7.599999999999994
vertex 37.5 2.8499999999999996 7.599999999999994
endloop
endfacet
facet normal -6.123233995736766e-17 0.0 1.0
outer loop
vertex 34.75 0.7368602791855867 7.599999999999994
vertex 35.06741220379549 0.5671999215702144 7.599999999999994
vertex 34.90091900693144 4.9830106466572595 7.599999999999994
endloop
endfacet
facet normal -6.123233995736766e-17 0.0 1.0
outer loop
vertex 36.07649525193614 0.18740795541012467 7.599999999999994
vertex 36.175 3.2050326799712376 7.599999999999994
vertex 36.027738882498056 3.2966055273982553 7.599999999999994
endloop
endfacet
facet normal -6.123233995736766e-17 0.0 1.0
outer loop
vertex 36.07649525193614 0.18740795541012467 7.599999999999994
vertex 36.32793497091964 3.123287234938376 7.599999999999994
vertex 36.175 3.2050326799712376 7.599999999999994
endloop
endfacet
facet normal -6.123233995736766e-17 0.0 1.0
outer loop
vertex 36.07649525193614 0.18740795541012467 7.599999999999994
vertex 36.027738882498056 3.2966055273982553 7.599999999999994
vertex 35.88678221312689 3.3976136482282264 7.599999999999994
endloop
endfacet
facet normal -6.123233995736766e-17 0.0 1.0
outer loop
vertex 35.73208294083261 0.2918842877769183 7.599999999999994
vertex 35.752733589984814 3.50762451018071 7.599999999999994
vertex 35.62616702985565 3.626167029855649 7.599999999999994
endloop
endfacet
facet normal -6.123233995736766e-17 0.0 1.0
outer loop
vertex 35.73208294083261 0.2918842877769183 7.599999999999994
vertex 35.88678221312689 3.3976136482282264 7.599999999999994
vertex 35.752733589984814 3.50762451018071 7.599999999999994
endloop
endfacet
facet normal -6.123233995736766e-17 0.0 1.0
outer loop
vertex 35.73208294083261 0.2918842877769183 7.599999999999994
vertex 35.62616702985565 3.626167029855649 7.599999999999994
vertex 35.50762451018071 3.7527335899848175 7.599999999999994
endloop
endfacet
facet normal -6.123233995736766e-17 0.0 1.0
outer loop
vertex 36.427003228911296 0.10568095778223263 7.599999999999994
vertex 36.64818541694662 2.9906351568379694 7.599999999999994
vertex 36.48588890423251 3.0517192388450898 7.599999999999994
endloop
endfacet
facet normal -6.123233995736766e-17 0.0 1.0
outer loop
vertex 36.427003228911296 0.10568095778223263 7.599999999999994
vertex 36.48588890423251 3.0517192388450898 7.599999999999994
vertex 36.32793497091964 3.123287234938376 7.599999999999994
endloop
endfacet
facet normal -6.123233995736766e-17 0.0 1.0
outer loop
vertex 36.78210594278971 0.04705326244404251 7.599999999999994
vertex 36.81412953047832 2.9402965603339695 7.599999999999994
vertex 36.64818541694662 2.9906351568379694 7.599999999999994
endloop
endfacet
facet normal -6.123233995736766e-17 0.0 1.0
outer loop
vertex 36.78210594278971 0.04705326244404251 7.599999999999994
vertex 36.98301064665726 2.9009190069314394 7.599999999999994
vertex 36.81412953047832 2.9402965603339695 7.599999999999994
endloop
endfacet
facet normal -6.123233995736766e-17 0.0 1.0
outer loop
vertex 37.14028278923421 0.011775922187680976 7.599999999999994
vertex 37.154105590616865 2.8726711173594026 7.599999999999994
vertex 36.98301064665726 2.9009190069314394 7.599999999999994
endloop
endfacet
facet normal -6.123233995736766e-17 0.0 1.0
outer loop
vertex 37.14028278923421 0.011775922187680976 7.599999999999994
vertex 37.32668170754012 2.8556738534177004 7.599999999999994
vertex 37.154105590616865 2.8726711173594026 7.599999999999994
endloop
endfacet
facet normal -6.123233995736766e-17 0.0 1.0
outer loop
vertex 37.5 0.0 7.599999999999994
vertex 37.5 2.8499999999999996 7.599999999999994
vertex 37.32668170754012 2.8556738534177004 7.599999999999994
endloop
endfacet
facet normal -6.123233995736766e-17 0.0 1.0
outer loop
vertex 35.39524112199201 0.41866257118792305 7.599999999999994
vertex 35.50762451018071 3.7527335899848175 7.599999999999994
vertex 35.39761364822823 3.8867822131268905 7.599999999999994
endloop
endfacet
facet normal -6.123233995736766e-17 0.0 1.0
outer loop
vertex 35.39524112199201 0.41866257118792305 7.599999999999994
vertex 35.39761364822823 3.8867822131268905 7.599999999999994
vertex 35.296605527398256 4.0277388824980545 7.599999999999994
endloop
endfacet
facet normal -6.123233995736766e-17 0.0 1.0
outer loop
vertex 35.06741220379549 0.5671999215702144 7.599999999999994
vertex 35.20503267997124 4.175000000000001 7.599999999999994
vertex 35.123287234938374 4.327934970919646 7.599999999999994
endloop
endfacet
facet normal -6.123233995736766e-17 0.0 1.0
outer loop
vertex 35.39524112199201 0.41866257118792305 7.599999999999994
vertex 35.296605527398256 4.0277388824980545 7.599999999999994
vertex 35.20503267997124 4.175000000000001 7.599999999999994
endloop
endfacet
facet normal -6.123233995736766e-17 0.0 1.0
outer loop
vertex 35.06741220379549 0.5671999215702144 7.599999999999994
vertex 35.123287234938374 4.327934970919646 7.599999999999994
vertex 35.051719238845095 4.485888904232512 7.599999999999994
endloop
endfacet
facet normal -6.123233995736766e-17 0.0 1.0
outer loop
vertex 35.06741220379549 0.5671999215702144 7.599999999999994
vertex 35.051719238845095 4.485888904232512 7.599999999999994
vertex 34.99063515683797 4.648185416946621 7.599999999999994
endloop
endfacet
facet normal -6.123233995736766e-17 0.0 1.0
outer loop
vertex 35.06741220379549 0.5671999215702144 7.599999999999994
vertex 34.99063515683797 4.648185416946621 7.599999999999994
vertex 34.94029656033397 4.81412953047832 7.599999999999994
endloop
endfacet
facet normal -6.123233995736766e-17 0.0 1.0
outer loop
vertex 35.06741220379549 0.5671999215702144 7.599999999999994
vertex 34.94029656033397 4.81412953047832 7.599999999999994
vertex 34.90091900693144 4.9830106466572595 7.599999999999994
endloop
endfacet
facet normal -6.123233995736766e-17 0.0 1.0
outer loop
vertex 37.85971721076579 0.011775922187680976 7.599999999999994
vertex 38.21789405721028 0.04705326244404251 7.599999999999994
vertex 37.845894409383135 2.8726711173594026 7.599999999999994
endloop
endfacet
facet normal -6.123233995736766e-17 0.0 1.0
outer loop
vertex 38.21789405721028 0.04705326244404251 7.599999999999994
vertex 38.572996771088704 0.10568095778223263 7.599999999999994
vertex 38.18587046952168 2.9402965603339695 7.599999999999994
endloop
endfacet
facet normal -6.123233995736766e-17 0.0 1.0
outer loop
vertex 38.572996771088704 0.10568095778223263 7.599999999999994
vertex 38.92350474806386 0.18740795541012467 7.599999999999994
vertex 38.51411109576749 3.0517192388450898 7.599999999999994
endloop
endfacet
facet normal -6.123233995736766e-17 0.0 1.0
outer loop
vertex 38.92350474806386 0.18740795541012467 7.599999999999994
vertex 39.26791705916739 0.2918842877769183 7.599999999999994
vertex 38.825 3.2050326799712376 7.599999999999994
endloop
endfacet
facet normal -6.123233995736766e-17 0.0 1.0
outer loop
vertex 39.26791705916739 0.2918842877769183 7.599999999999994
vertex 39.60475887800799 0.41866257118792305 7.599999999999994
vertex 39.247266410015186 3.50762451018071 7.599999999999994
endloop
endfacet
facet normal -6.123233995736766e-17 0.0 1.0
outer loop
vertex 39.60475887800799 0.41866257118792305 7.599999999999994
vertex 39.93258779620451 0.5671999215702144 7.599999999999994
vertex 39.60238635177177 3.8867822131268905 7.599999999999994
endloop
endfacet
facet normal -6.123233995736766e-17 0.0 1.0
outer loop
vertex 37.85971721076579 0.011775922187680976 7.599999999999994
vertex 37.67331829245988 2.8556738534177004 7.599999999999994
vertex 37.5 2.8499999999999996 7.599999999999994
endloop
endfacet
facet normal -6.123233995736766e-17 0.0 1.0
outer loop
vertex 37.85971721076579 0.011775922187680976 7.599999999999994
vertex 37.845894409383135 2.8726711173594026 7.599999999999994
vertex 37.67331829245988 2.8556738534177004 7.599999999999994
endloop
endfacet
facet normal -6.123233995736766e-17 0.0 1.0
outer loop
vertex 38.21789405721028 0.04705326244404251 7.599999999999994
vertex 38.01698935334274 2.9009190069314394 7.599999999999994
vertex 37.845894409383135 2.8726711173594026 7.599999999999994
endloop
endfacet
facet normal -6.123233995736766e-17 0.0 1.0
outer loop
vertex 38.21789405721028 0.04705326244404251 7.599999999999994
vertex 38.18587046952168 2.9402965603339695 7.599999999999994
vertex 38.01698935334274 2.9009190069314394 7.599999999999994
endloop
endfacet
facet normal -6.123233995736766e-17 0.0 1.0
outer loop
vertex 38.572996771088704 0.10568095778223263 7.599999999999994
vertex 38.351814583053375 2.9906351568379694 7.599999999999994
vertex 38.18587046952168 2.9402965603339695 7.599999999999994
endloop
endfacet
facet normal -6.123233995736766e-17 0.0 1.0
outer loop
vertex 38.572996771088704 0.10568095778223263 7.599999999999994
vertex 38.51411109576749 3.0517192388450898 7.599999999999994
vertex 38.351814583053375 2.9906351568379694 7.599999999999994
endloop
endfacet
facet normal -6.123233995736766e-17 0.0 1.0
outer loop
vertex 38.92350474806386 0.18740795541012467 7.599999999999994
vertex 38.67206502908035 3.123287234938376 7.599999999999994
vertex 38.51411109576749 3.0517192388450898 7.599999999999994
endloop
endfacet
facet normal -6.123233995736766e-17 0.0 1.0
outer loop
vertex 38.92350474806386 0.18740795541012467 7.599999999999994
vertex 38.825 3.2050326799712376 7.599999999999994
vertex 38.67206502908035 3.123287234938376 7.599999999999994
endloop
endfacet
facet normal -6.123233995736766e-17 0.0 1.0
outer loop
vertex 39.93258779620451 0.5671999215702144 7.599999999999994
vertex 40.25 0.7368602791855867 7.599999999999994
vertex 39.876712765061626 4.327934970919646 7.599999999999994
endloop
endfacet
facet normal -6.123233995736766e-17 0.0 1.0
outer loop
vertex 39.26791705916739 0.2918842877769183 7.599999999999994
vertex 38.972261117501944 3.2966055273982553 7.599999999999994
vertex 38.825 3.2050326799712376 7.599999999999994
endloop
endfacet
facet normal -6.123233995736766e-17 0.0 1.0
outer loop
vertex 39.26791705916739 0.2918842877769183 7.599999999999994
vertex 39.11321778687311 3.3976136482282264 7.599999999999994
vertex 38.972261117501944 3.2966055273982553 7.599999999999994
endloop
endfacet
facet normal -6.123233995736766e-17 0.0 1.0
outer loop
vertex 39.26791705916739 0.2918842877769183 7.599999999999994
vertex 39.247266410015186 3.50762451018071 7.599999999999994
vertex 39.11321778687311 3.3976136482282264 7.599999999999994
endloop
endfacet
facet normal -6.123233995736766e-17 0.0 1.0
outer loop
vertex 39.60475887800799 0.41866257118792305 7.599999999999994
vertex 39.37383297014435 3.626167029855649 7.599999999999994
vertex 39.247266410015186 3.50762451018071 7.599999999999994
endloop
endfacet
facet normal -6.123233995736766e-17 0.0 1.0
outer loop
vertex 39.60475887800799 0.41866257118792305 7.599999999999994
vertex 39.49237548981929 3.7527335899848175 7.599999999999994
vertex 39.37383297014435 3.626167029855649 7.599999999999994
endloop
endfacet
facet normal -6.123233995736766e-17 0.0 1.0
outer loop
vertex 39.60475887800799 0.41866257118792305 7.599999999999994
vertex 39.60238635177177 3.8867822131268905 7.599999999999994
vertex 39.49237548981929 3.7527335899848175 7.599999999999994
endloop
endfacet
facet normal -6.123233995736766e-17 0.0 1.0
outer loop
vertex 39.93258779620451 0.5671999215702144 7.599999999999994
vertex 39.703394472601744 4.0277388824980545 7.599999999999994
vertex 39.60238635177177 3.8867822131268905 7.599999999999994
endloop
endfacet
facet normal -6.123233995736766e-17 0.0 1.0
outer loop
vertex 39.93258779620451 0.5671999215702144 7.599999999999994
vertex 39.79496732002876 4.175000000000001 7.599999999999994
vertex 39.703394472601744 4.0277388824980545 7.599999999999994
endloop
endfacet
facet normal -6.123233995736766e-17 0.0 1.0
outer loop
vertex 39.93258779620451 0.5671999215702144 7.599999999999994
vertex 39.876712765061626 4.327934970919646 7.599999999999994
vertex 39.79496732002876 4.175000000000001 7.599999999999994
endloop
endfacet
facet normal -6.123233995736766e-17 0.0 1.0
outer loop
vertex 40.25 0.7368602791855867 7.599999999999994
vertex 39.94828076115491 4.485888904232512 7.599999999999994
vertex 39.876712765061626 4.327934970919646 7.599999999999994
endloop
endfacet
facet normal -6.123233995736766e-17 0.0 1.0
outer loop
vertex 40.25 0.7368602791855867 7.599999999999994
vertex 40.00936484316203 4.648185416946621 7.599999999999994
vertex 39.94828076115491 4.485888904232512 7.599999999999994
endloop
endfacet
facet normal -6.123233995736766e-17 0.0 1.0
outer loop
vertex 40.25 0.7368602791855867 7.599999999999994
vertex 40.05970343966603 4.81412953047832 7.599999999999994
vertex 40.00936484316203 4.648185416946621 7.599999999999994
endloop
endfacet
facet normal -6.123233995736766e-17 0.0 1.0
outer loop
vertex 33.36488105886562 1.8735980169496216 7.599999999999994
vertex 33.13655662839821 8.848187859547963 7.599999999999994
vertex 33.13655662839821 2.1518121404520363 7.599999999999994
endloop
endfacet
facet normal -6.123233995736766e-17 0.0 1.0
outer loop
vertex 33.610912703473986 1.6109127034739892 7.599999999999994
vertex 33.36488105886562 9.126401983050378 7.599999999999994
vertex 33.36488105886562 1.8735980169496216 7.599999999999994
endloop
endfacet
facet normal -6.123233995736766e-17 0.0 1.0
outer loop
vertex 34.75 0.7368602791855867 7.599999999999994
vertex 34.90091900693144 4.9830106466572595 7.599999999999994
vertex 34.8726711173594 5.154105590616863 7.599999999999994
endloop
endfacet
facet normal -6.123233995736766e-17 0.0 1.0
outer loop
vertex 34.75 0.7368602791855867 7.599999999999994
vertex 34.8726711173594 5.154105590616863 7.599999999999994
vertex 34.8556738534177 5.326681707540121 7.599999999999994
endloop
endfacet
facet normal -6.123233995736766e-17 0.0 1.0
outer loop
vertex 34.75 0.7368602791855867 7.599999999999994
vertex 34.8556738534177 5.326681707540121 7.599999999999994
vertex 34.85 5.5 7.599999999999994
endloop
endfacet
facet normal -6.123233995736766e-17 0.0 1.0
outer loop
vertex 34.15181214045204 1.136556628398207 7.599999999999994
vertex 34.44436371839219 0.9269171323360013 7.599999999999994
vertex 34.15181214045204 9.863443371601793 7.599999999999994
endloop
endfacet
facet normal -6.123233995736766e-17 0.0 1.0
outer loop
vertex 34.15181214045204 1.136556628398207 7.599999999999994
vertex 33.87359801694962 9.635118941134376 7.599999999999994
vertex 33.87359801694962 1.364881058865624 7.599999999999994
endloop
endfacet
facet normal -6.123233995736766e-17 0.0 1.0
outer loop
vertex 33.87359801694962 1.364881058865624 7.599999999999994
vertex 33.610912703473986 9.38908729652601 7.599999999999994
vertex 33.610912703473986 1.6109127034739892 7.599999999999994
endloop
endfacet
facet normal -6.123233995736766e-17 0.0 1.0
outer loop
vertex 34.75 0.7368602791855867 7.599999999999994
vertex 34.44436371839219 10.073082867663999 7.599999999999994
vertex 34.44436371839219 0.9269171323360013 7.599999999999994
endloop
endfacet
facet normal -6.123233995736766e-17 0.0 1.0
outer loop
vertex 32.926917132336 2.4443637183921876 7.599999999999994
vertex 32.736860279185585 8.25 7.599999999999994
vertex 32.736860279185585 2.75 7.599999999999994
endloop
endfacet
facet normal -6.123233995736766e-17 0.0 1.0
outer loop
vertex 32.567199921570214 3.0674122037954934 7.599999999999994
vertex 32.41866257118792 7.604758878007994 7.599999999999994
vertex 32.41866257118792 3.3952411219920062 7.599999999999994
endloop
endfacet
facet normal -6.123233995736766e-17 0.0 1.0
outer loop
vertex 32.736860279185585 2.75 7.599999999999994
vertex 32.567199921570214 7.932587796204507 7.599999999999994
vertex 32.567199921570214 3.0674122037954934 7.599999999999994
endloop
endfacet
facet normal -6.123233995736766e-17 0.0 1.0
outer loop
vertex 33.13655662839821 2.1518121404520363 7.599999999999994
vertex 32.926917132336 8.555636281607812 7.599999999999994
vertex 33.03036670996773 2.3000000000000007 7.599999999999994
endloop
endfacet
facet normal -6.123233995736766e-17 0.0 1.0
outer loop
vertex 33.03036670996773 2.3000000000000007 7.599999999999994
vertex 32.926917132336 8.555636281607812 7.599999999999994
vertex 32.926917132336 2.4443637183921876 7.599999999999994
endloop
endfacet
facet normal -6.123233995736766e-17 0.0 1.0
outer loop
vertex 32.41866257118792 3.3952411219920062 7.599999999999994
vertex 32.29188428777692 7.267917059167388 7.599999999999994
vertex 32.29188428777692 3.732082940832612 7.599999999999994
endloop
endfacet
facet normal -6.123233995736766e-17 0.0 1.0
outer loop
vertex 32.18740795541012 6.9235047480638645 7.599999999999994
vertex 32.29188428777692 3.732082940832612 7.599999999999994
vertex 32.29188428777692 7.267917059167388 7.599999999999994
endloop
endfacet
facet normal -6.123233995736766e-17 0.0 1.0
outer loop
vertex 34.75 0.7368602791855867 7.599999999999994
vertex 34.85 5.5 7.599999999999994
vertex 34.75 10.263139720814413 7.599999999999994
endloop
endfacet
facet normal -6.123233995736766e-17 0.0 1.0
outer loop
vertex 32.41866257118792 3.3952411219920062 7.599999999999994
vertex 32.41866257118792 7.604758878007994 7.599999999999994
vertex 32.29188428777692 7.267917059167388 7.599999999999994
endloop
endfacet
facet normal -6.123233995736766e-17 0.0 1.0
outer loop
vertex 32.567199921570214 3.0674122037954934 7.599999999999994
vertex 32.567199921570214 7.932587796204507 7.599999999999994
vertex 32.41866257118792 7.604758878007994 7.599999999999994
endloop
endfacet
facet normal -6.123233995736766e-17 0.0 1.0
outer loop
vertex 32.736860279185585 2.75 7.599999999999994
vertex 32.736860279185585 8.25 7.599999999999994
vertex 32.567199921570214 7.932587796204507 7.599999999999994
endloop
endfacet
facet normal -6.123233995736766e-17 0.0 1.0
outer loop
vertex 32.926917132336 2.4443637183921876 7.599999999999994
vertex 32.926917132336 8.555636281607812 7.599999999999994
vertex 32.736860279185585 8.25 7.599999999999994
endloop
endfacet
facet normal -6.123233995736766e-17 0.0 1.0
outer loop
vertex 33.13655662839821 2.1518121404520363 7.599999999999994
vertex 33.03036670996773 8.700000000000001 7.599999999999994
vertex 32.926917132336 8.555636281607812 7.599999999999994
endloop
endfacet
facet normal -6.123233995736766e-17 0.0 1.0
outer loop
vertex 33.13655662839821 2.1518121404520363 7.599999999999994
vertex 33.13655662839821 8.848187859547963 7.599999999999994
vertex 33.03036670996773 8.700000000000001 7.599999999999994
endloop
endfacet
facet normal -6.123233995736766e-17 0.0 1.0
outer loop
vertex 33.36488105886562 1.8735980169496216 7.599999999999994
vertex 33.36488105886562 9.126401983050378 7.599999999999994
vertex 33.13655662839821 8.848187859547963 7.599999999999994
endloop
endfacet
facet normal -6.123233995736766e-17 0.0 1.0
outer loop
vertex 33.610912703473986 1.6109127034739892 7.599999999999994
vertex 33.610912703473986 9.38908729652601 7.599999999999994
vertex 33.36488105886562 9.126401983050378 7.599999999999994
endloop
endfacet
facet normal -6.123233995736766e-17 0.0 1.0
outer loop
vertex 33.87359801694962 1.364881058865624 7.599999999999994
vertex 33.87359801694962 9.635118941134376 7.599999999999994
vertex 33.610912703473986 9.38908729652601 7.599999999999994
endloop
endfacet
facet normal -6.123233995736766e-17 0.0 1.0
outer loop
vertex 34.15181214045204 1.136556628398207 7.599999999999994
vertex 34.15181214045204 9.863443371601793 7.599999999999994
vertex 33.87359801694962 9.635118941134376 7.599999999999994
endloop
endfacet
facet normal -6.123233995736766e-17 0.0 1.0
outer loop
vertex 34.44436371839219 0.9269171323360013 7.599999999999994
vertex 34.3 9.96963329003227 7.599999999999994
vertex 34.15181214045204 9.863443371601793 7.599999999999994
endloop
endfacet
facet normal -6.123233995736766e-17 0.0 1.0
outer loop
vertex 40.25 0.7368602791855867 7.599999999999994
vertex 40.09908099306856 4.9830106466572595 7.599999999999994
vertex 40.05970343966603 4.81412953047832 7.599999999999994
endloop
endfacet
facet normal -6.123233995736766e-17 0.0 1.0
outer loop
vertex 40.25 0.7368602791855867 7.599999999999994
vertex 40.1273288826406 5.154105590616863 7.599999999999994
vertex 40.09908099306856 4.9830106466572595 7.599999999999994
endloop
endfacet
facet normal -6.123233995736766e-17 0.0 1.0
outer loop
vertex 40.25 0.7368602791855867 7.599999999999994
vertex 40.1443261465823 5.326681707540121 7.599999999999994
vertex 40.1273288826406 5.154105590616863 7.599999999999994
endloop
endfacet
facet normal -6.123233995736766e-17 0.0 1.0
outer loop
vertex 40.25 0.7368602791855867 7.599999999999994
vertex 40.15 5.5 7.599999999999994
vertex 40.1443261465823 5.326681707540121 7.599999999999994
endloop
endfacet
facet normal -6.123233995736766e-17 0.0 1.0
outer loop
vertex 40.25 0.7368602791855867 7.599999999999994
vertex 40.55563628160781 0.9269171323360013 7.599999999999994
vertex 40.25 10.263139720814413 7.599999999999994
endloop
endfacet
facet normal -6.123233995736766e-17 0.0 1.0
outer loop
vertex 40.55563628160781 0.9269171323360013 7.599999999999994
vertex 40.84818785954796 1.136556628398207 7.599999999999994
vertex 40.55563628160781 10.073082867663999 7.599999999999994
endloop
endfacet
facet normal -6.123233995736766e-17 0.0 1.0
outer loop
vertex 40.84818785954796 1.136556628398207 7.599999999999994
vertex 41.12640198305038 1.364881058865624 7.599999999999994
vertex 40.84818785954796 9.863443371601793 7.599999999999994
endloop
endfacet
facet normal -6.123233995736766e-17 0.0 1.0
outer loop
vertex 41.12640198305038 1.364881058865624 7.599999999999994
vertex 41.389087296526014 1.6109127034739892 7.599999999999994
vertex 41.12640198305038 9.635118941134376 7.599999999999994
endloop
endfacet
facet normal -6.123233995736766e-17 0.0 1.0
outer loop
vertex 41.389087296526014 1.6109127034739892 7.599999999999994
vertex 41.63511894113438 1.8735980169496216 7.599999999999994
vertex 41.389087296526014 9.38908729652601 7.599999999999994
endloop
endfacet
facet normal -6.123233995736766e-17 0.0 1.0
outer loop
vertex 41.63511894113438 1.8735980169496216 7.599999999999994
vertex 41.86344337160179 2.1518121404520363 7.599999999999994
vertex 41.63511894113438 9.126401983050378 7.599999999999994
endloop
endfacet
facet normal -6.123233995736766e-17 0.0 1.0
outer loop
vertex 41.86344337160179 2.1518121404520363 7.599999999999994
vertex 42.073082867664 2.4443637183921876 7.599999999999994
vertex 41.86344337160179 8.848187859547963 7.599999999999994
endloop
endfacet
facet normal -6.123233995736766e-17 0.0 1.0
outer loop
vertex 42.073082867664 2.4443637183921876 7.599999999999994
vertex 42.263139720814415 2.75 7.599999999999994
vertex 42.073082867664 8.555636281607812 7.599999999999994
endloop
endfacet
facet normal -6.123233995736766e-17 0.0 1.0
outer loop
vertex 42.263139720814415 2.75 7.599999999999994
vertex 42.432800078429786 3.0674122037954934 7.599999999999994
vertex 42.263139720814415 8.25 7.599999999999994
endloop
endfacet
facet normal -6.123233995736766e-17 0.0 1.0
outer loop
vertex 42.432800078429786 3.0674122037954934 7.599999999999994
vertex 42.58133742881208 3.3952411219920062 7.599999999999994
vertex 42.432800078429786 7.932587796204507 7.599999999999994
endloop
endfacet
facet normal -6.123233995736766e-17 0.0 1.0
outer loop
vertex 42.58133742881208 3.3952411219920062 7.599999999999994
vertex 42.70811571222308 3.732082940832612 7.599999999999994
vertex 42.58133742881208 7.604758878007994 7.599999999999994
endloop
endfacet
facet normal -6.123233995736766e-17 0.0 1.0
outer loop
vertex 42.70811571222308 3.732082940832612 7.599999999999994
vertex 42.81259204458988 4.0764952519361355 7.599999999999994
vertex 42.70811571222308 7.267917059167388 7.599999999999994
endloop
endfacet
facet normal -6.123233995736766e-17 0.0 1.0
outer loop
vertex 42.81259204458988 4.0764952519361355 7.599999999999994
vertex 42.89431904221777 4.427003228911294 7.599999999999994
vertex 42.81259204458988 6.9235047480638645 7.599999999999994
endloop
endfacet
facet normal -6.123233995736766e-17 0.0 1.0
outer loop
vertex 40.25 0.7368602791855867 7.599999999999994
vertex 40.25 10.263139720814413 7.599999999999994
vertex 40.15 5.5 7.599999999999994
endloop
endfacet
facet normal -6.123233995736766e-17 0.0 1.0
outer loop
vertex 42.89431904221777 4.427003228911294 7.599999999999994
vertex 42.952946737555955 4.782105942789716 7.599999999999994
vertex 42.89431904221777 6.572996771088706 7.599999999999994
endloop
endfacet
facet normal -6.123233995736766e-17 0.0 1.0
outer loop
vertex 42.952946737555955 4.782105942789716 7.599999999999994
vertex 42.98822407781232 5.140282789234213 7.599999999999994
vertex 42.952946737555955 6.217894057210284 7.599999999999994
endloop
endfacet
facet normal -6.123233995736766e-17 0.0 1.0
outer loop
vertex 42.98822407781232 5.140282789234213 7.599999999999994
vertex 43.0 5.5 7.599999999999994
vertex 42.98822407781232 5.859717210765787 7.599999999999994
endloop
endfacet
facet normal -6.123233995736766e-17 0.0 1.0
outer loop
vertex 42.98822407781232 5.140282789234213 7.599999999999994
vertex 42.98822407781232 5.859717210765787 7.599999999999994
vertex 42.952946737555955 6.217894057210284 7.599999999999994
endloop
endfacet
facet normal -6.123233995736766e-17 0.0 1.0
outer loop
vertex 42.952946737555955 4.782105942789716 7.599999999999994
vertex 42.952946737555955 6.217894057210284 7.599999999999994
vertex 42.89431904221777 6.572996771088706 7.599999999999994
endloop
endfacet
facet normal -6.123233995736766e-17 0.0 1.0
outer loop
vertex 42.89431904221777 4.427003228911294 7.599999999999994
vertex 42.89431904221777 6.572996771088706 7.599999999999994
vertex 42.81259204458988 6.9235047480638645 7.599999999999994
endloop
endfacet
facet normal -6.123233995736766e-17 0.0 1.0
outer loop
vertex 41.389087296526014 1.6109127034739892 7.599999999999994
vertex 41.389087296526014 9.38908729652601 7.599999999999994
vertex 41.12640198305038 9.635118941134376 7.599999999999994
endloop
endfacet
facet normal -6.123233995736766e-17 0.0 1.0
outer loop
vertex 41.63511894113438 1.8735980169496216 7.599999999999994
vertex 41.63511894113438 9.126401983050378 7.599999999999994
vertex 41.389087296526014 9.38908729652601 7.599999999999994
endloop
endfacet
facet normal -6.123233995736766e-17 0.0 1.0
outer loop
vertex 42.81259204458988 4.0764952519361355 7.599999999999994
vertex 42.81259204458988 6.9235047480638645 7.599999999999994
vertex 42.70811571222308 7.267917059167388 7.599999999999994
endloop
endfacet
facet normal -6.123233995736766e-17 0.0 1.0
outer loop
vertex 42.70811571222308 3.732082940832612 7.599999999999994
vertex 42.70811571222308 7.267917059167388 7.599999999999994
vertex 42.58133742881208 7.604758878007994 7.599999999999994
endloop
endfacet
facet normal -6.123233995736766e-17 0.0 1.0
outer loop
vertex 42.58133742881208 3.3952411219920062 7.599999999999994
vertex 42.58133742881208 7.604758878007994 7.599999999999994
vertex 42.432800078429786 7.932587796204507 7.599999999999994
endloop
endfacet
facet normal -6.123233995736766e-17 0.0 1.0
outer loop
vertex 42.432800078429786 3.0674122037954934 7.599999999999994
vertex 42.432800078429786 7.932587796204507 7.599999999999994
vertex 42.263139720814415 8.25 7.599999999999994
endloop
endfacet
facet normal -6.123233995736766e-17 0.0 1.0
outer loop
vertex 42.263139720814415 2.75 7.599999999999994
vertex 42.263139720814415 8.25 7.599999999999994
vertex 42.073082867664 8.555636281607812 7.599999999999994
endloop
endfacet
facet normal -6.123233995736766e-17 0.0 1.0
outer loop
vertex 42.073082867664 2.4443637183921876 7.599999999999994
vertex 42.073082867664 8.555636281607812 7.599999999999994
vertex 41.86344337160179 8.848187859547963 7.599999999999994
endloop
endfacet
facet normal -6.123233995736766e-17 0.0 1.0
outer loop
vertex 41.86344337160179 2.1518121404520363 7.599999999999994
vertex 41.86344337160179 8.848187859547963 7.599999999999994
vertex 41.63511894113438 9.126401983050378 7.599999999999994
endloop
endfacet
facet normal -6.123233995736766e-17 0.0 1.0
outer loop
vertex 34.44436371839219 0.9269171323360013 7.599999999999994
vertex 34.44436371839219 10.073082867663999 7.599999999999994
vertex 34.3 9.96963329003227 7.599999999999994
endloop
endfacet
facet normal -6.123233995736766e-17 0.0 1.0
outer loop
vertex 34.75 0.7368602791855867 7.599999999999994
vertex 34.75 10.263139720814413 7.599999999999994
vertex 34.44436371839219 10.073082867663999 7.599999999999994
endloop
endfacet
facet normal -6.123233995736766e-17 0.0 1.0
outer loop
vertex 34.75 10.263139720814413 7.599999999999994
vertex 34.85 5.5 7.599999999999994
vertex 34.8556738534177 5.673318292459879 7.599999999999994
endloop
endfacet
facet normal -6.123233995736766e-17 0.0 1.0
outer loop
vertex 34.75 10.263139720814413 7.599999999999994
vertex 34.8556738534177 5.673318292459879 7.599999999999994
vertex 34.8726711173594 5.845894409383137 7.599999999999994
endloop
endfacet
facet normal -6.123233995736766e-17 0.0 1.0
outer loop
vertex 34.75 10.263139720814413 7.599999999999994
vertex 34.8726711173594 5.845894409383137 7.599999999999994
vertex 34.90091900693144 6.0169893533427405 7.599999999999994
endloop
endfacet
facet normal -6.123233995736766e-17 0.0 1.0
outer loop
vertex 34.75 10.263139720814413 7.599999999999994
vertex 34.90091900693144 6.0169893533427405 7.599999999999994
vertex 34.94029656033397 6.18587046952168 7.599999999999994
endloop
endfacet
facet normal -6.123233995736766e-17 0.0 1.0
outer loop
vertex 34.75 10.263139720814413 7.599999999999994
vertex 34.94029656033397 6.18587046952168 7.599999999999994
vertex 34.99063515683797 6.351814583053379 7.599999999999994
endloop
endfacet
facet normal -6.123233995736766e-17 0.0 1.0
outer loop
vertex 34.75 10.263139720814413 7.599999999999994
vertex 34.99063515683797 6.351814583053379 7.599999999999994
vertex 35.051719238845095 6.514111095767488 7.599999999999994
endloop
endfacet
facet normal -6.123233995736766e-17 0.0 1.0
outer loop
vertex 34.75 10.263139720814413 7.599999999999994
vertex 35.051719238845095 6.514111095767488 7.599999999999994
vertex 35.123287234938374 6.672065029080354 7.599999999999994
endloop
endfacet
facet normal -6.123233995736766e-17 0.0 1.0
outer loop
vertex 35.06741220379549 10.432800078429786 7.599999999999994
vertex 35.123287234938374 6.672065029080354 7.599999999999994
vertex 35.20503267997124 6.824999999999999 7.599999999999994
endloop
endfacet
facet normal -6.123233995736766e-17 0.0 1.0
outer loop
vertex 35.06741220379549 10.432800078429786 7.599999999999994
vertex 35.20503267997124 6.824999999999999 7.599999999999994
vertex 35.296605527398256 6.9722611175019455 7.599999999999994
endloop
endfacet
facet normal -6.123233995736766e-17 0.0 1.0
outer loop
vertex 35.06741220379549 10.432800078429786 7.599999999999994
vertex 35.296605527398256 6.9722611175019455 7.599999999999994
vertex 35.39761364822823 7.1132177868731095 7.599999999999994
endloop
endfacet
facet normal -6.123233995736766e-17 0.0 1.0
outer loop
vertex 35.39524112199201 10.581337428812077 7.599999999999994
vertex 35.39761364822823 7.1132177868731095 7.599999999999994
vertex 35.50762451018071 7.2472664100151825 7.599999999999994
endloop
endfacet
facet normal -6.123233995736766e-17 0.0 1.0
outer loop
vertex 35.39524112199201 10.581337428812077 7.599999999999994
vertex 35.50762451018071 7.2472664100151825 7.599999999999994
vertex 35.62616702985565 7.373832970144351 7.599999999999994
endloop
endfacet
facet normal -6.123233995736766e-17 0.0 1.0
outer loop
vertex 35.39524112199201 10.581337428812077 7.599999999999994
vertex 35.62616702985565 7.373832970144351 7.599999999999994
vertex 35.752733589984814 7.49237548981929 7.599999999999994
endloop
endfacet
facet normal -6.123233995736766e-17 0.0 1.0
outer loop
vertex 35.73208294083261 10.708115712223082 7.599999999999994
vertex 35.752733589984814 7.49237548981929 7.599999999999994
vertex 35.88678221312689 7.602386351771774 7.599999999999994
endloop
endfacet
facet normal -6.123233995736766e-17 0.0 1.0
outer loop
vertex 35.73208294083261 10.708115712223082 7.599999999999994
vertex 35.88678221312689 7.602386351771774 7.599999999999994
vertex 36.027738882498056 7.703394472601744 7.599999999999994
endloop
endfacet
facet normal -6.123233995736766e-17 0.0 1.0
outer loop
vertex 35.73208294083261 10.708115712223082 7.599999999999994
vertex 36.027738882498056 7.703394472601744 7.599999999999994
vertex 36.175 7.794967320028762 7.599999999999994
endloop
endfacet
facet normal -6.123233995736766e-17 0.0 1.0
outer loop
vertex 36.07649525193614 10.812592044589875 7.599999999999994
vertex 36.175 7.794967320028762 7.599999999999994
vertex 36.32793497091964 7.876712765061624 7.599999999999994
endloop
endfacet
facet normal -6.123233995736766e-17 0.0 1.0
outer loop
vertex 34.75 10.263139720814413 7.599999999999994
vertex 35.123287234938374 6.672065029080354 7.599999999999994
vertex 35.06741220379549 10.432800078429786 7.599999999999994
endloop
endfacet
facet normal -6.123233995736766e-17 0.0 1.0
outer loop
vertex 35.06741220379549 10.432800078429786 7.599999999999994
vertex 35.39761364822823 7.1132177868731095 7.599999999999994
vertex 35.39524112199201 10.581337428812077 7.599999999999994
endloop
endfacet
facet normal -6.123233995736766e-17 0.0 1.0
outer loop
vertex 36.07649525193614 10.812592044589875 7.599999999999994
vertex 36.32793497091964 7.876712765061624 7.599999999999994
vertex 36.48588890423251 7.94828076115491 7.599999999999994
endloop
endfacet
facet normal -6.123233995736766e-17 0.0 1.0
outer loop
vertex 36.427003228911296 10.894319042217766 7.599999999999994
vertex 36.48588890423251 7.94828076115491 7.599999999999994
vertex 36.64818541694662 8.00936484316203 7.599999999999994
endloop
endfacet
facet normal -6.123233995736766e-17 0.0 1.0
outer loop
vertex 36.427003228911296 10.894319042217766 7.599999999999994
vertex 36.64818541694662 8.00936484316203 7.599999999999994
vertex 36.81412953047832 8.05970343966603 7.599999999999994
endloop
endfacet
facet normal -6.123233995736766e-17 0.0 1.0
outer loop
vertex 36.78210594278971 10.952946737555958 7.599999999999994
vertex 36.81412953047832 8.05970343966603 7.599999999999994
vertex 36.98301064665726 8.099080993068561 7.599999999999994
endloop
endfacet
facet normal -6.123233995736766e-17 0.0 1.0
outer loop
vertex 36.78210594278971 10.952946737555958 7.599999999999994
vertex 36.98301064665726 8.099080993068561 7.599999999999994
vertex 37.154105590616865 8.127328882640597 7.599999999999994
endloop
endfacet
facet normal -6.123233995736766e-17 0.0 1.0
outer loop
vertex 37.14028278923421 10.988224077812319 7.599999999999994
vertex 37.154105590616865 8.127328882640597 7.599999999999994
vertex 37.32668170754012 8.1443261465823 7.599999999999994
endloop
endfacet
facet normal -6.123233995736766e-17 0.0 1.0
outer loop
vertex 37.14028278923421 10.988224077812319 7.599999999999994
vertex 37.32668170754012 8.1443261465823 7.599999999999994
vertex 37.5 8.15 7.599999999999994
endloop
endfacet
facet normal -6.123233995736766e-17 0.0 1.0
outer loop
vertex 37.5 11.0 7.599999999999994
vertex 37.5 8.15 7.599999999999994
vertex 37.67331829245988 8.1443261465823 7.599999999999994
endloop
endfacet
facet normal -6.123233995736766e-17 0.0 1.0
outer loop
vertex 35.39524112199201 10.581337428812077 7.599999999999994
vertex 35.752733589984814 7.49237548981929 7.599999999999994
vertex 35.73208294083261 10.708115712223082 7.599999999999994
endloop
endfacet
facet normal -6.123233995736766e-17 0.0 1.0
outer loop
vertex 35.73208294083261 10.708115712223082 7.599999999999994
vertex 36.175 7.794967320028762 7.599999999999994
vertex 36.07649525193614 10.812592044589875 7.599999999999994
endloop
endfacet
facet normal -6.123233995736766e-17 0.0 1.0
outer loop
vertex 36.07649525193614 10.812592044589875 7.599999999999994
vertex 36.48588890423251 7.94828076115491 7.599999999999994
vertex 36.427003228911296 10.894319042217766 7.599999999999994
endloop
endfacet
facet normal -6.123233995736766e-17 0.0 1.0
outer loop
vertex 36.427003228911296 10.894319042217766 7.599999999999994
vertex 36.81412953047832 8.05970343966603 7.599999999999994
vertex 36.78210594278971 10.952946737555958 7.599999999999994
endloop
endfacet
facet normal -6.123233995736766e-17 0.0 1.0
outer loop
vertex 36.78210594278971 10.952946737555958 7.599999999999994
vertex 37.154105590616865 8.127328882640597 7.599999999999994
vertex 37.14028278923421 10.988224077812319 7.599999999999994
endloop
endfacet
facet normal -6.123233995736766e-17 0.0 1.0
outer loop
vertex 37.14028278923421 10.988224077812319 7.599999999999994
vertex 37.5 8.15 7.599999999999994
vertex 37.5 11.0 7.599999999999994
endloop
endfacet
facet normal -6.123233995736766e-17 0.0 1.0
outer loop
vertex 40.25 10.263139720814413 7.599999999999994
vertex 40.1443261465823 5.673318292459879 7.599999999999994
vertex 40.15 5.5 7.599999999999994
endloop
endfacet
facet normal -6.123233995736766e-17 0.0 1.0
outer loop
vertex 40.25 10.263139720814413 7.599999999999994
vertex 40.1273288826406 5.845894409383137 7.599999999999994
vertex 40.1443261465823 5.673318292459879 7.599999999999994
endloop
endfacet
facet normal -6.123233995736766e-17 0.0 1.0
outer loop
vertex 40.25 10.263139720814413 7.599999999999994
vertex 40.09908099306856 6.0169893533427405 7.599999999999994
vertex 40.1273288826406 5.845894409383137 7.599999999999994
endloop
endfacet
facet normal -6.123233995736766e-17 0.0 1.0
outer loop
vertex 39.93258779620451 10.432800078429786 7.599999999999994
vertex 40.05970343966603 6.18587046952168 7.599999999999994
vertex 40.09908099306856 6.0169893533427405 7.599999999999994
endloop
endfacet
facet normal -6.123233995736766e-17 0.0 1.0
outer loop
vertex 39.93258779620451 10.432800078429786 7.599999999999994
vertex 39.94828076115491 6.514111095767488 7.599999999999994
vertex 40.00936484316203 6.351814583053379 7.599999999999994
endloop
endfacet
facet normal -6.123233995736766e-17 0.0 1.0
outer loop
vertex 39.93258779620451 10.432800078429786 7.599999999999994
vertex 40.00936484316203 6.351814583053379 7.599999999999994
vertex 40.05970343966603 6.18587046952168 7.599999999999994
endloop
endfacet
facet normal -6.123233995736766e-17 0.0 1.0
outer loop
vertex 39.60475887800799 10.581337428812077 7.599999999999994
vertex 39.60238635177177 7.1132177868731095 7.599999999999994
vertex 39.703394472601744 6.9722611175019455 7.599999999999994
endloop
endfacet
facet normal -6.123233995736766e-17 0.0 1.0
outer loop
vertex 39.93258779620451 10.432800078429786 7.599999999999994
vertex 39.876712765061626 6.672065029080354 7.599999999999994
vertex 39.94828076115491 6.514111095767488 7.599999999999994
endloop
endfacet
facet normal -6.123233995736766e-17 0.0 1.0
outer loop
vertex 39.93258779620451 10.432800078429786 7.599999999999994
vertex 39.79496732002876 6.824999999999999 7.599999999999994
vertex 39.876712765061626 6.672065029080354 7.599999999999994
endloop
endfacet
facet normal -6.123233995736766e-17 0.0 1.0
outer loop
vertex 39.60475887800799 10.581337428812077 7.599999999999994
vertex 39.703394472601744 6.9722611175019455 7.599999999999994
vertex 39.79496732002876 6.824999999999999 7.599999999999994
endloop
endfacet
facet normal -6.123233995736766e-17 0.0 1.0
outer loop
vertex 39.60475887800799 10.581337428812077 7.599999999999994
vertex 39.49237548981929 7.2472664100151825 7.599999999999994
vertex 39.60238635177177 7.1132177868731095 7.599999999999994
endloop
endfacet
facet normal -6.123233995736766e-17 0.0 1.0
outer loop
vertex 39.26791705916739 10.708115712223082 7.599999999999994
vertex 39.247266410015186 7.49237548981929 7.599999999999994
vertex 39.37383297014435 7.373832970144351 7.599999999999994
endloop
endfacet
facet normal -6.123233995736766e-17 0.0 1.0
outer loop
vertex 39.26791705916739 10.708115712223082 7.599999999999994
vertex 39.11321778687311 7.602386351771774 7.599999999999994
vertex 39.247266410015186 7.49237548981929 7.599999999999994
endloop
endfacet
facet normal -6.123233995736766e-17 0.0 1.0
outer loop
vertex 39.26791705916739 10.708115712223082 7.599999999999994
vertex 39.37383297014435 7.373832970144351 7.599999999999994
vertex 39.49237548981929 7.2472664100151825 7.599999999999994
endloop
endfacet
facet normal -6.123233995736766e-17 0.0 1.0
outer loop
vertex 40.55563628160781 0.9269171323360013 7.599999999999994
vertex 40.55563628160781 10.073082867663999 7.599999999999994
vertex 40.25 10.263139720814413 7.599999999999994
endloop
endfacet
facet normal -6.123233995736766e-17 0.0 1.0
outer loop
vertex 40.84818785954796 1.136556628398207 7.599999999999994
vertex 40.84818785954796 9.863443371601793 7.599999999999994
vertex 40.7 9.969633290032267 7.599999999999994
endloop
endfacet
facet normal -6.123233995736766e-17 0.0 1.0
outer loop
vertex 40.84818785954796 1.136556628398207 7.599999999999994
vertex 40.7 9.969633290032267 7.599999999999994
vertex 40.55563628160781 10.073082867663999 7.599999999999994
endloop
endfacet
facet normal -6.123233995736766e-17 0.0 1.0
outer loop
vertex 41.12640198305038 1.364881058865624 7.599999999999994
vertex 41.12640198305038 9.635118941134376 7.599999999999994
vertex 40.84818785954796 9.863443371601793 7.599999999999994
endloop
endfacet
facet normal -6.123233995736766e-17 0.0 1.0
outer loop
vertex 37.85971721076579 10.988224077812319 7.599999999999994
vertex 37.67331829245988 8.1443261465823 7.599999999999994
vertex 37.845894409383135 8.127328882640597 7.599999999999994
endloop
endfacet
facet normal -6.123233995736766e-17 0.0 1.0
outer loop
vertex 37.85971721076579 10.988224077812319 7.599999999999994
vertex 37.845894409383135 8.127328882640597 7.599999999999994
vertex 38.01698935334274 8.099080993068561 7.599999999999994
endloop
endfacet
facet normal -6.123233995736766e-17 0.0 1.0
outer loop
vertex 38.21789405721028 10.952946737555958 7.599999999999994
vertex 38.18587046952168 8.05970343966603 7.599999999999994
vertex 38.351814583053375 8.00936484316203 7.599999999999994
endloop
endfacet
facet normal -6.123233995736766e-17 0.0 1.0
outer loop
vertex 38.21789405721028 10.952946737555958 7.599999999999994
vertex 38.01698935334274 8.099080993068561 7.599999999999994
vertex 38.18587046952168 8.05970343966603 7.599999999999994
endloop
endfacet
facet normal -6.123233995736766e-17 0.0 1.0
outer loop
vertex 38.92350474806386 10.812592044589875 7.599999999999994
vertex 38.825 7.794967320028762 7.599999999999994
vertex 38.972261117501944 7.703394472601744 7.599999999999994
endloop
endfacet
facet normal -6.123233995736766e-17 0.0 1.0
outer loop
vertex 38.92350474806386 10.812592044589875 7.599999999999994
vertex 38.67206502908035 7.876712765061624 7.599999999999994
vertex 38.825 7.794967320028762 7.599999999999994
endloop
endfacet
facet normal -6.123233995736766e-17 0.0 1.0
outer loop
vertex 38.572996771088704 10.894319042217766 7.599999999999994
vertex 38.51411109576749 7.94828076115491 7.599999999999994
vertex 38.67206502908035 7.876712765061624 7.599999999999994
endloop
endfacet
facet normal -6.123233995736766e-17 0.0 1.0
outer loop
vertex 38.572996771088704 10.894319042217766 7.599999999999994
vertex 38.351814583053375 8.00936484316203 7.599999999999994
vertex 38.51411109576749 7.94828076115491 7.599999999999994
endloop
endfacet
facet normal -6.123233995736766e-17 0.0 1.0
outer loop
vertex 38.92350474806386 10.812592044589875 7.599999999999994
vertex 38.972261117501944 7.703394472601744 7.599999999999994
vertex 39.11321778687311 7.602386351771774 7.599999999999994
endloop
endfacet
facet normal -6.123233995736766e-17 0.0 1.0
outer loop
vertex 40.25 10.263139720814413 7.599999999999994
vertex 39.93258779620451 10.432800078429786 7.599999999999994
vertex 40.09908099306856 6.0169893533427405 7.599999999999994
endloop
endfacet
facet normal -6.123233995736766e-17 0.0 1.0
outer loop
vertex 39.60475887800799 10.581337428812077 7.599999999999994
vertex 39.26791705916739 10.708115712223082 7.599999999999994
vertex 39.49237548981929 7.2472664100151825 7.599999999999994
endloop
endfacet
facet normal -6.123233995736766e-17 0.0 1.0
outer loop
vertex 39.60475887800799 10.581337428812077 7.599999999999994
vertex 39.79496732002876 6.824999999999999 7.599999999999994
vertex 39.93258779620451 10.432800078429786 7.599999999999994
endloop
endfacet
facet normal -6.123233995736766e-17 0.0 1.0
outer loop
vertex 38.21789405721028 10.952946737555958 7.599999999999994
vertex 38.351814583053375 8.00936484316203 7.599999999999994
vertex 38.572996771088704 10.894319042217766 7.599999999999994
endloop
endfacet
facet normal -6.123233995736766e-17 0.0 1.0
outer loop
vertex 38.92350474806386 10.812592044589875 7.599999999999994
vertex 38.572996771088704 10.894319042217766 7.599999999999994
vertex 38.67206502908035 7.876712765061624 7.599999999999994
endloop
endfacet
facet normal -6.123233995736766e-17 0.0 1.0
outer loop
vertex 37.5 11.0 7.599999999999994
vertex 37.67331829245988 8.1443261465823 7.599999999999994
vertex 37.85971721076579 10.988224077812319 7.599999999999994
endloop
endfacet
facet normal -6.123233995736766e-17 0.0 1.0
outer loop
vertex 37.85971721076579 10.988224077812319 7.599999999999994
vertex 38.01698935334274 8.099080993068561 7.599999999999994
vertex 38.21789405721028 10.952946737555958 7.599999999999994
endloop
endfacet
facet normal -6.123233995736766e-17 0.0 1.0
outer loop
vertex 38.92350474806386 10.812592044589875 7.599999999999994
vertex 39.11321778687311 7.602386351771774 7.599999999999994
vertex 39.26791705916739 10.708115712223082 7.599999999999994
endloop
endfacet
facet normal -0.5280678506503715 -0.8492021815265766 -3.2334830151580004e-17
outer loop
vertex 34.75 0.7368602791855867 7.599999999999994
vertex 34.44436371839219 0.9269171323360013 7.599999999999994
vertex 34.75 0.7368602791855867 0.0
endloop
endfacet
facet normal -0.7298640726978342 -0.683592302022873 -4.469128502210269e-17
outer loop
vertex 33.610912703473986 1.6109127034739892 7.599999999999994
vertex 33.36488105886562 1.8735980169496216 7.599999999999994
vertex 33.610912703473986 1.6109127034739892 0.0
endloop
endfacet
facet normal -0.6343932841636439 -0.7730104533627383 -3.884538524257919e-17
outer loop
vertex 34.15181214045204 1.136556628398207 7.599999999999994
vertex 33.87359801694962 1.364881058865624 7.599999999999994
vertex 34.15181214045204 1.136556628398207 0.0
endloop
endfacet
facet normal -0.5824776968678015 -0.8128466845916158 -3.5666472352193766e-17
outer loop
vertex 34.15181214045204 1.136556628398207 7.599999999999994
vertex 34.44436371839219 0.9269171323360013 0.0
vertex 34.44436371839219 0.9269171323360013 7.599999999999994
endloop
endfacet
facet normal -0.683592302022873 -0.7298640726978342 -4.1857956229704115e-17
outer loop
vertex 33.87359801694962 1.364881058865624 7.599999999999994
vertex 33.610912703473986 1.6109127034739892 7.599999999999994
vertex 33.87359801694962 1.364881058865624 0.0
endloop
endfacet
facet normal -0.3522500479212363 -0.9359059267573248 -2.1569094684312196e-17
outer loop
vertex 35.39524112199201 0.41866257118792305 7.599999999999994
vertex 35.73208294083261 0.2918842877769183 0.0
vertex 35.73208294083261 0.2918842877769183 7.599999999999994
endloop
endfacet
facet normal -0.2902846772544598 -0.9569403357322097 -1.7774810042059833e-17
outer loop
vertex 36.07649525193614 0.18740795541012467 7.599999999999994
vertex 35.73208294083261 0.2918842877769183 7.599999999999994
vertex 36.07649525193614 0.18740795541012467 0.0
endloop
endfacet
facet normal -0.4713967368259976 -0.8819212643483553 -2.886472524412326e-17
outer loop
vertex 34.75 0.7368602791855867 7.599999999999994
vertex 35.06741220379549 0.5671999215702144 0.0
vertex 35.06741220379549 0.5671999215702144 7.599999999999994
endloop
endfacet
facet normal -0.4127070298043911 -0.9108638249211775 -2.5271017151777944e-17
outer loop
vertex 35.39524112199201 0.41866257118792305 7.599999999999994
vertex 35.06741220379549 0.5671999215702144 7.599999999999994
vertex 35.39524112199201 0.41866257118792305 0.0
endloop
endfacet
facet normal -0.22707626303437353 -0.9738769792773337 -1.39044109343694e-17
outer loop
vertex 36.07649525193614 0.18740795541012467 7.599999999999994
vertex 36.427003228911296 0.10568095778223263 0.0
vertex 36.427003228911296 0.10568095778223263 7.599999999999994
endloop
endfacet
facet normal -0.16289547339459043 -0.9866433320848789 -9.9744710044139e-18
outer loop
vertex 36.427003228911296 0.10568095778223263 7.599999999999994
vertex 36.78210594278971 0.04705326244404251 0.0
vertex 36.78210594278971 0.04705326244404251 7.599999999999994
endloop
endfacet
facet normal -0.09801714032955924 -0.9951847266721972 -6.0018188583085835e-18
outer loop
vertex 36.78210594278971 0.04705326244404251 7.599999999999994
vertex 37.14028278923421 0.011775922187680976 0.0
vertex 37.14028278923421 0.011775922187680976 7.599999999999994
endloop
endfacet
facet normal -0.03271908282177688 -0.9994645874763658 -2.00346600243631e-18
outer loop
vertex 37.14028278923421 0.011775922187680976 7.599999999999994
vertex 37.5 0.0 0.0
vertex 37.5 0.0 7.599999999999994
endloop
endfacet
facet normal -0.7730104533627374 -0.6343932841636452 -4.7333238870906036e-17
outer loop
vertex 33.36488105886562 1.8735980169496216 7.599999999999994
vertex 33.13655662839821 2.1518121404520363 7.599999999999994
vertex 33.36488105886562 1.8735980169496216 0.0
endloop
endfacet
facet normal -0.8128466845916164 -0.5824776968678009 -4.9772504524133056e-17
outer loop
vertex 33.13655662839821 2.1518121404520363 7.599999999999994
vertex 33.03036670996773 2.3000000000000007 7.599999999999994
vertex 33.03036670996773 2.3000000000000007 0.0
endloop
endfacet
facet normal 0.03271908282177688 -0.9994645874763658 2.00346600243631e-18
outer loop
vertex 37.5 0.0 7.599999999999994
vertex 37.85971721076579 0.011775922187680976 0.0
vertex 37.85971721076579 0.011775922187680976 7.599999999999994
endloop
endfacet
facet normal 0.09801714032956019 -0.9951847266721969 6.001818858308641e-18
outer loop
vertex 37.85971721076579 0.011775922187680976 7.599999999999994
vertex 38.21789405721028 0.04705326244404251 0.0
vertex 38.21789405721028 0.04705326244404251 7.599999999999994
endloop
endfacet
facet normal 0.16289547339458885 -0.986643332084879 9.974471004413804e-18
outer loop
vertex 38.21789405721028 0.04705326244404251 7.599999999999994
vertex 38.572996771088704 0.10568095778223263 0.0
vertex 38.572996771088704 0.10568095778223263 7.599999999999994
endloop
endfacet
facet normal 0.22707626303437353 -0.9738769792773337 1.39044109343694e-17
outer loop
vertex 38.572996771088704 0.10568095778223263 7.599999999999994
vertex 38.92350474806386 0.18740795541012467 0.0
vertex 38.92350474806386 0.18740795541012467 7.599999999999994
endloop
endfacet
facet normal 0.2902846772544598 -0.9569403357322097 1.7774810042059833e-17
outer loop
vertex 38.92350474806386 0.18740795541012467 7.599999999999994
vertex 39.26791705916739 0.2918842877769183 0.0
vertex 39.26791705916739 0.2918842877769183 7.599999999999994
endloop
endfacet
facet normal 0.3522500479212363 -0.9359059267573248 2.1569094684312196e-17
outer loop
vertex 39.26791705916739 0.2918842877769183 7.599999999999994
vertex 39.60475887800799 0.41866257118792305 0.0
vertex 39.60475887800799 0.41866257118792305 7.599999999999994
endloop
endfacet
facet normal 0.4127070298043911 -0.9108638249211775 2.5271017151777944e-17
outer loop
vertex 39.60475887800799 0.41866257118792305 7.599999999999994
vertex 39.93258779620451 0.5671999215702144 0.0
vertex 39.93258779620451 0.5671999215702144 7.599999999999994
endloop
endfacet
facet normal 0.4713967368259976 -0.8819212643483553 2.886472524412326e-17
outer loop
vertex 39.93258779620451 0.5671999215702144 7.599999999999994
vertex 40.25 0.7368602791855867 0.0
vertex 40.25 0.7368602791855867 7.599999999999994
endloop
endfacet
facet normal 0.5280678506503715 -0.8492021815265766 3.2334830151580004e-17
outer loop
vertex 40.25 0.7368602791855867 7.599999999999994
vertex 40.55563628160781 0.9269171323360013 0.0
vertex 40.55563628160781 0.9269171323360013 7.599999999999994
endloop
endfacet
facet normal 0.5824776968678015 -0.8128466845916158 3.5666472352193766e-17
outer loop
vertex 40.55563628160781 0.9269171323360013 7.599999999999994
vertex 40.84818785954796 1.136556628398207 0.0
vertex 40.84818785954796 1.136556628398207 7.599999999999994
endloop
endfacet
facet normal 0.6343932841636439 -0.7730104533627383 3.884538524257919e-17
outer loop
vertex 40.84818785954796 1.136556628398207 7.599999999999994
vertex 41.12640198305038 1.364881058865624 0.0
vertex 41.12640198305038 1.364881058865624 7.599999999999994
endloop
endfacet
facet normal 0.683592302022868 -0.7298640726978387 4.1857956229703806e-17
outer loop
vertex 41.12640198305038 1.364881058865624 7.599999999999994
vertex 41.389087296526014 1.6109127034739892 0.0
vertex 41.389087296526014 1.6109127034739892 7.599999999999994
endloop
endfacet
facet normal 0.7298640726978342 -0.683592302022873 4.469128502210269e-17
outer loop
vertex 41.389087296526014 1.6109127034739892 7.599999999999994
vertex 41.63511894113438 1.8735980169496216 0.0
vertex 41.63511894113438 1.8735980169496216 7.599999999999994
endloop
endfacet
facet normal 0.7730104533627471 -0.6343932841636333 4.733323887090663e-17
outer loop
vertex 41.63511894113438 1.8735980169496216 7.599999999999994
vertex 41.86344337160179 2.1518121404520363 0.0
vertex 41.86344337160179 2.1518121404520363 7.599999999999994
endloop
endfacet
facet normal 0.8128466845916101 -0.5824776968678091 4.977250452413268e-17
outer loop
vertex 41.86344337160179 2.1518121404520363 7.599999999999994
vertex 42.073082867664 2.4443637183921876 0.0
vertex 42.073082867664 2.4443637183921876 7.599999999999994
endloop
endfacet
facet normal 0.8492021815265758 -0.528067850650373 5.199863667177353e-17
outer loop
vertex 42.073082867664 2.4443637183921876 7.599999999999994
vertex 42.263139720814415 2.75 0.0
vertex 42.263139720814415 2.75 7.599999999999994
endloop
endfacet
facet normal 0.8819212643483584 -0.47139673682599165 5.4002102674210193e-17
outer loop
vertex 42.263139720814415 2.75 7.599999999999994
vertex 42.432800078429786 3.0674122037954934 0.0
vertex 42.432800078429786 3.0674122037954934 7.599999999999994
endloop
endfacet
facet normal 0.9108638249211758 -0.4127070298043949 5.577432338244165e-17
outer loop
vertex 42.432800078429786 3.0674122037954934 7.599999999999994
vertex 42.58133742881208 3.3952411219920062 0.0
vertex 42.58133742881208 3.3952411219920062 7.599999999999994
endloop
endfacet
facet normal 0.9359059267573236 -0.35225004792123904 5.730770987531968e-17
outer loop
vertex 42.58133742881208 3.3952411219920062 7.599999999999994
vertex 42.70811571222308 3.732082940832612 0.0
vertex 42.70811571222308 3.732082940832612 7.599999999999994
endloop
endfacet
facet normal 0.9569403357322093 -0.29028467725446117 5.859569595647218e-17
outer loop
vertex 42.70811571222308 3.732082940832612 7.599999999999994
vertex 42.81259204458988 4.0764952519361355 0.0
vertex 42.81259204458988 4.0764952519361355 7.599999999999994
endloop
endfacet
facet normal 0.9738769792773354 -0.22707626303436648 5.96327662717641e-17
outer loop
vertex 42.81259204458988 4.0764952519361355 7.599999999999994
vertex 42.89431904221777 4.427003228911294 0.0
vertex 42.89431904221777 4.427003228911294 7.599999999999994
endloop
endfacet
facet normal 0.9866433320848796 -0.16289547339458482 6.041447992689134e-17
outer loop
vertex 42.89431904221777 4.427003228911294 7.599999999999994
vertex 42.952946737555955 4.782105942789716 0.0
vertex 42.952946737555955 4.782105942789716 7.599999999999994
endloop
endfacet
facet normal 0.9951847266721964 -0.09801714032956657 6.093748950397195e-17
outer loop
vertex 42.952946737555955 4.782105942789716 7.599999999999994
vertex 42.98822407781232 5.140282789234213 0.0
vertex 42.98822407781232 5.140282789234213 7.599999999999994
endloop
endfacet
facet normal 0.9994645874763658 -0.03271908282177688 6.119955539570305e-17
outer loop
vertex 42.98822407781232 5.140282789234213 7.599999999999994
vertex 43.0 5.5 0.0
vertex 43.0 5.5 7.599999999999994
endloop
endfacet
facet normal 0.9994645874763658 0.03271908282177688 6.119955539570305e-17
outer loop
vertex 43.0 5.5 7.599999999999994
vertex 42.98822407781232 5.859717210765787 0.0
vertex 42.98822407781232 5.859717210765787 7.599999999999994
endloop
endfacet
facet normal 0.9951847266721964 0.09801714032956657 6.093748950397195e-17
outer loop
vertex 42.98822407781232 5.859717210765787 7.599999999999994
vertex 42.952946737555955 6.217894057210284 0.0
vertex 42.952946737555955 6.217894057210284 7.599999999999994
endloop
endfacet
facet normal 0.9866433320848796 0.16289547339458482 6.041447992689134e-17
outer loop
vertex 42.952946737555955 6.217894057210284 7.599999999999994
vertex 42.89431904221777 6.572996771088706 0.0
vertex 42.89431904221777 6.572996771088706 7.599999999999994
endloop
endfacet
facet normal 0.9738769792773354 0.22707626303436648 5.96327662717641e-17
outer loop
vertex 42.89431904221777 6.572996771088706 7.599999999999994
vertex 42.81259204458988 6.9235047480638645 0.0
vertex 42.81259204458988 6.9235047480638645 7.599999999999994
endloop
endfacet
facet normal -0.8128466845916111 0.5824776968678078 -4.977250452413274e-17
outer loop
vertex 33.03036670996773 8.700000000000001 7.599999999999994
vertex 33.13655662839821 8.848187859547963 7.599999999999994
vertex 33.13655662839821 8.848187859547963 0.0
endloop
endfacet
facet normal -0.7730104533627383 0.6343932841636439 -4.733323887090609e-17
outer loop
vertex 33.13655662839821 8.848187859547963 7.599999999999994
vertex 33.36488105886562 9.126401983050378 7.599999999999994
vertex 33.13655662839821 8.848187859547963 0.0
endloop
endfacet
facet normal -0.7298640726978342 0.683592302022873 -4.469128502210269e-17
outer loop
vertex 33.36488105886562 9.126401983050378 7.599999999999994
vertex 33.610912703473986 9.38908729652601 7.599999999999994
vertex 33.36488105886562 9.126401983050378 0.0
endloop
endfacet
facet normal -0.683592302022873 0.7298640726978342 -4.1857956229704115e-17
outer loop
vertex 33.610912703473986 9.38908729652601 7.599999999999994
vertex 33.87359801694962 9.635118941134376 7.599999999999994
vertex 33.610912703473986 9.38908729652601 0.0
endloop
endfacet
facet normal -0.6343932841636439 0.7730104533627383 -3.884538524257919e-17
outer loop
vertex 33.87359801694962 9.635118941134376 7.599999999999994
vertex 34.15181214045204 9.863443371601793 7.599999999999994
vertex 33.87359801694962 9.635118941134376 0.0
endloop
endfacet
facet normal -0.5824776968678032 0.8128466845916145 -3.566647235219387e-17
outer loop
vertex 34.15181214045204 9.863443371601793 7.599999999999994
vertex 34.3 9.96963329003227 7.599999999999994
vertex 34.3 9.96963329003227 0.0
endloop
endfacet
facet normal 0.9569403357322093 0.29028467725446117 5.859569595647218e-17
outer loop
vertex 42.81259204458988 6.9235047480638645 7.599999999999994
vertex 42.70811571222308 7.267917059167388 0.0
vertex 42.70811571222308 7.267917059167388 7.599999999999994
endloop
endfacet
facet normal 0.9359059267573236 0.35225004792123904 5.730770987531968e-17
outer loop
vertex 42.70811571222308 7.267917059167388 7.599999999999994
vertex 42.58133742881208 7.604758878007994 0.0
vertex 42.58133742881208 7.604758878007994 7.599999999999994
endloop
endfacet
facet normal 0.8819212643483584 0.47139673682599165 5.4002102674210193e-17
outer loop
vertex 42.432800078429786 7.932587796204507 7.599999999999994
vertex 42.263139720814415 8.25 0.0
vertex 42.263139720814415 8.25 7.599999999999994
endloop
endfacet
facet normal 0.9108638249211758 0.4127070298043949 5.577432338244165e-17
outer loop
vertex 42.58133742881208 7.604758878007994 7.599999999999994
vertex 42.432800078429786 7.932587796204507 0.0
vertex 42.432800078429786 7.932587796204507 7.599999999999994
endloop
endfacet
facet normal 0.8492021815265758 0.528067850650373 5.199863667177353e-17
outer loop
vertex 42.263139720814415 8.25 7.599999999999994
vertex 42.073082867664 8.555636281607812 0.0
vertex 42.073082867664 8.555636281607812 7.599999999999994
endloop
endfacet
facet normal 0.7298640726978342 0.683592302022873 4.469128502210269e-17
outer loop
vertex 41.63511894113438 9.126401983050378 7.599999999999994
vertex 41.389087296526014 9.38908729652601 0.0
vertex 41.389087296526014 9.38908729652601 7.599999999999994
endloop
endfacet
facet normal 0.8128466845916096 0.5824776968678104 4.977250452413264e-17
outer loop
vertex 42.073082867664 8.555636281607812 7.599999999999994
vertex 41.86344337160179 8.848187859547963 0.0
vertex 41.86344337160179 8.848187859547963 7.599999999999994
endloop
endfacet
facet normal 0.773010453362748 0.634393284163632 4.733323887090668e-17
outer loop
vertex 41.63511894113438 9.126401983050378 7.599999999999994
vertex 41.86344337160179 8.848187859547963 7.599999999999994
vertex 41.63511894113438 9.126401983050378 0.0
endloop
endfacet
facet normal 0.6343932841636439 0.7730104533627383 3.884538524257919e-17
outer loop
vertex 40.84818785954796 9.863443371601793 7.599999999999994
vertex 41.12640198305038 9.635118941134376 7.599999999999994
vertex 40.84818785954796 9.863443371601793 0.0
endloop
endfacet
facet normal 0.5824776968677994 0.8128466845916172 3.5666472352193637e-17
outer loop
vertex 40.84818785954796 9.863443371601793 7.599999999999994
vertex 40.84818785954796 9.863443371601793 0.0
vertex 40.7 9.969633290032267 7.599999999999994
endloop
endfacet
facet normal 0.683592302022868 0.7298640726978387 4.1857956229703806e-17
outer loop
vertex 41.389087296526014 9.38908729652601 7.599999999999994
vertex 41.12640198305038 9.635118941134376 0.0
vertex 41.12640198305038 9.635118941134376 7.599999999999994
endloop
endfacet
facet normal -0.5280678506503715 -0.8492021815265766 -3.2334830151580004e-17
outer loop
vertex 34.44436371839219 0.9269171323360013 7.599999999999994
vertex 34.44436371839219 0.9269171323360013 0.0
vertex 34.75 0.7368602791855867 0.0
endloop
endfacet
facet normal -0.4713967368259976 -0.8819212643483553 -2.886472524412326e-17
outer loop
vertex 34.75 0.7368602791855867 7.599999999999994
vertex 34.75 0.7368602791855867 0.0
vertex 35.06741220379549 0.5671999215702144 0.0
endloop
endfacet
facet normal -0.5824776968678015 -0.8128466845916158 -3.5666472352193766e-17
outer loop
vertex 34.15181214045204 1.136556628398207 7.599999999999994
vertex 34.15181214045204 1.136556628398207 0.0
vertex 34.44436371839219 0.9269171323360013 0.0
endloop
endfacet
facet normal -0.6343932841636439 -0.7730104533627383 -3.884538524257919e-17
outer loop
vertex 33.87359801694962 1.364881058865624 7.599999999999994
vertex 33.87359801694962 1.364881058865624 0.0
vertex 34.15181214045204 1.136556628398207 0.0
endloop
endfacet
facet normal -0.683592302022873 -0.7298640726978342 -4.1857956229704115e-17
outer loop
vertex 33.610912703473986 1.6109127034739892 7.599999999999994
vertex 33.610912703473986 1.6109127034739892 0.0
vertex 33.87359801694962 1.364881058865624 0.0
endloop
endfacet
facet normal -0.3522500479212363 -0.9359059267573248 -2.1569094684312196e-17
outer loop
vertex 35.39524112199201 0.41866257118792305 7.599999999999994
vertex 35.39524112199201 0.41866257118792305 0.0
vertex 35.73208294083261 0.2918842877769183 0.0
endloop
endfacet
facet normal -0.22707626303437353 -0.9738769792773337 -1.39044109343694e-17
outer loop
vertex 36.07649525193614 0.18740795541012467 7.599999999999994
vertex 36.07649525193614 0.18740795541012467 0.0
vertex 36.427003228911296 0.10568095778223263 0.0
endloop
endfacet
facet normal -0.2902846772544598 -0.9569403357322097 -1.7774810042059833e-17
outer loop
vertex 35.73208294083261 0.2918842877769183 7.599999999999994
vertex 35.73208294083261 0.2918842877769183 0.0
vertex 36.07649525193614 0.18740795541012467 0.0
endloop
endfacet
facet normal -0.4127070298043911 -0.9108638249211775 -2.5271017151777944e-17
outer loop
vertex 35.06741220379549 0.5671999215702144 7.599999999999994
vertex 35.06741220379549 0.5671999215702144 0.0
vertex 35.39524112199201 0.41866257118792305 0.0
endloop
endfacet
facet normal -0.16289547339459043 -0.9866433320848789 -9.9744710044139e-18
outer loop
vertex 36.427003228911296 0.10568095778223263 7.599999999999994
vertex 36.427003228911296 0.10568095778223263 0.0
vertex 36.78210594278971 0.04705326244404251 0.0
endloop
endfacet
facet normal -0.09801714032955924 -0.9951847266721972 -6.0018188583085835e-18
outer loop
vertex 36.78210594278971 0.04705326244404251 7.599999999999994
vertex 36.78210594278971 0.04705326244404251 0.0
vertex 37.14028278923421 0.011775922187680976 0.0
endloop
endfacet
facet normal -0.03271908282177688 -0.9994645874763658 -2.00346600243631e-18
outer loop
vertex 37.14028278923421 0.011775922187680976 7.599999999999994
vertex 37.14028278923421 0.011775922187680976 0.0
vertex 37.5 0.0 0.0
endloop
endfacet
facet normal 0.03271908282177688 -0.9994645874763658 2.00346600243631e-18
outer loop
vertex 37.5 0.0 7.599999999999994
vertex 37.5 0.0 0.0
vertex 37.85971721076579 0.011775922187680976 0.0
endloop
endfacet
facet normal -0.7298640726978342 -0.683592302022873 -4.469128502210269e-17
outer loop
vertex 33.36488105886562 1.8735980169496216 7.599999999999994
vertex 33.36488105886562 1.8735980169496216 0.0
vertex 33.610912703473986 1.6109127034739892 0.0
endloop
endfacet
facet normal -0.7730104533627374 -0.6343932841636452 -4.7333238870906036e-17
outer loop
vertex 33.13655662839821 2.1518121404520363 7.599999999999994
vertex 33.13655662839821 2.1518121404520363 0.0
vertex 33.36488105886562 1.8735980169496216 0.0
endloop
endfacet
facet normal -0.8128466845916164 -0.5824776968678009 -4.9772504524133056e-17
outer loop
vertex 33.13655662839821 2.1518121404520363 7.599999999999994
vertex 33.03036670996773 2.3000000000000007 0.0
vertex 33.13655662839821 2.1518121404520363 0.0
endloop
endfacet
facet normal 0.09801714032956019 -0.9951847266721969 6.001818858308641e-18
outer loop
vertex 37.85971721076579 0.011775922187680976 7.599999999999994
vertex 37.85971721076579 0.011775922187680976 0.0
vertex 38.21789405721028 0.04705326244404251 0.0
endloop
endfacet
facet normal 0.16289547339458885 -0.986643332084879 9.974471004413804e-18
outer loop
vertex 38.21789405721028 0.04705326244404251 7.599999999999994
vertex 38.21789405721028 0.04705326244404251 0.0
vertex 38.572996771088704 0.10568095778223263 0.0
endloop
endfacet
facet normal 0.22707626303437353 -0.9738769792773337 1.39044109343694e-17
outer loop
vertex 38.572996771088704 0.10568095778223263 7.599999999999994
vertex 38.572996771088704 0.10568095778223263 0.0
vertex 38.92350474806386 0.18740795541012467 0.0
endloop
endfacet
facet normal 0.2902846772544598 -0.9569403357322097 1.7774810042059833e-17
outer loop
vertex 38.92350474806386 0.18740795541012467 7.599999999999994
vertex 38.92350474806386 0.18740795541012467 0.0
vertex 39.26791705916739 0.2918842877769183 0.0
endloop
endfacet
facet normal 0.3522500479212363 -0.9359059267573248 2.1569094684312196e-17
outer loop
vertex 39.26791705916739 0.2918842877769183 7.599999999999994
vertex 39.26791705916739 0.2918842877769183 0.0
vertex 39.60475887800799 0.41866257118792305 0.0
endloop
endfacet
facet normal 0.4127070298043911 -0.9108638249211775 2.5271017151777944e-17
outer loop
vertex 39.60475887800799 0.41866257118792305 7.599999999999994
vertex 39.60475887800799 0.41866257118792305 0.0
vertex 39.93258779620451 0.5671999215702144 0.0
endloop
endfacet
facet normal 0.4713967368259976 -0.8819212643483553 2.886472524412326e-17
outer loop
vertex 39.93258779620451 0.5671999215702144 7.599999999999994
vertex 39.93258779620451 0.5671999215702144 0.0
vertex 40.25 0.7368602791855867 0.0
endloop
endfacet
facet normal 0.5280678506503715 -0.8492021815265766 3.2334830151580004e-17
outer loop
vertex 40.25 0.7368602791855867 7.599999999999994
vertex 40.25 0.7368602791855867 0.0
vertex 40.55563628160781 0.9269171323360013 0.0
endloop
endfacet
facet normal 0.5824776968678015 -0.8128466845916158 3.5666472352193766e-17
outer loop
vertex 40.55563628160781 0.9269171323360013 7.599999999999994
vertex 40.55563628160781 0.9269171323360013 0.0
vertex 40.84818785954796 1.136556628398207 0.0
endloop
endfacet
facet normal 0.6343932841636439 -0.7730104533627383 3.884538524257919e-17
outer loop
vertex 40.84818785954796 1.136556628398207 7.599999999999994
vertex 40.84818785954796 1.136556628398207 0.0
vertex 41.12640198305038 1.364881058865624 0.0
endloop
endfacet
facet normal 0.683592302022868 -0.7298640726978387 4.1857956229703806e-17
outer loop
vertex 41.12640198305038 1.364881058865624 7.599999999999994
vertex 41.12640198305038 1.364881058865624 0.0
vertex 41.389087296526014 1.6109127034739892 0.0
endloop
endfacet
facet normal 0.7298640726978342 -0.683592302022873 4.469128502210269e-17
outer loop
vertex 41.389087296526014 1.6109127034739892 7.599999999999994
vertex 41.389087296526014 1.6109127034739892 0.0
vertex 41.63511894113438 1.8735980169496216 0.0
endloop
endfacet
facet normal 0.7730104533627471 -0.6343932841636333 4.733323887090663e-17
outer loop
vertex 41.63511894113438 1.8735980169496216 7.599999999999994
vertex 41.63511894113438 1.8735980169496216 0.0
vertex 41.86344337160179 2.1518121404520363 0.0
endloop
endfacet
facet normal 0.8128466845916101 -0.5824776968678091 4.977250452413268e-17
outer loop
vertex 41.86344337160179 2.1518121404520363 7.599999999999994
vertex 41.86344337160179 2.1518121404520363 0.0
vertex 42.073082867664 2.4443637183921876 0.0
endloop
endfacet
facet normal 0.8492021815265758 -0.528067850650373 5.199863667177353e-17
outer loop
vertex 42.073082867664 2.4443637183921876 7.599999999999994
vertex 42.073082867664 2.4443637183921876 0.0
vertex 42.263139720814415 2.75 0.0
endloop
endfacet
facet normal 0.8819212643483584 -0.47139673682599165 5.4002102674210193e-17
outer loop
vertex 42.263139720814415 2.75 7.599999999999994
vertex 42.263139720814415 2.75 0.0
vertex 42.432800078429786 3.0674122037954934 0.0
endloop
endfacet
facet normal 0.9108638249211758 -0.4127070298043949 5.577432338244165e-17
outer loop
vertex 42.432800078429786 3.0674122037954934 7.599999999999994
vertex 42.432800078429786 3.0674122037954934 0.0
vertex 42.58133742881208 3.3952411219920062 0.0
endloop
endfacet
facet normal 0.9359059267573236 -0.35225004792123904 5.730770987531968e-17
outer loop
vertex 42.58133742881208 3.3952411219920062 7.599999999999994
vertex 42.58133742881208 3.3952411219920062 0.0
vertex 42.70811571222308 3.732082940832612 0.0
endloop
endfacet
facet normal 0.9569403357322093 -0.29028467725446117 5.859569595647218e-17
outer loop
vertex 42.70811571222308 3.732082940832612 7.599999999999994
vertex 42.70811571222308 3.732082940832612 0.0
vertex 42.81259204458988 4.0764952519361355 0.0
endloop
endfacet
facet normal 0.9738769792773354 -0.22707626303436648 5.96327662717641e-17
outer loop
vertex 42.81259204458988 4.0764952519361355 7.599999999999994
vertex 42.81259204458988 4.0764952519361355 0.0
vertex 42.89431904221777 4.427003228911294 0.0
endloop
endfacet
facet normal 0.9866433320848796 -0.16289547339458482 6.041447992689134e-17
outer loop
vertex 42.89431904221777 4.427003228911294 7.599999999999994
vertex 42.89431904221777 4.427003228911294 0.0
vertex 42.952946737555955 4.782105942789716 0.0
endloop
endfacet
facet normal 0.9951847266721964 -0.09801714032956657 6.093748950397195e-17
outer loop
vertex 42.952946737555955 4.782105942789716 7.599999999999994
vertex 42.952946737555955 4.782105942789716 0.0
vertex 42.98822407781232 5.140282789234213 0.0
endloop
endfacet
facet normal 0.9994645874763658 -0.03271908282177688 6.119955539570305e-17
outer loop
vertex 42.98822407781232 5.140282789234213 7.599999999999994
vertex 42.98822407781232 5.140282789234213 0.0
vertex 43.0 5.5 0.0
endloop
endfacet
facet normal 0.9994645874763658 0.03271908282177688 6.119955539570305e-17
outer loop
vertex 43.0 5.5 7.599999999999994
vertex 43.0 5.5 0.0
vertex 42.98822407781232 5.859717210765787 0.0
endloop
endfacet
facet normal 0.9951847266721964 0.09801714032956657 6.093748950397195e-17
outer loop
vertex 42.98822407781232 5.859717210765787 7.599999999999994
vertex 42.98822407781232 5.859717210765787 0.0
vertex 42.952946737555955 6.217894057210284 0.0
endloop
endfacet
facet normal 0.9866433320848796 0.16289547339458482 6.041447992689134e-17
outer loop
vertex 42.952946737555955 6.217894057210284 7.599999999999994
vertex 42.952946737555955 6.217894057210284 0.0
vertex 42.89431904221777 6.572996771088706 0.0
endloop
endfacet
facet normal 0.9738769792773354 0.22707626303436648 5.96327662717641e-17
outer loop
vertex 42.89431904221777 6.572996771088706 7.599999999999994
vertex 42.89431904221777 6.572996771088706 0.0
vertex 42.81259204458988 6.9235047480638645 0.0
endloop
endfacet
facet normal -0.8128466845916111 0.5824776968678078 -4.977250452413274e-17
outer loop
vertex 33.03036670996773 8.700000000000001 7.599999999999994
vertex 33.13655662839821 8.848187859547963 0.0
vertex 33.03036670996773 8.700000000000001 0.0
endloop
endfacet
facet normal -0.7730104533627383 0.6343932841636439 -4.733323887090609e-17
outer loop
vertex 33.36488105886562 9.126401983050378 7.599999999999994
vertex 33.36488105886562 9.126401983050378 0.0
vertex 33.13655662839821 8.848187859547963 0.0
endloop
endfacet
facet normal -0.7298640726978342 0.683592302022873 -4.469128502210269e-17
outer loop
vertex 33.610912703473986 9.38908729652601 7.599999999999994
vertex 33.610912703473986 9.38908729652601 0.0
vertex 33.36488105886562 9.126401983050378 0.0
endloop
endfacet
facet normal -0.683592302022873 0.7298640726978342 -4.1857956229704115e-17
outer loop
vertex 33.87359801694962 9.635118941134376 7.599999999999994
vertex 33.87359801694962 9.635118941134376 0.0
vertex 33.610912703473986 9.38908729652601 0.0
endloop
endfacet
facet normal -0.6343932841636439 0.7730104533627383 -3.884538524257919e-17
outer loop
vertex 34.15181214045204 9.863443371601793 7.599999999999994
vertex 34.15181214045204 9.863443371601793 0.0
vertex 33.87359801694962 9.635118941134376 0.0
endloop
endfacet
facet normal -0.5824776968678032 0.8128466845916145 -3.566647235219387e-17
outer loop
vertex 34.15181214045204 9.863443371601793 7.599999999999994
vertex 34.3 9.96963329003227 0.0
vertex 34.15181214045204 9.863443371601793 0.0
endloop
endfacet
facet normal 0.9569403357322093 0.29028467725446117 5.859569595647218e-17
outer loop
vertex 42.81259204458988 6.9235047480638645 7.599999999999994
vertex 42.81259204458988 6.9235047480638645 0.0
vertex 42.70811571222308 7.267917059167388 0.0
endloop
endfacet
facet normal 0.9359059267573236 0.35225004792123904 5.730770987531968e-17
outer loop
vertex 42.70811571222308 7.267917059167388 7.599999999999994
vertex 42.70811571222308 7.267917059167388 0.0
vertex 42.58133742881208 7.604758878007994 0.0
endloop
endfacet
facet normal 0.9108638249211758 0.4127070298043949 5.577432338244165e-17
outer loop
vertex 42.58133742881208 7.604758878007994 7.599999999999994
vertex 42.58133742881208 7.604758878007994 0.0
vertex 42.432800078429786 7.932587796204507 0.0
endloop
endfacet
facet normal 0.8819212643483584 0.47139673682599165 5.4002102674210193e-17
outer loop
vertex 42.432800078429786 7.932587796204507 7.599999999999994
vertex 42.432800078429786 7.932587796204507 0.0
vertex 42.263139720814415 8.25 0.0
endloop
endfacet
facet normal 0.8492021815265758 0.528067850650373 5.199863667177353e-17
outer loop
vertex 42.263139720814415 8.25 7.599999999999994
vertex 42.263139720814415 8.25 0.0
vertex 42.073082867664 8.555636281607812 0.0
endloop
endfacet
facet normal 0.8128466845916096 0.5824776968678104 4.977250452413264e-17
outer loop
vertex 42.073082867664 8.555636281607812 7.599999999999994
vertex 42.073082867664 8.555636281607812 0.0
vertex 41.86344337160179 8.848187859547963 0.0
endloop
endfacet
facet normal 0.7298640726978342 0.683592302022873 4.469128502210269e-17
outer loop
vertex 41.63511894113438 9.126401983050378 7.599999999999994
vertex 41.63511894113438 9.126401983050378 0.0
vertex 41.389087296526014 9.38908729652601 0.0
endloop
endfacet
facet normal 0.683592302022868 0.7298640726978387 4.1857956229703806e-17
outer loop
vertex 41.389087296526014 9.38908729652601 7.599999999999994
vertex 41.389087296526014 9.38908729652601 0.0
vertex 41.12640198305038 9.635118941134376 0.0
endloop
endfacet
facet normal 0.773010453362748 0.634393284163632 4.733323887090668e-17
outer loop
vertex 41.86344337160179 8.848187859547963 7.599999999999994
vertex 41.86344337160179 8.848187859547963 0.0
vertex 41.63511894113438 9.126401983050378 0.0
endloop
endfacet
facet normal 0.5824776968677994 0.8128466845916172 3.5666472352193637e-17
outer loop
vertex 40.7 9.969633290032267 7.599999999999994
vertex 40.84818785954796 9.863443371601793 0.0
vertex 40.7 9.969633290032267 0.0
endloop
endfacet
facet normal 0.6343932841636439 0.7730104533627383 3.884538524257919e-17
outer loop
vertex 41.12640198305038 9.635118941134376 7.599999999999994
vertex 41.12640198305038 9.635118941134376 0.0
vertex 40.84818785954796 9.863443371601793 0.0
endloop
endfacet
facet normal 6.123233995736766e-17 0.0 -1.0
outer loop
vertex 32.18740795541012 4.0764952519361355 0.0
vertex 32.18740795541012 6.9235047480638645 0.0
vertex 32.29188428777692 3.732082940832612 0.0
endloop
endfacet
facet normal 6.123233995736766e-17 0.0 -1.0
outer loop
vertex 32.18740795541012 4.0764952519361355 0.0
vertex 32.10568095778223 4.427003228911294 0.0
vertex 32.10568095778223 6.572996771088706 0.0
endloop
endfacet
facet normal 6.123233995736766e-17 0.0 -1.0
outer loop
vertex 32.10568095778223 4.427003228911294 0.0
vertex 32.04705326244404 4.782105942789716 0.0
vertex 32.04705326244404 6.217894057210284 0.0
endloop
endfacet
facet normal 6.123233995736766e-17 0.0 -1.0
outer loop
vertex 32.04705326244404 4.782105942789716 0.0
vertex 32.01177592218768 5.140282789234213 0.0
vertex 32.01177592218768 5.859717210765787 0.0
endloop
endfacet
facet normal 6.123233995736766e-17 0.0 -1.0
outer loop
vertex 32.01177592218768 5.140282789234213 0.0
vertex 32.0 5.5 0.0
vertex 32.01177592218768 5.859717210765787 0.0
endloop
endfacet
facet normal 6.123233995736766e-17 0.0 -1.0
outer loop
vertex 32.04705326244404 4.782105942789716 0.0
vertex 32.01177592218768 5.859717210765787 0.0
vertex 32.04705326244404 6.217894057210284 0.0
endloop
endfacet
facet normal 6.123233995736766e-17 0.0 -1.0
outer loop
vertex 32.10568095778223 4.427003228911294 0.0
vertex 32.04705326244404 6.217894057210284 0.0
vertex 32.10568095778223 6.572996771088706 0.0
endloop
endfacet
facet normal 6.123233995736766e-17 0.0 -1.0
outer loop
vertex 32.18740795541012 4.0764952519361355 0.0
vertex 32.10568095778223 6.572996771088706 0.0
vertex 32.18740795541012 6.9235047480638645 0.0
endloop
endfacet
facet normal 6.123233995736766e-17 0.0 -1.0
outer loop
vertex 36.07649525193614 0.18740795541012467 0.0
vertex 35.73208294083261 0.2918842877769183 0.0
vertex 36.027738882498056 3.2966055273982553 0.0
endloop
endfacet
facet normal 6.123233995736766e-17 0.0 -1.0
outer loop
vertex 35.39524112199201 0.41866257118792305 0.0
vertex 35.62616702985565 3.626167029855649 0.0
vertex 35.73208294083261 0.2918842877769183 0.0
endloop
endfacet
facet normal 6.123233995736766e-17 0.0 -1.0
outer loop
vertex 35.39524112199201 0.41866257118792305 0.0
vertex 35.06741220379549 0.5671999215702144 0.0
vertex 35.296605527398256 4.0277388824980545 0.0
endloop
endfacet
facet normal 6.123233995736766e-17 0.0 -1.0
outer loop
vertex 36.427003228911296 0.10568095778223263 0.0
vertex 36.81412953047832 2.9402965603339695 0.0
vertex 36.78210594278971 0.04705326244404251 0.0
endloop
endfacet
facet normal 6.123233995736766e-17 0.0 -1.0
outer loop
vertex 36.07649525193614 0.18740795541012467 0.0
vertex 36.48588890423251 3.0517192388450898 0.0
vertex 36.427003228911296 0.10568095778223263 0.0
endloop
endfacet
facet normal 6.123233995736766e-17 0.0 -1.0
outer loop
vertex 36.78210594278971 0.04705326244404251 0.0
vertex 37.154105590616865 2.8726711173594026 0.0
vertex 37.14028278923421 0.011775922187680976 0.0
endloop
endfacet
facet normal 6.123233995736766e-17 0.0 -1.0
outer loop
vertex 37.14028278923421 0.011775922187680976 0.0
vertex 37.5 2.8499999999999996 0.0
vertex 37.5 0.0 0.0
endloop
endfacet
facet normal 6.123233995736766e-17 0.0 -1.0
outer loop
vertex 34.75 0.7368602791855867 0.0
vertex 34.94029656033397 4.81412953047832 0.0
vertex 35.06741220379549 0.5671999215702144 0.0
endloop
endfacet
facet normal 6.123233995736766e-17 0.0 -1.0
outer loop
vertex 35.73208294083261 0.2918842877769183 0.0
vertex 35.88678221312689 3.3976136482282264 0.0
vertex 36.027738882498056 3.2966055273982553 0.0
endloop
endfacet
facet normal 6.123233995736766e-17 0.0 -1.0
outer loop
vertex 36.07649525193614 0.18740795541012467 0.0
vertex 36.027738882498056 3.2966055273982553 0.0
vertex 36.175 3.2050326799712376 0.0
endloop
endfacet
facet normal 6.123233995736766e-17 0.0 -1.0
outer loop
vertex 36.07649525193614 0.18740795541012467 0.0
vertex 36.175 3.2050326799712376 0.0
vertex 36.32793497091964 3.123287234938376 0.0
endloop
endfacet
facet normal 6.123233995736766e-17 0.0 -1.0
outer loop
vertex 35.73208294083261 0.2918842877769183 0.0
vertex 35.62616702985565 3.626167029855649 0.0
vertex 35.752733589984814 3.50762451018071 0.0
endloop
endfacet
facet normal 6.123233995736766e-17 0.0 -1.0
outer loop
vertex 35.73208294083261 0.2918842877769183 0.0
vertex 35.752733589984814 3.50762451018071 0.0
vertex 35.88678221312689 3.3976136482282264 0.0
endloop
endfacet
facet normal 6.123233995736766e-17 0.0 -1.0
outer loop
vertex 36.427003228911296 0.10568095778223263 0.0
vertex 36.48588890423251 3.0517192388450898 0.0
vertex 36.64818541694662 2.9906351568379694 0.0
endloop
endfacet
facet normal 6.123233995736766e-17 0.0 -1.0
outer loop
vertex 36.07649525193614 0.18740795541012467 0.0
vertex 36.32793497091964 3.123287234938376 0.0
vertex 36.48588890423251 3.0517192388450898 0.0
endloop
endfacet
facet normal 6.123233995736766e-17 0.0 -1.0
outer loop
vertex 36.427003228911296 0.10568095778223263 0.0
vertex 36.64818541694662 2.9906351568379694 0.0
vertex 36.81412953047832 2.9402965603339695 0.0
endloop
endfacet
facet normal 6.123233995736766e-17 0.0 -1.0
outer loop
vertex 36.78210594278971 0.04705326244404251 0.0
vertex 36.81412953047832 2.9402965603339695 0.0
vertex 36.98301064665726 2.9009190069314394 0.0
endloop
endfacet
facet normal 6.123233995736766e-17 0.0 -1.0
outer loop
vertex 36.78210594278971 0.04705326244404251 0.0
vertex 36.98301064665726 2.9009190069314394 0.0
vertex 37.154105590616865 2.8726711173594026 0.0
endloop
endfacet
facet normal 6.123233995736766e-17 0.0 -1.0
outer loop
vertex 37.14028278923421 0.011775922187680976 0.0
vertex 37.154105590616865 2.8726711173594026 0.0
vertex 37.32668170754012 2.8556738534177004 0.0
endloop
endfacet
facet normal 6.123233995736766e-17 0.0 -1.0
outer loop
vertex 37.14028278923421 0.011775922187680976 0.0
vertex 37.32668170754012 2.8556738534177004 0.0
vertex 37.5 2.8499999999999996 0.0
endloop
endfacet
facet normal 6.123233995736766e-17 0.0 -1.0
outer loop
vertex 37.5 0.0 0.0
vertex 37.5 2.8499999999999996 0.0
vertex 37.67331829245988 2.8556738534177004 0.0
endloop
endfacet
facet normal 6.123233995736766e-17 0.0 -1.0
outer loop
vertex 35.39524112199201 0.41866257118792305 0.0
vertex 35.39761364822823 3.8867822131268905 0.0
vertex 35.50762451018071 3.7527335899848175 0.0
endloop
endfacet
facet normal 6.123233995736766e-17 0.0 -1.0
outer loop
vertex 35.39524112199201 0.41866257118792305 0.0
vertex 35.50762451018071 3.7527335899848175 0.0
vertex 35.62616702985565 3.626167029855649 0.0
endloop
endfacet
facet normal 6.123233995736766e-17 0.0 -1.0
outer loop
vertex 35.39524112199201 0.41866257118792305 0.0
vertex 35.296605527398256 4.0277388824980545 0.0
vertex 35.39761364822823 3.8867822131268905 0.0
endloop
endfacet
facet normal 6.123233995736766e-17 0.0 -1.0
outer loop
vertex 35.06741220379549 0.5671999215702144 0.0
vertex 35.20503267997124 4.175000000000001 0.0
vertex 35.296605527398256 4.0277388824980545 0.0
endloop
endfacet
facet normal 6.123233995736766e-17 0.0 -1.0
outer loop
vertex 35.06741220379549 0.5671999215702144 0.0
vertex 35.123287234938374 4.327934970919646 0.0
vertex 35.20503267997124 4.175000000000001 0.0
endloop
endfacet
facet normal 6.123233995736766e-17 0.0 -1.0
outer loop
vertex 35.06741220379549 0.5671999215702144 0.0
vertex 35.051719238845095 4.485888904232512 0.0
vertex 35.123287234938374 4.327934970919646 0.0
endloop
endfacet
facet normal 6.123233995736766e-17 0.0 -1.0
outer loop
vertex 35.06741220379549 0.5671999215702144 0.0
vertex 34.99063515683797 4.648185416946621 0.0
vertex 35.051719238845095 4.485888904232512 0.0
endloop
endfacet
facet normal 6.123233995736766e-17 0.0 -1.0
outer loop
vertex 35.06741220379549 0.5671999215702144 0.0
vertex 34.94029656033397 4.81412953047832 0.0
vertex 34.99063515683797 4.648185416946621 0.0
endloop
endfacet
facet normal 6.123233995736766e-17 0.0 -1.0
outer loop
vertex 37.5 0.0 0.0
vertex 37.67331829245988 2.8556738534177004 0.0
vertex 37.85971721076579 0.011775922187680976 0.0
endloop
endfacet
facet normal 6.123233995736766e-17 0.0 -1.0
outer loop
vertex 37.85971721076579 0.011775922187680976 0.0
vertex 38.01698935334274 2.9009190069314394 0.0
vertex 38.21789405721028 0.04705326244404251 0.0
endloop
endfacet
facet normal 6.123233995736766e-17 0.0 -1.0
outer loop
vertex 38.21789405721028 0.04705326244404251 0.0
vertex 38.351814583053375 2.9906351568379694 0.0
vertex 38.572996771088704 0.10568095778223263 0.0
endloop
endfacet
facet normal 6.123233995736766e-17 0.0 -1.0
outer loop
vertex 38.572996771088704 0.10568095778223263 0.0
vertex 38.67206502908035 3.123287234938376 0.0
vertex 38.92350474806386 0.18740795541012467 0.0
endloop
endfacet
facet normal 6.123233995736766e-17 0.0 -1.0
outer loop
vertex 38.92350474806386 0.18740795541012467 0.0
vertex 38.972261117501944 3.2966055273982553 0.0
vertex 39.26791705916739 0.2918842877769183 0.0
endloop
endfacet
facet normal 6.123233995736766e-17 0.0 -1.0
outer loop
vertex 39.26791705916739 0.2918842877769183 0.0
vertex 39.37383297014435 3.626167029855649 0.0
vertex 39.60475887800799 0.41866257118792305 0.0
endloop
endfacet
facet normal 6.123233995736766e-17 0.0 -1.0
outer loop
vertex 39.60475887800799 0.41866257118792305 0.0
vertex 39.703394472601744 4.0277388824980545 0.0
vertex 39.93258779620451 0.5671999215702144 0.0
endloop
endfacet
facet normal 6.123233995736766e-17 0.0 -1.0
outer loop
vertex 37.85971721076579 0.011775922187680976 0.0
vertex 37.67331829245988 2.8556738534177004 0.0
vertex 37.845894409383135 2.8726711173594026 0.0
endloop
endfacet
facet normal 6.123233995736766e-17 0.0 -1.0
outer loop
vertex 37.85971721076579 0.011775922187680976 0.0
vertex 37.845894409383135 2.8726711173594026 0.0
vertex 38.01698935334274 2.9009190069314394 0.0
endloop
endfacet
facet normal 6.123233995736766e-17 0.0 -1.0
outer loop
vertex 38.21789405721028 0.04705326244404251 0.0
vertex 38.01698935334274 2.9009190069314394 0.0
vertex 38.18587046952168 2.9402965603339695 0.0
endloop
endfacet
facet normal 6.123233995736766e-17 0.0 -1.0
outer loop
vertex 38.21789405721028 0.04705326244404251 0.0
vertex 38.18587046952168 2.9402965603339695 0.0
vertex 38.351814583053375 2.9906351568379694 0.0
endloop
endfacet
facet normal 6.123233995736766e-17 0.0 -1.0
outer loop
vertex 38.572996771088704 0.10568095778223263 0.0
vertex 38.351814583053375 2.9906351568379694 0.0
vertex 38.51411109576749 3.0517192388450898 0.0
endloop
endfacet
facet normal 6.123233995736766e-17 0.0 -1.0
outer loop
vertex 38.572996771088704 0.10568095778223263 0.0
vertex 38.51411109576749 3.0517192388450898 0.0
vertex 38.67206502908035 3.123287234938376 0.0
endloop
endfacet
facet normal 6.123233995736766e-17 0.0 -1.0
outer loop
vertex 38.92350474806386 0.18740795541012467 0.0
vertex 38.67206502908035 3.123287234938376 0.0
vertex 38.825 3.2050326799712376 0.0
endloop
endfacet
facet normal 6.123233995736766e-17 0.0 -1.0
outer loop
vertex 38.92350474806386 0.18740795541012467 0.0
vertex 38.825 3.2050326799712376 0.0
vertex 38.972261117501944 3.2966055273982553 0.0
endloop
endfacet
facet normal 6.123233995736766e-17 0.0 -1.0
outer loop
vertex 39.93258779620451 0.5671999215702144 0.0
vertex 39.94828076115491 4.485888904232512 0.0
vertex 40.25 0.7368602791855867 0.0
endloop
endfacet
facet normal 6.123233995736766e-17 0.0 -1.0
outer loop
vertex 39.26791705916739 0.2918842877769183 0.0
vertex 38.972261117501944 3.2966055273982553 0.0
vertex 39.11321778687311 3.3976136482282264 0.0
endloop
endfacet
facet normal 6.123233995736766e-17 0.0 -1.0
outer loop
vertex 39.26791705916739 0.2918842877769183 0.0
vertex 39.11321778687311 3.3976136482282264 0.0
vertex 39.247266410015186 3.50762451018071 0.0
endloop
endfacet
facet normal 6.123233995736766e-17 0.0 -1.0
outer loop
vertex 39.26791705916739 0.2918842877769183 0.0
vertex 39.247266410015186 3.50762451018071 0.0
vertex 39.37383297014435 3.626167029855649 0.0
endloop
endfacet
facet normal 6.123233995736766e-17 0.0 -1.0
outer loop
vertex 39.60475887800799 0.41866257118792305 0.0
vertex 39.37383297014435 3.626167029855649 0.0
vertex 39.49237548981929 3.7527335899848175 0.0
endloop
endfacet
facet normal 6.123233995736766e-17 0.0 -1.0
outer loop
vertex 39.60475887800799 0.41866257118792305 0.0
vertex 39.49237548981929 3.7527335899848175 0.0
vertex 39.60238635177177 3.8867822131268905 0.0
endloop
endfacet
facet normal 6.123233995736766e-17 0.0 -1.0
outer loop
vertex 39.60475887800799 0.41866257118792305 0.0
vertex 39.60238635177177 3.8867822131268905 0.0
vertex 39.703394472601744 4.0277388824980545 0.0
endloop
endfacet
facet normal 6.123233995736766e-17 0.0 -1.0
outer loop
vertex 39.93258779620451 0.5671999215702144 0.0
vertex 39.703394472601744 4.0277388824980545 0.0
vertex 39.79496732002876 4.175000000000001 0.0
endloop
endfacet
facet normal 6.123233995736766e-17 0.0 -1.0
outer loop
vertex 39.93258779620451 0.5671999215702144 0.0
vertex 39.79496732002876 4.175000000000001 0.0
vertex 39.876712765061626 4.327934970919646 0.0
endloop
endfacet
facet normal 6.123233995736766e-17 0.0 -1.0
outer loop
vertex 39.93258779620451 0.5671999215702144 0.0
vertex 39.876712765061626 4.327934970919646 0.0
vertex 39.94828076115491 4.485888904232512 0.0
endloop
endfacet
facet normal 6.123233995736766e-17 0.0 -1.0
outer loop
vertex 40.25 0.7368602791855867 0.0
vertex 39.94828076115491 4.485888904232512 0.0
vertex 40.00936484316203 4.648185416946621 0.0
endloop
endfacet
facet normal 6.123233995736766e-17 0.0 -1.0
outer loop
vertex 40.25 0.7368602791855867 0.0
vertex 40.00936484316203 4.648185416946621 0.0
vertex 40.05970343966603 4.81412953047832 0.0
endloop
endfacet
facet normal 6.123233995736766e-17 0.0 -1.0
outer loop
vertex 33.36488105886562 1.8735980169496216 0.0
vertex 33.13655662839821 2.1518121404520363 0.0
vertex 33.13655662839821 8.848187859547963 0.0
endloop
endfacet
facet normal 6.123233995736766e-17 0.0 -1.0
outer loop
vertex 33.610912703473986 1.6109127034739892 0.0
vertex 33.36488105886562 1.8735980169496216 0.0
vertex 33.36488105886562 9.126401983050378 0.0
endloop
endfacet
facet normal 6.123233995736766e-17 0.0 -1.0
outer loop
vertex 34.75 0.7368602791855867 0.0
vertex 34.90091900693144 4.9830106466572595 0.0
vertex 34.94029656033397 4.81412953047832 0.0
endloop
endfacet
facet normal 6.123233995736766e-17 0.0 -1.0
outer loop
vertex 34.75 0.7368602791855867 0.0
vertex 34.8726711173594 5.154105590616863 0.0
vertex 34.90091900693144 4.9830106466572595 0.0
endloop
endfacet
facet normal 6.123233995736766e-17 0.0 -1.0
outer loop
vertex 34.75 0.7368602791855867 0.0
vertex 34.8556738534177 5.326681707540121 0.0
vertex 34.8726711173594 5.154105590616863 0.0
endloop
endfacet
facet normal 6.123233995736766e-17 0.0 -1.0
outer loop
vertex 34.75 0.7368602791855867 0.0
vertex 34.85 5.5 0.0
vertex 34.8556738534177 5.326681707540121 0.0
endloop
endfacet
facet normal 6.123233995736766e-17 0.0 -1.0
outer loop
vertex 34.15181214045204 1.136556628398207 0.0
vertex 34.15181214045204 9.863443371601793 0.0
vertex 34.44436371839219 0.9269171323360013 0.0
endloop
endfacet
facet normal 6.123233995736766e-17 0.0 -1.0
outer loop
vertex 34.15181214045204 1.136556628398207 0.0
vertex 33.87359801694962 1.364881058865624 0.0
vertex 33.87359801694962 9.635118941134376 0.0
endloop
endfacet
facet normal 6.123233995736766e-17 0.0 -1.0
outer loop
vertex 33.87359801694962 1.364881058865624 0.0
vertex 33.610912703473986 1.6109127034739892 0.0
vertex 33.610912703473986 9.38908729652601 0.0
endloop
endfacet
facet normal 6.123233995736766e-17 0.0 -1.0
outer loop
vertex 34.75 0.7368602791855867 0.0
vertex 34.44436371839219 0.9269171323360013 0.0
vertex 34.44436371839219 10.073082867663999 0.0
endloop
endfacet
facet normal 6.123233995736766e-17 0.0 -1.0
outer loop
vertex 32.926917132336 2.4443637183921876 0.0
vertex 32.736860279185585 2.75 0.0
vertex 32.736860279185585 8.25 0.0
endloop
endfacet
facet normal 6.123233995736766e-17 0.0 -1.0
outer loop
vertex 32.567199921570214 3.0674122037954934 0.0
vertex 32.41866257118792 3.3952411219920062 0.0
vertex 32.41866257118792 7.604758878007994 0.0
endloop
endfacet
facet normal 6.123233995736766e-17 0.0 -1.0
outer loop
vertex 32.736860279185585 2.75 0.0
vertex 32.567199921570214 3.0674122037954934 0.0
vertex 32.567199921570214 7.932587796204507 0.0
endloop
endfacet
facet normal 6.123233995736766e-17 0.0 -1.0
outer loop
vertex 33.13655662839821 2.1518121404520363 0.0
vertex 33.03036670996773 2.3000000000000007 0.0
vertex 32.926917132336 8.555636281607812 0.0
endloop
endfacet
facet normal 6.123233995736766e-17 0.0 -1.0
outer loop
vertex 33.03036670996773 2.3000000000000007 0.0
vertex 32.926917132336 2.4443637183921876 0.0
vertex 32.926917132336 8.555636281607812 0.0
endloop
endfacet
facet normal 6.123233995736766e-17 0.0 -1.0
outer loop
vertex 32.41866257118792 3.3952411219920062 0.0
vertex 32.29188428777692 3.732082940832612 0.0
vertex 32.29188428777692 7.267917059167388 0.0
endloop
endfacet
facet normal 6.123233995736766e-17 0.0 -1.0
outer loop
vertex 32.18740795541012 6.9235047480638645 0.0
vertex 32.29188428777692 7.267917059167388 0.0
vertex 32.29188428777692 3.732082940832612 0.0
endloop
endfacet
facet normal 6.123233995736766e-17 0.0 -1.0
outer loop
vertex 34.75 0.7368602791855867 0.0
vertex 34.75 10.263139720814413 0.0
vertex 34.85 5.5 0.0
endloop
endfacet
facet normal 6.123233995736766e-17 0.0 -1.0
outer loop
vertex 32.41866257118792 3.3952411219920062 0.0
vertex 32.29188428777692 7.267917059167388 0.0
vertex 32.41866257118792 7.604758878007994 0.0
endloop
endfacet
facet normal 6.123233995736766e-17 0.0 -1.0
outer loop
vertex 32.567199921570214 3.0674122037954934 0.0
vertex 32.41866257118792 7.604758878007994 0.0
vertex 32.567199921570214 7.932587796204507 0.0
endloop
endfacet
facet normal 6.123233995736766e-17 0.0 -1.0
outer loop
vertex 32.736860279185585 2.75 0.0
vertex 32.567199921570214 7.932587796204507 0.0
vertex 32.736860279185585 8.25 0.0
endloop
endfacet
facet normal 6.123233995736766e-17 0.0 -1.0
outer loop
vertex 32.926917132336 2.4443637183921876 0.0
vertex 32.736860279185585 8.25 0.0
vertex 32.926917132336 8.555636281607812 0.0
endloop
endfacet
facet normal 6.123233995736766e-17 0.0 -1.0
outer loop
vertex 33.13655662839821 2.1518121404520363 0.0
vertex 32.926917132336 8.555636281607812 0.0
vertex 33.03036670996773 8.700000000000001 0.0
endloop
endfacet
facet normal 6.123233995736766e-17 0.0 -1.0
outer loop
vertex 33.13655662839821 2.1518121404520363 0.0
vertex 33.03036670996773 8.700000000000001 0.0
vertex 33.13655662839821 8.848187859547963 0.0
endloop
endfacet
facet normal 6.123233995736766e-17 0.0 -1.0
outer loop
vertex 33.36488105886562 1.8735980169496216 0.0
vertex 33.13655662839821 8.848187859547963 0.0
vertex 33.36488105886562 9.126401983050378 0.0
endloop
endfacet
facet normal 6.123233995736766e-17 0.0 -1.0
outer loop
vertex 33.610912703473986 1.6109127034739892 0.0
vertex 33.36488105886562 9.126401983050378 0.0
vertex 33.610912703473986 9.38908729652601 0.0
endloop
endfacet
facet normal 6.123233995736766e-17 0.0 -1.0
outer loop
vertex 33.87359801694962 1.364881058865624 0.0
vertex 33.610912703473986 9.38908729652601 0.0
vertex 33.87359801694962 9.635118941134376 0.0
endloop
endfacet
facet normal 6.123233995736766e-17 0.0 -1.0
outer loop
vertex 34.15181214045204 1.136556628398207 0.0
vertex 33.87359801694962 9.635118941134376 0.0
vertex 34.15181214045204 9.863443371601793 0.0
endloop
endfacet
facet normal 6.123233995736766e-17 0.0 -1.0
outer loop
vertex 34.44436371839219 0.9269171323360013 0.0
vertex 34.15181214045204 9.863443371601793 0.0
vertex 34.3 9.96963329003227 0.0
endloop
endfacet
facet normal 6.123233995736766e-17 0.0 -1.0
outer loop
vertex 40.25 0.7368602791855867 0.0
vertex 40.05970343966603 4.81412953047832 0.0
vertex 40.09908099306856 4.9830106466572595 0.0
endloop
endfacet
facet normal 6.123233995736766e-17 0.0 -1.0
outer loop
vertex 40.25 0.7368602791855867 0.0
vertex 40.09908099306856 4.9830106466572595 0.0
vertex 40.1273288826406 5.154105590616863 0.0
endloop
endfacet
facet normal 6.123233995736766e-17 0.0 -1.0
outer loop
vertex 40.25 0.7368602791855867 0.0
vertex 40.1273288826406 5.154105590616863 0.0
vertex 40.1443261465823 5.326681707540121 0.0
endloop
endfacet
facet normal 6.123233995736766e-17 0.0 -1.0
outer loop
vertex 40.25 0.7368602791855867 0.0
vertex 40.1443261465823 5.326681707540121 0.0
vertex 40.15 5.5 0.0
endloop
endfacet
facet normal 6.123233995736766e-17 0.0 -1.0
outer loop
vertex 40.25 0.7368602791855867 0.0
vertex 40.25 10.263139720814413 0.0
vertex 40.55563628160781 0.9269171323360013 0.0
endloop
endfacet
facet normal 6.123233995736766e-17 0.0 -1.0
outer loop
vertex 40.55563628160781 0.9269171323360013 0.0
vertex 40.55563628160781 10.073082867663999 0.0
vertex 40.84818785954796 1.136556628398207 0.0
endloop
endfacet
facet normal 6.123233995736766e-17 0.0 -1.0
outer loop
vertex 40.84818785954796 1.136556628398207 0.0
vertex 40.84818785954796 9.863443371601793 0.0
vertex 41.12640198305038 1.364881058865624 0.0
endloop
endfacet
facet normal 6.123233995736766e-17 0.0 -1.0
outer loop
vertex 41.12640198305038 1.364881058865624 0.0
vertex 41.12640198305038 9.635118941134376 0.0
vertex 41.389087296526014 1.6109127034739892 0.0
endloop
endfacet
facet normal 6.123233995736766e-17 0.0 -1.0
outer loop
vertex 41.389087296526014 1.6109127034739892 0.0
vertex 41.389087296526014 9.38908729652601 0.0
vertex 41.63511894113438 1.8735980169496216 0.0
endloop
endfacet
facet normal 6.123233995736766e-17 0.0 -1.0
outer loop
vertex 41.63511894113438 1.8735980169496216 0.0
vertex 41.63511894113438 9.126401983050378 0.0
vertex 41.86344337160179 2.1518121404520363 0.0
endloop
endfacet
facet normal 6.123233995736766e-17 0.0 -1.0
outer loop
vertex 41.86344337160179 2.1518121404520363 0.0
vertex 41.86344337160179 8.848187859547963 0.0
vertex 42.073082867664 2.4443637183921876 0.0
endloop
endfacet
facet normal 6.123233995736766e-17 0.0 -1.0
outer loop
vertex 42.073082867664 2.4443637183921876 0.0
vertex 42.073082867664 8.555636281607812 0.0
vertex 42.263139720814415 2.75 0.0
endloop
endfacet
facet normal 6.123233995736766e-17 0.0 -1.0
outer loop
vertex 42.263139720814415 2.75 0.0
vertex 42.263139720814415 8.25 0.0
vertex 42.432800078429786 3.0674122037954934 0.0
endloop
endfacet
facet normal 6.123233995736766e-17 0.0 -1.0
outer loop
vertex 42.432800078429786 3.0674122037954934 0.0
vertex 42.432800078429786 7.932587796204507 0.0
vertex 42.58133742881208 3.3952411219920062 0.0
endloop
endfacet
facet normal 6.123233995736766e-17 0.0 -1.0
outer loop
vertex 42.58133742881208 3.3952411219920062 0.0
vertex 42.58133742881208 7.604758878007994 0.0
vertex 42.70811571222308 3.732082940832612 0.0
endloop
endfacet
facet normal 6.123233995736766e-17 0.0 -1.0
outer loop
vertex 42.70811571222308 3.732082940832612 0.0
vertex 42.70811571222308 7.267917059167388 0.0
vertex 42.81259204458988 4.0764952519361355 0.0
endloop
endfacet
facet normal 6.123233995736766e-17 0.0 -1.0
outer loop
vertex 42.81259204458988 4.0764952519361355 0.0
vertex 42.81259204458988 6.9235047480638645 0.0
vertex 42.89431904221777 4.427003228911294 0.0
endloop
endfacet
facet normal 6.123233995736766e-17 0.0 -1.0
outer loop
vertex 40.25 0.7368602791855867 0.0
vertex 40.15 5.5 0.0
vertex 40.25 10.263139720814413 0.0
endloop
endfacet
facet normal 6.123233995736766e-17 0.0 -1.0
outer loop
vertex 42.89431904221777 4.427003228911294 0.0
vertex 42.89431904221777 6.572996771088706 0.0
vertex 42.952946737555955 4.782105942789716 0.0
endloop
endfacet
facet normal 6.123233995736766e-17 0.0 -1.0
outer loop
vertex 42.952946737555955 4.782105942789716 0.0
vertex 42.952946737555955 6.217894057210284 0.0
vertex 42.98822407781232 5.140282789234213 0.0
endloop
endfacet
facet normal 6.123233995736766e-17 0.0 -1.0
outer loop
vertex 42.98822407781232 5.140282789234213 0.0
vertex 42.98822407781232 5.859717210765787 0.0
vertex 43.0 5.5 0.0
endloop
endfacet
facet normal 6.123233995736766e-17 0.0 -1.0
outer loop
vertex 42.98822407781232 5.140282789234213 0.0
vertex 42.952946737555955 6.217894057210284 0.0
vertex 42.98822407781232 5.859717210765787 0.0
endloop
endfacet
facet normal 6.123233995736766e-17 0.0 -1.0
outer loop
vertex 42.952946737555955 4.782105942789716 0.0
vertex 42.89431904221777 6.572996771088706 0.0
vertex 42.952946737555955 6.217894057210284 0.0
endloop
endfacet
facet normal 6.123233995736766e-17 0.0 -1.0
outer loop
vertex 42.89431904221777 4.427003228911294 0.0
vertex 42.81259204458988 6.9235047480638645 0.0
vertex 42.89431904221777 6.572996771088706 0.0
endloop
endfacet
facet normal 6.123233995736766e-17 0.0 -1.0
outer loop
vertex 41.389087296526014 1.6109127034739892 0.0
vertex 41.12640198305038 9.635118941134376 0.0
vertex 41.389087296526014 9.38908729652601 0.0
endloop
endfacet
facet normal 6.123233995736766e-17 0.0 -1.0
outer loop
vertex 41.63511894113438 1.8735980169496216 0.0
vertex 41.389087296526014 9.38908729652601 0.0
vertex 41.63511894113438 9.126401983050378 0.0
endloop
endfacet
facet normal 6.123233995736766e-17 0.0 -1.0
outer loop
vertex 42.81259204458988 4.0764952519361355 0.0
vertex 42.70811571222308 7.267917059167388 0.0
vertex 42.81259204458988 6.9235047480638645 0.0
endloop
endfacet
facet normal 6.123233995736766e-17 0.0 -1.0
outer loop
vertex 42.70811571222308 3.732082940832612 0.0
vertex 42.58133742881208 7.604758878007994 0.0
vertex 42.70811571222308 7.267917059167388 0.0
endloop
endfacet
facet normal 6.123233995736766e-17 0.0 -1.0
outer loop
vertex 42.58133742881208 3.3952411219920062 0.0
vertex 42.432800078429786 7.932587796204507 0.0
vertex 42.58133742881208 7.604758878007994 0.0
endloop
endfacet
facet normal 6.123233995736766e-17 0.0 -1.0
outer loop
vertex 42.432800078429786 3.0674122037954934 0.0
vertex 42.263139720814415 8.25 0.0
vertex 42.432800078429786 7.932587796204507 0.0
endloop
endfacet
facet normal 6.123233995736766e-17 0.0 -1.0
outer loop
vertex 42.263139720814415 2.75 0.0
vertex 42.073082867664 8.555636281607812 0.0
vertex 42.263139720814415 8.25 0.0
endloop
endfacet
facet normal 6.123233995736766e-17 0.0 -1.0
outer loop
vertex 42.073082867664 2.4443637183921876 0.0
vertex 41.86344337160179 8.848187859547963 0.0
vertex 42.073082867664 8.555636281607812 0.0
endloop
endfacet
facet normal 6.123233995736766e-17 0.0 -1.0
outer loop
vertex 41.86344337160179 2.1518121404520363 0.0
vertex 41.63511894113438 9.126401983050378 0.0
vertex 41.86344337160179 8.848187859547963 0.0
endloop
endfacet
facet normal 6.123233995736766e-17 0.0 -1.0
outer loop
vertex 34.44436371839219 0.9269171323360013 0.0
vertex 34.3 9.96963329003227 0.0
vertex 34.44436371839219 10.073082867663999 0.0
endloop
endfacet
facet normal 6.123233995736766e-17 0.0 -1.0
outer loop
vertex 34.75 0.7368602791855867 0.0
vertex 34.44436371839219 10.073082867663999 0.0
vertex 34.75 10.263139720814413 0.0
endloop
endfacet
facet normal 6.123233995736766e-17 0.0 -1.0
outer loop
vertex 34.75 10.263139720814413 0.0
vertex 34.8556738534177 5.673318292459879 0.0
vertex 34.85 5.5 0.0
endloop
endfacet
facet normal 6.123233995736766e-17 0.0 -1.0
outer loop
vertex 34.75 10.263139720814413 0.0
vertex 34.8726711173594 5.845894409383137 0.0
vertex 34.8556738534177 5.673318292459879 0.0
endloop
endfacet
facet normal 6.123233995736766e-17 0.0 -1.0
outer loop
vertex 34.75 10.263139720814413 0.0
vertex 34.90091900693144 6.0169893533427405 0.0
vertex 34.8726711173594 5.845894409383137 0.0
endloop
endfacet
facet normal 6.123233995736766e-17 0.0 -1.0
outer loop
vertex 34.75 10.263139720814413 0.0
vertex 34.94029656033397 6.18587046952168 0.0
vertex 34.90091900693144 6.0169893533427405 0.0
endloop
endfacet
facet normal 6.123233995736766e-17 0.0 -1.0
outer loop
vertex 34.75 10.263139720814413 0.0
vertex 34.99063515683797 6.351814583053379 0.0
vertex 34.94029656033397 6.18587046952168 0.0
endloop
endfacet
facet normal 6.123233995736766e-17 0.0 -1.0
outer loop
vertex 34.75 10.263139720814413 0.0
vertex 35.051719238845095 6.514111095767488 0.0
vertex 34.99063515683797 6.351814583053379 0.0
endloop
endfacet
facet normal 6.123233995736766e-17 0.0 -1.0
outer loop
vertex 35.06741220379549 10.432800078429786 0.0
vertex 35.123287234938374 6.672065029080354 0.0
vertex 35.051719238845095 6.514111095767488 0.0
endloop
endfacet
facet normal 6.123233995736766e-17 0.0 -1.0
outer loop
vertex 35.06741220379549 10.432800078429786 0.0
vertex 35.20503267997124 6.824999999999999 0.0
vertex 35.123287234938374 6.672065029080354 0.0
endloop
endfacet
facet normal 6.123233995736766e-17 0.0 -1.0
outer loop
vertex 35.06741220379549 10.432800078429786 0.0
vertex 35.296605527398256 6.9722611175019455 0.0
vertex 35.20503267997124 6.824999999999999 0.0
endloop
endfacet
facet normal 6.123233995736766e-17 0.0 -1.0
outer loop
vertex 35.39524112199201 10.581337428812077 0.0
vertex 35.39761364822823 7.1132177868731095 0.0
vertex 35.296605527398256 6.9722611175019455 0.0
endloop
endfacet
facet normal 6.123233995736766e-17 0.0 -1.0
outer loop
vertex 35.39524112199201 10.581337428812077 0.0
vertex 35.50762451018071 7.2472664100151825 0.0
vertex 35.39761364822823 7.1132177868731095 0.0
endloop
endfacet
facet normal 6.123233995736766e-17 0.0 -1.0
outer loop
vertex 35.39524112199201 10.581337428812077 0.0
vertex 35.62616702985565 7.373832970144351 0.0
vertex 35.50762451018071 7.2472664100151825 0.0
endloop
endfacet
facet normal 6.123233995736766e-17 0.0 -1.0
outer loop
vertex 35.73208294083261 10.708115712223082 0.0
vertex 35.752733589984814 7.49237548981929 0.0
vertex 35.62616702985565 7.373832970144351 0.0
endloop
endfacet
facet normal 6.123233995736766e-17 0.0 -1.0
outer loop
vertex 35.73208294083261 10.708115712223082 0.0
vertex 35.88678221312689 7.602386351771774 0.0
vertex 35.752733589984814 7.49237548981929 0.0
endloop
endfacet
facet normal 6.123233995736766e-17 0.0 -1.0
outer loop
vertex 34.75 10.263139720814413 0.0
vertex 35.06741220379549 10.432800078429786 0.0
vertex 35.051719238845095 6.514111095767488 0.0
endloop
endfacet
facet normal 6.123233995736766e-17 0.0 -1.0
outer loop
vertex 35.73208294083261 10.708115712223082 0.0
vertex 36.027738882498056 7.703394472601744 0.0
vertex 35.88678221312689 7.602386351771774 0.0
endloop
endfacet
facet normal 6.123233995736766e-17 0.0 -1.0
outer loop
vertex 36.07649525193614 10.812592044589875 0.0
vertex 36.175 7.794967320028762 0.0
vertex 36.027738882498056 7.703394472601744 0.0
endloop
endfacet
facet normal 6.123233995736766e-17 0.0 -1.0
outer loop
vertex 36.07649525193614 10.812592044589875 0.0
vertex 36.32793497091964 7.876712765061624 0.0
vertex 36.175 7.794967320028762 0.0
endloop
endfacet
facet normal 6.123233995736766e-17 0.0 -1.0
outer loop
vertex 35.06741220379549 10.432800078429786 0.0
vertex 35.39524112199201 10.581337428812077 0.0
vertex 35.296605527398256 6.9722611175019455 0.0
endloop
endfacet
facet normal 6.123233995736766e-17 0.0 -1.0
outer loop
vertex 36.427003228911296 10.894319042217766 0.0
vertex 36.48588890423251 7.94828076115491 0.0
vertex 36.32793497091964 7.876712765061624 0.0
endloop
endfacet
facet normal 6.123233995736766e-17 0.0 -1.0
outer loop
vertex 36.427003228911296 10.894319042217766 0.0
vertex 36.64818541694662 8.00936484316203 0.0
vertex 36.48588890423251 7.94828076115491 0.0
endloop
endfacet
facet normal 6.123233995736766e-17 0.0 -1.0
outer loop
vertex 36.78210594278971 10.952946737555958 0.0
vertex 36.81412953047832 8.05970343966603 0.0
vertex 36.64818541694662 8.00936484316203 0.0
endloop
endfacet
facet normal 6.123233995736766e-17 0.0 -1.0
outer loop
vertex 36.78210594278971 10.952946737555958 0.0
vertex 36.98301064665726 8.099080993068561 0.0
vertex 36.81412953047832 8.05970343966603 0.0
endloop
endfacet
facet normal 6.123233995736766e-17 0.0 -1.0
outer loop
vertex 37.14028278923421 10.988224077812319 0.0
vertex 37.154105590616865 8.127328882640597 0.0
vertex 36.98301064665726 8.099080993068561 0.0
endloop
endfacet
facet normal 6.123233995736766e-17 0.0 -1.0
outer loop
vertex 37.14028278923421 10.988224077812319 0.0
vertex 37.32668170754012 8.1443261465823 0.0
vertex 37.154105590616865 8.127328882640597 0.0
endloop
endfacet
facet normal 6.123233995736766e-17 0.0 -1.0
outer loop
vertex 37.5 11.0 0.0
vertex 37.5 8.15 0.0
vertex 37.32668170754012 8.1443261465823 0.0
endloop
endfacet
facet normal 6.123233995736766e-17 0.0 -1.0
outer loop
vertex 35.39524112199201 10.581337428812077 0.0
vertex 35.73208294083261 10.708115712223082 0.0
vertex 35.62616702985565 7.373832970144351 0.0
endloop
endfacet
facet normal 6.123233995736766e-17 0.0 -1.0
outer loop
vertex 35.73208294083261 10.708115712223082 0.0
vertex 36.07649525193614 10.812592044589875 0.0
vertex 36.027738882498056 7.703394472601744 0.0
endloop
endfacet
facet normal 6.123233995736766e-17 0.0 -1.0
outer loop
vertex 36.07649525193614 10.812592044589875 0.0
vertex 36.427003228911296 10.894319042217766 0.0
vertex 36.32793497091964 7.876712765061624 0.0
endloop
endfacet
facet normal 6.123233995736766e-17 0.0 -1.0
outer loop
vertex 36.427003228911296 10.894319042217766 0.0
vertex 36.78210594278971 10.952946737555958 0.0
vertex 36.64818541694662 8.00936484316203 0.0
endloop
endfacet
facet normal 6.123233995736766e-17 0.0 -1.0
outer loop
vertex 36.78210594278971 10.952946737555958 0.0
vertex 37.14028278923421 10.988224077812319 0.0
vertex 36.98301064665726 8.099080993068561 0.0
endloop
endfacet
facet normal 6.123233995736766e-17 0.0 -1.0
outer loop
vertex 37.14028278923421 10.988224077812319 0.0
vertex 37.5 11.0 0.0
vertex 37.32668170754012 8.1443261465823 0.0
endloop
endfacet
facet normal 6.123233995736766e-17 0.0 -1.0
outer loop
vertex 37.5 11.0 0.0
vertex 37.85971721076579 10.988224077812319 0.0
vertex 37.5 8.15 0.0
endloop
endfacet
facet normal 6.123233995736766e-17 0.0 -1.0
outer loop
vertex 40.25 10.263139720814413 0.0
vertex 40.15 5.5 0.0
vertex 40.1443261465823 5.673318292459879 0.0
endloop
endfacet
facet normal 6.123233995736766e-17 0.0 -1.0
outer loop
vertex 40.25 10.263139720814413 0.0
vertex 40.1443261465823 5.673318292459879 0.0
vertex 40.1273288826406 5.845894409383137 0.0
endloop
endfacet
facet normal 6.123233995736766e-17 0.0 -1.0
outer loop
vertex 40.25 10.263139720814413 0.0
vertex 40.1273288826406 5.845894409383137 0.0
vertex 40.09908099306856 6.0169893533427405 0.0
endloop
endfacet
facet normal 6.123233995736766e-17 0.0 -1.0
outer loop
vertex 40.25 10.263139720814413 0.0
vertex 40.09908099306856 6.0169893533427405 0.0
vertex 40.05970343966603 6.18587046952168 0.0
endloop
endfacet
facet normal 6.123233995736766e-17 0.0 -1.0
outer loop
vertex 39.93258779620451 10.432800078429786 0.0
vertex 40.00936484316203 6.351814583053379 0.0
vertex 39.94828076115491 6.514111095767488 0.0
endloop
endfacet
facet normal 6.123233995736766e-17 0.0 -1.0
outer loop
vertex 39.93258779620451 10.432800078429786 0.0
vertex 40.05970343966603 6.18587046952168 0.0
vertex 40.00936484316203 6.351814583053379 0.0
endloop
endfacet
facet normal 6.123233995736766e-17 0.0 -1.0
outer loop
vertex 39.60475887800799 10.581337428812077 0.0
vertex 39.703394472601744 6.9722611175019455 0.0
vertex 39.60238635177177 7.1132177868731095 0.0
endloop
endfacet
facet normal 6.123233995736766e-17 0.0 -1.0
outer loop
vertex 39.93258779620451 10.432800078429786 0.0
vertex 39.94828076115491 6.514111095767488 0.0
vertex 39.876712765061626 6.672065029080354 0.0
endloop
endfacet
facet normal 6.123233995736766e-17 0.0 -1.0
outer loop
vertex 39.93258779620451 10.432800078429786 0.0
vertex 39.876712765061626 6.672065029080354 0.0
vertex 39.79496732002876 6.824999999999999 0.0
endloop
endfacet
facet normal 6.123233995736766e-17 0.0 -1.0
outer loop
vertex 39.93258779620451 10.432800078429786 0.0
vertex 39.79496732002876 6.824999999999999 0.0
vertex 39.703394472601744 6.9722611175019455 0.0
endloop
endfacet
facet normal 6.123233995736766e-17 0.0 -1.0
outer loop
vertex 39.60475887800799 10.581337428812077 0.0
vertex 39.60238635177177 7.1132177868731095 0.0
vertex 39.49237548981929 7.2472664100151825 0.0
endloop
endfacet
facet normal 6.123233995736766e-17 0.0 -1.0
outer loop
vertex 39.60475887800799 10.581337428812077 0.0
vertex 39.49237548981929 7.2472664100151825 0.0
vertex 39.37383297014435 7.373832970144351 0.0
endloop
endfacet
facet normal 6.123233995736766e-17 0.0 -1.0
outer loop
vertex 39.26791705916739 10.708115712223082 0.0
vertex 39.37383297014435 7.373832970144351 0.0
vertex 39.247266410015186 7.49237548981929 0.0
endloop
endfacet
facet normal 6.123233995736766e-17 0.0 -1.0
outer loop
vertex 39.26791705916739 10.708115712223082 0.0
vertex 39.247266410015186 7.49237548981929 0.0
vertex 39.11321778687311 7.602386351771774 0.0
endloop
endfacet
facet normal 6.123233995736766e-17 0.0 -1.0
outer loop
vertex 40.55563628160781 0.9269171323360013 0.0
vertex 40.25 10.263139720814413 0.0
vertex 40.55563628160781 10.073082867663999 0.0
endloop
endfacet
facet normal 6.123233995736766e-17 0.0 -1.0
outer loop
vertex 40.84818785954796 1.136556628398207 0.0
vertex 40.7 9.969633290032267 0.0
vertex 40.84818785954796 9.863443371601793 0.0
endloop
endfacet
facet normal 6.123233995736766e-17 0.0 -1.0
outer loop
vertex 40.84818785954796 1.136556628398207 0.0
vertex 40.55563628160781 10.073082867663999 0.0
vertex 40.7 9.969633290032267 0.0
endloop
endfacet
facet normal 6.123233995736766e-17 0.0 -1.0
outer loop
vertex 41.12640198305038 1.364881058865624 0.0
vertex 40.84818785954796 9.863443371601793 0.0
vertex 41.12640198305038 9.635118941134376 0.0
endloop
endfacet
facet normal 6.123233995736766e-17 0.0 -1.0
outer loop
vertex 37.85971721076579 10.988224077812319 0.0
vertex 37.845894409383135 8.127328882640597 0.0
vertex 37.67331829245988 8.1443261465823 0.0
endloop
endfacet
facet normal 6.123233995736766e-17 0.0 -1.0
outer loop
vertex 38.21789405721028 10.952946737555958 0.0
vertex 38.01698935334274 8.099080993068561 0.0
vertex 37.845894409383135 8.127328882640597 0.0
endloop
endfacet
facet normal 6.123233995736766e-17 0.0 -1.0
outer loop
vertex 38.21789405721028 10.952946737555958 0.0
vertex 38.18587046952168 8.05970343966603 0.0
vertex 38.01698935334274 8.099080993068561 0.0
endloop
endfacet
facet normal 6.123233995736766e-17 0.0 -1.0
outer loop
vertex 38.92350474806386 10.812592044589875 0.0
vertex 38.972261117501944 7.703394472601744 0.0
vertex 38.825 7.794967320028762 0.0
endloop
endfacet
facet normal 6.123233995736766e-17 0.0 -1.0
outer loop
vertex 38.92350474806386 10.812592044589875 0.0
vertex 38.825 7.794967320028762 0.0
vertex 38.67206502908035 7.876712765061624 0.0
endloop
endfacet
facet normal 6.123233995736766e-17 0.0 -1.0
outer loop
vertex 38.572996771088704 10.894319042217766 0.0
vertex 38.51411109576749 7.94828076115491 0.0
vertex 38.351814583053375 8.00936484316203 0.0
endloop
endfacet
facet normal 6.123233995736766e-17 0.0 -1.0
outer loop
vertex 38.572996771088704 10.894319042217766 0.0
vertex 38.351814583053375 8.00936484316203 0.0
vertex 38.18587046952168 8.05970343966603 0.0
endloop
endfacet
facet normal 6.123233995736766e-17 0.0 -1.0
outer loop
vertex 38.92350474806386 10.812592044589875 0.0
vertex 38.67206502908035 7.876712765061624 0.0
vertex 38.51411109576749 7.94828076115491 0.0
endloop
endfacet
facet normal 6.123233995736766e-17 0.0 -1.0
outer loop
vertex 37.85971721076579 10.988224077812319 0.0
vertex 37.67331829245988 8.1443261465823 0.0
vertex 37.5 8.15 0.0
endloop
endfacet
facet normal 6.123233995736766e-17 0.0 -1.0
outer loop
vertex 39.26791705916739 10.708115712223082 0.0
vertex 39.11321778687311 7.602386351771774 0.0
vertex 38.972261117501944 7.703394472601744 0.0
endloop
endfacet
facet normal 6.123233995736766e-17 0.0 -1.0
outer loop
vertex 40.25 10.263139720814413 0.0
vertex 40.05970343966603 6.18587046952168 0.0
vertex 39.93258779620451 10.432800078429786 0.0
endloop
endfacet
facet normal 6.123233995736766e-17 0.0 -1.0
outer loop
vertex 39.60475887800799 10.581337428812077 0.0
vertex 39.93258779620451 10.432800078429786 0.0
vertex 39.703394472601744 6.9722611175019455 0.0
endloop
endfacet
facet normal 6.123233995736766e-17 0.0 -1.0
outer loop
vertex 38.92350474806386 10.812592044589875 0.0
vertex 38.51411109576749 7.94828076115491 0.0
vertex 38.572996771088704 10.894319042217766 0.0
endloop
endfacet
facet normal 6.123233995736766e-17 0.0 -1.0
outer loop
vertex 37.85971721076579 10.988224077812319 0.0
vertex 38.21789405721028 10.952946737555958 0.0
vertex 37.845894409383135 8.127328882640597 0.0
endloop
endfacet
facet normal 6.123233995736766e-17 0.0 -1.0
outer loop
vertex 38.21789405721028 10.952946737555958 0.0
vertex 38.572996771088704 10.894319042217766 0.0
vertex 38.18587046952168 8.05970343966603 0.0
endloop
endfacet
facet normal 6.123233995736766e-17 0.0 -1.0
outer loop
vertex 39.60475887800799 10.581337428812077 0.0
vertex 39.37383297014435 7.373832970144351 0.0
vertex 39.26791705916739 10.708115712223082 0.0
endloop
endfacet
facet normal 6.123233995736766e-17 0.0 -1.0
outer loop
vertex 38.92350474806386 10.812592044589875 0.0
vertex 39.26791705916739 10.708115712223082 0.0
vertex 38.972261117501944 7.703394472601744 0.0
endloop
endfacet
facet normal -6.123233995736766e-17 0.0 1.0
outer loop
vertex 34.3 9.96963329003227 7.599999999999994
vertex 34.44436371839219 10.073082867663999 7.599999999999994
vertex 34.3 20.1 7.599999999999994
endloop
endfacet
facet normal -6.123233995736766e-17 0.0 1.0
outer loop
vertex 39.60475887800799 10.581337428812077 7.599999999999994
vertex 34.81581504759059 20.1 7.599999999999994
vertex 39.26791705916739 10.708115712223082 7.599999999999994
endloop
endfacet
facet normal -6.123233995736766e-17 0.0 1.0
outer loop
vertex 39.60475887800799 10.581337428812077 7.599999999999994
vertex 39.93258779620451 10.432800078429786 7.599999999999994
vertex 34.81581504759059 20.1 7.599999999999994
endloop
endfacet
facet normal -6.123233995736766e-17 0.0 1.0
outer loop
vertex 40.25 10.263139720814413 7.599999999999994
vertex 40.55563628160781 10.073082867663999 7.599999999999994
vertex 34.81581504759059 20.1 7.599999999999994
endloop
endfacet
facet normal -6.123233995736766e-17 0.0 1.0
outer loop
vertex 40.25 10.263139720814413 7.599999999999994
vertex 34.81581504759059 20.1 7.599999999999994
vertex 39.93258779620451 10.432800078429786 7.599999999999994
endloop
endfacet
facet normal -6.123233995736766e-17 0.0 1.0
outer loop
vertex 40.55563628160781 10.073082867663999 7.599999999999994
vertex 40.7 9.969633290032267 7.599999999999994
vertex 40.7 20.1 7.599999999999994
endloop
endfacet
facet normal 1.0 0.0 6.123233995736766e-17
outer loop
vertex 40.7 9.969633290032267 7.599999999999994
vertex 40.7 9.969633290032267 0.0
vertex 40.7 20.1 7.599999999999994
endloop
endfacet
facet normal -6.123233995736766e-17 0.0 1.0
outer loop
vertex 34.44436371839219 10.073082867663999 7.599999999999994
vertex 34.75 10.263139720814413 7.599999999999994
vertex 34.3 23.900000000000002 7.599999999999994
endloop
endfacet
facet normal -6.123233995736766e-17 0.0 1.0
outer loop
vertex 34.75 10.263139720814413 7.599999999999994
vertex 35.06741220379549 10.432800078429786 7.599999999999994
vertex 34.3 23.900000000000002 7.599999999999994
endloop
endfacet
facet normal -6.123233995736766e-17 0.0 1.0
outer loop
vertex 35.06741220379549 10.432800078429786 7.599999999999994
vertex 35.39524112199201 10.581337428812077 7.599999999999994
vertex 34.3 23.900000000000002 7.599999999999994
endloop
endfacet
facet normal -6.123233995736766e-17 0.0 1.0
outer loop
vertex 35.73208294083261 10.708115712223082 7.599999999999994
vertex 36.07649525193614 10.812592044589875 7.599999999999994
vertex 34.81581504759059 20.1 7.599999999999994
endloop
endfacet
facet normal -6.123233995736766e-17 0.0 1.0
outer loop
vertex 36.07649525193614 10.812592044589875 7.599999999999994
vertex 36.427003228911296 10.894319042217766 7.599999999999994
vertex 34.81581504759059 20.1 7.599999999999994
endloop
endfacet
facet normal -6.123233995736766e-17 0.0 1.0
outer loop
vertex 36.427003228911296 10.894319042217766 7.599999999999994
vertex 36.78210594278971 10.952946737555958 7.599999999999994
vertex 34.81581504759059 20.1 7.599999999999994
endloop
endfacet
facet normal -6.123233995736766e-17 0.0 1.0
outer loop
vertex 36.78210594278971 10.952946737555958 7.599999999999994
vertex 37.14028278923421 10.988224077812319 7.599999999999994
vertex 34.81581504759059 20.1 7.599999999999994
endloop
endfacet
facet normal -6.123233995736766e-17 0.0 1.0
outer loop
vertex 37.14028278923421 10.988224077812319 7.599999999999994
vertex 37.5 11.0 7.599999999999994
vertex 34.81581504759059 20.1 7.599999999999994
endloop
endfacet
facet normal -6.123233995736766e-17 0.0 1.0
outer loop
vertex 37.5 11.0 7.599999999999994
vertex 37.85971721076579 10.988224077812319 7.599999999999994
vertex 34.81581504759059 20.1 7.599999999999994
endloop
endfacet
facet normal -6.123233995736766e-17 0.0 1.0
outer loop
vertex 37.85971721076579 10.988224077812319 7.599999999999994
vertex 38.21789405721028 10.952946737555958 7.599999999999994
vertex 34.81581504759059 20.1 7.599999999999994
endloop
endfacet
facet normal -6.123233995736766e-17 0.0 1.0
outer loop
vertex 38.21789405721028 10.952946737555958 7.599999999999994
vertex 38.572996771088704 10.894319042217766 7.599999999999994
vertex 34.81581504759059 20.1 7.599999999999994
endloop
endfacet
facet normal -6.123233995736766e-17 0.0 1.0
outer loop
vertex 38.92350474806386 10.812592044589875 7.599999999999994
vertex 34.81581504759059 20.1 7.599999999999994
vertex 38.572996771088704 10.894319042217766 7.599999999999994
endloop
endfacet
facet normal -6.123233995736766e-17 0.0 1.0
outer loop
vertex 35.39524112199201 10.581337428812077 7.599999999999994
vertex 35.73208294083261 10.708115712223082 7.599999999999994
vertex 34.3 23.900000000000002 7.599999999999994
endloop
endfacet
facet normal -6.123233995736766e-17 0.0 1.0
outer loop
vertex 38.92350474806386 10.812592044589875 7.599999999999994
vertex 39.26791705916739 10.708115712223082 7.599999999999994
vertex 34.81581504759059 20.1 7.599999999999994
endloop
endfacet
facet normal -6.123233995736766e-17 0.0 1.0
outer loop
vertex 40.55563628160781 10.073082867663999 7.599999999999994
vertex 40.7 20.1 7.599999999999994
vertex 34.81581504759059 20.1 7.599999999999994
endloop
endfacet
facet normal -6.123233995736766e-17 0.0 1.0
outer loop
vertex 34.44436371839219 10.073082867663999 7.599999999999994
vertex 34.3 23.900000000000002 7.599999999999994
vertex 34.3 20.1 7.599999999999994
endloop
endfacet
facet normal -6.123233995736766e-17 0.0 1.0
outer loop
vertex 35.73208294083261 10.708115712223082 7.599999999999994
vertex 34.81581504759059 20.1 7.599999999999994
vertex 34.3 23.900000000000002 7.599999999999994
endloop
endfacet
facet normal -1.0 0.0 -6.123233995736766e-17
outer loop
vertex 34.3 9.96963329003227 7.599999999999994
vertex 34.3 20.1 7.599999999999994
vertex 34.3 20.1 0.0
endloop
endfacet
facet normal -1.0 0.0 -6.123233995736766e-17
outer loop
vertex 34.3 9.96963329003227 7.599999999999994
vertex 34.3 20.1 0.0
vertex 34.3 9.96963329003227 0.0
endloop
endfacet
facet normal 6.123233995736766e-17 0.0 -1.0
outer loop
vertex 34.3 9.96963329003227 0.0
vertex 34.3 20.1 0.0
vertex 34.44436371839219 10.073082867663999 0.0
endloop
endfacet
facet normal 6.123233995736766e-17 0.0 -1.0
outer loop
vertex 40.55563628160781 10.073082867663999 0.0
vertex 40.7 20.1 0.0
vertex 40.7 9.969633290032267 0.0
endloop
endfacet
facet normal 1.0 0.0 6.123233995736766e-17
outer loop
vertex 40.7 20.1 7.599999999999994
vertex 40.7 9.969633290032267 0.0
vertex 40.7 20.1 0.0
endloop
endfacet
facet normal 6.123233995736766e-17 0.0 -1.0
outer loop
vertex 34.44436371839219 10.073082867663999 0.0
vertex 34.3 23.900000000000002 0.0
vertex 34.75 10.263139720814413 0.0
endloop
endfacet
facet normal 6.123233995736766e-17 0.0 -1.0
outer loop
vertex 34.75 10.263139720814413 0.0
vertex 34.3 23.900000000000002 0.0
vertex 35.06741220379549 10.432800078429786 0.0
endloop
endfacet
facet normal 6.123233995736766e-17 0.0 -1.0
outer loop
vertex 35.06741220379549 10.432800078429786 0.0
vertex 34.3 23.900000000000002 0.0
vertex 35.39524112199201 10.581337428812077 0.0
endloop
endfacet
facet normal 6.123233995736766e-17 0.0 -1.0
outer loop
vertex 35.39524112199201 10.581337428812077 0.0
vertex 34.3 23.900000000000002 0.0
vertex 35.73208294083261 10.708115712223082 0.0
endloop
endfacet
facet normal 6.123233995736766e-17 0.0 -1.0
outer loop
vertex 35.73208294083261 10.708115712223082 0.0
vertex 34.3 23.900000000000002 0.0
vertex 36.07649525193614 10.812592044589875 0.0
endloop
endfacet
facet normal 6.123233995736766e-17 0.0 -1.0
outer loop
vertex 36.07649525193614 10.812592044589875 0.0
vertex 34.3 23.900000000000002 0.0
vertex 36.427003228911296 10.894319042217766 0.0
endloop
endfacet
facet normal 6.123233995736766e-17 0.0 -1.0
outer loop
vertex 36.427003228911296 10.894319042217766 0.0
vertex 34.3 23.900000000000002 0.0
vertex 36.78210594278971 10.952946737555958 0.0
endloop
endfacet
facet normal 6.123233995736766e-17 0.0 -1.0
outer loop
vertex 36.78210594278971 10.952946737555958 0.0
vertex 34.3 23.900000000000002 0.0
vertex 37.14028278923421 10.988224077812319 0.0
endloop
endfacet
facet normal 6.123233995736766e-17 0.0 -1.0
outer loop
vertex 37.14028278923421 10.988224077812319 0.0
vertex 34.3 23.900000000000002 0.0
vertex 37.5 11.0 0.0
endloop
endfacet
facet normal 6.123233995736766e-17 0.0 -1.0
outer loop
vertex 37.5 11.0 0.0
vertex 34.3 23.900000000000002 0.0
vertex 37.85971721076579 10.988224077812319 0.0
endloop
endfacet
facet normal 6.123233995736766e-17 0.0 -1.0
outer loop
vertex 37.85971721076579 10.988224077812319 0.0
vertex 34.3 23.900000000000002 0.0
vertex 38.21789405721028 10.952946737555958 0.0
endloop
endfacet
facet normal 6.123233995736766e-17 0.0 -1.0
outer loop
vertex 38.21789405721028 10.952946737555958 0.0
vertex 34.3 23.900000000000002 0.0
vertex 38.572996771088704 10.894319042217766 0.0
endloop
endfacet
facet normal 6.123233995736766e-17 0.0 -1.0
outer loop
vertex 38.92350474806386 10.812592044589875 0.0
vertex 38.572996771088704 10.894319042217766 0.0
vertex 34.3 23.900000000000002 0.0
endloop
endfacet
facet normal 6.123233995736766e-17 0.0 -1.0
outer loop
vertex 38.92350474806386 10.812592044589875 0.0
vertex 40.7 23.900000000000002 0.0
vertex 39.26791705916739 10.708115712223082 0.0
endloop
endfacet
facet normal 6.123233995736766e-17 0.0 -1.0
outer loop
vertex 40.25 10.263139720814413 0.0
vertex 39.93258779620451 10.432800078429786 0.0
vertex 40.7 23.900000000000002 0.0
endloop
endfacet
facet normal 6.123233995736766e-17 0.0 -1.0
outer loop
vertex 39.60475887800799 10.581337428812077 0.0
vertex 39.26791705916739 10.708115712223082 0.0
vertex 40.7 23.900000000000002 0.0
endloop
endfacet
facet normal 6.123233995736766e-17 0.0 -1.0
outer loop
vertex 39.60475887800799 10.581337428812077 0.0
vertex 40.7 23.900000000000002 0.0
vertex 39.93258779620451 10.432800078429786 0.0
endloop
endfacet
facet normal 6.123233995736766e-17 0.0 -1.0
outer loop
vertex 40.25 10.263139720814413 0.0
vertex 40.7 23.900000000000002 0.0
vertex 40.55563628160781 10.073082867663999 0.0
endloop
endfacet
facet normal 6.123233995736766e-17 0.0 -1.0
outer loop
vertex 34.44436371839219 10.073082867663999 0.0
vertex 34.3 20.1 0.0
vertex 34.3 23.900000000000002 0.0
endloop
endfacet
facet normal 6.123233995736766e-17 0.0 -1.0
outer loop
vertex 40.55563628160781 10.073082867663999 0.0
vertex 40.7 23.900000000000002 0.0
vertex 40.7 20.1 0.0
endloop
endfacet
facet normal 6.123233995736766e-17 0.0 -1.0
outer loop
vertex 38.92350474806386 10.812592044589875 0.0
vertex 34.3 23.900000000000002 0.0
vertex 40.7 23.900000000000002 0.0
endloop
endfacet
facet normal -6.123233995736766e-17 0.0 1.0
outer loop
vertex 9.96963329003227 2.3000000000000007 7.599999999999994
vertex 16.926917132336 2.4443637183921876 7.599999999999994
vertex 10.073082867663999 2.4443637183921876 7.599999999999994
endloop
endfacet
facet normal -6.123233995736766e-17 0.0 1.0
outer loop
vertex 10.073082867663999 2.4443637183921876 7.599999999999994
vertex 16.736860279185585 2.75 7.599999999999994
vertex 10.263139720814413 2.75 7.599999999999994
endloop
endfacet
facet normal -6.123233995736766e-17 0.0 1.0
outer loop
vertex 10.263139720814413 2.75 7.599999999999994
vertex 16.567199921570214 3.0674122037954934 7.599999999999994
vertex 10.432800078429786 3.0674122037954934 7.599999999999994
endloop
endfacet
facet normal -6.123233995736766e-17 0.0 1.0
outer loop
vertex 10.432800078429786 3.0674122037954934 7.599999999999994
vertex 16.418662571187923 3.3952411219920062 7.599999999999994
vertex 10.581337428812077 3.3952411219920062 7.599999999999994
endloop
endfacet
facet normal -6.123233995736766e-17 0.0 1.0
outer loop
vertex 9.96963329003227 2.3000000000000007 7.599999999999994
vertex 17.03036670996773 2.3000000000000007 7.599999999999994
vertex 16.926917132336 2.4443637183921876 7.599999999999994
endloop
endfacet
facet normal -6.123233995736766e-17 0.0 1.0
outer loop
vertex 10.073082867663999 2.4443637183921876 7.599999999999994
vertex 16.926917132336 2.4443637183921876 7.599999999999994
vertex 16.736860279185585 2.75 7.599999999999994
endloop
endfacet
facet normal -6.123233995736766e-17 0.0 1.0
outer loop
vertex 10.263139720814413 2.75 7.599999999999994
vertex 16.736860279185585 2.75 7.599999999999994
vertex 16.567199921570214 3.0674122037954934 7.599999999999994
endloop
endfacet
facet normal -6.123233995736766e-17 0.0 1.0
outer loop
vertex 10.432800078429786 3.0674122037954934 7.599999999999994
vertex 16.567199921570214 3.0674122037954934 7.599999999999994
vertex 16.418662571187923 3.3952411219920062 7.599999999999994
endloop
endfacet
facet normal -6.123233995736766e-17 0.0 1.0
outer loop
vertex 10.581337428812077 3.3952411219920062 7.599999999999994
vertex 16.187407955410123 4.0764952519361355 7.599999999999994
vertex 10.708115712223082 3.732082940832612 7.599999999999994
endloop
endfacet
facet normal -6.123233995736766e-17 0.0 1.0
outer loop
vertex 10.708115712223082 3.732082940832612 7.599999999999994
vertex 16.187407955410123 4.0764952519361355 7.599999999999994
vertex 10.812592044589875 4.0764952519361355 7.599999999999994
endloop
endfacet
facet normal -6.123233995736766e-17 0.0 1.0
outer loop
vertex 10.812592044589875 4.0764952519361355 7.599999999999994
vertex 16.187407955410123 4.0764952519361355 7.599999999999994
vertex 10.894319042217766 4.427003228911294 7.599999999999994
endloop
endfacet
facet normal -6.123233995736766e-17 0.0 1.0
outer loop
vertex 10.894319042217766 4.427003228911294 7.599999999999994
vertex 16.04705326244404 4.782105942789716 7.599999999999994
vertex 10.952946737555958 4.782105942789716 7.599999999999994
endloop
endfacet
facet normal -6.123233995736766e-17 0.0 1.0
outer loop
vertex 10.952946737555958 4.782105942789716 7.599999999999994
vertex 16.04705326244404 4.782105942789716 7.599999999999994
vertex 10.988224077812319 5.140282789234213 7.599999999999994
endloop
endfacet
facet normal -6.123233995736766e-17 0.0 1.0
outer loop
vertex 10.581337428812077 3.3952411219920062 7.599999999999994
vertex 16.418662571187923 3.3952411219920062 7.599999999999994
vertex 16.291884287776917 3.732082940832612 7.599999999999994
endloop
endfacet
facet normal -6.123233995736766e-17 0.0 1.0
outer loop
vertex 10.581337428812077 3.3952411219920062 7.599999999999994
vertex 16.291884287776917 3.732082940832612 7.599999999999994
vertex 16.187407955410123 4.0764952519361355 7.599999999999994
endloop
endfacet
facet normal -6.123233995736766e-17 0.0 1.0
outer loop
vertex 10.894319042217766 4.427003228911294 7.599999999999994
vertex 16.187407955410123 4.0764952519361355 7.599999999999994
vertex 16.105680957782234 4.427003228911294 7.599999999999994
endloop
endfacet
facet normal -6.123233995736766e-17 0.0 1.0
outer loop
vertex 10.894319042217766 4.427003228911294 7.599999999999994
vertex 16.105680957782234 4.427003228911294 7.599999999999994
vertex 16.04705326244404 4.782105942789716 7.599999999999994
endloop
endfacet
facet normal -6.123233995736766e-17 0.0 1.0
outer loop
vertex 10.988224077812319 5.140282789234213 7.599999999999994
vertex 16.04705326244404 4.782105942789716 7.599999999999994
vertex 16.01177592218768 5.140282789234213 7.599999999999994
endloop
endfacet
facet normal -6.123233995736766e-17 0.0 1.0
outer loop
vertex 10.988224077812319 5.140282789234213 7.599999999999994
vertex 16.01177592218768 5.140282789234213 7.599999999999994
vertex 11.0 5.5 7.599999999999994
endloop
endfacet
facet normal -6.123233995736766e-17 0.0 1.0
outer loop
vertex 11.0 5.5 7.599999999999994
vertex 16.0 5.5 7.599999999999994
vertex 10.988224077812319 5.859717210765787 7.599999999999994
endloop
endfacet
facet normal -6.123233995736766e-17 0.0 1.0
outer loop
vertex 10.988224077812319 5.859717210765787 7.599999999999994
vertex 16.04705326244404 6.217894057210284 7.599999999999994
vertex 10.952946737555958 6.217894057210284 7.599999999999994
endloop
endfacet
facet normal -6.123233995736766e-17 0.0 1.0
outer loop
vertex 10.952946737555958 6.217894057210284 7.599999999999994
vertex 16.04705326244404 6.217894057210284 7.599999999999994
vertex 10.894319042217766 6.572996771088706 7.599999999999994
endloop
endfacet
facet normal -6.123233995736766e-17 0.0 1.0
outer loop
vertex 10.894319042217766 6.572996771088706 7.599999999999994
vertex 16.187407955410123 6.9235047480638645 7.599999999999994
vertex 10.812592044589875 6.9235047480638645 7.599999999999994
endloop
endfacet
facet normal -6.123233995736766e-17 0.0 1.0
outer loop
vertex 16.01177592218768 5.140282789234213 7.599999999999994
vertex 16.0 5.5 7.599999999999994
vertex 11.0 5.5 7.599999999999994
endloop
endfacet
facet normal -6.123233995736766e-17 0.0 1.0
outer loop
vertex 10.988224077812319 5.859717210765787 7.599999999999994
vertex 16.0 5.5 7.599999999999994
vertex 16.01177592218768 5.859717210765787 7.599999999999994
endloop
endfacet
facet normal -6.123233995736766e-17 0.0 1.0
outer loop
vertex 10.988224077812319 5.859717210765787 7.599999999999994
vertex 16.01177592218768 5.859717210765787 7.599999999999994
vertex 16.04705326244404 6.217894057210284 7.599999999999994
endloop
endfacet
facet normal -6.123233995736766e-17 0.0 1.0
outer loop
vertex 10.894319042217766 6.572996771088706 7.599999999999994
vertex 16.04705326244404 6.217894057210284 7.599999999999994
vertex 16.105680957782234 6.572996771088706 7.599999999999994
endloop
endfacet
facet normal -6.123233995736766e-17 0.0 1.0
outer loop
vertex 10.894319042217766 6.572996771088706 7.599999999999994
vertex 16.105680957782234 6.572996771088706 7.599999999999994
vertex 16.187407955410123 6.9235047480638645 7.599999999999994
endloop
endfacet
facet normal -6.123233995736766e-17 0.0 1.0
outer loop
vertex 10.812592044589875 6.9235047480638645 7.599999999999994
vertex 16.187407955410123 6.9235047480638645 7.599999999999994
vertex 10.708115712223082 7.267917059167388 7.599999999999994
endloop
endfacet
facet normal -6.123233995736766e-17 0.0 1.0
outer loop
vertex 10.708115712223082 7.267917059167388 7.599999999999994
vertex 16.291884287776917 7.267917059167388 7.599999999999994
vertex 10.581337428812077 7.604758878007994 7.599999999999994
endloop
endfacet
facet normal -6.123233995736766e-17 0.0 1.0
outer loop
vertex 10.581337428812077 7.604758878007994 7.599999999999994
vertex 16.418662571187923 7.604758878007994 7.599999999999994
vertex 10.432800078429786 7.932587796204507 7.599999999999994
endloop
endfacet
facet normal -6.123233995736766e-17 0.0 1.0
outer loop
vertex 10.432800078429786 7.932587796204507 7.599999999999994
vertex 16.736860279185585 8.25 7.599999999999994
vertex 10.263139720814413 8.25 7.599999999999994
endloop
endfacet
facet normal -6.123233995736766e-17 0.0 1.0
outer loop
vertex 10.073082867663999 8.555636281607812 7.599999999999994
vertex 10.263139720814413 8.25 7.599999999999994
vertex 16.736860279185585 8.25 7.599999999999994
endloop
endfacet
facet normal -6.123233995736766e-17 0.0 1.0
outer loop
vertex 10.073082867663999 8.555636281607812 7.599999999999994
vertex 16.926917132336 8.555636281607812 7.599999999999994
vertex 9.96963329003227 8.700000000000001 7.599999999999994
endloop
endfacet
facet normal -6.123233995736766e-17 0.0 1.0
outer loop
vertex 16.187407955410123 6.9235047480638645 7.599999999999994
vertex 16.291884287776917 7.267917059167388 7.599999999999994
vertex 10.708115712223082 7.267917059167388 7.599999999999994
endloop
endfacet
facet normal -6.123233995736766e-17 0.0 1.0
outer loop
vertex 10.581337428812077 7.604758878007994 7.599999999999994
vertex 16.291884287776917 7.267917059167388 7.599999999999994
vertex 16.418662571187923 7.604758878007994 7.599999999999994
endloop
endfacet
facet normal -6.123233995736766e-17 0.0 1.0
outer loop
vertex 10.432800078429786 7.932587796204507 7.599999999999994
vertex 16.418662571187923 7.604758878007994 7.599999999999994
vertex 16.567199921570214 7.932587796204507 7.599999999999994
endloop
endfacet
facet normal -6.123233995736766e-17 0.0 1.0
outer loop
vertex 10.432800078429786 7.932587796204507 7.599999999999994
vertex 16.567199921570214 7.932587796204507 7.599999999999994
vertex 16.736860279185585 8.25 7.599999999999994
endloop
endfacet
facet normal -6.123233995736766e-17 0.0 1.0
outer loop
vertex 10.073082867663999 8.555636281607812 7.599999999999994
vertex 16.736860279185585 8.25 7.599999999999994
vertex 16.926917132336 8.555636281607812 7.599999999999994
endloop
endfacet
facet normal -6.123233995736766e-17 0.0 1.0
outer loop
vertex 9.96963329003227 8.700000000000001 7.599999999999994
vertex 16.926917132336 8.555636281607812 7.599999999999994
vertex 17.03036670996773 8.700000000000001 7.599999999999994
endloop
endfacet
facet normal 0.0 -1.0 0.0
outer loop
vertex 9.96963329003227 2.3000000000000007 7.599999999999994
vertex 17.03036670996773 2.3000000000000007 0.0
vertex 17.03036670996773 2.3000000000000007 7.599999999999994
endloop
endfacet
facet normal 0.0 1.0 0.0
outer loop
vertex 9.96963329003227 8.700000000000001 7.599999999999994
vertex 17.03036670996773 8.700000000000001 7.599999999999994
vertex 9.96963329003227 8.700000000000001 0.0
endloop
endfacet
facet normal -6.123233995736766e-17 0.0 1.0
outer loop
vertex 25.96963329003227 2.3000000000000007 7.599999999999994
vertex 33.03036670996773 2.3000000000000007 7.599999999999994
vertex 26.073082867664 2.4443637183921876 7.599999999999994
endloop
endfacet
facet normal -6.123233995736766e-17 0.0 1.0
outer loop
vertex 26.073082867664 2.4443637183921876 7.599999999999994
vertex 32.926917132336 2.4443637183921876 7.599999999999994
vertex 26.263139720814415 2.75 7.599999999999994
endloop
endfacet
facet normal -6.123233995736766e-17 0.0 1.0
outer loop
vertex 26.263139720814415 2.75 7.599999999999994
vertex 32.736860279185585 2.75 7.599999999999994
vertex 26.432800078429786 3.0674122037954934 7.599999999999994
endloop
endfacet
facet normal -6.123233995736766e-17 0.0 1.0
outer loop
vertex 26.432800078429786 3.0674122037954934 7.599999999999994
vertex 32.567199921570214 3.0674122037954934 7.599999999999994
vertex 26.581337428812077 3.3952411219920062 7.599999999999994
endloop
endfacet
facet normal -6.123233995736766e-17 0.0 1.0
outer loop
vertex 26.073082867664 2.4443637183921876 7.599999999999994
vertex 33.03036670996773 2.3000000000000007 7.599999999999994
vertex 32.926917132336 2.4443637183921876 7.599999999999994
endloop
endfacet
facet normal -6.123233995736766e-17 0.0 1.0
outer loop
vertex 26.263139720814415 2.75 7.599999999999994
vertex 32.926917132336 2.4443637183921876 7.599999999999994
vertex 32.736860279185585 2.75 7.599999999999994
endloop
endfacet
facet normal -6.123233995736766e-17 0.0 1.0
outer loop
vertex 26.432800078429786 3.0674122037954934 7.599999999999994
vertex 32.736860279185585 2.75 7.599999999999994
vertex 32.567199921570214 3.0674122037954934 7.599999999999994
endloop
endfacet
facet normal -6.123233995736766e-17 0.0 1.0
outer loop
vertex 26.581337428812077 3.3952411219920062 7.599999999999994
vertex 32.567199921570214 3.0674122037954934 7.599999999999994
vertex 32.41866257118792 3.3952411219920062 7.599999999999994
endloop
endfacet
facet normal -6.123233995736766e-17 0.0 1.0
outer loop
vertex 26.581337428812077 3.3952411219920062 7.599999999999994
vertex 32.41866257118792 3.3952411219920062 7.599999999999994
vertex 26.708115712223083 3.732082940832612 7.599999999999994
endloop
endfacet
facet normal -6.123233995736766e-17 0.0 1.0
outer loop
vertex 26.708115712223083 3.732082940832612 7.599999999999994
vertex 32.29188428777692 3.732082940832612 7.599999999999994
vertex 26.812592044589877 4.0764952519361355 7.599999999999994
endloop
endfacet
facet normal -6.123233995736766e-17 0.0 1.0
outer loop
vertex 26.812592044589877 4.0764952519361355 7.599999999999994
vertex 32.18740795541012 4.0764952519361355 7.599999999999994
vertex 26.894319042217766 4.427003228911294 7.599999999999994
endloop
endfacet
facet normal -6.123233995736766e-17 0.0 1.0
outer loop
vertex 26.894319042217766 4.427003228911294 7.599999999999994
vertex 32.10568095778223 4.427003228911294 7.599999999999994
vertex 26.95294673755596 4.782105942789716 7.599999999999994
endloop
endfacet
facet normal -6.123233995736766e-17 0.0 1.0
outer loop
vertex 26.95294673755596 4.782105942789716 7.599999999999994
vertex 32.04705326244404 4.782105942789716 7.599999999999994
vertex 26.98822407781232 5.140282789234213 7.599999999999994
endloop
endfacet
facet normal -6.123233995736766e-17 0.0 1.0
outer loop
vertex 26.708115712223083 3.732082940832612 7.599999999999994
vertex 32.41866257118792 3.3952411219920062 7.599999999999994
vertex 32.29188428777692 3.732082940832612 7.599999999999994
endloop
endfacet
facet normal -6.123233995736766e-17 0.0 1.0
outer loop
vertex 26.812592044589877 4.0764952519361355 7.599999999999994
vertex 32.29188428777692 3.732082940832612 7.599999999999994
vertex 32.18740795541012 4.0764952519361355 7.599999999999994
endloop
endfacet
facet normal -6.123233995736766e-17 0.0 1.0
outer loop
vertex 26.894319042217766 4.427003228911294 7.599999999999994
vertex 32.18740795541012 4.0764952519361355 7.599999999999994
vertex 32.10568095778223 4.427003228911294 7.599999999999994
endloop
endfacet
facet normal -6.123233995736766e-17 0.0 1.0
outer loop
vertex 26.95294673755596 4.782105942789716 7.599999999999994
vertex 32.10568095778223 4.427003228911294 7.599999999999994
vertex 32.04705326244404 4.782105942789716 7.599999999999994
endloop
endfacet
facet normal -6.123233995736766e-17 0.0 1.0
outer loop
vertex 26.98822407781232 5.140282789234213 7.599999999999994
vertex 32.04705326244404 4.782105942789716 7.599999999999994
vertex 32.01177592218768 5.140282789234213 7.599999999999994
endloop
endfacet
facet normal -6.123233995736766e-17 0.0 1.0
outer loop
vertex 26.98822407781232 5.140282789234213 7.599999999999994
vertex 32.01177592218768 5.140282789234213 7.599999999999994
vertex 27.0 5.5 7.599999999999994
endloop
endfacet
facet normal -6.123233995736766e-17 0.0 1.0
outer loop
vertex 27.0 5.5 7.599999999999994
vertex 32.0 5.5 7.599999999999994
vertex 26.98822407781232 5.859717210765787 7.599999999999994
endloop
endfacet
facet normal -6.123233995736766e-17 0.0 1.0
outer loop
vertex 26.98822407781232 5.859717210765787 7.599999999999994
vertex 32.01177592218768 5.859717210765787 7.599999999999994
vertex 26.95294673755596 6.217894057210284 7.599999999999994
endloop
endfacet
facet normal -6.123233995736766e-17 0.0 1.0
outer loop
vertex 26.95294673755596 6.217894057210284 7.599999999999994
vertex 32.04705326244404 6.217894057210284 7.599999999999994
vertex 26.894319042217766 6.572996771088706 7.599999999999994
endloop
endfacet
facet normal -6.123233995736766e-17 0.0 1.0
outer loop
vertex 26.812592044589877 6.9235047480638645 7.599999999999994
vertex 26.894319042217766 6.572996771088706 7.599999999999994
vertex 32.10568095778223 6.572996771088706 7.599999999999994
endloop
endfacet
facet normal -6.123233995736766e-17 0.0 1.0
outer loop
vertex 32.01177592218768 5.140282789234213 7.599999999999994
vertex 32.0 5.5 7.599999999999994
vertex 27.0 5.5 7.599999999999994
endloop
endfacet
facet normal -6.123233995736766e-17 0.0 1.0
outer loop
vertex 26.98822407781232 5.859717210765787 7.599999999999994
vertex 32.0 5.5 7.599999999999994
vertex 32.01177592218768 5.859717210765787 7.599999999999994
endloop
endfacet
facet normal -6.123233995736766e-17 0.0 1.0
outer loop
vertex 26.95294673755596 6.217894057210284 7.599999999999994
vertex 32.01177592218768 5.859717210765787 7.599999999999994
vertex 32.04705326244404 6.217894057210284 7.599999999999994
endloop
endfacet
facet normal -6.123233995736766e-17 0.0 1.0
outer loop
vertex 26.894319042217766 6.572996771088706 7.599999999999994
vertex 32.04705326244404 6.217894057210284 7.599999999999994
vertex 32.10568095778223 6.572996771088706 7.599999999999994
endloop
endfacet
facet normal -6.123233995736766e-17 0.0 1.0
outer loop
vertex 26.812592044589877 6.9235047480638645 7.599999999999994
vertex 32.10568095778223 6.572996771088706 7.599999999999994
vertex 32.18740795541012 6.9235047480638645 7.599999999999994
endloop
endfacet
facet normal -6.123233995736766e-17 0.0 1.0
outer loop
vertex 26.812592044589877 6.9235047480638645 7.599999999999994
vertex 32.41866257118792 7.604758878007994 7.599999999999994
vertex 26.708115712223083 7.267917059167388 7.599999999999994
endloop
endfacet
facet normal -6.123233995736766e-17 0.0 1.0
outer loop
vertex 26.708115712223083 7.267917059167388 7.599999999999994
vertex 32.41866257118792 7.604758878007994 7.599999999999994
vertex 26.581337428812077 7.604758878007994 7.599999999999994
endloop
endfacet
facet normal -6.123233995736766e-17 0.0 1.0
outer loop
vertex 26.581337428812077 7.604758878007994 7.599999999999994
vertex 32.567199921570214 7.932587796204507 7.599999999999994
vertex 26.432800078429786 7.932587796204507 7.599999999999994
endloop
endfacet
facet normal -6.123233995736766e-17 0.0 1.0
outer loop
vertex 26.432800078429786 7.932587796204507 7.599999999999994
vertex 32.736860279185585 8.25 7.599999999999994
vertex 26.263139720814415 8.25 7.599999999999994
endloop
endfacet
facet normal -6.123233995736766e-17 0.0 1.0
outer loop
vertex 26.073082867664 8.555636281607812 7.599999999999994
vertex 26.263139720814415 8.25 7.599999999999994
vertex 32.926917132336 8.555636281607812 7.599999999999994
endloop
endfacet
facet normal -6.123233995736766e-17 0.0 1.0
outer loop
vertex 26.073082867664 8.555636281607812 7.599999999999994
vertex 33.03036670996773 8.700000000000001 7.599999999999994
vertex 25.96963329003227 8.700000000000001 7.599999999999994
endloop
endfacet
facet normal -6.123233995736766e-17 0.0 1.0
outer loop
vertex 26.812592044589877 6.9235047480638645 7.599999999999994
vertex 32.18740795541012 6.9235047480638645 7.599999999999994
vertex 32.29188428777692 7.267917059167388 7.599999999999994
endloop
endfacet
facet normal -6.123233995736766e-17 0.0 1.0
outer loop
vertex 26.812592044589877 6.9235047480638645 7.599999999999994
vertex 32.29188428777692 7.267917059167388 7.599999999999994
vertex 32.41866257118792 7.604758878007994 7.599999999999994
endloop
endfacet
facet normal -6.123233995736766e-17 0.0 1.0
outer loop
vertex 26.581337428812077 7.604758878007994 7.599999999999994
vertex 32.41866257118792 7.604758878007994 7.599999999999994
vertex 32.567199921570214 7.932587796204507 7.599999999999994
endloop
endfacet
facet normal -6.123233995736766e-17 0.0 1.0
outer loop
vertex 26.432800078429786 7.932587796204507 7.599999999999994
vertex 32.567199921570214 7.932587796204507 7.599999999999994
vertex 32.736860279185585 8.25 7.599999999999994
endloop
endfacet
facet normal -6.123233995736766e-17 0.0 1.0
outer loop
vertex 26.263139720814415 8.25 7.599999999999994
vertex 32.736860279185585 8.25 7.599999999999994
vertex 32.926917132336 8.555636281607812 7.599999999999994
endloop
endfacet
facet normal -6.123233995736766e-17 0.0 1.0
outer loop
vertex 26.073082867664 8.555636281607812 7.599999999999994
vertex 32.926917132336 8.555636281607812 7.599999999999994
vertex 33.03036670996773 8.700000000000001 7.599999999999994
endloop
endfacet
facet normal 0.0 -1.0 0.0
outer loop
vertex 25.96963329003227 2.3000000000000007 7.599999999999994
vertex 33.03036670996773 2.3000000000000007 0.0
vertex 33.03036670996773 2.3000000000000007 7.599999999999994
endloop
endfacet
facet normal 0.0 1.0 0.0
outer loop
vertex 25.96963329003227 8.700000000000001 7.599999999999994
vertex 33.03036670996773 8.700000000000001 7.599999999999994
vertex 25.96963329003227 8.700000000000001 0.0
endloop
endfacet
facet normal 0.0 -1.0 0.0
outer loop
vertex 9.96963329003227 2.3000000000000007 7.599999999999994
vertex 9.96963329003227 2.3000000000000007 0.0
vertex 17.03036670996773 2.3000000000000007 0.0
endloop
endfacet
facet normal 0.0 1.0 0.0
outer loop
vertex 17.03036670996773 8.700000000000001 7.599999999999994
vertex 17.03036670996773 8.700000000000001 0.0
vertex 9.96963329003227 8.700000000000001 0.0
endloop
endfacet
facet normal 6.123233995736766e-17 0.0 -1.0
outer loop
vertex 9.96963329003227 2.3000000000000007 0.0
vertex 10.073082867663999 2.4443637183921876 0.0
vertex 16.926917132336 2.4443637183921876 0.0
endloop
endfacet
facet normal 6.123233995736766e-17 0.0 -1.0
outer loop
vertex 10.073082867663999 2.4443637183921876 0.0
vertex 10.263139720814413 2.75 0.0
vertex 16.736860279185585 2.75 0.0
endloop
endfacet
facet normal 6.123233995736766e-17 0.0 -1.0
outer loop
vertex 10.263139720814413 2.75 0.0
vertex 10.432800078429786 3.0674122037954934 0.0
vertex 16.736860279185585 2.75 0.0
endloop
endfacet
facet normal 6.123233995736766e-17 0.0 -1.0
outer loop
vertex 10.432800078429786 3.0674122037954934 0.0
vertex 10.581337428812077 3.3952411219920062 0.0
vertex 16.418662571187923 3.3952411219920062 0.0
endloop
endfacet
facet normal 6.123233995736766e-17 0.0 -1.0
outer loop
vertex 9.96963329003227 2.3000000000000007 0.0
vertex 16.926917132336 2.4443637183921876 0.0
vertex 17.03036670996773 2.3000000000000007 0.0
endloop
endfacet
facet normal 6.123233995736766e-17 0.0 -1.0
outer loop
vertex 10.073082867663999 2.4443637183921876 0.0
vertex 16.736860279185585 2.75 0.0
vertex 16.926917132336 2.4443637183921876 0.0
endloop
endfacet
facet normal 6.123233995736766e-17 0.0 -1.0
outer loop
vertex 10.432800078429786 3.0674122037954934 0.0
vertex 16.567199921570214 3.0674122037954934 0.0
vertex 16.736860279185585 2.75 0.0
endloop
endfacet
facet normal 6.123233995736766e-17 0.0 -1.0
outer loop
vertex 10.432800078429786 3.0674122037954934 0.0
vertex 16.418662571187923 3.3952411219920062 0.0
vertex 16.567199921570214 3.0674122037954934 0.0
endloop
endfacet
facet normal 6.123233995736766e-17 0.0 -1.0
outer loop
vertex 10.581337428812077 3.3952411219920062 0.0
vertex 10.708115712223082 3.732082940832612 0.0
vertex 16.291884287776917 3.732082940832612 0.0
endloop
endfacet
facet normal 6.123233995736766e-17 0.0 -1.0
outer loop
vertex 10.708115712223082 3.732082940832612 0.0
vertex 10.812592044589875 4.0764952519361355 0.0
vertex 16.187407955410123 4.0764952519361355 0.0
endloop
endfacet
facet normal 6.123233995736766e-17 0.0 -1.0
outer loop
vertex 10.812592044589875 4.0764952519361355 0.0
vertex 10.894319042217766 4.427003228911294 0.0
vertex 16.187407955410123 4.0764952519361355 0.0
endloop
endfacet
facet normal 6.123233995736766e-17 0.0 -1.0
outer loop
vertex 10.894319042217766 4.427003228911294 0.0
vertex 10.952946737555958 4.782105942789716 0.0
vertex 16.04705326244404 4.782105942789716 0.0
endloop
endfacet
facet normal 6.123233995736766e-17 0.0 -1.0
outer loop
vertex 10.952946737555958 4.782105942789716 0.0
vertex 10.988224077812319 5.140282789234213 0.0
vertex 16.04705326244404 4.782105942789716 0.0
endloop
endfacet
facet normal 6.123233995736766e-17 0.0 -1.0
outer loop
vertex 10.581337428812077 3.3952411219920062 0.0
vertex 16.291884287776917 3.732082940832612 0.0
vertex 16.418662571187923 3.3952411219920062 0.0
endloop
endfacet
facet normal 6.123233995736766e-17 0.0 -1.0
outer loop
vertex 10.708115712223082 3.732082940832612 0.0
vertex 16.187407955410123 4.0764952519361355 0.0
vertex 16.291884287776917 3.732082940832612 0.0
endloop
endfacet
facet normal 6.123233995736766e-17 0.0 -1.0
outer loop
vertex 10.894319042217766 4.427003228911294 0.0
vertex 16.105680957782234 4.427003228911294 0.0
vertex 16.187407955410123 4.0764952519361355 0.0
endloop
endfacet
facet normal 6.123233995736766e-17 0.0 -1.0
outer loop
vertex 10.894319042217766 4.427003228911294 0.0
vertex 16.04705326244404 4.782105942789716 0.0
vertex 16.105680957782234 4.427003228911294 0.0
endloop
endfacet
facet normal 6.123233995736766e-17 0.0 -1.0
outer loop
vertex 10.988224077812319 5.140282789234213 0.0
vertex 16.01177592218768 5.140282789234213 0.0
vertex 16.04705326244404 4.782105942789716 0.0
endloop
endfacet
facet normal 6.123233995736766e-17 0.0 -1.0
outer loop
vertex 10.988224077812319 5.140282789234213 0.0
vertex 11.0 5.5 0.0
vertex 16.0 5.5 0.0
endloop
endfacet
facet normal 6.123233995736766e-17 0.0 -1.0
outer loop
vertex 11.0 5.5 0.0
vertex 10.988224077812319 5.859717210765787 0.0
vertex 16.01177592218768 5.859717210765787 0.0
endloop
endfacet
facet normal 6.123233995736766e-17 0.0 -1.0
outer loop
vertex 10.988224077812319 5.859717210765787 0.0
vertex 10.952946737555958 6.217894057210284 0.0
vertex 16.04705326244404 6.217894057210284 0.0
endloop
endfacet
facet normal 6.123233995736766e-17 0.0 -1.0
outer loop
vertex 10.952946737555958 6.217894057210284 0.0
vertex 10.894319042217766 6.572996771088706 0.0
vertex 16.04705326244404 6.217894057210284 0.0
endloop
endfacet
facet normal 6.123233995736766e-17 0.0 -1.0
outer loop
vertex 10.894319042217766 6.572996771088706 0.0
vertex 10.812592044589875 6.9235047480638645 0.0
vertex 16.187407955410123 6.9235047480638645 0.0
endloop
endfacet
facet normal 6.123233995736766e-17 0.0 -1.0
outer loop
vertex 10.988224077812319 5.140282789234213 0.0
vertex 16.0 5.5 0.0
vertex 16.01177592218768 5.140282789234213 0.0
endloop
endfacet
facet normal 6.123233995736766e-17 0.0 -1.0
outer loop
vertex 11.0 5.5 0.0
vertex 16.01177592218768 5.859717210765787 0.0
vertex 16.0 5.5 0.0
endloop
endfacet
facet normal 6.123233995736766e-17 0.0 -1.0
outer loop
vertex 10.988224077812319 5.859717210765787 0.0
vertex 16.04705326244404 6.217894057210284 0.0
vertex 16.01177592218768 5.859717210765787 0.0
endloop
endfacet
facet normal 6.123233995736766e-17 0.0 -1.0
outer loop
vertex 10.894319042217766 6.572996771088706 0.0
vertex 16.105680957782234 6.572996771088706 0.0
vertex 16.04705326244404 6.217894057210284 0.0
endloop
endfacet
facet normal 6.123233995736766e-17 0.0 -1.0
outer loop
vertex 10.894319042217766 6.572996771088706 0.0
vertex 16.187407955410123 6.9235047480638645 0.0
vertex 16.105680957782234 6.572996771088706 0.0
endloop
endfacet
facet normal 6.123233995736766e-17 0.0 -1.0
outer loop
vertex 10.812592044589875 6.9235047480638645 0.0
vertex 10.708115712223082 7.267917059167388 0.0
vertex 16.187407955410123 6.9235047480638645 0.0
endloop
endfacet
facet normal 6.123233995736766e-17 0.0 -1.0
outer loop
vertex 16.187407955410123 6.9235047480638645 0.0
vertex 10.708115712223082 7.267917059167388 0.0
vertex 10.581337428812077 7.604758878007994 0.0
endloop
endfacet
facet normal 6.123233995736766e-17 0.0 -1.0
outer loop
vertex 10.581337428812077 7.604758878007994 0.0
vertex 10.432800078429786 7.932587796204507 0.0
vertex 16.418662571187923 7.604758878007994 0.0
endloop
endfacet
facet normal 6.123233995736766e-17 0.0 -1.0
outer loop
vertex 10.432800078429786 7.932587796204507 0.0
vertex 10.263139720814413 8.25 0.0
vertex 16.567199921570214 7.932587796204507 0.0
endloop
endfacet
facet normal 6.123233995736766e-17 0.0 -1.0
outer loop
vertex 10.073082867663999 8.555636281607812 0.0
vertex 16.736860279185585 8.25 0.0
vertex 10.263139720814413 8.25 0.0
endloop
endfacet
facet normal 6.123233995736766e-17 0.0 -1.0
outer loop
vertex 10.073082867663999 8.555636281607812 0.0
vertex 9.96963329003227 8.700000000000001 0.0
vertex 16.926917132336 8.555636281607812 0.0
endloop
endfacet
facet normal 6.123233995736766e-17 0.0 -1.0
outer loop
vertex 16.187407955410123 6.9235047480638645 0.0
vertex 10.581337428812077 7.604758878007994 0.0
vertex 16.291884287776917 7.267917059167388 0.0
endloop
endfacet
facet normal 6.123233995736766e-17 0.0 -1.0
outer loop
vertex 10.581337428812077 7.604758878007994 0.0
vertex 16.418662571187923 7.604758878007994 0.0
vertex 16.291884287776917 7.267917059167388 0.0
endloop
endfacet
facet normal 6.123233995736766e-17 0.0 -1.0
outer loop
vertex 10.432800078429786 7.932587796204507 0.0
vertex 16.567199921570214 7.932587796204507 0.0
vertex 16.418662571187923 7.604758878007994 0.0
endloop
endfacet
facet normal 6.123233995736766e-17 0.0 -1.0
outer loop
vertex 10.263139720814413 8.25 0.0
vertex 16.736860279185585 8.25 0.0
vertex 16.567199921570214 7.932587796204507 0.0
endloop
endfacet
facet normal 6.123233995736766e-17 0.0 -1.0
outer loop
vertex 10.073082867663999 8.555636281607812 0.0
vertex 16.926917132336 8.555636281607812 0.0
vertex 16.736860279185585 8.25 0.0
endloop
endfacet
facet normal 6.123233995736766e-17 0.0 -1.0
outer loop
vertex 9.96963329003227 8.700000000000001 0.0
vertex 17.03036670996773 8.700000000000001 0.0
vertex 16.926917132336 8.555636281607812 0.0
endloop
endfacet
facet normal 0.0 -1.0 0.0
outer loop
vertex 25.96963329003227 2.3000000000000007 7.599999999999994
vertex 25.96963329003227 2.3000000000000007 0.0
vertex 33.03036670996773 2.3000000000000007 0.0
endloop
endfacet
facet normal 0.0 1.0 0.0
outer loop
vertex 33.03036670996773 8.700000000000001 7.599999999999994
vertex 33.03036670996773 8.700000000000001 0.0
vertex 25.96963329003227 8.700000000000001 0.0
endloop
endfacet
facet normal 6.123233995736766e-17 0.0 -1.0
outer loop
vertex 25.96963329003227 2.3000000000000007 0.0
vertex 26.073082867664 2.4443637183921876 0.0
vertex 33.03036670996773 2.3000000000000007 0.0
endloop
endfacet
facet normal 6.123233995736766e-17 0.0 -1.0
outer loop
vertex 26.073082867664 2.4443637183921876 0.0
vertex 26.263139720814415 2.75 0.0
vertex 32.926917132336 2.4443637183921876 0.0
endloop
endfacet
facet normal 6.123233995736766e-17 0.0 -1.0
outer loop
vertex 26.263139720814415 2.75 0.0
vertex 26.432800078429786 3.0674122037954934 0.0
vertex 32.736860279185585 2.75 0.0
endloop
endfacet
facet normal 6.123233995736766e-17 0.0 -1.0
outer loop
vertex 26.432800078429786 3.0674122037954934 0.0
vertex 26.581337428812077 3.3952411219920062 0.0
vertex 32.567199921570214 3.0674122037954934 0.0
endloop
endfacet
facet normal 6.123233995736766e-17 0.0 -1.0
outer loop
vertex 26.073082867664 2.4443637183921876 0.0
vertex 32.926917132336 2.4443637183921876 0.0
vertex 33.03036670996773 2.3000000000000007 0.0
endloop
endfacet
facet normal 6.123233995736766e-17 0.0 -1.0
outer loop
vertex 26.263139720814415 2.75 0.0
vertex 32.736860279185585 2.75 0.0
vertex 32.926917132336 2.4443637183921876 0.0
endloop
endfacet
facet normal 6.123233995736766e-17 0.0 -1.0
outer loop
vertex 26.432800078429786 3.0674122037954934 0.0
vertex 32.567199921570214 3.0674122037954934 0.0
vertex 32.736860279185585 2.75 0.0
endloop
endfacet
facet normal 6.123233995736766e-17 0.0 -1.0
outer loop
vertex 26.581337428812077 3.3952411219920062 0.0
vertex 32.41866257118792 3.3952411219920062 0.0
vertex 32.567199921570214 3.0674122037954934 0.0
endloop
endfacet
facet normal 6.123233995736766e-17 0.0 -1.0
outer loop
vertex 26.581337428812077 3.3952411219920062 0.0
vertex 26.708115712223083 3.732082940832612 0.0
vertex 32.41866257118792 3.3952411219920062 0.0
endloop
endfacet
facet normal 6.123233995736766e-17 0.0 -1.0
outer loop
vertex 26.708115712223083 3.732082940832612 0.0
vertex 26.812592044589877 4.0764952519361355 0.0
vertex 32.41866257118792 3.3952411219920062 0.0
endloop
endfacet
facet normal 6.123233995736766e-17 0.0 -1.0
outer loop
vertex 26.812592044589877 4.0764952519361355 0.0
vertex 26.894319042217766 4.427003228911294 0.0
vertex 32.10568095778223 4.427003228911294 0.0
endloop
endfacet
facet normal 6.123233995736766e-17 0.0 -1.0
outer loop
vertex 26.894319042217766 4.427003228911294 0.0
vertex 26.95294673755596 4.782105942789716 0.0
vertex 32.04705326244404 4.782105942789716 0.0
endloop
endfacet
facet normal 6.123233995736766e-17 0.0 -1.0
outer loop
vertex 26.95294673755596 4.782105942789716 0.0
vertex 26.98822407781232 5.140282789234213 0.0
vertex 32.01177592218768 5.140282789234213 0.0
endloop
endfacet
facet normal 6.123233995736766e-17 0.0 -1.0
outer loop
vertex 26.812592044589877 4.0764952519361355 0.0
vertex 32.29188428777692 3.732082940832612 0.0
vertex 32.41866257118792 3.3952411219920062 0.0
endloop
endfacet
facet normal 6.123233995736766e-17 0.0 -1.0
outer loop
vertex 26.812592044589877 4.0764952519361355 0.0
vertex 32.18740795541012 4.0764952519361355 0.0
vertex 32.29188428777692 3.732082940832612 0.0
endloop
endfacet
facet normal 6.123233995736766e-17 0.0 -1.0
outer loop
vertex 26.812592044589877 4.0764952519361355 0.0
vertex 32.10568095778223 4.427003228911294 0.0
vertex 32.18740795541012 4.0764952519361355 0.0
endloop
endfacet
facet normal 6.123233995736766e-17 0.0 -1.0
outer loop
vertex 26.894319042217766 4.427003228911294 0.0
vertex 32.04705326244404 4.782105942789716 0.0
vertex 32.10568095778223 4.427003228911294 0.0
endloop
endfacet
facet normal 6.123233995736766e-17 0.0 -1.0
outer loop
vertex 26.95294673755596 4.782105942789716 0.0
vertex 32.01177592218768 5.140282789234213 0.0
vertex 32.04705326244404 4.782105942789716 0.0
endloop
endfacet
facet normal 6.123233995736766e-17 0.0 -1.0
outer loop
vertex 26.98822407781232 5.140282789234213 0.0
vertex 27.0 5.5 0.0
vertex 32.0 5.5 0.0
endloop
endfacet
facet normal 6.123233995736766e-17 0.0 -1.0
outer loop
vertex 27.0 5.5 0.0
vertex 26.98822407781232 5.859717210765787 0.0
vertex 32.01177592218768 5.859717210765787 0.0
endloop
endfacet
facet normal 6.123233995736766e-17 0.0 -1.0
outer loop
vertex 26.98822407781232 5.859717210765787 0.0
vertex 26.95294673755596 6.217894057210284 0.0
vertex 32.04705326244404 6.217894057210284 0.0
endloop
endfacet
facet normal 6.123233995736766e-17 0.0 -1.0
outer loop
vertex 26.95294673755596 6.217894057210284 0.0
vertex 26.894319042217766 6.572996771088706 0.0
vertex 32.10568095778223 6.572996771088706 0.0
endloop
endfacet
facet normal 6.123233995736766e-17 0.0 -1.0
outer loop
vertex 26.812592044589877 6.9235047480638645 0.0
vertex 32.18740795541012 6.9235047480638645 0.0
vertex 26.894319042217766 6.572996771088706 0.0
endloop
endfacet
facet normal 6.123233995736766e-17 0.0 -1.0
outer loop
vertex 26.98822407781232 5.140282789234213 0.0
vertex 32.0 5.5 0.0
vertex 32.01177592218768 5.140282789234213 0.0
endloop
endfacet
facet normal 6.123233995736766e-17 0.0 -1.0
outer loop
vertex 27.0 5.5 0.0
vertex 32.01177592218768 5.859717210765787 0.0
vertex 32.0 5.5 0.0
endloop
endfacet
facet normal 6.123233995736766e-17 0.0 -1.0
outer loop
vertex 26.98822407781232 5.859717210765787 0.0
vertex 32.04705326244404 6.217894057210284 0.0
vertex 32.01177592218768 5.859717210765787 0.0
endloop
endfacet
facet normal 6.123233995736766e-17 0.0 -1.0
outer loop
vertex 26.95294673755596 6.217894057210284 0.0
vertex 32.10568095778223 6.572996771088706 0.0
vertex 32.04705326244404 6.217894057210284 0.0
endloop
endfacet
facet normal 6.123233995736766e-17 0.0 -1.0
outer loop
vertex 26.894319042217766 6.572996771088706 0.0
vertex 32.18740795541012 6.9235047480638645 0.0
vertex 32.10568095778223 6.572996771088706 0.0
endloop
endfacet
facet normal 6.123233995736766e-17 0.0 -1.0
outer loop
vertex 26.812592044589877 6.9235047480638645 0.0
vertex 26.708115712223083 7.267917059167388 0.0
vertex 32.29188428777692 7.267917059167388 0.0
endloop
endfacet
facet normal 6.123233995736766e-17 0.0 -1.0
outer loop
vertex 26.708115712223083 7.267917059167388 0.0
vertex 26.581337428812077 7.604758878007994 0.0
vertex 32.41866257118792 7.604758878007994 0.0
endloop
endfacet
facet normal 6.123233995736766e-17 0.0 -1.0
outer loop
vertex 26.581337428812077 7.604758878007994 0.0
vertex 26.432800078429786 7.932587796204507 0.0
vertex 32.567199921570214 7.932587796204507 0.0
endloop
endfacet
facet normal 6.123233995736766e-17 0.0 -1.0
outer loop
vertex 26.432800078429786 7.932587796204507 0.0
vertex 26.263139720814415 8.25 0.0
vertex 32.736860279185585 8.25 0.0
endloop
endfacet
facet normal 6.123233995736766e-17 0.0 -1.0
outer loop
vertex 26.073082867664 8.555636281607812 0.0
vertex 32.926917132336 8.555636281607812 0.0
vertex 26.263139720814415 8.25 0.0
endloop
endfacet
facet normal 6.123233995736766e-17 0.0 -1.0
outer loop
vertex 26.073082867664 8.555636281607812 0.0
vertex 25.96963329003227 8.700000000000001 0.0
vertex 33.03036670996773 8.700000000000001 0.0
endloop
endfacet
facet normal 6.123233995736766e-17 0.0 -1.0
outer loop
vertex 26.812592044589877 6.9235047480638645 0.0
vertex 32.29188428777692 7.267917059167388 0.0
vertex 32.18740795541012 6.9235047480638645 0.0
endloop
endfacet
facet normal 6.123233995736766e-17 0.0 -1.0
outer loop
vertex 26.708115712223083 7.267917059167388 0.0
vertex 32.41866257118792 7.604758878007994 0.0
vertex 32.29188428777692 7.267917059167388 0.0
endloop
endfacet
facet normal 6.123233995736766e-17 0.0 -1.0
outer loop
vertex 26.581337428812077 7.604758878007994 0.0
vertex 32.567199921570214 7.932587796204507 0.0
vertex 32.41866257118792 7.604758878007994 0.0
endloop
endfacet
facet normal 6.123233995736766e-17 0.0 -1.0
outer loop
vertex 26.432800078429786 7.932587796204507 0.0
vertex 32.736860279185585 8.25 0.0
vertex 32.567199921570214 7.932587796204507 0.0
endloop
endfacet
facet normal 6.123233995736766e-17 0.0 -1.0
outer loop
vertex 26.263139720814415 8.25 0.0
vertex 32.926917132336 8.555636281607812 0.0
vertex 32.736860279185585 8.25 0.0
endloop
endfacet
facet normal 6.123233995736766e-17 0.0 -1.0
outer loop
vertex 26.073082867664 8.555636281607812 0.0
vertex 33.03036670996773 8.700000000000001 0.0
vertex 32.926917132336 8.555636281607812 0.0
endloop
endfacet
facet normal 0.5824776968677997 0.8128466845916169 3.566647235219366e-17
outer loop
vertex 3.8867822131268905 3.3976136482282264 7.599999999999994
vertex 4.0277388824980545 3.2966055273982553 7.599999999999994
vertex 4.0277388824980545 3.2966055273982553 0.0
endloop
endfacet
facet normal 0.6343932841636472 0.7730104533627356 3.8845385242579385e-17
outer loop
vertex 3.7527335899848175 3.50762451018071 7.599999999999994
vertex 3.8867822131268905 3.3976136482282264 7.599999999999994
vertex 3.8867822131268905 3.3976136482282264 0.0
endloop
endfacet
facet normal 0.35225004792123465 0.9359059267573254 2.1569094684312094e-17
outer loop
vertex 4.485888904232512 3.0517192388450898 7.599999999999994
vertex 4.648185416946622 2.9906351568379694 7.599999999999994
vertex 4.648185416946622 2.9906351568379694 0.0
endloop
endfacet
facet normal 0.22707626303437484 0.9738769792773333 1.390441093436948e-17
outer loop
vertex 4.81412953047832 2.9402965603339695 7.599999999999994
vertex 4.98301064665726 2.9009190069314394 7.599999999999994
vertex 4.98301064665726 2.9009190069314394 0.0
endloop
endfacet
facet normal 0.2902846772544571 0.9569403357322106 1.777481004205967e-17
outer loop
vertex 4.648185416946622 2.9906351568379694 7.599999999999994
vertex 4.81412953047832 2.9402965603339695 7.599999999999994
vertex 4.81412953047832 2.9402965603339695 0.0
endloop
endfacet
facet normal 0.16289547339458835 0.9866433320848792 9.974471004413773e-18
outer loop
vertex 4.98301064665726 2.9009190069314394 7.599999999999994
vertex 5.154105590616863 2.8726711173594026 7.599999999999994
vertex 5.154105590616863 2.8726711173594026 0.0
endloop
endfacet
facet normal 0.09801714032956348 0.9951847266721966 6.001818858308843e-18
outer loop
vertex 5.154105590616863 2.8726711173594026 7.599999999999994
vertex 5.3266817075401205 2.8556738534177004 7.599999999999994
vertex 5.326681707540121 2.8556738534177004 0.0
endloop
endfacet
facet normal 0.5280678506503682 0.8492021815265788 3.23348301515798e-17
outer loop
vertex 4.0277388824980545 3.2966055273982553 7.599999999999994
vertex 4.175000000000001 3.2050326799712376 7.599999999999994
vertex 4.175000000000001 3.2050326799712376 0.0
endloop
endfacet
facet normal 0.4713967368259994 0.8819212643483542 2.886472524412337e-17
outer loop
vertex 4.175000000000001 3.2050326799712376 7.599999999999994
vertex 4.327934970919647 3.123287234938376 7.599999999999994
vertex 4.327934970919647 3.123287234938376 0.0
endloop
endfacet
facet normal 0.41270702980439544 0.9108638249211756 2.527101715177821e-17
outer loop
vertex 4.327934970919647 3.123287234938376 7.599999999999994
vertex 4.485888904232512 3.0517192388450898 7.599999999999994
vertex 4.485888904232512 3.0517192388450898 0.0
endloop
endfacet
facet normal 0.032719082821776505 0.9994645874763657 2.0034660024362873e-18
outer loop
vertex 5.3266817075401205 2.8556738534177004 7.599999999999994
vertex 5.5 2.8499999999999996 7.599999999999994
vertex 5.5 2.8499999999999996 0.0
endloop
endfacet
facet normal -0.032719082821776505 0.9994645874763657 -2.0034660024362873e-18
outer loop
vertex 5.5 2.8499999999999996 7.599999999999994
vertex 5.673318292459879 2.8556738534177004 7.599999999999994
vertex 5.6733182924598795 2.8556738534177004 0.0
endloop
endfacet
facet normal -0.09801714032956348 0.9951847266721966 -6.001818858308843e-18
outer loop
vertex 5.673318292459879 2.8556738534177004 7.599999999999994
vertex 5.845894409383137 2.8726711173594026 7.599999999999994
vertex 5.845894409383137 2.8726711173594026 0.0
endloop
endfacet
facet normal -0.16289547339458835 0.9866433320848792 -9.974471004413773e-18
outer loop
vertex 5.845894409383137 2.8726711173594026 7.599999999999994
vertex 6.01698935334274 2.9009190069314394 7.599999999999994
vertex 6.0169893533427405 2.9009190069314394 0.0
endloop
endfacet
facet normal -0.22707626303437484 0.9738769792773333 -1.390441093436948e-17
outer loop
vertex 6.01698935334274 2.9009190069314394 7.599999999999994
vertex 6.18587046952168 2.9402965603339695 7.599999999999994
vertex 6.185870469521681 2.9402965603339695 0.0
endloop
endfacet
facet normal -0.2902846772544571 0.9569403357322106 -1.777481004205967e-17
outer loop
vertex 6.18587046952168 2.9402965603339695 7.599999999999994
vertex 6.351814583053378 2.9906351568379694 7.599999999999994
vertex 6.351814583053379 2.9906351568379694 0.0
endloop
endfacet
facet normal -0.35225004792123465 0.9359059267573254 -2.1569094684312094e-17
outer loop
vertex 6.351814583053378 2.9906351568379694 7.599999999999994
vertex 6.514111095767488 3.0517192388450898 7.599999999999994
vertex 6.514111095767488 3.0517192388450898 0.0
endloop
endfacet
facet normal -0.41270702980439544 0.9108638249211756 -2.527101715177821e-17
outer loop
vertex 6.514111095767488 3.0517192388450898 7.599999999999994
vertex 6.672065029080353 3.123287234938376 7.599999999999994
vertex 6.672065029080354 3.123287234938376 0.0
endloop
endfacet
facet normal -0.4713967368259994 0.8819212643483542 -2.886472524412337e-17
outer loop
vertex 6.672065029080353 3.123287234938376 7.599999999999994
vertex 6.824999999999999 3.2050326799712376 7.599999999999994
vertex 6.825 3.2050326799712376 0.0
endloop
endfacet
facet normal -0.5280678506503682 0.8492021815265788 -3.23348301515798e-17
outer loop
vertex 6.824999999999999 3.2050326799712376 7.599999999999994
vertex 6.9722611175019455 3.2966055273982553 7.599999999999994
vertex 6.972261117501946 3.2966055273982553 0.0
endloop
endfacet
facet normal -0.5824776968677997 0.8128466845916169 -3.566647235219366e-17
outer loop
vertex 6.9722611175019455 3.2966055273982553 7.599999999999994
vertex 7.1132177868731095 3.3976136482282264 7.599999999999994
vertex 7.11321778687311 3.3976136482282264 0.0
endloop
endfacet
facet normal 0.7298640726978352 0.6835923020228718 4.4691285022102744e-17
outer loop
vertex 3.50762451018071 3.7527335899848175 7.599999999999994
vertex 3.626167029855649 3.626167029855649 7.599999999999994
vertex 3.6261670298556496 3.626167029855649 0.0
endloop
endfacet
facet normal 0.6835923020228718 0.7298640726978352 4.1857956229704034e-17
outer loop
vertex 3.626167029855649 3.626167029855649 7.599999999999994
vertex 3.7527335899848175 3.50762451018071 7.599999999999994
vertex 3.752733589984818 3.50762451018071 0.0
endloop
endfacet
facet normal 0.7730104533627373 0.634393284163645 4.733323887090603e-17
outer loop
vertex 3.397613648228227 3.8867822131268905 7.599999999999994
vertex 3.50762451018071 3.7527335899848175 7.599999999999994
vertex 3.5076245101807104 3.7527335899848175 0.0
endloop
endfacet
facet normal 0.8492021815265793 0.5280678506503677 5.1998636671773746e-17
outer loop
vertex 3.2050326799712376 4.175000000000001 7.599999999999994
vertex 3.2966055273982553 4.0277388824980545 7.599999999999994
vertex 3.2966055273982557 4.0277388824980545 0.0
endloop
endfacet
facet normal 0.8819212643483538 0.47139673682600014 5.4002102674209916e-17
outer loop
vertex 3.1232872349383762 4.327934970919646 7.599999999999994
vertex 3.2050326799712376 4.175000000000001 7.599999999999994
vertex 3.205032679971238 4.175000000000001 0.0
endloop
endfacet
facet normal 0.8128466845916159 0.5824776968678015 4.977250452413303e-17
outer loop
vertex 3.2966055273982553 4.0277388824980545 7.599999999999994
vertex 3.397613648228227 3.8867822131268905 7.599999999999994
vertex 3.3976136482282273 3.8867822131268905 0.0
endloop
endfacet
facet normal 0.9108638249211762 0.412707029804394 5.577432338244168e-17
outer loop
vertex 3.05171923884509 4.485888904232512 7.599999999999994
vertex 3.1232872349383762 4.327934970919646 7.599999999999994
vertex 3.1232872349383767 4.327934970919646 0.0
endloop
endfacet
facet normal 0.9359059267573249 0.35225004792123615 5.730770987531975e-17
outer loop
vertex 2.99063515683797 4.648185416946621 7.599999999999994
vertex 3.05171923884509 4.485888904232512 7.599999999999994
vertex 3.0517192388450907 4.485888904232512 0.0
endloop
endfacet
facet normal 0.9569403357322096 0.29028467725446017 5.859569595647221e-17
outer loop
vertex 2.940296560333969 4.81412953047832 7.599999999999994
vertex 2.99063515683797 4.648185416946621 7.599999999999994
vertex 2.9906351568379703 4.648185416946621 0.0
endloop
endfacet
facet normal 0.9738769792773337 0.2270762630343736 5.9632766271764e-17
outer loop
vertex 2.9009190069314394 4.9830106466572595 7.599999999999994
vertex 2.940296560333969 4.81412953047832 7.599999999999994
vertex 2.9402965603339695 4.81412953047832 0.0
endloop
endfacet
facet normal 0.9866433320848792 0.16289547339458774 6.041447992689132e-17
outer loop
vertex 2.8726711173594026 5.154105590616863 7.599999999999994
vertex 2.9009190069314394 4.9830106466572595 7.599999999999994
vertex 2.90091900693144 4.9830106466572595 0.0
endloop
endfacet
facet normal 0.995184726672197 0.09801714032956067 6.093748950397198e-17
outer loop
vertex 2.855673853417701 5.326681707540121 7.599999999999994
vertex 2.8726711173594026 5.154105590616863 7.599999999999994
vertex 2.872671117359403 5.154105590616863 0.0
endloop
endfacet
facet normal 0.9994645874763656 0.032719082821776595 6.119955539570304e-17
outer loop
vertex 2.85 5.5 7.599999999999994
vertex 2.855673853417701 5.326681707540121 7.599999999999994
vertex 2.8556738534177013 5.326681707540121 0.0
endloop
endfacet
facet normal 0.9994645874763656 -0.032719082821776595 6.119955539570304e-17
outer loop
vertex 2.855673853417701 5.673318292459879 7.599999999999994
vertex 2.85 5.5 7.599999999999994
vertex 2.8500000000000005 5.5 0.0
endloop
endfacet
facet normal 0.995184726672197 -0.09801714032956067 6.093748950397198e-17
outer loop
vertex 2.8726711173594026 5.845894409383137 7.599999999999994
vertex 2.855673853417701 5.673318292459879 7.599999999999994
vertex 2.8556738534177013 5.673318292459879 0.0
endloop
endfacet
facet normal 0.9866433320848792 -0.16289547339458774 6.041447992689132e-17
outer loop
vertex 2.9009190069314394 6.0169893533427405 7.599999999999994
vertex 2.8726711173594026 5.845894409383137 7.599999999999994
vertex 2.872671117359403 5.845894409383137 0.0
endloop
endfacet
facet normal 0.9738769792773337 -0.2270762630343736 5.9632766271764e-17
outer loop
vertex 2.940296560333969 6.18587046952168 7.599999999999994
vertex 2.9009190069314394 6.0169893533427405 7.599999999999994
vertex 2.90091900693144 6.0169893533427405 0.0
endloop
endfacet
facet normal 0.9569403357322096 -0.29028467725446017 5.859569595647221e-17
outer loop
vertex 2.99063515683797 6.351814583053379 7.599999999999994
vertex 2.940296560333969 6.18587046952168 7.599999999999994
vertex 2.9402965603339695 6.18587046952168 0.0
endloop
endfacet
facet normal 0.9359059267573249 -0.35225004792123615 5.730770987531975e-17
outer loop
vertex 3.05171923884509 6.514111095767488 7.599999999999994
vertex 2.99063515683797 6.351814583053379 7.599999999999994
vertex 2.9906351568379703 6.351814583053379 0.0
endloop
endfacet
facet normal 0.9108638249211762 -0.412707029804394 5.577432338244168e-17
outer loop
vertex 3.1232872349383762 6.672065029080354 7.599999999999994
vertex 3.05171923884509 6.514111095767488 7.599999999999994
vertex 3.0517192388450907 6.514111095767488 0.0
endloop
endfacet
facet normal 0.8819212643483538 -0.47139673682600014 5.4002102674209916e-17
outer loop
vertex 3.2050326799712376 6.824999999999999 7.599999999999994
vertex 3.1232872349383762 6.672065029080354 7.599999999999994
vertex 3.1232872349383767 6.672065029080354 0.0
endloop
endfacet
facet normal 0.8492021815265793 -0.5280678506503677 5.1998636671773746e-17
outer loop
vertex 3.2966055273982553 6.9722611175019455 7.599999999999994
vertex 3.2050326799712376 6.824999999999999 7.599999999999994
vertex 3.205032679971238 6.824999999999999 0.0
endloop
endfacet
facet normal -0.6343932841636472 0.7730104533627356 -3.8845385242579385e-17
outer loop
vertex 7.1132177868731095 3.3976136482282264 7.599999999999994
vertex 7.2472664100151825 3.50762451018071 7.599999999999994
vertex 7.2472664100151825 3.50762451018071 0.0
endloop
endfacet
facet normal -0.6835923020228718 0.7298640726978352 -4.1857956229704034e-17
outer loop
vertex 7.2472664100151825 3.50762451018071 7.599999999999994
vertex 7.373832970144351 3.626167029855649 7.599999999999994
vertex 7.373832970144351 3.626167029855649 0.0
endloop
endfacet
facet normal -0.7298640726978352 0.6835923020228718 -4.4691285022102744e-17
outer loop
vertex 7.373832970144351 3.626167029855649 7.599999999999994
vertex 7.49237548981929 3.7527335899848175 7.599999999999994
vertex 7.49237548981929 3.7527335899848175 0.0
endloop
endfacet
facet normal -0.7730104533627373 0.634393284163645 -4.733323887090603e-17
outer loop
vertex 7.49237548981929 3.7527335899848175 7.599999999999994
vertex 7.602386351771774 3.8867822131268905 7.599999999999994
vertex 7.602386351771774 3.8867822131268905 0.0
endloop
endfacet
facet normal -0.8128466845916159 0.5824776968678015 -4.977250452413303e-17
outer loop
vertex 7.602386351771774 3.8867822131268905 7.599999999999994
vertex 7.703394472601745 4.0277388824980545 7.599999999999994
vertex 7.703394472601746 4.0277388824980545 0.0
endloop
endfacet
facet normal -0.8492021815265793 0.5280678506503677 -5.1998636671773746e-17
outer loop
vertex 7.703394472601745 4.0277388824980545 7.599999999999994
vertex 7.794967320028762 4.175000000000001 7.599999999999994
vertex 7.794967320028762 4.175000000000001 0.0
endloop
endfacet
facet normal -0.8819212643483538 0.47139673682600014 -5.4002102674209916e-17
outer loop
vertex 7.794967320028762 4.175000000000001 7.599999999999994
vertex 7.876712765061624 4.327934970919646 7.599999999999994
vertex 7.876712765061624 4.327934970919646 0.0
endloop
endfacet
facet normal -0.9108638249211762 0.412707029804394 -5.577432338244168e-17
outer loop
vertex 7.876712765061624 4.327934970919646 7.599999999999994
vertex 7.94828076115491 4.485888904232512 7.599999999999994
vertex 7.94828076115491 4.485888904232512 0.0
endloop
endfacet
facet normal -0.9359059267573249 0.35225004792123615 -5.730770987531975e-17
outer loop
vertex 7.94828076115491 4.485888904232512 7.599999999999994
vertex 8.00936484316203 4.648185416946621 7.599999999999994
vertex 8.00936484316203 4.648185416946621 0.0
endloop
endfacet
facet normal -0.9569403357322096 0.29028467725446017 -5.859569595647221e-17
outer loop
vertex 8.00936484316203 4.648185416946621 7.599999999999994
vertex 8.05970343966603 4.81412953047832 7.599999999999994
vertex 8.05970343966603 4.81412953047832 0.0
endloop
endfacet
facet normal -0.9738769792773337 0.2270762630343736 -5.9632766271764e-17
outer loop
vertex 8.05970343966603 4.81412953047832 7.599999999999994
vertex 8.099080993068561 4.9830106466572595 7.599999999999994
vertex 8.099080993068561 4.9830106466572595 0.0
endloop
endfacet
facet normal -0.9866433320848792 0.16289547339458774 -6.041447992689132e-17
outer loop
vertex 8.099080993068561 4.9830106466572595 7.599999999999994
vertex 8.127328882640597 5.154105590616863 7.599999999999994
vertex 8.127328882640597 5.154105590616863 0.0
endloop
endfacet
facet normal -0.9569403357322096 -0.29028467725446017 -5.859569595647221e-17
outer loop
vertex 8.05970343966603 6.18587046952168 7.599999999999994
vertex 8.00936484316203 6.351814583053379 7.599999999999994
vertex 8.00936484316203 6.351814583053379 0.0
endloop
endfacet
facet normal -0.9359059267573249 -0.35225004792123615 -5.730770987531975e-17
outer loop
vertex 8.00936484316203 6.351814583053379 7.599999999999994
vertex 7.94828076115491 6.514111095767488 7.599999999999994
vertex 7.94828076115491 6.514111095767488 0.0
endloop
endfacet
facet normal -0.9108638249211762 -0.412707029804394 -5.577432338244168e-17
outer loop
vertex 7.94828076115491 6.514111095767488 7.599999999999994
vertex 7.876712765061624 6.672065029080354 7.599999999999994
vertex 7.876712765061624 6.672065029080354 0.0
endloop
endfacet
facet normal -0.8819212643483538 -0.47139673682600014 -5.4002102674209916e-17
outer loop
vertex 7.876712765061624 6.672065029080354 7.599999999999994
vertex 7.794967320028762 6.824999999999999 7.599999999999994
vertex 7.794967320028762 6.824999999999999 0.0
endloop
endfacet
facet normal -0.8492021815265793 -0.5280678506503677 -5.1998636671773746e-17
outer loop
vertex 7.794967320028762 6.824999999999999 7.599999999999994
vertex 7.703394472601745 6.9722611175019455 7.599999999999994
vertex 7.703394472601746 6.9722611175019455 0.0
endloop
endfacet
facet normal -0.995184726672197 0.09801714032956067 -6.093748950397198e-17
outer loop
vertex 8.127328882640597 5.154105590616863 7.599999999999994
vertex 8.1443261465823 5.326681707540121 7.599999999999994
vertex 8.1443261465823 5.326681707540121 0.0
endloop
endfacet
facet normal -0.9994645874763656 0.032719082821776595 -6.119955539570304e-17
outer loop
vertex 8.1443261465823 5.326681707540121 7.599999999999994
vertex 8.15 5.5 7.599999999999994
vertex 8.15 5.5 0.0
endloop
endfacet
facet normal -0.9994645874763656 -0.032719082821776595 -6.119955539570304e-17
outer loop
vertex 8.15 5.5 7.599999999999994
vertex 8.1443261465823 5.673318292459879 7.599999999999994
vertex 8.1443261465823 5.673318292459879 0.0
endloop
endfacet
facet normal -0.995184726672197 -0.09801714032956067 -6.093748950397198e-17
outer loop
vertex 8.1443261465823 5.673318292459879 7.599999999999994
vertex 8.127328882640597 5.845894409383137 7.599999999999994
vertex 8.127328882640597 5.845894409383137 0.0
endloop
endfacet
facet normal -0.9866433320848792 -0.16289547339458774 -6.041447992689132e-17
outer loop
vertex 8.127328882640597 5.845894409383137 7.599999999999994
vertex 8.099080993068561 6.0169893533427405 7.599999999999994
vertex 8.099080993068561 6.0169893533427405 0.0
endloop
endfacet
facet normal -0.9738769792773337 -0.2270762630343736 -5.9632766271764e-17
outer loop
vertex 8.099080993068561 6.0169893533427405 7.599999999999994
vertex 8.05970343966603 6.18587046952168 7.599999999999994
vertex 8.05970343966603 6.18587046952168 0.0
endloop
endfacet
facet normal 0.8128466845916159 -0.5824776968678015 4.977250452413303e-17
outer loop
vertex 3.397613648228227 7.1132177868731095 7.599999999999994
vertex 3.2966055273982553 6.9722611175019455 7.599999999999994
vertex 3.2966055273982557 6.9722611175019455 0.0
endloop
endfacet
facet normal 0.7730104533627373 -0.634393284163645 4.733323887090603e-17
outer loop
vertex 3.50762451018071 7.2472664100151825 7.599999999999994
vertex 3.397613648228227 7.1132177868731095 7.599999999999994
vertex 3.3976136482282273 7.1132177868731095 0.0
endloop
endfacet
facet normal 0.7298640726978352 -0.6835923020228718 4.4691285022102744e-17
outer loop
vertex 3.626167029855649 7.373832970144351 7.599999999999994
vertex 3.50762451018071 7.2472664100151825 7.599999999999994
vertex 3.5076245101807104 7.2472664100151825 0.0
endloop
endfacet
facet normal 0.6835923020228718 -0.7298640726978352 4.1857956229704034e-17
outer loop
vertex 3.7527335899848175 7.49237548981929 7.599999999999994
vertex 3.626167029855649 7.373832970144351 7.599999999999994
vertex 3.6261670298556496 7.373832970144351 0.0
endloop
endfacet
facet normal 0.6343932841636472 -0.7730104533627356 3.8845385242579385e-17
outer loop
vertex 3.8867822131268905 7.602386351771774 7.599999999999994
vertex 3.7527335899848175 7.49237548981929 7.599999999999994
vertex 3.752733589984818 7.49237548981929 0.0
endloop
endfacet
facet normal 0.5824776968677963 -0.8128466845916194 3.566647235219345e-17
outer loop
vertex 4.0277388824980545 7.703394472601744 7.599999999999994
vertex 3.8867822131268905 7.602386351771774 7.599999999999994
vertex 3.8867822131268905 7.602386351771774 0.0
endloop
endfacet
facet normal 0.528067850650372 -0.8492021815265766 3.233483015158003e-17
outer loop
vertex 4.175000000000001 7.794967320028762 7.599999999999994
vertex 4.0277388824980545 7.703394472601744 7.599999999999994
vertex 4.0277388824980545 7.703394472601744 0.0
endloop
endfacet
facet normal 0.4713967368259994 -0.8819212643483542 2.886472524412337e-17
outer loop
vertex 4.327934970919647 7.876712765061624 7.599999999999994
vertex 4.175000000000001 7.794967320028762 7.599999999999994
vertex 4.175000000000001 7.794967320028762 0.0
endloop
endfacet
facet normal 0.41270702980439544 -0.9108638249211756 2.527101715177821e-17
outer loop
vertex 4.485888904232512 7.94828076115491 7.599999999999994
vertex 4.327934970919647 7.876712765061624 7.599999999999994
vertex 4.327934970919647 7.876712765061624 0.0
endloop
endfacet
facet normal 0.35225004792123465 -0.9359059267573254 2.1569094684312094e-17
outer loop
vertex 4.648185416946622 8.00936484316203 7.599999999999994
vertex 4.485888904232512 7.94828076115491 7.599999999999994
vertex 4.485888904232512 7.94828076115491 0.0
endloop
endfacet
facet normal 0.2902846772544571 -0.9569403357322106 1.777481004205967e-17
outer loop
vertex 4.81412953047832 8.05970343966603 7.599999999999994
vertex 4.648185416946622 8.00936484316203 7.599999999999994
vertex 4.648185416946622 8.00936484316203 0.0
endloop
endfacet
facet normal 0.2270762630343797 -0.9738769792773322 1.3904410934369778e-17
outer loop
vertex 4.98301064665726 8.099080993068561 7.599999999999994
vertex 4.81412953047832 8.05970343966603 7.599999999999994
vertex 4.81412953047832 8.05970343966603 0.0
endloop
endfacet
facet normal 0.16289547339458332 -0.9866433320848799 9.974471004413465e-18
outer loop
vertex 5.154105590616863 8.127328882640597 7.599999999999994
vertex 4.98301064665726 8.099080993068561 7.599999999999994
vertex 4.98301064665726 8.099080993068561 0.0
endloop
endfacet
facet normal 0.09801714032956348 -0.9951847266721966 6.001818858308843e-18
outer loop
vertex 5.3266817075401205 8.1443261465823 7.599999999999994
vertex 5.154105590616863 8.127328882640597 7.599999999999994
vertex 5.154105590616863 8.127328882640597 0.0
endloop
endfacet
facet normal -0.8128466845916159 -0.5824776968678015 -4.977250452413303e-17
outer loop
vertex 7.703394472601745 6.9722611175019455 7.599999999999994
vertex 7.602386351771774 7.1132177868731095 7.599999999999994
vertex 7.602386351771774 7.1132177868731095 0.0
endloop
endfacet
facet normal -0.7730104533627373 -0.634393284163645 -4.733323887090603e-17
outer loop
vertex 7.602386351771774 7.1132177868731095 7.599999999999994
vertex 7.49237548981929 7.2472664100151825 7.599999999999994
vertex 7.49237548981929 7.2472664100151825 0.0
endloop
endfacet
facet normal -0.7298640726978352 -0.6835923020228718 -4.4691285022102744e-17
outer loop
vertex 7.49237548981929 7.2472664100151825 7.599999999999994
vertex 7.373832970144351 7.373832970144351 7.599999999999994
vertex 7.373832970144351 7.373832970144351 0.0
endloop
endfacet
facet normal -0.6835923020228718 -0.7298640726978352 -4.1857956229704034e-17
outer loop
vertex 7.373832970144351 7.373832970144351 7.599999999999994
vertex 7.2472664100151825 7.49237548981929 7.599999999999994
vertex 7.2472664100151825 7.49237548981929 0.0
endloop
endfacet
facet normal -0.6343932841636472 -0.7730104533627356 -3.8845385242579385e-17
outer loop
vertex 7.2472664100151825 7.49237548981929 7.599999999999994
vertex 7.1132177868731095 7.602386351771774 7.599999999999994
vertex 7.11321778687311 7.602386351771774 0.0
endloop
endfacet
facet normal -0.5824776968677963 -0.8128466845916194 -3.566647235219345e-17
outer loop
vertex 7.1132177868731095 7.602386351771774 7.599999999999994
vertex 6.9722611175019455 7.703394472601744 7.599999999999994
vertex 6.972261117501946 7.703394472601744 0.0
endloop
endfacet
facet normal -0.528067850650372 -0.8492021815265766 -3.233483015158003e-17
outer loop
vertex 6.9722611175019455 7.703394472601744 7.599999999999994
vertex 6.824999999999999 7.794967320028762 7.599999999999994
vertex 6.825 7.794967320028762 0.0
endloop
endfacet
facet normal 0.032719082821776505 -0.9994645874763657 2.0034660024362873e-18
outer loop
vertex 5.5 8.15 7.599999999999994
vertex 5.3266817075401205 8.1443261465823 7.599999999999994
vertex 5.326681707540121 8.1443261465823 0.0
endloop
endfacet
facet normal -0.032719082821776505 -0.9994645874763657 -2.0034660024362873e-18
outer loop
vertex 5.673318292459879 8.1443261465823 7.599999999999994
vertex 5.5 8.15 7.599999999999994
vertex 5.5 8.15 0.0
endloop
endfacet
facet normal -0.09801714032956348 -0.9951847266721966 -6.001818858308843e-18
outer loop
vertex 5.845894409383137 8.127328882640597 7.599999999999994
vertex 5.673318292459879 8.1443261465823 7.599999999999994
vertex 5.6733182924598795 8.1443261465823 0.0
endloop
endfacet
facet normal -0.16289547339458332 -0.9866433320848799 -9.974471004413465e-18
outer loop
vertex 6.01698935334274 8.099080993068561 7.599999999999994
vertex 5.845894409383137 8.127328882640597 7.599999999999994
vertex 5.845894409383137 8.127328882640597 0.0
endloop
endfacet
facet normal -0.35225004792123465 -0.9359059267573254 -2.1569094684312094e-17
outer loop
vertex 6.514111095767488 7.94828076115491 7.599999999999994
vertex 6.351814583053378 8.00936484316203 7.599999999999994
vertex 6.351814583053379 8.00936484316203 0.0
endloop
endfacet
facet normal -0.41270702980439544 -0.9108638249211756 -2.527101715177821e-17
outer loop
vertex 6.672065029080353 7.876712765061624 7.599999999999994
vertex 6.514111095767488 7.94828076115491 7.599999999999994
vertex 6.514111095767488 7.94828076115491 0.0
endloop
endfacet
facet normal -0.2270762630343797 -0.9738769792773322 -1.3904410934369778e-17
outer loop
vertex 6.18587046952168 8.05970343966603 7.599999999999994
vertex 6.01698935334274 8.099080993068561 7.599999999999994
vertex 6.0169893533427405 8.099080993068561 0.0
endloop
endfacet
facet normal -0.2902846772544571 -0.9569403357322106 -1.777481004205967e-17
outer loop
vertex 6.351814583053378 8.00936484316203 7.599999999999994
vertex 6.18587046952168 8.05970343966603 7.599999999999994
vertex 6.185870469521681 8.05970343966603 0.0
endloop
endfacet
facet normal -0.4713967368259994 -0.8819212643483542 -2.886472524412337e-17
outer loop
vertex 6.824999999999999 7.794967320028762 7.599999999999994
vertex 6.672065029080353 7.876712765061624 7.599999999999994
vertex 6.672065029080354 7.876712765061624 0.0
endloop
endfacet
facet normal 0.5824776968677997 0.8128466845916169 3.566647235219366e-17
outer loop
vertex 4.0277388824980545 3.2966055273982553 0.0
vertex 3.8867822131268905 3.3976136482282264 0.0
vertex 3.8867822131268905 3.3976136482282264 7.599999999999994
endloop
endfacet
facet normal 0.2902846772544571 0.9569403357322106 1.777481004205967e-17
outer loop
vertex 4.81412953047832 2.9402965603339695 0.0
vertex 4.648185416946622 2.9906351568379694 0.0
vertex 4.648185416946622 2.9906351568379694 7.599999999999994
endloop
endfacet
facet normal 0.22707626303437484 0.9738769792773333 1.390441093436948e-17
outer loop
vertex 4.81412953047832 2.9402965603339695 7.599999999999994
vertex 4.98301064665726 2.9009190069314394 0.0
vertex 4.81412953047832 2.9402965603339695 0.0
endloop
endfacet
facet normal 0.16289547339458835 0.9866433320848792 9.974471004413773e-18
outer loop
vertex 5.154105590616863 2.8726711173594026 0.0
vertex 4.98301064665726 2.9009190069314394 0.0
vertex 4.98301064665726 2.9009190069314394 7.599999999999994
endloop
endfacet
facet normal 0.09801714032956348 0.9951847266721966 6.001818858308843e-18
outer loop
vertex 5.154105590616863 2.8726711173594026 7.599999999999994
vertex 5.326681707540121 2.8556738534177004 0.0
vertex 5.154105590616863 2.8726711173594026 0.0
endloop
endfacet
facet normal 0.4713967368259994 0.8819212643483542 2.886472524412337e-17
outer loop
vertex 4.175000000000001 3.2050326799712376 7.599999999999994
vertex 4.327934970919647 3.123287234938376 0.0
vertex 4.175000000000001 3.2050326799712376 0.0
endloop
endfacet
facet normal 0.41270702980439544 0.9108638249211756 2.527101715177821e-17
outer loop
vertex 4.485888904232512 3.0517192388450898 0.0
vertex 4.327934970919647 3.123287234938376 0.0
vertex 4.327934970919647 3.123287234938376 7.599999999999994
endloop
endfacet
facet normal 0.35225004792123465 0.9359059267573254 2.1569094684312094e-17
outer loop
vertex 4.485888904232512 3.0517192388450898 7.599999999999994
vertex 4.648185416946622 2.9906351568379694 0.0
vertex 4.485888904232512 3.0517192388450898 0.0
endloop
endfacet
facet normal 0.5280678506503682 0.8492021815265788 3.23348301515798e-17
outer loop
vertex 4.175000000000001 3.2050326799712376 0.0
vertex 4.0277388824980545 3.2966055273982553 0.0
vertex 4.0277388824980545 3.2966055273982553 7.599999999999994
endloop
endfacet
facet normal 0.032719082821776505 0.9994645874763657 2.0034660024362873e-18
outer loop
vertex 5.5 2.8499999999999996 0.0
vertex 5.326681707540121 2.8556738534177004 0.0
vertex 5.3266817075401205 2.8556738534177004 7.599999999999994
endloop
endfacet
facet normal -0.032719082821776505 0.9994645874763657 -2.0034660024362873e-18
outer loop
vertex 5.5 2.8499999999999996 7.599999999999994
vertex 5.6733182924598795 2.8556738534177004 0.0
vertex 5.5 2.8499999999999996 0.0
endloop
endfacet
facet normal -0.09801714032956348 0.9951847266721966 -6.001818858308843e-18
outer loop
vertex 5.845894409383137 2.8726711173594026 0.0
vertex 5.6733182924598795 2.8556738534177004 0.0
vertex 5.673318292459879 2.8556738534177004 7.599999999999994
endloop
endfacet
facet normal -0.16289547339458835 0.9866433320848792 -9.974471004413773e-18
outer loop
vertex 6.0169893533427405 2.9009190069314394 0.0
vertex 5.845894409383137 2.8726711173594026 0.0
vertex 5.845894409383137 2.8726711173594026 7.599999999999994
endloop
endfacet
facet normal -0.22707626303437484 0.9738769792773333 -1.390441093436948e-17
outer loop
vertex 6.185870469521681 2.9402965603339695 0.0
vertex 6.0169893533427405 2.9009190069314394 0.0
vertex 6.01698935334274 2.9009190069314394 7.599999999999994
endloop
endfacet
facet normal -0.2902846772544571 0.9569403357322106 -1.777481004205967e-17
outer loop
vertex 6.351814583053379 2.9906351568379694 0.0
vertex 6.185870469521681 2.9402965603339695 0.0
vertex 6.18587046952168 2.9402965603339695 7.599999999999994
endloop
endfacet
facet normal -0.35225004792123465 0.9359059267573254 -2.1569094684312094e-17
outer loop
vertex 6.514111095767488 3.0517192388450898 0.0
vertex 6.351814583053379 2.9906351568379694 0.0
vertex 6.351814583053378 2.9906351568379694 7.599999999999994
endloop
endfacet
facet normal -0.41270702980439544 0.9108638249211756 -2.527101715177821e-17
outer loop
vertex 6.672065029080354 3.123287234938376 0.0
vertex 6.514111095767488 3.0517192388450898 0.0
vertex 6.514111095767488 3.0517192388450898 7.599999999999994
endloop
endfacet
facet normal -0.4713967368259994 0.8819212643483542 -2.886472524412337e-17
outer loop
vertex 6.672065029080353 3.123287234938376 7.599999999999994
vertex 6.825 3.2050326799712376 0.0
vertex 6.672065029080354 3.123287234938376 0.0
endloop
endfacet
facet normal -0.5280678506503682 0.8492021815265788 -3.23348301515798e-17
outer loop
vertex 6.972261117501946 3.2966055273982553 0.0
vertex 6.825 3.2050326799712376 0.0
vertex 6.824999999999999 3.2050326799712376 7.599999999999994
endloop
endfacet
facet normal -0.5824776968677997 0.8128466845916169 -3.566647235219366e-17
outer loop
vertex 6.9722611175019455 3.2966055273982553 7.599999999999994
vertex 7.11321778687311 3.3976136482282264 0.0
vertex 6.972261117501946 3.2966055273982553 0.0
endloop
endfacet
facet normal -0.6343932841636472 0.7730104533627356 -3.8845385242579385e-17
outer loop
vertex 7.2472664100151825 3.50762451018071 0.0
vertex 7.11321778687311 3.3976136482282264 0.0
vertex 7.1132177868731095 3.3976136482282264 7.599999999999994
endloop
endfacet
facet normal 0.6835923020228718 0.7298640726978352 4.1857956229704034e-17
outer loop
vertex 3.752733589984818 3.50762451018071 0.0
vertex 3.6261670298556496 3.626167029855649 0.0
vertex 3.626167029855649 3.626167029855649 7.599999999999994
endloop
endfacet
facet normal 0.6343932841636472 0.7730104533627356 3.8845385242579385e-17
outer loop
vertex 3.7527335899848175 3.50762451018071 7.599999999999994
vertex 3.8867822131268905 3.3976136482282264 0.0
vertex 3.752733589984818 3.50762451018071 0.0
endloop
endfacet
facet normal 0.7298640726978352 0.6835923020228718 4.4691285022102744e-17
outer loop
vertex 3.6261670298556496 3.626167029855649 0.0
vertex 3.5076245101807104 3.7527335899848175 0.0
vertex 3.50762451018071 3.7527335899848175 7.599999999999994
endloop
endfacet
facet normal 0.7730104533627373 0.634393284163645 4.733323887090603e-17
outer loop
vertex 3.397613648228227 3.8867822131268905 7.599999999999994
vertex 3.5076245101807104 3.7527335899848175 0.0
vertex 3.3976136482282273 3.8867822131268905 0.0
endloop
endfacet
facet normal 0.8128466845916159 0.5824776968678015 4.977250452413303e-17
outer loop
vertex 3.3976136482282273 3.8867822131268905 0.0
vertex 3.2966055273982557 4.0277388824980545 0.0
vertex 3.2966055273982553 4.0277388824980545 7.599999999999994
endloop
endfacet
facet normal 0.8492021815265793 0.5280678506503677 5.1998636671773746e-17
outer loop
vertex 3.2966055273982557 4.0277388824980545 0.0
vertex 3.205032679971238 4.175000000000001 0.0
vertex 3.2050326799712376 4.175000000000001 7.599999999999994
endloop
endfacet
facet normal 0.8819212643483538 0.47139673682600014 5.4002102674209916e-17
outer loop
vertex 3.1232872349383762 4.327934970919646 7.599999999999994
vertex 3.205032679971238 4.175000000000001 0.0
vertex 3.1232872349383767 4.327934970919646 0.0
endloop
endfacet
facet normal 0.9108638249211762 0.412707029804394 5.577432338244168e-17
outer loop
vertex 3.1232872349383767 4.327934970919646 0.0
vertex 3.0517192388450907 4.485888904232512 0.0
vertex 3.05171923884509 4.485888904232512 7.599999999999994
endloop
endfacet
facet normal 0.9359059267573249 0.35225004792123615 5.730770987531975e-17
outer loop
vertex 2.99063515683797 4.648185416946621 7.599999999999994
vertex 3.0517192388450907 4.485888904232512 0.0
vertex 2.9906351568379703 4.648185416946621 0.0
endloop
endfacet
facet normal 0.9569403357322096 0.29028467725446017 5.859569595647221e-17
outer loop
vertex 2.940296560333969 4.81412953047832 7.599999999999994
vertex 2.9906351568379703 4.648185416946621 0.0
vertex 2.9402965603339695 4.81412953047832 0.0
endloop
endfacet
facet normal 0.9738769792773337 0.2270762630343736 5.9632766271764e-17
outer loop
vertex 2.9402965603339695 4.81412953047832 0.0
vertex 2.90091900693144 4.9830106466572595 0.0
vertex 2.9009190069314394 4.9830106466572595 7.599999999999994
endloop
endfacet
facet normal 0.9866433320848792 0.16289547339458774 6.041447992689132e-17
outer loop
vertex 2.8726711173594026 5.154105590616863 7.599999999999994
vertex 2.90091900693144 4.9830106466572595 0.0
vertex 2.872671117359403 5.154105590616863 0.0
endloop
endfacet
facet normal 0.995184726672197 0.09801714032956067 6.093748950397198e-17
outer loop
vertex 2.855673853417701 5.326681707540121 7.599999999999994
vertex 2.872671117359403 5.154105590616863 0.0
vertex 2.8556738534177013 5.326681707540121 0.0
endloop
endfacet
facet normal 0.9994645874763656 0.032719082821776595 6.119955539570304e-17
outer loop
vertex 2.85 5.5 7.599999999999994
vertex 2.8556738534177013 5.326681707540121 0.0
vertex 2.8500000000000005 5.5 0.0
endloop
endfacet
facet normal 0.9994645874763656 -0.032719082821776595 6.119955539570304e-17
outer loop
vertex 2.855673853417701 5.673318292459879 7.599999999999994
vertex 2.8500000000000005 5.5 0.0
vertex 2.8556738534177013 5.673318292459879 0.0
endloop
endfacet
facet normal 0.995184726672197 -0.09801714032956067 6.093748950397198e-17
outer loop
vertex 2.8726711173594026 5.845894409383137 7.599999999999994
vertex 2.8556738534177013 5.673318292459879 0.0
vertex 2.872671117359403 5.845894409383137 0.0
endloop
endfacet
facet normal 0.9866433320848792 -0.16289547339458774 6.041447992689132e-17
outer loop
vertex 2.872671117359403 5.845894409383137 0.0
vertex 2.90091900693144 6.0169893533427405 0.0
vertex 2.9009190069314394 6.0169893533427405 7.599999999999994
endloop
endfacet
facet normal 0.9738769792773337 -0.2270762630343736 5.9632766271764e-17
outer loop
vertex 2.940296560333969 6.18587046952168 7.599999999999994
vertex 2.90091900693144 6.0169893533427405 0.0
vertex 2.9402965603339695 6.18587046952168 0.0
endloop
endfacet
facet normal 0.9569403357322096 -0.29028467725446017 5.859569595647221e-17
outer loop
vertex 2.99063515683797 6.351814583053379 7.599999999999994
vertex 2.9402965603339695 6.18587046952168 0.0
vertex 2.9906351568379703 6.351814583053379 0.0
endloop
endfacet
facet normal 0.9359059267573249 -0.35225004792123615 5.730770987531975e-17
outer loop
vertex 3.05171923884509 6.514111095767488 7.599999999999994
vertex 2.9906351568379703 6.351814583053379 0.0
vertex 3.0517192388450907 6.514111095767488 0.0
endloop
endfacet
facet normal 0.9108638249211762 -0.412707029804394 5.577432338244168e-17
outer loop
vertex 3.0517192388450907 6.514111095767488 0.0
vertex 3.1232872349383767 6.672065029080354 0.0
vertex 3.1232872349383762 6.672065029080354 7.599999999999994
endloop
endfacet
facet normal 0.8819212643483538 -0.47139673682600014 5.4002102674209916e-17
outer loop
vertex 3.1232872349383767 6.672065029080354 0.0
vertex 3.205032679971238 6.824999999999999 0.0
vertex 3.2050326799712376 6.824999999999999 7.599999999999994
endloop
endfacet
facet normal 0.8492021815265793 -0.5280678506503677 5.1998636671773746e-17
outer loop
vertex 3.2966055273982553 6.9722611175019455 7.599999999999994
vertex 3.205032679971238 6.824999999999999 0.0
vertex 3.2966055273982557 6.9722611175019455 0.0
endloop
endfacet
facet normal -0.6835923020228718 0.7298640726978352 -4.1857956229704034e-17
outer loop
vertex 7.373832970144351 3.626167029855649 0.0
vertex 7.2472664100151825 3.50762451018071 0.0
vertex 7.2472664100151825 3.50762451018071 7.599999999999994
endloop
endfacet
facet normal -0.7298640726978352 0.6835923020228718 -4.4691285022102744e-17
outer loop
vertex 7.373832970144351 3.626167029855649 7.599999999999994
vertex 7.49237548981929 3.7527335899848175 0.0
vertex 7.373832970144351 3.626167029855649 0.0
endloop
endfacet
facet normal -0.7730104533627373 0.634393284163645 -4.733323887090603e-17
outer loop
vertex 7.602386351771774 3.8867822131268905 0.0
vertex 7.49237548981929 3.7527335899848175 0.0
vertex 7.49237548981929 3.7527335899848175 7.599999999999994
endloop
endfacet
facet normal -0.8128466845916159 0.5824776968678015 -4.977250452413303e-17
outer loop
vertex 7.703394472601746 4.0277388824980545 0.0
vertex 7.602386351771774 3.8867822131268905 0.0
vertex 7.602386351771774 3.8867822131268905 7.599999999999994
endloop
endfacet
facet normal -0.8492021815265793 0.5280678506503677 -5.1998636671773746e-17
outer loop
vertex 7.703394472601745 4.0277388824980545 7.599999999999994
vertex 7.794967320028762 4.175000000000001 0.0
vertex 7.703394472601746 4.0277388824980545 0.0
endloop
endfacet
facet normal -0.8819212643483538 0.47139673682600014 -5.4002102674209916e-17
outer loop
vertex 7.876712765061624 4.327934970919646 0.0
vertex 7.794967320028762 4.175000000000001 0.0
vertex 7.794967320028762 4.175000000000001 7.599999999999994
endloop
endfacet
facet normal -0.9108638249211762 0.412707029804394 -5.577432338244168e-17
outer loop
vertex 7.94828076115491 4.485888904232512 0.0
vertex 7.876712765061624 4.327934970919646 0.0
vertex 7.876712765061624 4.327934970919646 7.599999999999994
endloop
endfacet
facet normal -0.9359059267573249 0.35225004792123615 -5.730770987531975e-17
outer loop
vertex 7.94828076115491 4.485888904232512 7.599999999999994
vertex 8.00936484316203 4.648185416946621 0.0
vertex 7.94828076115491 4.485888904232512 0.0
endloop
endfacet
facet normal -0.9569403357322096 0.29028467725446017 -5.859569595647221e-17
outer loop
vertex 8.00936484316203 4.648185416946621 7.599999999999994
vertex 8.05970343966603 4.81412953047832 0.0
vertex 8.00936484316203 4.648185416946621 0.0
endloop
endfacet
facet normal -0.9738769792773337 0.2270762630343736 -5.9632766271764e-17
outer loop
vertex 8.05970343966603 4.81412953047832 7.599999999999994
vertex 8.099080993068561 4.9830106466572595 0.0
vertex 8.05970343966603 4.81412953047832 0.0
endloop
endfacet
facet normal -0.9866433320848792 0.16289547339458774 -6.041447992689132e-17
outer loop
vertex 8.127328882640597 5.154105590616863 0.0
vertex 8.099080993068561 4.9830106466572595 0.0
vertex 8.099080993068561 4.9830106466572595 7.599999999999994
endloop
endfacet
facet normal -0.9569403357322096 -0.29028467725446017 -5.859569595647221e-17
outer loop
vertex 8.05970343966603 6.18587046952168 7.599999999999994
vertex 8.00936484316203 6.351814583053379 0.0
vertex 8.05970343966603 6.18587046952168 0.0
endloop
endfacet
facet normal -0.9359059267573249 -0.35225004792123615 -5.730770987531975e-17
outer loop
vertex 8.00936484316203 6.351814583053379 7.599999999999994
vertex 7.94828076115491 6.514111095767488 0.0
vertex 8.00936484316203 6.351814583053379 0.0
endloop
endfacet
facet normal -0.9108638249211762 -0.412707029804394 -5.577432338244168e-17
outer loop
vertex 7.876712765061624 6.672065029080354 0.0
vertex 7.94828076115491 6.514111095767488 0.0
vertex 7.94828076115491 6.514111095767488 7.599999999999994
endloop
endfacet
facet normal -0.8819212643483538 -0.47139673682600014 -5.4002102674209916e-17
outer loop
vertex 7.876712765061624 6.672065029080354 7.599999999999994
vertex 7.794967320028762 6.824999999999999 0.0
vertex 7.876712765061624 6.672065029080354 0.0
endloop
endfacet
facet normal -0.8492021815265793 -0.5280678506503677 -5.1998636671773746e-17
outer loop
vertex 7.703394472601746 6.9722611175019455 0.0
vertex 7.794967320028762 6.824999999999999 0.0
vertex 7.794967320028762 6.824999999999999 7.599999999999994
endloop
endfacet
facet normal -0.995184726672197 0.09801714032956067 -6.093748950397198e-17
outer loop
vertex 8.127328882640597 5.154105590616863 7.599999999999994
vertex 8.1443261465823 5.326681707540121 0.0
vertex 8.127328882640597 5.154105590616863 0.0
endloop
endfacet
facet normal -0.9994645874763656 0.032719082821776595 -6.119955539570304e-17
outer loop
vertex 8.1443261465823 5.326681707540121 7.599999999999994
vertex 8.15 5.5 0.0
vertex 8.1443261465823 5.326681707540121 0.0
endloop
endfacet
facet normal -0.9994645874763656 -0.032719082821776595 -6.119955539570304e-17
outer loop
vertex 8.15 5.5 7.599999999999994
vertex 8.1443261465823 5.673318292459879 0.0
vertex 8.15 5.5 0.0
endloop
endfacet
facet normal -0.995184726672197 -0.09801714032956067 -6.093748950397198e-17
outer loop
vertex 8.1443261465823 5.673318292459879 7.599999999999994
vertex 8.127328882640597 5.845894409383137 0.0
vertex 8.1443261465823 5.673318292459879 0.0
endloop
endfacet
facet normal -0.9866433320848792 -0.16289547339458774 -6.041447992689132e-17
outer loop
vertex 8.127328882640597 5.845894409383137 7.599999999999994
vertex 8.099080993068561 6.0169893533427405 0.0
vertex 8.127328882640597 5.845894409383137 0.0
endloop
endfacet
facet normal -0.9738769792773337 -0.2270762630343736 -5.9632766271764e-17
outer loop
vertex 8.05970343966603 6.18587046952168 0.0
vertex 8.099080993068561 6.0169893533427405 0.0
vertex 8.099080993068561 6.0169893533427405 7.599999999999994
endloop
endfacet
facet normal 0.8128466845916159 -0.5824776968678015 4.977250452413303e-17
outer loop
vertex 3.2966055273982557 6.9722611175019455 0.0
vertex 3.3976136482282273 7.1132177868731095 0.0
vertex 3.397613648228227 7.1132177868731095 7.599999999999994
endloop
endfacet
facet normal 0.7730104533627373 -0.634393284163645 4.733323887090603e-17
outer loop
vertex 3.3976136482282273 7.1132177868731095 0.0
vertex 3.5076245101807104 7.2472664100151825 0.0
vertex 3.50762451018071 7.2472664100151825 7.599999999999994
endloop
endfacet
facet normal 0.7298640726978352 -0.6835923020228718 4.4691285022102744e-17
outer loop
vertex 3.626167029855649 7.373832970144351 7.599999999999994
vertex 3.5076245101807104 7.2472664100151825 0.0
vertex 3.6261670298556496 7.373832970144351 0.0
endloop
endfacet
facet normal 0.6835923020228718 -0.7298640726978352 4.1857956229704034e-17
outer loop
vertex 3.6261670298556496 7.373832970144351 0.0
vertex 3.752733589984818 7.49237548981929 0.0
vertex 3.7527335899848175 7.49237548981929 7.599999999999994
endloop
endfacet
facet normal 0.6343932841636472 -0.7730104533627356 3.8845385242579385e-17
outer loop
vertex 3.752733589984818 7.49237548981929 0.0
vertex 3.8867822131268905 7.602386351771774 0.0
vertex 3.8867822131268905 7.602386351771774 7.599999999999994
endloop
endfacet
facet normal 0.5824776968677963 -0.8128466845916194 3.566647235219345e-17
outer loop
vertex 4.0277388824980545 7.703394472601744 7.599999999999994
vertex 3.8867822131268905 7.602386351771774 0.0
vertex 4.0277388824980545 7.703394472601744 0.0
endloop
endfacet
facet normal 0.528067850650372 -0.8492021815265766 3.233483015158003e-17
outer loop
vertex 4.0277388824980545 7.703394472601744 0.0
vertex 4.175000000000001 7.794967320028762 0.0
vertex 4.175000000000001 7.794967320028762 7.599999999999994
endloop
endfacet
facet normal 0.4713967368259994 -0.8819212643483542 2.886472524412337e-17
outer loop
vertex 4.327934970919647 7.876712765061624 7.599999999999994
vertex 4.175000000000001 7.794967320028762 0.0
vertex 4.327934970919647 7.876712765061624 0.0
endloop
endfacet
facet normal 0.41270702980439544 -0.9108638249211756 2.527101715177821e-17
outer loop
vertex 4.327934970919647 7.876712765061624 0.0
vertex 4.485888904232512 7.94828076115491 0.0
vertex 4.485888904232512 7.94828076115491 7.599999999999994
endloop
endfacet
facet normal 0.35225004792123465 -0.9359059267573254 2.1569094684312094e-17
outer loop
vertex 4.485888904232512 7.94828076115491 0.0
vertex 4.648185416946622 8.00936484316203 0.0
vertex 4.648185416946622 8.00936484316203 7.599999999999994
endloop
endfacet
facet normal 0.2902846772544571 -0.9569403357322106 1.777481004205967e-17
outer loop
vertex 4.648185416946622 8.00936484316203 0.0
vertex 4.81412953047832 8.05970343966603 0.0
vertex 4.81412953047832 8.05970343966603 7.599999999999994
endloop
endfacet
facet normal 0.2270762630343797 -0.9738769792773322 1.3904410934369778e-17
outer loop
vertex 4.81412953047832 8.05970343966603 0.0
vertex 4.98301064665726 8.099080993068561 0.0
vertex 4.98301064665726 8.099080993068561 7.599999999999994
endloop
endfacet
facet normal 0.16289547339458332 -0.9866433320848799 9.974471004413465e-18
outer loop
vertex 4.98301064665726 8.099080993068561 0.0
vertex 5.154105590616863 8.127328882640597 0.0
vertex 5.154105590616863 8.127328882640597 7.599999999999994
endloop
endfacet
facet normal 0.09801714032956348 -0.9951847266721966 6.001818858308843e-18
outer loop
vertex 5.154105590616863 8.127328882640597 0.0
vertex 5.326681707540121 8.1443261465823 0.0
vertex 5.3266817075401205 8.1443261465823 7.599999999999994
endloop
endfacet
facet normal -0.8128466845916159 -0.5824776968678015 -4.977250452413303e-17
outer loop
vertex 7.602386351771774 7.1132177868731095 0.0
vertex 7.703394472601746 6.9722611175019455 0.0
vertex 7.703394472601745 6.9722611175019455 7.599999999999994
endloop
endfacet
facet normal -0.7730104533627373 -0.634393284163645 -4.733323887090603e-17
outer loop
vertex 7.602386351771774 7.1132177868731095 7.599999999999994
vertex 7.49237548981929 7.2472664100151825 0.0
vertex 7.602386351771774 7.1132177868731095 0.0
endloop
endfacet
facet normal -0.7298640726978352 -0.6835923020228718 -4.4691285022102744e-17
outer loop
vertex 7.373832970144351 7.373832970144351 0.0
vertex 7.49237548981929 7.2472664100151825 0.0
vertex 7.49237548981929 7.2472664100151825 7.599999999999994
endloop
endfacet
facet normal -0.6835923020228718 -0.7298640726978352 -4.1857956229704034e-17
outer loop
vertex 7.2472664100151825 7.49237548981929 0.0
vertex 7.373832970144351 7.373832970144351 0.0
vertex 7.373832970144351 7.373832970144351 7.599999999999994
endloop
endfacet
facet normal -0.6343932841636472 -0.7730104533627356 -3.8845385242579385e-17
outer loop
vertex 7.2472664100151825 7.49237548981929 7.599999999999994
vertex 7.11321778687311 7.602386351771774 0.0
vertex 7.2472664100151825 7.49237548981929 0.0
endloop
endfacet
facet normal -0.528067850650372 -0.8492021815265766 -3.233483015158003e-17
outer loop
vertex 6.825 7.794967320028762 0.0
vertex 6.972261117501946 7.703394472601744 0.0
vertex 6.9722611175019455 7.703394472601744 7.599999999999994
endloop
endfacet
facet normal -0.5824776968677963 -0.8128466845916194 -3.566647235219345e-17
outer loop
vertex 6.972261117501946 7.703394472601744 0.0
vertex 7.11321778687311 7.602386351771774 0.0
vertex 7.1132177868731095 7.602386351771774 7.599999999999994
endloop
endfacet
facet normal 0.032719082821776505 -0.9994645874763657 2.0034660024362873e-18
outer loop
vertex 5.5 8.15 7.599999999999994
vertex 5.326681707540121 8.1443261465823 0.0
vertex 5.5 8.15 0.0
endloop
endfacet
facet normal -0.032719082821776505 -0.9994645874763657 -2.0034660024362873e-18
outer loop
vertex 5.5 8.15 0.0
vertex 5.6733182924598795 8.1443261465823 0.0
vertex 5.673318292459879 8.1443261465823 7.599999999999994
endloop
endfacet
facet normal -0.16289547339458332 -0.9866433320848799 -9.974471004413465e-18
outer loop
vertex 5.845894409383137 8.127328882640597 0.0
vertex 6.0169893533427405 8.099080993068561 0.0
vertex 6.01698935334274 8.099080993068561 7.599999999999994
endloop
endfacet
facet normal -0.09801714032956348 -0.9951847266721966 -6.001818858308843e-18
outer loop
vertex 5.845894409383137 8.127328882640597 7.599999999999994
vertex 5.6733182924598795 8.1443261465823 0.0
vertex 5.845894409383137 8.127328882640597 0.0
endloop
endfacet
facet normal -0.35225004792123465 -0.9359059267573254 -2.1569094684312094e-17
outer loop
vertex 6.514111095767488 7.94828076115491 7.599999999999994
vertex 6.351814583053379 8.00936484316203 0.0
vertex 6.514111095767488 7.94828076115491 0.0
endloop
endfacet
facet normal -0.41270702980439544 -0.9108638249211756 -2.527101715177821e-17
outer loop
vertex 6.514111095767488 7.94828076115491 0.0
vertex 6.672065029080354 7.876712765061624 0.0
vertex 6.672065029080353 7.876712765061624 7.599999999999994
endloop
endfacet
facet normal -0.2270762630343797 -0.9738769792773322 -1.3904410934369778e-17
outer loop
vertex 6.18587046952168 8.05970343966603 7.599999999999994
vertex 6.0169893533427405 8.099080993068561 0.0
vertex 6.185870469521681 8.05970343966603 0.0
endloop
endfacet
facet normal -0.2902846772544571 -0.9569403357322106 -1.777481004205967e-17
outer loop
vertex 6.185870469521681 8.05970343966603 0.0
vertex 6.351814583053379 8.00936484316203 0.0
vertex 6.351814583053378 8.00936484316203 7.599999999999994
endloop
endfacet
facet normal -0.4713967368259994 -0.8819212643483542 -2.886472524412337e-17
outer loop
vertex 6.824999999999999 7.794967320028762 7.599999999999994
vertex 6.672065029080354 7.876712765061624 0.0
vertex 6.825 7.794967320028762 0.0
endloop
endfacet
facet normal 0.5280678506503677 0.8492021815265793 3.2334830151579764e-17
outer loop
vertex 20.027738882498056 3.2966055273982553 7.599999999999994
vertex 20.175 3.2050326799712376 7.599999999999994
vertex 20.175 3.2050326799712376 0.0
endloop
endfacet
facet normal 0.5824776968677997 0.8128466845916169 3.566647235219366e-17
outer loop
vertex 19.886782213126892 3.3976136482282264 7.599999999999994
vertex 20.027738882498056 3.2966055273982553 7.599999999999994
vertex 20.027738882498056 3.2966055273982553 0.0
endloop
endfacet
facet normal 0.6343932841636466 0.7730104533627361 3.8845385242579355e-17
outer loop
vertex 19.752733589984818 3.50762451018071 7.599999999999994
vertex 19.886782213126892 3.3976136482282264 7.599999999999994
vertex 19.886782213126892 3.3976136482282264 0.0
endloop
endfacet
facet normal 0.35225004792123615 0.9359059267573249 2.1569094684312183e-17
outer loop
vertex 20.48588890423251 3.0517192388450898 7.599999999999994
vertex 20.64818541694662 2.9906351568379694 7.599999999999994
vertex 20.64818541694662 2.9906351568379694 0.0
endloop
endfacet
facet normal 0.2902846772544555 0.9569403357322112 1.777481004205957e-17
outer loop
vertex 20.64818541694662 2.9906351568379694 7.599999999999994
vertex 20.81412953047832 2.9402965603339695 7.599999999999994
vertex 20.81412953047832 2.9402965603339695 0.0
endloop
endfacet
facet normal 0.22707626303437597 0.9738769792773332 1.390441093436955e-17
outer loop
vertex 20.81412953047832 2.9402965603339695 7.599999999999994
vertex 20.98301064665726 2.9009190069314394 7.599999999999994
vertex 20.98301064665726 2.9009190069314394 0.0
endloop
endfacet
facet normal 0.16289547339458774 0.9866433320848792 9.974471004413734e-18
outer loop
vertex 20.98301064665726 2.9009190069314394 7.599999999999994
vertex 21.154105590616865 2.8726711173594026 7.599999999999994
vertex 21.154105590616865 2.8726711173594026 0.0
endloop
endfacet
facet normal 0.0980171403295632 0.9951847266721967 6.001818858308826e-18
outer loop
vertex 21.154105590616865 2.8726711173594026 7.599999999999994
vertex 21.32668170754012 2.8556738534177004 7.599999999999994
vertex 21.32668170754012 2.8556738534177004 0.0
endloop
endfacet
facet normal 0.032719082821776595 0.9994645874763656 2.0034660024362927e-18
outer loop
vertex 21.32668170754012 2.8556738534177004 7.599999999999994
vertex 21.5 2.8499999999999996 7.599999999999994
vertex 21.5 2.8499999999999996 0.0
endloop
endfacet
facet normal 0.412707029804394 0.9108638249211762 2.527101715177812e-17
outer loop
vertex 20.327934970919646 3.123287234938376 7.599999999999994
vertex 20.48588890423251 3.0517192388450898 7.599999999999994
vertex 20.48588890423251 3.0517192388450898 0.0
endloop
endfacet
facet normal 0.471396736826002 0.8819212643483526 2.886472524412353e-17
outer loop
vertex 20.175 3.2050326799712376 7.599999999999994
vertex 20.327934970919646 3.123287234938376 7.599999999999994
vertex 20.327934970919646 3.123287234938376 0.0
endloop
endfacet
facet normal 0.7730104533627361 0.6343932841636466 4.7333238870905955e-17
outer loop
vertex 19.397613648228226 3.8867822131268905 7.599999999999994
vertex 19.50762451018071 3.7527335899848175 7.599999999999994
vertex 19.50762451018071 3.7527335899848175 0.0
endloop
endfacet
facet normal 0.6835923020228718 0.7298640726978352 4.1857956229704034e-17
outer loop
vertex 19.62616702985565 3.626167029855649 7.599999999999994
vertex 19.752733589984818 3.50762451018071 7.599999999999994
vertex 19.752733589984818 3.50762451018071 0.0
endloop
endfacet
facet normal 0.7298640726978352 0.6835923020228718 4.4691285022102744e-17
outer loop
vertex 19.50762451018071 3.7527335899848175 7.599999999999994
vertex 19.62616702985565 3.626167029855649 7.599999999999994
vertex 19.62616702985565 3.626167029855649 0.0
endloop
endfacet
facet normal 0.8128466845916194 0.5824776968677963 4.977250452413324e-17
outer loop
vertex 19.296605527398256 4.0277388824980545 7.599999999999994
vertex 19.397613648228226 3.8867822131268905 7.599999999999994
vertex 19.397613648228226 3.8867822131268905 0.0
endloop
endfacet
facet normal 0.8492021815265769 0.5280678506503713 5.19986366717736e-17
outer loop
vertex 19.20503267997124 4.175000000000001 7.599999999999994
vertex 19.296605527398256 4.0277388824980545 7.599999999999994
vertex 19.296605527398256 4.0277388824980545 0.0
endloop
endfacet
facet normal 0.8819212643483526 0.471396736826002 5.400210267420984e-17
outer loop
vertex 19.123287234938374 4.327934970919646 7.599999999999994
vertex 19.20503267997124 4.175000000000001 7.599999999999994
vertex 19.20503267997124 4.175000000000001 0.0
endloop
endfacet
facet normal 0.9108638249211762 0.412707029804394 5.577432338244168e-17
outer loop
vertex 19.051719238845088 4.485888904232512 7.599999999999994
vertex 19.123287234938374 4.327934970919646 7.599999999999994
vertex 19.123287234938374 4.327934970919646 0.0
endloop
endfacet
facet normal 0.9359059267573249 0.35225004792123615 5.730770987531975e-17
outer loop
vertex 18.990635156837968 4.648185416946621 7.599999999999994
vertex 19.051719238845088 4.485888904232512 7.599999999999994
vertex 19.051719238845088 4.485888904232512 0.0
endloop
endfacet
facet normal 0.9569403357322112 0.2902846772544555 5.859569595647229e-17
outer loop
vertex 18.94029656033397 4.81412953047832 7.599999999999994
vertex 18.990635156837968 4.648185416946621 7.599999999999994
vertex 18.990635156837968 4.648185416946621 0.0
endloop
endfacet
facet normal 0.9738769792773319 0.2270762630343808 5.963276627176389e-17
outer loop
vertex 18.90091900693144 4.9830106466572595 7.599999999999994
vertex 18.94029656033397 4.81412953047832 7.599999999999994
vertex 18.94029656033397 4.81412953047832 0.0
endloop
endfacet
facet normal 0.9866433320848801 0.16289547339458274 6.041447992689137e-17
outer loop
vertex 18.872671117359403 5.154105590616863 7.599999999999994
vertex 18.90091900693144 4.9830106466572595 7.599999999999994
vertex 18.90091900693144 4.9830106466572595 0.0
endloop
endfacet
facet normal 0.9951847266721967 0.0980171403295632 6.093748950397196e-17
outer loop
vertex 18.8556738534177 5.326681707540121 7.599999999999994
vertex 18.872671117359403 5.154105590616863 7.599999999999994
vertex 18.872671117359403 5.154105590616863 0.0
endloop
endfacet
facet normal 0.9994645874763656 0.032719082821776595 6.119955539570304e-17
outer loop
vertex 18.85 5.5 7.599999999999994
vertex 18.8556738534177 5.326681707540121 7.599999999999994
vertex 18.8556738534177 5.326681707540121 0.0
endloop
endfacet
facet normal 0.9994645874763656 -0.032719082821776595 6.119955539570304e-17
outer loop
vertex 18.8556738534177 5.673318292459879 7.599999999999994
vertex 18.85 5.5 7.599999999999994
vertex 18.85 5.5 0.0
endloop
endfacet
facet normal 0.9951847266721967 -0.0980171403295632 6.093748950397196e-17
outer loop
vertex 18.872671117359403 5.845894409383137 7.599999999999994
vertex 18.8556738534177 5.673318292459879 7.599999999999994
vertex 18.8556738534177 5.673318292459879 0.0
endloop
endfacet
facet normal 0.9866433320848801 -0.16289547339458274 6.041447992689137e-17
outer loop
vertex 18.90091900693144 6.0169893533427405 7.599999999999994
vertex 18.872671117359403 5.845894409383137 7.599999999999994
vertex 18.872671117359403 5.845894409383137 0.0
endloop
endfacet
facet normal 0.9738769792773319 -0.2270762630343808 5.963276627176389e-17
outer loop
vertex 18.94029656033397 6.18587046952168 7.599999999999994
vertex 18.90091900693144 6.0169893533427405 7.599999999999994
vertex 18.90091900693144 6.0169893533427405 0.0
endloop
endfacet
facet normal 0.9569403357322112 -0.2902846772544555 5.859569595647229e-17
outer loop
vertex 18.990635156837968 6.351814583053379 7.599999999999994
vertex 18.94029656033397 6.18587046952168 7.599999999999994
vertex 18.94029656033397 6.18587046952168 0.0
endloop
endfacet
facet normal 0.9359059267573249 -0.35225004792123615 5.730770987531975e-17
outer loop
vertex 19.051719238845088 6.514111095767488 7.599999999999994
vertex 18.990635156837968 6.351814583053379 7.599999999999994
vertex 18.990635156837968 6.351814583053379 0.0
endloop
endfacet
facet normal 0.9108638249211762 -0.412707029804394 5.577432338244168e-17
outer loop
vertex 19.123287234938374 6.672065029080354 7.599999999999994
vertex 19.051719238845088 6.514111095767488 7.599999999999994
vertex 19.051719238845088 6.514111095767488 0.0
endloop
endfacet
facet normal 0.8819212643483526 -0.471396736826002 5.400210267420984e-17
outer loop
vertex 19.20503267997124 6.824999999999999 7.599999999999994
vertex 19.123287234938374 6.672065029080354 7.599999999999994
vertex 19.123287234938374 6.672065029080354 0.0
endloop
endfacet
facet normal 0.8492021815265769 -0.5280678506503713 5.19986366717736e-17
outer loop
vertex 19.296605527398256 6.9722611175019455 7.599999999999994
vertex 19.20503267997124 6.824999999999999 7.599999999999994
vertex 19.20503267997124 6.824999999999999 0.0
endloop
endfacet
facet normal 0.8128466845916194 -0.5824776968677963 4.977250452413324e-17
outer loop
vertex 19.397613648228226 7.1132177868731095 7.599999999999994
vertex 19.296605527398256 6.9722611175019455 7.599999999999994
vertex 19.296605527398256 6.9722611175019455 0.0
endloop
endfacet
facet normal 0.7730104533627361 -0.6343932841636466 4.7333238870905955e-17
outer loop
vertex 19.50762451018071 7.2472664100151825 7.599999999999994
vertex 19.397613648228226 7.1132177868731095 7.599999999999994
vertex 19.397613648228226 7.1132177868731095 0.0
endloop
endfacet
facet normal 0.7298640726978352 -0.6835923020228718 4.4691285022102744e-17
outer loop
vertex 19.62616702985565 7.373832970144351 7.599999999999994
vertex 19.50762451018071 7.2472664100151825 7.599999999999994
vertex 19.50762451018071 7.2472664100151825 0.0
endloop
endfacet
facet normal 0.6835923020228718 -0.7298640726978352 4.1857956229704034e-17
outer loop
vertex 19.752733589984818 7.49237548981929 7.599999999999994
vertex 19.62616702985565 7.373832970144351 7.599999999999994
vertex 19.62616702985565 7.373832970144351 0.0
endloop
endfacet
facet normal 0.6343932841636466 -0.7730104533627361 3.8845385242579355e-17
outer loop
vertex 19.886782213126892 7.602386351771774 7.599999999999994
vertex 19.752733589984818 7.49237548981929 7.599999999999994
vertex 19.752733589984818 7.49237548981929 0.0
endloop
endfacet
facet normal 0.5824776968677963 -0.8128466845916194 3.566647235219345e-17
outer loop
vertex 20.027738882498056 7.703394472601744 7.599999999999994
vertex 19.886782213126892 7.602386351771774 7.599999999999994
vertex 19.886782213126892 7.602386351771774 0.0
endloop
endfacet
facet normal 0.5280678506503713 -0.8492021815265769 3.233483015157999e-17
outer loop
vertex 20.175 7.794967320028762 7.599999999999994
vertex 20.027738882498056 7.703394472601744 7.599999999999994
vertex 20.027738882498056 7.703394472601744 0.0
endloop
endfacet
facet normal 0.471396736826002 -0.8819212643483526 2.886472524412353e-17
outer loop
vertex 20.327934970919646 7.876712765061624 7.599999999999994
vertex 20.175 7.794967320028762 7.599999999999994
vertex 20.175 7.794967320028762 0.0
endloop
endfacet
facet normal 0.412707029804394 -0.9108638249211762 2.527101715177812e-17
outer loop
vertex 20.48588890423251 7.94828076115491 7.599999999999994
vertex 20.327934970919646 7.876712765061624 7.599999999999994
vertex 20.327934970919646 7.876712765061624 0.0
endloop
endfacet
facet normal 0.35225004792123615 -0.9359059267573249 2.1569094684312183e-17
outer loop
vertex 20.64818541694662 8.00936484316203 7.599999999999994
vertex 20.48588890423251 7.94828076115491 7.599999999999994
vertex 20.48588890423251 7.94828076115491 0.0
endloop
endfacet
facet normal 0.2902846772544555 -0.9569403357322112 1.777481004205957e-17
outer loop
vertex 20.81412953047832 8.05970343966603 7.599999999999994
vertex 20.64818541694662 8.00936484316203 7.599999999999994
vertex 20.64818541694662 8.00936484316203 0.0
endloop
endfacet
facet normal 0.2270762630343808 -0.9738769792773319 1.3904410934369845e-17
outer loop
vertex 20.98301064665726 8.099080993068561 7.599999999999994
vertex 20.81412953047832 8.05970343966603 7.599999999999994
vertex 20.81412953047832 8.05970343966603 0.0
endloop
endfacet
facet normal 0.16289547339458274 -0.9866433320848801 9.97447100441343e-18
outer loop
vertex 21.154105590616865 8.127328882640597 7.599999999999994
vertex 20.98301064665726 8.099080993068561 7.599999999999994
vertex 20.98301064665726 8.099080993068561 0.0
endloop
endfacet
facet normal 0.0980171403295632 -0.9951847266721967 6.001818858308826e-18
outer loop
vertex 21.32668170754012 8.1443261465823 7.599999999999994
vertex 21.154105590616865 8.127328882640597 7.599999999999994
vertex 21.154105590616865 8.127328882640597 0.0
endloop
endfacet
facet normal 0.032719082821776595 -0.9994645874763656 2.0034660024362927e-18
outer loop
vertex 21.5 8.15 7.599999999999994
vertex 21.32668170754012 8.1443261465823 7.599999999999994
vertex 21.32668170754012 8.1443261465823 0.0
endloop
endfacet
facet normal -0.032719082821776595 0.9994645874763656 -2.0034660024362927e-18
outer loop
vertex 21.5 2.8499999999999996 7.599999999999994
vertex 21.67331829245988 2.8556738534177004 7.599999999999994
vertex 21.67331829245988 2.8556738534177004 0.0
endloop
endfacet
facet normal -0.09801714032956421 0.9951847266721966 -6.001818858308888e-18
outer loop
vertex 21.67331829245988 2.8556738534177004 7.599999999999994
vertex 21.845894409383135 2.8726711173594026 7.599999999999994
vertex 21.845894409383135 2.8726711173594026 0.0
endloop
endfacet
facet normal -0.16289547339458607 0.9866433320848794 -9.974471004413633e-18
outer loop
vertex 21.845894409383135 2.8726711173594026 7.599999999999994
vertex 22.01698935334274 2.9009190069314394 7.599999999999994
vertex 22.01698935334274 2.9009190069314394 0.0
endloop
endfacet
facet normal -0.22707626303437367 0.9738769792773335 -1.3904410934369408e-17
outer loop
vertex 22.01698935334274 2.9009190069314394 7.599999999999994
vertex 22.18587046952168 2.9402965603339695 7.599999999999994
vertex 22.18587046952168 2.9402965603339695 0.0
endloop
endfacet
facet normal -0.29028467725445833 0.9569403357322103 -1.7774810042059743e-17
outer loop
vertex 22.18587046952168 2.9402965603339695 7.599999999999994
vertex 22.35181458305338 2.9906351568379694 7.599999999999994
vertex 22.35181458305338 2.9906351568379694 0.0
endloop
endfacet
facet normal -0.35225004792123277 0.935905926757326 -2.1569094684311974e-17
outer loop
vertex 22.35181458305338 2.9906351568379694 7.599999999999994
vertex 22.51411109576749 3.0517192388450898 7.599999999999994
vertex 22.51411109576749 3.0517192388450898 0.0
endloop
endfacet
facet normal -0.41270702980439794 0.9108638249211746 -2.527101715177836e-17
outer loop
vertex 22.51411109576749 3.0517192388450898 7.599999999999994
vertex 22.672065029080354 3.123287234938376 7.599999999999994
vertex 22.672065029080354 3.123287234938376 0.0
endloop
endfacet
facet normal -0.471396736826002 0.8819212643483526 -2.886472524412353e-17
outer loop
vertex 22.672065029080354 3.123287234938376 7.599999999999994
vertex 22.825 3.2050326799712376 7.599999999999994
vertex 22.825 3.2050326799712376 0.0
endloop
endfacet
facet normal -0.528067850650363 0.849202181526582 -3.233483015157948e-17
outer loop
vertex 22.825 3.2050326799712376 7.599999999999994
vertex 22.972261117501947 3.2966055273982553 7.599999999999994
vertex 22.972261117501947 3.2966055273982553 0.0
endloop
endfacet
facet normal -0.5824776968677997 0.8128466845916169 -3.566647235219366e-17
outer loop
vertex 22.972261117501947 3.2966055273982553 7.599999999999994
vertex 23.11321778687311 3.3976136482282264 7.599999999999994
vertex 23.11321778687311 3.3976136482282264 0.0
endloop
endfacet
facet normal -0.6343932841636516 0.773010453362732 -3.884538524257966e-17
outer loop
vertex 23.11321778687311 3.3976136482282264 7.599999999999994
vertex 23.247266410015182 3.50762451018071 7.599999999999994
vertex 23.247266410015182 3.50762451018071 0.0
endloop
endfacet
facet normal -0.6835923020228769 0.7298640726978305 -4.185795622970435e-17
outer loop
vertex 23.247266410015182 3.50762451018071 7.599999999999994
vertex 23.37383297014435 3.626167029855649 7.599999999999994
vertex 23.37383297014435 3.626167029855649 0.0
endloop
endfacet
facet normal -0.7298640726978352 0.6835923020228718 -4.4691285022102744e-17
outer loop
vertex 23.37383297014435 3.626167029855649 7.599999999999994
vertex 23.49237548981929 3.7527335899848175 7.599999999999994
vertex 23.49237548981929 3.7527335899848175 0.0
endloop
endfacet
facet normal -0.7730104533627312 0.6343932841636528 -4.7333238870905653e-17
outer loop
vertex 23.49237548981929 3.7527335899848175 7.599999999999994
vertex 23.602386351771774 3.8867822131268905 7.599999999999994
vertex 23.602386351771774 3.8867822131268905 0.0
endloop
endfacet
facet normal -0.8128466845916194 0.5824776968677963 -4.977250452413324e-17
outer loop
vertex 23.602386351771774 3.8867822131268905 7.599999999999994
vertex 23.703394472601744 4.0277388824980545 7.599999999999994
vertex 23.703394472601744 4.0277388824980545 0.0
endloop
endfacet
facet normal -0.8492021815265816 0.5280678506503639 -5.199863667177389e-17
outer loop
vertex 23.703394472601744 4.0277388824980545 7.599999999999994
vertex 23.79496732002876 4.175000000000001 7.599999999999994
vertex 23.79496732002876 4.175000000000001 0.0
endloop
endfacet
facet normal -0.8819212643483526 0.471396736826002 -5.400210267420984e-17
outer loop
vertex 23.79496732002876 4.175000000000001 7.599999999999994
vertex 23.876712765061622 4.327934970919646 7.599999999999994
vertex 23.876712765061622 4.327934970919646 0.0
endloop
endfacet
facet normal -0.9108638249211762 0.412707029804394 -5.577432338244168e-17
outer loop
vertex 23.876712765061622 4.327934970919646 7.599999999999994
vertex 23.94828076115491 4.485888904232512 7.599999999999994
vertex 23.94828076115491 4.485888904232512 0.0
endloop
endfacet
facet normal -0.9359059267573249 0.35225004792123615 -5.730770987531975e-17
outer loop
vertex 23.94828076115491 4.485888904232512 7.599999999999994
vertex 24.00936484316203 4.648185416946621 7.599999999999994
vertex 24.00936484316203 4.648185416946621 0.0
endloop
endfacet
facet normal -0.9569403357322083 0.29028467725446483 -5.859569595647212e-17
outer loop
vertex 24.00936484316203 4.648185416946621 7.599999999999994
vertex 24.05970343966603 4.81412953047832 7.599999999999994
vertex 24.05970343966603 4.81412953047832 0.0
endloop
endfacet
facet normal -0.9738769792773319 0.2270762630343808 -5.963276627176389e-17
outer loop
vertex 24.05970343966603 4.81412953047832 7.599999999999994
vertex 24.09908099306856 4.9830106466572595 7.599999999999994
vertex 24.09908099306856 4.9830106466572595 0.0
endloop
endfacet
facet normal -0.9866433320848801 0.16289547339458274 -6.041447992689137e-17
outer loop
vertex 24.09908099306856 4.9830106466572595 7.599999999999994
vertex 24.127328882640597 5.154105590616863 7.599999999999994
vertex 24.127328882640597 5.154105590616863 0.0
endloop
endfacet
facet normal -0.9951847266721976 0.09801714032955305 -6.093748950397202e-17
outer loop
vertex 24.127328882640597 5.154105590616863 7.599999999999994
vertex 24.144326146582298 5.326681707540121 7.599999999999994
vertex 24.144326146582298 5.326681707540121 0.0
endloop
endfacet
facet normal -0.9994645874763656 0.032719082821776595 -6.119955539570304e-17
outer loop
vertex 24.144326146582298 5.326681707540121 7.599999999999994
vertex 24.15 5.5 7.599999999999994
vertex 24.15 5.5 0.0
endloop
endfacet
facet normal -0.9994645874763656 -0.032719082821776595 -6.119955539570304e-17
outer loop
vertex 24.15 5.5 7.599999999999994
vertex 24.144326146582298 5.673318292459879 7.599999999999994
vertex 24.144326146582298 5.673318292459879 0.0
endloop
endfacet
facet normal -0.9951847266721976 -0.09801714032955305 -6.093748950397202e-17
outer loop
vertex 24.144326146582298 5.673318292459879 7.599999999999994
vertex 24.127328882640597 5.845894409383137 7.599999999999994
vertex 24.127328882640597 5.845894409383137 0.0
endloop
endfacet
facet normal -0.9866433320848801 -0.16289547339458274 -6.041447992689137e-17
outer loop
vertex 24.127328882640597 5.845894409383137 7.599999999999994
vertex 24.09908099306856 6.0169893533427405 7.599999999999994
vertex 24.09908099306856 6.0169893533427405 0.0
endloop
endfacet
facet normal -0.9738769792773319 -0.2270762630343808 -5.963276627176389e-17
outer loop
vertex 24.09908099306856 6.0169893533427405 7.599999999999994
vertex 24.05970343966603 6.18587046952168 7.599999999999994
vertex 24.05970343966603 6.18587046952168 0.0
endloop
endfacet
facet normal -0.9569403357322083 -0.29028467725446483 -5.859569595647212e-17
outer loop
vertex 24.05970343966603 6.18587046952168 7.599999999999994
vertex 24.00936484316203 6.351814583053379 7.599999999999994
vertex 24.00936484316203 6.351814583053379 0.0
endloop
endfacet
facet normal -0.9359059267573249 -0.35225004792123615 -5.730770987531975e-17
outer loop
vertex 24.00936484316203 6.351814583053379 7.599999999999994
vertex 23.94828076115491 6.514111095767488 7.599999999999994
vertex 23.94828076115491 6.514111095767488 0.0
endloop
endfacet
facet normal -0.9108638249211762 -0.412707029804394 -5.577432338244168e-17
outer loop
vertex 23.94828076115491 6.514111095767488 7.599999999999994
vertex 23.876712765061622 6.672065029080354 7.599999999999994
vertex 23.876712765061622 6.672065029080354 0.0
endloop
endfacet
facet normal -0.8819212643483526 -0.471396736826002 -5.400210267420984e-17
outer loop
vertex 23.876712765061622 6.672065029080354 7.599999999999994
vertex 23.79496732002876 6.824999999999999 7.599999999999994
vertex 23.79496732002876 6.824999999999999 0.0
endloop
endfacet
facet normal -0.8492021815265816 -0.5280678506503639 -5.199863667177389e-17
outer loop
vertex 23.79496732002876 6.824999999999999 7.599999999999994
vertex 23.703394472601744 6.9722611175019455 7.599999999999994
vertex 23.703394472601744 6.9722611175019455 0.0
endloop
endfacet
facet normal -0.7298640726978352 -0.6835923020228718 -4.4691285022102744e-17
outer loop
vertex 23.49237548981929 7.2472664100151825 7.599999999999994
vertex 23.37383297014435 7.373832970144351 7.599999999999994
vertex 23.37383297014435 7.373832970144351 0.0
endloop
endfacet
facet normal -0.8128466845916194 -0.5824776968677963 -4.977250452413324e-17
outer loop
vertex 23.703394472601744 6.9722611175019455 7.599999999999994
vertex 23.602386351771774 7.1132177868731095 7.599999999999994
vertex 23.602386351771774 7.1132177868731095 0.0
endloop
endfacet
facet normal -0.7730104533627312 -0.6343932841636528 -4.7333238870905653e-17
outer loop
vertex 23.602386351771774 7.1132177868731095 7.599999999999994
vertex 23.49237548981929 7.2472664100151825 7.599999999999994
vertex 23.49237548981929 7.2472664100151825 0.0
endloop
endfacet
facet normal -0.6343932841636516 -0.773010453362732 -3.884538524257966e-17
outer loop
vertex 23.247266410015182 7.49237548981929 7.599999999999994
vertex 23.11321778687311 7.602386351771774 7.599999999999994
vertex 23.11321778687311 7.602386351771774 0.0
endloop
endfacet
facet normal -0.6835923020228769 -0.7298640726978305 -4.185795622970435e-17
outer loop
vertex 23.37383297014435 7.373832970144351 7.599999999999994
vertex 23.247266410015182 7.49237548981929 7.599999999999994
vertex 23.247266410015182 7.49237548981929 0.0
endloop
endfacet
facet normal -0.5824776968677963 -0.8128466845916194 -3.566647235219345e-17
outer loop
vertex 23.11321778687311 7.602386351771774 7.599999999999994
vertex 22.972261117501947 7.703394472601744 7.599999999999994
vertex 22.972261117501947 7.703394472601744 0.0
endloop
endfacet
facet normal -0.5280678506503667 -0.8492021815265798 -3.23348301515797e-17
outer loop
vertex 22.972261117501947 7.703394472601744 7.599999999999994
vertex 22.825 7.794967320028762 7.599999999999994
vertex 22.825 7.794967320028762 0.0
endloop
endfacet
facet normal -0.032719082821776595 -0.9994645874763656 -2.0034660024362927e-18
outer loop
vertex 21.67331829245988 8.1443261465823 7.599999999999994
vertex 21.5 8.15 7.599999999999994
vertex 21.5 8.15 0.0
endloop
endfacet
facet normal -0.09801714032956421 -0.9951847266721966 -6.001818858308888e-18
outer loop
vertex 21.845894409383135 8.127328882640597 7.599999999999994
vertex 21.67331829245988 8.1443261465823 7.599999999999994
vertex 21.67331829245988 8.1443261465823 0.0
endloop
endfacet
facet normal -0.22707626303437853 -0.9738769792773324 -1.3904410934369707e-17
outer loop
vertex 22.18587046952168 8.05970343966603 7.599999999999994
vertex 22.01698935334274 8.099080993068561 7.599999999999994
vertex 22.01698935334274 8.099080993068561 0.0
endloop
endfacet
facet normal -0.1628954733945811 -0.9866433320848804 -9.974471004413329e-18
outer loop
vertex 22.01698935334274 8.099080993068561 7.599999999999994
vertex 21.845894409383135 8.127328882640597 7.599999999999994
vertex 21.845894409383135 8.127328882640597 0.0
endloop
endfacet
facet normal -0.35225004792123277 -0.935905926757326 -2.1569094684311974e-17
outer loop
vertex 22.51411109576749 7.94828076115491 7.599999999999994
vertex 22.35181458305338 8.00936484316203 7.599999999999994
vertex 22.35181458305338 8.00936484316203 0.0
endloop
endfacet
facet normal -0.471396736826002 -0.8819212643483526 -2.886472524412353e-17
outer loop
vertex 22.825 7.794967320028762 7.599999999999994
vertex 22.672065029080354 7.876712765061624 7.599999999999994
vertex 22.672065029080354 7.876712765061624 0.0
endloop
endfacet
facet normal -0.41270702980439794 -0.9108638249211746 -2.527101715177836e-17
outer loop
vertex 22.672065029080354 7.876712765061624 7.599999999999994
vertex 22.51411109576749 7.94828076115491 7.599999999999994
vertex 22.51411109576749 7.94828076115491 0.0
endloop
endfacet
facet normal -0.29028467725445833 -0.9569403357322103 -1.7774810042059743e-17
outer loop
vertex 22.35181458305338 8.00936484316203 7.599999999999994
vertex 22.18587046952168 8.05970343966603 7.599999999999994
vertex 22.18587046952168 8.05970343966603 0.0
endloop
endfacet
facet normal 0.5280678506503677 0.8492021815265793 3.2334830151579764e-17
outer loop
vertex 20.175 3.2050326799712376 0.0
vertex 20.027738882498056 3.2966055273982553 0.0
vertex 20.027738882498056 3.2966055273982553 7.599999999999994
endloop
endfacet
facet normal 0.5824776968677997 0.8128466845916169 3.566647235219366e-17
outer loop
vertex 20.027738882498056 3.2966055273982553 0.0
vertex 19.886782213126892 3.3976136482282264 0.0
vertex 19.886782213126892 3.3976136482282264 7.599999999999994
endloop
endfacet
facet normal 0.2902846772544555 0.9569403357322112 1.777481004205957e-17
outer loop
vertex 20.81412953047832 2.9402965603339695 0.0
vertex 20.64818541694662 2.9906351568379694 0.0
vertex 20.64818541694662 2.9906351568379694 7.599999999999994
endloop
endfacet
facet normal 0.16289547339458774 0.9866433320848792 9.974471004413734e-18
outer loop
vertex 21.154105590616865 2.8726711173594026 0.0
vertex 20.98301064665726 2.9009190069314394 0.0
vertex 20.98301064665726 2.9009190069314394 7.599999999999994
endloop
endfacet
facet normal 0.22707626303437597 0.9738769792773332 1.390441093436955e-17
outer loop
vertex 20.81412953047832 2.9402965603339695 7.599999999999994
vertex 20.98301064665726 2.9009190069314394 0.0
vertex 20.81412953047832 2.9402965603339695 0.0
endloop
endfacet
facet normal 0.0980171403295632 0.9951847266721967 6.001818858308826e-18
outer loop
vertex 21.154105590616865 2.8726711173594026 7.599999999999994
vertex 21.32668170754012 2.8556738534177004 0.0
vertex 21.154105590616865 2.8726711173594026 0.0
endloop
endfacet
facet normal 0.032719082821776595 0.9994645874763656 2.0034660024362927e-18
outer loop
vertex 21.5 2.8499999999999996 0.0
vertex 21.32668170754012 2.8556738534177004 0.0
vertex 21.32668170754012 2.8556738534177004 7.599999999999994
endloop
endfacet
facet normal 0.412707029804394 0.9108638249211762 2.527101715177812e-17
outer loop
vertex 20.48588890423251 3.0517192388450898 0.0
vertex 20.327934970919646 3.123287234938376 0.0
vertex 20.327934970919646 3.123287234938376 7.599999999999994
endloop
endfacet
facet normal 0.471396736826002 0.8819212643483526 2.886472524412353e-17
outer loop
vertex 20.175 3.2050326799712376 7.599999999999994
vertex 20.327934970919646 3.123287234938376 0.0
vertex 20.175 3.2050326799712376 0.0
endloop
endfacet
facet normal 0.35225004792123615 0.9359059267573249 2.1569094684312183e-17
outer loop
vertex 20.48588890423251 3.0517192388450898 7.599999999999994
vertex 20.64818541694662 2.9906351568379694 0.0
vertex 20.48588890423251 3.0517192388450898 0.0
endloop
endfacet
facet normal 0.7730104533627361 0.6343932841636466 4.7333238870905955e-17
outer loop
vertex 19.397613648228226 3.8867822131268905 7.599999999999994
vertex 19.50762451018071 3.7527335899848175 0.0
vertex 19.397613648228226 3.8867822131268905 0.0
endloop
endfacet
facet normal 0.6343932841636466 0.7730104533627361 3.8845385242579355e-17
outer loop
vertex 19.752733589984818 3.50762451018071 7.599999999999994
vertex 19.886782213126892 3.3976136482282264 0.0
vertex 19.752733589984818 3.50762451018071 0.0
endloop
endfacet
facet normal 0.6835923020228718 0.7298640726978352 4.1857956229704034e-17
outer loop
vertex 19.752733589984818 3.50762451018071 0.0
vertex 19.62616702985565 3.626167029855649 0.0
vertex 19.62616702985565 3.626167029855649 7.599999999999994
endloop
endfacet
facet normal 0.7298640726978352 0.6835923020228718 4.4691285022102744e-17
outer loop
vertex 19.62616702985565 3.626167029855649 0.0
vertex 19.50762451018071 3.7527335899848175 0.0
vertex 19.50762451018071 3.7527335899848175 7.599999999999994
endloop
endfacet
facet normal 0.8128466845916194 0.5824776968677963 4.977250452413324e-17
outer loop
vertex 19.397613648228226 3.8867822131268905 0.0
vertex 19.296605527398256 4.0277388824980545 0.0
vertex 19.296605527398256 4.0277388824980545 7.599999999999994
endloop
endfacet
facet normal 0.8492021815265769 0.5280678506503713 5.19986366717736e-17
outer loop
vertex 19.296605527398256 4.0277388824980545 0.0
vertex 19.20503267997124 4.175000000000001 0.0
vertex 19.20503267997124 4.175000000000001 7.599999999999994
endloop
endfacet
facet normal 0.8819212643483526 0.471396736826002 5.400210267420984e-17
outer loop
vertex 19.123287234938374 4.327934970919646 7.599999999999994
vertex 19.20503267997124 4.175000000000001 0.0
vertex 19.123287234938374 4.327934970919646 0.0
endloop
endfacet
facet normal 0.9108638249211762 0.412707029804394 5.577432338244168e-17
outer loop
vertex 19.123287234938374 4.327934970919646 0.0
vertex 19.051719238845088 4.485888904232512 0.0
vertex 19.051719238845088 4.485888904232512 7.599999999999994
endloop
endfacet
facet normal 0.9359059267573249 0.35225004792123615 5.730770987531975e-17
outer loop
vertex 18.990635156837968 4.648185416946621 7.599999999999994
vertex 19.051719238845088 4.485888904232512 0.0
vertex 18.990635156837968 4.648185416946621 0.0
endloop
endfacet
facet normal 0.9569403357322112 0.2902846772544555 5.859569595647229e-17
outer loop
vertex 18.94029656033397 4.81412953047832 7.599999999999994
vertex 18.990635156837968 4.648185416946621 0.0
vertex 18.94029656033397 4.81412953047832 0.0
endloop
endfacet
facet normal 0.9738769792773319 0.2270762630343808 5.963276627176389e-17
outer loop
vertex 18.94029656033397 4.81412953047832 0.0
vertex 18.90091900693144 4.9830106466572595 0.0
vertex 18.90091900693144 4.9830106466572595 7.599999999999994
endloop
endfacet
facet normal 0.9866433320848801 0.16289547339458274 6.041447992689137e-17
outer loop
vertex 18.872671117359403 5.154105590616863 7.599999999999994
vertex 18.90091900693144 4.9830106466572595 0.0
vertex 18.872671117359403 5.154105590616863 0.0
endloop
endfacet
facet normal 0.9951847266721967 0.0980171403295632 6.093748950397196e-17
outer loop
vertex 18.8556738534177 5.326681707540121 7.599999999999994
vertex 18.872671117359403 5.154105590616863 0.0
vertex 18.8556738534177 5.326681707540121 0.0
endloop
endfacet
facet normal 0.9994645874763656 0.032719082821776595 6.119955539570304e-17
outer loop
vertex 18.85 5.5 7.599999999999994
vertex 18.8556738534177 5.326681707540121 0.0
vertex 18.85 5.5 0.0
endloop
endfacet
facet normal 0.9994645874763656 -0.032719082821776595 6.119955539570304e-17
outer loop
vertex 18.8556738534177 5.673318292459879 7.599999999999994
vertex 18.85 5.5 0.0
vertex 18.8556738534177 5.673318292459879 0.0
endloop
endfacet
facet normal 0.9951847266721967 -0.0980171403295632 6.093748950397196e-17
outer loop
vertex 18.872671117359403 5.845894409383137 7.599999999999994
vertex 18.8556738534177 5.673318292459879 0.0
vertex 18.872671117359403 5.845894409383137 0.0
endloop
endfacet
facet normal 0.9866433320848801 -0.16289547339458274 6.041447992689137e-17
outer loop
vertex 18.872671117359403 5.845894409383137 0.0
vertex 18.90091900693144 6.0169893533427405 0.0
vertex 18.90091900693144 6.0169893533427405 7.599999999999994
endloop
endfacet
facet normal 0.9738769792773319 -0.2270762630343808 5.963276627176389e-17
outer loop
vertex 18.94029656033397 6.18587046952168 7.599999999999994
vertex 18.90091900693144 6.0169893533427405 0.0
vertex 18.94029656033397 6.18587046952168 0.0
endloop
endfacet
facet normal 0.9569403357322112 -0.2902846772544555 5.859569595647229e-17
outer loop
vertex 18.990635156837968 6.351814583053379 7.599999999999994
vertex 18.94029656033397 6.18587046952168 0.0
vertex 18.990635156837968 6.351814583053379 0.0
endloop
endfacet
facet normal 0.9359059267573249 -0.35225004792123615 5.730770987531975e-17
outer loop
vertex 19.051719238845088 6.514111095767488 7.599999999999994
vertex 18.990635156837968 6.351814583053379 0.0
vertex 19.051719238845088 6.514111095767488 0.0
endloop
endfacet
facet normal 0.9108638249211762 -0.412707029804394 5.577432338244168e-17
outer loop
vertex 19.051719238845088 6.514111095767488 0.0
vertex 19.123287234938374 6.672065029080354 0.0
vertex 19.123287234938374 6.672065029080354 7.599999999999994
endloop
endfacet
facet normal 0.8819212643483526 -0.471396736826002 5.400210267420984e-17
outer loop
vertex 19.123287234938374 6.672065029080354 0.0
vertex 19.20503267997124 6.824999999999999 0.0
vertex 19.20503267997124 6.824999999999999 7.599999999999994
endloop
endfacet
facet normal 0.8492021815265769 -0.5280678506503713 5.19986366717736e-17
outer loop
vertex 19.296605527398256 6.9722611175019455 7.599999999999994
vertex 19.20503267997124 6.824999999999999 0.0
vertex 19.296605527398256 6.9722611175019455 0.0
endloop
endfacet
facet normal 0.8128466845916194 -0.5824776968677963 4.977250452413324e-17
outer loop
vertex 19.296605527398256 6.9722611175019455 0.0
vertex 19.397613648228226 7.1132177868731095 0.0
vertex 19.397613648228226 7.1132177868731095 7.599999999999994
endloop
endfacet
facet normal 0.7730104533627361 -0.6343932841636466 4.7333238870905955e-17
outer loop
vertex 19.397613648228226 7.1132177868731095 0.0
vertex 19.50762451018071 7.2472664100151825 0.0
vertex 19.50762451018071 7.2472664100151825 7.599999999999994
endloop
endfacet
facet normal 0.7298640726978352 -0.6835923020228718 4.4691285022102744e-17
outer loop
vertex 19.62616702985565 7.373832970144351 7.599999999999994
vertex 19.50762451018071 7.2472664100151825 0.0
vertex 19.62616702985565 7.373832970144351 0.0
endloop
endfacet
facet normal 0.6835923020228718 -0.7298640726978352 4.1857956229704034e-17
outer loop
vertex 19.62616702985565 7.373832970144351 0.0
vertex 19.752733589984818 7.49237548981929 0.0
vertex 19.752733589984818 7.49237548981929 7.599999999999994
endloop
endfacet
facet normal 0.6343932841636466 -0.7730104533627361 3.8845385242579355e-17
outer loop
vertex 19.752733589984818 7.49237548981929 0.0
vertex 19.886782213126892 7.602386351771774 0.0
vertex 19.886782213126892 7.602386351771774 7.599999999999994
endloop
endfacet
facet normal 0.5824776968677963 -0.8128466845916194 3.566647235219345e-17
outer loop
vertex 20.027738882498056 7.703394472601744 7.599999999999994
vertex 19.886782213126892 7.602386351771774 0.0
vertex 20.027738882498056 7.703394472601744 0.0
endloop
endfacet
facet normal 0.5280678506503713 -0.8492021815265769 3.233483015157999e-17
outer loop
vertex 20.027738882498056 7.703394472601744 0.0
vertex 20.175 7.794967320028762 0.0
vertex 20.175 7.794967320028762 7.599999999999994
endloop
endfacet
facet normal 0.471396736826002 -0.8819212643483526 2.886472524412353e-17
outer loop
vertex 20.327934970919646 7.876712765061624 7.599999999999994
vertex 20.175 7.794967320028762 0.0
vertex 20.327934970919646 7.876712765061624 0.0
endloop
endfacet
facet normal 0.412707029804394 -0.9108638249211762 2.527101715177812e-17
outer loop
vertex 20.327934970919646 7.876712765061624 0.0
vertex 20.48588890423251 7.94828076115491 0.0
vertex 20.48588890423251 7.94828076115491 7.599999999999994
endloop
endfacet
facet normal 0.35225004792123615 -0.9359059267573249 2.1569094684312183e-17
outer loop
vertex 20.48588890423251 7.94828076115491 0.0
vertex 20.64818541694662 8.00936484316203 0.0
vertex 20.64818541694662 8.00936484316203 7.599999999999994
endloop
endfacet
facet normal 0.2902846772544555 -0.9569403357322112 1.777481004205957e-17
outer loop
vertex 20.64818541694662 8.00936484316203 0.0
vertex 20.81412953047832 8.05970343966603 0.0
vertex 20.81412953047832 8.05970343966603 7.599999999999994
endloop
endfacet
facet normal 0.2270762630343808 -0.9738769792773319 1.3904410934369845e-17
outer loop
vertex 20.81412953047832 8.05970343966603 0.0
vertex 20.98301064665726 8.099080993068561 0.0
vertex 20.98301064665726 8.099080993068561 7.599999999999994
endloop
endfacet
facet normal 0.16289547339458274 -0.9866433320848801 9.97447100441343e-18
outer loop
vertex 20.98301064665726 8.099080993068561 0.0
vertex 21.154105590616865 8.127328882640597 0.0
vertex 21.154105590616865 8.127328882640597 7.599999999999994
endloop
endfacet
facet normal 0.0980171403295632 -0.9951847266721967 6.001818858308826e-18
outer loop
vertex 21.154105590616865 8.127328882640597 0.0
vertex 21.32668170754012 8.1443261465823 0.0
vertex 21.32668170754012 8.1443261465823 7.599999999999994
endloop
endfacet
facet normal 0.032719082821776595 -0.9994645874763656 2.0034660024362927e-18
outer loop
vertex 21.5 8.15 7.599999999999994
vertex 21.32668170754012 8.1443261465823 0.0
vertex 21.5 8.15 0.0
endloop
endfacet
facet normal -0.032719082821776595 0.9994645874763656 -2.0034660024362927e-18
outer loop
vertex 21.5 2.8499999999999996 7.599999999999994
vertex 21.67331829245988 2.8556738534177004 0.0
vertex 21.5 2.8499999999999996 0.0
endloop
endfacet
facet normal -0.09801714032956421 0.9951847266721966 -6.001818858308888e-18
outer loop
vertex 21.845894409383135 2.8726711173594026 0.0
vertex 21.67331829245988 2.8556738534177004 0.0
vertex 21.67331829245988 2.8556738534177004 7.599999999999994
endloop
endfacet
facet normal -0.16289547339458607 0.9866433320848794 -9.974471004413633e-18
outer loop
vertex 22.01698935334274 2.9009190069314394 0.0
vertex 21.845894409383135 2.8726711173594026 0.0
vertex 21.845894409383135 2.8726711173594026 7.599999999999994
endloop
endfacet
facet normal -0.22707626303437367 0.9738769792773335 -1.3904410934369408e-17
outer loop
vertex 22.18587046952168 2.9402965603339695 0.0
vertex 22.01698935334274 2.9009190069314394 0.0
vertex 22.01698935334274 2.9009190069314394 7.599999999999994
endloop
endfacet
facet normal -0.29028467725445833 0.9569403357322103 -1.7774810042059743e-17
outer loop
vertex 22.35181458305338 2.9906351568379694 0.0
vertex 22.18587046952168 2.9402965603339695 0.0
vertex 22.18587046952168 2.9402965603339695 7.599999999999994
endloop
endfacet
facet normal -0.35225004792123277 0.935905926757326 -2.1569094684311974e-17
outer loop
vertex 22.51411109576749 3.0517192388450898 0.0
vertex 22.35181458305338 2.9906351568379694 0.0
vertex 22.35181458305338 2.9906351568379694 7.599999999999994
endloop
endfacet
facet normal -0.41270702980439794 0.9108638249211746 -2.527101715177836e-17
outer loop
vertex 22.672065029080354 3.123287234938376 0.0
vertex 22.51411109576749 3.0517192388450898 0.0
vertex 22.51411109576749 3.0517192388450898 7.599999999999994
endloop
endfacet
facet normal -0.471396736826002 0.8819212643483526 -2.886472524412353e-17
outer loop
vertex 22.672065029080354 3.123287234938376 7.599999999999994
vertex 22.825 3.2050326799712376 0.0
vertex 22.672065029080354 3.123287234938376 0.0
endloop
endfacet
facet normal -0.528067850650363 0.849202181526582 -3.233483015157948e-17
outer loop
vertex 22.972261117501947 3.2966055273982553 0.0
vertex 22.825 3.2050326799712376 0.0
vertex 22.825 3.2050326799712376 7.599999999999994
endloop
endfacet
facet normal -0.5824776968677997 0.8128466845916169 -3.566647235219366e-17
outer loop
vertex 22.972261117501947 3.2966055273982553 7.599999999999994
vertex 23.11321778687311 3.3976136482282264 0.0
vertex 22.972261117501947 3.2966055273982553 0.0
endloop
endfacet
facet normal -0.6343932841636516 0.773010453362732 -3.884538524257966e-17
outer loop
vertex 23.247266410015182 3.50762451018071 0.0
vertex 23.11321778687311 3.3976136482282264 0.0
vertex 23.11321778687311 3.3976136482282264 7.599999999999994
endloop
endfacet
facet normal -0.6835923020228769 0.7298640726978305 -4.185795622970435e-17
outer loop
vertex 23.37383297014435 3.626167029855649 0.0
vertex 23.247266410015182 3.50762451018071 0.0
vertex 23.247266410015182 3.50762451018071 7.599999999999994
endloop
endfacet
facet normal -0.7298640726978352 0.6835923020228718 -4.4691285022102744e-17
outer loop
vertex 23.37383297014435 3.626167029855649 7.599999999999994
vertex 23.49237548981929 3.7527335899848175 0.0
vertex 23.37383297014435 3.626167029855649 0.0
endloop
endfacet
facet normal -0.7730104533627312 0.6343932841636528 -4.7333238870905653e-17
outer loop
vertex 23.602386351771774 3.8867822131268905 0.0
vertex 23.49237548981929 3.7527335899848175 0.0
vertex 23.49237548981929 3.7527335899848175 7.599999999999994
endloop
endfacet
facet normal -0.8128466845916194 0.5824776968677963 -4.977250452413324e-17
outer loop
vertex 23.703394472601744 4.0277388824980545 0.0
vertex 23.602386351771774 3.8867822131268905 0.0
vertex 23.602386351771774 3.8867822131268905 7.599999999999994
endloop
endfacet
facet normal -0.8492021815265816 0.5280678506503639 -5.199863667177389e-17
outer loop
vertex 23.703394472601744 4.0277388824980545 7.599999999999994
vertex 23.79496732002876 4.175000000000001 0.0
vertex 23.703394472601744 4.0277388824980545 0.0
endloop
endfacet
facet normal -0.8819212643483526 0.471396736826002 -5.400210267420984e-17
outer loop
vertex 23.876712765061622 4.327934970919646 0.0
vertex 23.79496732002876 4.175000000000001 0.0
vertex 23.79496732002876 4.175000000000001 7.599999999999994
endloop
endfacet
facet normal -0.9108638249211762 0.412707029804394 -5.577432338244168e-17
outer loop
vertex 23.94828076115491 4.485888904232512 0.0
vertex 23.876712765061622 4.327934970919646 0.0
vertex 23.876712765061622 4.327934970919646 7.599999999999994
endloop
endfacet
facet normal -0.9359059267573249 0.35225004792123615 -5.730770987531975e-17
outer loop
vertex 23.94828076115491 4.485888904232512 7.599999999999994
vertex 24.00936484316203 4.648185416946621 0.0
vertex 23.94828076115491 4.485888904232512 0.0
endloop
endfacet
facet normal -0.9569403357322083 0.29028467725446483 -5.859569595647212e-17
outer loop
vertex 24.00936484316203 4.648185416946621 7.599999999999994
vertex 24.05970343966603 4.81412953047832 0.0
vertex 24.00936484316203 4.648185416946621 0.0
endloop
endfacet
facet normal -0.9738769792773319 0.2270762630343808 -5.963276627176389e-17
outer loop
vertex 24.05970343966603 4.81412953047832 7.599999999999994
vertex 24.09908099306856 4.9830106466572595 0.0
vertex 24.05970343966603 4.81412953047832 0.0
endloop
endfacet
facet normal -0.9866433320848801 0.16289547339458274 -6.041447992689137e-17
outer loop
vertex 24.127328882640597 5.154105590616863 0.0
vertex 24.09908099306856 4.9830106466572595 0.0
vertex 24.09908099306856 4.9830106466572595 7.599999999999994
endloop
endfacet
facet normal -0.9951847266721976 0.09801714032955305 -6.093748950397202e-17
outer loop
vertex 24.127328882640597 5.154105590616863 7.599999999999994
vertex 24.144326146582298 5.326681707540121 0.0
vertex 24.127328882640597 5.154105590616863 0.0
endloop
endfacet
facet normal -0.9994645874763656 0.032719082821776595 -6.119955539570304e-17
outer loop
vertex 24.144326146582298 5.326681707540121 7.599999999999994
vertex 24.15 5.5 0.0
vertex 24.144326146582298 5.326681707540121 0.0
endloop
endfacet
facet normal -0.9994645874763656 -0.032719082821776595 -6.119955539570304e-17
outer loop
vertex 24.15 5.5 7.599999999999994
vertex 24.144326146582298 5.673318292459879 0.0
vertex 24.15 5.5 0.0
endloop
endfacet
facet normal -0.9951847266721976 -0.09801714032955305 -6.093748950397202e-17
outer loop
vertex 24.144326146582298 5.673318292459879 7.599999999999994
vertex 24.127328882640597 5.845894409383137 0.0
vertex 24.144326146582298 5.673318292459879 0.0
endloop
endfacet
facet normal -0.9866433320848801 -0.16289547339458274 -6.041447992689137e-17
outer loop
vertex 24.127328882640597 5.845894409383137 7.599999999999994
vertex 24.09908099306856 6.0169893533427405 0.0
vertex 24.127328882640597 5.845894409383137 0.0
endloop
endfacet
facet normal -0.9738769792773319 -0.2270762630343808 -5.963276627176389e-17
outer loop
vertex 24.05970343966603 6.18587046952168 0.0
vertex 24.09908099306856 6.0169893533427405 0.0
vertex 24.09908099306856 6.0169893533427405 7.599999999999994
endloop
endfacet
facet normal -0.9569403357322083 -0.29028467725446483 -5.859569595647212e-17
outer loop
vertex 24.05970343966603 6.18587046952168 7.599999999999994
vertex 24.00936484316203 6.351814583053379 0.0
vertex 24.05970343966603 6.18587046952168 0.0
endloop
endfacet
facet normal -0.9359059267573249 -0.35225004792123615 -5.730770987531975e-17
outer loop
vertex 24.00936484316203 6.351814583053379 7.599999999999994
vertex 23.94828076115491 6.514111095767488 0.0
vertex 24.00936484316203 6.351814583053379 0.0
endloop
endfacet
facet normal -0.9108638249211762 -0.412707029804394 -5.577432338244168e-17
outer loop
vertex 23.876712765061622 6.672065029080354 0.0
vertex 23.94828076115491 6.514111095767488 0.0
vertex 23.94828076115491 6.514111095767488 7.599999999999994
endloop
endfacet
facet normal -0.8819212643483526 -0.471396736826002 -5.400210267420984e-17
outer loop
vertex 23.876712765061622 6.672065029080354 7.599999999999994
vertex 23.79496732002876 6.824999999999999 0.0
vertex 23.876712765061622 6.672065029080354 0.0
endloop
endfacet
facet normal -0.8492021815265816 -0.5280678506503639 -5.199863667177389e-17
outer loop
vertex 23.703394472601744 6.9722611175019455 0.0
vertex 23.79496732002876 6.824999999999999 0.0
vertex 23.79496732002876 6.824999999999999 7.599999999999994
endloop
endfacet
facet normal -0.7298640726978352 -0.6835923020228718 -4.4691285022102744e-17
outer loop
vertex 23.37383297014435 7.373832970144351 0.0
vertex 23.49237548981929 7.2472664100151825 0.0
vertex 23.49237548981929 7.2472664100151825 7.599999999999994
endloop
endfacet
facet normal -0.8128466845916194 -0.5824776968677963 -4.977250452413324e-17
outer loop
vertex 23.602386351771774 7.1132177868731095 0.0
vertex 23.703394472601744 6.9722611175019455 0.0
vertex 23.703394472601744 6.9722611175019455 7.599999999999994
endloop
endfacet
facet normal -0.7730104533627312 -0.6343932841636528 -4.7333238870905653e-17
outer loop
vertex 23.602386351771774 7.1132177868731095 7.599999999999994
vertex 23.49237548981929 7.2472664100151825 0.0
vertex 23.602386351771774 7.1132177868731095 0.0
endloop
endfacet
facet normal -0.6835923020228769 -0.7298640726978305 -4.185795622970435e-17
outer loop
vertex 23.247266410015182 7.49237548981929 0.0
vertex 23.37383297014435 7.373832970144351 0.0
vertex 23.37383297014435 7.373832970144351 7.599999999999994
endloop
endfacet
facet normal -0.6343932841636516 -0.773010453362732 -3.884538524257966e-17
outer loop
vertex 23.247266410015182 7.49237548981929 7.599999999999994
vertex 23.11321778687311 7.602386351771774 0.0
vertex 23.247266410015182 7.49237548981929 0.0
endloop
endfacet
facet normal -0.5824776968677963 -0.8128466845916194 -3.566647235219345e-17
outer loop
vertex 22.972261117501947 7.703394472601744 0.0
vertex 23.11321778687311 7.602386351771774 0.0
vertex 23.11321778687311 7.602386351771774 7.599999999999994
endloop
endfacet
facet normal -0.5280678506503667 -0.8492021815265798 -3.23348301515797e-17
outer loop
vertex 22.825 7.794967320028762 0.0
vertex 22.972261117501947 7.703394472601744 0.0
vertex 22.972261117501947 7.703394472601744 7.599999999999994
endloop
endfacet
facet normal -0.032719082821776595 -0.9994645874763656 -2.0034660024362927e-18
outer loop
vertex 21.5 8.15 0.0
vertex 21.67331829245988 8.1443261465823 0.0
vertex 21.67331829245988 8.1443261465823 7.599999999999994
endloop
endfacet
facet normal -0.09801714032956421 -0.9951847266721966 -6.001818858308888e-18
outer loop
vertex 21.845894409383135 8.127328882640597 7.599999999999994
vertex 21.67331829245988 8.1443261465823 0.0
vertex 21.845894409383135 8.127328882640597 0.0
endloop
endfacet
facet normal -0.1628954733945811 -0.9866433320848804 -9.974471004413329e-18
outer loop
vertex 21.845894409383135 8.127328882640597 0.0
vertex 22.01698935334274 8.099080993068561 0.0
vertex 22.01698935334274 8.099080993068561 7.599999999999994
endloop
endfacet
facet normal -0.22707626303437853 -0.9738769792773324 -1.3904410934369707e-17
outer loop
vertex 22.18587046952168 8.05970343966603 7.599999999999994
vertex 22.01698935334274 8.099080993068561 0.0
vertex 22.18587046952168 8.05970343966603 0.0
endloop
endfacet
facet normal -0.35225004792123277 -0.935905926757326 -2.1569094684311974e-17
outer loop
vertex 22.51411109576749 7.94828076115491 7.599999999999994
vertex 22.35181458305338 8.00936484316203 0.0
vertex 22.51411109576749 7.94828076115491 0.0
endloop
endfacet
facet normal -0.471396736826002 -0.8819212643483526 -2.886472524412353e-17
outer loop
vertex 22.825 7.794967320028762 7.599999999999994
vertex 22.672065029080354 7.876712765061624 0.0
vertex 22.825 7.794967320028762 0.0
endloop
endfacet
facet normal -0.41270702980439794 -0.9108638249211746 -2.527101715177836e-17
outer loop
vertex 22.51411109576749 7.94828076115491 0.0
vertex 22.672065029080354 7.876712765061624 0.0
vertex 22.672065029080354 7.876712765061624 7.599999999999994
endloop
endfacet
facet normal -0.29028467725445833 -0.9569403357322103 -1.7774810042059743e-17
outer loop
vertex 22.18587046952168 8.05970343966603 0.0
vertex 22.35181458305338 8.00936484316203 0.0
vertex 22.35181458305338 8.00936484316203 7.599999999999994
endloop
endfacet
facet normal 0.471396736826002 0.8819212643483526 2.886472524412353e-17
outer loop
vertex 36.175 3.2050326799712376 7.599999999999994
vertex 36.32793497091964 3.123287234938376 7.599999999999994
vertex 36.32793497091964 3.123287234938376 0.0
endloop
endfacet
facet normal 0.528067850650363 0.849202181526582 3.233483015157948e-17
outer loop
vertex 36.027738882498056 3.2966055273982553 7.599999999999994
vertex 36.175 3.2050326799712376 7.599999999999994
vertex 36.175 3.2050326799712376 0.0
endloop
endfacet
facet normal 0.6343932841636516 0.773010453362732 3.884538524257966e-17
outer loop
vertex 35.752733589984814 3.50762451018071 7.599999999999994
vertex 35.88678221312689 3.3976136482282264 7.599999999999994
vertex 35.88678221312689 3.3976136482282264 0.0
endloop
endfacet
facet normal 0.5824776968677997 0.8128466845916169 3.566647235219366e-17
outer loop
vertex 35.88678221312689 3.3976136482282264 7.599999999999994
vertex 36.027738882498056 3.2966055273982553 7.599999999999994
vertex 36.027738882498056 3.2966055273982553 0.0
endloop
endfacet
facet normal 0.35225004792123277 0.935905926757326 2.1569094684311974e-17
outer loop
vertex 36.48588890423251 3.0517192388450898 7.599999999999994
vertex 36.64818541694662 2.9906351568379694 7.599999999999994
vertex 36.64818541694662 2.9906351568379694 0.0
endloop
endfacet
facet normal 0.22707626303437367 0.9738769792773335 1.3904410934369408e-17
outer loop
vertex 36.81412953047832 2.9402965603339695 7.599999999999994
vertex 36.98301064665726 2.9009190069314394 7.599999999999994
vertex 36.98301064665726 2.9009190069314394 0.0
endloop
endfacet
facet normal 0.29028467725445833 0.9569403357322103 1.7774810042059743e-17
outer loop
vertex 36.64818541694662 2.9906351568379694 7.599999999999994
vertex 36.81412953047832 2.9402965603339695 7.599999999999994
vertex 36.81412953047832 2.9402965603339695 0.0
endloop
endfacet
facet normal 0.16289547339458607 0.9866433320848794 9.974471004413633e-18
outer loop
vertex 36.98301064665726 2.9009190069314394 7.599999999999994
vertex 37.154105590616865 2.8726711173594026 7.599999999999994
vertex 37.154105590616865 2.8726711173594026 0.0
endloop
endfacet
facet normal 0.09801714032956421 0.9951847266721966 6.001818858308888e-18
outer loop
vertex 37.154105590616865 2.8726711173594026 7.599999999999994
vertex 37.32668170754012 2.8556738534177004 7.599999999999994
vertex 37.32668170754012 2.8556738534177004 0.0
endloop
endfacet
facet normal 0.032719082821776595 0.9994645874763656 2.0034660024362927e-18
outer loop
vertex 37.32668170754012 2.8556738534177004 7.599999999999994
vertex 37.5 2.8499999999999996 7.599999999999994
vertex 37.5 2.8499999999999996 0.0
endloop
endfacet
facet normal -0.03271908282177593 0.9994645874763657 -2.003466002436252e-18
outer loop
vertex 37.5 2.8499999999999996 7.599999999999994
vertex 37.67331829245988 2.8556738534177004 7.599999999999994
vertex 37.67331829245988 2.8556738534177004 0.0
endloop
endfacet
facet normal 0.41270702980439794 0.9108638249211746 2.527101715177836e-17
outer loop
vertex 36.32793497091964 3.123287234938376 7.599999999999994
vertex 36.48588890423251 3.0517192388450898 7.599999999999994
vertex 36.48588890423251 3.0517192388450898 0.0
endloop
endfacet
facet normal -0.09801714032956622 0.9951847266721965 -6.001818858309011e-18
outer loop
vertex 37.67331829245988 2.8556738534177004 7.599999999999994
vertex 37.845894409383135 2.8726711173594026 7.599999999999994
vertex 37.845894409383135 2.8726711173594026 0.0
endloop
endfacet
facet normal -0.16289547339458937 0.986643332084879 -9.974471004413836e-18
outer loop
vertex 37.845894409383135 2.8726711173594026 7.599999999999994
vertex 38.01698935334274 2.9009190069314394 7.599999999999994
vertex 38.01698935334274 2.9009190069314394 0.0
endloop
endfacet
facet normal -0.22707626303436917 0.9738769792773346 -1.3904410934369134e-17
outer loop
vertex 38.01698935334274 2.9009190069314394 7.599999999999994
vertex 38.18587046952168 2.9402965603339695 7.599999999999994
vertex 38.18587046952168 2.9402965603339695 0.0
endloop
endfacet
facet normal -0.290284677254464 0.9569403357322084 -1.777481004206009e-17
outer loop
vertex 38.18587046952168 2.9402965603339695 7.599999999999994
vertex 38.351814583053375 2.9906351568379694 7.599999999999994
vertex 38.351814583053375 2.9906351568379694 0.0
endloop
endfacet
facet normal -0.35225004792122605 0.9359059267573285 -2.1569094684311564e-17
outer loop
vertex 38.351814583053375 2.9906351568379694 7.599999999999994
vertex 38.51411109576749 3.0517192388450898 7.599999999999994
vertex 38.51411109576749 3.0517192388450898 0.0
endloop
endfacet
facet normal -0.41270702980440566 0.910863824921171 -2.5271017151778835e-17
outer loop
vertex 38.51411109576749 3.0517192388450898 7.599999999999994
vertex 38.67206502908035 3.123287234938376 7.599999999999994
vertex 38.67206502908035 3.123287234938376 0.0
endloop
endfacet
facet normal -0.4713967368259851 0.8819212643483619 -2.8864725244122494e-17
outer loop
vertex 38.67206502908035 3.123287234938376 7.599999999999994
vertex 38.825 3.2050326799712376 7.599999999999994
vertex 38.825 3.2050326799712376 0.0
endloop
endfacet
facet normal -0.5280678506503813 0.8492021815265707 -3.23348301515806e-17
outer loop
vertex 38.825 3.2050326799712376 7.599999999999994
vertex 38.972261117501944 3.2966055273982553 7.599999999999994
vertex 38.972261117501944 3.2966055273982553 0.0
endloop
endfacet
facet normal -0.5824776968677997 0.8128466845916169 -3.566647235219366e-17
outer loop
vertex 38.972261117501944 3.2966055273982553 7.599999999999994
vertex 39.11321778687311 3.3976136482282264 7.599999999999994
vertex 39.11321778687311 3.3976136482282264 0.0
endloop
endfacet
facet normal 0.9738769792773319 0.2270762630343808 5.963276627176389e-17
outer loop
vertex 34.90091900693144 4.9830106466572595 7.599999999999994
vertex 34.94029656033397 4.81412953047832 7.599999999999994
vertex 34.94029656033397 4.81412953047832 0.0
endloop
endfacet
facet normal 0.9866433320848801 0.16289547339458274 6.041447992689137e-17
outer loop
vertex 34.8726711173594 5.154105590616863 7.599999999999994
vertex 34.90091900693144 4.9830106466572595 7.599999999999994
vertex 34.90091900693144 4.9830106466572595 0.0
endloop
endfacet
facet normal 0.7298640726978352 0.6835923020228718 4.4691285022102744e-17
outer loop
vertex 35.50762451018071 3.7527335899848175 7.599999999999994
vertex 35.62616702985565 3.626167029855649 7.599999999999994
vertex 35.62616702985565 3.626167029855649 0.0
endloop
endfacet
facet normal 0.7730104533627312 0.6343932841636528 4.7333238870905653e-17
outer loop
vertex 35.39761364822823 3.8867822131268905 7.599999999999994
vertex 35.50762451018071 3.7527335899848175 7.599999999999994
vertex 35.50762451018071 3.7527335899848175 0.0
endloop
endfacet
facet normal 0.6835923020228769 0.7298640726978305 4.185795622970435e-17
outer loop
vertex 35.62616702985565 3.626167029855649 7.599999999999994
vertex 35.752733589984814 3.50762451018071 7.599999999999994
vertex 35.752733589984814 3.50762451018071 0.0
endloop
endfacet
facet normal 0.8492021815265816 0.5280678506503639 5.199863667177389e-17
outer loop
vertex 35.20503267997124 4.175000000000001 7.599999999999994
vertex 35.296605527398256 4.0277388824980545 7.599999999999994
vertex 35.296605527398256 4.0277388824980545 0.0
endloop
endfacet
facet normal 0.8128466845916194 0.5824776968677963 4.977250452413324e-17
outer loop
vertex 35.296605527398256 4.0277388824980545 7.599999999999994
vertex 35.39761364822823 3.8867822131268905 7.599999999999994
vertex 35.39761364822823 3.8867822131268905 0.0
endloop
endfacet
facet normal 0.8819212643483526 0.471396736826002 5.400210267420984e-17
outer loop
vertex 35.123287234938374 4.327934970919646 7.599999999999994
vertex 35.20503267997124 4.175000000000001 7.599999999999994
vertex 35.20503267997124 4.175000000000001 0.0
endloop
endfacet
facet normal 0.9108638249211762 0.412707029804394 5.577432338244168e-17
outer loop
vertex 35.051719238845095 4.485888904232512 7.599999999999994
vertex 35.123287234938374 4.327934970919646 7.599999999999994
vertex 35.123287234938374 4.327934970919646 0.0
endloop
endfacet
facet normal 0.9359059267573249 0.35225004792123615 5.730770987531975e-17
outer loop
vertex 34.99063515683797 4.648185416946621 7.599999999999994
vertex 35.051719238845095 4.485888904232512 7.599999999999994
vertex 35.051719238845095 4.485888904232512 0.0
endloop
endfacet
facet normal 0.9569403357322083 0.29028467725446483 5.859569595647212e-17
outer loop
vertex 34.94029656033397 4.81412953047832 7.599999999999994
vertex 34.99063515683797 4.648185416946621 7.599999999999994
vertex 34.99063515683797 4.648185416946621 0.0
endloop
endfacet
facet normal 0.9951847266721976 0.09801714032955305 6.093748950397202e-17
outer loop
vertex 34.8556738534177 5.326681707540121 7.599999999999994
vertex 34.8726711173594 5.154105590616863 7.599999999999994
vertex 34.8726711173594 5.154105590616863 0.0
endloop
endfacet
facet normal 0.9994645874763656 0.032719082821776595 6.119955539570304e-17
outer loop
vertex 34.85 5.5 7.599999999999994
vertex 34.8556738534177 5.326681707540121 7.599999999999994
vertex 34.8556738534177 5.326681707540121 0.0
endloop
endfacet
facet normal 0.9994645874763656 -0.032719082821776595 6.119955539570304e-17
outer loop
vertex 34.8556738534177 5.673318292459879 7.599999999999994
vertex 34.85 5.5 7.599999999999994
vertex 34.85 5.5 0.0
endloop
endfacet
facet normal 0.9951847266721976 -0.09801714032955305 6.093748950397202e-17
outer loop
vertex 34.8726711173594 5.845894409383137 7.599999999999994
vertex 34.8556738534177 5.673318292459879 7.599999999999994
vertex 34.8556738534177 5.673318292459879 0.0
endloop
endfacet
facet normal 0.9866433320848801 -0.16289547339458274 6.041447992689137e-17
outer loop
vertex 34.90091900693144 6.0169893533427405 7.599999999999994
vertex 34.8726711173594 5.845894409383137 7.599999999999994
vertex 34.8726711173594 5.845894409383137 0.0
endloop
endfacet
facet normal 0.9738769792773319 -0.2270762630343808 5.963276627176389e-17
outer loop
vertex 34.94029656033397 6.18587046952168 7.599999999999994
vertex 34.90091900693144 6.0169893533427405 7.599999999999994
vertex 34.90091900693144 6.0169893533427405 0.0
endloop
endfacet
facet normal 0.9569403357322083 -0.29028467725446483 5.859569595647212e-17
outer loop
vertex 34.99063515683797 6.351814583053379 7.599999999999994
vertex 34.94029656033397 6.18587046952168 7.599999999999994
vertex 34.94029656033397 6.18587046952168 0.0
endloop
endfacet
facet normal 0.9359059267573249 -0.35225004792123615 5.730770987531975e-17
outer loop
vertex 35.051719238845095 6.514111095767488 7.599999999999994
vertex 34.99063515683797 6.351814583053379 7.599999999999994
vertex 34.99063515683797 6.351814583053379 0.0
endloop
endfacet
facet normal 0.9108638249211762 -0.412707029804394 5.577432338244168e-17
outer loop
vertex 35.123287234938374 6.672065029080354 7.599999999999994
vertex 35.051719238845095 6.514111095767488 7.599999999999994
vertex 35.051719238845095 6.514111095767488 0.0
endloop
endfacet
facet normal 0.8819212643483526 -0.471396736826002 5.400210267420984e-17
outer loop
vertex 35.20503267997124 6.824999999999999 7.599999999999994
vertex 35.123287234938374 6.672065029080354 7.599999999999994
vertex 35.123287234938374 6.672065029080354 0.0
endloop
endfacet
facet normal 0.8492021815265816 -0.5280678506503639 5.199863667177389e-17
outer loop
vertex 35.296605527398256 6.9722611175019455 7.599999999999994
vertex 35.20503267997124 6.824999999999999 7.599999999999994
vertex 35.20503267997124 6.824999999999999 0.0
endloop
endfacet
facet normal -0.6343932841636315 0.7730104533627487 -3.884538524257843e-17
outer loop
vertex 39.11321778687311 3.3976136482282264 7.599999999999994
vertex 39.247266410015186 3.50762451018071 7.599999999999994
vertex 39.247266410015186 3.50762451018071 0.0
endloop
endfacet
facet normal -0.6835923020228871 0.7298640726978208 -4.185795622970497e-17
outer loop
vertex 39.247266410015186 3.50762451018071 7.599999999999994
vertex 39.37383297014435 3.626167029855649 7.599999999999994
vertex 39.37383297014435 3.626167029855649 0.0
endloop
endfacet
facet normal -0.7298640726978352 0.6835923020228718 -4.4691285022102744e-17
outer loop
vertex 39.37383297014435 3.626167029855649 7.599999999999994
vertex 39.49237548981929 3.7527335899848175 7.599999999999994
vertex 39.49237548981929 3.7527335899848175 0.0
endloop
endfacet
facet normal -0.7730104533627411 0.6343932841636405 -4.7333238870906264e-17
outer loop
vertex 39.49237548981929 3.7527335899848175 7.599999999999994
vertex 39.60238635177177 3.8867822131268905 7.599999999999994
vertex 39.60238635177177 3.8867822131268905 0.0
endloop
endfacet
facet normal -0.8128466845916097 0.5824776968678099 -4.977250452413265e-17
outer loop
vertex 39.60238635177177 3.8867822131268905 7.599999999999994
vertex 39.703394472601744 4.0277388824980545 7.599999999999994
vertex 39.703394472601744 4.0277388824980545 0.0
endloop
endfacet
facet normal -0.8492021815265816 0.5280678506503639 -5.199863667177389e-17
outer loop
vertex 39.703394472601744 4.0277388824980545 7.599999999999994
vertex 39.79496732002876 4.175000000000001 7.599999999999994
vertex 39.79496732002876 4.175000000000001 0.0
endloop
endfacet
facet normal -0.8819212643483442 0.47139673682601796 -5.4002102674209324e-17
outer loop
vertex 39.79496732002876 4.175000000000001 7.599999999999994
vertex 39.876712765061626 4.327934970919646 7.599999999999994
vertex 39.876712765061626 4.327934970919646 0.0
endloop
endfacet
facet normal -0.9108638249211762 0.412707029804394 -5.577432338244168e-17
outer loop
vertex 39.876712765061626 4.327934970919646 7.599999999999994
vertex 39.94828076115491 4.485888904232512 7.599999999999994
vertex 39.94828076115491 4.485888904232512 0.0
endloop
endfacet
facet normal -0.9359059267573249 0.35225004792123615 -5.730770987531975e-17
outer loop
vertex 39.94828076115491 4.485888904232512 7.599999999999994
vertex 40.00936484316203 4.648185416946621 7.599999999999994
vertex 40.00936484316203 4.648185416946621 0.0
endloop
endfacet
facet normal -0.9569403357322139 0.29028467725444607 -5.859569595647247e-17
outer loop
vertex 40.00936484316203 4.648185416946621 7.599999999999994
vertex 40.05970343966603 4.81412953047832 7.599999999999994
vertex 40.05970343966603 4.81412953047832 0.0
endloop
endfacet
facet normal -0.9738769792773319 0.2270762630343808 -5.963276627176389e-17
outer loop
vertex 40.05970343966603 4.81412953047832 7.599999999999994
vertex 40.09908099306856 4.9830106466572595 7.599999999999994
vertex 40.09908099306856 4.9830106466572595 0.0
endloop
endfacet
facet normal -0.9866433320848801 0.16289547339458274 -6.041447992689137e-17
outer loop
vertex 40.09908099306856 4.9830106466572595 7.599999999999994
vertex 40.1273288826406 5.154105590616863 7.599999999999994
vertex 40.1273288826406 5.154105590616863 0.0
endloop
endfacet
facet normal -0.9951847266721957 0.09801714032957334 -6.09374895039719e-17
outer loop
vertex 40.1273288826406 5.154105590616863 7.599999999999994
vertex 40.1443261465823 5.326681707540121 7.599999999999994
vertex 40.1443261465823 5.326681707540121 0.0
endloop
endfacet
facet normal -0.9994645874763665 0.03271908282175613 -6.11995553957031e-17
outer loop
vertex 40.1443261465823 5.326681707540121 7.599999999999994
vertex 40.15 5.5 7.599999999999994
vertex 40.15 5.5 0.0
endloop
endfacet
facet normal -0.9994645874763665 -0.03271908282175613 -6.11995553957031e-17
outer loop
vertex 40.15 5.5 7.599999999999994
vertex 40.1443261465823 5.673318292459879 7.599999999999994
vertex 40.1443261465823 5.673318292459879 0.0
endloop
endfacet
facet normal -0.9951847266721957 -0.09801714032957334 -6.09374895039719e-17
outer loop
vertex 40.1443261465823 5.673318292459879 7.599999999999994
vertex 40.1273288826406 5.845894409383137 7.599999999999994
vertex 40.1273288826406 5.845894409383137 0.0
endloop
endfacet
facet normal -0.9866433320848801 -0.16289547339458274 -6.041447992689137e-17
outer loop
vertex 40.1273288826406 5.845894409383137 7.599999999999994
vertex 40.09908099306856 6.0169893533427405 7.599999999999994
vertex 40.09908099306856 6.0169893533427405 0.0
endloop
endfacet
facet normal -0.9738769792773319 -0.2270762630343808 -5.963276627176389e-17
outer loop
vertex 40.09908099306856 6.0169893533427405 7.599999999999994
vertex 40.05970343966603 6.18587046952168 7.599999999999994
vertex 40.05970343966603 6.18587046952168 0.0
endloop
endfacet
facet normal -0.9359059267573249 -0.35225004792123615 -5.730770987531975e-17
outer loop
vertex 40.00936484316203 6.351814583053379 7.599999999999994
vertex 39.94828076115491 6.514111095767488 7.599999999999994
vertex 39.94828076115491 6.514111095767488 0.0
endloop
endfacet
facet normal -0.9569403357322139 -0.29028467725444607 -5.859569595647247e-17
outer loop
vertex 40.05970343966603 6.18587046952168 7.599999999999994
vertex 40.00936484316203 6.351814583053379 7.599999999999994
vertex 40.00936484316203 6.351814583053379 0.0
endloop
endfacet
facet normal -0.9108638249211762 -0.412707029804394 -5.577432338244168e-17
outer loop
vertex 39.94828076115491 6.514111095767488 7.599999999999994
vertex 39.876712765061626 6.672065029080354 7.599999999999994
vertex 39.876712765061626 6.672065029080354 0.0
endloop
endfacet
facet normal -0.8819212643483442 -0.47139673682601796 -5.4002102674209324e-17
outer loop
vertex 39.876712765061626 6.672065029080354 7.599999999999994
vertex 39.79496732002876 6.824999999999999 7.599999999999994
vertex 39.79496732002876 6.824999999999999 0.0
endloop
endfacet
facet normal -0.8492021815265816 -0.5280678506503639 -5.199863667177389e-17
outer loop
vertex 39.79496732002876 6.824999999999999 7.599999999999994
vertex 39.703394472601744 6.9722611175019455 7.599999999999994
vertex 39.703394472601744 6.9722611175019455 0.0
endloop
endfacet
facet normal 0.8128466845916194 -0.5824776968677963 4.977250452413324e-17
outer loop
vertex 35.39761364822823 7.1132177868731095 7.599999999999994
vertex 35.296605527398256 6.9722611175019455 7.599999999999994
vertex 35.296605527398256 6.9722611175019455 0.0
endloop
endfacet
facet normal 0.7730104533627312 -0.6343932841636528 4.7333238870905653e-17
outer loop
vertex 35.50762451018071 7.2472664100151825 7.599999999999994
vertex 35.39761364822823 7.1132177868731095 7.599999999999994
vertex 35.39761364822823 7.1132177868731095 0.0
endloop
endfacet
facet normal 0.7298640726978352 -0.6835923020228718 4.4691285022102744e-17
outer loop
vertex 35.62616702985565 7.373832970144351 7.599999999999994
vertex 35.50762451018071 7.2472664100151825 7.599999999999994
vertex 35.50762451018071 7.2472664100151825 0.0
endloop
endfacet
facet normal 0.6835923020228769 -0.7298640726978305 4.185795622970435e-17
outer loop
vertex 35.752733589984814 7.49237548981929 7.599999999999994
vertex 35.62616702985565 7.373832970144351 7.599999999999994
vertex 35.62616702985565 7.373832970144351 0.0
endloop
endfacet
facet normal 0.6343932841636516 -0.773010453362732 3.884538524257966e-17
outer loop
vertex 35.88678221312689 7.602386351771774 7.599999999999994
vertex 35.752733589984814 7.49237548981929 7.599999999999994
vertex 35.752733589984814 7.49237548981929 0.0
endloop
endfacet
facet normal 0.5824776968677963 -0.8128466845916194 3.566647235219345e-17
outer loop
vertex 36.027738882498056 7.703394472601744 7.599999999999994
vertex 35.88678221312689 7.602386351771774 7.599999999999994
vertex 35.88678221312689 7.602386351771774 0.0
endloop
endfacet
facet normal 0.5280678506503667 -0.8492021815265798 3.23348301515797e-17
outer loop
vertex 36.175 7.794967320028762 7.599999999999994
vertex 36.027738882498056 7.703394472601744 7.599999999999994
vertex 36.027738882498056 7.703394472601744 0.0
endloop
endfacet
facet normal 0.471396736826002 -0.8819212643483526 2.886472524412353e-17
outer loop
vertex 36.32793497091964 7.876712765061624 7.599999999999994
vertex 36.175 7.794967320028762 7.599999999999994
vertex 36.175 7.794967320028762 0.0
endloop
endfacet
facet normal 0.41270702980439794 -0.9108638249211746 2.527101715177836e-17
outer loop
vertex 36.48588890423251 7.94828076115491 7.599999999999994
vertex 36.32793497091964 7.876712765061624 7.599999999999994
vertex 36.32793497091964 7.876712765061624 0.0
endloop
endfacet
facet normal 0.35225004792123277 -0.935905926757326 2.1569094684311974e-17
outer loop
vertex 36.64818541694662 8.00936484316203 7.599999999999994
vertex 36.48588890423251 7.94828076115491 7.599999999999994
vertex 36.48588890423251 7.94828076115491 0.0
endloop
endfacet
facet normal 0.29028467725445833 -0.9569403357322103 1.7774810042059743e-17
outer loop
vertex 36.81412953047832 8.05970343966603 7.599999999999994
vertex 36.64818541694662 8.00936484316203 7.599999999999994
vertex 36.64818541694662 8.00936484316203 0.0
endloop
endfacet
facet normal 0.22707626303437853 -0.9738769792773324 1.3904410934369707e-17
outer loop
vertex 36.98301064665726 8.099080993068561 7.599999999999994
vertex 36.81412953047832 8.05970343966603 7.599999999999994
vertex 36.81412953047832 8.05970343966603 0.0
endloop
endfacet
facet normal 0.1628954733945811 -0.9866433320848804 9.974471004413329e-18
outer loop
vertex 37.154105590616865 8.127328882640597 7.599999999999994
vertex 36.98301064665726 8.099080993068561 7.599999999999994
vertex 36.98301064665726 8.099080993068561 0.0
endloop
endfacet
facet normal 0.09801714032956421 -0.9951847266721966 6.001818858308888e-18
outer loop
vertex 37.32668170754012 8.1443261465823 7.599999999999994
vertex 37.154105590616865 8.127328882640597 7.599999999999994
vertex 37.154105590616865 8.127328882640597 0.0
endloop
endfacet
facet normal 0.032719082821776595 -0.9994645874763656 2.0034660024362927e-18
outer loop
vertex 37.5 8.15 7.599999999999994
vertex 37.32668170754012 8.1443261465823 7.599999999999994
vertex 37.32668170754012 8.1443261465823 0.0
endloop
endfacet
facet normal -0.03271908282177593 -0.9994645874763657 -2.003466002436252e-18
outer loop
vertex 37.67331829245988 8.1443261465823 7.599999999999994
vertex 37.5 8.15 7.599999999999994
vertex 37.5 8.15 0.0
endloop
endfacet
facet normal -0.5280678506503851 -0.8492021815265683 -3.233483015158083e-17
outer loop
vertex 38.972261117501944 7.703394472601744 7.599999999999994
vertex 38.825 7.794967320028762 7.599999999999994
vertex 38.825 7.794967320028762 0.0
endloop
endfacet
facet normal -0.8128466845916097 -0.5824776968678099 -4.977250452413265e-17
outer loop
vertex 39.703394472601744 6.9722611175019455 7.599999999999994
vertex 39.60238635177177 7.1132177868731095 7.599999999999994
vertex 39.60238635177177 7.1132177868731095 0.0
endloop
endfacet
facet normal -0.7730104533627411 -0.6343932841636405 -4.7333238870906264e-17
outer loop
vertex 39.60238635177177 7.1132177868731095 7.599999999999994
vertex 39.49237548981929 7.2472664100151825 7.599999999999994
vertex 39.49237548981929 7.2472664100151825 0.0
endloop
endfacet
facet normal -0.7298640726978352 -0.6835923020228718 -4.4691285022102744e-17
outer loop
vertex 39.49237548981929 7.2472664100151825 7.599999999999994
vertex 39.37383297014435 7.373832970144351 7.599999999999994
vertex 39.37383297014435 7.373832970144351 0.0
endloop
endfacet
facet normal -0.6835923020228871 -0.7298640726978208 -4.185795622970497e-17
outer loop
vertex 39.37383297014435 7.373832970144351 7.599999999999994
vertex 39.247266410015186 7.49237548981929 7.599999999999994
vertex 39.247266410015186 7.49237548981929 0.0
endloop
endfacet
facet normal -0.6343932841636315 -0.7730104533627487 -3.884538524257843e-17
outer loop
vertex 39.247266410015186 7.49237548981929 7.599999999999994
vertex 39.11321778687311 7.602386351771774 7.599999999999994
vertex 39.11321778687311 7.602386351771774 0.0
endloop
endfacet
facet normal -0.5824776968677963 -0.8128466845916194 -3.566647235219345e-17
outer loop
vertex 39.11321778687311 7.602386351771774 7.599999999999994
vertex 38.972261117501944 7.703394472601744 7.599999999999994
vertex 38.972261117501944 7.703394472601744 0.0
endloop
endfacet
facet normal -0.09801714032956622 -0.9951847266721965 -6.001818858309011e-18
outer loop
vertex 37.845894409383135 8.127328882640597 7.599999999999994
vertex 37.67331829245988 8.1443261465823 7.599999999999994
vertex 37.67331829245988 8.1443261465823 0.0
endloop
endfacet
facet normal -0.16289547339458435 -0.9866433320848798 -9.974471004413528e-18
outer loop
vertex 38.01698935334274 8.099080993068561 7.599999999999994
vertex 37.845894409383135 8.127328882640597 7.599999999999994
vertex 37.845894409383135 8.127328882640597 0.0
endloop
endfacet
facet normal -0.2270762630343741 -0.9738769792773336 -1.3904410934369433e-17
outer loop
vertex 38.18587046952168 8.05970343966603 7.599999999999994
vertex 38.01698935334274 8.099080993068561 7.599999999999994
vertex 38.01698935334274 8.099080993068561 0.0
endloop
endfacet
facet normal -0.290284677254464 -0.9569403357322084 -1.777481004206009e-17
outer loop
vertex 38.351814583053375 8.00936484316203 7.599999999999994
vertex 38.18587046952168 8.05970343966603 7.599999999999994
vertex 38.18587046952168 8.05970343966603 0.0
endloop
endfacet
facet normal -0.35225004792122605 -0.9359059267573285 -2.1569094684311564e-17
outer loop
vertex 38.51411109576749 7.94828076115491 7.599999999999994
vertex 38.351814583053375 8.00936484316203 7.599999999999994
vertex 38.351814583053375 8.00936484316203 0.0
endloop
endfacet
facet normal -0.41270702980440566 -0.910863824921171 -2.5271017151778835e-17
outer loop
vertex 38.67206502908035 7.876712765061624 7.599999999999994
vertex 38.51411109576749 7.94828076115491 7.599999999999994
vertex 38.51411109576749 7.94828076115491 0.0
endloop
endfacet
facet normal -0.4713967368259851 -0.8819212643483619 -2.8864725244122494e-17
outer loop
vertex 38.825 7.794967320028762 7.599999999999994
vertex 38.67206502908035 7.876712765061624 7.599999999999994
vertex 38.67206502908035 7.876712765061624 0.0
endloop
endfacet
facet normal 0.471396736826002 0.8819212643483526 2.886472524412353e-17
outer loop
vertex 36.175 3.2050326799712376 7.599999999999994
vertex 36.32793497091964 3.123287234938376 0.0
vertex 36.175 3.2050326799712376 0.0
endloop
endfacet
facet normal 0.5824776968677997 0.8128466845916169 3.566647235219366e-17
outer loop
vertex 36.027738882498056 3.2966055273982553 0.0
vertex 35.88678221312689 3.3976136482282264 0.0
vertex 35.88678221312689 3.3976136482282264 7.599999999999994
endloop
endfacet
facet normal 0.528067850650363 0.849202181526582 3.233483015157948e-17
outer loop
vertex 36.175 3.2050326799712376 0.0
vertex 36.027738882498056 3.2966055273982553 0.0
vertex 36.027738882498056 3.2966055273982553 7.599999999999994
endloop
endfacet
facet normal 0.29028467725445833 0.9569403357322103 1.7774810042059743e-17
outer loop
vertex 36.81412953047832 2.9402965603339695 0.0
vertex 36.64818541694662 2.9906351568379694 0.0
vertex 36.64818541694662 2.9906351568379694 7.599999999999994
endloop
endfacet
facet normal 0.22707626303437367 0.9738769792773335 1.3904410934369408e-17
outer loop
vertex 36.81412953047832 2.9402965603339695 7.599999999999994
vertex 36.98301064665726 2.9009190069314394 0.0
vertex 36.81412953047832 2.9402965603339695 0.0
endloop
endfacet
facet normal 0.16289547339458607 0.9866433320848794 9.974471004413633e-18
outer loop
vertex 37.154105590616865 2.8726711173594026 0.0
vertex 36.98301064665726 2.9009190069314394 0.0
vertex 36.98301064665726 2.9009190069314394 7.599999999999994
endloop
endfacet
facet normal 0.09801714032956421 0.9951847266721966 6.001818858308888e-18
outer loop
vertex 37.154105590616865 2.8726711173594026 7.599999999999994
vertex 37.32668170754012 2.8556738534177004 0.0
vertex 37.154105590616865 2.8726711173594026 0.0
endloop
endfacet
facet normal 0.032719082821776595 0.9994645874763656 2.0034660024362927e-18
outer loop
vertex 37.5 2.8499999999999996 0.0
vertex 37.32668170754012 2.8556738534177004 0.0
vertex 37.32668170754012 2.8556738534177004 7.599999999999994
endloop
endfacet
facet normal -0.03271908282177593 0.9994645874763657 -2.003466002436252e-18
outer loop
vertex 37.5 2.8499999999999996 7.599999999999994
vertex 37.67331829245988 2.8556738534177004 0.0
vertex 37.5 2.8499999999999996 0.0
endloop
endfacet
facet normal 0.41270702980439794 0.9108638249211746 2.527101715177836e-17
outer loop
vertex 36.48588890423251 3.0517192388450898 0.0
vertex 36.32793497091964 3.123287234938376 0.0
vertex 36.32793497091964 3.123287234938376 7.599999999999994
endloop
endfacet
facet normal 0.35225004792123277 0.935905926757326 2.1569094684311974e-17
outer loop
vertex 36.48588890423251 3.0517192388450898 7.599999999999994
vertex 36.64818541694662 2.9906351568379694 0.0
vertex 36.48588890423251 3.0517192388450898 0.0
endloop
endfacet
facet normal -0.09801714032956622 0.9951847266721965 -6.001818858309011e-18
outer loop
vertex 37.845894409383135 2.8726711173594026 0.0
vertex 37.67331829245988 2.8556738534177004 0.0
vertex 37.67331829245988 2.8556738534177004 7.599999999999994
endloop
endfacet
facet normal -0.16289547339458937 0.986643332084879 -9.974471004413836e-18
outer loop
vertex 38.01698935334274 2.9009190069314394 0.0
vertex 37.845894409383135 2.8726711173594026 0.0
vertex 37.845894409383135 2.8726711173594026 7.599999999999994
endloop
endfacet
facet normal -0.22707626303436917 0.9738769792773346 -1.3904410934369134e-17
outer loop
vertex 38.18587046952168 2.9402965603339695 0.0
vertex 38.01698935334274 2.9009190069314394 0.0
vertex 38.01698935334274 2.9009190069314394 7.599999999999994
endloop
endfacet
facet normal -0.290284677254464 0.9569403357322084 -1.777481004206009e-17
outer loop
vertex 38.351814583053375 2.9906351568379694 0.0
vertex 38.18587046952168 2.9402965603339695 0.0
vertex 38.18587046952168 2.9402965603339695 7.599999999999994
endloop
endfacet
facet normal -0.35225004792122605 0.9359059267573285 -2.1569094684311564e-17
outer loop
vertex 38.51411109576749 3.0517192388450898 0.0
vertex 38.351814583053375 2.9906351568379694 0.0
vertex 38.351814583053375 2.9906351568379694 7.599999999999994
endloop
endfacet
facet normal -0.41270702980440566 0.910863824921171 -2.5271017151778835e-17
outer loop
vertex 38.67206502908035 3.123287234938376 0.0
vertex 38.51411109576749 3.0517192388450898 0.0
vertex 38.51411109576749 3.0517192388450898 7.599999999999994
endloop
endfacet
facet normal -0.4713967368259851 0.8819212643483619 -2.8864725244122494e-17
outer loop
vertex 38.67206502908035 3.123287234938376 7.599999999999994
vertex 38.825 3.2050326799712376 0.0
vertex 38.67206502908035 3.123287234938376 0.0
endloop
endfacet
facet normal -0.5280678506503813 0.8492021815265707 -3.23348301515806e-17
outer loop
vertex 38.972261117501944 3.2966055273982553 0.0
vertex 38.825 3.2050326799712376 0.0
vertex 38.825 3.2050326799712376 7.599999999999994
endloop
endfacet
facet normal -0.5824776968677997 0.8128466845916169 -3.566647235219366e-17
outer loop
vertex 38.972261117501944 3.2966055273982553 7.599999999999994
vertex 39.11321778687311 3.3976136482282264 0.0
vertex 38.972261117501944 3.2966055273982553 0.0
endloop
endfacet
facet normal -0.6343932841636315 0.7730104533627487 -3.884538524257843e-17
outer loop
vertex 39.247266410015186 3.50762451018071 0.0
vertex 39.11321778687311 3.3976136482282264 0.0
vertex 39.11321778687311 3.3976136482282264 7.599999999999994
endloop
endfacet
facet normal 0.9738769792773319 0.2270762630343808 5.963276627176389e-17
outer loop
vertex 34.94029656033397 4.81412953047832 0.0
vertex 34.90091900693144 4.9830106466572595 0.0
vertex 34.90091900693144 4.9830106466572595 7.599999999999994
endloop
endfacet
facet normal 0.9866433320848801 0.16289547339458274 6.041447992689137e-17
outer loop
vertex 34.8726711173594 5.154105590616863 7.599999999999994
vertex 34.90091900693144 4.9830106466572595 0.0
vertex 34.8726711173594 5.154105590616863 0.0
endloop
endfacet
facet normal 0.7298640726978352 0.6835923020228718 4.4691285022102744e-17
outer loop
vertex 35.62616702985565 3.626167029855649 0.0
vertex 35.50762451018071 3.7527335899848175 0.0
vertex 35.50762451018071 3.7527335899848175 7.599999999999994
endloop
endfacet
facet normal 0.7730104533627312 0.6343932841636528 4.7333238870905653e-17
outer loop
vertex 35.39761364822823 3.8867822131268905 7.599999999999994
vertex 35.50762451018071 3.7527335899848175 0.0
vertex 35.39761364822823 3.8867822131268905 0.0
endloop
endfacet
facet normal 0.6343932841636516 0.773010453362732 3.884538524257966e-17
outer loop
vertex 35.752733589984814 3.50762451018071 7.599999999999994
vertex 35.88678221312689 3.3976136482282264 0.0
vertex 35.752733589984814 3.50762451018071 0.0
endloop
endfacet
facet normal 0.6835923020228769 0.7298640726978305 4.185795622970435e-17
outer loop
vertex 35.752733589984814 3.50762451018071 0.0
vertex 35.62616702985565 3.626167029855649 0.0
vertex 35.62616702985565 3.626167029855649 7.599999999999994
endloop
endfacet
facet normal 0.8128466845916194 0.5824776968677963 4.977250452413324e-17
outer loop
vertex 35.39761364822823 3.8867822131268905 0.0
vertex 35.296605527398256 4.0277388824980545 0.0
vertex 35.296605527398256 4.0277388824980545 7.599999999999994
endloop
endfacet
facet normal 0.8492021815265816 0.5280678506503639 5.199863667177389e-17
outer loop
vertex 35.296605527398256 4.0277388824980545 0.0
vertex 35.20503267997124 4.175000000000001 0.0
vertex 35.20503267997124 4.175000000000001 7.599999999999994
endloop
endfacet
facet normal 0.8819212643483526 0.471396736826002 5.400210267420984e-17
outer loop
vertex 35.123287234938374 4.327934970919646 7.599999999999994
vertex 35.20503267997124 4.175000000000001 0.0
vertex 35.123287234938374 4.327934970919646 0.0
endloop
endfacet
facet normal 0.9108638249211762 0.412707029804394 5.577432338244168e-17
outer loop
vertex 35.123287234938374 4.327934970919646 0.0
vertex 35.051719238845095 4.485888904232512 0.0
vertex 35.051719238845095 4.485888904232512 7.599999999999994
endloop
endfacet
facet normal 0.9359059267573249 0.35225004792123615 5.730770987531975e-17
outer loop
vertex 34.99063515683797 4.648185416946621 7.599999999999994
vertex 35.051719238845095 4.485888904232512 0.0
vertex 34.99063515683797 4.648185416946621 0.0
endloop
endfacet
facet normal 0.9569403357322083 0.29028467725446483 5.859569595647212e-17
outer loop
vertex 34.94029656033397 4.81412953047832 7.599999999999994
vertex 34.99063515683797 4.648185416946621 0.0
vertex 34.94029656033397 4.81412953047832 0.0
endloop
endfacet
facet normal 0.9951847266721976 0.09801714032955305 6.093748950397202e-17
outer loop
vertex 34.8556738534177 5.326681707540121 7.599999999999994
vertex 34.8726711173594 5.154105590616863 0.0
vertex 34.8556738534177 5.326681707540121 0.0
endloop
endfacet
facet normal 0.9994645874763656 0.032719082821776595 6.119955539570304e-17
outer loop
vertex 34.85 5.5 7.599999999999994
vertex 34.8556738534177 5.326681707540121 0.0
vertex 34.85 5.5 0.0
endloop
endfacet
facet normal 0.9994645874763656 -0.032719082821776595 6.119955539570304e-17
outer loop
vertex 34.8556738534177 5.673318292459879 7.599999999999994
vertex 34.85 5.5 0.0
vertex 34.8556738534177 5.673318292459879 0.0
endloop
endfacet
facet normal 0.9951847266721976 -0.09801714032955305 6.093748950397202e-17
outer loop
vertex 34.8726711173594 5.845894409383137 7.599999999999994
vertex 34.8556738534177 5.673318292459879 0.0
vertex 34.8726711173594 5.845894409383137 0.0
endloop
endfacet
facet normal 0.9866433320848801 -0.16289547339458274 6.041447992689137e-17
outer loop
vertex 34.8726711173594 5.845894409383137 0.0
vertex 34.90091900693144 6.0169893533427405 0.0
vertex 34.90091900693144 6.0169893533427405 7.599999999999994
endloop
endfacet
facet normal 0.9738769792773319 -0.2270762630343808 5.963276627176389e-17
outer loop
vertex 34.94029656033397 6.18587046952168 7.599999999999994
vertex 34.90091900693144 6.0169893533427405 0.0
vertex 34.94029656033397 6.18587046952168 0.0
endloop
endfacet
facet normal 0.9569403357322083 -0.29028467725446483 5.859569595647212e-17
outer loop
vertex 34.99063515683797 6.351814583053379 7.599999999999994
vertex 34.94029656033397 6.18587046952168 0.0
vertex 34.99063515683797 6.351814583053379 0.0
endloop
endfacet
facet normal 0.9359059267573249 -0.35225004792123615 5.730770987531975e-17
outer loop
vertex 35.051719238845095 6.514111095767488 7.599999999999994
vertex 34.99063515683797 6.351814583053379 0.0
vertex 35.051719238845095 6.514111095767488 0.0
endloop
endfacet
facet normal 0.9108638249211762 -0.412707029804394 5.577432338244168e-17
outer loop
vertex 35.051719238845095 6.514111095767488 0.0
vertex 35.123287234938374 6.672065029080354 0.0
vertex 35.123287234938374 6.672065029080354 7.599999999999994
endloop
endfacet
facet normal 0.8819212643483526 -0.471396736826002 5.400210267420984e-17
outer loop
vertex 35.123287234938374 6.672065029080354 0.0
vertex 35.20503267997124 6.824999999999999 0.0
vertex 35.20503267997124 6.824999999999999 7.599999999999994
endloop
endfacet
facet normal 0.8492021815265816 -0.5280678506503639 5.199863667177389e-17
outer loop
vertex 35.296605527398256 6.9722611175019455 7.599999999999994
vertex 35.20503267997124 6.824999999999999 0.0
vertex 35.296605527398256 6.9722611175019455 0.0
endloop
endfacet
facet normal -0.6835923020228871 0.7298640726978208 -4.185795622970497e-17
outer loop
vertex 39.37383297014435 3.626167029855649 0.0
vertex 39.247266410015186 3.50762451018071 0.0
vertex 39.247266410015186 3.50762451018071 7.599999999999994
endloop
endfacet
facet normal -0.7298640726978352 0.6835923020228718 -4.4691285022102744e-17
outer loop
vertex 39.37383297014435 3.626167029855649 7.599999999999994
vertex 39.49237548981929 3.7527335899848175 0.0
vertex 39.37383297014435 3.626167029855649 0.0
endloop
endfacet
facet normal -0.7730104533627411 0.6343932841636405 -4.7333238870906264e-17
outer loop
vertex 39.60238635177177 3.8867822131268905 0.0
vertex 39.49237548981929 3.7527335899848175 0.0
vertex 39.49237548981929 3.7527335899848175 7.599999999999994
endloop
endfacet
facet normal -0.8128466845916097 0.5824776968678099 -4.977250452413265e-17
outer loop
vertex 39.703394472601744 4.0277388824980545 0.0
vertex 39.60238635177177 3.8867822131268905 0.0
vertex 39.60238635177177 3.8867822131268905 7.599999999999994
endloop
endfacet
facet normal -0.8492021815265816 0.5280678506503639 -5.199863667177389e-17
outer loop
vertex 39.703394472601744 4.0277388824980545 7.599999999999994
vertex 39.79496732002876 4.175000000000001 0.0
vertex 39.703394472601744 4.0277388824980545 0.0
endloop
endfacet
facet normal -0.8819212643483442 0.47139673682601796 -5.4002102674209324e-17
outer loop
vertex 39.876712765061626 4.327934970919646 0.0
vertex 39.79496732002876 4.175000000000001 0.0
vertex 39.79496732002876 4.175000000000001 7.599999999999994
endloop
endfacet
facet normal -0.9108638249211762 0.412707029804394 -5.577432338244168e-17
outer loop
vertex 39.94828076115491 4.485888904232512 0.0
vertex 39.876712765061626 4.327934970919646 0.0
vertex 39.876712765061626 4.327934970919646 7.599999999999994
endloop
endfacet
facet normal -0.9359059267573249 0.35225004792123615 -5.730770987531975e-17
outer loop
vertex 39.94828076115491 4.485888904232512 7.599999999999994
vertex 40.00936484316203 4.648185416946621 0.0
vertex 39.94828076115491 4.485888904232512 0.0
endloop
endfacet
facet normal -0.9569403357322139 0.29028467725444607 -5.859569595647247e-17
outer loop
vertex 40.00936484316203 4.648185416946621 7.599999999999994
vertex 40.05970343966603 4.81412953047832 0.0
vertex 40.00936484316203 4.648185416946621 0.0
endloop
endfacet
facet normal -0.9738769792773319 0.2270762630343808 -5.963276627176389e-17
outer loop
vertex 40.05970343966603 4.81412953047832 7.599999999999994
vertex 40.09908099306856 4.9830106466572595 0.0
vertex 40.05970343966603 4.81412953047832 0.0
endloop
endfacet
facet normal -0.9866433320848801 0.16289547339458274 -6.041447992689137e-17
outer loop
vertex 40.1273288826406 5.154105590616863 0.0
vertex 40.09908099306856 4.9830106466572595 0.0
vertex 40.09908099306856 4.9830106466572595 7.599999999999994
endloop
endfacet
facet normal -0.9951847266721957 0.09801714032957334 -6.09374895039719e-17
outer loop
vertex 40.1273288826406 5.154105590616863 7.599999999999994
vertex 40.1443261465823 5.326681707540121 0.0
vertex 40.1273288826406 5.154105590616863 0.0
endloop
endfacet
facet normal -0.9994645874763665 0.03271908282175613 -6.11995553957031e-17
outer loop
vertex 40.1443261465823 5.326681707540121 7.599999999999994
vertex 40.15 5.5 0.0
vertex 40.1443261465823 5.326681707540121 0.0
endloop
endfacet
facet normal -0.9994645874763665 -0.03271908282175613 -6.11995553957031e-17
outer loop
vertex 40.15 5.5 7.599999999999994
vertex 40.1443261465823 5.673318292459879 0.0
vertex 40.15 5.5 0.0
endloop
endfacet
facet normal -0.9951847266721957 -0.09801714032957334 -6.09374895039719e-17
outer loop
vertex 40.1443261465823 5.673318292459879 7.599999999999994
vertex 40.1273288826406 5.845894409383137 0.0
vertex 40.1443261465823 5.673318292459879 0.0
endloop
endfacet
facet normal -0.9866433320848801 -0.16289547339458274 -6.041447992689137e-17
outer loop
vertex 40.1273288826406 5.845894409383137 7.599999999999994
vertex 40.09908099306856 6.0169893533427405 0.0
vertex 40.1273288826406 5.845894409383137 0.0
endloop
endfacet
facet normal -0.9738769792773319 -0.2270762630343808 -5.963276627176389e-17
outer loop
vertex 40.05970343966603 6.18587046952168 0.0
vertex 40.09908099306856 6.0169893533427405 0.0
vertex 40.09908099306856 6.0169893533427405 7.599999999999994
endloop
endfacet
facet normal -0.9569403357322139 -0.29028467725444607 -5.859569595647247e-17
outer loop
vertex 40.05970343966603 6.18587046952168 7.599999999999994
vertex 40.00936484316203 6.351814583053379 0.0
vertex 40.05970343966603 6.18587046952168 0.0
endloop
endfacet
facet normal -0.9359059267573249 -0.35225004792123615 -5.730770987531975e-17
outer loop
vertex 40.00936484316203 6.351814583053379 7.599999999999994
vertex 39.94828076115491 6.514111095767488 0.0
vertex 40.00936484316203 6.351814583053379 0.0
endloop
endfacet
facet normal -0.9108638249211762 -0.412707029804394 -5.577432338244168e-17
outer loop
vertex 39.876712765061626 6.672065029080354 0.0
vertex 39.94828076115491 6.514111095767488 0.0
vertex 39.94828076115491 6.514111095767488 7.599999999999994
endloop
endfacet
facet normal -0.8819212643483442 -0.47139673682601796 -5.4002102674209324e-17
outer loop
vertex 39.876712765061626 6.672065029080354 7.599999999999994
vertex 39.79496732002876 6.824999999999999 0.0
vertex 39.876712765061626 6.672065029080354 0.0
endloop
endfacet
facet normal -0.8492021815265816 -0.5280678506503639 -5.199863667177389e-17
outer loop
vertex 39.703394472601744 6.9722611175019455 0.0
vertex 39.79496732002876 6.824999999999999 0.0
vertex 39.79496732002876 6.824999999999999 7.599999999999994
endloop
endfacet
facet normal 0.8128466845916194 -0.5824776968677963 4.977250452413324e-17
outer loop
vertex 35.296605527398256 6.9722611175019455 0.0
vertex 35.39761364822823 7.1132177868731095 0.0
vertex 35.39761364822823 7.1132177868731095 7.599999999999994
endloop
endfacet
facet normal 0.7730104533627312 -0.6343932841636528 4.7333238870905653e-17
outer loop
vertex 35.39761364822823 7.1132177868731095 0.0
vertex 35.50762451018071 7.2472664100151825 0.0
vertex 35.50762451018071 7.2472664100151825 7.599999999999994
endloop
endfacet
facet normal 0.7298640726978352 -0.6835923020228718 4.4691285022102744e-17
outer loop
vertex 35.62616702985565 7.373832970144351 7.599999999999994
vertex 35.50762451018071 7.2472664100151825 0.0
vertex 35.62616702985565 7.373832970144351 0.0
endloop
endfacet
facet normal 0.6835923020228769 -0.7298640726978305 4.185795622970435e-17
outer loop
vertex 35.62616702985565 7.373832970144351 0.0
vertex 35.752733589984814 7.49237548981929 0.0
vertex 35.752733589984814 7.49237548981929 7.599999999999994
endloop
endfacet
facet normal 0.6343932841636516 -0.773010453362732 3.884538524257966e-17
outer loop
vertex 35.752733589984814 7.49237548981929 0.0
vertex 35.88678221312689 7.602386351771774 0.0
vertex 35.88678221312689 7.602386351771774 7.599999999999994
endloop
endfacet
facet normal 0.5824776968677963 -0.8128466845916194 3.566647235219345e-17
outer loop
vertex 36.027738882498056 7.703394472601744 7.599999999999994
vertex 35.88678221312689 7.602386351771774 0.0
vertex 36.027738882498056 7.703394472601744 0.0
endloop
endfacet
facet normal 0.5280678506503667 -0.8492021815265798 3.23348301515797e-17
outer loop
vertex 36.027738882498056 7.703394472601744 0.0
vertex 36.175 7.794967320028762 0.0
vertex 36.175 7.794967320028762 7.599999999999994
endloop
endfacet
facet normal 0.471396736826002 -0.8819212643483526 2.886472524412353e-17
outer loop
vertex 36.32793497091964 7.876712765061624 7.599999999999994
vertex 36.175 7.794967320028762 0.0
vertex 36.32793497091964 7.876712765061624 0.0
endloop
endfacet
facet normal 0.41270702980439794 -0.9108638249211746 2.527101715177836e-17
outer loop
vertex 36.32793497091964 7.876712765061624 0.0
vertex 36.48588890423251 7.94828076115491 0.0
vertex 36.48588890423251 7.94828076115491 7.599999999999994
endloop
endfacet
facet normal 0.35225004792123277 -0.935905926757326 2.1569094684311974e-17
outer loop
vertex 36.48588890423251 7.94828076115491 0.0
vertex 36.64818541694662 8.00936484316203 0.0
vertex 36.64818541694662 8.00936484316203 7.599999999999994
endloop
endfacet
facet normal 0.29028467725445833 -0.9569403357322103 1.7774810042059743e-17
outer loop
vertex 36.64818541694662 8.00936484316203 0.0
vertex 36.81412953047832 8.05970343966603 0.0
vertex 36.81412953047832 8.05970343966603 7.599999999999994
endloop
endfacet
facet normal 0.22707626303437853 -0.9738769792773324 1.3904410934369707e-17
outer loop
vertex 36.81412953047832 8.05970343966603 0.0
vertex 36.98301064665726 8.099080993068561 0.0
vertex 36.98301064665726 8.099080993068561 7.599999999999994
endloop
endfacet
facet normal 0.1628954733945811 -0.9866433320848804 9.974471004413329e-18
outer loop
vertex 36.98301064665726 8.099080993068561 0.0
vertex 37.154105590616865 8.127328882640597 0.0
vertex 37.154105590616865 8.127328882640597 7.599999999999994
endloop
endfacet
facet normal 0.09801714032956421 -0.9951847266721966 6.001818858308888e-18
outer loop
vertex 37.154105590616865 8.127328882640597 0.0
vertex 37.32668170754012 8.1443261465823 0.0
vertex 37.32668170754012 8.1443261465823 7.599999999999994
endloop
endfacet
facet normal 0.032719082821776595 -0.9994645874763656 2.0034660024362927e-18
outer loop
vertex 37.5 8.15 7.599999999999994
vertex 37.32668170754012 8.1443261465823 0.0
vertex 37.5 8.15 0.0
endloop
endfacet
facet normal -0.03271908282177593 -0.9994645874763657 -2.003466002436252e-18
outer loop
vertex 37.5 8.15 0.0
vertex 37.67331829245988 8.1443261465823 0.0
vertex 37.67331829245988 8.1443261465823 7.599999999999994
endloop
endfacet
facet normal -0.5280678506503851 -0.8492021815265683 -3.233483015158083e-17
outer loop
vertex 38.825 7.794967320028762 0.0
vertex 38.972261117501944 7.703394472601744 0.0
vertex 38.972261117501944 7.703394472601744 7.599999999999994
endloop
endfacet
facet normal -0.7730104533627411 -0.6343932841636405 -4.7333238870906264e-17
outer loop
vertex 39.60238635177177 7.1132177868731095 7.599999999999994
vertex 39.49237548981929 7.2472664100151825 0.0
vertex 39.60238635177177 7.1132177868731095 0.0
endloop
endfacet
facet normal -0.7298640726978352 -0.6835923020228718 -4.4691285022102744e-17
outer loop
vertex 39.37383297014435 7.373832970144351 0.0
vertex 39.49237548981929 7.2472664100151825 0.0
vertex 39.49237548981929 7.2472664100151825 7.599999999999994
endloop
endfacet
facet normal -0.8128466845916097 -0.5824776968678099 -4.977250452413265e-17
outer loop
vertex 39.60238635177177 7.1132177868731095 0.0
vertex 39.703394472601744 6.9722611175019455 0.0
vertex 39.703394472601744 6.9722611175019455 7.599999999999994
endloop
endfacet
facet normal -0.6343932841636315 -0.7730104533627487 -3.884538524257843e-17
outer loop
vertex 39.247266410015186 7.49237548981929 7.599999999999994
vertex 39.11321778687311 7.602386351771774 0.0
vertex 39.247266410015186 7.49237548981929 0.0
endloop
endfacet
facet normal -0.6835923020228871 -0.7298640726978208 -4.185795622970497e-17
outer loop
vertex 39.247266410015186 7.49237548981929 0.0
vertex 39.37383297014435 7.373832970144351 0.0
vertex 39.37383297014435 7.373832970144351 7.599999999999994
endloop
endfacet
facet normal -0.5824776968677963 -0.8128466845916194 -3.566647235219345e-17
outer loop
vertex 38.972261117501944 7.703394472601744 0.0
vertex 39.11321778687311 7.602386351771774 0.0
vertex 39.11321778687311 7.602386351771774 7.599999999999994
endloop
endfacet
facet normal -0.16289547339458435 -0.9866433320848798 -9.974471004413528e-18
outer loop
vertex 37.845894409383135 8.127328882640597 0.0
vertex 38.01698935334274 8.099080993068561 0.0
vertex 38.01698935334274 8.099080993068561 7.599999999999994
endloop
endfacet
facet normal -0.09801714032956622 -0.9951847266721965 -6.001818858309011e-18
outer loop
vertex 37.845894409383135 8.127328882640597 7.599999999999994
vertex 37.67331829245988 8.1443261465823 0.0
vertex 37.845894409383135 8.127328882640597 0.0
endloop
endfacet
facet normal -0.290284677254464 -0.9569403357322084 -1.777481004206009e-17
outer loop
vertex 38.18587046952168 8.05970343966603 0.0
vertex 38.351814583053375 8.00936484316203 0.0
vertex 38.351814583053375 8.00936484316203 7.599999999999994
endloop
endfacet
facet normal -0.2270762630343741 -0.9738769792773336 -1.3904410934369433e-17
outer loop
vertex 38.18587046952168 8.05970343966603 7.599999999999994
vertex 38.01698935334274 8.099080993068561 0.0
vertex 38.18587046952168 8.05970343966603 0.0
endloop
endfacet
facet normal -0.35225004792122605 -0.9359059267573285 -2.1569094684311564e-17
outer loop
vertex 38.51411109576749 7.94828076115491 7.599999999999994
vertex 38.351814583053375 8.00936484316203 0.0
vertex 38.51411109576749 7.94828076115491 0.0
endloop
endfacet
facet normal -0.41270702980440566 -0.910863824921171 -2.5271017151778835e-17
outer loop
vertex 38.51411109576749 7.94828076115491 0.0
vertex 38.67206502908035 7.876712765061624 0.0
vertex 38.67206502908035 7.876712765061624 7.599999999999994
endloop
endfacet
facet normal -0.4713967368259851 -0.8819212643483619 -2.8864725244122494e-17
outer loop
vertex 38.825 7.794967320028762 7.599999999999994
vertex 38.67206502908035 7.876712765061624 0.0
vertex 38.825 7.794967320028762 0.0
endloop
endfacet
facet normal 0.0 1.0 0.0
outer loop
vertex 5.012274194959679 20.0 6.251963201008067
vertex 5.173684519449871 20.0 6.278612153434523
vertex 5.826315480550129 20.0 6.278612153434523
endloop
endfacet
facet normal 0.0 1.0 0.0
outer loop
vertex 5.012274194959679 20.0 6.251963201008067
vertex 5.987725805040321 20.0 6.251963201008067
vertex 4.852952387243699 20.0 6.214814565722662
endloop
endfacet
facet normal 0.0 1.0 0.0
outer loop
vertex 4.852952387243699 20.0 6.214814565722662
vertex 6.147047612756301 20.0 6.214814565722662
vertex 4.696401336742096 20.0 6.1673253237377565
endloop
endfacet
facet normal 0.0 1.0 0.0
outer loop
vertex 4.543291419087275 20.0 6.109698831278209
vertex 4.696401336742096 20.0 6.1673253237377565
vertex 6.303598663257904 20.0 6.1673253237377565
endloop
endfacet
facet normal 0.0 1.0 0.0
outer loop
vertex 4.543291419087275 20.0 6.109698831278209
vertex 6.456708580912725 20.0 6.109698831278209
vertex 4.394278274452496 20.0 6.042181853831721
endloop
endfacet
facet normal 0.0 1.0 0.0
outer loop
vertex 4.394278274452496 20.0 6.042181853831721
vertex 6.605721725547504 20.0 6.042181853831721
vertex 4.25 20.0 5.965063509461089
endloop
endfacet
facet normal 0.0 1.0 0.0
outer loop
vertex 4.25 20.0 5.965063509461089
vertex 6.75 20.0 5.965063509461089
vertex 4.111074417450995 20.0 5.878674030756358
endloop
endfacet
facet normal 0.0 1.0 0.0
outer loop
vertex 4.111074417450995 20.0 5.878674030756358
vertex 6.888925582549005 20.0 5.878674030756358
vertex 3.9780964274781985 20.0 5.783383350728087
endloop
endfacet
facet normal 0.0 1.0 0.0
outer loop
vertex 3.9780964274781985 20.0 5.783383350728087
vertex 7.0219035725218015 20.0 5.783383350728087
vertex 3.8516354622498277 20.0 5.679599518697444
endloop
endfacet
facet normal 0.0 1.0 0.0
outer loop
vertex 5.5 20.0 6.299999999999997
vertex 5.663507823075357 20.0 6.294647308096501
vertex 5.336492176924643 20.0 6.294647308096501
endloop
endfacet
facet normal 0.0 1.0 0.0
outer loop
vertex 5.173684519449871 20.0 6.278612153434523
vertex 5.336492176924643 20.0 6.294647308096501
vertex 5.663507823075357 20.0 6.294647308096501
endloop
endfacet
facet normal 0.0 1.0 0.0
outer loop
vertex 5.173684519449871 20.0 6.278612153434523
vertex 5.663507823075357 20.0 6.294647308096501
vertex 5.826315480550129 20.0 6.278612153434523
endloop
endfacet
facet normal 0.0 1.0 0.0
outer loop
vertex 5.012274194959679 20.0 6.251963201008067
vertex 5.826315480550129 20.0 6.278612153434523
vertex 5.987725805040321 20.0 6.251963201008067
endloop
endfacet
facet normal 0.0 1.0 0.0
outer loop
vertex 5.987725805040321 20.0 6.251963201008067
vertex 6.147047612756301 20.0 6.214814565722662
vertex 4.852952387243699 20.0 6.214814565722662
endloop
endfacet
facet normal 0.0 1.0 0.0
outer loop
vertex 4.696401336742096 20.0 6.1673253237377565
vertex 6.147047612756301 20.0 6.214814565722662
vertex 6.303598663257904 20.0 6.1673253237377565
endloop
endfacet
facet normal 0.0 1.0 0.0
outer loop
vertex 4.543291419087275 20.0 6.109698831278209
vertex 6.303598663257904 20.0 6.1673253237377565
vertex 6.456708580912725 20.0 6.109698831278209
endloop
endfacet
facet normal 0.0 1.0 0.0
outer loop
vertex 4.394278274452496 20.0 6.042181853831721
vertex 6.456708580912725 20.0 6.109698831278209
vertex 6.605721725547504 20.0 6.042181853831721
endloop
endfacet
facet normal 0.0 1.0 0.0
outer loop
vertex 4.25 20.0 5.965063509461089
vertex 6.605721725547504 20.0 6.042181853831721
vertex 6.75 20.0 5.965063509461089
endloop
endfacet
facet normal 0.0 1.0 0.0
outer loop
vertex 4.111074417450995 20.0 5.878674030756358
vertex 6.75 20.0 5.965063509461089
vertex 6.888925582549005 20.0 5.878674030756358
endloop
endfacet
facet normal 0.0 1.0 0.0
outer loop
vertex 3.9780964274781985 20.0 5.783383350728087
vertex 6.888925582549005 20.0 5.878674030756358
vertex 7.0219035725218015 20.0 5.783383350728087
endloop
endfacet
facet normal 0.0 1.0 0.0
outer loop
vertex 7.0219035725218015 20.0 5.783383350728087
vertex 7.148364537750172 20.0 5.679599518697444
vertex 3.8516354622498277 20.0 5.679599518697444
endloop
endfacet
facet normal 0.09801714032953147 0.0 -0.9951847266721998
outer loop
vertex 5.173684519449871 20.0 6.278612153434523
vertex 5.173684519449871 27.0 6.278612153434523
vertex 5.336492176924643 20.0 6.294647308096501
endloop
endfacet
facet normal 0.16289547339462335 0.0 -0.9866433320848733
outer loop
vertex 5.012274194959679 20.0 6.251963201008067
vertex 5.012274194959679 27.0 6.251963201008067
vertex 5.173684519449871 20.0 6.278612153434523
endloop
endfacet
facet normal 0.22707626303437037 0.0 -0.9738769792773344
outer loop
vertex 5.012274194959679 20.0 6.251963201008067
vertex 4.852952387243699 20.0 6.214814565722662
vertex 4.852952387243699 27.0 6.214814565722662
endloop
endfacet
facet normal 0.2902846772544567 0.0 -0.9569403357322106
outer loop
vertex 4.852952387243699 20.0 6.214814565722662
vertex 4.696401336742096 20.0 6.1673253237377565
vertex 4.696401336742096 27.0 6.1673253237377565
endloop
endfacet
facet normal 0.35225004792123615 0.0 -0.9359059267573249
outer loop
vertex 4.543291419087275 20.0 6.109698831278209
vertex 4.543291419087275 27.0 6.109698831278209
vertex 4.696401336742096 20.0 6.1673253237377565
endloop
endfacet
facet normal 0.41270702980435164 0.0 -0.9108638249211956
outer loop
vertex 4.543291419087275 20.0 6.109698831278209
vertex 4.394278274452496 20.0 6.042181853831721
vertex 4.394278274452496 27.0 6.042181853831721
endloop
endfacet
facet normal 0.4713967368260363 0.0 -0.8819212643483346
outer loop
vertex 4.394278274452496 20.0 6.042181853831721
vertex 4.25 20.0 5.965063509461089
vertex 4.25 27.0 5.965063509461089
endloop
endfacet
facet normal 0.582477696867783 0.0 -0.812846684591629
outer loop
vertex 4.111074417450995 20.0 5.878674030756358
vertex 3.9780964274781985 20.0 5.783383350728087
vertex 3.9780964274781985 27.0 5.783383350728087
endloop
endfacet
facet normal 0.6343932841636419 0.0 -0.7730104533627399
outer loop
vertex 3.9780964274781985 20.0 5.783383350728087
vertex 3.8516354622498277 20.0 5.679599518697444
vertex 3.8516354622498277 27.0 5.679599518697444
endloop
endfacet
facet normal 0.5280678506503587 0.0 -0.8492021815265848
outer loop
vertex 4.25 20.0 5.965063509461089
vertex 4.111074417450995 20.0 5.878674030756358
vertex 4.111074417450995 27.0 5.878674030756358
endloop
endfacet
facet normal 0.03271908282180849 0.0 -0.9994645874763646
outer loop
vertex 5.5 20.0 6.299999999999997
vertex 5.336492176924643 20.0 6.294647308096501
vertex 5.336492176924643 27.0 6.294647308096501
endloop
endfacet
facet normal -0.03271908282180837 0.0 -0.9994645874763646
outer loop
vertex 5.5 20.0 6.299999999999997
vertex 5.5 27.0 6.299999999999997
vertex 5.663507823075357 20.0 6.294647308096501
endloop
endfacet
facet normal -0.09801714032953136 0.0 -0.9951847266721998
outer loop
vertex 5.663507823075357 20.0 6.294647308096501
vertex 5.663507823075357 27.0 6.294647308096501
vertex 5.826315480550129 20.0 6.278612153434523
endloop
endfacet
facet normal -0.16289547339462324 0.0 -0.9866433320848733
outer loop
vertex 5.826315480550129 20.0 6.278612153434523
vertex 5.826315480550129 27.0 6.278612153434523
vertex 5.987725805040321 20.0 6.251963201008067
endloop
endfacet
facet normal -0.22707626303437026 0.0 -0.9738769792773344
outer loop
vertex 5.987725805040321 20.0 6.251963201008067
vertex 5.987725805040321 27.0 6.251963201008067
vertex 6.147047612756301 20.0 6.214814565722662
endloop
endfacet
facet normal -0.29028467725445667 0.0 -0.9569403357322108
outer loop
vertex 6.147047612756301 20.0 6.214814565722662
vertex 6.147047612756301 27.0 6.214814565722662
vertex 6.303598663257904 20.0 6.1673253237377565
endloop
endfacet
facet normal -0.35225004792123604 0.0 -0.9359059267573249
outer loop
vertex 6.303598663257904 20.0 6.1673253237377565
vertex 6.303598663257904 27.0 6.1673253237377565
vertex 6.456708580912725 20.0 6.109698831278209
endloop
endfacet
facet normal -0.41270702980435153 0.0 -0.9108638249211956
outer loop
vertex 6.456708580912725 20.0 6.109698831278209
vertex 6.456708580912725 27.0 6.109698831278209
vertex 6.605721725547504 20.0 6.042181853831721
endloop
endfacet
facet normal -0.47139673682603617 0.0 -0.8819212643483346
outer loop
vertex 6.605721725547504 20.0 6.042181853831721
vertex 6.605721725547504 27.0 6.042181853831721
vertex 6.75 20.0 5.965063509461089
endloop
endfacet
facet normal -0.5280678506503587 0.0 -0.8492021815265848
outer loop
vertex 6.75 20.0 5.965063509461089
vertex 6.75 27.0 5.965063509461089
vertex 6.888925582549005 20.0 5.878674030756358
endloop
endfacet
facet normal -0.582477696867783 0.0 -0.812846684591629
outer loop
vertex 6.888925582549005 20.0 5.878674030756358
vertex 6.888925582549005 27.0 5.878674030756358
vertex 7.0219035725218015 20.0 5.783383350728087
endloop
endfacet
facet normal -0.6343932841636419 0.0 -0.7730104533627399
outer loop
vertex 7.0219035725218015 20.0 5.783383350728087
vertex 7.0219035725218015 27.0 5.783383350728087
vertex 7.148364537750172 20.0 5.679599518697444
endloop
endfacet
facet normal 0.22707626303437037 0.0 -0.9738769792773344
outer loop
vertex 5.012274194959679 20.0 6.251963201008067
vertex 4.852952387243699 27.0 6.214814565722662
vertex 5.012274194959679 27.0 6.251963201008067
endloop
endfacet
facet normal 0.16289547339462335 0.0 -0.9866433320848733
outer loop
vertex 5.173684519449871 20.0 6.278612153434523
vertex 5.012274194959679 27.0 6.251963201008067
vertex 5.173684519449871 27.0 6.278612153434523
endloop
endfacet
facet normal 0.09801714032953147 0.0 -0.9951847266721998
outer loop
vertex 5.336492176924643 20.0 6.294647308096501
vertex 5.173684519449871 27.0 6.278612153434523
vertex 5.336492176924643 27.0 6.294647308096501
endloop
endfacet
facet normal 0.2902846772544567 0.0 -0.9569403357322106
outer loop
vertex 4.852952387243699 20.0 6.214814565722662
vertex 4.696401336742096 27.0 6.1673253237377565
vertex 4.852952387243699 27.0 6.214814565722662
endloop
endfacet
facet normal 0.35225004792123615 0.0 -0.9359059267573249
outer loop
vertex 4.696401336742096 20.0 6.1673253237377565
vertex 4.543291419087275 27.0 6.109698831278209
vertex 4.696401336742096 27.0 6.1673253237377565
endloop
endfacet
facet normal 0.41270702980435164 0.0 -0.9108638249211956
outer loop
vertex 4.543291419087275 20.0 6.109698831278209
vertex 4.394278274452496 27.0 6.042181853831721
vertex 4.543291419087275 27.0 6.109698831278209
endloop
endfacet
facet normal 0.4713967368260363 0.0 -0.8819212643483346
outer loop
vertex 4.394278274452496 20.0 6.042181853831721
vertex 4.25 27.0 5.965063509461089
vertex 4.394278274452496 27.0 6.042181853831721
endloop
endfacet
facet normal 0.6343932841636419 0.0 -0.7730104533627399
outer loop
vertex 3.9780964274781985 20.0 5.783383350728087
vertex 3.8516354622498277 27.0 5.679599518697444
vertex 3.9780964274781985 27.0 5.783383350728087
endloop
endfacet
facet normal 0.5280678506503587 0.0 -0.8492021815265848
outer loop
vertex 4.25 20.0 5.965063509461089
vertex 4.111074417450995 27.0 5.878674030756358
vertex 4.25 27.0 5.965063509461089
endloop
endfacet
facet normal 0.582477696867783 0.0 -0.812846684591629
outer loop
vertex 4.111074417450995 20.0 5.878674030756358
vertex 3.9780964274781985 27.0 5.783383350728087
vertex 4.111074417450995 27.0 5.878674030756358
endloop
endfacet
facet normal 0.03271908282180849 0.0 -0.9994645874763646
outer loop
vertex 5.5 20.0 6.299999999999997
vertex 5.336492176924643 27.0 6.294647308096501
vertex 5.5 27.0 6.299999999999997
endloop
endfacet
facet normal -0.03271908282180837 0.0 -0.9994645874763646
outer loop
vertex 5.663507823075357 20.0 6.294647308096501
vertex 5.5 27.0 6.299999999999997
vertex 5.663507823075357 27.0 6.294647308096501
endloop
endfacet
facet normal -0.09801714032953136 0.0 -0.9951847266721998
outer loop
vertex 5.826315480550129 20.0 6.278612153434523
vertex 5.663507823075357 27.0 6.294647308096501
vertex 5.826315480550129 27.0 6.278612153434523
endloop
endfacet
facet normal -0.16289547339462324 0.0 -0.9866433320848733
outer loop
vertex 5.987725805040321 20.0 6.251963201008067
vertex 5.826315480550129 27.0 6.278612153434523
vertex 5.987725805040321 27.0 6.251963201008067
endloop
endfacet
facet normal -0.22707626303437026 0.0 -0.9738769792773344
outer loop
vertex 6.147047612756301 20.0 6.214814565722662
vertex 5.987725805040321 27.0 6.251963201008067
vertex 6.147047612756301 27.0 6.214814565722662
endloop
endfacet
facet normal -0.29028467725445667 0.0 -0.9569403357322108
outer loop
vertex 6.303598663257904 20.0 6.1673253237377565
vertex 6.147047612756301 27.0 6.214814565722662
vertex 6.303598663257904 27.0 6.1673253237377565
endloop
endfacet
facet normal -0.35225004792123604 0.0 -0.9359059267573249
outer loop
vertex 6.456708580912725 20.0 6.109698831278209
vertex 6.303598663257904 27.0 6.1673253237377565
vertex 6.456708580912725 27.0 6.109698831278209
endloop
endfacet
facet normal -0.41270702980435153 0.0 -0.9108638249211956
outer loop
vertex 6.605721725547504 20.0 6.042181853831721
vertex 6.456708580912725 27.0 6.109698831278209
vertex 6.605721725547504 27.0 6.042181853831721
endloop
endfacet
facet normal -0.47139673682603617 0.0 -0.8819212643483346
outer loop
vertex 6.75 20.0 5.965063509461089
vertex 6.605721725547504 27.0 6.042181853831721
vertex 6.75 27.0 5.965063509461089
endloop
endfacet
facet normal -0.5280678506503587 0.0 -0.8492021815265848
outer loop
vertex 6.888925582549005 20.0 5.878674030756358
vertex 6.75 27.0 5.965063509461089
vertex 6.888925582549005 27.0 5.878674030756358
endloop
endfacet
facet normal -0.582477696867783 0.0 -0.812846684591629
outer loop
vertex 7.0219035725218015 20.0 5.783383350728087
vertex 6.888925582549005 27.0 5.878674030756358
vertex 7.0219035725218015 27.0 5.783383350728087
endloop
endfacet
facet normal -0.6343932841636419 0.0 -0.7730104533627399
outer loop
vertex 7.0219035725218015 27.0 5.783383350728087
vertex 7.148364537750172 27.0 5.679599518697444
vertex 7.148364537750172 20.0 5.679599518697444
endloop
endfacet
facet normal 0.0 1.0 0.0
outer loop
vertex 3.8516354622498277 20.0 5.679599518697444
vertex 7.148364537750172 20.0 5.679599518697444
vertex 3.732233047033631 20.0 5.567766952966366
endloop
endfacet
facet normal 0.0 1.0 0.0
outer loop
vertex 3.732233047033631 20.0 5.567766952966366
vertex 7.267766952966369 20.0 5.567766952966366
vertex 3.6204004813025565 20.0 5.448364537750166
endloop
endfacet
facet normal 0.0 1.0 0.0
outer loop
vertex 3.6204004813025565 20.0 5.448364537750166
vertex 7.379599518697443 20.0 5.448364537750166
vertex 3.516616649271912 20.0 5.321903572521805
endloop
endfacet
facet normal 0.0 1.0 0.0
outer loop
vertex 3.516616649271912 20.0 5.321903572521805
vertex 7.483383350728088 20.0 5.321903572521805
vertex 3.421325969243637 20.0 5.188925582549004
endloop
endfacet
facet normal 0.0 1.0 0.0
outer loop
vertex 3.334936490538903 20.0 5.049999999999997
vertex 3.421325969243637 20.0 5.188925582549004
vertex 7.578674030756363 20.0 5.188925582549004
endloop
endfacet
facet normal 0.0 1.0 0.0
outer loop
vertex 3.334936490538903 20.0 5.049999999999997
vertex 7.665063509461097 20.0 5.049999999999997
vertex 3.2578181461682796 20.0 4.905721725547494
endloop
endfacet
facet normal 0.0 1.0 0.0
outer loop
vertex 3.2578181461682796 20.0 4.905721725547494
vertex 7.74218185383172 20.0 4.905721725547494
vertex 3.190301168721783 20.0 4.756708580912715
endloop
endfacet
facet normal 0.0 1.0 0.0
outer loop
vertex 3.732233047033631 20.0 5.567766952966366
vertex 7.148364537750172 20.0 5.679599518697444
vertex 7.267766952966369 20.0 5.567766952966366
endloop
endfacet
facet normal 0.0 1.0 0.0
outer loop
vertex 3.6204004813025565 20.0 5.448364537750166
vertex 7.267766952966369 20.0 5.567766952966366
vertex 7.379599518697443 20.0 5.448364537750166
endloop
endfacet
facet normal 0.0 1.0 0.0
outer loop
vertex 3.516616649271912 20.0 5.321903572521805
vertex 7.379599518697443 20.0 5.448364537750166
vertex 7.483383350728088 20.0 5.321903572521805
endloop
endfacet
facet normal 0.0 1.0 0.0
outer loop
vertex 3.421325969243637 20.0 5.188925582549004
vertex 7.483383350728088 20.0 5.321903572521805
vertex 7.578674030756363 20.0 5.188925582549004
endloop
endfacet
facet normal 0.0 1.0 0.0
outer loop
vertex 3.334936490538903 20.0 5.049999999999997
vertex 7.578674030756363 20.0 5.188925582549004
vertex 7.665063509461097 20.0 5.049999999999997
endloop
endfacet
facet normal 0.0 1.0 0.0
outer loop
vertex 3.2578181461682796 20.0 4.905721725547494
vertex 7.665063509461097 20.0 5.049999999999997
vertex 7.74218185383172 20.0 4.905721725547494
endloop
endfacet
facet normal 0.0 1.0 0.0
outer loop
vertex 7.74218185383172 20.0 4.905721725547494
vertex 7.809698831278217 20.0 4.756708580912715
vertex 3.190301168721783 20.0 4.756708580912715
endloop
endfacet
facet normal 0.0 1.0 0.0
outer loop
vertex 3.190301168721783 20.0 4.756708580912715
vertex 7.809698831278217 20.0 4.756708580912715
vertex 3.1326746762622357 20.0 4.603598663257898
endloop
endfacet
facet normal 0.0 1.0 0.0
outer loop
vertex 3.1326746762622357 20.0 4.603598663257898
vertex 7.867325323737765 20.0 4.603598663257898
vertex 3.0851854342773293 20.0 4.447047612756293
endloop
endfacet
facet normal 0.0 1.0 0.0
outer loop
vertex 3.0851854342773293 20.0 4.447047612756293
vertex 7.91481456572267 20.0 4.447047612756293
vertex 3.048036798991924 20.0 4.287725805040324
endloop
endfacet
facet normal 0.0 1.0 0.0
outer loop
vertex 3.048036798991924 20.0 4.287725805040324
vertex 7.951963201008076 20.0 4.287725805040324
vertex 3.021387846565474 20.0 4.126315480550133
endloop
endfacet
facet normal 0.0 1.0 0.0
outer loop
vertex 3.021387846565474 20.0 4.126315480550133
vertex 7.978612153434526 20.0 4.126315480550133
vertex 3.005352691903491 20.0 3.9635078230753606
endloop
endfacet
facet normal 0.0 1.0 0.0
outer loop
vertex 3.005352691903491 20.0 3.9635078230753606
vertex 7.994647308096509 20.0 3.9635078230753606
vertex 3.0 20.0 3.799999999999997
endloop
endfacet
facet normal 0.0 1.0 0.0
outer loop
vertex 3.1326746762622357 20.0 4.603598663257898
vertex 7.809698831278217 20.0 4.756708580912715
vertex 7.867325323737765 20.0 4.603598663257898
endloop
endfacet
facet normal 0.0 1.0 0.0
outer loop
vertex 3.0851854342773293 20.0 4.447047612756293
vertex 7.867325323737765 20.0 4.603598663257898
vertex 7.91481456572267 20.0 4.447047612756293
endloop
endfacet
facet normal 0.0 1.0 0.0
outer loop
vertex 3.048036798991924 20.0 4.287725805040324
vertex 7.91481456572267 20.0 4.447047612756293
vertex 7.951963201008076 20.0 4.287725805040324
endloop
endfacet
facet normal 0.0 1.0 0.0
outer loop
vertex 3.021387846565474 20.0 4.126315480550133
vertex 7.951963201008076 20.0 4.287725805040324
vertex 7.978612153434526 20.0 4.126315480550133
endloop
endfacet
facet normal 0.0 1.0 0.0
outer loop
vertex 3.005352691903491 20.0 3.9635078230753606
vertex 7.978612153434526 20.0 4.126315480550133
vertex 7.994647308096509 20.0 3.9635078230753606
endloop
endfacet
facet normal 0.0 1.0 0.0
outer loop
vertex 7.994647308096509 20.0 3.9635078230753606
vertex 8.0 20.0 3.799999999999997
vertex 3.0 20.0 3.799999999999997
endloop
endfacet
facet normal 0.6835923020228813 0.0 -0.7298640726978262
outer loop
vertex 3.8516354622498277 20.0 5.679599518697444
vertex 3.732233047033631 20.0 5.567766952966366
vertex 3.732233047033631 27.0 5.567766952966366
endloop
endfacet
facet normal 0.7298640726978451 0.0 -0.6835923020228611
outer loop
vertex 3.732233047033631 20.0 5.567766952966366
vertex 3.6204004813025565 20.0 5.448364537750166
vertex 3.6204004813025565 27.0 5.448364537750166
endloop
endfacet
facet normal 0.7730104533627139 0.0 -0.6343932841636739
outer loop
vertex 3.6204004813025565 20.0 5.448364537750166
vertex 3.516616649271912 20.0 5.321903572521805
vertex 3.516616649271912 27.0 5.321903572521805
endloop
endfacet
facet normal 0.812846684591625 0.0 -0.5824776968677885
outer loop
vertex 3.516616649271912 20.0 5.321903572521805
vertex 3.421325969243637 20.0 5.188925582549004
vertex 3.421325969243637 27.0 5.188925582549004
endloop
endfacet
facet normal 0.8492021815265806 0.0 -0.5280678506503654
outer loop
vertex 3.334936490538903 20.0 5.049999999999997
vertex 3.334936490538903 27.0 5.049999999999997
vertex 3.421325969243637 20.0 5.188925582549004
endloop
endfacet
facet normal 0.8819212643483654 0.0 -0.4713967368259785
outer loop
vertex 3.334936490538903 20.0 5.049999999999997
vertex 3.2578181461682796 20.0 4.905721725547494
vertex 3.2578181461682796 27.0 4.905721725547494
endloop
endfacet
facet normal 0.9108638249211751 0.0 -0.41270702980439655
outer loop
vertex 3.2578181461682796 20.0 4.905721725547494
vertex 3.190301168721783 20.0 4.756708580912715
vertex 3.190301168721783 27.0 4.756708580912715
endloop
endfacet
facet normal -0.6835923020228813 0.0 -0.7298640726978262
outer loop
vertex 7.148364537750172 20.0 5.679599518697444
vertex 7.148364537750172 27.0 5.679599518697444
vertex 7.267766952966369 20.0 5.567766952966366
endloop
endfacet
facet normal -0.7298640726978451 0.0 -0.6835923020228611
outer loop
vertex 7.267766952966369 20.0 5.567766952966366
vertex 7.267766952966369 27.0 5.567766952966366
vertex 7.379599518697443 20.0 5.448364537750166
endloop
endfacet
facet normal -0.7730104533627139 0.0 -0.6343932841636739
outer loop
vertex 7.379599518697443 20.0 5.448364537750166
vertex 7.379599518697443 27.0 5.448364537750166
vertex 7.483383350728088 20.0 5.321903572521805
endloop
endfacet
facet normal -0.812846684591625 0.0 -0.5824776968677885
outer loop
vertex 7.483383350728088 20.0 5.321903572521805
vertex 7.483383350728088 27.0 5.321903572521805
vertex 7.578674030756363 20.0 5.188925582549004
endloop
endfacet
facet normal -0.8492021815265806 0.0 -0.5280678506503654
outer loop
vertex 7.578674030756363 20.0 5.188925582549004
vertex 7.578674030756363 27.0 5.188925582549004
vertex 7.665063509461097 20.0 5.049999999999997
endloop
endfacet
facet normal -0.8819212643483654 0.0 -0.4713967368259786
outer loop
vertex 7.665063509461097 20.0 5.049999999999997
vertex 7.665063509461097 27.0 5.049999999999997
vertex 7.74218185383172 20.0 4.905721725547494
endloop
endfacet
facet normal -0.9108638249211749 0.0 -0.41270702980439655
outer loop
vertex 7.74218185383172 20.0 4.905721725547494
vertex 7.74218185383172 27.0 4.905721725547494
vertex 7.809698831278217 20.0 4.756708580912715
endloop
endfacet
facet normal 0.6835923020228813 0.0 -0.7298640726978262
outer loop
vertex 3.8516354622498277 20.0 5.679599518697444
vertex 3.732233047033631 27.0 5.567766952966366
vertex 3.8516354622498277 27.0 5.679599518697444
endloop
endfacet
facet normal 0.7298640726978451 0.0 -0.6835923020228611
outer loop
vertex 3.732233047033631 20.0 5.567766952966366
vertex 3.6204004813025565 27.0 5.448364537750166
vertex 3.732233047033631 27.0 5.567766952966366
endloop
endfacet
facet normal 0.7730104533627139 0.0 -0.6343932841636739
outer loop
vertex 3.6204004813025565 20.0 5.448364537750166
vertex 3.516616649271912 27.0 5.321903572521805
vertex 3.6204004813025565 27.0 5.448364537750166
endloop
endfacet
facet normal 0.812846684591625 0.0 -0.5824776968677885
outer loop
vertex 3.516616649271912 20.0 5.321903572521805
vertex 3.421325969243637 27.0 5.188925582549004
vertex 3.516616649271912 27.0 5.321903572521805
endloop
endfacet
facet normal 0.8492021815265806 0.0 -0.5280678506503654
outer loop
vertex 3.421325969243637 20.0 5.188925582549004
vertex 3.334936490538903 27.0 5.049999999999997
vertex 3.421325969243637 27.0 5.188925582549004
endloop
endfacet
facet normal 0.8819212643483654 0.0 -0.4713967368259785
outer loop
vertex 3.334936490538903 20.0 5.049999999999997
vertex 3.2578181461682796 27.0 4.905721725547494
vertex 3.334936490538903 27.0 5.049999999999997
endloop
endfacet
facet normal 0.9108638249211751 0.0 -0.41270702980439655
outer loop
vertex 3.2578181461682796 20.0 4.905721725547494
vertex 3.190301168721783 27.0 4.756708580912715
vertex 3.2578181461682796 27.0 4.905721725547494
endloop
endfacet
facet normal -0.6835923020228813 0.0 -0.7298640726978262
outer loop
vertex 7.267766952966369 20.0 5.567766952966366
vertex 7.148364537750172 27.0 5.679599518697444
vertex 7.267766952966369 27.0 5.567766952966366
endloop
endfacet
facet normal -0.7298640726978451 0.0 -0.6835923020228611
outer loop
vertex 7.379599518697443 20.0 5.448364537750166
vertex 7.267766952966369 27.0 5.567766952966366
vertex 7.379599518697443 27.0 5.448364537750166
endloop
endfacet
facet normal -0.7730104533627139 0.0 -0.6343932841636739
outer loop
vertex 7.483383350728088 20.0 5.321903572521805
vertex 7.379599518697443 27.0 5.448364537750166
vertex 7.483383350728088 27.0 5.321903572521805
endloop
endfacet
facet normal -0.812846684591625 0.0 -0.5824776968677885
outer loop
vertex 7.578674030756363 20.0 5.188925582549004
vertex 7.483383350728088 27.0 5.321903572521805
vertex 7.578674030756363 27.0 5.188925582549004
endloop
endfacet
facet normal -0.8492021815265806 0.0 -0.5280678506503654
outer loop
vertex 7.665063509461097 20.0 5.049999999999997
vertex 7.578674030756363 27.0 5.188925582549004
vertex 7.665063509461097 27.0 5.049999999999997
endloop
endfacet
facet normal -0.8819212643483654 0.0 -0.4713967368259786
outer loop
vertex 7.74218185383172 20.0 4.905721725547494
vertex 7.665063509461097 27.0 5.049999999999997
vertex 7.74218185383172 27.0 4.905721725547494
endloop
endfacet
facet normal -0.9108638249211749 0.0 -0.41270702980439655
outer loop
vertex 7.809698831278217 20.0 4.756708580912715
vertex 7.74218185383172 27.0 4.905721725547494
vertex 7.809698831278217 27.0 4.756708580912715
endloop
endfacet
facet normal 0.9359059267573229 0.0 -0.35225004792124126
outer loop
vertex 3.190301168721783 20.0 4.756708580912715
vertex 3.1326746762622357 20.0 4.603598663257898
vertex 3.1326746762622357 27.0 4.603598663257898
endloop
endfacet
facet normal 0.9569403357322106 0.0 -0.29028467725445667
outer loop
vertex 3.1326746762622357 20.0 4.603598663257898
vertex 3.0851854342773293 20.0 4.447047612756293
vertex 3.0851854342773293 27.0 4.447047612756293
endloop
endfacet
facet normal 0.97387697927733 0.0 -0.22707626303438933
outer loop
vertex 3.0851854342773293 20.0 4.447047612756293
vertex 3.048036798991924 20.0 4.287725805040324
vertex 3.048036798991924 27.0 4.287725805040324
endloop
endfacet
facet normal 0.986643332084879 0.0 -0.16289547339458932
outer loop
vertex 3.048036798991924 20.0 4.287725805040324
vertex 3.021387846565474 20.0 4.126315480550133
vertex 3.021387846565474 27.0 4.126315480550133
endloop
endfacet
facet normal 0.9951847266721969 0.0 -0.0980171403295603
outer loop
vertex 3.021387846565474 20.0 4.126315480550133
vertex 3.005352691903491 20.0 3.9635078230753606
vertex 3.005352691903491 27.0 3.9635078230753606
endloop
endfacet
facet normal 0.9994645874763658 0.0 -0.032719082821774666
outer loop
vertex 3.005352691903491 20.0 3.9635078230753606
vertex 3.0 20.0 3.799999999999997
vertex 3.0 27.0 3.799999999999997
endloop
endfacet
facet normal -0.9359059267573229 0.0 -0.35225004792124137
outer loop
vertex 7.809698831278217 20.0 4.756708580912715
vertex 7.809698831278217 27.0 4.756708580912715
vertex 7.867325323737765 20.0 4.603598663257898
endloop
endfacet
facet normal -0.9569403357322106 0.0 -0.2902846772544568
outer loop
vertex 7.867325323737765 20.0 4.603598663257898
vertex 7.867325323737765 27.0 4.603598663257898
vertex 7.91481456572267 20.0 4.447047612756293
endloop
endfacet
facet normal -0.97387697927733 0.0 -0.22707626303438944
outer loop
vertex 7.91481456572267 20.0 4.447047612756293
vertex 7.91481456572267 27.0 4.447047612756293
vertex 7.951963201008076 20.0 4.287725805040324
endloop
endfacet
facet normal -0.986643332084879 0.0 -0.16289547339458943
outer loop
vertex 7.951963201008076 20.0 4.287725805040324
vertex 7.951963201008076 27.0 4.287725805040324
vertex 7.978612153434526 20.0 4.126315480550133
endloop
endfacet
facet normal -0.9951847266721969 0.0 -0.09801714032956041
outer loop
vertex 7.978612153434526 20.0 4.126315480550133
vertex 7.978612153434526 27.0 4.126315480550133
vertex 7.994647308096509 20.0 3.9635078230753606
endloop
endfacet
facet normal -0.9994645874763658 0.0 -0.03271908282177479
outer loop
vertex 7.994647308096509 20.0 3.9635078230753606
vertex 7.994647308096509 27.0 3.9635078230753606
vertex 8.0 20.0 3.799999999999997
endloop
endfacet
facet normal 0.9359059267573229 0.0 -0.35225004792124126
outer loop
vertex 3.190301168721783 20.0 4.756708580912715
vertex 3.1326746762622357 27.0 4.603598663257898
vertex 3.190301168721783 27.0 4.756708580912715
endloop
endfacet
facet normal 0.9569403357322106 0.0 -0.29028467725445667
outer loop
vertex 3.1326746762622357 20.0 4.603598663257898
vertex 3.0851854342773293 27.0 4.447047612756293
vertex 3.1326746762622357 27.0 4.603598663257898
endloop
endfacet
facet normal 0.97387697927733 0.0 -0.22707626303438933
outer loop
vertex 3.0851854342773293 20.0 4.447047612756293
vertex 3.048036798991924 27.0 4.287725805040324
vertex 3.0851854342773293 27.0 4.447047612756293
endloop
endfacet
facet normal 0.986643332084879 0.0 -0.16289547339458932
outer loop
vertex 3.048036798991924 20.0 4.287725805040324
vertex 3.021387846565474 27.0 4.126315480550133
vertex 3.048036798991924 27.0 4.287725805040324
endloop
endfacet
facet normal 0.9951847266721969 0.0 -0.0980171403295603
outer loop
vertex 3.021387846565474 20.0 4.126315480550133
vertex 3.005352691903491 27.0 3.9635078230753606
vertex 3.021387846565474 27.0 4.126315480550133
endloop
endfacet
facet normal 0.9994645874763658 0.0 -0.032719082821774666
outer loop
vertex 3.005352691903491 20.0 3.9635078230753606
vertex 3.0 27.0 3.799999999999997
vertex 3.005352691903491 27.0 3.9635078230753606
endloop
endfacet
facet normal -0.9359059267573229 0.0 -0.35225004792124137
outer loop
vertex 7.867325323737765 20.0 4.603598663257898
vertex 7.809698831278217 27.0 4.756708580912715
vertex 7.867325323737765 27.0 4.603598663257898
endloop
endfacet
facet normal -0.9569403357322106 0.0 -0.2902846772544568
outer loop
vertex 7.91481456572267 20.0 4.447047612756293
vertex 7.867325323737765 27.0 4.603598663257898
vertex 7.91481456572267 27.0 4.447047612756293
endloop
endfacet
facet normal -0.97387697927733 0.0 -0.22707626303438944
outer loop
vertex 7.951963201008076 20.0 4.287725805040324
vertex 7.91481456572267 27.0 4.447047612756293
vertex 7.951963201008076 27.0 4.287725805040324
endloop
endfacet
facet normal -0.986643332084879 0.0 -0.16289547339458943
outer loop
vertex 7.978612153434526 20.0 4.126315480550133
vertex 7.951963201008076 27.0 4.287725805040324
vertex 7.978612153434526 27.0 4.126315480550133
endloop
endfacet
facet normal -0.9951847266721969 0.0 -0.09801714032956041
outer loop
vertex 7.994647308096509 20.0 3.9635078230753606
vertex 7.978612153434526 27.0 4.126315480550133
vertex 7.994647308096509 27.0 3.9635078230753606
endloop
endfacet
facet normal -0.9994645874763658 0.0 -0.03271908282177479
outer loop
vertex 7.994647308096509 27.0 3.9635078230753606
vertex 8.0 27.0 3.799999999999997
vertex 8.0 20.0 3.799999999999997
endloop
endfacet
facet normal 0.0 1.0 0.0
outer loop
vertex 3.0 20.0 3.799999999999997
vertex 8.0 20.0 3.799999999999997
vertex 3.005352691903491 20.0 3.6364921769246337
endloop
endfacet
facet normal 0.0 1.0 0.0
outer loop
vertex 3.005352691903491 20.0 3.6364921769246337
vertex 7.994647308096509 20.0 3.6364921769246337
vertex 3.021387846565474 20.0 3.4736845194498613
endloop
endfacet
facet normal 0.0 1.0 0.0
outer loop
vertex 3.021387846565474 20.0 3.4736845194498613
vertex 7.978612153434526 20.0 3.4736845194498613
vertex 3.048036798991924 20.0 3.31227419495967
endloop
endfacet
facet normal 0.0 1.0 0.0
outer loop
vertex 3.048036798991924 20.0 3.31227419495967
vertex 7.951963201008076 20.0 3.31227419495967
vertex 3.0851854342773297 20.0 3.152952387243701
endloop
endfacet
facet normal 0.0 1.0 0.0
outer loop
vertex 3.0851854342773297 20.0 3.152952387243701
vertex 7.914814565722671 20.0 3.152952387243701
vertex 3.132674676262236 20.0 2.996401336742096
endloop
endfacet
facet normal 0.0 1.0 0.0
outer loop
vertex 3.132674676262236 20.0 2.996401336742096
vertex 7.867325323737765 20.0 2.996401336742096
vertex 3.1903011687217835 20.0 2.8432914190872793
endloop
endfacet
facet normal 0.0 1.0 0.0
outer loop
vertex 3.005352691903491 20.0 3.6364921769246337
vertex 8.0 20.0 3.799999999999997
vertex 7.994647308096509 20.0 3.6364921769246337
endloop
endfacet
facet normal 0.0 1.0 0.0
outer loop
vertex 3.021387846565474 20.0 3.4736845194498613
vertex 7.994647308096509 20.0 3.6364921769246337
vertex 7.978612153434526 20.0 3.4736845194498613
endloop
endfacet
facet normal 0.0 1.0 0.0
outer loop
vertex 3.048036798991924 20.0 3.31227419495967
vertex 7.978612153434526 20.0 3.4736845194498613
vertex 7.951963201008076 20.0 3.31227419495967
endloop
endfacet
facet normal 0.0 1.0 0.0
outer loop
vertex 3.0851854342773297 20.0 3.152952387243701
vertex 7.951963201008076 20.0 3.31227419495967
vertex 7.914814565722671 20.0 3.152952387243701
endloop
endfacet
facet normal 0.0 1.0 0.0
outer loop
vertex 3.132674676262236 20.0 2.996401336742096
vertex 7.914814565722671 20.0 3.152952387243701
vertex 7.867325323737765 20.0 2.996401336742096
endloop
endfacet
facet normal 0.0 1.0 0.0
outer loop
vertex 3.1903011687217835 20.0 2.8432914190872793
vertex 7.867325323737765 20.0 2.996401336742096
vertex 7.809698831278217 20.0 2.8432914190872793
endloop
endfacet
facet normal 0.0 1.0 0.0
outer loop
vertex 3.1903011687217835 20.0 2.8432914190872793
vertex 7.809698831278217 20.0 2.8432914190872793
vertex 3.25781814616828 20.0 2.6942782744525005
endloop
endfacet
facet normal 0.0 1.0 0.0
outer loop
vertex 3.25781814616828 20.0 2.6942782744525005
vertex 7.74218185383172 20.0 2.6942782744525005
vertex 3.3349364905389036 20.0 2.549999999999997
endloop
endfacet
facet normal 0.0 1.0 0.0
outer loop
vertex 3.3349364905389036 20.0 2.549999999999997
vertex 7.665063509461097 20.0 2.549999999999997
vertex 3.4213259692436373 20.0 2.4110744174509904
endloop
endfacet
facet normal 0.0 1.0 0.0
outer loop
vertex 3.4213259692436373 20.0 2.4110744174509904
vertex 7.578674030756364 20.0 2.4110744174509904
vertex 3.5166166492719126 20.0 2.2780964274781894
endloop
endfacet
facet normal 0.0 1.0 0.0
outer loop
vertex 3.5166166492719126 20.0 2.2780964274781894
vertex 7.483383350728088 20.0 2.2780964274781894
vertex 3.620400481302557 20.0 2.1516354622498284
endloop
endfacet
facet normal 0.0 1.0 0.0
outer loop
vertex 3.620400481302557 20.0 2.1516354622498284
vertex 7.379599518697444 20.0 2.1516354622498284
vertex 3.7322330470336316 20.0 2.0322330470336283
endloop
endfacet
facet normal 0.0 1.0 0.0
outer loop
vertex 3.7322330470336316 20.0 2.0322330470336283
vertex 7.267766952966369 20.0 2.0322330470336283
vertex 3.851635462249828 20.0 1.9204004813025506
endloop
endfacet
facet normal 0.0 1.0 0.0
outer loop
vertex 7.809698831278217 20.0 2.8432914190872793
vertex 7.74218185383172 20.0 2.6942782744525005
vertex 3.25781814616828 20.0 2.6942782744525005
endloop
endfacet
facet normal 0.0 1.0 0.0
outer loop
vertex 3.3349364905389036 20.0 2.549999999999997
vertex 7.74218185383172 20.0 2.6942782744525005
vertex 7.665063509461097 20.0 2.549999999999997
endloop
endfacet
facet normal 0.0 1.0 0.0
outer loop
vertex 3.4213259692436373 20.0 2.4110744174509904
vertex 7.665063509461097 20.0 2.549999999999997
vertex 7.578674030756364 20.0 2.4110744174509904
endloop
endfacet
facet normal 0.0 1.0 0.0
outer loop
vertex 3.5166166492719126 20.0 2.2780964274781894
vertex 7.578674030756364 20.0 2.4110744174509904
vertex 7.483383350728088 20.0 2.2780964274781894
endloop
endfacet
facet normal 0.0 1.0 0.0
outer loop
vertex 3.620400481302557 20.0 2.1516354622498284
vertex 7.483383350728088 20.0 2.2780964274781894
vertex 7.379599518697444 20.0 2.1516354622498284
endloop
endfacet
facet normal 0.0 1.0 0.0
outer loop
vertex 3.7322330470336316 20.0 2.0322330470336283
vertex 7.379599518697444 20.0 2.1516354622498284
vertex 7.267766952966369 20.0 2.0322330470336283
endloop
endfacet
facet normal 0.0 1.0 0.0
outer loop
vertex 3.851635462249828 20.0 1.9204004813025506
vertex 7.267766952966369 20.0 2.0322330470336283
vertex 7.148364537750172 20.0 1.9204004813025506
endloop
endfacet
facet normal 0.9994645874763658 0.0 0.03271908282177479
outer loop
vertex 3.0 20.0 3.799999999999997
vertex 3.005352691903491 20.0 3.6364921769246337
vertex 3.005352691903491 27.0 3.6364921769246337
endloop
endfacet
facet normal 0.9951847266721969 0.0 0.09801714032956041
outer loop
vertex 3.005352691903491 20.0 3.6364921769246337
vertex 3.021387846565474 20.0 3.4736845194498613
vertex 3.021387846565474 27.0 3.4736845194498613
endloop
endfacet
facet normal 0.986643332084879 0.0 0.16289547339458943
outer loop
vertex 3.021387846565474 20.0 3.4736845194498613
vertex 3.048036798991924 20.0 3.31227419495967
vertex 3.048036798991924 27.0 3.31227419495967
endloop
endfacet
facet normal 0.97387697927733 0.0 0.22707626303438944
outer loop
vertex 3.048036798991924 20.0 3.31227419495967
vertex 3.0851854342773297 20.0 3.152952387243701
vertex 3.0851854342773297 27.0 3.152952387243701
endloop
endfacet
facet normal 0.9569403357322106 0.0 0.2902846772544568
outer loop
vertex 3.0851854342773297 20.0 3.152952387243701
vertex 3.132674676262236 20.0 2.996401336742096
vertex 3.132674676262236 27.0 2.996401336742096
endloop
endfacet
facet normal 0.9359059267573229 0.0 0.35225004792124137
outer loop
vertex 3.132674676262236 20.0 2.996401336742096
vertex 3.1903011687217835 20.0 2.8432914190872793
vertex 3.1903011687217835 27.0 2.8432914190872793
endloop
endfacet
facet normal -0.9994645874763658 0.0 0.032719082821774666
outer loop
vertex 8.0 20.0 3.799999999999997
vertex 8.0 27.0 3.799999999999997
vertex 7.994647308096509 20.0 3.6364921769246337
endloop
endfacet
facet normal -0.9951847266721969 0.0 0.0980171403295603
outer loop
vertex 7.994647308096509 20.0 3.6364921769246337
vertex 7.994647308096509 27.0 3.6364921769246337
vertex 7.978612153434526 20.0 3.4736845194498613
endloop
endfacet
facet normal -0.986643332084879 0.0 0.16289547339458932
outer loop
vertex 7.978612153434526 20.0 3.4736845194498613
vertex 7.978612153434526 27.0 3.4736845194498613
vertex 7.951963201008076 20.0 3.31227419495967
endloop
endfacet
facet normal -0.97387697927733 0.0 0.22707626303438933
outer loop
vertex 7.951963201008076 20.0 3.31227419495967
vertex 7.951963201008076 27.0 3.31227419495967
vertex 7.914814565722671 20.0 3.152952387243701
endloop
endfacet
facet normal -0.9569403357322106 0.0 0.29028467725445667
outer loop
vertex 7.914814565722671 20.0 3.152952387243701
vertex 7.914814565722671 27.0 3.152952387243701
vertex 7.867325323737765 20.0 2.996401336742096
endloop
endfacet
facet normal -0.9359059267573229 0.0 0.35225004792124126
outer loop
vertex 7.867325323737765 20.0 2.996401336742096
vertex 7.867325323737765 27.0 2.996401336742096
vertex 7.809698831278217 20.0 2.8432914190872793
endloop
endfacet
facet normal 0.9994645874763658 0.0 0.03271908282177479
outer loop
vertex 3.0 20.0 3.799999999999997
vertex 3.005352691903491 27.0 3.6364921769246337
vertex 3.0 27.0 3.799999999999997
endloop
endfacet
facet normal 0.9951847266721969 0.0 0.09801714032956041
outer loop
vertex 3.005352691903491 20.0 3.6364921769246337
vertex 3.021387846565474 27.0 3.4736845194498613
vertex 3.005352691903491 27.0 3.6364921769246337
endloop
endfacet
facet normal 0.986643332084879 0.0 0.16289547339458943
outer loop
vertex 3.021387846565474 20.0 3.4736845194498613
vertex 3.048036798991924 27.0 3.31227419495967
vertex 3.021387846565474 27.0 3.4736845194498613
endloop
endfacet
facet normal 0.97387697927733 0.0 0.22707626303438944
outer loop
vertex 3.048036798991924 20.0 3.31227419495967
vertex 3.0851854342773297 27.0 3.152952387243701
vertex 3.048036798991924 27.0 3.31227419495967
endloop
endfacet
facet normal 0.9569403357322106 0.0 0.2902846772544568
outer loop
vertex 3.0851854342773297 20.0 3.152952387243701
vertex 3.132674676262236 27.0 2.996401336742096
vertex 3.0851854342773297 27.0 3.152952387243701
endloop
endfacet
facet normal 0.9359059267573229 0.0 0.35225004792124137
outer loop
vertex 3.132674676262236 20.0 2.996401336742096
vertex 3.1903011687217835 27.0 2.8432914190872793
vertex 3.132674676262236 27.0 2.996401336742096
endloop
endfacet
facet normal -0.9994645874763658 0.0 0.032719082821774666
outer loop
vertex 7.994647308096509 20.0 3.6364921769246337
vertex 8.0 27.0 3.799999999999997
vertex 7.994647308096509 27.0 3.6364921769246337
endloop
endfacet
facet normal -0.9951847266721969 0.0 0.0980171403295603
outer loop
vertex 7.978612153434526 20.0 3.4736845194498613
vertex 7.994647308096509 27.0 3.6364921769246337
vertex 7.978612153434526 27.0 3.4736845194498613
endloop
endfacet
facet normal -0.986643332084879 0.0 0.16289547339458932
outer loop
vertex 7.951963201008076 20.0 3.31227419495967
vertex 7.978612153434526 27.0 3.4736845194498613
vertex 7.951963201008076 27.0 3.31227419495967
endloop
endfacet
facet normal -0.97387697927733 0.0 0.22707626303438933
outer loop
vertex 7.914814565722671 20.0 3.152952387243701
vertex 7.951963201008076 27.0 3.31227419495967
vertex 7.914814565722671 27.0 3.152952387243701
endloop
endfacet
facet normal -0.9569403357322106 0.0 0.29028467725445667
outer loop
vertex 7.867325323737765 20.0 2.996401336742096
vertex 7.914814565722671 27.0 3.152952387243701
vertex 7.867325323737765 27.0 2.996401336742096
endloop
endfacet
facet normal -0.9359059267573229 0.0 0.35225004792124126
outer loop
vertex 7.809698831278217 20.0 2.8432914190872793
vertex 7.867325323737765 27.0 2.996401336742096
vertex 7.809698831278217 27.0 2.8432914190872793
endloop
endfacet
facet normal 0.9108638249211749 0.0 0.41270702980439655
outer loop
vertex 3.1903011687217835 20.0 2.8432914190872793
vertex 3.25781814616828 20.0 2.6942782744525005
vertex 3.25781814616828 27.0 2.6942782744525005
endloop
endfacet
facet normal 0.8819212643483654 0.0 0.4713967368259786
outer loop
vertex 3.25781814616828 20.0 2.6942782744525005
vertex 3.3349364905389036 20.0 2.549999999999997
vertex 3.3349364905389036 27.0 2.549999999999997
endloop
endfacet
facet normal 0.8492021815265806 0.0 0.5280678506503654
outer loop
vertex 3.3349364905389036 20.0 2.549999999999997
vertex 3.4213259692436373 20.0 2.4110744174509904
vertex 3.4213259692436373 27.0 2.4110744174509904
endloop
endfacet
facet normal 0.812846684591625 0.0 0.5824776968677885
outer loop
vertex 3.4213259692436373 20.0 2.4110744174509904
vertex 3.5166166492719126 20.0 2.2780964274781894
vertex 3.5166166492719126 27.0 2.2780964274781894
endloop
endfacet
facet normal 0.7730104533627139 0.0 0.6343932841636739
outer loop
vertex 3.5166166492719126 20.0 2.2780964274781894
vertex 3.620400481302557 20.0 2.1516354622498284
vertex 3.620400481302557 27.0 2.1516354622498284
endloop
endfacet
facet normal 0.7298640726978451 0.0 0.6835923020228611
outer loop
vertex 3.620400481302557 20.0 2.1516354622498284
vertex 3.7322330470336316 20.0 2.0322330470336283
vertex 3.7322330470336316 27.0 2.0322330470336283
endloop
endfacet
facet normal 0.6835923020228813 0.0 0.7298640726978262
outer loop
vertex 3.7322330470336316 20.0 2.0322330470336283
vertex 3.851635462249828 20.0 1.9204004813025506
vertex 3.851635462249828 27.0 1.9204004813025506
endloop
endfacet
facet normal -0.9108638249211751 0.0 0.41270702980439655
outer loop
vertex 7.809698831278217 20.0 2.8432914190872793
vertex 7.809698831278217 27.0 2.8432914190872793
vertex 7.74218185383172 20.0 2.6942782744525005
endloop
endfacet
facet normal -0.8819212643483654 0.0 0.4713967368259785
outer loop
vertex 7.74218185383172 20.0 2.6942782744525005
vertex 7.74218185383172 27.0 2.6942782744525005
vertex 7.665063509461097 20.0 2.549999999999997
endloop
endfacet
facet normal -0.8492021815265806 0.0 0.5280678506503654
outer loop
vertex 7.665063509461097 20.0 2.549999999999997
vertex 7.665063509461097 27.0 2.549999999999997
vertex 7.578674030756364 20.0 2.4110744174509904
endloop
endfacet
facet normal -0.812846684591625 0.0 0.5824776968677885
outer loop
vertex 7.578674030756364 20.0 2.4110744174509904
vertex 7.578674030756364 27.0 2.4110744174509904
vertex 7.483383350728088 20.0 2.2780964274781894
endloop
endfacet
facet normal -0.7730104533627139 0.0 0.6343932841636739
outer loop
vertex 7.483383350728088 20.0 2.2780964274781894
vertex 7.483383350728088 27.0 2.2780964274781894
vertex 7.379599518697444 20.0 2.1516354622498284
endloop
endfacet
facet normal -0.7298640726978451 0.0 0.6835923020228611
outer loop
vertex 7.379599518697444 20.0 2.1516354622498284
vertex 7.379599518697444 27.0 2.1516354622498284
vertex 7.267766952966369 20.0 2.0322330470336283
endloop
endfacet
facet normal -0.6835923020228813 0.0 0.7298640726978262
outer loop
vertex 7.267766952966369 20.0 2.0322330470336283
vertex 7.267766952966369 27.0 2.0322330470336283
vertex 7.148364537750172 20.0 1.9204004813025506
endloop
endfacet
facet normal 0.9108638249211749 0.0 0.41270702980439655
outer loop
vertex 3.1903011687217835 20.0 2.8432914190872793
vertex 3.25781814616828 27.0 2.6942782744525005
vertex 3.1903011687217835 27.0 2.8432914190872793
endloop
endfacet
facet normal 0.8819212643483654 0.0 0.4713967368259786
outer loop
vertex 3.25781814616828 20.0 2.6942782744525005
vertex 3.3349364905389036 27.0 2.549999999999997
vertex 3.25781814616828 27.0 2.6942782744525005
endloop
endfacet
facet normal 0.8492021815265806 0.0 0.5280678506503654
outer loop
vertex 3.3349364905389036 20.0 2.549999999999997
vertex 3.4213259692436373 27.0 2.4110744174509904
vertex 3.3349364905389036 27.0 2.549999999999997
endloop
endfacet
facet normal 0.812846684591625 0.0 0.5824776968677885
outer loop
vertex 3.4213259692436373 20.0 2.4110744174509904
vertex 3.5166166492719126 27.0 2.2780964274781894
vertex 3.4213259692436373 27.0 2.4110744174509904
endloop
endfacet
facet normal 0.7730104533627139 0.0 0.6343932841636739
outer loop
vertex 3.5166166492719126 20.0 2.2780964274781894
vertex 3.620400481302557 27.0 2.1516354622498284
vertex 3.5166166492719126 27.0 2.2780964274781894
endloop
endfacet
facet normal 0.7298640726978451 0.0 0.6835923020228611
outer loop
vertex 3.620400481302557 20.0 2.1516354622498284
vertex 3.7322330470336316 27.0 2.0322330470336283
vertex 3.620400481302557 27.0 2.1516354622498284
endloop
endfacet
facet normal 0.6835923020228813 0.0 0.7298640726978262
outer loop
vertex 3.7322330470336316 20.0 2.0322330470336283
vertex 3.851635462249828 27.0 1.9204004813025506
vertex 3.7322330470336316 27.0 2.0322330470336283
endloop
endfacet
facet normal -0.9108638249211751 0.0 0.41270702980439655
outer loop
vertex 7.74218185383172 20.0 2.6942782744525005
vertex 7.809698831278217 27.0 2.8432914190872793
vertex 7.74218185383172 27.0 2.6942782744525005
endloop
endfacet
facet normal -0.8819212643483654 0.0 0.4713967368259785
outer loop
vertex 7.665063509461097 20.0 2.549999999999997
vertex 7.74218185383172 27.0 2.6942782744525005
vertex 7.665063509461097 27.0 2.549999999999997
endloop
endfacet
facet normal -0.8492021815265806 0.0 0.5280678506503654
outer loop
vertex 7.578674030756364 20.0 2.4110744174509904
vertex 7.665063509461097 27.0 2.549999999999997
vertex 7.578674030756364 27.0 2.4110744174509904
endloop
endfacet
facet normal -0.812846684591625 0.0 0.5824776968677885
outer loop
vertex 7.483383350728088 20.0 2.2780964274781894
vertex 7.578674030756364 27.0 2.4110744174509904
vertex 7.483383350728088 27.0 2.2780964274781894
endloop
endfacet
facet normal -0.7730104533627139 0.0 0.6343932841636739
outer loop
vertex 7.379599518697444 20.0 2.1516354622498284
vertex 7.483383350728088 27.0 2.2780964274781894
vertex 7.379599518697444 27.0 2.1516354622498284
endloop
endfacet
facet normal -0.7298640726978451 0.0 0.6835923020228611
outer loop
vertex 7.267766952966369 20.0 2.0322330470336283
vertex 7.379599518697444 27.0 2.1516354622498284
vertex 7.267766952966369 27.0 2.0322330470336283
endloop
endfacet
facet normal -0.6835923020228813 0.0 0.7298640726978262
outer loop
vertex 7.148364537750172 20.0 1.9204004813025506
vertex 7.267766952966369 27.0 2.0322330470336283
vertex 7.148364537750172 27.0 1.9204004813025506
endloop
endfacet
facet normal 0.0 1.0 0.0
outer loop
vertex 3.851635462249828 20.0 1.9204004813025506
vertex 7.148364537750172 20.0 1.9204004813025506
vertex 3.9780964274781985 20.0 1.8166166492719071
endloop
endfacet
facet normal 0.0 1.0 0.0
outer loop
vertex 3.9780964274781985 20.0 1.8166166492719071
vertex 7.0219035725218015 20.0 1.8166166492719071
vertex 4.111074417450995 20.0 1.7213259692436367
endloop
endfacet
facet normal 0.0 1.0 0.0
outer loop
vertex 4.111074417450995 20.0 1.7213259692436367
vertex 6.888925582549006 20.0 1.7213259692436367
vertex 4.25 20.0 1.6349364905389052
endloop
endfacet
facet normal 0.0 1.0 0.0
outer loop
vertex 4.25 20.0 1.6349364905389052
vertex 6.75 20.0 1.6349364905389052
vertex 4.394278274452497 20.0 1.5578181461682732
endloop
endfacet
facet normal 0.0 1.0 0.0
outer loop
vertex 4.394278274452497 20.0 1.5578181461682732
vertex 6.605721725547504 20.0 1.5578181461682732
vertex 4.543291419087276 20.0 1.4903011687217855
endloop
endfacet
facet normal 0.0 1.0 0.0
outer loop
vertex 4.543291419087276 20.0 1.4903011687217855
vertex 6.456708580912725 20.0 1.4903011687217855
vertex 4.696401336742096 20.0 1.4326746762622378
endloop
endfacet
facet normal 0.0 1.0 0.0
outer loop
vertex 4.696401336742096 20.0 1.4326746762622378
vertex 6.303598663257905 20.0 1.4326746762622378
vertex 4.852952387243699 20.0 1.3851854342773322
endloop
endfacet
facet normal 0.0 1.0 0.0
outer loop
vertex 4.852952387243699 20.0 1.3851854342773322
vertex 6.147047612756302 20.0 1.3851854342773322
vertex 5.01227419495968 20.0 1.3480367989919273
endloop
endfacet
facet normal 0.0 1.0 0.0
outer loop
vertex 7.148364537750172 20.0 1.9204004813025506
vertex 7.0219035725218015 20.0 1.8166166492719071
vertex 3.9780964274781985 20.0 1.8166166492719071
endloop
endfacet
facet normal 0.0 1.0 0.0
outer loop
vertex 4.111074417450995 20.0 1.7213259692436367
vertex 7.0219035725218015 20.0 1.8166166492719071
vertex 6.888925582549006 20.0 1.7213259692436367
endloop
endfacet
facet normal 0.0 1.0 0.0
outer loop
vertex 4.25 20.0 1.6349364905389052
vertex 6.888925582549006 20.0 1.7213259692436367
vertex 6.75 20.0 1.6349364905389052
endloop
endfacet
facet normal 0.0 1.0 0.0
outer loop
vertex 4.394278274452497 20.0 1.5578181461682732
vertex 6.75 20.0 1.6349364905389052
vertex 6.605721725547504 20.0 1.5578181461682732
endloop
endfacet
facet normal 0.0 1.0 0.0
outer loop
vertex 4.543291419087276 20.0 1.4903011687217855
vertex 6.605721725547504 20.0 1.5578181461682732
vertex 6.456708580912725 20.0 1.4903011687217855
endloop
endfacet
facet normal 0.0 1.0 0.0
outer loop
vertex 4.696401336742096 20.0 1.4326746762622378
vertex 6.456708580912725 20.0 1.4903011687217855
vertex 6.303598663257905 20.0 1.4326746762622378
endloop
endfacet
facet normal 0.0 1.0 0.0
outer loop
vertex 4.852952387243699 20.0 1.3851854342773322
vertex 6.303598663257905 20.0 1.4326746762622378
vertex 6.147047612756302 20.0 1.3851854342773322
endloop
endfacet
facet normal 0.0 1.0 0.0
outer loop
vertex 5.01227419495968 20.0 1.3480367989919273
vertex 5.987725805040321 20.0 1.3480367989919273
vertex 5.173684519449871 20.0 1.3213878465654716
endloop
endfacet
facet normal 0.0 1.0 0.0
outer loop
vertex 5.173684519449871 20.0 1.3213878465654716
vertex 5.82631548055013 20.0 1.3213878465654716
vertex 5.336492176924643 20.0 1.3053526919034937
endloop
endfacet
facet normal 0.0 1.0 0.0
outer loop
vertex 5.173684519449871 20.0 1.3213878465654716
vertex 5.987725805040321 20.0 1.3480367989919273
vertex 5.82631548055013 20.0 1.3213878465654716
endloop
endfacet
facet normal 0.0 1.0 0.0
outer loop
vertex 5.336492176924643 20.0 1.3053526919034937
vertex 5.82631548055013 20.0 1.3213878465654716
vertex 5.663507823075358 20.0 1.3053526919034937
endloop
endfacet
facet normal 0.0 1.0 0.0
outer loop
vertex 6.147047612756302 20.0 1.3851854342773322
vertex 5.987725805040321 20.0 1.3480367989919273
vertex 5.01227419495968 20.0 1.3480367989919273
endloop
endfacet
facet normal 0.0 1.0 0.0
outer loop
vertex 5.336492176924643 20.0 1.3053526919034937
vertex 5.663507823075358 20.0 1.3053526919034937
vertex 5.5 20.0 1.2999999999999972
endloop
endfacet
facet normal 0.6343932841636419 0.0 0.7730104533627399
outer loop
vertex 3.851635462249828 20.0 1.9204004813025506
vertex 3.9780964274781985 20.0 1.8166166492719071
vertex 3.9780964274781985 27.0 1.8166166492719071
endloop
endfacet
facet normal 0.582477696867783 0.0 0.812846684591629
outer loop
vertex 3.9780964274781985 20.0 1.8166166492719071
vertex 4.111074417450995 20.0 1.7213259692436367
vertex 4.111074417450995 27.0 1.7213259692436367
endloop
endfacet
facet normal 0.5280678506503587 0.0 0.8492021815265848
outer loop
vertex 4.111074417450995 20.0 1.7213259692436367
vertex 4.25 20.0 1.6349364905389052
vertex 4.25 27.0 1.6349364905389052
endloop
endfacet
facet normal 0.47139673682603617 0.0 0.8819212643483346
outer loop
vertex 4.25 20.0 1.6349364905389052
vertex 4.394278274452497 20.0 1.5578181461682732
vertex 4.394278274452497 27.0 1.5578181461682732
endloop
endfacet
facet normal 0.41270702980435153 0.0 0.9108638249211956
outer loop
vertex 4.394278274452497 20.0 1.5578181461682732
vertex 4.543291419087276 20.0 1.4903011687217855
vertex 4.543291419087276 27.0 1.4903011687217855
endloop
endfacet
facet normal 0.35225004792123604 0.0 0.9359059267573249
outer loop
vertex 4.543291419087276 20.0 1.4903011687217855
vertex 4.696401336742096 20.0 1.4326746762622378
vertex 4.696401336742096 27.0 1.4326746762622378
endloop
endfacet
facet normal 0.29028467725445667 0.0 0.9569403357322108
outer loop
vertex 4.696401336742096 20.0 1.4326746762622378
vertex 4.852952387243699 20.0 1.3851854342773322
vertex 4.852952387243699 27.0 1.3851854342773322
endloop
endfacet
facet normal 0.22707626303437026 0.0 0.9738769792773344
outer loop
vertex 4.852952387243699 20.0 1.3851854342773322
vertex 5.01227419495968 20.0 1.3480367989919273
vertex 5.01227419495968 27.0 1.3480367989919273
endloop
endfacet
facet normal 0.16289547339462324 0.0 0.9866433320848733
outer loop
vertex 5.01227419495968 20.0 1.3480367989919273
vertex 5.173684519449871 20.0 1.3213878465654716
vertex 5.173684519449871 27.0 1.3213878465654716
endloop
endfacet
facet normal 0.09801714032953136 0.0 0.9951847266721998
outer loop
vertex 5.173684519449871 20.0 1.3213878465654716
vertex 5.336492176924643 20.0 1.3053526919034937
vertex 5.336492176924643 27.0 1.3053526919034937
endloop
endfacet
facet normal -0.6343932841636419 0.0 0.7730104533627399
outer loop
vertex 7.148364537750172 20.0 1.9204004813025506
vertex 7.148364537750172 27.0 1.9204004813025506
vertex 7.0219035725218015 20.0 1.8166166492719071
endloop
endfacet
facet normal -0.582477696867783 0.0 0.812846684591629
outer loop
vertex 6.888925582549006 20.0 1.7213259692436367
vertex 7.0219035725218015 20.0 1.8166166492719071
vertex 7.0219035725218015 27.0 1.8166166492719071
endloop
endfacet
facet normal -0.5280678506503587 0.0 0.8492021815265848
outer loop
vertex 6.888925582549006 20.0 1.7213259692436367
vertex 6.888925582549006 27.0 1.7213259692436367
vertex 6.75 20.0 1.6349364905389052
endloop
endfacet
facet normal -0.4713967368260363 0.0 0.8819212643483346
outer loop
vertex 6.75 20.0 1.6349364905389052
vertex 6.75 27.0 1.6349364905389052
vertex 6.605721725547504 20.0 1.5578181461682732
endloop
endfacet
facet normal -0.41270702980435164 0.0 0.9108638249211956
outer loop
vertex 6.605721725547504 20.0 1.5578181461682732
vertex 6.605721725547504 27.0 1.5578181461682732
vertex 6.456708580912725 20.0 1.4903011687217855
endloop
endfacet
facet normal -0.35225004792123615 0.0 0.9359059267573249
outer loop
vertex 6.456708580912725 20.0 1.4903011687217855
vertex 6.456708580912725 27.0 1.4903011687217855
vertex 6.303598663257905 20.0 1.4326746762622378
endloop
endfacet
facet normal -0.16289547339462335 0.0 0.9866433320848733
outer loop
vertex 5.987725805040321 20.0 1.3480367989919273
vertex 5.987725805040321 27.0 1.3480367989919273
vertex 5.82631548055013 20.0 1.3213878465654716
endloop
endfacet
facet normal -0.09801714032953147 0.0 0.9951847266721998
outer loop
vertex 5.663507823075358 20.0 1.3053526919034937
vertex 5.82631548055013 20.0 1.3213878465654716
vertex 5.82631548055013 27.0 1.3213878465654716
endloop
endfacet
facet normal -0.2902846772544567 0.0 0.9569403357322106
outer loop
vertex 6.303598663257905 20.0 1.4326746762622378
vertex 6.303598663257905 27.0 1.4326746762622378
vertex 6.147047612756302 20.0 1.3851854342773322
endloop
endfacet
facet normal -0.22707626303437037 0.0 0.9738769792773344
outer loop
vertex 6.147047612756302 20.0 1.3851854342773322
vertex 6.147047612756302 27.0 1.3851854342773322
vertex 5.987725805040321 20.0 1.3480367989919273
endloop
endfacet
facet normal 0.03271908282180837 0.0 0.9994645874763646
outer loop
vertex 5.336492176924643 20.0 1.3053526919034937
vertex 5.5 20.0 1.2999999999999972
vertex 5.5 27.0 1.2999999999999972
endloop
endfacet
facet normal -0.03271908282180849 0.0 0.9994645874763646
outer loop
vertex 5.663507823075358 20.0 1.3053526919034937
vertex 5.663507823075358 27.0 1.3053526919034937
vertex 5.5 20.0 1.2999999999999972
endloop
endfacet
facet normal 0.6343932841636419 0.0 0.7730104533627399
outer loop
vertex 3.851635462249828 20.0 1.9204004813025506
vertex 3.9780964274781985 27.0 1.8166166492719071
vertex 3.851635462249828 27.0 1.9204004813025506
endloop
endfacet
facet normal 0.582477696867783 0.0 0.812846684591629
outer loop
vertex 3.9780964274781985 20.0 1.8166166492719071
vertex 4.111074417450995 27.0 1.7213259692436367
vertex 3.9780964274781985 27.0 1.8166166492719071
endloop
endfacet
facet normal 0.5280678506503587 0.0 0.8492021815265848
outer loop
vertex 4.111074417450995 20.0 1.7213259692436367
vertex 4.25 27.0 1.6349364905389052
vertex 4.111074417450995 27.0 1.7213259692436367
endloop
endfacet
facet normal 0.47139673682603617 0.0 0.8819212643483346
outer loop
vertex 4.25 20.0 1.6349364905389052
vertex 4.394278274452497 27.0 1.5578181461682732
vertex 4.25 27.0 1.6349364905389052
endloop
endfacet
facet normal 0.41270702980435153 0.0 0.9108638249211956
outer loop
vertex 4.394278274452497 20.0 1.5578181461682732
vertex 4.543291419087276 27.0 1.4903011687217855
vertex 4.394278274452497 27.0 1.5578181461682732
endloop
endfacet
facet normal 0.35225004792123604 0.0 0.9359059267573249
outer loop
vertex 4.543291419087276 20.0 1.4903011687217855
vertex 4.696401336742096 27.0 1.4326746762622378
vertex 4.543291419087276 27.0 1.4903011687217855
endloop
endfacet
facet normal 0.29028467725445667 0.0 0.9569403357322108
outer loop
vertex 4.696401336742096 20.0 1.4326746762622378
vertex 4.852952387243699 27.0 1.3851854342773322
vertex 4.696401336742096 27.0 1.4326746762622378
endloop
endfacet
facet normal 0.22707626303437026 0.0 0.9738769792773344
outer loop
vertex 4.852952387243699 20.0 1.3851854342773322
vertex 5.01227419495968 27.0 1.3480367989919273
vertex 4.852952387243699 27.0 1.3851854342773322
endloop
endfacet
facet normal 0.16289547339462324 0.0 0.9866433320848733
outer loop
vertex 5.01227419495968 20.0 1.3480367989919273
vertex 5.173684519449871 27.0 1.3213878465654716
vertex 5.01227419495968 27.0 1.3480367989919273
endloop
endfacet
facet normal 0.09801714032953136 0.0 0.9951847266721998
outer loop
vertex 5.173684519449871 20.0 1.3213878465654716
vertex 5.336492176924643 27.0 1.3053526919034937
vertex 5.173684519449871 27.0 1.3213878465654716
endloop
endfacet
facet normal -0.6343932841636419 0.0 0.7730104533627399
outer loop
vertex 7.148364537750172 27.0 1.9204004813025506
vertex 7.0219035725218015 27.0 1.8166166492719071
vertex 7.0219035725218015 20.0 1.8166166492719071
endloop
endfacet
facet normal -0.582477696867783 0.0 0.812846684591629
outer loop
vertex 6.888925582549006 20.0 1.7213259692436367
vertex 7.0219035725218015 27.0 1.8166166492719071
vertex 6.888925582549006 27.0 1.7213259692436367
endloop
endfacet
facet normal -0.5280678506503587 0.0 0.8492021815265848
outer loop
vertex 6.75 20.0 1.6349364905389052
vertex 6.888925582549006 27.0 1.7213259692436367
vertex 6.75 27.0 1.6349364905389052
endloop
endfacet
facet normal -0.4713967368260363 0.0 0.8819212643483346
outer loop
vertex 6.605721725547504 20.0 1.5578181461682732
vertex 6.75 27.0 1.6349364905389052
vertex 6.605721725547504 27.0 1.5578181461682732
endloop
endfacet
facet normal -0.41270702980435164 0.0 0.9108638249211956
outer loop
vertex 6.456708580912725 20.0 1.4903011687217855
vertex 6.605721725547504 27.0 1.5578181461682732
vertex 6.456708580912725 27.0 1.4903011687217855
endloop
endfacet
facet normal -0.35225004792123615 0.0 0.9359059267573249
outer loop
vertex 6.303598663257905 20.0 1.4326746762622378
vertex 6.456708580912725 27.0 1.4903011687217855
vertex 6.303598663257905 27.0 1.4326746762622378
endloop
endfacet
facet normal -0.22707626303437037 0.0 0.9738769792773344
outer loop
vertex 5.987725805040321 20.0 1.3480367989919273
vertex 6.147047612756302 27.0 1.3851854342773322
vertex 5.987725805040321 27.0 1.3480367989919273
endloop
endfacet
facet normal -0.09801714032953147 0.0 0.9951847266721998
outer loop
vertex 5.663507823075358 20.0 1.3053526919034937
vertex 5.82631548055013 27.0 1.3213878465654716
vertex 5.663507823075358 27.0 1.3053526919034937
endloop
endfacet
facet normal -0.16289547339462335 0.0 0.9866433320848733
outer loop
vertex 5.82631548055013 20.0 1.3213878465654716
vertex 5.987725805040321 27.0 1.3480367989919273
vertex 5.82631548055013 27.0 1.3213878465654716
endloop
endfacet
facet normal -0.2902846772544567 0.0 0.9569403357322106
outer loop
vertex 6.147047612756302 20.0 1.3851854342773322
vertex 6.303598663257905 27.0 1.4326746762622378
vertex 6.147047612756302 27.0 1.3851854342773322
endloop
endfacet
facet normal 0.03271908282180837 0.0 0.9994645874763646
outer loop
vertex 5.336492176924643 20.0 1.3053526919034937
vertex 5.5 27.0 1.2999999999999972
vertex 5.336492176924643 27.0 1.3053526919034937
endloop
endfacet
facet normal -0.03271908282180849 0.0 0.9994645874763646
outer loop
vertex 5.5 20.0 1.2999999999999972
vertex 5.663507823075358 27.0 1.3053526919034937
vertex 5.5 27.0 1.2999999999999972
endloop
endfacet
facet normal 0.0 1.0 0.0
outer loop
vertex 5.062737256062827 27.0 7.121340285602258
vertex 5.280899517079021 27.0 7.142827392849313
vertex 5.719100482920979 27.0 7.142827392849313
endloop
endfacet
facet normal 0.09801714032954942 0.0 -0.995184726672198
outer loop
vertex 5.062737256062827 27.0 7.121340285602258
vertex 5.062737256062827 27.7 7.121340285602258
vertex 5.280899517079021 27.0 7.142827392849313
endloop
endfacet
facet normal 0.03271908282177871 0.0 -0.9994645874763657
outer loop
vertex 5.280899517079021 27.0 7.142827392849313
vertex 5.280899517079021 27.7 7.142827392849313
vertex 5.5 27.0 7.1499999999999915
endloop
endfacet
facet normal 0.09801714032954942 0.0 -0.995184726672198
outer loop
vertex 5.280899517079021 27.0 7.142827392849313
vertex 5.062737256062827 27.7 7.121340285602258
vertex 5.280899517079021 27.7 7.142827392849313
endloop
endfacet
facet normal 0.0 1.0 0.0
outer loop
vertex 5.062737256062827 27.0 7.121340285602258
vertex 5.937262743937173 27.0 7.121340285602258
vertex 4.84644742124597 27.0 7.085630689350822
endloop
endfacet
facet normal 0.0 1.0 0.0
outer loop
vertex 4.84644742124597 27.0 7.085630689350822
vertex 6.15355257875403 27.0 7.085630689350822
vertex 4.632956198906555 27.0 7.03585151806837
endloop
endfacet
facet normal 0.1628954733945603 0.0 -0.9866433320848838
outer loop
vertex 5.062737256062827 27.0 7.121340285602258
vertex 4.84644742124597 27.0 7.085630689350822
vertex 4.84644742124597 27.7 7.085630689350822
endloop
endfacet
facet normal 0.0 1.0 0.0
outer loop
vertex 4.423177791234409 27.0 6.972215933808599
vertex 4.632956198906555 27.0 7.03585151806837
vertex 6.367043801093445 27.0 7.03585151806837
endloop
endfacet
facet normal 0.22707626303441222 0.0 -0.9738769792773246
outer loop
vertex 4.84644742124597 27.0 7.085630689350822
vertex 4.632956198906555 27.0 7.03585151806837
vertex 4.632956198906555 27.7 7.03585151806837
endloop
endfacet
facet normal 0.29028467725444596 0.0 -0.956940335732214
outer loop
vertex 4.632956198906555 27.0 7.03585151806837
vertex 4.423177791234409 27.7 6.972215933808599
vertex 4.632956198906555 27.7 7.03585151806837
endloop
endfacet
facet normal 0.1628954733945603 0.0 -0.9866433320848838
outer loop
vertex 5.062737256062827 27.0 7.121340285602258
vertex 4.84644742124597 27.7 7.085630689350822
vertex 5.062737256062827 27.7 7.121340285602258
endloop
endfacet
facet normal 0.22707626303441222 0.0 -0.9738769792773246
outer loop
vertex 4.84644742124597 27.0 7.085630689350822
vertex 4.632956198906555 27.7 7.03585151806837
vertex 4.84644742124597 27.7 7.085630689350822
endloop
endfacet
facet normal 0.29028467725444596 0.0 -0.956940335732214
outer loop
vertex 4.423177791234409 27.0 6.972215933808599
vertex 4.423177791234409 27.7 6.972215933808599
vertex 4.632956198906555 27.0 7.03585151806837
endloop
endfacet
facet normal 0.3522500479212203 0.0 -0.9359059267573309
outer loop
vertex 4.423177791234409 27.0 6.972215933808599
vertex 4.218010501576949 27.0 6.894996433912809
vertex 4.218010501576949 27.7 6.894996433912809
endloop
endfacet
facet normal 0.0 1.0 0.0
outer loop
vertex 4.423177791234409 27.0 6.972215933808599
vertex 6.576822208765591 27.0 6.972215933808599
vertex 4.218010501576949 27.0 6.894996433912809
endloop
endfacet
facet normal 0.3522500479212203 0.0 -0.9359059267573309
outer loop
vertex 4.423177791234409 27.0 6.972215933808599
vertex 4.218010501576949 27.7 6.894996433912809
vertex 4.423177791234409 27.7 6.972215933808599
endloop
endfacet
facet normal 0.4713967368260117 0.0 -0.8819212643483477
outer loop
vertex 4.018332887766346 27.0 6.804523684134509
vertex 3.825 27.7 6.701185102677869
vertex 4.018332887766346 27.7 6.804523684134509
endloop
endfacet
facet normal 0.4713967368260117 0.0 -0.8819212643483477
outer loop
vertex 4.018332887766346 27.0 6.804523684134509
vertex 3.825 27.0 6.701185102677869
vertex 3.825 27.7 6.701185102677869
endloop
endfacet
facet normal 0.5280678506503542 0.0 -0.8492021815265876
outer loop
vertex 3.825 27.0 6.701185102677869
vertex 3.6388397193843325 27.7 6.58542320121353
vertex 3.825 27.7 6.701185102677869
endloop
endfacet
facet normal 0.41270702980437673 0.0 -0.9108638249211842
outer loop
vertex 4.218010501576949 27.0 6.894996433912809
vertex 4.018332887766346 27.0 6.804523684134509
vertex 4.018332887766346 27.7 6.804523684134509
endloop
endfacet
facet normal 0.0 1.0 0.0
outer loop
vertex 4.218010501576949 27.0 6.894996433912809
vertex 6.781989498423051 27.0 6.894996433912809
vertex 4.018332887766346 27.0 6.804523684134509
endloop
endfacet
facet normal 0.0 1.0 0.0
outer loop
vertex 4.018332887766346 27.0 6.804523684134509
vertex 6.981667112233654 27.0 6.804523684134509
vertex 3.825 27.0 6.701185102677869
endloop
endfacet
facet normal 0.41270702980437673 0.0 -0.9108638249211842
outer loop
vertex 4.218010501576949 27.0 6.894996433912809
vertex 4.018332887766346 27.7 6.804523684134509
vertex 4.218010501576949 27.7 6.894996433912809
endloop
endfacet
facet normal 0.0 1.0 0.0
outer loop
vertex 3.825 27.0 6.701185102677869
vertex 7.175 27.0 6.701185102677869
vertex 3.6388397193843325 27.0 6.58542320121353
endloop
endfacet
facet normal 0.0 1.0 0.0
outer loop
vertex 5.280899517079021 27.0 7.142827392849313
vertex 5.5 27.0 7.1499999999999915
vertex 5.719100482920979 27.0 7.142827392849313
endloop
endfacet
facet normal 0.0 1.0 0.0
outer loop
vertex 5.062737256062827 27.0 7.121340285602258
vertex 5.719100482920979 27.0 7.142827392849313
vertex 5.937262743937173 27.0 7.121340285602258
endloop
endfacet
facet normal -0.032719082821778586 0.0 -0.9994645874763657
outer loop
vertex 5.5 27.0 7.1499999999999915
vertex 5.5 27.7 7.1499999999999915
vertex 5.719100482920979 27.0 7.142827392849313
endloop
endfacet
facet normal -0.09801714032954931 0.0 -0.995184726672198
outer loop
vertex 5.719100482920979 27.0 7.142827392849313
vertex 5.719100482920979 27.7 7.142827392849313
vertex 5.937262743937173 27.0 7.121340285602258
endloop
endfacet
facet normal 0.03271908282177871 0.0 -0.9994645874763657
outer loop
vertex 5.5 27.0 7.1499999999999915
vertex 5.280899517079021 27.7 7.142827392849313
vertex 5.5 27.7 7.1499999999999915
endloop
endfacet
facet normal -0.032719082821778586 0.0 -0.9994645874763657
outer loop
vertex 5.719100482920979 27.0 7.142827392849313
vertex 5.5 27.7 7.1499999999999915
vertex 5.719100482920979 27.7 7.142827392849313
endloop
endfacet
facet normal -0.09801714032954931 0.0 -0.995184726672198
outer loop
vertex 5.937262743937173 27.0 7.121340285602258
vertex 5.719100482920979 27.7 7.142827392849313
vertex 5.937262743937173 27.7 7.121340285602258
endloop
endfacet
facet normal 0.0 1.0 0.0
outer loop
vertex 4.84644742124597 27.0 7.085630689350822
vertex 5.937262743937173 27.0 7.121340285602258
vertex 6.15355257875403 27.0 7.085630689350822
endloop
endfacet
facet normal -0.16289547339456018 0.0 -0.9866433320848838
outer loop
vertex 5.937262743937173 27.0 7.121340285602258
vertex 5.937262743937173 27.7 7.121340285602258
vertex 6.15355257875403 27.0 7.085630689350822
endloop
endfacet
facet normal 0.0 1.0 0.0
outer loop
vertex 4.632956198906555 27.0 7.03585151806837
vertex 6.15355257875403 27.0 7.085630689350822
vertex 6.367043801093445 27.0 7.03585151806837
endloop
endfacet
facet normal -0.2270762630344121 0.0 -0.9738769792773246
outer loop
vertex 6.15355257875403 27.0 7.085630689350822
vertex 6.15355257875403 27.7 7.085630689350822
vertex 6.367043801093445 27.0 7.03585151806837
endloop
endfacet
facet normal -0.29028467725444584 0.0 -0.956940335732214
outer loop
vertex 6.367043801093445 27.0 7.03585151806837
vertex 6.367043801093445 27.7 7.03585151806837
vertex 6.576822208765591 27.0 6.972215933808599
endloop
endfacet
facet normal -0.16289547339456018 0.0 -0.9866433320848838
outer loop
vertex 6.15355257875403 27.0 7.085630689350822
vertex 5.937262743937173 27.7 7.121340285602258
vertex 6.15355257875403 27.7 7.085630689350822
endloop
endfacet
facet normal -0.2270762630344121 0.0 -0.9738769792773246
outer loop
vertex 6.367043801093445 27.0 7.03585151806837
vertex 6.15355257875403 27.7 7.085630689350822
vertex 6.367043801093445 27.7 7.03585151806837
endloop
endfacet
facet normal 0.0 1.0 0.0
outer loop
vertex 4.423177791234409 27.0 6.972215933808599
vertex 6.367043801093445 27.0 7.03585151806837
vertex 6.576822208765591 27.0 6.972215933808599
endloop
endfacet
facet normal 0.0 1.0 0.0
outer loop
vertex 4.218010501576949 27.0 6.894996433912809
vertex 6.576822208765591 27.0 6.972215933808599
vertex 6.781989498423051 27.0 6.894996433912809
endloop
endfacet
facet normal -0.35225004792122017 0.0 -0.9359059267573309
outer loop
vertex 6.576822208765591 27.0 6.972215933808599
vertex 6.576822208765591 27.7 6.972215933808599
vertex 6.781989498423051 27.0 6.894996433912809
endloop
endfacet
facet normal -0.29028467725444584 0.0 -0.956940335732214
outer loop
vertex 6.576822208765591 27.0 6.972215933808599
vertex 6.367043801093445 27.7 7.03585151806837
vertex 6.576822208765591 27.7 6.972215933808599
endloop
endfacet
facet normal -0.35225004792122017 0.0 -0.9359059267573309
outer loop
vertex 6.781989498423051 27.0 6.894996433912809
vertex 6.576822208765591 27.7 6.972215933808599
vertex 6.781989498423051 27.7 6.894996433912809
endloop
endfacet
facet normal 0.0 1.0 0.0
outer loop
vertex 4.018332887766346 27.0 6.804523684134509
vertex 6.781989498423051 27.0 6.894996433912809
vertex 6.981667112233654 27.0 6.804523684134509
endloop
endfacet
facet normal 0.0 1.0 0.0
outer loop
vertex 6.981667112233654 27.0 6.804523684134509
vertex 7.175 27.0 6.701185102677869
vertex 3.825 27.0 6.701185102677869
endloop
endfacet
facet normal -0.4127070298043766 0.0 -0.9108638249211842
outer loop
vertex 6.781989498423051 27.0 6.894996433912809
vertex 6.781989498423051 27.7 6.894996433912809
vertex 6.981667112233654 27.0 6.804523684134509
endloop
endfacet
facet normal -0.4713967368260116 0.0 -0.8819212643483477
outer loop
vertex 6.981667112233654 27.0 6.804523684134509
vertex 6.981667112233654 27.7 6.804523684134509
vertex 7.175 27.0 6.701185102677869
endloop
endfacet
facet normal -0.4127070298043766 0.0 -0.9108638249211842
outer loop
vertex 6.981667112233654 27.0 6.804523684134509
vertex 6.781989498423051 27.7 6.894996433912809
vertex 6.981667112233654 27.7 6.804523684134509
endloop
endfacet
facet normal -0.5280678506503542 0.0 -0.8492021815265876
outer loop
vertex 7.175 27.0 6.701185102677869
vertex 7.175 27.7 6.701185102677869
vertex 7.3611602806156675 27.0 6.58542320121353
endloop
endfacet
facet normal -0.4713967368260116 0.0 -0.8819212643483477
outer loop
vertex 7.175 27.0 6.701185102677869
vertex 6.981667112233654 27.7 6.804523684134509
vertex 7.175 27.7 6.701185102677869
endloop
endfacet
facet normal 0.5280678506503542 0.0 -0.8492021815265876
outer loop
vertex 3.825 27.0 6.701185102677869
vertex 3.6388397193843325 27.0 6.58542320121353
vertex 3.6388397193843325 27.7 6.58542320121353
endloop
endfacet
facet normal 0.5824776968678044 0.0 -0.8128466845916137
outer loop
vertex 3.6388397193843325 27.0 6.58542320121353
vertex 3.460649212820786 27.7 6.45773368997564
vertex 3.6388397193843325 27.7 6.58542320121353
endloop
endfacet
facet normal 0.5824776968678044 0.0 -0.8128466845916137
outer loop
vertex 3.6388397193843325 27.0 6.58542320121353
vertex 3.460649212820786 27.0 6.45773368997564
vertex 3.460649212820786 27.7 6.45773368997564
endloop
endfacet
facet normal 0.0 1.0 0.0
outer loop
vertex 3.6388397193843325 27.0 6.58542320121353
vertex 7.3611602806156675 27.0 6.58542320121353
vertex 3.460649212820786 27.0 6.45773368997564
endloop
endfacet
facet normal 0.6343932841636698 0.0 -0.773010453362717
outer loop
vertex 3.2911915194147694 27.0 6.318663355054568
vertex 3.2911915194147694 27.7 6.318663355054568
vertex 3.460649212820786 27.0 6.45773368997564
endloop
endfacet
facet normal 0.6343932841636698 0.0 -0.773010453362717
outer loop
vertex 3.460649212820786 27.0 6.45773368997564
vertex 3.2911915194147694 27.7 6.318663355054568
vertex 3.460649212820786 27.7 6.45773368997564
endloop
endfacet
facet normal 0.6835923020228787 0.0 -0.7298640726978288
outer loop
vertex 3.2911915194147694 27.0 6.318663355054568
vertex 3.131192283025066 27.0 6.168807716974925
vertex 3.131192283025066 27.7 6.168807716974925
endloop
endfacet
facet normal 0.0 1.0 0.0
outer loop
vertex 3.2911915194147694 27.0 6.318663355054568
vertex 4.852952387243699 27.0 6.214814565722662
vertex 3.131192283025066 27.0 6.168807716974925
endloop
endfacet
facet normal 0.6835923020228787 0.0 -0.7298640726978288
outer loop
vertex 3.2911915194147694 27.0 6.318663355054568
vertex 3.131192283025066 27.7 6.168807716974925
vertex 3.2911915194147694 27.7 6.318663355054568
endloop
endfacet
facet normal 0.0 1.0 0.0
outer loop
vertex 3.2911915194147694 27.0 6.318663355054568
vertex 5.336492176924643 27.0 6.294647308096501
vertex 5.173684519449871 27.0 6.278612153434523
endloop
endfacet
facet normal 0.0 1.0 0.0
outer loop
vertex 3.2911915194147694 27.0 6.318663355054568
vertex 3.460649212820786 27.0 6.45773368997564
vertex 7.539350787179214 27.0 6.45773368997564
endloop
endfacet
facet normal 0.0 1.0 0.0
outer loop
vertex 3.2911915194147694 27.0 6.318663355054568
vertex 5.5 27.0 6.299999999999997
vertex 5.336492176924643 27.0 6.294647308096501
endloop
endfacet
facet normal 0.0 1.0 0.0
outer loop
vertex 3.2911915194147694 27.0 6.318663355054568
vertex 5.173684519449871 27.0 6.278612153434523
vertex 5.012274194959679 27.0 6.251963201008067
endloop
endfacet
facet normal 0.0 1.0 0.0
outer loop
vertex 3.2911915194147694 27.0 6.318663355054568
vertex 5.012274194959679 27.0 6.251963201008067
vertex 4.852952387243699 27.0 6.214814565722662
endloop
endfacet
facet normal 0.0 1.0 0.0
outer loop
vertex 3.131192283025066 27.0 6.168807716974925
vertex 4.852952387243699 27.0 6.214814565722662
vertex 4.696401336742096 27.0 6.1673253237377565
endloop
endfacet
facet normal 0.729864072697816 0.0 -0.6835923020228925
outer loop
vertex 3.131192283025066 27.0 6.168807716974925
vertex 2.9813366449454257 27.0 6.00880848058523
vertex 2.9813366449454257 27.7 6.00880848058523
endloop
endfacet
facet normal 0.0 1.0 0.0
outer loop
vertex 3.131192283025066 27.0 6.168807716974925
vertex 4.394278274452496 27.0 6.042181853831721
vertex 2.9813366449454257 27.0 6.00880848058523
endloop
endfacet
facet normal 0.0 1.0 0.0
outer loop
vertex 3.131192283025066 27.0 6.168807716974925
vertex 4.543291419087275 27.0 6.109698831278209
vertex 4.394278274452496 27.0 6.042181853831721
endloop
endfacet
facet normal 0.729864072697816 0.0 -0.6835923020228925
outer loop
vertex 3.131192283025066 27.0 6.168807716974925
vertex 2.9813366449454257 27.7 6.00880848058523
vertex 3.131192283025066 27.7 6.168807716974925
endloop
endfacet
facet normal 0.0 1.0 0.0
outer loop
vertex 2.9813366449454257 27.0 6.00880848058523
vertex 4.394278274452496 27.0 6.042181853831721
vertex 4.25 27.0 5.965063509461089
endloop
endfacet
facet normal 0.0 1.0 0.0
outer loop
vertex 2.9813366449454257 27.0 6.00880848058523
vertex 4.25 27.0 5.965063509461089
vertex 4.111074417450995 27.0 5.878674030756358
endloop
endfacet
facet normal 0.773010453362737 0.0 -0.6343932841636457
outer loop
vertex 2.9813366449454257 27.0 6.00880848058523
vertex 2.842266310024362 27.7 5.839350787179214
vertex 2.9813366449454257 27.7 6.00880848058523
endloop
endfacet
facet normal 0.0 1.0 0.0
outer loop
vertex 3.131192283025066 27.0 6.168807716974925
vertex 4.696401336742096 27.0 6.1673253237377565
vertex 4.543291419087275 27.0 6.109698831278209
endloop
endfacet
facet normal 0.0 1.0 0.0
outer loop
vertex 2.9813366449454257 27.0 6.00880848058523
vertex 4.111074417450995 27.0 5.878674030756358
vertex 2.842266310024362 27.0 5.839350787179214
endloop
endfacet
facet normal 0.773010453362737 0.0 -0.6343932841636457
outer loop
vertex 2.9813366449454257 27.0 6.00880848058523
vertex 2.842266310024362 27.0 5.839350787179214
vertex 2.842266310024362 27.7 5.839350787179214
endloop
endfacet
facet normal 0.0 1.0 0.0
outer loop
vertex 2.842266310024362 27.0 5.839350787179214
vertex 4.111074417450995 27.0 5.878674030756358
vertex 3.9780964274781985 27.0 5.783383350728087
endloop
endfacet
facet normal 0.0 1.0 0.0
outer loop
vertex 2.842266310024362 27.0 5.839350787179214
vertex 3.8516354622498277 27.0 5.679599518697444
vertex 2.7145767987864735 27.0 5.661160280615661
endloop
endfacet
facet normal 0.8128466845916249 0.0 -0.5824776968677888
outer loop
vertex 2.842266310024362 27.0 5.839350787179214
vertex 2.7145767987864735 27.0 5.661160280615661
vertex 2.7145767987864735 27.7 5.661160280615661
endloop
endfacet
facet normal 0.0 1.0 0.0
outer loop
vertex 2.842266310024362 27.0 5.839350787179214
vertex 3.9780964274781985 27.0 5.783383350728087
vertex 3.8516354622498277 27.0 5.679599518697444
endloop
endfacet
facet normal 0.8128466845916249 0.0 -0.5824776968677888
outer loop
vertex 2.842266310024362 27.0 5.839350787179214
vertex 2.7145767987864735 27.7 5.661160280615661
vertex 2.842266310024362 27.7 5.839350787179214
endloop
endfacet
facet normal 0.0 1.0 0.0
outer loop
vertex 3.6388397193843325 27.0 6.58542320121353
vertex 7.175 27.0 6.701185102677869
vertex 7.3611602806156675 27.0 6.58542320121353
endloop
endfacet
facet normal 0.0 1.0 0.0
outer loop
vertex 3.460649212820786 27.0 6.45773368997564
vertex 7.3611602806156675 27.0 6.58542320121353
vertex 7.539350787179214 27.0 6.45773368997564
endloop
endfacet
facet normal -0.5824776968678044 0.0 -0.8128466845916137
outer loop
vertex 7.3611602806156675 27.0 6.58542320121353
vertex 7.3611602806156675 27.7 6.58542320121353
vertex 7.539350787179214 27.0 6.45773368997564
endloop
endfacet
facet normal -0.5280678506503542 0.0 -0.8492021815265876
outer loop
vertex 7.3611602806156675 27.0 6.58542320121353
vertex 7.175 27.7 6.701185102677869
vertex 7.3611602806156675 27.7 6.58542320121353
endloop
endfacet
facet normal -0.5824776968678044 0.0 -0.8128466845916137
outer loop
vertex 7.539350787179214 27.0 6.45773368997564
vertex 7.3611602806156675 27.7 6.58542320121353
vertex 7.539350787179214 27.7 6.45773368997564
endloop
endfacet
facet normal 0.0 1.0 0.0
outer loop
vertex 3.2911915194147694 27.0 6.318663355054568
vertex 7.708808480585231 27.0 6.318663355054568
vertex 5.5 27.0 6.299999999999997
endloop
endfacet
facet normal 0.0 1.0 0.0
outer loop
vertex 3.2911915194147694 27.0 6.318663355054568
vertex 7.539350787179214 27.0 6.45773368997564
vertex 7.708808480585231 27.0 6.318663355054568
endloop
endfacet
facet normal 0.0 1.0 0.0
outer loop
vertex 5.5 27.0 6.299999999999997
vertex 7.708808480585231 27.0 6.318663355054568
vertex 5.663507823075357 27.0 6.294647308096501
endloop
endfacet
facet normal 0.0 1.0 0.0
outer loop
vertex 5.663507823075357 27.0 6.294647308096501
vertex 7.708808480585231 27.0 6.318663355054568
vertex 5.826315480550129 27.0 6.278612153434523
endloop
endfacet
facet normal 0.0 1.0 0.0
outer loop
vertex 5.826315480550129 27.0 6.278612153434523
vertex 7.708808480585231 27.0 6.318663355054568
vertex 5.987725805040321 27.0 6.251963201008067
endloop
endfacet
facet normal 0.0 1.0 0.0
outer loop
vertex 5.987725805040321 27.0 6.251963201008067
vertex 7.708808480585231 27.0 6.318663355054568
vertex 6.147047612756301 27.0 6.214814565722662
endloop
endfacet
facet normal -0.6343932841636698 0.0 -0.773010453362717
outer loop
vertex 7.539350787179214 27.0 6.45773368997564
vertex 7.539350787179214 27.7 6.45773368997564
vertex 7.708808480585231 27.0 6.318663355054568
endloop
endfacet
facet normal -0.6343932841636698 0.0 -0.773010453362717
outer loop
vertex 7.708808480585231 27.0 6.318663355054568
vertex 7.539350787179214 27.7 6.45773368997564
vertex 7.708808480585231 27.7 6.318663355054568
endloop
endfacet
facet normal 0.0 1.0 0.0
outer loop
vertex 6.147047612756301 27.0 6.214814565722662
vertex 7.868807716974934 27.0 6.168807716974925
vertex 6.303598663257904 27.0 6.1673253237377565
endloop
endfacet
facet normal 0.0 1.0 0.0
outer loop
vertex 6.147047612756301 27.0 6.214814565722662
vertex 7.708808480585231 27.0 6.318663355054568
vertex 7.868807716974934 27.0 6.168807716974925
endloop
endfacet
facet normal -0.6835923020228787 0.0 -0.7298640726978288
outer loop
vertex 7.708808480585231 27.0 6.318663355054568
vertex 7.708808480585231 27.7 6.318663355054568
vertex 7.868807716974934 27.0 6.168807716974925
endloop
endfacet
facet normal -0.6835923020228787 0.0 -0.7298640726978288
outer loop
vertex 7.868807716974934 27.0 6.168807716974925
vertex 7.708808480585231 27.7 6.318663355054568
vertex 7.868807716974934 27.7 6.168807716974925
endloop
endfacet
facet normal 0.0 1.0 0.0
outer loop
vertex 6.303598663257904 27.0 6.1673253237377565
vertex 7.868807716974934 27.0 6.168807716974925
vertex 6.456708580912725 27.0 6.109698831278209
endloop
endfacet
facet normal 0.0 1.0 0.0
outer loop
vertex 6.456708580912725 27.0 6.109698831278209
vertex 7.868807716974934 27.0 6.168807716974925
vertex 6.605721725547504 27.0 6.042181853831721
endloop
endfacet
facet normal 0.0 1.0 0.0
outer loop
vertex 6.605721725547504 27.0 6.042181853831721
vertex 7.868807716974934 27.0 6.168807716974925
vertex 8.018663355054574 27.0 6.00880848058523
endloop
endfacet
facet normal -0.729864072697816 0.0 -0.6835923020228925
outer loop
vertex 7.868807716974934 27.0 6.168807716974925
vertex 7.868807716974934 27.7 6.168807716974925
vertex 8.018663355054574 27.0 6.00880848058523
endloop
endfacet
facet normal -0.729864072697816 0.0 -0.6835923020228925
outer loop
vertex 8.018663355054574 27.0 6.00880848058523
vertex 7.868807716974934 27.7 6.168807716974925
vertex 8.018663355054574 27.7 6.00880848058523
endloop
endfacet
facet normal 0.0 1.0 0.0
outer loop
vertex 6.605721725547504 27.0 6.042181853831721
vertex 8.018663355054574 27.0 6.00880848058523
vertex 6.75 27.0 5.965063509461089
endloop
endfacet
facet normal 0.0 1.0 0.0
outer loop
vertex 6.75 27.0 5.965063509461089
vertex 8.018663355054574 27.0 6.00880848058523
vertex 6.888925582549005 27.0 5.878674030756358
endloop
endfacet
facet normal 0.0 1.0 0.0
outer loop
vertex 6.888925582549005 27.0 5.878674030756358
vertex 8.157733689975638 27.0 5.839350787179214
vertex 7.0219035725218015 27.0 5.783383350728087
endloop
endfacet
facet normal 0.0 1.0 0.0
outer loop
vertex 6.888925582549005 27.0 5.878674030756358
vertex 8.018663355054574 27.0 6.00880848058523
vertex 8.157733689975638 27.0 5.839350787179214
endloop
endfacet
facet normal 0.0 1.0 0.0
outer loop
vertex 7.0219035725218015 27.0 5.783383350728087
vertex 8.157733689975638 27.0 5.839350787179214
vertex 7.148364537750172 27.0 5.679599518697444
endloop
endfacet
facet normal 0.0 1.0 0.0
outer loop
vertex 8.157733689975638 27.0 5.839350787179214
vertex 8.285423201213526 27.0 5.661160280615661
vertex 7.148364537750172 27.0 5.679599518697444
endloop
endfacet
facet normal -0.773010453362737 0.0 -0.6343932841636457
outer loop
vertex 8.018663355054574 27.0 6.00880848058523
vertex 8.018663355054574 27.7 6.00880848058523
vertex 8.157733689975638 27.0 5.839350787179214
endloop
endfacet
facet normal -0.773010453362737 0.0 -0.6343932841636457
outer loop
vertex 8.157733689975638 27.0 5.839350787179214
vertex 8.018663355054574 27.7 6.00880848058523
vertex 8.157733689975638 27.7 5.839350787179214
endloop
endfacet
facet normal -0.8128466845916249 0.0 -0.5824776968677888
outer loop
vertex 8.157733689975638 27.0 5.839350787179214
vertex 8.157733689975638 27.7 5.839350787179214
vertex 8.285423201213526 27.0 5.661160280615661
endloop
endfacet
facet normal -0.8128466845916249 0.0 -0.5824776968677888
outer loop
vertex 8.285423201213526 27.0 5.661160280615661
vertex 8.157733689975638 27.7 5.839350787179214
vertex 8.285423201213526 27.7 5.661160280615661
endloop
endfacet
facet normal 0.8492021815265776 0.0 -0.5280678506503701
outer loop
vertex 2.7145767987864735 27.0 5.661160280615661
vertex 2.5988148973221303 27.7 5.474999999999994
vertex 2.7145767987864735 27.7 5.661160280615661
endloop
endfacet
facet normal 0.8492021815265776 0.0 -0.5280678506503701
outer loop
vertex 2.7145767987864735 27.0 5.661160280615661
vertex 2.5988148973221303 27.0 5.474999999999994
vertex 2.5988148973221303 27.7 5.474999999999994
endloop
endfacet
facet normal 0.8819212643483556 0.0 -0.471396736825997
outer loop
vertex 2.5988148973221303 27.0 5.474999999999994
vertex 2.4954763158654942 27.0 5.281667112233649
vertex 2.4954763158654942 27.7 5.281667112233649
endloop
endfacet
facet normal 0.8819212643483556 0.0 -0.471396736825997
outer loop
vertex 2.5988148973221303 27.0 5.474999999999994
vertex 2.4954763158654942 27.7 5.281667112233649
vertex 2.5988148973221303 27.7 5.474999999999994
endloop
endfacet
facet normal 0.0 1.0 0.0
outer loop
vertex 2.7145767987864735 27.0 5.661160280615661
vertex 3.8516354622498277 27.0 5.679599518697444
vertex 3.732233047033631 27.0 5.567766952966366
endloop
endfacet
facet normal 0.0 1.0 0.0
outer loop
vertex 2.7145767987864735 27.0 5.661160280615661
vertex 3.6204004813025565 27.0 5.448364537750166
vertex 2.5988148973221303 27.0 5.474999999999994
endloop
endfacet
facet normal 0.0 1.0 0.0
outer loop
vertex 2.7145767987864735 27.0 5.661160280615661
vertex 3.732233047033631 27.0 5.567766952966366
vertex 3.6204004813025565 27.0 5.448364537750166
endloop
endfacet
facet normal 0.0 1.0 0.0
outer loop
vertex 2.5988148973221303 27.0 5.474999999999994
vertex 3.6204004813025565 27.0 5.448364537750166
vertex 3.516616649271912 27.0 5.321903572521805
endloop
endfacet
facet normal 0.0 1.0 0.0
outer loop
vertex 2.5988148973221303 27.0 5.474999999999994
vertex 3.421325969243637 27.0 5.188925582549004
vertex 2.4954763158654942 27.0 5.281667112233649
endloop
endfacet
facet normal 0.0 1.0 0.0
outer loop
vertex 2.5988148973221303 27.0 5.474999999999994
vertex 3.516616649271912 27.0 5.321903572521805
vertex 3.421325969243637 27.0 5.188925582549004
endloop
endfacet
facet normal 0.9108638249211786 0.0 -0.4127070298043889
outer loop
vertex 2.4954763158654942 27.0 5.281667112233649
vertex 2.4050035660871893 27.0 5.081989498423042
vertex 2.4050035660871893 27.7 5.081989498423042
endloop
endfacet
facet normal 0.9108638249211786 0.0 -0.4127070298043889
outer loop
vertex 2.4954763158654942 27.0 5.281667112233649
vertex 2.4050035660871893 27.7 5.081989498423042
vertex 2.4954763158654942 27.7 5.281667112233649
endloop
endfacet
facet normal 0.9359059267573218 0.0 -0.35225004792124404
outer loop
vertex 2.4050035660871893 27.0 5.081989498423042
vertex 2.3277840661913958 27.7 4.876822208765589
vertex 2.4050035660871893 27.7 5.081989498423042
endloop
endfacet
facet normal 0.0 1.0 0.0
outer loop
vertex 2.4050035660871893 27.0 5.081989498423042
vertex 3.2578181461682796 27.0 4.905721725547494
vertex 2.3277840661913958 27.0 4.876822208765589
endloop
endfacet
facet normal 0.9359059267573218 0.0 -0.35225004792124404
outer loop
vertex 2.4050035660871893 27.0 5.081989498423042
vertex 2.3277840661913958 27.0 4.876822208765589
vertex 2.3277840661913958 27.7 4.876822208765589
endloop
endfacet
facet normal 0.9569403357322089 0.0 -0.29028467725446283
outer loop
vertex 2.3277840661913958 27.0 4.876822208765589
vertex 2.264148481931621 27.7 4.667043801093442
vertex 2.3277840661913958 27.7 4.876822208765589
endloop
endfacet
facet normal 0.0 1.0 0.0
outer loop
vertex 2.4954763158654942 27.0 5.281667112233649
vertex 3.421325969243637 27.0 5.188925582549004
vertex 3.334936490538903 27.0 5.049999999999997
endloop
endfacet
facet normal 0.0 1.0 0.0
outer loop
vertex 2.4954763158654942 27.0 5.281667112233649
vertex 3.334936490538903 27.0 5.049999999999997
vertex 2.4050035660871893 27.0 5.081989498423042
endloop
endfacet
facet normal 0.0 1.0 0.0
outer loop
vertex 2.4050035660871893 27.0 5.081989498423042
vertex 3.334936490538903 27.0 5.049999999999997
vertex 3.2578181461682796 27.0 4.905721725547494
endloop
endfacet
facet normal 0.0 1.0 0.0
outer loop
vertex 3.2578181461682796 27.0 4.905721725547494
vertex 3.190301168721783 27.0 4.756708580912715
vertex 2.3277840661913958 27.0 4.876822208765589
endloop
endfacet
facet normal 0.0 1.0 0.0
outer loop
vertex 7.148364537750172 27.0 5.679599518697444
vertex 8.285423201213526 27.0 5.661160280615661
vertex 7.267766952966369 27.0 5.567766952966366
endloop
endfacet
facet normal 0.0 1.0 0.0
outer loop
vertex 7.267766952966369 27.0 5.567766952966366
vertex 8.285423201213526 27.0 5.661160280615661
vertex 8.40118510267787 27.0 5.474999999999994
endloop
endfacet
facet normal 0.0 1.0 0.0
outer loop
vertex 7.267766952966369 27.0 5.567766952966366
vertex 8.40118510267787 27.0 5.474999999999994
vertex 7.379599518697443 27.0 5.448364537750166
endloop
endfacet
facet normal 0.0 1.0 0.0
outer loop
vertex 7.379599518697443 27.0 5.448364537750166
vertex 8.40118510267787 27.0 5.474999999999994
vertex 7.483383350728088 27.0 5.321903572521805
endloop
endfacet
facet normal 0.0 1.0 0.0
outer loop
vertex 7.483383350728088 27.0 5.321903572521805
vertex 8.504523684134506 27.0 5.281667112233649
vertex 7.578674030756363 27.0 5.188925582549004
endloop
endfacet
facet normal -0.8492021815265776 0.0 -0.5280678506503701
outer loop
vertex 8.285423201213526 27.0 5.661160280615661
vertex 8.285423201213526 27.7 5.661160280615661
vertex 8.40118510267787 27.0 5.474999999999994
endloop
endfacet
facet normal -0.8492021815265776 0.0 -0.5280678506503701
outer loop
vertex 8.40118510267787 27.0 5.474999999999994
vertex 8.285423201213526 27.7 5.661160280615661
vertex 8.40118510267787 27.7 5.474999999999994
endloop
endfacet
facet normal -0.8819212643483554 0.0 -0.471396736825997
outer loop
vertex 8.40118510267787 27.0 5.474999999999994
vertex 8.40118510267787 27.7 5.474999999999994
vertex 8.504523684134506 27.0 5.281667112233649
endloop
endfacet
facet normal 0.0 1.0 0.0
outer loop
vertex 7.483383350728088 27.0 5.321903572521805
vertex 8.40118510267787 27.0 5.474999999999994
vertex 8.504523684134506 27.0 5.281667112233649
endloop
endfacet
facet normal -0.8819212643483554 0.0 -0.471396736825997
outer loop
vertex 8.504523684134506 27.0 5.281667112233649
vertex 8.40118510267787 27.7 5.474999999999994
vertex 8.504523684134506 27.7 5.281667112233649
endloop
endfacet
facet normal 0.0 1.0 0.0
outer loop
vertex 7.578674030756363 27.0 5.188925582549004
vertex 8.594996433912812 27.0 5.081989498423042
vertex 7.665063509461097 27.0 5.049999999999997
endloop
endfacet
facet normal 0.0 1.0 0.0
outer loop
vertex 7.665063509461097 27.0 5.049999999999997
vertex 8.594996433912812 27.0 5.081989498423042
vertex 7.74218185383172 27.0 4.905721725547494
endloop
endfacet
facet normal 0.0 1.0 0.0
outer loop
vertex 8.504523684134506 27.0 5.281667112233649
vertex 8.594996433912812 27.0 5.081989498423042
vertex 7.578674030756363 27.0 5.188925582549004
endloop
endfacet
facet normal -0.9108638249211786 0.0 -0.412707029804389
outer loop
vertex 8.504523684134506 27.0 5.281667112233649
vertex 8.504523684134506 27.7 5.281667112233649
vertex 8.594996433912812 27.0 5.081989498423042
endloop
endfacet
facet normal -0.9108638249211786 0.0 -0.412707029804389
outer loop
vertex 8.594996433912812 27.0 5.081989498423042
vertex 8.504523684134506 27.7 5.281667112233649
vertex 8.594996433912812 27.7 5.081989498423042
endloop
endfacet
facet normal -0.9359059267573218 0.0 -0.35225004792124415
outer loop
vertex 8.594996433912812 27.0 5.081989498423042
vertex 8.594996433912812 27.7 5.081989498423042
vertex 8.672215933808605 27.0 4.876822208765589
endloop
endfacet
facet normal 0.0 1.0 0.0
outer loop
vertex 8.594996433912812 27.0 5.081989498423042
vertex 8.672215933808605 27.0 4.876822208765589
vertex 7.74218185383172 27.0 4.905721725547494
endloop
endfacet
facet normal -0.9359059267573218 0.0 -0.35225004792124415
outer loop
vertex 8.672215933808605 27.0 4.876822208765589
vertex 8.594996433912812 27.7 5.081989498423042
vertex 8.672215933808605 27.7 4.876822208765589
endloop
endfacet
facet normal 0.0 1.0 0.0
outer loop
vertex 7.74218185383172 27.0 4.905721725547494
vertex 8.672215933808605 27.0 4.876822208765589
vertex 7.809698831278217 27.0 4.756708580912715
endloop
endfacet
facet normal 0.0 1.0 0.0
outer loop
vertex 8.672215933808605 27.0 4.876822208765589
vertex 8.73585151806838 27.0 4.667043801093442
vertex 7.809698831278217 27.0 4.756708580912715
endloop
endfacet
facet normal -0.9569403357322087 0.0 -0.2902846772544629
outer loop
vertex 8.672215933808605 27.0 4.876822208765589
vertex 8.672215933808605 27.7 4.876822208765589
vertex 8.73585151806838 27.0 4.667043801093442
endloop
endfacet
facet normal 0.0 1.0 0.0
outer loop
vertex 2.3277840661913958 27.0 4.876822208765589
vertex 3.1326746762622357 27.0 4.603598663257898
vertex 2.264148481931621 27.0 4.667043801093442
endloop
endfacet
facet normal 0.9569403357322089 0.0 -0.29028467725446283
outer loop
vertex 2.3277840661913958 27.0 4.876822208765589
vertex 2.264148481931621 27.0 4.667043801093442
vertex 2.264148481931621 27.7 4.667043801093442
endloop
endfacet
facet normal 0.0 1.0 0.0
outer loop
vertex 2.264148481931621 27.0 4.667043801093442
vertex 3.0851854342773293 27.0 4.447047612756293
vertex 2.214369310649178 27.0 4.453552578754028
endloop
endfacet
facet normal 0.9738769792773339 0.0 -0.22707626303437278
outer loop
vertex 2.264148481931621 27.0 4.667043801093442
vertex 2.214369310649178 27.0 4.453552578754028
vertex 2.214369310649178 27.7 4.453552578754028
endloop
endfacet
facet normal 0.9738769792773339 0.0 -0.22707626303437278
outer loop
vertex 2.264148481931621 27.0 4.667043801093442
vertex 2.214369310649178 27.7 4.453552578754028
vertex 2.264148481931621 27.7 4.667043801093442
endloop
endfacet
facet normal 0.98664333208488 0.0 -0.16289547339458363
outer loop
vertex 2.214369310649178 27.0 4.453552578754028
vertex 2.1786597143977353 27.0 4.2372627439371655
vertex 2.1786597143977353 27.7 4.2372627439371655
endloop
endfacet
facet normal 0.98664333208488 0.0 -0.16289547339458363
outer loop
vertex 2.214369310649178 27.0 4.453552578754028
vertex 2.1786597143977353 27.7 4.2372627439371655
vertex 2.214369310649178 27.7 4.453552578754028
endloop
endfacet
facet normal 0.0 1.0 0.0
outer loop
vertex 2.3277840661913958 27.0 4.876822208765589
vertex 3.190301168721783 27.0 4.756708580912715
vertex 3.1326746762622357 27.0 4.603598663257898
endloop
endfacet
facet normal 0.0 1.0 0.0
outer loop
vertex 2.264148481931621 27.0 4.667043801093442
vertex 3.1326746762622357 27.0 4.603598663257898
vertex 3.0851854342773293 27.0 4.447047612756293
endloop
endfacet
facet normal 0.0 1.0 0.0
outer loop
vertex 2.214369310649178 27.0 4.453552578754028
vertex 3.0851854342773293 27.0 4.447047612756293
vertex 3.048036798991924 27.0 4.287725805040324
endloop
endfacet
facet normal 0.0 1.0 0.0
outer loop
vertex 2.214369310649178 27.0 4.453552578754028
vertex 3.048036798991924 27.0 4.287725805040324
vertex 3.021387846565474 27.0 4.126315480550133
endloop
endfacet
facet normal 0.0 1.0 0.0
outer loop
vertex 2.214369310649178 27.0 4.453552578754028
vertex 3.021387846565474 27.0 4.126315480550133
vertex 2.1786597143977353 27.0 4.2372627439371655
endloop
endfacet
facet normal 0.9951847266721967 0.0 -0.09801714032956314
outer loop
vertex 2.1786597143977353 27.0 4.2372627439371655
vertex 2.1571726071506783 27.7 4.019100482920976
vertex 2.1786597143977353 27.7 4.2372627439371655
endloop
endfacet
facet normal 0.0 1.0 0.0
outer loop
vertex 2.1786597143977353 27.0 4.2372627439371655
vertex 3.005352691903491 27.0 3.9635078230753606
vertex 2.1571726071506783 27.0 4.019100482920976
endloop
endfacet
facet normal 0.9951847266721967 0.0 -0.09801714032956314
outer loop
vertex 2.1786597143977353 27.0 4.2372627439371655
vertex 2.1571726071506783 27.0 4.019100482920976
vertex 2.1571726071506783 27.7 4.019100482920976
endloop
endfacet
facet normal 0.9994645874763658 0.0 -0.03271908282177662
outer loop
vertex 2.1571726071506783 27.0 4.019100482920976
vertex 2.15 27.7 3.799999999999997
vertex 2.1571726071506783 27.7 4.019100482920976
endloop
endfacet
facet normal 0.0 1.0 0.0
outer loop
vertex 2.1571726071506783 27.0 4.019100482920976
vertex 3.0 27.0 3.799999999999997
vertex 2.15 27.0 3.799999999999997
endloop
endfacet
facet normal 0.9994645874763658 0.0 -0.03271908282177662
outer loop
vertex 2.1571726071506783 27.0 4.019100482920976
vertex 2.15 27.0 3.799999999999997
vertex 2.15 27.7 3.799999999999997
endloop
endfacet
facet normal 0.0 1.0 0.0
outer loop
vertex 2.1786597143977353 27.0 4.2372627439371655
vertex 3.021387846565474 27.0 4.126315480550133
vertex 3.005352691903491 27.0 3.9635078230753606
endloop
endfacet
facet normal 0.0 1.0 0.0
outer loop
vertex 2.1571726071506783 27.0 4.019100482920976
vertex 3.005352691903491 27.0 3.9635078230753606
vertex 3.0 27.0 3.799999999999997
endloop
endfacet
facet normal 0.0 1.0 0.0
outer loop
vertex 7.809698831278217 27.0 4.756708580912715
vertex 8.73585151806838 27.0 4.667043801093442
vertex 7.867325323737765 27.0 4.603598663257898
endloop
endfacet
facet normal -0.9569403357322087 0.0 -0.2902846772544629
outer loop
vertex 8.73585151806838 27.0 4.667043801093442
vertex 8.672215933808605 27.7 4.876822208765589
vertex 8.73585151806838 27.7 4.667043801093442
endloop
endfacet
facet normal 0.0 1.0 0.0
outer loop
vertex 7.867325323737765 27.0 4.603598663257898
vertex 8.73585151806838 27.0 4.667043801093442
vertex 8.785630689350821 27.0 4.453552578754028
endloop
endfacet
facet normal -0.9738769792773339 0.0 -0.2270762630343729
outer loop
vertex 8.73585151806838 27.0 4.667043801093442
vertex 8.73585151806838 27.7 4.667043801093442
vertex 8.785630689350821 27.0 4.453552578754028
endloop
endfacet
facet normal -0.9738769792773339 0.0 -0.2270762630343729
outer loop
vertex 8.785630689350821 27.0 4.453552578754028
vertex 8.73585151806838 27.7 4.667043801093442
vertex 8.785630689350821 27.7 4.453552578754028
endloop
endfacet
facet normal 0.0 1.0 0.0
outer loop
vertex 7.867325323737765 27.0 4.603598663257898
vertex 8.785630689350821 27.0 4.453552578754028
vertex 7.91481456572267 27.0 4.447047612756293
endloop
endfacet
facet normal 0.0 1.0 0.0
outer loop
vertex 7.91481456572267 27.0 4.447047612756293
vertex 8.785630689350821 27.0 4.453552578754028
vertex 7.951963201008076 27.0 4.287725805040324
endloop
endfacet
facet normal 0.0 1.0 0.0
outer loop
vertex 7.951963201008076 27.0 4.287725805040324
vertex 8.785630689350821 27.0 4.453552578754028
vertex 8.821340285602265 27.0 4.2372627439371655
endloop
endfacet
facet normal -0.98664333208488 0.0 -0.16289547339458374
outer loop
vertex 8.785630689350821 27.0 4.453552578754028
vertex 8.785630689350821 27.7 4.453552578754028
vertex 8.821340285602265 27.0 4.2372627439371655
endloop
endfacet
facet normal -0.98664333208488 0.0 -0.16289547339458374
outer loop
vertex 8.821340285602265 27.0 4.2372627439371655
vertex 8.785630689350821 27.7 4.453552578754028
vertex 8.821340285602265 27.7 4.2372627439371655
endloop
endfacet
facet normal 0.0 1.0 0.0
outer loop
vertex 7.951963201008076 27.0 4.287725805040324
vertex 8.821340285602265 27.0 4.2372627439371655
vertex 7.978612153434526 27.0 4.126315480550133
endloop
endfacet
facet normal -0.9951847266721967 0.0 -0.09801714032956325
outer loop
vertex 8.821340285602265 27.0 4.2372627439371655
vertex 8.821340285602265 27.7 4.2372627439371655
vertex 8.842827392849323 27.0 4.019100482920976
endloop
endfacet
facet normal 0.0 1.0 0.0
outer loop
vertex 7.978612153434526 27.0 4.126315480550133
vertex 8.821340285602265 27.0 4.2372627439371655
vertex 8.842827392849323 27.0 4.019100482920976
endloop
endfacet
facet normal -0.9951847266721967 0.0 -0.09801714032956325
outer loop
vertex 8.842827392849323 27.0 4.019100482920976
vertex 8.821340285602265 27.7 4.2372627439371655
vertex 8.842827392849323 27.7 4.019100482920976
endloop
endfacet
facet normal 0.0 1.0 0.0
outer loop
vertex 7.978612153434526 27.0 4.126315480550133
vertex 8.842827392849323 27.0 4.019100482920976
vertex 7.994647308096509 27.0 3.9635078230753606
endloop
endfacet
facet normal 0.0 1.0 0.0
outer loop
vertex 7.994647308096509 27.0 3.9635078230753606
vertex 8.842827392849323 27.0 4.019100482920976
vertex 8.85 27.0 3.799999999999997
endloop
endfacet
facet normal -0.9994645874763658 0.0 -0.03271908282177675
outer loop
vertex 8.842827392849323 27.0 4.019100482920976
vertex 8.842827392849323 27.7 4.019100482920976
vertex 8.85 27.0 3.799999999999997
endloop
endfacet
facet normal 0.0 1.0 0.0
outer loop
vertex 7.994647308096509 27.0 3.9635078230753606
vertex 8.85 27.0 3.799999999999997
vertex 8.0 27.0 3.799999999999997
endloop
endfacet
facet normal -0.9994645874763658 0.0 -0.03271908282177675
outer loop
vertex 8.85 27.0 3.799999999999997
vertex 8.842827392849323 27.7 4.019100482920976
vertex 8.85 27.7 3.799999999999997
endloop
endfacet
facet normal 0.9994645874763658 0.0 0.03271908282177675
outer loop
vertex 2.15 27.0 3.799999999999997
vertex 2.1571726071506783 27.7 3.5808995170790183
vertex 2.15 27.7 3.799999999999997
endloop
endfacet
facet normal 0.0 1.0 0.0
outer loop
vertex 2.15 27.0 3.799999999999997
vertex 3.005352691903491 27.0 3.6364921769246337
vertex 2.1571726071506783 27.0 3.5808995170790183
endloop
endfacet
facet normal 0.9994645874763658 0.0 0.03271908282177675
outer loop
vertex 2.15 27.0 3.799999999999997
vertex 2.1571726071506783 27.0 3.5808995170790183
vertex 2.1571726071506783 27.7 3.5808995170790183
endloop
endfacet
facet normal 0.0 1.0 0.0
outer loop
vertex 2.1571726071506783 27.0 3.5808995170790183
vertex 3.021387846565474 27.0 3.4736845194498613
vertex 2.1786597143977353 27.0 3.362737256062829
endloop
endfacet
facet normal 0.9951847266721967 0.0 0.09801714032956325
outer loop
vertex 2.1571726071506783 27.0 3.5808995170790183
vertex 2.1786597143977353 27.7 3.362737256062829
vertex 2.1571726071506783 27.7 3.5808995170790183
endloop
endfacet
facet normal 0.9951847266721967 0.0 0.09801714032956325
outer loop
vertex 2.1571726071506783 27.0 3.5808995170790183
vertex 2.1786597143977353 27.0 3.362737256062829
vertex 2.1786597143977353 27.7 3.362737256062829
endloop
endfacet
facet normal 0.0 1.0 0.0
outer loop
vertex 2.15 27.0 3.799999999999997
vertex 3.0 27.0 3.799999999999997
vertex 3.005352691903491 27.0 3.6364921769246337
endloop
endfacet
facet normal 0.0 1.0 0.0
outer loop
vertex 2.1571726071506783 27.0 3.5808995170790183
vertex 3.005352691903491 27.0 3.6364921769246337
vertex 3.021387846565474 27.0 3.4736845194498613
endloop
endfacet
facet normal 0.0 1.0 0.0
outer loop
vertex 3.021387846565474 27.0 3.4736845194498613
vertex 3.048036798991924 27.0 3.31227419495967
vertex 2.1786597143977353 27.0 3.362737256062829
endloop
endfacet
facet normal 0.0 1.0 0.0
outer loop
vertex 2.1786597143977353 27.0 3.362737256062829
vertex 3.048036798991924 27.0 3.31227419495967
vertex 2.2143693106491784 27.0 3.1464474212459663
endloop
endfacet
facet normal 0.98664333208488 0.0 0.16289547339458374
outer loop
vertex 2.1786597143977353 27.0 3.362737256062829
vertex 2.2143693106491784 27.0 3.1464474212459663
vertex 2.2143693106491784 27.7 3.1464474212459663
endloop
endfacet
facet normal 0.98664333208488 0.0 0.16289547339458374
outer loop
vertex 2.1786597143977353 27.0 3.362737256062829
vertex 2.2143693106491784 27.7 3.1464474212459663
vertex 2.1786597143977353 27.7 3.362737256062829
endloop
endfacet
facet normal 0.0 1.0 0.0
outer loop
vertex 2.2143693106491784 27.0 3.1464474212459663
vertex 3.132674676262236 27.0 2.996401336742096
vertex 2.2641484819316213 27.0 2.9329561989065525
endloop
endfacet
facet normal 0.9738769792773339 0.0 0.2270762630343729
outer loop
vertex 2.2143693106491784 27.0 3.1464474212459663
vertex 2.2641484819316213 27.0 2.9329561989065525
vertex 2.2641484819316213 27.7 2.9329561989065525
endloop
endfacet
facet normal 0.9738769792773339 0.0 0.2270762630343729
outer loop
vertex 2.2143693106491784 27.0 3.1464474212459663
vertex 2.2641484819316213 27.7 2.9329561989065525
vertex 2.2143693106491784 27.7 3.1464474212459663
endloop
endfacet
facet normal 0.9569403357322087 0.0 0.2902846772544629
outer loop
vertex 2.2641484819316213 27.0 2.9329561989065525
vertex 2.327784066191396 27.7 2.7231777912344057
vertex 2.2641484819316213 27.7 2.9329561989065525
endloop
endfacet
facet normal 0.0 1.0 0.0
outer loop
vertex 3.048036798991924 27.0 3.31227419495967
vertex 3.0851854342773297 27.0 3.152952387243701
vertex 2.2143693106491784 27.0 3.1464474212459663
endloop
endfacet
facet normal 0.0 1.0 0.0
outer loop
vertex 2.2143693106491784 27.0 3.1464474212459663
vertex 3.0851854342773297 27.0 3.152952387243701
vertex 3.132674676262236 27.0 2.996401336742096
endloop
endfacet
facet normal 0.0 1.0 0.0
outer loop
vertex 3.132674676262236 27.0 2.996401336742096
vertex 3.1903011687217835 27.0 2.8432914190872793
vertex 2.2641484819316213 27.0 2.9329561989065525
endloop
endfacet
facet normal 0.0 1.0 0.0
outer loop
vertex 8.0 27.0 3.799999999999997
vertex 8.85 27.0 3.799999999999997
vertex 8.842827392849323 27.0 3.5808995170790183
endloop
endfacet
facet normal -0.9994645874763658 0.0 0.03271908282177662
outer loop
vertex 8.85 27.0 3.799999999999997
vertex 8.85 27.7 3.799999999999997
vertex 8.842827392849323 27.0 3.5808995170790183
endloop
endfacet
facet normal 0.0 1.0 0.0
outer loop
vertex 8.0 27.0 3.799999999999997
vertex 8.842827392849323 27.0 3.5808995170790183
vertex 7.994647308096509 27.0 3.6364921769246337
endloop
endfacet
facet normal -0.9994645874763658 0.0 0.03271908282177662
outer loop
vertex 8.842827392849323 27.0 3.5808995170790183
vertex 8.85 27.7 3.799999999999997
vertex 8.842827392849323 27.7 3.5808995170790183
endloop
endfacet
facet normal 0.0 1.0 0.0
outer loop
vertex 7.994647308096509 27.0 3.6364921769246337
vertex 8.842827392849323 27.0 3.5808995170790183
vertex 8.821340285602265 27.0 3.362737256062829
endloop
endfacet
facet normal 0.0 1.0 0.0
outer loop
vertex 7.994647308096509 27.0 3.6364921769246337
vertex 8.821340285602265 27.0 3.362737256062829
vertex 7.978612153434526 27.0 3.4736845194498613
endloop
endfacet
facet normal -0.9951847266721967 0.0 0.09801714032956314
outer loop
vertex 8.842827392849323 27.0 3.5808995170790183
vertex 8.842827392849323 27.7 3.5808995170790183
vertex 8.821340285602265 27.0 3.362737256062829
endloop
endfacet
facet normal 0.0 1.0 0.0
outer loop
vertex 7.978612153434526 27.0 3.4736845194498613
vertex 8.821340285602265 27.0 3.362737256062829
vertex 8.785630689350823 27.0 3.1464474212459663
endloop
endfacet
facet normal -0.9951847266721967 0.0 0.09801714032956314
outer loop
vertex 8.821340285602265 27.0 3.362737256062829
vertex 8.842827392849323 27.7 3.5808995170790183
vertex 8.821340285602265 27.7 3.362737256062829
endloop
endfacet
facet normal 0.0 1.0 0.0
outer loop
vertex 7.978612153434526 27.0 3.4736845194498613
vertex 8.785630689350823 27.0 3.1464474212459663
vertex 7.951963201008076 27.0 3.31227419495967
endloop
endfacet
facet normal -0.98664333208488 0.0 0.16289547339458363
outer loop
vertex 8.821340285602265 27.0 3.362737256062829
vertex 8.821340285602265 27.7 3.362737256062829
vertex 8.785630689350823 27.0 3.1464474212459663
endloop
endfacet
facet normal -0.98664333208488 0.0 0.16289547339458363
outer loop
vertex 8.785630689350823 27.0 3.1464474212459663
vertex 8.821340285602265 27.7 3.362737256062829
vertex 8.785630689350823 27.7 3.1464474212459663
endloop
endfacet
facet normal 0.0 1.0 0.0
outer loop
vertex 7.951963201008076 27.0 3.31227419495967
vertex 8.785630689350823 27.0 3.1464474212459663
vertex 7.914814565722671 27.0 3.152952387243701
endloop
endfacet
facet normal 0.0 1.0 0.0
outer loop
vertex 7.914814565722671 27.0 3.152952387243701
vertex 8.785630689350823 27.0 3.1464474212459663
vertex 8.73585151806838 27.0 2.9329561989065525
endloop
endfacet
facet normal 0.0 1.0 0.0
outer loop
vertex 7.914814565722671 27.0 3.152952387243701
vertex 8.73585151806838 27.0 2.9329561989065525
vertex 7.867325323737765 27.0 2.996401336742096
endloop
endfacet
facet normal -0.9738769792773339 0.0 0.22707626303437278
outer loop
vertex 8.785630689350823 27.0 3.1464474212459663
vertex 8.785630689350823 27.7 3.1464474212459663
vertex 8.73585151806838 27.0 2.9329561989065525
endloop
endfacet
facet normal -0.9738769792773339 0.0 0.22707626303437278
outer loop
vertex 8.73585151806838 27.0 2.9329561989065525
vertex 8.785630689350823 27.7 3.1464474212459663
vertex 8.73585151806838 27.7 2.9329561989065525
endloop
endfacet
facet normal 0.0 1.0 0.0
outer loop
vertex 7.867325323737765 27.0 2.996401336742096
vertex 8.672215933808605 27.0 2.7231777912344057
vertex 7.809698831278217 27.0 2.8432914190872793
endloop
endfacet
facet normal 0.0 1.0 0.0
outer loop
vertex 7.867325323737765 27.0 2.996401336742096
vertex 8.73585151806838 27.0 2.9329561989065525
vertex 8.672215933808605 27.0 2.7231777912344057
endloop
endfacet
facet normal -0.9569403357322089 0.0 0.29028467725446283
outer loop
vertex 8.73585151806838 27.0 2.9329561989065525
vertex 8.73585151806838 27.7 2.9329561989065525
vertex 8.672215933808605 27.0 2.7231777912344057
endloop
endfacet
facet normal 0.0 1.0 0.0
outer loop
vertex 2.2641484819316213 27.0 2.9329561989065525
vertex 3.1903011687217835 27.0 2.8432914190872793
vertex 2.327784066191396 27.0 2.7231777912344057
endloop
endfacet
facet normal 0.9569403357322087 0.0 0.2902846772544629
outer loop
vertex 2.2641484819316213 27.0 2.9329561989065525
vertex 2.327784066191396 27.0 2.7231777912344057
vertex 2.327784066191396 27.7 2.7231777912344057
endloop
endfacet
facet normal 0.0 1.0 0.0
outer loop
vertex 2.327784066191396 27.0 2.7231777912344057
vertex 3.25781814616828 27.0 2.6942782744525005
vertex 2.40500356608719 27.0 2.5180105015769527
endloop
endfacet
facet normal 0.9359059267573218 0.0 0.35225004792124415
outer loop
vertex 2.327784066191396 27.0 2.7231777912344057
vertex 2.40500356608719 27.7 2.5180105015769527
vertex 2.327784066191396 27.7 2.7231777912344057
endloop
endfacet
facet normal 0.9359059267573218 0.0 0.35225004792124415
outer loop
vertex 2.327784066191396 27.0 2.7231777912344057
vertex 2.40500356608719 27.0 2.5180105015769527
vertex 2.40500356608719 27.7 2.5180105015769527
endloop
endfacet
facet normal 0.9108638249211786 0.0 0.412707029804389
outer loop
vertex 2.40500356608719 27.0 2.5180105015769527
vertex 2.4954763158654947 27.0 2.3183328877663456
vertex 2.4954763158654947 27.7 2.3183328877663456
endloop
endfacet
facet normal 0.9108638249211786 0.0 0.412707029804389
outer loop
vertex 2.40500356608719 27.0 2.5180105015769527
vertex 2.4954763158654947 27.7 2.3183328877663456
vertex 2.40500356608719 27.7 2.5180105015769527
endloop
endfacet
facet normal 0.0 1.0 0.0
outer loop
vertex 3.1903011687217835 27.0 2.8432914190872793
vertex 3.25781814616828 27.0 2.6942782744525005
vertex 2.327784066191396 27.0 2.7231777912344057
endloop
endfacet
facet normal 0.0 1.0 0.0
outer loop
vertex 3.25781814616828 27.0 2.6942782744525005
vertex 3.3349364905389036 27.0 2.549999999999997
vertex 2.40500356608719 27.0 2.5180105015769527
endloop
endfacet
facet normal 0.0 1.0 0.0
outer loop
vertex 2.40500356608719 27.0 2.5180105015769527
vertex 3.3349364905389036 27.0 2.549999999999997
vertex 3.4213259692436373 27.0 2.4110744174509904
endloop
endfacet
facet normal 0.0 1.0 0.0
outer loop
vertex 2.40500356608719 27.0 2.5180105015769527
vertex 3.4213259692436373 27.0 2.4110744174509904
vertex 2.4954763158654947 27.0 2.3183328877663456
endloop
endfacet
facet normal 0.8819212643483554 0.0 0.471396736825997
outer loop
vertex 2.4954763158654947 27.0 2.3183328877663456
vertex 2.598814897322131 27.0 2.125
vertex 2.598814897322131 27.7 2.125
endloop
endfacet
facet normal 0.8819212643483554 0.0 0.471396736825997
outer loop
vertex 2.4954763158654947 27.0 2.3183328877663456
vertex 2.598814897322131 27.7 2.125
vertex 2.4954763158654947 27.7 2.3183328877663456
endloop
endfacet
facet normal 0.8492021815265776 0.0 0.5280678506503701
outer loop
vertex 2.598814897322131 27.0 2.125
vertex 2.714576798786474 27.7 1.9388397193843332
vertex 2.598814897322131 27.7 2.125
endloop
endfacet
facet normal 0.8492021815265776 0.0 0.5280678506503701
outer loop
vertex 2.598814897322131 27.0 2.125
vertex 2.714576798786474 27.0 1.9388397193843332
vertex 2.714576798786474 27.7 1.9388397193843332
endloop
endfacet
facet normal 0.0 1.0 0.0
outer loop
vertex 3.4213259692436373 27.0 2.4110744174509904
vertex 3.5166166492719126 27.0 2.2780964274781894
vertex 2.4954763158654947 27.0 2.3183328877663456
endloop
endfacet
facet normal 0.0 1.0 0.0
outer loop
vertex 2.4954763158654947 27.0 2.3183328877663456
vertex 3.5166166492719126 27.0 2.2780964274781894
vertex 2.598814897322131 27.0 2.125
endloop
endfacet
facet normal 0.0 1.0 0.0
outer loop
vertex 2.598814897322131 27.0 2.125
vertex 3.5166166492719126 27.0 2.2780964274781894
vertex 3.620400481302557 27.0 2.1516354622498284
endloop
endfacet
facet normal 0.0 1.0 0.0
outer loop
vertex 2.598814897322131 27.0 2.125
vertex 3.620400481302557 27.0 2.1516354622498284
vertex 3.7322330470336316 27.0 2.0322330470336283
endloop
endfacet
facet normal 0.0 1.0 0.0
outer loop
vertex 2.598814897322131 27.0 2.125
vertex 3.7322330470336316 27.0 2.0322330470336283
vertex 2.714576798786474 27.0 1.9388397193843332
endloop
endfacet
facet normal 0.0 1.0 0.0
outer loop
vertex 2.714576798786474 27.0 1.9388397193843332
vertex 3.7322330470336316 27.0 2.0322330470336283
vertex 3.851635462249828 27.0 1.9204004813025506
endloop
endfacet
facet normal 0.0 1.0 0.0
outer loop
vertex 7.74218185383172 27.0 2.6942782744525005
vertex 8.594996433912812 27.0 2.5180105015769527
vertex 7.665063509461097 27.0 2.549999999999997
endloop
endfacet
facet normal 0.0 1.0 0.0
outer loop
vertex 7.665063509461097 27.0 2.549999999999997
vertex 8.504523684134506 27.0 2.3183328877663456
vertex 7.578674030756364 27.0 2.4110744174509904
endloop
endfacet
facet normal 0.0 1.0 0.0
outer loop
vertex 7.809698831278217 27.0 2.8432914190872793
vertex 8.672215933808605 27.0 2.7231777912344057
vertex 7.74218185383172 27.0 2.6942782744525005
endloop
endfacet
facet normal -0.9569403357322089 0.0 0.29028467725446283
outer loop
vertex 8.672215933808605 27.0 2.7231777912344057
vertex 8.73585151806838 27.7 2.9329561989065525
vertex 8.672215933808605 27.7 2.7231777912344057
endloop
endfacet
facet normal 0.0 1.0 0.0
outer loop
vertex 7.74218185383172 27.0 2.6942782744525005
vertex 8.672215933808605 27.0 2.7231777912344057
vertex 8.594996433912812 27.0 2.5180105015769527
endloop
endfacet
facet normal -0.9359059267573218 0.0 0.35225004792124404
outer loop
vertex 8.672215933808605 27.0 2.7231777912344057
vertex 8.672215933808605 27.7 2.7231777912344057
vertex 8.594996433912812 27.0 2.5180105015769527
endloop
endfacet
facet normal -0.9359059267573218 0.0 0.35225004792124404
outer loop
vertex 8.594996433912812 27.0 2.5180105015769527
vertex 8.672215933808605 27.7 2.7231777912344057
vertex 8.594996433912812 27.7 2.5180105015769527
endloop
endfacet
facet normal 0.0 1.0 0.0
outer loop
vertex 7.665063509461097 27.0 2.549999999999997
vertex 8.594996433912812 27.0 2.5180105015769527
vertex 8.504523684134506 27.0 2.3183328877663456
endloop
endfacet
facet normal -0.9108638249211786 0.0 0.4127070298043889
outer loop
vertex 8.594996433912812 27.0 2.5180105015769527
vertex 8.594996433912812 27.7 2.5180105015769527
vertex 8.504523684134506 27.0 2.3183328877663456
endloop
endfacet
facet normal -0.9108638249211786 0.0 0.4127070298043889
outer loop
vertex 8.504523684134506 27.0 2.3183328877663456
vertex 8.594996433912812 27.7 2.5180105015769527
vertex 8.504523684134506 27.7 2.3183328877663456
endloop
endfacet
facet normal 0.0 1.0 0.0
outer loop
vertex 7.578674030756364 27.0 2.4110744174509904
vertex 8.40118510267787 27.0 2.125
vertex 7.483383350728088 27.0 2.2780964274781894
endloop
endfacet
facet normal 0.0 1.0 0.0
outer loop
vertex 7.483383350728088 27.0 2.2780964274781894
vertex 8.40118510267787 27.0 2.125
vertex 7.379599518697444 27.0 2.1516354622498284
endloop
endfacet
facet normal 0.0 1.0 0.0
outer loop
vertex 7.379599518697444 27.0 2.1516354622498284
vertex 8.285423201213527 27.0 1.9388397193843332
vertex 7.267766952966369 27.0 2.0322330470336283
endloop
endfacet
facet normal 0.0 1.0 0.0
outer loop
vertex 7.379599518697444 27.0 2.1516354622498284
vertex 8.40118510267787 27.0 2.125
vertex 8.285423201213527 27.0 1.9388397193843332
endloop
endfacet
facet normal 0.0 1.0 0.0
outer loop
vertex 7.267766952966369 27.0 2.0322330470336283
vertex 8.285423201213527 27.0 1.9388397193843332
vertex 7.148364537750172 27.0 1.9204004813025506
endloop
endfacet
facet normal 0.0 1.0 0.0
outer loop
vertex 7.578674030756364 27.0 2.4110744174509904
vertex 8.504523684134506 27.0 2.3183328877663456
vertex 8.40118510267787 27.0 2.125
endloop
endfacet
facet normal -0.8819212643483556 0.0 0.471396736825997
outer loop
vertex 8.504523684134506 27.0 2.3183328877663456
vertex 8.504523684134506 27.7 2.3183328877663456
vertex 8.40118510267787 27.0 2.125
endloop
endfacet
facet normal -0.8819212643483556 0.0 0.471396736825997
outer loop
vertex 8.40118510267787 27.0 2.125
vertex 8.504523684134506 27.7 2.3183328877663456
vertex 8.40118510267787 27.7 2.125
endloop
endfacet
facet normal -0.8492021815265776 0.0 0.5280678506503701
outer loop
vertex 8.40118510267787 27.0 2.125
vertex 8.40118510267787 27.7 2.125
vertex 8.285423201213527 27.0 1.9388397193843332
endloop
endfacet
facet normal -0.8492021815265776 0.0 0.5280678506503701
outer loop
vertex 8.285423201213527 27.0 1.9388397193843332
vertex 8.40118510267787 27.7 2.125
vertex 8.285423201213527 27.7 1.9388397193843332
endloop
endfacet
facet normal 0.0 1.0 0.0
outer loop
vertex 2.714576798786474 27.0 1.9388397193843332
vertex 3.851635462249828 27.0 1.9204004813025506
vertex 2.8422663100243626 27.0 1.7606492128207805
endloop
endfacet
facet normal 0.8128466845916249 0.0 0.5824776968677888
outer loop
vertex 2.714576798786474 27.0 1.9388397193843332
vertex 2.8422663100243626 27.0 1.7606492128207805
vertex 2.8422663100243626 27.7 1.7606492128207805
endloop
endfacet
facet normal 0.0 1.0 0.0
outer loop
vertex 3.851635462249828 27.0 1.9204004813025506
vertex 3.9780964274781985 27.0 1.8166166492719071
vertex 2.8422663100243626 27.0 1.7606492128207805
endloop
endfacet
facet normal 0.8128466845916249 0.0 0.5824776968677888
outer loop
vertex 2.714576798786474 27.0 1.9388397193843332
vertex 2.8422663100243626 27.7 1.7606492128207805
vertex 2.714576798786474 27.7 1.9388397193843332
endloop
endfacet
facet normal 0.0 1.0 0.0
outer loop
vertex 2.8422663100243626 27.0 1.7606492128207805
vertex 4.111074417450995 27.0 1.7213259692436367
vertex 2.981336644945426 27.0 1.5911915194147639
endloop
endfacet
facet normal 0.0 1.0 0.0
outer loop
vertex 2.8422663100243626 27.0 1.7606492128207805
vertex 3.9780964274781985 27.0 1.8166166492719071
vertex 4.111074417450995 27.0 1.7213259692436367
endloop
endfacet
facet normal 0.773010453362737 0.0 0.6343932841636457
outer loop
vertex 2.8422663100243626 27.0 1.7606492128207805
vertex 2.981336644945426 27.7 1.5911915194147639
vertex 2.8422663100243626 27.7 1.7606492128207805
endloop
endfacet
facet normal 0.773010453362737 0.0 0.6343932841636457
outer loop
vertex 2.8422663100243626 27.0 1.7606492128207805
vertex 2.981336644945426 27.0 1.5911915194147639
vertex 2.981336644945426 27.7 1.5911915194147639
endloop
endfacet
facet normal 0.0 1.0 0.0
outer loop
vertex 4.111074417450995 27.0 1.7213259692436367
vertex 4.25 27.0 1.6349364905389052
vertex 2.981336644945426 27.0 1.5911915194147639
endloop
endfacet
facet normal 0.0 1.0 0.0
outer loop
vertex 4.25 27.0 1.6349364905389052
vertex 4.394278274452497 27.0 1.5578181461682732
vertex 2.981336644945426 27.0 1.5911915194147639
endloop
endfacet
facet normal 0.729864072697816 0.0 0.6835923020228925
outer loop
vertex 2.981336644945426 27.0 1.5911915194147639
vertex 3.1311922830250665 27.0 1.4311922830250694
vertex 3.1311922830250665 27.7 1.4311922830250694
endloop
endfacet
facet normal 0.0 1.0 0.0
outer loop
vertex 2.981336644945426 27.0 1.5911915194147639
vertex 4.394278274452497 27.0 1.5578181461682732
vertex 3.1311922830250665 27.0 1.4311922830250694
endloop
endfacet
facet normal 0.0 1.0 0.0
outer loop
vertex 3.1311922830250665 27.0 1.4311922830250694
vertex 4.394278274452497 27.0 1.5578181461682732
vertex 4.543291419087276 27.0 1.4903011687217855
endloop
endfacet
facet normal 0.729864072697816 0.0 0.6835923020228925
outer loop
vertex 2.981336644945426 27.0 1.5911915194147639
vertex 3.1311922830250665 27.7 1.4311922830250694
vertex 2.981336644945426 27.7 1.5911915194147639
endloop
endfacet
facet normal 0.0 1.0 0.0
outer loop
vertex 3.1311922830250665 27.0 1.4311922830250694
vertex 4.543291419087276 27.0 1.4903011687217855
vertex 4.696401336742096 27.0 1.4326746762622378
endloop
endfacet
facet normal 0.6835923020228787 0.0 0.7298640726978288
outer loop
vertex 3.1311922830250665 27.0 1.4311922830250694
vertex 3.29119151941477 27.0 1.2813366449454264
vertex 3.29119151941477 27.7 1.2813366449454264
endloop
endfacet
facet normal 0.0 1.0 0.0
outer loop
vertex 3.1311922830250665 27.0 1.4311922830250694
vertex 4.852952387243699 27.0 1.3851854342773322
vertex 3.29119151941477 27.0 1.2813366449454264
endloop
endfacet
facet normal 0.6835923020228787 0.0 0.7298640726978288
outer loop
vertex 3.1311922830250665 27.0 1.4311922830250694
vertex 3.29119151941477 27.7 1.2813366449454264
vertex 3.1311922830250665 27.7 1.4311922830250694
endloop
endfacet
facet normal 0.6343932841636698 0.0 0.773010453362717
outer loop
vertex 3.29119151941477 27.0 1.2813366449454264
vertex 3.4606492128207864 27.0 1.142266310024354
vertex 3.4606492128207864 27.7 1.142266310024354
endloop
endfacet
facet normal 0.6343932841636698 0.0 0.773010453362717
outer loop
vertex 3.29119151941477 27.0 1.2813366449454264
vertex 3.4606492128207864 27.7 1.142266310024354
vertex 3.29119151941477 27.7 1.2813366449454264
endloop
endfacet
facet normal 0.0 1.0 0.0
outer loop
vertex 3.1311922830250665 27.0 1.4311922830250694
vertex 4.696401336742096 27.0 1.4326746762622378
vertex 4.852952387243699 27.0 1.3851854342773322
endloop
endfacet
facet normal 0.0 1.0 0.0
outer loop
vertex 4.852952387243699 27.0 1.3851854342773322
vertex 5.01227419495968 27.0 1.3480367989919273
vertex 3.29119151941477 27.0 1.2813366449454264
endloop
endfacet
facet normal 0.0 1.0 0.0
outer loop
vertex 3.29119151941477 27.0 1.2813366449454264
vertex 5.01227419495968 27.0 1.3480367989919273
vertex 5.173684519449871 27.0 1.3213878465654716
endloop
endfacet
facet normal 0.0 1.0 0.0
outer loop
vertex 3.29119151941477 27.0 1.2813366449454264
vertex 5.173684519449871 27.0 1.3213878465654716
vertex 5.336492176924643 27.0 1.3053526919034937
endloop
endfacet
facet normal 0.0 1.0 0.0
outer loop
vertex 3.29119151941477 27.0 1.2813366449454264
vertex 5.336492176924643 27.0 1.3053526919034937
vertex 5.5 27.0 1.2999999999999972
endloop
endfacet
facet normal 0.0 1.0 0.0
outer loop
vertex 3.29119151941477 27.0 1.2813366449454264
vertex 7.7088084805852315 27.0 1.2813366449454264
vertex 3.4606492128207864 27.0 1.142266310024354
endloop
endfacet
facet normal 0.5824776968678044 0.0 0.8128466845916137
outer loop
vertex 3.4606492128207864 27.0 1.142266310024354
vertex 3.6388397193843334 27.7 1.0145767987864645
vertex 3.4606492128207864 27.7 1.142266310024354
endloop
endfacet
facet normal 0.5824776968678044 0.0 0.8128466845916137
outer loop
vertex 3.4606492128207864 27.0 1.142266310024354
vertex 3.6388397193843334 27.0 1.0145767987864645
vertex 3.6388397193843334 27.7 1.0145767987864645
endloop
endfacet
facet normal 0.5280678506503542 0.0 0.8492021815265876
outer loop
vertex 3.6388397193843334 27.0 1.0145767987864645
vertex 3.8250000000000006 27.7 0.8988148973221257
vertex 3.6388397193843334 27.7 1.0145767987864645
endloop
endfacet
facet normal 0.0 1.0 0.0
outer loop
vertex 3.4606492128207864 27.0 1.142266310024354
vertex 7.539350787179215 27.0 1.142266310024354
vertex 3.6388397193843334 27.0 1.0145767987864645
endloop
endfacet
facet normal 0.0 1.0 0.0
outer loop
vertex 3.6388397193843334 27.0 1.0145767987864645
vertex 7.3611602806156675 27.0 1.0145767987864645
vertex 3.8250000000000006 27.0 0.8988148973221257
endloop
endfacet
facet normal 0.0 1.0 0.0
outer loop
vertex 7.148364537750172 27.0 1.9204004813025506
vertex 8.285423201213527 27.0 1.9388397193843332
vertex 8.157733689975638 27.0 1.7606492128207805
endloop
endfacet
facet normal 0.0 1.0 0.0
outer loop
vertex 7.148364537750172 27.0 1.9204004813025506
vertex 8.157733689975638 27.0 1.7606492128207805
vertex 7.0219035725218015 27.0 1.8166166492719071
endloop
endfacet
facet normal 0.0 1.0 0.0
outer loop
vertex 6.888925582549006 27.0 1.7213259692436367
vertex 7.0219035725218015 27.0 1.8166166492719071
vertex 8.157733689975638 27.0 1.7606492128207805
endloop
endfacet
facet normal 0.0 1.0 0.0
outer loop
vertex 6.888925582549006 27.0 1.7213259692436367
vertex 8.157733689975638 27.0 1.7606492128207805
vertex 8.018663355054574 27.0 1.5911915194147639
endloop
endfacet
facet normal 0.0 1.0 0.0
outer loop
vertex 6.888925582549006 27.0 1.7213259692436367
vertex 8.018663355054574 27.0 1.5911915194147639
vertex 6.75 27.0 1.6349364905389052
endloop
endfacet
facet normal 0.0 1.0 0.0
outer loop
vertex 6.75 27.0 1.6349364905389052
vertex 8.018663355054574 27.0 1.5911915194147639
vertex 6.605721725547504 27.0 1.5578181461682732
endloop
endfacet
facet normal 0.0 1.0 0.0
outer loop
vertex 6.605721725547504 27.0 1.5578181461682732
vertex 7.868807716974935 27.0 1.4311922830250694
vertex 6.456708580912725 27.0 1.4903011687217855
endloop
endfacet
facet normal 0.0 1.0 0.0
outer loop
vertex 6.456708580912725 27.0 1.4903011687217855
vertex 7.868807716974935 27.0 1.4311922830250694
vertex 6.303598663257905 27.0 1.4326746762622378
endloop
endfacet
facet normal 0.0 1.0 0.0
outer loop
vertex 6.605721725547504 27.0 1.5578181461682732
vertex 8.018663355054574 27.0 1.5911915194147639
vertex 7.868807716974935 27.0 1.4311922830250694
endloop
endfacet
facet normal -0.729864072697816 0.0 0.6835923020228925
outer loop
vertex 8.018663355054574 27.0 1.5911915194147639
vertex 8.018663355054574 27.7 1.5911915194147639
vertex 7.868807716974935 27.0 1.4311922830250694
endloop
endfacet
facet normal -0.729864072697816 0.0 0.6835923020228925
outer loop
vertex 7.868807716974935 27.0 1.4311922830250694
vertex 8.018663355054574 27.7 1.5911915194147639
vertex 7.868807716974935 27.7 1.4311922830250694
endloop
endfacet
facet normal -0.8128466845916249 0.0 0.5824776968677888
outer loop
vertex 8.285423201213527 27.0 1.9388397193843332
vertex 8.285423201213527 27.7 1.9388397193843332
vertex 8.157733689975638 27.0 1.7606492128207805
endloop
endfacet
facet normal -0.8128466845916249 0.0 0.5824776968677888
outer loop
vertex 8.157733689975638 27.0 1.7606492128207805
vertex 8.285423201213527 27.7 1.9388397193843332
vertex 8.157733689975638 27.7 1.7606492128207805
endloop
endfacet
facet normal -0.773010453362737 0.0 0.6343932841636457
outer loop
vertex 8.157733689975638 27.0 1.7606492128207805
vertex 8.157733689975638 27.7 1.7606492128207805
vertex 8.018663355054574 27.0 1.5911915194147639
endloop
endfacet
facet normal -0.773010453362737 0.0 0.6343932841636457
outer loop
vertex 8.018663355054574 27.0 1.5911915194147639
vertex 8.157733689975638 27.7 1.7606492128207805
vertex 8.018663355054574 27.7 1.5911915194147639
endloop
endfacet
facet normal 0.0 1.0 0.0
outer loop
vertex 6.147047612756302 27.0 1.3851854342773322
vertex 7.7088084805852315 27.0 1.2813366449454264
vertex 5.987725805040321 27.0 1.3480367989919273
endloop
endfacet
facet normal 0.0 1.0 0.0
outer loop
vertex 5.987725805040321 27.0 1.3480367989919273
vertex 7.7088084805852315 27.0 1.2813366449454264
vertex 5.82631548055013 27.0 1.3213878465654716
endloop
endfacet
facet normal 0.0 1.0 0.0
outer loop
vertex 3.29119151941477 27.0 1.2813366449454264
vertex 5.5 27.0 1.2999999999999972
vertex 7.7088084805852315 27.0 1.2813366449454264
endloop
endfacet
facet normal 0.0 1.0 0.0
outer loop
vertex 5.663507823075358 27.0 1.3053526919034937
vertex 7.7088084805852315 27.0 1.2813366449454264
vertex 5.5 27.0 1.2999999999999972
endloop
endfacet
facet normal 0.0 1.0 0.0
outer loop
vertex 5.663507823075358 27.0 1.3053526919034937
vertex 5.82631548055013 27.0 1.3213878465654716
vertex 7.7088084805852315 27.0 1.2813366449454264
endloop
endfacet
facet normal 0.0 1.0 0.0
outer loop
vertex 3.4606492128207864 27.0 1.142266310024354
vertex 7.7088084805852315 27.0 1.2813366449454264
vertex 7.539350787179215 27.0 1.142266310024354
endloop
endfacet
facet normal 0.0 1.0 0.0
outer loop
vertex 6.303598663257905 27.0 1.4326746762622378
vertex 7.868807716974935 27.0 1.4311922830250694
vertex 6.147047612756302 27.0 1.3851854342773322
endloop
endfacet
facet normal 0.0 1.0 0.0
outer loop
vertex 6.147047612756302 27.0 1.3851854342773322
vertex 7.868807716974935 27.0 1.4311922830250694
vertex 7.7088084805852315 27.0 1.2813366449454264
endloop
endfacet
facet normal -0.6835923020228787 0.0 0.7298640726978288
outer loop
vertex 7.868807716974935 27.0 1.4311922830250694
vertex 7.868807716974935 27.7 1.4311922830250694
vertex 7.7088084805852315 27.0 1.2813366449454264
endloop
endfacet
facet normal -0.6835923020228787 0.0 0.7298640726978288
outer loop
vertex 7.7088084805852315 27.0 1.2813366449454264
vertex 7.868807716974935 27.7 1.4311922830250694
vertex 7.7088084805852315 27.7 1.2813366449454264
endloop
endfacet
facet normal -0.6343932841636698 0.0 0.773010453362717
outer loop
vertex 7.7088084805852315 27.0 1.2813366449454264
vertex 7.7088084805852315 27.7 1.2813366449454264
vertex 7.539350787179215 27.0 1.142266310024354
endloop
endfacet
facet normal -0.6343932841636698 0.0 0.773010453362717
outer loop
vertex 7.539350787179215 27.0 1.142266310024354
vertex 7.7088084805852315 27.7 1.2813366449454264
vertex 7.539350787179215 27.7 1.142266310024354
endloop
endfacet
facet normal 0.0 1.0 0.0
outer loop
vertex 3.6388397193843334 27.0 1.0145767987864645
vertex 7.539350787179215 27.0 1.142266310024354
vertex 7.3611602806156675 27.0 1.0145767987864645
endloop
endfacet
facet normal -0.5824776968678044 0.0 0.8128466845916137
outer loop
vertex 7.539350787179215 27.0 1.142266310024354
vertex 7.539350787179215 27.7 1.142266310024354
vertex 7.3611602806156675 27.0 1.0145767987864645
endloop
endfacet
facet normal -0.5280678506503542 0.0 0.8492021815265876
outer loop
vertex 7.3611602806156675 27.0 1.0145767987864645
vertex 7.3611602806156675 27.7 1.0145767987864645
vertex 7.175000000000001 27.0 0.8988148973221257
endloop
endfacet
facet normal -0.5824776968678044 0.0 0.8128466845916137
outer loop
vertex 7.3611602806156675 27.0 1.0145767987864645
vertex 7.539350787179215 27.7 1.142266310024354
vertex 7.3611602806156675 27.7 1.0145767987864645
endloop
endfacet
facet normal 0.5280678506503542 0.0 0.8492021815265876
outer loop
vertex 3.6388397193843334 27.0 1.0145767987864645
vertex 3.8250000000000006 27.0 0.8988148973221257
vertex 3.8250000000000006 27.7 0.8988148973221257
endloop
endfacet
facet normal 0.4713967368260116 0.0 0.8819212643483477
outer loop
vertex 3.8250000000000006 27.0 0.8988148973221257
vertex 4.018332887766346 27.7 0.7954763158654856
vertex 3.8250000000000006 27.7 0.8988148973221257
endloop
endfacet
facet normal 0.4713967368260116 0.0 0.8819212643483477
outer loop
vertex 3.8250000000000006 27.0 0.8988148973221257
vertex 4.018332887766346 27.0 0.7954763158654856
vertex 4.018332887766346 27.7 0.7954763158654856
endloop
endfacet
facet normal 0.0 1.0 0.0
outer loop
vertex 3.8250000000000006 27.0 0.8988148973221257
vertex 7.175000000000001 27.0 0.8988148973221257
vertex 4.018332887766346 27.0 0.7954763158654856
endloop
endfacet
facet normal 0.4127070298043766 0.0 0.9108638249211842
outer loop
vertex 4.018332887766346 27.0 0.7954763158654856
vertex 4.218010501576949 27.0 0.7050035660871856
vertex 4.218010501576949 27.7 0.7050035660871856
endloop
endfacet
facet normal 0.0 1.0 0.0
outer loop
vertex 4.018332887766346 27.0 0.7954763158654856
vertex 6.981667112233655 27.0 0.7954763158654856
vertex 4.218010501576949 27.0 0.7050035660871856
endloop
endfacet
facet normal 0.4127070298043766 0.0 0.9108638249211842
outer loop
vertex 4.018332887766346 27.0 0.7954763158654856
vertex 4.218010501576949 27.7 0.7050035660871856
vertex 4.018332887766346 27.7 0.7954763158654856
endloop
endfacet
facet normal 0.35225004792122017 0.0 0.9359059267573309
outer loop
vertex 4.218010501576949 27.0 0.7050035660871856
vertex 4.423177791234409 27.0 0.6277840661913956
vertex 4.423177791234409 27.7 0.6277840661913956
endloop
endfacet
facet normal 0.0 1.0 0.0
outer loop
vertex 4.218010501576949 27.0 0.7050035660871856
vertex 6.7819894984230515 27.0 0.7050035660871856
vertex 4.423177791234409 27.0 0.6277840661913956
endloop
endfacet
facet normal 0.0 1.0 0.0
outer loop
vertex 4.423177791234409 27.0 0.6277840661913956
vertex 6.576822208765591 27.0 0.6277840661913956
vertex 4.632956198906556 27.0 0.5641484819316247
endloop
endfacet
facet normal 0.35225004792122017 0.0 0.9359059267573309
outer loop
vertex 4.218010501576949 27.0 0.7050035660871856
vertex 4.423177791234409 27.7 0.6277840661913956
vertex 4.218010501576949 27.7 0.7050035660871856
endloop
endfacet
facet normal 0.29028467725444584 0.0 0.956940335732214
outer loop
vertex 4.423177791234409 27.0 0.6277840661913956
vertex 4.632956198906556 27.7 0.5641484819316247
vertex 4.423177791234409 27.7 0.6277840661913956
endloop
endfacet
facet normal 0.29028467725444584 0.0 0.956940335732214
outer loop
vertex 4.423177791234409 27.0 0.6277840661913956
vertex 4.632956198906556 27.0 0.5641484819316247
vertex 4.632956198906556 27.7 0.5641484819316247
endloop
endfacet
facet normal 0.0 1.0 0.0
outer loop
vertex 4.632956198906556 27.0 0.5641484819316247
vertex 6.367043801093445 27.0 0.5641484819316247
vertex 4.846447421245971 27.0 0.5143693106491725
endloop
endfacet
facet normal 0.0 1.0 0.0
outer loop
vertex 4.846447421245971 27.0 0.5143693106491725
vertex 6.15355257875403 27.0 0.5143693106491725
vertex 5.062737256062827 27.0 0.478659714397736
endloop
endfacet
facet normal 0.2270762630344121 0.0 0.9738769792773246
outer loop
vertex 4.632956198906556 27.0 0.5641484819316247
vertex 4.846447421245971 27.0 0.5143693106491725
vertex 4.846447421245971 27.7 0.5143693106491725
endloop
endfacet
facet normal 0.16289547339456018 0.0 0.9866433320848838
outer loop
vertex 4.846447421245971 27.0 0.5143693106491725
vertex 5.062737256062827 27.0 0.478659714397736
vertex 5.062737256062827 27.7 0.478659714397736
endloop
endfacet
facet normal 0.2270762630344121 0.0 0.9738769792773246
outer loop
vertex 4.632956198906556 27.0 0.5641484819316247
vertex 4.846447421245971 27.7 0.5143693106491725
vertex 4.632956198906556 27.7 0.5641484819316247
endloop
endfacet
facet normal 0.16289547339456018 0.0 0.9866433320848838
outer loop
vertex 4.846447421245971 27.0 0.5143693106491725
vertex 5.062737256062827 27.7 0.478659714397736
vertex 4.846447421245971 27.7 0.5143693106491725
endloop
endfacet
facet normal 0.09801714032954931 0.0 0.995184726672198
outer loop
vertex 5.062737256062827 27.0 0.478659714397736
vertex 5.280899517079021 27.0 0.45717260715068164
vertex 5.280899517079021 27.7 0.45717260715068164
endloop
endfacet
facet normal 0.09801714032954931 0.0 0.995184726672198
outer loop
vertex 5.062737256062827 27.0 0.478659714397736
vertex 5.280899517079021 27.7 0.45717260715068164
vertex 5.062737256062827 27.7 0.478659714397736
endloop
endfacet
facet normal 0.032719082821778586 0.0 0.9994645874763657
outer loop
vertex 5.280899517079021 27.0 0.45717260715068164
vertex 5.5 27.7 0.45000000000000284
vertex 5.280899517079021 27.7 0.45717260715068164
endloop
endfacet
facet normal 0.0 1.0 0.0
outer loop
vertex 3.8250000000000006 27.0 0.8988148973221257
vertex 7.3611602806156675 27.0 1.0145767987864645
vertex 7.175000000000001 27.0 0.8988148973221257
endloop
endfacet
facet normal 0.0 1.0 0.0
outer loop
vertex 4.218010501576949 27.0 0.7050035660871856
vertex 6.981667112233655 27.0 0.7954763158654856
vertex 6.7819894984230515 27.0 0.7050035660871856
endloop
endfacet
facet normal 0.0 1.0 0.0
outer loop
vertex 7.175000000000001 27.0 0.8988148973221257
vertex 6.981667112233655 27.0 0.7954763158654856
vertex 4.018332887766346 27.0 0.7954763158654856
endloop
endfacet
facet normal -0.4713967368260117 0.0 0.8819212643483477
outer loop
vertex 7.175000000000001 27.0 0.8988148973221257
vertex 7.175000000000001 27.7 0.8988148973221257
vertex 6.981667112233655 27.0 0.7954763158654856
endloop
endfacet
facet normal -0.5280678506503542 0.0 0.8492021815265876
outer loop
vertex 7.175000000000001 27.0 0.8988148973221257
vertex 7.3611602806156675 27.7 1.0145767987864645
vertex 7.175000000000001 27.7 0.8988148973221257
endloop
endfacet
facet normal -0.41270702980437673 0.0 0.9108638249211842
outer loop
vertex 6.981667112233655 27.0 0.7954763158654856
vertex 6.981667112233655 27.7 0.7954763158654856
vertex 6.7819894984230515 27.0 0.7050035660871856
endloop
endfacet
facet normal -0.4713967368260117 0.0 0.8819212643483477
outer loop
vertex 6.981667112233655 27.0 0.7954763158654856
vertex 7.175000000000001 27.7 0.8988148973221257
vertex 6.981667112233655 27.7 0.7954763158654856
endloop
endfacet
facet normal -0.41270702980437673 0.0 0.9108638249211842
outer loop
vertex 6.7819894984230515 27.0 0.7050035660871856
vertex 6.981667112233655 27.7 0.7954763158654856
vertex 6.7819894984230515 27.7 0.7050035660871856
endloop
endfacet
facet normal 0.0 1.0 0.0
outer loop
vertex 4.423177791234409 27.0 0.6277840661913956
vertex 6.7819894984230515 27.0 0.7050035660871856
vertex 6.576822208765591 27.0 0.6277840661913956
endloop
endfacet
facet normal -0.3522500479212203 0.0 0.9359059267573309
outer loop
vertex 6.7819894984230515 27.0 0.7050035660871856
vertex 6.7819894984230515 27.7 0.7050035660871856
vertex 6.576822208765591 27.0 0.6277840661913956
endloop
endfacet
facet normal -0.29028467725444596 0.0 0.956940335732214
outer loop
vertex 6.367043801093445 27.0 0.5641484819316247
vertex 6.576822208765591 27.0 0.6277840661913956
vertex 6.576822208765591 27.7 0.6277840661913956
endloop
endfacet
facet normal -0.3522500479212203 0.0 0.9359059267573309
outer loop
vertex 6.576822208765591 27.0 0.6277840661913956
vertex 6.7819894984230515 27.7 0.7050035660871856
vertex 6.576822208765591 27.7 0.6277840661913956
endloop
endfacet
facet normal 0.0 1.0 0.0
outer loop
vertex 4.632956198906556 27.0 0.5641484819316247
vertex 6.576822208765591 27.0 0.6277840661913956
vertex 6.367043801093445 27.0 0.5641484819316247
endloop
endfacet
facet normal 0.0 1.0 0.0
outer loop
vertex 4.846447421245971 27.0 0.5143693106491725
vertex 6.367043801093445 27.0 0.5641484819316247
vertex 6.15355257875403 27.0 0.5143693106491725
endloop
endfacet
facet normal 0.0 1.0 0.0
outer loop
vertex 5.062737256062827 27.0 0.478659714397736
vertex 6.15355257875403 27.0 0.5143693106491725
vertex 5.937262743937173 27.0 0.478659714397736
endloop
endfacet
facet normal -0.22707626303441222 0.0 0.9738769792773246
outer loop
vertex 6.367043801093445 27.0 0.5641484819316247
vertex 6.367043801093445 27.7 0.5641484819316247
vertex 6.15355257875403 27.0 0.5143693106491725
endloop
endfacet
facet normal -0.1628954733945603 0.0 0.9866433320848838
outer loop
vertex 6.15355257875403 27.0 0.5143693106491725
vertex 6.15355257875403 27.7 0.5143693106491725
vertex 5.937262743937173 27.0 0.478659714397736
endloop
endfacet
facet normal -0.1628954733945603 0.0 0.9866433320848838
outer loop
vertex 5.937262743937173 27.0 0.478659714397736
vertex 6.15355257875403 27.7 0.5143693106491725
vertex 5.937262743937173 27.7 0.478659714397736
endloop
endfacet
facet normal -0.29028467725444596 0.0 0.956940335732214
outer loop
vertex 6.367043801093445 27.0 0.5641484819316247
vertex 6.576822208765591 27.7 0.6277840661913956
vertex 6.367043801093445 27.7 0.5641484819316247
endloop
endfacet
facet normal -0.22707626303441222 0.0 0.9738769792773246
outer loop
vertex 6.15355257875403 27.0 0.5143693106491725
vertex 6.367043801093445 27.7 0.5641484819316247
vertex 6.15355257875403 27.7 0.5143693106491725
endloop
endfacet
facet normal 0.0 1.0 0.0
outer loop
vertex 5.062737256062827 27.0 0.478659714397736
vertex 5.937262743937173 27.0 0.478659714397736
vertex 5.280899517079021 27.0 0.45717260715068164
endloop
endfacet
facet normal 0.0 1.0 0.0
outer loop
vertex 5.280899517079021 27.0 0.45717260715068164
vertex 5.71910048292098 27.0 0.45717260715068164
vertex 5.5 27.0 0.45000000000000284
endloop
endfacet
facet normal 0.0 1.0 0.0
outer loop
vertex 5.280899517079021 27.0 0.45717260715068164
vertex 5.937262743937173 27.0 0.478659714397736
vertex 5.71910048292098 27.0 0.45717260715068164
endloop
endfacet
facet normal 0.032719082821778586 0.0 0.9994645874763657
outer loop
vertex 5.280899517079021 27.0 0.45717260715068164
vertex 5.5 27.0 0.45000000000000284
vertex 5.5 27.7 0.45000000000000284
endloop
endfacet
facet normal -0.03271908282177871 0.0 0.9994645874763657
outer loop
vertex 5.5 27.0 0.45000000000000284
vertex 5.71910048292098 27.0 0.45717260715068164
vertex 5.71910048292098 27.7 0.45717260715068164
endloop
endfacet
facet normal -0.09801714032954942 0.0 0.995184726672198
outer loop
vertex 5.71910048292098 27.0 0.45717260715068164
vertex 5.937262743937173 27.0 0.478659714397736
vertex 5.937262743937173 27.7 0.478659714397736
endloop
endfacet
facet normal -0.03271908282177871 0.0 0.9994645874763657
outer loop
vertex 5.5 27.0 0.45000000000000284
vertex 5.71910048292098 27.7 0.45717260715068164
vertex 5.5 27.7 0.45000000000000284
endloop
endfacet
facet normal -0.09801714032954942 0.0 0.995184726672198
outer loop
vertex 5.71910048292098 27.0 0.45717260715068164
vertex 5.937262743937173 27.7 0.478659714397736
vertex 5.71910048292098 27.7 0.45717260715068164
endloop
endfacet
facet normal 0.0 1.0 0.0
outer loop
vertex 37.5 20.0 6.299999999999997
vertex 37.663507823075356 20.0 6.294647308096501
vertex 37.336492176924644 20.0 6.294647308096501
endloop
endfacet
facet normal 0.0 1.0 0.0
outer loop
vertex 37.01227419495968 20.0 6.251963201008067
vertex 37.98772580504032 20.0 6.251963201008067
vertex 36.8529523872437 20.0 6.214814565722662
endloop
endfacet
facet normal 0.0 1.0 0.0
outer loop
vertex 37.17368451944987 20.0 6.278612153434523
vertex 37.336492176924644 20.0 6.294647308096501
vertex 37.663507823075356 20.0 6.294647308096501
endloop
endfacet
facet normal 0.0 1.0 0.0
outer loop
vertex 37.17368451944987 20.0 6.278612153434523
vertex 37.82631548055013 20.0 6.278612153434523
vertex 37.01227419495968 20.0 6.251963201008067
endloop
endfacet
facet normal 0.0 1.0 0.0
outer loop
vertex 37.17368451944987 20.0 6.278612153434523
vertex 37.663507823075356 20.0 6.294647308096501
vertex 37.82631548055013 20.0 6.278612153434523
endloop
endfacet
facet normal 0.0 1.0 0.0
outer loop
vertex 37.01227419495968 20.0 6.251963201008067
vertex 37.82631548055013 20.0 6.278612153434523
vertex 37.98772580504032 20.0 6.251963201008067
endloop
endfacet
facet normal 0.0 1.0 0.0
outer loop
vertex 36.8529523872437 20.0 6.214814565722662
vertex 38.1470476127563 20.0 6.214814565722662
vertex 36.6964013367421 20.0 6.1673253237377565
endloop
endfacet
facet normal 0.0 1.0 0.0
outer loop
vertex 36.6964013367421 20.0 6.1673253237377565
vertex 38.3035986632579 20.0 6.1673253237377565
vertex 36.543291419087275 20.0 6.109698831278209
endloop
endfacet
facet normal 0.0 1.0 0.0
outer loop
vertex 36.543291419087275 20.0 6.109698831278209
vertex 38.456708580912725 20.0 6.109698831278209
vertex 36.394278274452496 20.0 6.042181853831721
endloop
endfacet
facet normal 0.0 1.0 0.0
outer loop
vertex 36.394278274452496 20.0 6.042181853831721
vertex 38.605721725547504 20.0 6.042181853831721
vertex 36.25 20.0 5.965063509461089
endloop
endfacet
facet normal 0.0 1.0 0.0
outer loop
vertex 36.25 20.0 5.965063509461089
vertex 38.75 20.0 5.965063509461089
vertex 36.11107441745099 20.0 5.878674030756358
endloop
endfacet
facet normal 0.0 1.0 0.0
outer loop
vertex 35.9780964274782 20.0 5.783383350728087
vertex 36.11107441745099 20.0 5.878674030756358
vertex 38.88892558254901 20.0 5.878674030756358
endloop
endfacet
facet normal 0.0 1.0 0.0
outer loop
vertex 35.9780964274782 20.0 5.783383350728087
vertex 39.0219035725218 20.0 5.783383350728087
vertex 35.85163546224983 20.0 5.679599518697444
endloop
endfacet
facet normal 0.0 1.0 0.0
outer loop
vertex 37.98772580504032 20.0 6.251963201008067
vertex 38.1470476127563 20.0 6.214814565722662
vertex 36.8529523872437 20.0 6.214814565722662
endloop
endfacet
facet normal 0.0 1.0 0.0
outer loop
vertex 36.6964013367421 20.0 6.1673253237377565
vertex 38.1470476127563 20.0 6.214814565722662
vertex 38.3035986632579 20.0 6.1673253237377565
endloop
endfacet
facet normal 0.0 1.0 0.0
outer loop
vertex 36.543291419087275 20.0 6.109698831278209
vertex 38.3035986632579 20.0 6.1673253237377565
vertex 38.456708580912725 20.0 6.109698831278209
endloop
endfacet
facet normal 0.0 1.0 0.0
outer loop
vertex 36.394278274452496 20.0 6.042181853831721
vertex 38.456708580912725 20.0 6.109698831278209
vertex 38.605721725547504 20.0 6.042181853831721
endloop
endfacet
facet normal 0.0 1.0 0.0
outer loop
vertex 36.25 20.0 5.965063509461089
vertex 38.605721725547504 20.0 6.042181853831721
vertex 38.75 20.0 5.965063509461089
endloop
endfacet
facet normal 0.0 1.0 0.0
outer loop
vertex 36.11107441745099 20.0 5.878674030756358
vertex 38.75 20.0 5.965063509461089
vertex 38.88892558254901 20.0 5.878674030756358
endloop
endfacet
facet normal 0.0 1.0 0.0
outer loop
vertex 35.9780964274782 20.0 5.783383350728087
vertex 38.88892558254901 20.0 5.878674030756358
vertex 39.0219035725218 20.0 5.783383350728087
endloop
endfacet
facet normal 0.0 1.0 0.0
outer loop
vertex 39.0219035725218 20.0 5.783383350728087
vertex 39.14836453775017 20.0 5.679599518697444
vertex 35.85163546224983 20.0 5.679599518697444
endloop
endfacet
facet normal 0.03271908282180875 0.0 -0.9994645874763647
outer loop
vertex 37.5 20.0 6.299999999999997
vertex 37.336492176924644 20.0 6.294647308096501
vertex 37.336492176924644 27.0 6.294647308096501
endloop
endfacet
facet normal -0.032719082821808625 0.0 -0.9994645874763647
outer loop
vertex 37.5 20.0 6.299999999999997
vertex 37.5 27.0 6.299999999999997
vertex 37.663507823075356 20.0 6.294647308096501
endloop
endfacet
facet normal 0.22707626303436768 0.0 -0.9738769792773351
outer loop
vertex 37.01227419495968 20.0 6.251963201008067
vertex 36.8529523872437 20.0 6.214814565722662
vertex 36.8529523872437 27.0 6.214814565722662
endloop
endfacet
facet normal 0.29028467725445783 0.0 -0.9569403357322103
outer loop
vertex 36.8529523872437 20.0 6.214814565722662
vertex 36.6964013367421 20.0 6.1673253237377565
vertex 36.6964013367421 27.0 6.1673253237377565
endloop
endfacet
facet normal 0.09801714032953084 0.0 -0.9951847266721998
outer loop
vertex 37.17368451944987 20.0 6.278612153434523
vertex 37.17368451944987 27.0 6.278612153434523
vertex 37.336492176924644 20.0 6.294647308096501
endloop
endfacet
facet normal 0.16289547339462382 0.0 -0.9866433320848734
outer loop
vertex 37.17368451944987 20.0 6.278612153434523
vertex 37.01227419495968 20.0 6.251963201008067
vertex 37.01227419495968 27.0 6.251963201008067
endloop
endfacet
facet normal 0.3522500479212366 0.0 -0.9359059267573248
outer loop
vertex 36.6964013367421 20.0 6.1673253237377565
vertex 36.543291419087275 20.0 6.109698831278209
vertex 36.543291419087275 27.0 6.109698831278209
endloop
endfacet
facet normal 0.41270702980435164 0.0 -0.9108638249211956
outer loop
vertex 36.543291419087275 20.0 6.109698831278209
vertex 36.394278274452496 20.0 6.042181853831721
vertex 36.394278274452496 27.0 6.042181853831721
endloop
endfacet
facet normal 0.4713967368260367 0.0 -0.8819212643483341
outer loop
vertex 36.394278274452496 20.0 6.042181853831721
vertex 36.25 20.0 5.965063509461089
vertex 36.25 27.0 5.965063509461089
endloop
endfacet
facet normal 0.5280678506503556 0.0 -0.8492021815265867
outer loop
vertex 36.25 20.0 5.965063509461089
vertex 36.11107441745099 20.0 5.878674030756358
vertex 36.11107441745099 27.0 5.878674030756358
endloop
endfacet
facet normal 0.5824776968677894 0.0 -0.8128466845916243
outer loop
vertex 35.9780964274782 20.0 5.783383350728087
vertex 35.9780964274782 27.0 5.783383350728087
vertex 36.11107441745099 20.0 5.878674030756358
endloop
endfacet
facet normal 0.6343932841636386 0.0 -0.7730104533627427
outer loop
vertex 35.9780964274782 20.0 5.783383350728087
vertex 35.85163546224983 20.0 5.679599518697444
vertex 35.85163546224983 27.0 5.679599518697444
endloop
endfacet
facet normal -0.09801714032953072 0.0 -0.9951847266721998
outer loop
vertex 37.663507823075356 20.0 6.294647308096501
vertex 37.663507823075356 27.0 6.294647308096501
vertex 37.82631548055013 20.0 6.278612153434523
endloop
endfacet
facet normal -0.1628954733946237 0.0 -0.9866433320848734
outer loop
vertex 37.82631548055013 20.0 6.278612153434523
vertex 37.82631548055013 27.0 6.278612153434523
vertex 37.98772580504032 20.0 6.251963201008067
endloop
endfacet
facet normal -0.22707626303436756 0.0 -0.9738769792773351
outer loop
vertex 37.98772580504032 20.0 6.251963201008067
vertex 37.98772580504032 27.0 6.251963201008067
vertex 38.1470476127563 20.0 6.214814565722662
endloop
endfacet
facet normal -0.29028467725446383 0.0 -0.9569403357322086
outer loop
vertex 38.1470476127563 20.0 6.214814565722662
vertex 38.1470476127563 27.0 6.214814565722662
vertex 38.3035986632579 20.0 6.1673253237377565
endloop
endfacet
facet normal -0.3522500479212293 0.0 -0.9359059267573274
outer loop
vertex 38.3035986632579 20.0 6.1673253237377565
vertex 38.3035986632579 27.0 6.1673253237377565
vertex 38.456708580912725 20.0 6.109698831278209
endloop
endfacet
facet normal -0.41270702980435153 0.0 -0.9108638249211956
outer loop
vertex 38.456708580912725 20.0 6.109698831278209
vertex 38.456708580912725 27.0 6.109698831278209
vertex 38.605721725547504 20.0 6.042181853831721
endloop
endfacet
facet normal -0.4713967368260367 0.0 -0.8819212643483343
outer loop
vertex 38.605721725547504 20.0 6.042181853831721
vertex 38.605721725547504 27.0 6.042181853831721
vertex 38.75 20.0 5.965063509461089
endloop
endfacet
facet normal -0.5280678506503556 0.0 -0.8492021815265867
outer loop
vertex 38.75 20.0 5.965063509461089
vertex 38.75 27.0 5.965063509461089
vertex 38.88892558254901 20.0 5.878674030756358
endloop
endfacet
facet normal -0.5824776968677894 0.0 -0.8128466845916243
outer loop
vertex 38.88892558254901 20.0 5.878674030756358
vertex 38.88892558254901 27.0 5.878674030756358
vertex 39.0219035725218 20.0 5.783383350728087
endloop
endfacet
facet normal -0.6343932841636493 0.0 -0.7730104533627338
outer loop
vertex 39.0219035725218 20.0 5.783383350728087
vertex 39.0219035725218 27.0 5.783383350728087
vertex 39.14836453775017 20.0 5.679599518697444
endloop
endfacet
facet normal 0.03271908282180875 0.0 -0.9994645874763647
outer loop
vertex 37.5 20.0 6.299999999999997
vertex 37.336492176924644 27.0 6.294647308096501
vertex 37.5 27.0 6.299999999999997
endloop
endfacet
facet normal -0.032719082821808625 0.0 -0.9994645874763647
outer loop
vertex 37.663507823075356 20.0 6.294647308096501
vertex 37.5 27.0 6.299999999999997
vertex 37.663507823075356 27.0 6.294647308096501
endloop
endfacet
facet normal 0.29028467725445783 0.0 -0.9569403357322103
outer loop
vertex 36.8529523872437 20.0 6.214814565722662
vertex 36.6964013367421 27.0 6.1673253237377565
vertex 36.8529523872437 27.0 6.214814565722662
endloop
endfacet
facet normal 0.16289547339462382 0.0 -0.9866433320848734
outer loop
vertex 37.17368451944987 20.0 6.278612153434523
vertex 37.01227419495968 27.0 6.251963201008067
vertex 37.17368451944987 27.0 6.278612153434523
endloop
endfacet
facet normal 0.09801714032953084 0.0 -0.9951847266721998
outer loop
vertex 37.336492176924644 20.0 6.294647308096501
vertex 37.17368451944987 27.0 6.278612153434523
vertex 37.336492176924644 27.0 6.294647308096501
endloop
endfacet
facet normal 0.22707626303436768 0.0 -0.9738769792773351
outer loop
vertex 37.01227419495968 20.0 6.251963201008067
vertex 36.8529523872437 27.0 6.214814565722662
vertex 37.01227419495968 27.0 6.251963201008067
endloop
endfacet
facet normal 0.3522500479212366 0.0 -0.9359059267573248
outer loop
vertex 36.6964013367421 20.0 6.1673253237377565
vertex 36.543291419087275 27.0 6.109698831278209
vertex 36.6964013367421 27.0 6.1673253237377565
endloop
endfacet
facet normal 0.41270702980435164 0.0 -0.9108638249211956
outer loop
vertex 36.543291419087275 20.0 6.109698831278209
vertex 36.394278274452496 27.0 6.042181853831721
vertex 36.543291419087275 27.0 6.109698831278209
endloop
endfacet
facet normal 0.4713967368260367 0.0 -0.8819212643483341
outer loop
vertex 36.394278274452496 20.0 6.042181853831721
vertex 36.25 27.0 5.965063509461089
vertex 36.394278274452496 27.0 6.042181853831721
endloop
endfacet
facet normal 0.5280678506503556 0.0 -0.8492021815265867
outer loop
vertex 36.25 20.0 5.965063509461089
vertex 36.11107441745099 27.0 5.878674030756358
vertex 36.25 27.0 5.965063509461089
endloop
endfacet
facet normal 0.5824776968677894 0.0 -0.8128466845916243
outer loop
vertex 36.11107441745099 20.0 5.878674030756358
vertex 35.9780964274782 27.0 5.783383350728087
vertex 36.11107441745099 27.0 5.878674030756358
endloop
endfacet
facet normal 0.6343932841636386 0.0 -0.7730104533627427
outer loop
vertex 35.9780964274782 20.0 5.783383350728087
vertex 35.85163546224983 27.0 5.679599518697444
vertex 35.9780964274782 27.0 5.783383350728087
endloop
endfacet
facet normal -0.09801714032953072 0.0 -0.9951847266721998
outer loop
vertex 37.82631548055013 20.0 6.278612153434523
vertex 37.663507823075356 27.0 6.294647308096501
vertex 37.82631548055013 27.0 6.278612153434523
endloop
endfacet
facet normal -0.1628954733946237 0.0 -0.9866433320848734
outer loop
vertex 37.98772580504032 20.0 6.251963201008067
vertex 37.82631548055013 27.0 6.278612153434523
vertex 37.98772580504032 27.0 6.251963201008067
endloop
endfacet
facet normal -0.22707626303436756 0.0 -0.9738769792773351
outer loop
vertex 38.1470476127563 20.0 6.214814565722662
vertex 37.98772580504032 27.0 6.251963201008067
vertex 38.1470476127563 27.0 6.214814565722662
endloop
endfacet
facet normal -0.29028467725446383 0.0 -0.9569403357322086
outer loop
vertex 38.3035986632579 20.0 6.1673253237377565
vertex 38.1470476127563 27.0 6.214814565722662
vertex 38.3035986632579 27.0 6.1673253237377565
endloop
endfacet
facet normal -0.3522500479212293 0.0 -0.9359059267573274
outer loop
vertex 38.456708580912725 20.0 6.109698831278209
vertex 38.3035986632579 27.0 6.1673253237377565
vertex 38.456708580912725 27.0 6.109698831278209
endloop
endfacet
facet normal -0.41270702980435153 0.0 -0.9108638249211956
outer loop
vertex 38.605721725547504 20.0 6.042181853831721
vertex 38.456708580912725 27.0 6.109698831278209
vertex 38.605721725547504 27.0 6.042181853831721
endloop
endfacet
facet normal -0.4713967368260367 0.0 -0.8819212643483343
outer loop
vertex 38.75 20.0 5.965063509461089
vertex 38.605721725547504 27.0 6.042181853831721
vertex 38.75 27.0 5.965063509461089
endloop
endfacet
facet normal -0.5280678506503556 0.0 -0.8492021815265867
outer loop
vertex 38.88892558254901 20.0 5.878674030756358
vertex 38.75 27.0 5.965063509461089
vertex 38.88892558254901 27.0 5.878674030756358
endloop
endfacet
facet normal -0.5824776968677894 0.0 -0.8128466845916243
outer loop
vertex 39.0219035725218 20.0 5.783383350728087
vertex 38.88892558254901 27.0 5.878674030756358
vertex 39.0219035725218 27.0 5.783383350728087
endloop
endfacet
facet normal -0.6343932841636493 0.0 -0.7730104533627338
outer loop
vertex 39.0219035725218 27.0 5.783383350728087
vertex 39.14836453775017 27.0 5.679599518697444
vertex 39.14836453775017 20.0 5.679599518697444
endloop
endfacet
facet normal 0.0 1.0 0.0
outer loop
vertex 35.85163546224983 20.0 5.679599518697444
vertex 39.14836453775017 20.0 5.679599518697444
vertex 35.73223304703363 20.0 5.567766952966366
endloop
endfacet
facet normal 0.0 1.0 0.0
outer loop
vertex 35.73223304703363 20.0 5.567766952966366
vertex 39.26776695296637 20.0 5.567766952966366
vertex 35.62040048130255 20.0 5.448364537750166
endloop
endfacet
facet normal 0.0 1.0 0.0
outer loop
vertex 35.62040048130255 20.0 5.448364537750166
vertex 39.37959951869745 20.0 5.448364537750166
vertex 35.51661664927191 20.0 5.321903572521805
endloop
endfacet
facet normal 0.0 1.0 0.0
outer loop
vertex 35.51661664927191 20.0 5.321903572521805
vertex 39.48338335072809 20.0 5.321903572521805
vertex 35.42132596924364 20.0 5.188925582549004
endloop
endfacet
facet normal 0.0 1.0 0.0
outer loop
vertex 35.42132596924364 20.0 5.188925582549004
vertex 39.57867403075636 20.0 5.188925582549004
vertex 35.33493649053891 20.0 5.049999999999997
endloop
endfacet
facet normal 0.0 1.0 0.0
outer loop
vertex 35.33493649053891 20.0 5.049999999999997
vertex 39.6650635094611 20.0 5.049999999999997
vertex 35.257818146168276 20.0 4.905721725547494
endloop
endfacet
facet normal 0.0 1.0 0.0
outer loop
vertex 35.257818146168276 20.0 4.905721725547494
vertex 39.742181853831724 20.0 4.905721725547494
vertex 35.19030116872178 20.0 4.756708580912715
endloop
endfacet
facet normal 0.0 1.0 0.0
outer loop
vertex 35.73223304703363 20.0 5.567766952966366
vertex 39.14836453775017 20.0 5.679599518697444
vertex 39.26776695296637 20.0 5.567766952966366
endloop
endfacet
facet normal 0.0 1.0 0.0
outer loop
vertex 35.62040048130255 20.0 5.448364537750166
vertex 39.26776695296637 20.0 5.567766952966366
vertex 39.37959951869745 20.0 5.448364537750166
endloop
endfacet
facet normal 0.0 1.0 0.0
outer loop
vertex 35.51661664927191 20.0 5.321903572521805
vertex 39.37959951869745 20.0 5.448364537750166
vertex 39.48338335072809 20.0 5.321903572521805
endloop
endfacet
facet normal 0.0 1.0 0.0
outer loop
vertex 35.42132596924364 20.0 5.188925582549004
vertex 39.48338335072809 20.0 5.321903572521805
vertex 39.57867403075636 20.0 5.188925582549004
endloop
endfacet
facet normal 0.0 1.0 0.0
outer loop
vertex 35.33493649053891 20.0 5.049999999999997
vertex 39.57867403075636 20.0 5.188925582549004
vertex 39.6650635094611 20.0 5.049999999999997
endloop
endfacet
facet normal 0.0 1.0 0.0
outer loop
vertex 35.257818146168276 20.0 4.905721725547494
vertex 39.6650635094611 20.0 5.049999999999997
vertex 39.742181853831724 20.0 4.905721725547494
endloop
endfacet
facet normal 0.0 1.0 0.0
outer loop
vertex 39.742181853831724 20.0 4.905721725547494
vertex 39.80969883127822 20.0 4.756708580912715
vertex 35.19030116872178 20.0 4.756708580912715
endloop
endfacet
facet normal 0.0 1.0 0.0
outer loop
vertex 35.19030116872178 20.0 4.756708580912715
vertex 39.80969883127822 20.0 4.756708580912715
vertex 35.13267467626224 20.0 4.603598663257898
endloop
endfacet
facet normal 0.0 1.0 0.0
outer loop
vertex 35.13267467626224 20.0 4.603598663257898
vertex 39.86732532373777 20.0 4.603598663257898
vertex 35.08518543427733 20.0 4.447047612756293
endloop
endfacet
facet normal 0.0 1.0 0.0
outer loop
vertex 35.08518543427733 20.0 4.447047612756293
vertex 39.91481456572267 20.0 4.447047612756293
vertex 35.04803679899192 20.0 4.287725805040324
endloop
endfacet
facet normal 0.0 1.0 0.0
outer loop
vertex 35.04803679899192 20.0 4.287725805040324
vertex 39.95196320100808 20.0 4.287725805040324
vertex 35.021387846565474 20.0 4.126315480550133
endloop
endfacet
facet normal 0.0 1.0 0.0
outer loop
vertex 35.021387846565474 20.0 4.126315480550133
vertex 39.978612153434526 20.0 4.126315480550133
vertex 35.00535269190349 20.0 3.9635078230753606
endloop
endfacet
facet normal 0.0 1.0 0.0
outer loop
vertex 35.00535269190349 20.0 3.9635078230753606
vertex 39.99464730809651 20.0 3.9635078230753606
vertex 35.0 20.0 3.799999999999997
endloop
endfacet
facet normal 0.0 1.0 0.0
outer loop
vertex 35.13267467626224 20.0 4.603598663257898
vertex 39.80969883127822 20.0 4.756708580912715
vertex 39.86732532373777 20.0 4.603598663257898
endloop
endfacet
facet normal 0.0 1.0 0.0
outer loop
vertex 35.08518543427733 20.0 4.447047612756293
vertex 39.86732532373777 20.0 4.603598663257898
vertex 39.91481456572267 20.0 4.447047612756293
endloop
endfacet
facet normal 0.0 1.0 0.0
outer loop
vertex 35.04803679899192 20.0 4.287725805040324
vertex 39.91481456572267 20.0 4.447047612756293
vertex 39.95196320100808 20.0 4.287725805040324
endloop
endfacet
facet normal 0.0 1.0 0.0
outer loop
vertex 35.021387846565474 20.0 4.126315480550133
vertex 39.95196320100808 20.0 4.287725805040324
vertex 39.978612153434526 20.0 4.126315480550133
endloop
endfacet
facet normal 0.0 1.0 0.0
outer loop
vertex 35.00535269190349 20.0 3.9635078230753606
vertex 39.978612153434526 20.0 4.126315480550133
vertex 39.99464730809651 20.0 3.9635078230753606
endloop
endfacet
facet normal 0.0 1.0 0.0
outer loop
vertex 39.99464730809651 20.0 3.9635078230753606
vertex 40.0 20.0 3.799999999999997
vertex 35.0 20.0 3.799999999999997
endloop
endfacet
facet normal 0.6835923020228813 0.0 -0.7298640726978262
outer loop
vertex 35.85163546224983 20.0 5.679599518697444
vertex 35.73223304703363 20.0 5.567766952966366
vertex 35.73223304703363 27.0 5.567766952966366
endloop
endfacet
facet normal 0.7298640726978473 0.0 -0.683592302022859
outer loop
vertex 35.73223304703363 20.0 5.567766952966366
vertex 35.62040048130255 20.0 5.448364537750166
vertex 35.62040048130255 27.0 5.448364537750166
endloop
endfacet
facet normal 0.7730104533627163 0.0 -0.6343932841636706
outer loop
vertex 35.62040048130255 20.0 5.448364537750166
vertex 35.51661664927191 20.0 5.321903572521805
vertex 35.51661664927191 27.0 5.321903572521805
endloop
endfacet
facet normal 0.8128466845916186 0.0 -0.5824776968677975
outer loop
vertex 35.51661664927191 20.0 5.321903572521805
vertex 35.42132596924364 20.0 5.188925582549004
vertex 35.42132596924364 27.0 5.188925582549004
endloop
endfacet
facet normal 0.8492021815265867 0.0 -0.5280678506503556
outer loop
vertex 35.42132596924364 20.0 5.188925582549004
vertex 35.33493649053891 20.0 5.049999999999997
vertex 35.33493649053891 27.0 5.049999999999997
endloop
endfacet
facet normal 0.881921264348362 0.0 -0.4713967368259849
outer loop
vertex 35.33493649053891 20.0 5.049999999999997
vertex 35.257818146168276 20.0 4.905721725547494
vertex 35.257818146168276 27.0 4.905721725547494
endloop
endfacet
facet normal 0.910863824921171 0.0 -0.4127070298044056
outer loop
vertex 35.257818146168276 20.0 4.905721725547494
vertex 35.19030116872178 20.0 4.756708580912715
vertex 35.19030116872178 27.0 4.756708580912715
endloop
endfacet
facet normal -0.6835923020228706 0.0 -0.7298640726978364
outer loop
vertex 39.14836453775017 20.0 5.679599518697444
vertex 39.14836453775017 27.0 5.679599518697444
vertex 39.26776695296637 20.0 5.567766952966366
endloop
endfacet
facet normal -0.7298640726978364 0.0 -0.6835923020228706
outer loop
vertex 39.26776695296637 20.0 5.567766952966366
vertex 39.26776695296637 27.0 5.567766952966366
vertex 39.37959951869745 20.0 5.448364537750166
endloop
endfacet
facet normal -0.7730104533627163 0.0 -0.6343932841636706
outer loop
vertex 39.37959951869745 20.0 5.448364537750166
vertex 39.37959951869745 27.0 5.448364537750166
vertex 39.48338335072809 20.0 5.321903572521805
endloop
endfacet
facet normal -0.8128466845916391 0.0 -0.5824776968677687
outer loop
vertex 39.48338335072809 20.0 5.321903572521805
vertex 39.48338335072809 27.0 5.321903572521805
vertex 39.57867403075636 20.0 5.188925582549004
endloop
endfacet
facet normal -0.8492021815265671 0.0 -0.5280678506503869
outer loop
vertex 39.57867403075636 20.0 5.188925582549004
vertex 39.57867403075636 27.0 5.188925582549004
vertex 39.6650635094611 20.0 5.049999999999997
endloop
endfacet
facet normal -0.881921264348362 0.0 -0.471396736825985
outer loop
vertex 39.6650635094611 20.0 5.049999999999997
vertex 39.6650635094611 27.0 5.049999999999997
vertex 39.742181853831724 20.0 4.905721725547494
endloop
endfacet
facet normal -0.9108638249211791 0.0 -0.4127070298043876
outer loop
vertex 39.742181853831724 20.0 4.905721725547494
vertex 39.742181853831724 27.0 4.905721725547494
vertex 39.80969883127822 20.0 4.756708580912715
endloop
endfacet
facet normal 0.6835923020228813 0.0 -0.7298640726978262
outer loop
vertex 35.85163546224983 20.0 5.679599518697444
vertex 35.73223304703363 27.0 5.567766952966366
vertex 35.85163546224983 27.0 5.679599518697444
endloop
endfacet
facet normal 0.7298640726978473 0.0 -0.683592302022859
outer loop
vertex 35.73223304703363 20.0 5.567766952966366
vertex 35.62040048130255 27.0 5.448364537750166
vertex 35.73223304703363 27.0 5.567766952966366
endloop
endfacet
facet normal 0.7730104533627163 0.0 -0.6343932841636706
outer loop
vertex 35.62040048130255 20.0 5.448364537750166
vertex 35.51661664927191 27.0 5.321903572521805
vertex 35.62040048130255 27.0 5.448364537750166
endloop
endfacet
facet normal 0.8128466845916186 0.0 -0.5824776968677975
outer loop
vertex 35.51661664927191 20.0 5.321903572521805
vertex 35.42132596924364 27.0 5.188925582549004
vertex 35.51661664927191 27.0 5.321903572521805
endloop
endfacet
facet normal 0.8492021815265867 0.0 -0.5280678506503556
outer loop
vertex 35.42132596924364 20.0 5.188925582549004
vertex 35.33493649053891 27.0 5.049999999999997
vertex 35.42132596924364 27.0 5.188925582549004
endloop
endfacet
facet normal 0.881921264348362 0.0 -0.4713967368259849
outer loop
vertex 35.33493649053891 20.0 5.049999999999997
vertex 35.257818146168276 27.0 4.905721725547494
vertex 35.33493649053891 27.0 5.049999999999997
endloop
endfacet
facet normal 0.910863824921171 0.0 -0.4127070298044056
outer loop
vertex 35.257818146168276 20.0 4.905721725547494
vertex 35.19030116872178 27.0 4.756708580912715
vertex 35.257818146168276 27.0 4.905721725547494
endloop
endfacet
facet normal -0.6835923020228706 0.0 -0.7298640726978364
outer loop
vertex 39.26776695296637 20.0 5.567766952966366
vertex 39.14836453775017 27.0 5.679599518697444
vertex 39.26776695296637 27.0 5.567766952966366
endloop
endfacet
facet normal -0.7298640726978364 0.0 -0.6835923020228706
outer loop
vertex 39.37959951869745 20.0 5.448364537750166
vertex 39.26776695296637 27.0 5.567766952966366
vertex 39.37959951869745 27.0 5.448364537750166
endloop
endfacet
facet normal -0.7730104533627163 0.0 -0.6343932841636706
outer loop
vertex 39.48338335072809 20.0 5.321903572521805
vertex 39.37959951869745 27.0 5.448364537750166
vertex 39.48338335072809 27.0 5.321903572521805
endloop
endfacet
facet normal -0.8128466845916391 0.0 -0.5824776968677687
outer loop
vertex 39.57867403075636 20.0 5.188925582549004
vertex 39.48338335072809 27.0 5.321903572521805
vertex 39.57867403075636 27.0 5.188925582549004
endloop
endfacet
facet normal -0.8492021815265671 0.0 -0.5280678506503869
outer loop
vertex 39.6650635094611 20.0 5.049999999999997
vertex 39.57867403075636 27.0 5.188925582549004
vertex 39.6650635094611 27.0 5.049999999999997
endloop
endfacet
facet normal -0.881921264348362 0.0 -0.471396736825985
outer loop
vertex 39.742181853831724 20.0 4.905721725547494
vertex 39.6650635094611 27.0 5.049999999999997
vertex 39.742181853831724 27.0 4.905721725547494
endloop
endfacet
facet normal -0.9108638249211791 0.0 -0.4127070298043876
outer loop
vertex 39.80969883127822 20.0 4.756708580912715
vertex 39.742181853831724 27.0 4.905721725547494
vertex 39.80969883127822 27.0 4.756708580912715
endloop
endfacet
facet normal 0.9359059267573292 0.0 -0.35225004792122466
outer loop
vertex 35.19030116872178 20.0 4.756708580912715
vertex 35.13267467626224 20.0 4.603598663257898
vertex 35.13267467626224 27.0 4.603598663257898
endloop
endfacet
facet normal 0.956940335732206 0.0 -0.2902846772544716
outer loop
vertex 35.13267467626224 20.0 4.603598663257898
vertex 35.08518543427733 20.0 4.447047612756293
vertex 35.08518543427733 27.0 4.447047612756293
endloop
endfacet
facet normal 0.9738769792773305 0.0 -0.22707626303438677
outer loop
vertex 35.08518543427733 20.0 4.447047612756293
vertex 35.04803679899192 20.0 4.287725805040324
vertex 35.04803679899192 27.0 4.287725805040324
endloop
endfacet
facet normal 0.9866433320848803 0.0 -0.1628954733945814
outer loop
vertex 35.04803679899192 20.0 4.287725805040324
vertex 35.021387846565474 20.0 4.126315480550133
vertex 35.021387846565474 27.0 4.126315480550133
endloop
endfacet
facet normal 0.9951847266721956 0.0 -0.09801714032957375
outer loop
vertex 35.021387846565474 20.0 4.126315480550133
vertex 35.00535269190349 20.0 3.9635078230753606
vertex 35.00535269190349 27.0 3.9635078230753606
endloop
endfacet
facet normal 0.999464587476366 0.0 -0.03271908282176381
outer loop
vertex 35.00535269190349 20.0 3.9635078230753606
vertex 35.0 20.0 3.799999999999997
vertex 35.0 27.0 3.799999999999997
endloop
endfacet
facet normal -0.9359059267573219 0.0 -0.35225004792124376
outer loop
vertex 39.80969883127822 20.0 4.756708580912715
vertex 39.80969883127822 27.0 4.756708580912715
vertex 39.86732532373777 20.0 4.603598663257898
endloop
endfacet
facet normal -0.9569403357322122 0.0 -0.29028467725445184
outer loop
vertex 39.86732532373777 20.0 4.603598663257898
vertex 39.86732532373777 27.0 4.603598663257898
vertex 39.91481456572267 20.0 4.447047612756293
endloop
endfacet
facet normal -0.9738769792773305 0.0 -0.22707626303438688
outer loop
vertex 39.91481456572267 20.0 4.447047612756293
vertex 39.91481456572267 27.0 4.447047612756293
vertex 39.95196320100808 20.0 4.287725805040324
endloop
endfacet
facet normal -0.9866433320848803 0.0 -0.16289547339458152
outer loop
vertex 39.95196320100808 20.0 4.287725805040324
vertex 39.95196320100808 27.0 4.287725805040324
vertex 39.978612153434526 20.0 4.126315480550133
endloop
endfacet
facet normal -0.9951847266721956 0.0 -0.09801714032957386
outer loop
vertex 39.978612153434526 20.0 4.126315480550133
vertex 39.978612153434526 27.0 4.126315480550133
vertex 39.99464730809651 20.0 3.9635078230753606
endloop
endfacet
facet normal -0.999464587476366 0.0 -0.03271908282176394
outer loop
vertex 39.99464730809651 20.0 3.9635078230753606
vertex 39.99464730809651 27.0 3.9635078230753606
vertex 40.0 20.0 3.799999999999997
endloop
endfacet
facet normal 0.9359059267573292 0.0 -0.35225004792122466
outer loop
vertex 35.19030116872178 20.0 4.756708580912715
vertex 35.13267467626224 27.0 4.603598663257898
vertex 35.19030116872178 27.0 4.756708580912715
endloop
endfacet
facet normal 0.956940335732206 0.0 -0.2902846772544716
outer loop
vertex 35.13267467626224 20.0 4.603598663257898
vertex 35.08518543427733 27.0 4.447047612756293
vertex 35.13267467626224 27.0 4.603598663257898
endloop
endfacet
facet normal 0.9738769792773305 0.0 -0.22707626303438677
outer loop
vertex 35.08518543427733 20.0 4.447047612756293
vertex 35.04803679899192 27.0 4.287725805040324
vertex 35.08518543427733 27.0 4.447047612756293
endloop
endfacet
facet normal 0.9866433320848803 0.0 -0.1628954733945814
outer loop
vertex 35.04803679899192 20.0 4.287725805040324
vertex 35.021387846565474 27.0 4.126315480550133
vertex 35.04803679899192 27.0 4.287725805040324
endloop
endfacet
facet normal 0.9951847266721956 0.0 -0.09801714032957375
outer loop
vertex 35.021387846565474 20.0 4.126315480550133
vertex 35.00535269190349 27.0 3.9635078230753606
vertex 35.021387846565474 27.0 4.126315480550133
endloop
endfacet
facet normal 0.999464587476366 0.0 -0.03271908282176381
outer loop
vertex 35.00535269190349 20.0 3.9635078230753606
vertex 35.0 27.0 3.799999999999997
vertex 35.00535269190349 27.0 3.9635078230753606
endloop
endfacet
facet normal -0.9359059267573219 0.0 -0.35225004792124376
outer loop
vertex 39.86732532373777 20.0 4.603598663257898
vertex 39.80969883127822 27.0 4.756708580912715
vertex 39.86732532373777 27.0 4.603598663257898
endloop
endfacet
facet normal -0.9569403357322122 0.0 -0.29028467725445184
outer loop
vertex 39.91481456572267 20.0 4.447047612756293
vertex 39.86732532373777 27.0 4.603598663257898
vertex 39.91481456572267 27.0 4.447047612756293
endloop
endfacet
facet normal -0.9738769792773305 0.0 -0.22707626303438688
outer loop
vertex 39.95196320100808 20.0 4.287725805040324
vertex 39.91481456572267 27.0 4.447047612756293
vertex 39.95196320100808 27.0 4.287725805040324
endloop
endfacet
facet normal -0.9866433320848803 0.0 -0.16289547339458152
outer loop
vertex 39.978612153434526 20.0 4.126315480550133
vertex 39.95196320100808 27.0 4.287725805040324
vertex 39.978612153434526 27.0 4.126315480550133
endloop
endfacet
facet normal -0.9951847266721956 0.0 -0.09801714032957386
outer loop
vertex 39.99464730809651 20.0 3.9635078230753606
vertex 39.978612153434526 27.0 4.126315480550133
vertex 39.99464730809651 27.0 3.9635078230753606
endloop
endfacet
facet normal -0.999464587476366 0.0 -0.03271908282176394
outer loop
vertex 39.99464730809651 27.0 3.9635078230753606
vertex 40.0 27.0 3.799999999999997
vertex 40.0 20.0 3.799999999999997
endloop
endfacet
facet normal 0.0 1.0 0.0
outer loop
vertex 35.0 20.0 3.799999999999997
vertex 40.0 20.0 3.799999999999997
vertex 35.00535269190349 20.0 3.6364921769246337
endloop
endfacet
facet normal 0.0 1.0 0.0
outer loop
vertex 35.00535269190349 20.0 3.6364921769246337
vertex 39.99464730809651 20.0 3.6364921769246337
vertex 35.021387846565474 20.0 3.4736845194498613
endloop
endfacet
facet normal 0.0 1.0 0.0
outer loop
vertex 35.021387846565474 20.0 3.4736845194498613
vertex 39.978612153434526 20.0 3.4736845194498613
vertex 35.04803679899192 20.0 3.31227419495967
endloop
endfacet
facet normal 0.0 1.0 0.0
outer loop
vertex 35.04803679899192 20.0 3.31227419495967
vertex 39.95196320100808 20.0 3.31227419495967
vertex 35.08518543427733 20.0 3.152952387243701
endloop
endfacet
facet normal 0.0 1.0 0.0
outer loop
vertex 35.08518543427733 20.0 3.152952387243701
vertex 39.91481456572267 20.0 3.152952387243701
vertex 35.13267467626224 20.0 2.996401336742096
endloop
endfacet
facet normal 0.0 1.0 0.0
outer loop
vertex 35.13267467626224 20.0 2.996401336742096
vertex 39.86732532373777 20.0 2.996401336742096
vertex 35.19030116872178 20.0 2.8432914190872793
endloop
endfacet
facet normal 0.0 1.0 0.0
outer loop
vertex 35.00535269190349 20.0 3.6364921769246337
vertex 40.0 20.0 3.799999999999997
vertex 39.99464730809651 20.0 3.6364921769246337
endloop
endfacet
facet normal 0.0 1.0 0.0
outer loop
vertex 35.021387846565474 20.0 3.4736845194498613
vertex 39.99464730809651 20.0 3.6364921769246337
vertex 39.978612153434526 20.0 3.4736845194498613
endloop
endfacet
facet normal 0.0 1.0 0.0
outer loop
vertex 35.04803679899192 20.0 3.31227419495967
vertex 39.978612153434526 20.0 3.4736845194498613
vertex 39.95196320100808 20.0 3.31227419495967
endloop
endfacet
facet normal 0.0 1.0 0.0
outer loop
vertex 35.08518543427733 20.0 3.152952387243701
vertex 39.95196320100808 20.0 3.31227419495967
vertex 39.91481456572267 20.0 3.152952387243701
endloop
endfacet
facet normal 0.0 1.0 0.0
outer loop
vertex 35.13267467626224 20.0 2.996401336742096
vertex 39.91481456572267 20.0 3.152952387243701
vertex 39.86732532373777 20.0 2.996401336742096
endloop
endfacet
facet normal 0.0 1.0 0.0
outer loop
vertex 35.19030116872178 20.0 2.8432914190872793
vertex 39.86732532373777 20.0 2.996401336742096
vertex 39.80969883127822 20.0 2.8432914190872793
endloop
endfacet
facet normal 0.0 1.0 0.0
outer loop
vertex 35.19030116872178 20.0 2.8432914190872793
vertex 39.80969883127822 20.0 2.8432914190872793
vertex 35.257818146168276 20.0 2.6942782744525005
endloop
endfacet
facet normal 0.0 1.0 0.0
outer loop
vertex 35.257818146168276 20.0 2.6942782744525005
vertex 39.742181853831724 20.0 2.6942782744525005
vertex 35.33493649053891 20.0 2.549999999999997
endloop
endfacet
facet normal 0.0 1.0 0.0
outer loop
vertex 35.33493649053891 20.0 2.549999999999997
vertex 39.6650635094611 20.0 2.549999999999997
vertex 35.42132596924364 20.0 2.4110744174509904
endloop
endfacet
facet normal 0.0 1.0 0.0
outer loop
vertex 35.42132596924364 20.0 2.4110744174509904
vertex 39.57867403075636 20.0 2.4110744174509904
vertex 35.51661664927191 20.0 2.2780964274781894
endloop
endfacet
facet normal 0.0 1.0 0.0
outer loop
vertex 35.51661664927191 20.0 2.2780964274781894
vertex 39.48338335072809 20.0 2.2780964274781894
vertex 35.62040048130255 20.0 2.1516354622498284
endloop
endfacet
facet normal 0.0 1.0 0.0
outer loop
vertex 35.62040048130255 20.0 2.1516354622498284
vertex 39.37959951869745 20.0 2.1516354622498284
vertex 35.73223304703363 20.0 2.0322330470336283
endloop
endfacet
facet normal 0.0 1.0 0.0
outer loop
vertex 35.73223304703363 20.0 2.0322330470336283
vertex 39.26776695296637 20.0 2.0322330470336283
vertex 35.85163546224983 20.0 1.9204004813025506
endloop
endfacet
facet normal 0.0 1.0 0.0
outer loop
vertex 39.80969883127822 20.0 2.8432914190872793
vertex 39.742181853831724 20.0 2.6942782744525005
vertex 35.257818146168276 20.0 2.6942782744525005
endloop
endfacet
facet normal 0.0 1.0 0.0
outer loop
vertex 35.33493649053891 20.0 2.549999999999997
vertex 39.742181853831724 20.0 2.6942782744525005
vertex 39.6650635094611 20.0 2.549999999999997
endloop
endfacet
facet normal 0.0 1.0 0.0
outer loop
vertex 35.42132596924364 20.0 2.4110744174509904
vertex 39.6650635094611 20.0 2.549999999999997
vertex 39.57867403075636 20.0 2.4110744174509904
endloop
endfacet
facet normal 0.0 1.0 0.0
outer loop
vertex 35.51661664927191 20.0 2.2780964274781894
vertex 39.57867403075636 20.0 2.4110744174509904
vertex 39.48338335072809 20.0 2.2780964274781894
endloop
endfacet
facet normal 0.0 1.0 0.0
outer loop
vertex 35.62040048130255 20.0 2.1516354622498284
vertex 39.48338335072809 20.0 2.2780964274781894
vertex 39.37959951869745 20.0 2.1516354622498284
endloop
endfacet
facet normal 0.0 1.0 0.0
outer loop
vertex 35.73223304703363 20.0 2.0322330470336283
vertex 39.37959951869745 20.0 2.1516354622498284
vertex 39.26776695296637 20.0 2.0322330470336283
endloop
endfacet
facet normal 0.0 1.0 0.0
outer loop
vertex 35.85163546224983 20.0 1.9204004813025506
vertex 39.26776695296637 20.0 2.0322330470336283
vertex 39.14836453775017 20.0 1.9204004813025506
endloop
endfacet
facet normal 0.999464587476366 0.0 0.03271908282176394
outer loop
vertex 35.0 20.0 3.799999999999997
vertex 35.00535269190349 20.0 3.6364921769246337
vertex 35.00535269190349 27.0 3.6364921769246337
endloop
endfacet
facet normal 0.9951847266721956 0.0 0.09801714032957386
outer loop
vertex 35.00535269190349 20.0 3.6364921769246337
vertex 35.021387846565474 20.0 3.4736845194498613
vertex 35.021387846565474 27.0 3.4736845194498613
endloop
endfacet
facet normal 0.9866433320848803 0.0 0.16289547339458152
outer loop
vertex 35.021387846565474 20.0 3.4736845194498613
vertex 35.04803679899192 20.0 3.31227419495967
vertex 35.04803679899192 27.0 3.31227419495967
endloop
endfacet
facet normal 0.9738769792773305 0.0 0.22707626303438688
outer loop
vertex 35.04803679899192 20.0 3.31227419495967
vertex 35.08518543427733 20.0 3.152952387243701
vertex 35.08518543427733 27.0 3.152952387243701
endloop
endfacet
facet normal 0.956940335732206 0.0 0.2902846772544717
outer loop
vertex 35.08518543427733 20.0 3.152952387243701
vertex 35.13267467626224 20.0 2.996401336742096
vertex 35.13267467626224 27.0 2.996401336742096
endloop
endfacet
facet normal 0.9359059267573292 0.0 0.3522500479212248
outer loop
vertex 35.13267467626224 20.0 2.996401336742096
vertex 35.19030116872178 20.0 2.8432914190872793
vertex 35.19030116872178 27.0 2.8432914190872793
endloop
endfacet
facet normal -0.999464587476366 0.0 0.03271908282176381
outer loop
vertex 40.0 20.0 3.799999999999997
vertex 40.0 27.0 3.799999999999997
vertex 39.99464730809651 20.0 3.6364921769246337
endloop
endfacet
facet normal -0.9951847266721956 0.0 0.09801714032957375
outer loop
vertex 39.99464730809651 20.0 3.6364921769246337
vertex 39.99464730809651 27.0 3.6364921769246337
vertex 39.978612153434526 20.0 3.4736845194498613
endloop
endfacet
facet normal -0.9866433320848803 0.0 0.1628954733945814
outer loop
vertex 39.978612153434526 20.0 3.4736845194498613
vertex 39.978612153434526 27.0 3.4736845194498613
vertex 39.95196320100808 20.0 3.31227419495967
endloop
endfacet
facet normal -0.9738769792773305 0.0 0.22707626303438677
outer loop
vertex 39.95196320100808 20.0 3.31227419495967
vertex 39.95196320100808 27.0 3.31227419495967
vertex 39.91481456572267 20.0 3.152952387243701
endloop
endfacet
facet normal -0.9569403357322122 0.0 0.29028467725445173
outer loop
vertex 39.91481456572267 20.0 3.152952387243701
vertex 39.91481456572267 27.0 3.152952387243701
vertex 39.86732532373777 20.0 2.996401336742096
endloop
endfacet
facet normal -0.9359059267573221 0.0 0.3522500479212437
outer loop
vertex 39.86732532373777 20.0 2.996401336742096
vertex 39.86732532373777 27.0 2.996401336742096
vertex 39.80969883127822 20.0 2.8432914190872793
endloop
endfacet
facet normal 0.999464587476366 0.0 0.03271908282176394
outer loop
vertex 35.0 20.0 3.799999999999997
vertex 35.00535269190349 27.0 3.6364921769246337
vertex 35.0 27.0 3.799999999999997
endloop
endfacet
facet normal 0.9951847266721956 0.0 0.09801714032957386
outer loop
vertex 35.00535269190349 20.0 3.6364921769246337
vertex 35.021387846565474 27.0 3.4736845194498613
vertex 35.00535269190349 27.0 3.6364921769246337
endloop
endfacet
facet normal 0.9866433320848803 0.0 0.16289547339458152
outer loop
vertex 35.021387846565474 20.0 3.4736845194498613
vertex 35.04803679899192 27.0 3.31227419495967
vertex 35.021387846565474 27.0 3.4736845194498613
endloop
endfacet
facet normal 0.9738769792773305 0.0 0.22707626303438688
outer loop
vertex 35.04803679899192 20.0 3.31227419495967
vertex 35.08518543427733 27.0 3.152952387243701
vertex 35.04803679899192 27.0 3.31227419495967
endloop
endfacet
facet normal 0.956940335732206 0.0 0.2902846772544717
outer loop
vertex 35.08518543427733 20.0 3.152952387243701
vertex 35.13267467626224 27.0 2.996401336742096
vertex 35.08518543427733 27.0 3.152952387243701
endloop
endfacet
facet normal 0.9359059267573292 0.0 0.3522500479212248
outer loop
vertex 35.13267467626224 20.0 2.996401336742096
vertex 35.19030116872178 27.0 2.8432914190872793
vertex 35.13267467626224 27.0 2.996401336742096
endloop
endfacet
facet normal -0.999464587476366 0.0 0.03271908282176381
outer loop
vertex 39.99464730809651 20.0 3.6364921769246337
vertex 40.0 27.0 3.799999999999997
vertex 39.99464730809651 27.0 3.6364921769246337
endloop
endfacet
facet normal -0.9951847266721956 0.0 0.09801714032957375
outer loop
vertex 39.978612153434526 20.0 3.4736845194498613
vertex 39.99464730809651 27.0 3.6364921769246337
vertex 39.978612153434526 27.0 3.4736845194498613
endloop
endfacet
facet normal -0.9866433320848803 0.0 0.1628954733945814
outer loop
vertex 39.95196320100808 20.0 3.31227419495967
vertex 39.978612153434526 27.0 3.4736845194498613
vertex 39.95196320100808 27.0 3.31227419495967
endloop
endfacet
facet normal -0.9738769792773305 0.0 0.22707626303438677
outer loop
vertex 39.91481456572267 20.0 3.152952387243701
vertex 39.95196320100808 27.0 3.31227419495967
vertex 39.91481456572267 27.0 3.152952387243701
endloop
endfacet
facet normal -0.9569403357322122 0.0 0.29028467725445173
outer loop
vertex 39.86732532373777 20.0 2.996401336742096
vertex 39.91481456572267 27.0 3.152952387243701
vertex 39.86732532373777 27.0 2.996401336742096
endloop
endfacet
facet normal -0.9359059267573221 0.0 0.3522500479212437
outer loop
vertex 39.80969883127822 20.0 2.8432914190872793
vertex 39.86732532373777 27.0 2.996401336742096
vertex 39.80969883127822 27.0 2.8432914190872793
endloop
endfacet
facet normal 0.910863824921171 0.0 0.4127070298044057
outer loop
vertex 35.19030116872178 20.0 2.8432914190872793
vertex 35.257818146168276 20.0 2.6942782744525005
vertex 35.257818146168276 27.0 2.6942782744525005
endloop
endfacet
facet normal 0.881921264348362 0.0 0.471396736825985
outer loop
vertex 35.257818146168276 20.0 2.6942782744525005
vertex 35.33493649053891 20.0 2.549999999999997
vertex 35.33493649053891 27.0 2.549999999999997
endloop
endfacet
facet normal 0.8492021815265867 0.0 0.5280678506503556
outer loop
vertex 35.33493649053891 20.0 2.549999999999997
vertex 35.42132596924364 20.0 2.4110744174509904
vertex 35.42132596924364 27.0 2.4110744174509904
endloop
endfacet
facet normal 0.8128466845916186 0.0 0.5824776968677975
outer loop
vertex 35.42132596924364 20.0 2.4110744174509904
vertex 35.51661664927191 20.0 2.2780964274781894
vertex 35.51661664927191 27.0 2.2780964274781894
endloop
endfacet
facet normal 0.7730104533627163 0.0 0.6343932841636706
outer loop
vertex 35.51661664927191 20.0 2.2780964274781894
vertex 35.62040048130255 20.0 2.1516354622498284
vertex 35.62040048130255 27.0 2.1516354622498284
endloop
endfacet
facet normal 0.7298640726978473 0.0 0.683592302022859
outer loop
vertex 35.62040048130255 20.0 2.1516354622498284
vertex 35.73223304703363 20.0 2.0322330470336283
vertex 35.73223304703363 27.0 2.0322330470336283
endloop
endfacet
facet normal 0.6835923020228813 0.0 0.7298640726978262
outer loop
vertex 35.73223304703363 20.0 2.0322330470336283
vertex 35.85163546224983 20.0 1.9204004813025506
vertex 35.85163546224983 27.0 1.9204004813025506
endloop
endfacet
facet normal -0.9108638249211791 0.0 0.4127070298043875
outer loop
vertex 39.80969883127822 20.0 2.8432914190872793
vertex 39.80969883127822 27.0 2.8432914190872793
vertex 39.742181853831724 20.0 2.6942782744525005
endloop
endfacet
facet normal -0.881921264348362 0.0 0.4713967368259849
outer loop
vertex 39.742181853831724 20.0 2.6942782744525005
vertex 39.742181853831724 27.0 2.6942782744525005
vertex 39.6650635094611 20.0 2.549999999999997
endloop
endfacet
facet normal -0.8492021815265671 0.0 0.5280678506503869
outer loop
vertex 39.57867403075636 20.0 2.4110744174509904
vertex 39.6650635094611 20.0 2.549999999999997
vertex 39.6650635094611 27.0 2.549999999999997
endloop
endfacet
facet normal -0.8128466845916391 0.0 0.5824776968677687
outer loop
vertex 39.57867403075636 20.0 2.4110744174509904
vertex 39.57867403075636 27.0 2.4110744174509904
vertex 39.48338335072809 20.0 2.2780964274781894
endloop
endfacet
facet normal -0.7730104533627163 0.0 0.6343932841636706
outer loop
vertex 39.48338335072809 20.0 2.2780964274781894
vertex 39.48338335072809 27.0 2.2780964274781894
vertex 39.37959951869745 20.0 2.1516354622498284
endloop
endfacet
facet normal -0.7298640726978364 0.0 0.6835923020228706
outer loop
vertex 39.37959951869745 20.0 2.1516354622498284
vertex 39.37959951869745 27.0 2.1516354622498284
vertex 39.26776695296637 20.0 2.0322330470336283
endloop
endfacet
facet normal -0.6835923020228706 0.0 0.7298640726978364
outer loop
vertex 39.26776695296637 20.0 2.0322330470336283
vertex 39.26776695296637 27.0 2.0322330470336283
vertex 39.14836453775017 20.0 1.9204004813025506
endloop
endfacet
facet normal 0.910863824921171 0.0 0.4127070298044057
outer loop
vertex 35.19030116872178 20.0 2.8432914190872793
vertex 35.257818146168276 27.0 2.6942782744525005
vertex 35.19030116872178 27.0 2.8432914190872793
endloop
endfacet
facet normal 0.881921264348362 0.0 0.471396736825985
outer loop
vertex 35.257818146168276 20.0 2.6942782744525005
vertex 35.33493649053891 27.0 2.549999999999997
vertex 35.257818146168276 27.0 2.6942782744525005
endloop
endfacet
facet normal 0.8492021815265867 0.0 0.5280678506503556
outer loop
vertex 35.33493649053891 20.0 2.549999999999997
vertex 35.42132596924364 27.0 2.4110744174509904
vertex 35.33493649053891 27.0 2.549999999999997
endloop
endfacet
facet normal 0.8128466845916186 0.0 0.5824776968677975
outer loop
vertex 35.42132596924364 20.0 2.4110744174509904
vertex 35.51661664927191 27.0 2.2780964274781894
vertex 35.42132596924364 27.0 2.4110744174509904
endloop
endfacet
facet normal 0.7730104533627163 0.0 0.6343932841636706
outer loop
vertex 35.51661664927191 20.0 2.2780964274781894
vertex 35.62040048130255 27.0 2.1516354622498284
vertex 35.51661664927191 27.0 2.2780964274781894
endloop
endfacet
facet normal 0.7298640726978473 0.0 0.683592302022859
outer loop
vertex 35.62040048130255 20.0 2.1516354622498284
vertex 35.73223304703363 27.0 2.0322330470336283
vertex 35.62040048130255 27.0 2.1516354622498284
endloop
endfacet
facet normal 0.6835923020228813 0.0 0.7298640726978262
outer loop
vertex 35.73223304703363 20.0 2.0322330470336283
vertex 35.85163546224983 27.0 1.9204004813025506
vertex 35.73223304703363 27.0 2.0322330470336283
endloop
endfacet
facet normal -0.9108638249211791 0.0 0.4127070298043875
outer loop
vertex 39.742181853831724 20.0 2.6942782744525005
vertex 39.80969883127822 27.0 2.8432914190872793
vertex 39.742181853831724 27.0 2.6942782744525005
endloop
endfacet
facet normal -0.881921264348362 0.0 0.4713967368259849
outer loop
vertex 39.6650635094611 20.0 2.549999999999997
vertex 39.742181853831724 27.0 2.6942782744525005
vertex 39.6650635094611 27.0 2.549999999999997
endloop
endfacet
facet normal -0.8492021815265671 0.0 0.5280678506503869
outer loop
vertex 39.57867403075636 20.0 2.4110744174509904
vertex 39.6650635094611 27.0 2.549999999999997
vertex 39.57867403075636 27.0 2.4110744174509904
endloop
endfacet
facet normal -0.8128466845916391 0.0 0.5824776968677687
outer loop
vertex 39.48338335072809 20.0 2.2780964274781894
vertex 39.57867403075636 27.0 2.4110744174509904
vertex 39.48338335072809 27.0 2.2780964274781894
endloop
endfacet
facet normal -0.7730104533627163 0.0 0.6343932841636706
outer loop
vertex 39.37959951869745 20.0 2.1516354622498284
vertex 39.48338335072809 27.0 2.2780964274781894
vertex 39.37959951869745 27.0 2.1516354622498284
endloop
endfacet
facet normal -0.7298640726978364 0.0 0.6835923020228706
outer loop
vertex 39.26776695296637 20.0 2.0322330470336283
vertex 39.37959951869745 27.0 2.1516354622498284
vertex 39.26776695296637 27.0 2.0322330470336283
endloop
endfacet
facet normal -0.6835923020228706 0.0 0.7298640726978364
outer loop
vertex 39.14836453775017 20.0 1.9204004813025506
vertex 39.26776695296637 27.0 2.0322330470336283
vertex 39.14836453775017 27.0 1.9204004813025506
endloop
endfacet
facet normal 0.0 1.0 0.0
outer loop
vertex 35.85163546224983 20.0 1.9204004813025506
vertex 39.14836453775017 20.0 1.9204004813025506
vertex 35.9780964274782 20.0 1.8166166492719071
endloop
endfacet
facet normal 0.0 1.0 0.0
outer loop
vertex 35.9780964274782 20.0 1.8166166492719071
vertex 39.0219035725218 20.0 1.8166166492719071
vertex 36.11107441745099 20.0 1.7213259692436367
endloop
endfacet
facet normal 0.0 1.0 0.0
outer loop
vertex 36.11107441745099 20.0 1.7213259692436367
vertex 38.88892558254901 20.0 1.7213259692436367
vertex 36.25 20.0 1.6349364905389052
endloop
endfacet
facet normal 0.0 1.0 0.0
outer loop
vertex 36.25 20.0 1.6349364905389052
vertex 38.75 20.0 1.6349364905389052
vertex 36.394278274452496 20.0 1.5578181461682732
endloop
endfacet
facet normal 0.0 1.0 0.0
outer loop
vertex 36.394278274452496 20.0 1.5578181461682732
vertex 38.605721725547504 20.0 1.5578181461682732
vertex 36.543291419087275 20.0 1.4903011687217855
endloop
endfacet
facet normal 0.0 1.0 0.0
outer loop
vertex 36.543291419087275 20.0 1.4903011687217855
vertex 38.456708580912725 20.0 1.4903011687217855
vertex 36.6964013367421 20.0 1.4326746762622378
endloop
endfacet
facet normal 0.0 1.0 0.0
outer loop
vertex 36.6964013367421 20.0 1.4326746762622378
vertex 38.3035986632579 20.0 1.4326746762622378
vertex 36.8529523872437 20.0 1.3851854342773322
endloop
endfacet
facet normal 0.0 1.0 0.0
outer loop
vertex 36.8529523872437 20.0 1.3851854342773322
vertex 38.1470476127563 20.0 1.3851854342773322
vertex 37.01227419495968 20.0 1.3480367989919273
endloop
endfacet
facet normal 0.0 1.0 0.0
outer loop
vertex 37.01227419495968 20.0 1.3480367989919273
vertex 37.98772580504032 20.0 1.3480367989919273
vertex 37.17368451944987 20.0 1.3213878465654716
endloop
endfacet
facet normal 0.0 1.0 0.0
outer loop
vertex 37.17368451944987 20.0 1.3213878465654716
vertex 37.82631548055013 20.0 1.3213878465654716
vertex 37.336492176924644 20.0 1.3053526919034937
endloop
endfacet
facet normal 0.0 1.0 0.0
outer loop
vertex 37.336492176924644 20.0 1.3053526919034937
vertex 37.82631548055013 20.0 1.3213878465654716
vertex 37.663507823075356 20.0 1.3053526919034937
endloop
endfacet
facet normal 0.0 1.0 0.0
outer loop
vertex 37.336492176924644 20.0 1.3053526919034937
vertex 37.663507823075356 20.0 1.3053526919034937
vertex 37.5 20.0 1.2999999999999972
endloop
endfacet
facet normal 0.0 1.0 0.0
outer loop
vertex 39.14836453775017 20.0 1.9204004813025506
vertex 39.0219035725218 20.0 1.8166166492719071
vertex 35.9780964274782 20.0 1.8166166492719071
endloop
endfacet
facet normal 0.0 1.0 0.0
outer loop
vertex 36.11107441745099 20.0 1.7213259692436367
vertex 39.0219035725218 20.0 1.8166166492719071
vertex 38.88892558254901 20.0 1.7213259692436367
endloop
endfacet
facet normal 0.0 1.0 0.0
outer loop
vertex 36.25 20.0 1.6349364905389052
vertex 38.88892558254901 20.0 1.7213259692436367
vertex 38.75 20.0 1.6349364905389052
endloop
endfacet
facet normal 0.0 1.0 0.0
outer loop
vertex 36.394278274452496 20.0 1.5578181461682732
vertex 38.75 20.0 1.6349364905389052
vertex 38.605721725547504 20.0 1.5578181461682732
endloop
endfacet
facet normal 0.0 1.0 0.0
outer loop
vertex 36.543291419087275 20.0 1.4903011687217855
vertex 38.605721725547504 20.0 1.5578181461682732
vertex 38.456708580912725 20.0 1.4903011687217855
endloop
endfacet
facet normal 0.0 1.0 0.0
outer loop
vertex 36.6964013367421 20.0 1.4326746762622378
vertex 38.456708580912725 20.0 1.4903011687217855
vertex 38.3035986632579 20.0 1.4326746762622378
endloop
endfacet
facet normal 0.0 1.0 0.0
outer loop
vertex 36.8529523872437 20.0 1.3851854342773322
vertex 38.3035986632579 20.0 1.4326746762622378
vertex 38.1470476127563 20.0 1.3851854342773322
endloop
endfacet
facet normal 0.0 1.0 0.0
outer loop
vertex 38.1470476127563 20.0 1.3851854342773322
vertex 37.98772580504032 20.0 1.3480367989919273
vertex 37.01227419495968 20.0 1.3480367989919273
endloop
endfacet
facet normal 0.0 1.0 0.0
outer loop
vertex 37.17368451944987 20.0 1.3213878465654716
vertex 37.98772580504032 20.0 1.3480367989919273
vertex 37.82631548055013 20.0 1.3213878465654716
endloop
endfacet
facet normal 0.6343932841636386 0.0 0.7730104533627427
outer loop
vertex 35.85163546224983 20.0 1.9204004813025506
vertex 35.9780964274782 20.0 1.8166166492719071
vertex 35.9780964274782 27.0 1.8166166492719071
endloop
endfacet
facet normal 0.5824776968677894 0.0 0.8128466845916243
outer loop
vertex 35.9780964274782 20.0 1.8166166492719071
vertex 36.11107441745099 20.0 1.7213259692436367
vertex 36.11107441745099 27.0 1.7213259692436367
endloop
endfacet
facet normal 0.5280678506503556 0.0 0.8492021815265867
outer loop
vertex 36.11107441745099 20.0 1.7213259692436367
vertex 36.25 20.0 1.6349364905389052
vertex 36.25 27.0 1.6349364905389052
endloop
endfacet
facet normal 0.4713967368260367 0.0 0.8819212643483343
outer loop
vertex 36.25 20.0 1.6349364905389052
vertex 36.394278274452496 20.0 1.5578181461682732
vertex 36.394278274452496 27.0 1.5578181461682732
endloop
endfacet
facet normal 0.41270702980435153 0.0 0.9108638249211956
outer loop
vertex 36.394278274452496 20.0 1.5578181461682732
vertex 36.543291419087275 20.0 1.4903011687217855
vertex 36.543291419087275 27.0 1.4903011687217855
endloop
endfacet
facet normal 0.3522500479212365 0.0 0.9359059267573248
outer loop
vertex 36.543291419087275 20.0 1.4903011687217855
vertex 36.6964013367421 20.0 1.4326746762622378
vertex 36.6964013367421 27.0 1.4326746762622378
endloop
endfacet
facet normal 0.2902846772544577 0.0 0.9569403357322103
outer loop
vertex 36.6964013367421 20.0 1.4326746762622378
vertex 36.8529523872437 20.0 1.3851854342773322
vertex 36.8529523872437 27.0 1.3851854342773322
endloop
endfacet
facet normal 0.22707626303436756 0.0 0.9738769792773351
outer loop
vertex 36.8529523872437 20.0 1.3851854342773322
vertex 37.01227419495968 20.0 1.3480367989919273
vertex 37.01227419495968 27.0 1.3480367989919273
endloop
endfacet
facet normal 0.1628954733946237 0.0 0.9866433320848734
outer loop
vertex 37.01227419495968 20.0 1.3480367989919273
vertex 37.17368451944987 20.0 1.3213878465654716
vertex 37.17368451944987 27.0 1.3213878465654716
endloop
endfacet
facet normal 0.09801714032953072 0.0 0.9951847266721998
outer loop
vertex 37.17368451944987 20.0 1.3213878465654716
vertex 37.336492176924644 20.0 1.3053526919034937
vertex 37.336492176924644 27.0 1.3053526919034937
endloop
endfacet
facet normal 0.032719082821808625 0.0 0.9994645874763647
outer loop
vertex 37.336492176924644 20.0 1.3053526919034937
vertex 37.5 20.0 1.2999999999999972
vertex 37.5 27.0 1.2999999999999972
endloop
endfacet
facet normal -0.03271908282180875 0.0 0.9994645874763647
outer loop
vertex 37.663507823075356 20.0 1.3053526919034937
vertex 37.663507823075356 27.0 1.3053526919034937
vertex 37.5 20.0 1.2999999999999972
endloop
endfacet
facet normal -0.5280678506503556 0.0 0.8492021815265867
outer loop
vertex 38.88892558254901 20.0 1.7213259692436367
vertex 38.88892558254901 27.0 1.7213259692436367
vertex 38.75 20.0 1.6349364905389052
endloop
endfacet
facet normal -0.6343932841636493 0.0 0.7730104533627338
outer loop
vertex 39.14836453775017 20.0 1.9204004813025506
vertex 39.14836453775017 27.0 1.9204004813025506
vertex 39.0219035725218 20.0 1.8166166492719071
endloop
endfacet
facet normal -0.5824776968677894 0.0 0.8128466845916243
outer loop
vertex 39.0219035725218 20.0 1.8166166492719071
vertex 39.0219035725218 27.0 1.8166166492719071
vertex 38.88892558254901 20.0 1.7213259692436367
endloop
endfacet
facet normal -0.4713967368260367 0.0 0.8819212643483341
outer loop
vertex 38.75 20.0 1.6349364905389052
vertex 38.75 27.0 1.6349364905389052
vertex 38.605721725547504 20.0 1.5578181461682732
endloop
endfacet
facet normal -0.41270702980435164 0.0 0.9108638249211956
outer loop
vertex 38.605721725547504 20.0 1.5578181461682732
vertex 38.605721725547504 27.0 1.5578181461682732
vertex 38.456708580912725 20.0 1.4903011687217855
endloop
endfacet
facet normal -0.35225004792122944 0.0 0.9359059267573274
outer loop
vertex 38.3035986632579 20.0 1.4326746762622378
vertex 38.456708580912725 20.0 1.4903011687217855
vertex 38.456708580912725 27.0 1.4903011687217855
endloop
endfacet
facet normal -0.29028467725446394 0.0 0.9569403357322086
outer loop
vertex 38.3035986632579 20.0 1.4326746762622378
vertex 38.3035986632579 27.0 1.4326746762622378
vertex 38.1470476127563 20.0 1.3851854342773322
endloop
endfacet
facet normal -0.22707626303436768 0.0 0.9738769792773351
outer loop
vertex 38.1470476127563 20.0 1.3851854342773322
vertex 38.1470476127563 27.0 1.3851854342773322
vertex 37.98772580504032 20.0 1.3480367989919273
endloop
endfacet
facet normal -0.16289547339462382 0.0 0.9866433320848734
outer loop
vertex 37.82631548055013 20.0 1.3213878465654716
vertex 37.98772580504032 20.0 1.3480367989919273
vertex 37.98772580504032 27.0 1.3480367989919273
endloop
endfacet
facet normal -0.09801714032953084 0.0 0.9951847266721998
outer loop
vertex 37.663507823075356 20.0 1.3053526919034937
vertex 37.82631548055013 20.0 1.3213878465654716
vertex 37.82631548055013 27.0 1.3213878465654716
endloop
endfacet
facet normal 0.6343932841636386 0.0 0.7730104533627427
outer loop
vertex 35.85163546224983 20.0 1.9204004813025506
vertex 35.9780964274782 27.0 1.8166166492719071
vertex 35.85163546224983 27.0 1.9204004813025506
endloop
endfacet
facet normal 0.5824776968677894 0.0 0.8128466845916243
outer loop
vertex 35.9780964274782 20.0 1.8166166492719071
vertex 36.11107441745099 27.0 1.7213259692436367
vertex 35.9780964274782 27.0 1.8166166492719071
endloop
endfacet
facet normal 0.5280678506503556 0.0 0.8492021815265867
outer loop
vertex 36.11107441745099 20.0 1.7213259692436367
vertex 36.25 27.0 1.6349364905389052
vertex 36.11107441745099 27.0 1.7213259692436367
endloop
endfacet
facet normal 0.4713967368260367 0.0 0.8819212643483343
outer loop
vertex 36.25 20.0 1.6349364905389052
vertex 36.394278274452496 27.0 1.5578181461682732
vertex 36.25 27.0 1.6349364905389052
endloop
endfacet
facet normal 0.41270702980435153 0.0 0.9108638249211956
outer loop
vertex 36.394278274452496 20.0 1.5578181461682732
vertex 36.543291419087275 27.0 1.4903011687217855
vertex 36.394278274452496 27.0 1.5578181461682732
endloop
endfacet
facet normal 0.3522500479212365 0.0 0.9359059267573248
outer loop
vertex 36.543291419087275 20.0 1.4903011687217855
vertex 36.6964013367421 27.0 1.4326746762622378
vertex 36.543291419087275 27.0 1.4903011687217855
endloop
endfacet
facet normal 0.2902846772544577 0.0 0.9569403357322103
outer loop
vertex 36.6964013367421 20.0 1.4326746762622378
vertex 36.8529523872437 27.0 1.3851854342773322
vertex 36.6964013367421 27.0 1.4326746762622378
endloop
endfacet
facet normal 0.22707626303436756 0.0 0.9738769792773351
outer loop
vertex 36.8529523872437 20.0 1.3851854342773322
vertex 37.01227419495968 27.0 1.3480367989919273
vertex 36.8529523872437 27.0 1.3851854342773322
endloop
endfacet
facet normal 0.1628954733946237 0.0 0.9866433320848734
outer loop
vertex 37.01227419495968 20.0 1.3480367989919273
vertex 37.17368451944987 27.0 1.3213878465654716
vertex 37.01227419495968 27.0 1.3480367989919273
endloop
endfacet
facet normal 0.09801714032953072 0.0 0.9951847266721998
outer loop
vertex 37.17368451944987 20.0 1.3213878465654716
vertex 37.336492176924644 27.0 1.3053526919034937
vertex 37.17368451944987 27.0 1.3213878465654716
endloop
endfacet
facet normal 0.032719082821808625 0.0 0.9994645874763647
outer loop
vertex 37.336492176924644 20.0 1.3053526919034937
vertex 37.5 27.0 1.2999999999999972
vertex 37.336492176924644 27.0 1.3053526919034937
endloop
endfacet
facet normal -0.03271908282180875 0.0 0.9994645874763647
outer loop
vertex 37.5 20.0 1.2999999999999972
vertex 37.663507823075356 27.0 1.3053526919034937
vertex 37.5 27.0 1.2999999999999972
endloop
endfacet
facet normal -0.5824776968677894 0.0 0.8128466845916243
outer loop
vertex 38.88892558254901 20.0 1.7213259692436367
vertex 39.0219035725218 27.0 1.8166166492719071
vertex 38.88892558254901 27.0 1.7213259692436367
endloop
endfacet
facet normal -0.5280678506503556 0.0 0.8492021815265867
outer loop
vertex 38.75 20.0 1.6349364905389052
vertex 38.88892558254901 27.0 1.7213259692436367
vertex 38.75 27.0 1.6349364905389052
endloop
endfacet
facet normal -0.6343932841636493 0.0 0.7730104533627338
outer loop
vertex 39.14836453775017 27.0 1.9204004813025506
vertex 39.0219035725218 27.0 1.8166166492719071
vertex 39.0219035725218 20.0 1.8166166492719071
endloop
endfacet
facet normal -0.4713967368260367 0.0 0.8819212643483341
outer loop
vertex 38.605721725547504 20.0 1.5578181461682732
vertex 38.75 27.0 1.6349364905389052
vertex 38.605721725547504 27.0 1.5578181461682732
endloop
endfacet
facet normal -0.41270702980435164 0.0 0.9108638249211956
outer loop
vertex 38.456708580912725 20.0 1.4903011687217855
vertex 38.605721725547504 27.0 1.5578181461682732
vertex 38.456708580912725 27.0 1.4903011687217855
endloop
endfacet
facet normal -0.35225004792122944 0.0 0.9359059267573274
outer loop
vertex 38.3035986632579 20.0 1.4326746762622378
vertex 38.456708580912725 27.0 1.4903011687217855
vertex 38.3035986632579 27.0 1.4326746762622378
endloop
endfacet
facet normal -0.29028467725446394 0.0 0.9569403357322086
outer loop
vertex 38.1470476127563 20.0 1.3851854342773322
vertex 38.3035986632579 27.0 1.4326746762622378
vertex 38.1470476127563 27.0 1.3851854342773322
endloop
endfacet
facet normal -0.09801714032953084 0.0 0.9951847266721998
outer loop
vertex 37.663507823075356 20.0 1.3053526919034937
vertex 37.82631548055013 27.0 1.3213878465654716
vertex 37.663507823075356 27.0 1.3053526919034937
endloop
endfacet
facet normal -0.16289547339462382 0.0 0.9866433320848734
outer loop
vertex 37.82631548055013 20.0 1.3213878465654716
vertex 37.98772580504032 27.0 1.3480367989919273
vertex 37.82631548055013 27.0 1.3213878465654716
endloop
endfacet
facet normal -0.22707626303436768 0.0 0.9738769792773351
outer loop
vertex 37.98772580504032 20.0 1.3480367989919273
vertex 38.1470476127563 27.0 1.3851854342773322
vertex 37.98772580504032 27.0 1.3480367989919273
endloop
endfacet
facet normal 0.0 1.0 0.0
outer loop
vertex 37.06273725606283 27.0 7.121340285602258
vertex 37.28089951707902 27.0 7.142827392849313
vertex 37.71910048292098 27.0 7.142827392849313
endloop
endfacet
facet normal 0.0 1.0 0.0
outer loop
vertex 37.28089951707902 27.0 7.142827392849313
vertex 37.5 27.0 7.1499999999999915
vertex 37.71910048292098 27.0 7.142827392849313
endloop
endfacet
facet normal 0.0 1.0 0.0
outer loop
vertex 37.06273725606283 27.0 7.121340285602258
vertex 37.71910048292098 27.0 7.142827392849313
vertex 37.937262743937175 27.0 7.121340285602258
endloop
endfacet
facet normal 0.09801714032954964 0.0 -0.995184726672198
outer loop
vertex 37.06273725606283 27.0 7.121340285602258
vertex 37.06273725606283 27.7 7.121340285602258
vertex 37.28089951707902 27.0 7.142827392849313
endloop
endfacet
facet normal 0.032719082821778774 0.0 -0.9994645874763657
outer loop
vertex 37.28089951707902 27.0 7.142827392849313
vertex 37.28089951707902 27.7 7.142827392849313
vertex 37.5 27.0 7.1499999999999915
endloop
endfacet
facet normal -0.03271908282177865 0.0 -0.9994645874763657
outer loop
vertex 37.5 27.0 7.1499999999999915
vertex 37.5 27.7 7.1499999999999915
vertex 37.71910048292098 27.0 7.142827392849313
endloop
endfacet
facet normal 0.09801714032954964 0.0 -0.995184726672198
outer loop
vertex 37.28089951707902 27.0 7.142827392849313
vertex 37.06273725606283 27.7 7.121340285602258
vertex 37.28089951707902 27.7 7.142827392849313
endloop
endfacet
facet normal 0.032719082821778774 0.0 -0.9994645874763657
outer loop
vertex 37.5 27.0 7.1499999999999915
vertex 37.28089951707902 27.7 7.142827392849313
vertex 37.5 27.7 7.1499999999999915
endloop
endfacet
facet normal 0.16289547339455873 0.0 -0.9866433320848841
outer loop
vertex 37.06273725606283 27.0 7.121340285602258
vertex 36.84644742124597 27.0 7.085630689350822
vertex 36.84644742124597 27.7 7.085630689350822
endloop
endfacet
facet normal 0.22707626303441322 0.0 -0.9738769792773244
outer loop
vertex 36.84644742124597 27.0 7.085630689350822
vertex 36.632956198906555 27.0 7.03585151806837
vertex 36.632956198906555 27.7 7.03585151806837
endloop
endfacet
facet normal 0.0 1.0 0.0
outer loop
vertex 37.06273725606283 27.0 7.121340285602258
vertex 37.937262743937175 27.0 7.121340285602258
vertex 36.84644742124597 27.0 7.085630689350822
endloop
endfacet
facet normal 0.0 1.0 0.0
outer loop
vertex 36.84644742124597 27.0 7.085630689350822
vertex 38.15355257875403 27.0 7.085630689350822
vertex 36.632956198906555 27.0 7.03585151806837
endloop
endfacet
facet normal 0.0 1.0 0.0
outer loop
vertex 36.42317779123441 27.0 6.972215933808599
vertex 36.632956198906555 27.0 7.03585151806837
vertex 38.367043801093445 27.0 7.03585151806837
endloop
endfacet
facet normal 0.22707626303441322 0.0 -0.9738769792773244
outer loop
vertex 36.84644742124597 27.0 7.085630689350822
vertex 36.632956198906555 27.7 7.03585151806837
vertex 36.84644742124597 27.7 7.085630689350822
endloop
endfacet
facet normal 0.2902846772544463 0.0 -0.9569403357322139
outer loop
vertex 36.632956198906555 27.0 7.03585151806837
vertex 36.42317779123441 27.7 6.972215933808599
vertex 36.632956198906555 27.7 7.03585151806837
endloop
endfacet
facet normal 0.16289547339455873 0.0 -0.9866433320848841
outer loop
vertex 37.06273725606283 27.0 7.121340285602258
vertex 36.84644742124597 27.7 7.085630689350822
vertex 37.06273725606283 27.7 7.121340285602258
endloop
endfacet
facet normal 0.2902846772544463 0.0 -0.9569403357322139
outer loop
vertex 36.42317779123441 27.0 6.972215933808599
vertex 36.42317779123441 27.7 6.972215933808599
vertex 36.632956198906555 27.0 7.03585151806837
endloop
endfacet
facet normal 0.3522500479212193 0.0 -0.9359059267573312
outer loop
vertex 36.42317779123441 27.0 6.972215933808599
vertex 36.21801050157695 27.0 6.894996433912809
vertex 36.21801050157695 27.7 6.894996433912809
endloop
endfacet
facet normal 0.0 1.0 0.0
outer loop
vertex 36.42317779123441 27.0 6.972215933808599
vertex 38.57682220876559 27.0 6.972215933808599
vertex 36.21801050157695 27.0 6.894996433912809
endloop
endfacet
facet normal 0.3522500479212193 0.0 -0.9359059267573312
outer loop
vertex 36.42317779123441 27.0 6.972215933808599
vertex 36.21801050157695 27.7 6.894996433912809
vertex 36.42317779123441 27.7 6.972215933808599
endloop
endfacet
facet normal 0.41270702980437673 0.0 -0.9108638249211842
outer loop
vertex 36.21801050157695 27.0 6.894996433912809
vertex 36.01833288776635 27.0 6.804523684134509
vertex 36.01833288776635 27.7 6.804523684134509
endloop
endfacet
facet normal 0.41270702980437673 0.0 -0.9108638249211842
outer loop
vertex 36.21801050157695 27.0 6.894996433912809
vertex 36.01833288776635 27.7 6.804523684134509
vertex 36.21801050157695 27.7 6.894996433912809
endloop
endfacet
facet normal 0.4713967368260112 0.0 -0.8819212643483478
outer loop
vertex 36.01833288776635 27.0 6.804523684134509
vertex 35.825 27.7 6.701185102677869
vertex 36.01833288776635 27.7 6.804523684134509
endloop
endfacet
facet normal 0.4713967368260112 0.0 -0.8819212643483478
outer loop
vertex 36.01833288776635 27.0 6.804523684134509
vertex 35.825 27.0 6.701185102677869
vertex 35.825 27.7 6.701185102677869
endloop
endfacet
facet normal 0.5280678506503556 0.0 -0.8492021815265868
outer loop
vertex 35.825 27.0 6.701185102677869
vertex 35.638839719384336 27.7 6.58542320121353
vertex 35.825 27.7 6.701185102677869
endloop
endfacet
facet normal 0.0 1.0 0.0
outer loop
vertex 36.01833288776635 27.0 6.804523684134509
vertex 38.98166711223365 27.0 6.804523684134509
vertex 35.825 27.0 6.701185102677869
endloop
endfacet
facet normal 0.0 1.0 0.0
outer loop
vertex 36.21801050157695 27.0 6.894996433912809
vertex 38.78198949842305 27.0 6.894996433912809
vertex 36.01833288776635 27.0 6.804523684134509
endloop
endfacet
facet normal 0.0 1.0 0.0
outer loop
vertex 35.825 27.0 6.701185102677869
vertex 39.175 27.0 6.701185102677869
vertex 35.638839719384336 27.0 6.58542320121353
endloop
endfacet
facet normal -0.09801714032954795 0.0 -0.9951847266721981
outer loop
vertex 37.71910048292098 27.0 7.142827392849313
vertex 37.71910048292098 27.7 7.142827392849313
vertex 37.937262743937175 27.0 7.121340285602258
endloop
endfacet
facet normal -0.03271908282177865 0.0 -0.9994645874763657
outer loop
vertex 37.71910048292098 27.0 7.142827392849313
vertex 37.5 27.7 7.1499999999999915
vertex 37.71910048292098 27.7 7.142827392849313
endloop
endfacet
facet normal -0.09801714032954795 0.0 -0.9951847266721981
outer loop
vertex 37.937262743937175 27.0 7.121340285602258
vertex 37.71910048292098 27.7 7.142827392849313
vertex 37.937262743937175 27.7 7.121340285602258
endloop
endfacet
facet normal 0.0 1.0 0.0
outer loop
vertex 36.84644742124597 27.0 7.085630689350822
vertex 37.937262743937175 27.0 7.121340285602258
vertex 38.15355257875403 27.0 7.085630689350822
endloop
endfacet
facet normal -0.1628954733945612 0.0 -0.9866433320848836
outer loop
vertex 37.937262743937175 27.0 7.121340285602258
vertex 37.937262743937175 27.7 7.121340285602258
vertex 38.15355257875403 27.0 7.085630689350822
endloop
endfacet
facet normal -0.2270762630344131 0.0 -0.9738769792773244
outer loop
vertex 38.15355257875403 27.0 7.085630689350822
vertex 38.15355257875403 27.7 7.085630689350822
vertex 38.367043801093445 27.0 7.03585151806837
endloop
endfacet
facet normal 0.0 1.0 0.0
outer loop
vertex 36.632956198906555 27.0 7.03585151806837
vertex 38.15355257875403 27.0 7.085630689350822
vertex 38.367043801093445 27.0 7.03585151806837
endloop
endfacet
facet normal -0.2902846772544462 0.0 -0.9569403357322139
outer loop
vertex 38.367043801093445 27.0 7.03585151806837
vertex 38.367043801093445 27.7 7.03585151806837
vertex 38.57682220876559 27.0 6.972215933808599
endloop
endfacet
facet normal -0.1628954733945612 0.0 -0.9866433320848836
outer loop
vertex 38.15355257875403 27.0 7.085630689350822
vertex 37.937262743937175 27.7 7.121340285602258
vertex 38.15355257875403 27.7 7.085630689350822
endloop
endfacet
facet normal -0.2270762630344131 0.0 -0.9738769792773244
outer loop
vertex 38.367043801093445 27.0 7.03585151806837
vertex 38.15355257875403 27.7 7.085630689350822
vertex 38.367043801093445 27.7 7.03585151806837
endloop
endfacet
facet normal 0.0 1.0 0.0
outer loop
vertex 36.42317779123441 27.0 6.972215933808599
vertex 38.367043801093445 27.0 7.03585151806837
vertex 38.57682220876559 27.0 6.972215933808599
endloop
endfacet
facet normal 0.0 1.0 0.0
outer loop
vertex 36.21801050157695 27.0 6.894996433912809
vertex 38.57682220876559 27.0 6.972215933808599
vertex 38.78198949842305 27.0 6.894996433912809
endloop
endfacet
facet normal -0.35225004792121917 0.0 -0.9359059267573312
outer loop
vertex 38.57682220876559 27.0 6.972215933808599
vertex 38.57682220876559 27.7 6.972215933808599
vertex 38.78198949842305 27.0 6.894996433912809
endloop
endfacet
facet normal -0.2902846772544462 0.0 -0.9569403357322139
outer loop
vertex 38.57682220876559 27.0 6.972215933808599
vertex 38.367043801093445 27.7 7.03585151806837
vertex 38.57682220876559 27.7 6.972215933808599
endloop
endfacet
facet normal -0.35225004792121917 0.0 -0.9359059267573312
outer loop
vertex 38.78198949842305 27.0 6.894996433912809
vertex 38.57682220876559 27.7 6.972215933808599
vertex 38.78198949842305 27.7 6.894996433912809
endloop
endfacet
facet normal 0.0 1.0 0.0
outer loop
vertex 36.01833288776635 27.0 6.804523684134509
vertex 38.78198949842305 27.0 6.894996433912809
vertex 38.98166711223365 27.0 6.804523684134509
endloop
endfacet
facet normal -0.41270702980438256 0.0 -0.9108638249211813
outer loop
vertex 38.78198949842305 27.0 6.894996433912809
vertex 38.78198949842305 27.7 6.894996433912809
vertex 38.98166711223365 27.0 6.804523684134509
endloop
endfacet
facet normal -0.41270702980438256 0.0 -0.9108638249211813
outer loop
vertex 38.98166711223365 27.0 6.804523684134509
vertex 38.78198949842305 27.7 6.894996433912809
vertex 38.98166711223365 27.7 6.804523684134509
endloop
endfacet
facet normal 0.0 1.0 0.0
outer loop
vertex 38.98166711223365 27.0 6.804523684134509
vertex 39.175 27.0 6.701185102677869
vertex 35.825 27.0 6.701185102677869
endloop
endfacet
facet normal -0.4713967368260111 0.0 -0.8819212643483478
outer loop
vertex 38.98166711223365 27.0 6.804523684134509
vertex 38.98166711223365 27.7 6.804523684134509
vertex 39.175 27.0 6.701185102677869
endloop
endfacet
facet normal -0.5280678506503556 0.0 -0.8492021815265868
outer loop
vertex 39.175 27.0 6.701185102677869
vertex 39.175 27.7 6.701185102677869
vertex 39.361160280615664 27.0 6.58542320121353
endloop
endfacet
facet normal -0.4713967368260111 0.0 -0.8819212643483478
outer loop
vertex 39.175 27.0 6.701185102677869
vertex 38.98166711223365 27.7 6.804523684134509
vertex 39.175 27.7 6.701185102677869
endloop
endfacet
facet normal 0.5280678506503556 0.0 -0.8492021815265868
outer loop
vertex 35.825 27.0 6.701185102677869
vertex 35.638839719384336 27.0 6.58542320121353
vertex 35.638839719384336 27.7 6.58542320121353
endloop
endfacet
facet normal 0.5824776968678067 0.0 -0.8128466845916119
outer loop
vertex 35.638839719384336 27.0 6.58542320121353
vertex 35.46064921282078 27.7 6.45773368997564
vertex 35.638839719384336 27.7 6.58542320121353
endloop
endfacet
facet normal 0.5824776968678067 0.0 -0.8128466845916119
outer loop
vertex 35.638839719384336 27.0 6.58542320121353
vertex 35.46064921282078 27.0 6.45773368997564
vertex 35.46064921282078 27.7 6.45773368997564
endloop
endfacet
facet normal 0.0 1.0 0.0
outer loop
vertex 35.638839719384336 27.0 6.58542320121353
vertex 39.361160280615664 27.0 6.58542320121353
vertex 35.46064921282078 27.0 6.45773368997564
endloop
endfacet
facet normal 0.6343932841636698 0.0 -0.773010453362717
outer loop
vertex 35.46064921282078 27.0 6.45773368997564
vertex 35.29119151941477 27.0 6.318663355054568
vertex 35.29119151941477 27.7 6.318663355054568
endloop
endfacet
facet normal 0.6343932841636698 0.0 -0.773010453362717
outer loop
vertex 35.46064921282078 27.0 6.45773368997564
vertex 35.29119151941477 27.7 6.318663355054568
vertex 35.46064921282078 27.7 6.45773368997564
endloop
endfacet
facet normal 0.6835923020228746 0.0 -0.7298640726978326
outer loop
vertex 35.29119151941477 27.0 6.318663355054568
vertex 35.131192283025065 27.0 6.168807716974925
vertex 35.131192283025065 27.7 6.168807716974925
endloop
endfacet
facet normal 0.0 1.0 0.0
outer loop
vertex 35.29119151941477 27.0 6.318663355054568
vertex 36.8529523872437 27.0 6.214814565722662
vertex 35.131192283025065 27.0 6.168807716974925
endloop
endfacet
facet normal 0.0 1.0 0.0
outer loop
vertex 35.131192283025065 27.0 6.168807716974925
vertex 36.8529523872437 27.0 6.214814565722662
vertex 36.6964013367421 27.0 6.1673253237377565
endloop
endfacet
facet normal 0.6835923020228746 0.0 -0.7298640726978326
outer loop
vertex 35.29119151941477 27.0 6.318663355054568
vertex 35.131192283025065 27.7 6.168807716974925
vertex 35.29119151941477 27.7 6.318663355054568
endloop
endfacet
facet normal 0.0 1.0 0.0
outer loop
vertex 35.46064921282078 27.0 6.45773368997564
vertex 39.53935078717922 27.0 6.45773368997564
vertex 35.29119151941477 27.0 6.318663355054568
endloop
endfacet
facet normal 0.0 1.0 0.0
outer loop
vertex 35.29119151941477 27.0 6.318663355054568
vertex 37.336492176924644 27.0 6.294647308096501
vertex 37.17368451944987 27.0 6.278612153434523
endloop
endfacet
facet normal 0.0 1.0 0.0
outer loop
vertex 35.29119151941477 27.0 6.318663355054568
vertex 37.5 27.0 6.299999999999997
vertex 37.336492176924644 27.0 6.294647308096501
endloop
endfacet
facet normal 0.0 1.0 0.0
outer loop
vertex 35.29119151941477 27.0 6.318663355054568
vertex 39.70880848058523 27.0 6.318663355054568
vertex 37.5 27.0 6.299999999999997
endloop
endfacet
facet normal 0.0 1.0 0.0
outer loop
vertex 35.29119151941477 27.0 6.318663355054568
vertex 37.17368451944987 27.0 6.278612153434523
vertex 37.01227419495968 27.0 6.251963201008067
endloop
endfacet
facet normal 0.0 1.0 0.0
outer loop
vertex 35.29119151941477 27.0 6.318663355054568
vertex 37.01227419495968 27.0 6.251963201008067
vertex 36.8529523872437 27.0 6.214814565722662
endloop
endfacet
facet normal 0.7730104533627409 0.0 -0.6343932841636409
outer loop
vertex 34.98133664494543 27.0 6.00880848058523
vertex 34.842266310024364 27.7 5.839350787179214
vertex 34.98133664494543 27.7 6.00880848058523
endloop
endfacet
facet normal 0.7730104533627409 0.0 -0.6343932841636409
outer loop
vertex 34.98133664494543 27.0 6.00880848058523
vertex 34.842266310024364 27.0 5.839350787179214
vertex 34.842266310024364 27.7 5.839350787179214
endloop
endfacet
facet normal 0.812846684591623 0.0 -0.5824776968677915
outer loop
vertex 34.842266310024364 27.0 5.839350787179214
vertex 34.714576798786474 27.0 5.661160280615661
vertex 34.714576798786474 27.7 5.661160280615661
endloop
endfacet
facet normal 0.812846684591623 0.0 -0.5824776968677915
outer loop
vertex 34.842266310024364 27.0 5.839350787179214
vertex 34.714576798786474 27.7 5.661160280615661
vertex 34.842266310024364 27.7 5.839350787179214
endloop
endfacet
facet normal 0.0 1.0 0.0
outer loop
vertex 35.131192283025065 27.0 6.168807716974925
vertex 36.394278274452496 27.0 6.042181853831721
vertex 34.98133664494543 27.0 6.00880848058523
endloop
endfacet
facet normal 0.729864072697818 0.0 -0.6835923020228902
outer loop
vertex 35.131192283025065 27.0 6.168807716974925
vertex 34.98133664494543 27.0 6.00880848058523
vertex 34.98133664494543 27.7 6.00880848058523
endloop
endfacet
facet normal 0.0 1.0 0.0
outer loop
vertex 35.131192283025065 27.0 6.168807716974925
vertex 36.6964013367421 27.0 6.1673253237377565
vertex 36.543291419087275 27.0 6.109698831278209
endloop
endfacet
facet normal 0.0 1.0 0.0
outer loop
vertex 35.131192283025065 27.0 6.168807716974925
vertex 36.543291419087275 27.0 6.109698831278209
vertex 36.394278274452496 27.0 6.042181853831721
endloop
endfacet
facet normal 0.729864072697818 0.0 -0.6835923020228902
outer loop
vertex 35.131192283025065 27.0 6.168807716974925
vertex 34.98133664494543 27.7 6.00880848058523
vertex 35.131192283025065 27.7 6.168807716974925
endloop
endfacet
facet normal 0.0 1.0 0.0
outer loop
vertex 34.98133664494543 27.0 6.00880848058523
vertex 36.394278274452496 27.0 6.042181853831721
vertex 36.25 27.0 5.965063509461089
endloop
endfacet
facet normal 0.0 1.0 0.0
outer loop
vertex 34.98133664494543 27.0 6.00880848058523
vertex 36.25 27.0 5.965063509461089
vertex 36.11107441745099 27.0 5.878674030756358
endloop
endfacet
facet normal 0.0 1.0 0.0
outer loop
vertex 34.98133664494543 27.0 6.00880848058523
vertex 36.11107441745099 27.0 5.878674030756358
vertex 34.842266310024364 27.0 5.839350787179214
endloop
endfacet
facet normal 0.0 1.0 0.0
outer loop
vertex 34.842266310024364 27.0 5.839350787179214
vertex 36.11107441745099 27.0 5.878674030756358
vertex 35.9780964274782 27.0 5.783383350728087
endloop
endfacet
facet normal 0.0 1.0 0.0
outer loop
vertex 34.842266310024364 27.0 5.839350787179214
vertex 35.9780964274782 27.0 5.783383350728087
vertex 35.85163546224983 27.0 5.679599518697444
endloop
endfacet
facet normal 0.0 1.0 0.0
outer loop
vertex 34.842266310024364 27.0 5.839350787179214
vertex 35.85163546224983 27.0 5.679599518697444
vertex 34.714576798786474 27.0 5.661160280615661
endloop
endfacet
facet normal 0.0 1.0 0.0
outer loop
vertex 35.638839719384336 27.0 6.58542320121353
vertex 39.175 27.0 6.701185102677869
vertex 39.361160280615664 27.0 6.58542320121353
endloop
endfacet
facet normal 0.0 1.0 0.0
outer loop
vertex 35.46064921282078 27.0 6.45773368997564
vertex 39.361160280615664 27.0 6.58542320121353
vertex 39.53935078717922 27.0 6.45773368997564
endloop
endfacet
facet normal -0.5824776968677915 0.0 -0.812846684591623
outer loop
vertex 39.361160280615664 27.0 6.58542320121353
vertex 39.361160280615664 27.7 6.58542320121353
vertex 39.53935078717922 27.0 6.45773368997564
endloop
endfacet
facet normal -0.5280678506503556 0.0 -0.8492021815265868
outer loop
vertex 39.361160280615664 27.0 6.58542320121353
vertex 39.175 27.7 6.701185102677869
vertex 39.361160280615664 27.7 6.58542320121353
endloop
endfacet
facet normal -0.5824776968677915 0.0 -0.812846684591623
outer loop
vertex 39.53935078717922 27.0 6.45773368997564
vertex 39.361160280615664 27.7 6.58542320121353
vertex 39.53935078717922 27.7 6.45773368997564
endloop
endfacet
facet normal 0.0 1.0 0.0
outer loop
vertex 35.29119151941477 27.0 6.318663355054568
vertex 39.53935078717922 27.0 6.45773368997564
vertex 39.70880848058523 27.0 6.318663355054568
endloop
endfacet
facet normal 0.0 1.0 0.0
outer loop
vertex 37.5 27.0 6.299999999999997
vertex 39.70880848058523 27.0 6.318663355054568
vertex 37.663507823075356 27.0 6.294647308096501
endloop
endfacet
facet normal 0.0 1.0 0.0
outer loop
vertex 37.663507823075356 27.0 6.294647308096501
vertex 39.70880848058523 27.0 6.318663355054568
vertex 37.82631548055013 27.0 6.278612153434523
endloop
endfacet
facet normal 0.0 1.0 0.0
outer loop
vertex 37.82631548055013 27.0 6.278612153434523
vertex 39.70880848058523 27.0 6.318663355054568
vertex 37.98772580504032 27.0 6.251963201008067
endloop
endfacet
facet normal 0.0 1.0 0.0
outer loop
vertex 37.98772580504032 27.0 6.251963201008067
vertex 39.70880848058523 27.0 6.318663355054568
vertex 38.1470476127563 27.0 6.214814565722662
endloop
endfacet
facet normal 0.0 1.0 0.0
outer loop
vertex 38.1470476127563 27.0 6.214814565722662
vertex 39.868807716974935 27.0 6.168807716974925
vertex 38.3035986632579 27.0 6.1673253237377565
endloop
endfacet
facet normal -0.6343932841636698 0.0 -0.773010453362717
outer loop
vertex 39.53935078717922 27.0 6.45773368997564
vertex 39.53935078717922 27.7 6.45773368997564
vertex 39.70880848058523 27.0 6.318663355054568
endloop
endfacet
facet normal -0.6343932841636698 0.0 -0.773010453362717
outer loop
vertex 39.70880848058523 27.0 6.318663355054568
vertex 39.53935078717922 27.7 6.45773368997564
vertex 39.70880848058523 27.7 6.318663355054568
endloop
endfacet
facet normal 0.0 1.0 0.0
outer loop
vertex 39.70880848058523 27.0 6.318663355054568
vertex 39.868807716974935 27.0 6.168807716974925
vertex 38.1470476127563 27.0 6.214814565722662
endloop
endfacet
facet normal -0.6835923020228827 0.0 -0.729864072697825
outer loop
vertex 39.70880848058523 27.0 6.318663355054568
vertex 39.70880848058523 27.7 6.318663355054568
vertex 39.868807716974935 27.0 6.168807716974925
endloop
endfacet
facet normal -0.6835923020228827 0.0 -0.729864072697825
outer loop
vertex 39.868807716974935 27.0 6.168807716974925
vertex 39.70880848058523 27.7 6.318663355054568
vertex 39.868807716974935 27.7 6.168807716974925
endloop
endfacet
facet normal 0.0 1.0 0.0
outer loop
vertex 38.3035986632579 27.0 6.1673253237377565
vertex 39.868807716974935 27.0 6.168807716974925
vertex 38.456708580912725 27.0 6.109698831278209
endloop
endfacet
facet normal 0.0 1.0 0.0
outer loop
vertex 38.456708580912725 27.0 6.109698831278209
vertex 39.868807716974935 27.0 6.168807716974925
vertex 38.605721725547504 27.0 6.042181853831721
endloop
endfacet
facet normal 0.0 1.0 0.0
outer loop
vertex 38.605721725547504 27.0 6.042181853831721
vertex 39.868807716974935 27.0 6.168807716974925
vertex 40.01866335505457 27.0 6.00880848058523
endloop
endfacet
facet normal -0.729864072697826 0.0 -0.6835923020228816
outer loop
vertex 39.868807716974935 27.0 6.168807716974925
vertex 39.868807716974935 27.7 6.168807716974925
vertex 40.01866335505457 27.0 6.00880848058523
endloop
endfacet
facet normal -0.729864072697826 0.0 -0.6835923020228816
outer loop
vertex 40.01866335505457 27.0 6.00880848058523
vertex 39.868807716974935 27.7 6.168807716974925
vertex 40.01866335505457 27.7 6.00880848058523
endloop
endfacet
facet normal 0.0 1.0 0.0
outer loop
vertex 38.605721725547504 27.0 6.042181853831721
vertex 40.01866335505457 27.0 6.00880848058523
vertex 38.75 27.0 5.965063509461089
endloop
endfacet
facet normal 0.0 1.0 0.0
outer loop
vertex 40.01866335505457 27.0 6.00880848058523
vertex 38.88892558254901 27.0 5.878674030756358
vertex 38.75 27.0 5.965063509461089
endloop
endfacet
facet normal -0.773010453362733 0.0 -0.6343932841636505
outer loop
vertex 40.01866335505457 27.0 6.00880848058523
vertex 40.01866335505457 27.7 6.00880848058523
vertex 40.157733689975636 27.0 5.839350787179214
endloop
endfacet
facet normal 0.0 1.0 0.0
outer loop
vertex 38.88892558254901 27.0 5.878674030756358
vertex 40.157733689975636 27.0 5.839350787179214
vertex 39.0219035725218 27.0 5.783383350728087
endloop
endfacet
facet normal 0.0 1.0 0.0
outer loop
vertex 40.01866335505457 27.0 6.00880848058523
vertex 40.157733689975636 27.0 5.839350787179214
vertex 38.88892558254901 27.0 5.878674030756358
endloop
endfacet
facet normal -0.773010453362733 0.0 -0.6343932841636505
outer loop
vertex 40.157733689975636 27.0 5.839350787179214
vertex 40.01866335505457 27.7 6.00880848058523
vertex 40.157733689975636 27.7 5.839350787179214
endloop
endfacet
facet normal 0.0 1.0 0.0
outer loop
vertex 39.0219035725218 27.0 5.783383350728087
vertex 40.157733689975636 27.0 5.839350787179214
vertex 39.14836453775017 27.0 5.679599518697444
endloop
endfacet
facet normal -0.812846684591623 0.0 -0.5824776968677915
outer loop
vertex 40.157733689975636 27.0 5.839350787179214
vertex 40.157733689975636 27.7 5.839350787179214
vertex 40.285423201213526 27.0 5.661160280615661
endloop
endfacet
facet normal 0.0 1.0 0.0
outer loop
vertex 40.157733689975636 27.0 5.839350787179214
vertex 40.285423201213526 27.0 5.661160280615661
vertex 39.14836453775017 27.0 5.679599518697444
endloop
endfacet
facet normal -0.812846684591623 0.0 -0.5824776968677915
outer loop
vertex 40.285423201213526 27.0 5.661160280615661
vertex 40.157733689975636 27.7 5.839350787179214
vertex 40.285423201213526 27.7 5.661160280615661
endloop
endfacet
facet normal 0.8492021815265722 0.0 -0.528067850650379
outer loop
vertex 34.714576798786474 27.0 5.661160280615661
vertex 34.59881489732213 27.7 5.474999999999994
vertex 34.714576798786474 27.7 5.661160280615661
endloop
endfacet
facet normal 0.8492021815265722 0.0 -0.528067850650379
outer loop
vertex 34.714576798786474 27.0 5.661160280615661
vertex 34.59881489732213 27.0 5.474999999999994
vertex 34.59881489732213 27.7 5.474999999999994
endloop
endfacet
facet normal 0.8819212643483614 0.0 -0.4713967368259859
outer loop
vertex 34.59881489732213 27.0 5.474999999999994
vertex 34.495476315865496 27.0 5.281667112233649
vertex 34.495476315865496 27.7 5.281667112233649
endloop
endfacet
facet normal 0.8819212643483614 0.0 -0.4713967368259859
outer loop
vertex 34.59881489732213 27.0 5.474999999999994
vertex 34.495476315865496 27.7 5.281667112233649
vertex 34.59881489732213 27.7 5.474999999999994
endloop
endfacet
facet normal 0.0 1.0 0.0
outer loop
vertex 34.59881489732213 27.0 5.474999999999994
vertex 35.42132596924364 27.0 5.188925582549004
vertex 34.495476315865496 27.0 5.281667112233649
endloop
endfacet
facet normal 0.0 1.0 0.0
outer loop
vertex 34.714576798786474 27.0 5.661160280615661
vertex 35.85163546224983 27.0 5.679599518697444
vertex 35.73223304703363 27.0 5.567766952966366
endloop
endfacet
facet normal 0.0 1.0 0.0
outer loop
vertex 34.714576798786474 27.0 5.661160280615661
vertex 35.62040048130255 27.0 5.448364537750166
vertex 34.59881489732213 27.0 5.474999999999994
endloop
endfacet
facet normal 0.0 1.0 0.0
outer loop
vertex 34.714576798786474 27.0 5.661160280615661
vertex 35.73223304703363 27.0 5.567766952966366
vertex 35.62040048130255 27.0 5.448364537750166
endloop
endfacet
facet normal 0.0 1.0 0.0
outer loop
vertex 34.59881489732213 27.0 5.474999999999994
vertex 35.62040048130255 27.0 5.448364537750166
vertex 35.51661664927191 27.0 5.321903572521805
endloop
endfacet
facet normal 0.0 1.0 0.0
outer loop
vertex 34.59881489732213 27.0 5.474999999999994
vertex 35.51661664927191 27.0 5.321903572521805
vertex 35.42132596924364 27.0 5.188925582549004
endloop
endfacet
facet normal 0.0 1.0 0.0
outer loop
vertex 34.495476315865496 27.0 5.281667112233649
vertex 35.33493649053891 27.0 5.049999999999997
vertex 34.40500356608719 27.0 5.081989498423042
endloop
endfacet
facet normal 0.9108638249211748 0.0 -0.41270702980439733
outer loop
vertex 34.495476315865496 27.0 5.281667112233649
vertex 34.40500356608719 27.0 5.081989498423042
vertex 34.40500356608719 27.7 5.081989498423042
endloop
endfacet
facet normal 0.9108638249211748 0.0 -0.41270702980439733
outer loop
vertex 34.495476315865496 27.0 5.281667112233649
vertex 34.40500356608719 27.7 5.081989498423042
vertex 34.495476315865496 27.7 5.281667112233649
endloop
endfacet
facet normal 0.9359059267573218 0.0 -0.35225004792124404
outer loop
vertex 34.40500356608719 27.0 5.081989498423042
vertex 34.3277840661914 27.7 4.876822208765589
vertex 34.40500356608719 27.7 5.081989498423042
endloop
endfacet
facet normal 0.0 1.0 0.0
outer loop
vertex 34.40500356608719 27.0 5.081989498423042
vertex 35.257818146168276 27.0 4.905721725547494
vertex 34.3277840661914 27.0 4.876822208765589
endloop
endfacet
facet normal 0.9359059267573218 0.0 -0.35225004792124404
outer loop
vertex 34.40500356608719 27.0 5.081989498423042
vertex 34.3277840661914 27.0 4.876822208765589
vertex 34.3277840661914 27.7 4.876822208765589
endloop
endfacet
facet normal 0.0 1.0 0.0
outer loop
vertex 34.3277840661914 27.0 4.876822208765589
vertex 35.257818146168276 27.0 4.905721725547494
vertex 35.19030116872178 27.0 4.756708580912715
endloop
endfacet
facet normal 0.9569403357322094 0.0 -0.29028467725446094
outer loop
vertex 34.3277840661914 27.0 4.876822208765589
vertex 34.26414848193162 27.7 4.667043801093442
vertex 34.3277840661914 27.7 4.876822208765589
endloop
endfacet
facet normal 0.0 1.0 0.0
outer loop
vertex 34.495476315865496 27.0 5.281667112233649
vertex 35.42132596924364 27.0 5.188925582549004
vertex 35.33493649053891 27.0 5.049999999999997
endloop
endfacet
facet normal 0.0 1.0 0.0
outer loop
vertex 34.40500356608719 27.0 5.081989498423042
vertex 35.33493649053891 27.0 5.049999999999997
vertex 35.257818146168276 27.0 4.905721725547494
endloop
endfacet
facet normal 0.0 1.0 0.0
outer loop
vertex 39.14836453775017 27.0 5.679599518697444
vertex 40.285423201213526 27.0 5.661160280615661
vertex 39.26776695296637 27.0 5.567766952966366
endloop
endfacet
facet normal 0.0 1.0 0.0
outer loop
vertex 39.26776695296637 27.0 5.567766952966366
vertex 40.285423201213526 27.0 5.661160280615661
vertex 40.40118510267787 27.0 5.474999999999994
endloop
endfacet
facet normal 0.0 1.0 0.0
outer loop
vertex 39.26776695296637 27.0 5.567766952966366
vertex 40.40118510267787 27.0 5.474999999999994
vertex 39.37959951869745 27.0 5.448364537750166
endloop
endfacet
facet normal 0.0 1.0 0.0
outer loop
vertex 39.37959951869745 27.0 5.448364537750166
vertex 40.40118510267787 27.0 5.474999999999994
vertex 39.48338335072809 27.0 5.321903572521805
endloop
endfacet
facet normal 0.0 1.0 0.0
outer loop
vertex 39.48338335072809 27.0 5.321903572521805
vertex 40.40118510267787 27.0 5.474999999999994
vertex 40.504523684134504 27.0 5.281667112233649
endloop
endfacet
facet normal 0.0 1.0 0.0
outer loop
vertex 39.48338335072809 27.0 5.321903572521805
vertex 40.504523684134504 27.0 5.281667112233649
vertex 39.57867403075636 27.0 5.188925582549004
endloop
endfacet
facet normal -0.8492021815265722 0.0 -0.528067850650379
outer loop
vertex 40.285423201213526 27.0 5.661160280615661
vertex 40.285423201213526 27.7 5.661160280615661
vertex 40.40118510267787 27.0 5.474999999999994
endloop
endfacet
facet normal -0.8492021815265722 0.0 -0.528067850650379
outer loop
vertex 40.40118510267787 27.0 5.474999999999994
vertex 40.285423201213526 27.7 5.661160280615661
vertex 40.40118510267787 27.7 5.474999999999994
endloop
endfacet
facet normal -0.8819212643483614 0.0 -0.471396736825986
outer loop
vertex 40.40118510267787 27.0 5.474999999999994
vertex 40.40118510267787 27.7 5.474999999999994
vertex 40.504523684134504 27.0 5.281667112233649
endloop
endfacet
facet normal -0.8819212643483614 0.0 -0.471396736825986
outer loop
vertex 40.504523684134504 27.0 5.281667112233649
vertex 40.40118510267787 27.7 5.474999999999994
vertex 40.504523684134504 27.7 5.281667112233649
endloop
endfacet
facet normal 0.0 1.0 0.0
outer loop
vertex 40.504523684134504 27.0 5.281667112233649
vertex 40.59499643391281 27.0 5.081989498423042
vertex 39.57867403075636 27.0 5.188925582549004
endloop
endfacet
facet normal 0.0 1.0 0.0
outer loop
vertex 39.57867403075636 27.0 5.188925582549004
vertex 40.59499643391281 27.0 5.081989498423042
vertex 39.6650635094611 27.0 5.049999999999997
endloop
endfacet
facet normal 0.0 1.0 0.0
outer loop
vertex 39.6650635094611 27.0 5.049999999999997
vertex 40.59499643391281 27.0 5.081989498423042
vertex 39.742181853831724 27.0 4.905721725547494
endloop
endfacet
facet normal 0.0 1.0 0.0
outer loop
vertex 39.742181853831724 27.0 4.905721725547494
vertex 40.6722159338086 27.0 4.876822208765589
vertex 39.80969883127822 27.0 4.756708580912715
endloop
endfacet
facet normal -0.9108638249211748 0.0 -0.41270702980439744
outer loop
vertex 40.504523684134504 27.0 5.281667112233649
vertex 40.504523684134504 27.7 5.281667112233649
vertex 40.59499643391281 27.0 5.081989498423042
endloop
endfacet
facet normal -0.9108638249211748 0.0 -0.41270702980439744
outer loop
vertex 40.59499643391281 27.0 5.081989498423042
vertex 40.504523684134504 27.7 5.281667112233649
vertex 40.59499643391281 27.7 5.081989498423042
endloop
endfacet
facet normal -0.9359059267573271 0.0 -0.35225004792122994
outer loop
vertex 40.59499643391281 27.0 5.081989498423042
vertex 40.59499643391281 27.7 5.081989498423042
vertex 40.6722159338086 27.0 4.876822208765589
endloop
endfacet
facet normal 0.0 1.0 0.0
outer loop
vertex 40.59499643391281 27.0 5.081989498423042
vertex 40.6722159338086 27.0 4.876822208765589
vertex 39.742181853831724 27.0 4.905721725547494
endloop
endfacet
facet normal -0.9359059267573271 0.0 -0.35225004792122994
outer loop
vertex 40.6722159338086 27.0 4.876822208765589
vertex 40.59499643391281 27.7 5.081989498423042
vertex 40.6722159338086 27.7 4.876822208765589
endloop
endfacet
facet normal 0.0 1.0 0.0
outer loop
vertex 40.6722159338086 27.0 4.876822208765589
vertex 40.73585151806838 27.0 4.667043801093442
vertex 39.80969883127822 27.0 4.756708580912715
endloop
endfacet
facet normal -0.9569403357322049 0.0 -0.29028467725447593
outer loop
vertex 40.6722159338086 27.0 4.876822208765589
vertex 40.6722159338086 27.7 4.876822208765589
vertex 40.73585151806838 27.0 4.667043801093442
endloop
endfacet
facet normal 0.0 1.0 0.0
outer loop
vertex 34.3277840661914 27.0 4.876822208765589
vertex 35.13267467626224 27.0 4.603598663257898
vertex 34.26414848193162 27.0 4.667043801093442
endloop
endfacet
facet normal 0.0 1.0 0.0
outer loop
vertex 34.3277840661914 27.0 4.876822208765589
vertex 35.19030116872178 27.0 4.756708580912715
vertex 35.13267467626224 27.0 4.603598663257898
endloop
endfacet
facet normal 0.9569403357322094 0.0 -0.29028467725446094
outer loop
vertex 34.3277840661914 27.0 4.876822208765589
vertex 34.26414848193162 27.0 4.667043801093442
vertex 34.26414848193162 27.7 4.667043801093442
endloop
endfacet
facet normal 0.9738769792773353 0.0 -0.227076263034367
outer loop
vertex 34.26414848193162 27.0 4.667043801093442
vertex 34.214369310649175 27.0 4.453552578754028
vertex 34.214369310649175 27.7 4.453552578754028
endloop
endfacet
facet normal 0.0 1.0 0.0
outer loop
vertex 34.26414848193162 27.0 4.667043801093442
vertex 35.13267467626224 27.0 4.603598663257898
vertex 35.08518543427733 27.0 4.447047612756293
endloop
endfacet
facet normal 0.0 1.0 0.0
outer loop
vertex 34.26414848193162 27.0 4.667043801093442
vertex 35.08518543427733 27.0 4.447047612756293
vertex 34.214369310649175 27.0 4.453552578754028
endloop
endfacet
facet normal 0.9738769792773353 0.0 -0.227076263034367
outer loop
vertex 34.26414848193162 27.0 4.667043801093442
vertex 34.214369310649175 27.7 4.453552578754028
vertex 34.26414848193162 27.7 4.667043801093442
endloop
endfacet
facet normal 0.0 1.0 0.0
outer loop
vertex 34.214369310649175 27.0 4.453552578754028
vertex 35.08518543427733 27.0 4.447047612756293
vertex 35.04803679899192 27.0 4.287725805040324
endloop
endfacet
facet normal 0.9866433320848792 0.0 -0.16289547339458754
outer loop
vertex 34.214369310649175 27.0 4.453552578754028
vertex 34.17865971439774 27.0 4.2372627439371655
vertex 34.17865971439774 27.7 4.2372627439371655
endloop
endfacet
facet normal 0.0 1.0 0.0
outer loop
vertex 34.214369310649175 27.0 4.453552578754028
vertex 35.04803679899192 27.0 4.287725805040324
vertex 35.021387846565474 27.0 4.126315480550133
endloop
endfacet
facet normal 0.9866433320848792 0.0 -0.16289547339458754
outer loop
vertex 34.214369310649175 27.0 4.453552578754028
vertex 34.17865971439774 27.7 4.2372627439371655
vertex 34.214369310649175 27.7 4.453552578754028
endloop
endfacet
facet normal 0.0 1.0 0.0
outer loop
vertex 34.214369310649175 27.0 4.453552578754028
vertex 35.021387846565474 27.0 4.126315480550133
vertex 34.17865971439774 27.0 4.2372627439371655
endloop
endfacet
facet normal 0.9951847266721963 0.0 -0.09801714032956715
outer loop
vertex 34.17865971439774 27.0 4.2372627439371655
vertex 34.15717260715068 27.7 4.019100482920976
vertex 34.17865971439774 27.7 4.2372627439371655
endloop
endfacet
facet normal 0.9951847266721963 0.0 -0.09801714032956715
outer loop
vertex 34.17865971439774 27.0 4.2372627439371655
vertex 34.15717260715068 27.0 4.019100482920976
vertex 34.15717260715068 27.7 4.019100482920976
endloop
endfacet
facet normal 0.0 1.0 0.0
outer loop
vertex 34.17865971439774 27.0 4.2372627439371655
vertex 35.021387846565474 27.0 4.126315480550133
vertex 35.00535269190349 27.0 3.9635078230753606
endloop
endfacet
facet normal 0.0 1.0 0.0
outer loop
vertex 34.17865971439774 27.0 4.2372627439371655
vertex 35.00535269190349 27.0 3.9635078230753606
vertex 34.15717260715068 27.0 4.019100482920976
endloop
endfacet
facet normal 0.0 1.0 0.0
outer loop
vertex 34.15717260715068 27.0 4.019100482920976
vertex 35.00535269190349 27.0 3.9635078230753606
vertex 35.0 27.0 3.799999999999997
endloop
endfacet
facet normal 0.9994645874763657 0.0 -0.03271908282177865
outer loop
vertex 34.15717260715068 27.0 4.019100482920976
vertex 34.15 27.7 3.799999999999997
vertex 34.15717260715068 27.7 4.019100482920976
endloop
endfacet
facet normal 0.9994645874763657 0.0 -0.03271908282177865
outer loop
vertex 34.15717260715068 27.0 4.019100482920976
vertex 34.15 27.0 3.799999999999997
vertex 34.15 27.7 3.799999999999997
endloop
endfacet
facet normal 0.0 1.0 0.0
outer loop
vertex 34.15717260715068 27.0 4.019100482920976
vertex 35.0 27.0 3.799999999999997
vertex 34.15 27.0 3.799999999999997
endloop
endfacet
facet normal 0.0 1.0 0.0
outer loop
vertex 39.80969883127822 27.0 4.756708580912715
vertex 40.73585151806838 27.0 4.667043801093442
vertex 39.86732532373777 27.0 4.603598663257898
endloop
endfacet
facet normal 0.0 1.0 0.0
outer loop
vertex 39.86732532373777 27.0 4.603598663257898
vertex 40.785630689350825 27.0 4.453552578754028
vertex 39.91481456572267 27.0 4.447047612756293
endloop
endfacet
facet normal 0.0 1.0 0.0
outer loop
vertex 39.91481456572267 27.0 4.447047612756293
vertex 40.785630689350825 27.0 4.453552578754028
vertex 39.95196320100808 27.0 4.287725805040324
endloop
endfacet
facet normal -0.9569403357322049 0.0 -0.29028467725447593
outer loop
vertex 40.73585151806838 27.0 4.667043801093442
vertex 40.6722159338086 27.7 4.876822208765589
vertex 40.73585151806838 27.7 4.667043801093442
endloop
endfacet
facet normal 0.0 1.0 0.0
outer loop
vertex 40.73585151806838 27.0 4.667043801093442
vertex 40.785630689350825 27.0 4.453552578754028
vertex 39.86732532373777 27.0 4.603598663257898
endloop
endfacet
facet normal -0.9738769792773315 0.0 -0.22707626303438247
outer loop
vertex 40.73585151806838 27.0 4.667043801093442
vertex 40.73585151806838 27.7 4.667043801093442
vertex 40.785630689350825 27.0 4.453552578754028
endloop
endfacet
facet normal -0.9738769792773315 0.0 -0.22707626303438247
outer loop
vertex 40.785630689350825 27.0 4.453552578754028
vertex 40.73585151806838 27.7 4.667043801093442
vertex 40.785630689350825 27.7 4.453552578754028
endloop
endfacet
facet normal -0.9866433320848844 0.0 -0.16289547339455612
outer loop
vertex 40.785630689350825 27.0 4.453552578754028
vertex 40.785630689350825 27.7 4.453552578754028
vertex 40.82134028560226 27.0 4.2372627439371655
endloop
endfacet
facet normal 0.0 1.0 0.0
outer loop
vertex 40.785630689350825 27.0 4.453552578754028
vertex 40.82134028560226 27.0 4.2372627439371655
vertex 39.95196320100808 27.0 4.287725805040324
endloop
endfacet
facet normal -0.9866433320848844 0.0 -0.16289547339455612
outer loop
vertex 40.82134028560226 27.0 4.2372627439371655
vertex 40.785630689350825 27.7 4.453552578754028
vertex 40.82134028560226 27.7 4.2372627439371655
endloop
endfacet
facet normal 0.0 1.0 0.0
outer loop
vertex 39.95196320100808 27.0 4.287725805040324
vertex 40.82134028560226 27.0 4.2372627439371655
vertex 39.978612153434526 27.0 4.126315480550133
endloop
endfacet
facet normal 0.0 1.0 0.0
outer loop
vertex 39.978612153434526 27.0 4.126315480550133
vertex 40.84282739284932 27.0 4.019100482920976
vertex 39.99464730809651 27.0 3.9635078230753606
endloop
endfacet
facet normal 0.0 1.0 0.0
outer loop
vertex 39.99464730809651 27.0 3.9635078230753606
vertex 40.85 27.0 3.799999999999997
vertex 40.0 27.0 3.799999999999997
endloop
endfacet
facet normal -0.9951847266721948 0.0 -0.09801714032958335
outer loop
vertex 40.82134028560226 27.0 4.2372627439371655
vertex 40.82134028560226 27.7 4.2372627439371655
vertex 40.84282739284932 27.0 4.019100482920976
endloop
endfacet
facet normal 0.0 1.0 0.0
outer loop
vertex 40.82134028560226 27.0 4.2372627439371655
vertex 40.84282739284932 27.0 4.019100482920976
vertex 39.978612153434526 27.0 4.126315480550133
endloop
endfacet
facet normal -0.9951847266721948 0.0 -0.09801714032958335
outer loop
vertex 40.84282739284932 27.0 4.019100482920976
vertex 40.82134028560226 27.7 4.2372627439371655
vertex 40.84282739284932 27.7 4.019100482920976
endloop
endfacet
facet normal 0.0 1.0 0.0
outer loop
vertex 39.99464730809651 27.0 3.9635078230753606
vertex 40.84282739284932 27.0 4.019100482920976
vertex 40.85 27.0 3.799999999999997
endloop
endfacet
facet normal -0.9994645874763657 0.0 -0.032719082821778774
outer loop
vertex 40.84282739284932 27.0 4.019100482920976
vertex 40.84282739284932 27.7 4.019100482920976
vertex 40.85 27.0 3.799999999999997
endloop
endfacet
facet normal -0.9994645874763657 0.0 -0.032719082821778774
outer loop
vertex 40.85 27.0 3.799999999999997
vertex 40.84282739284932 27.7 4.019100482920976
vertex 40.85 27.7 3.799999999999997
endloop
endfacet
facet normal 0.0 1.0 0.0
outer loop
vertex 34.15 27.0 3.799999999999997
vertex 35.0 27.0 3.799999999999997
vertex 35.00535269190349 27.0 3.6364921769246337
endloop
endfacet
facet normal 0.9994645874763657 0.0 0.032719082821778774
outer loop
vertex 34.15 27.0 3.799999999999997
vertex 34.15717260715068 27.7 3.5808995170790183
vertex 34.15 27.7 3.799999999999997
endloop
endfacet
facet normal 0.9994645874763657 0.0 0.032719082821778774
outer loop
vertex 34.15 27.0 3.799999999999997
vertex 34.15717260715068 27.0 3.5808995170790183
vertex 34.15717260715068 27.7 3.5808995170790183
endloop
endfacet
facet normal 0.0 1.0 0.0
outer loop
vertex 34.15 27.0 3.799999999999997
vertex 35.00535269190349 27.0 3.6364921769246337
vertex 34.15717260715068 27.0 3.5808995170790183
endloop
endfacet
facet normal 0.0 1.0 0.0
outer loop
vertex 34.15717260715068 27.0 3.5808995170790183
vertex 35.00535269190349 27.0 3.6364921769246337
vertex 35.021387846565474 27.0 3.4736845194498613
endloop
endfacet
facet normal 0.0 1.0 0.0
outer loop
vertex 34.15717260715068 27.0 3.5808995170790183
vertex 35.021387846565474 27.0 3.4736845194498613
vertex 34.17865971439774 27.0 3.362737256062829
endloop
endfacet
facet normal 0.9951847266721963 0.0 0.09801714032956726
outer loop
vertex 34.15717260715068 27.0 3.5808995170790183
vertex 34.17865971439774 27.7 3.362737256062829
vertex 34.15717260715068 27.7 3.5808995170790183
endloop
endfacet
facet normal 0.9951847266721963 0.0 0.09801714032956726
outer loop
vertex 34.15717260715068 27.0 3.5808995170790183
vertex 34.17865971439774 27.0 3.362737256062829
vertex 34.17865971439774 27.7 3.362737256062829
endloop
endfacet
facet normal 0.0 1.0 0.0
outer loop
vertex 34.17865971439774 27.0 3.362737256062829
vertex 35.021387846565474 27.0 3.4736845194498613
vertex 35.04803679899192 27.0 3.31227419495967
endloop
endfacet
facet normal 0.9866433320848792 0.0 0.16289547339458765
outer loop
vertex 34.17865971439774 27.0 3.362737256062829
vertex 34.214369310649175 27.0 3.1464474212459663
vertex 34.214369310649175 27.7 3.1464474212459663
endloop
endfacet
facet normal 0.0 1.0 0.0
outer loop
vertex 34.17865971439774 27.0 3.362737256062829
vertex 35.04803679899192 27.0 3.31227419495967
vertex 34.214369310649175 27.0 3.1464474212459663
endloop
endfacet
facet normal 0.9866433320848792 0.0 0.16289547339458765
outer loop
vertex 34.17865971439774 27.0 3.362737256062829
vertex 34.214369310649175 27.7 3.1464474212459663
vertex 34.17865971439774 27.7 3.362737256062829
endloop
endfacet
facet normal 0.0 1.0 0.0
outer loop
vertex 34.214369310649175 27.0 3.1464474212459663
vertex 35.04803679899192 27.0 3.31227419495967
vertex 35.08518543427733 27.0 3.152952387243701
endloop
endfacet
facet normal 0.0 1.0 0.0
outer loop
vertex 34.214369310649175 27.0 3.1464474212459663
vertex 35.08518543427733 27.0 3.152952387243701
vertex 35.13267467626224 27.0 2.996401336742096
endloop
endfacet
facet normal 0.9738769792773351 0.0 0.22707626303436707
outer loop
vertex 34.214369310649175 27.0 3.1464474212459663
vertex 34.26414848193162 27.0 2.9329561989065525
vertex 34.26414848193162 27.7 2.9329561989065525
endloop
endfacet
facet normal 0.0 1.0 0.0
outer loop
vertex 34.214369310649175 27.0 3.1464474212459663
vertex 35.13267467626224 27.0 2.996401336742096
vertex 34.26414848193162 27.0 2.9329561989065525
endloop
endfacet
facet normal 0.9738769792773351 0.0 0.22707626303436707
outer loop
vertex 34.214369310649175 27.0 3.1464474212459663
vertex 34.26414848193162 27.7 2.9329561989065525
vertex 34.214369310649175 27.7 3.1464474212459663
endloop
endfacet
facet normal 0.0 1.0 0.0
outer loop
vertex 34.26414848193162 27.0 2.9329561989065525
vertex 35.13267467626224 27.0 2.996401336742096
vertex 35.19030116872178 27.0 2.8432914190872793
endloop
endfacet
facet normal 0.9569403357322094 0.0 0.29028467725446105
outer loop
vertex 34.26414848193162 27.0 2.9329561989065525
vertex 34.3277840661914 27.7 2.7231777912344057
vertex 34.26414848193162 27.7 2.9329561989065525
endloop
endfacet
facet normal 0.0 1.0 0.0
outer loop
vertex 40.0 27.0 3.799999999999997
vertex 40.84282739284932 27.0 3.5808995170790183
vertex 39.99464730809651 27.0 3.6364921769246337
endloop
endfacet
facet normal 0.0 1.0 0.0
outer loop
vertex 39.99464730809651 27.0 3.6364921769246337
vertex 40.82134028560226 27.0 3.362737256062829
vertex 39.978612153434526 27.0 3.4736845194498613
endloop
endfacet
facet normal 0.0 1.0 0.0
outer loop
vertex 40.0 27.0 3.799999999999997
vertex 40.85 27.0 3.799999999999997
vertex 40.84282739284932 27.0 3.5808995170790183
endloop
endfacet
facet normal -0.9994645874763657 0.0 0.03271908282177865
outer loop
vertex 40.85 27.0 3.799999999999997
vertex 40.85 27.7 3.799999999999997
vertex 40.84282739284932 27.0 3.5808995170790183
endloop
endfacet
facet normal -0.9994645874763657 0.0 0.03271908282177865
outer loop
vertex 40.84282739284932 27.0 3.5808995170790183
vertex 40.85 27.7 3.799999999999997
vertex 40.84282739284932 27.7 3.5808995170790183
endloop
endfacet
facet normal 0.0 1.0 0.0
outer loop
vertex 39.99464730809651 27.0 3.6364921769246337
vertex 40.84282739284932 27.0 3.5808995170790183
vertex 40.82134028560226 27.0 3.362737256062829
endloop
endfacet
facet normal -0.9951847266721948 0.0 0.09801714032958324
outer loop
vertex 40.84282739284932 27.0 3.5808995170790183
vertex 40.84282739284932 27.7 3.5808995170790183
vertex 40.82134028560226 27.0 3.362737256062829
endloop
endfacet
facet normal 0.0 1.0 0.0
outer loop
vertex 39.978612153434526 27.0 3.4736845194498613
vertex 40.82134028560226 27.0 3.362737256062829
vertex 40.785630689350825 27.0 3.1464474212459663
endloop
endfacet
facet normal -0.9951847266721948 0.0 0.09801714032958324
outer loop
vertex 40.82134028560226 27.0 3.362737256062829
vertex 40.84282739284932 27.7 3.5808995170790183
vertex 40.82134028560226 27.7 3.362737256062829
endloop
endfacet
facet normal 0.0 1.0 0.0
outer loop
vertex 39.978612153434526 27.0 3.4736845194498613
vertex 40.785630689350825 27.0 3.1464474212459663
vertex 39.95196320100808 27.0 3.31227419495967
endloop
endfacet
facet normal 0.0 1.0 0.0
outer loop
vertex 39.95196320100808 27.0 3.31227419495967
vertex 40.785630689350825 27.0 3.1464474212459663
vertex 39.91481456572267 27.0 3.152952387243701
endloop
endfacet
facet normal 0.0 1.0 0.0
outer loop
vertex 39.91481456572267 27.0 3.152952387243701
vertex 40.73585151806838 27.0 2.9329561989065525
vertex 39.86732532373777 27.0 2.996401336742096
endloop
endfacet
facet normal 0.0 1.0 0.0
outer loop
vertex 39.86732532373777 27.0 2.996401336742096
vertex 40.6722159338086 27.0 2.7231777912344057
vertex 39.80969883127822 27.0 2.8432914190872793
endloop
endfacet
facet normal -0.9866433320848844 0.0 0.162895473394556
outer loop
vertex 40.82134028560226 27.0 3.362737256062829
vertex 40.82134028560226 27.7 3.362737256062829
vertex 40.785630689350825 27.0 3.1464474212459663
endloop
endfacet
facet normal -0.9866433320848844 0.0 0.162895473394556
outer loop
vertex 40.785630689350825 27.0 3.1464474212459663
vertex 40.82134028560226 27.7 3.362737256062829
vertex 40.785630689350825 27.7 3.1464474212459663
endloop
endfacet
facet normal 0.0 1.0 0.0
outer loop
vertex 39.91481456572267 27.0 3.152952387243701
vertex 40.785630689350825 27.0 3.1464474212459663
vertex 40.73585151806838 27.0 2.9329561989065525
endloop
endfacet
facet normal -0.9738769792773315 0.0 0.22707626303438236
outer loop
vertex 40.785630689350825 27.0 3.1464474212459663
vertex 40.785630689350825 27.7 3.1464474212459663
vertex 40.73585151806838 27.0 2.9329561989065525
endloop
endfacet
facet normal -0.9738769792773315 0.0 0.22707626303438236
outer loop
vertex 40.73585151806838 27.0 2.9329561989065525
vertex 40.785630689350825 27.7 3.1464474212459663
vertex 40.73585151806838 27.7 2.9329561989065525
endloop
endfacet
facet normal 0.0 1.0 0.0
outer loop
vertex 39.86732532373777 27.0 2.996401336742096
vertex 40.73585151806838 27.0 2.9329561989065525
vertex 40.6722159338086 27.0 2.7231777912344057
endloop
endfacet
facet normal -0.9569403357322049 0.0 0.2902846772544758
outer loop
vertex 40.73585151806838 27.0 2.9329561989065525
vertex 40.73585151806838 27.7 2.9329561989065525
vertex 40.6722159338086 27.0 2.7231777912344057
endloop
endfacet
facet normal 0.0 1.0 0.0
outer loop
vertex 34.26414848193162 27.0 2.9329561989065525
vertex 35.19030116872178 27.0 2.8432914190872793
vertex 34.3277840661914 27.0 2.7231777912344057
endloop
endfacet
facet normal 0.9569403357322094 0.0 0.29028467725446105
outer loop
vertex 34.26414848193162 27.0 2.9329561989065525
vertex 34.3277840661914 27.0 2.7231777912344057
vertex 34.3277840661914 27.7 2.7231777912344057
endloop
endfacet
facet normal 0.0 1.0 0.0
outer loop
vertex 35.19030116872178 27.0 2.8432914190872793
vertex 35.257818146168276 27.0 2.6942782744525005
vertex 34.3277840661914 27.0 2.7231777912344057
endloop
endfacet
facet normal 0.0 1.0 0.0
outer loop
vertex 34.3277840661914 27.0 2.7231777912344057
vertex 35.257818146168276 27.0 2.6942782744525005
vertex 34.40500356608719 27.0 2.5180105015769527
endloop
endfacet
facet normal 0.9359059267573218 0.0 0.35225004792124415
outer loop
vertex 34.3277840661914 27.0 2.7231777912344057
vertex 34.40500356608719 27.7 2.5180105015769527
vertex 34.3277840661914 27.7 2.7231777912344057
endloop
endfacet
facet normal 0.9359059267573218 0.0 0.35225004792124415
outer loop
vertex 34.3277840661914 27.0 2.7231777912344057
vertex 34.40500356608719 27.0 2.5180105015769527
vertex 34.40500356608719 27.7 2.5180105015769527
endloop
endfacet
facet normal 0.0 1.0 0.0
outer loop
vertex 34.40500356608719 27.0 2.5180105015769527
vertex 35.42132596924364 27.0 2.4110744174509904
vertex 34.495476315865496 27.0 2.3183328877663456
endloop
endfacet
facet normal 0.9108638249211748 0.0 0.41270702980439744
outer loop
vertex 34.40500356608719 27.0 2.5180105015769527
vertex 34.495476315865496 27.0 2.3183328877663456
vertex 34.495476315865496 27.7 2.3183328877663456
endloop
endfacet
facet normal 0.9108638249211748 0.0 0.41270702980439744
outer loop
vertex 34.40500356608719 27.0 2.5180105015769527
vertex 34.495476315865496 27.7 2.3183328877663456
vertex 34.40500356608719 27.7 2.5180105015769527
endloop
endfacet
facet normal 0.0 1.0 0.0
outer loop
vertex 35.257818146168276 27.0 2.6942782744525005
vertex 35.33493649053891 27.0 2.549999999999997
vertex 34.40500356608719 27.0 2.5180105015769527
endloop
endfacet
facet normal 0.0 1.0 0.0
outer loop
vertex 34.40500356608719 27.0 2.5180105015769527
vertex 35.33493649053891 27.0 2.549999999999997
vertex 35.42132596924364 27.0 2.4110744174509904
endloop
endfacet
facet normal 0.0 1.0 0.0
outer loop
vertex 34.495476315865496 27.0 2.3183328877663456
vertex 35.51661664927191 27.0 2.2780964274781894
vertex 34.59881489732213 27.0 2.125
endloop
endfacet
facet normal 0.8819212643483614 0.0 0.471396736825986
outer loop
vertex 34.495476315865496 27.0 2.3183328877663456
vertex 34.59881489732213 27.0 2.125
vertex 34.59881489732213 27.7 2.125
endloop
endfacet
facet normal 0.8819212643483614 0.0 0.471396736825986
outer loop
vertex 34.495476315865496 27.0 2.3183328877663456
vertex 34.59881489732213 27.7 2.125
vertex 34.495476315865496 27.7 2.3183328877663456
endloop
endfacet
facet normal 0.8492021815265722 0.0 0.528067850650379
outer loop
vertex 34.59881489732213 27.0 2.125
vertex 34.714576798786474 27.7 1.9388397193843332
vertex 34.59881489732213 27.7 2.125
endloop
endfacet
facet normal 0.8492021815265722 0.0 0.528067850650379
outer loop
vertex 34.59881489732213 27.0 2.125
vertex 34.714576798786474 27.0 1.9388397193843332
vertex 34.714576798786474 27.7 1.9388397193843332
endloop
endfacet
facet normal 0.0 1.0 0.0
outer loop
vertex 35.42132596924364 27.0 2.4110744174509904
vertex 35.51661664927191 27.0 2.2780964274781894
vertex 34.495476315865496 27.0 2.3183328877663456
endloop
endfacet
facet normal 0.0 1.0 0.0
outer loop
vertex 34.59881489732213 27.0 2.125
vertex 35.51661664927191 27.0 2.2780964274781894
vertex 35.62040048130255 27.0 2.1516354622498284
endloop
endfacet
facet normal 0.0 1.0 0.0
outer loop
vertex 34.59881489732213 27.0 2.125
vertex 35.62040048130255 27.0 2.1516354622498284
vertex 35.73223304703363 27.0 2.0322330470336283
endloop
endfacet
facet normal 0.0 1.0 0.0
outer loop
vertex 34.59881489732213 27.0 2.125
vertex 35.73223304703363 27.0 2.0322330470336283
vertex 34.714576798786474 27.0 1.9388397193843332
endloop
endfacet
facet normal 0.0 1.0 0.0
outer loop
vertex 34.714576798786474 27.0 1.9388397193843332
vertex 35.73223304703363 27.0 2.0322330470336283
vertex 35.85163546224983 27.0 1.9204004813025506
endloop
endfacet
facet normal 0.0 1.0 0.0
outer loop
vertex 39.80969883127822 27.0 2.8432914190872793
vertex 40.6722159338086 27.0 2.7231777912344057
vertex 39.742181853831724 27.0 2.6942782744525005
endloop
endfacet
facet normal 0.0 1.0 0.0
outer loop
vertex 39.742181853831724 27.0 2.6942782744525005
vertex 40.59499643391281 27.0 2.5180105015769527
vertex 39.6650635094611 27.0 2.549999999999997
endloop
endfacet
facet normal 0.0 1.0 0.0
outer loop
vertex 39.6650635094611 27.0 2.549999999999997
vertex 40.59499643391281 27.0 2.5180105015769527
vertex 40.504523684134504 27.0 2.3183328877663456
endloop
endfacet
facet normal 0.0 1.0 0.0
outer loop
vertex 39.57867403075636 27.0 2.4110744174509904
vertex 39.6650635094611 27.0 2.549999999999997
vertex 40.504523684134504 27.0 2.3183328877663456
endloop
endfacet
facet normal -0.9569403357322049 0.0 0.2902846772544758
outer loop
vertex 40.6722159338086 27.0 2.7231777912344057
vertex 40.73585151806838 27.7 2.9329561989065525
vertex 40.6722159338086 27.7 2.7231777912344057
endloop
endfacet
facet normal 0.0 1.0 0.0
outer loop
vertex 40.6722159338086 27.0 2.7231777912344057
vertex 40.59499643391281 27.0 2.5180105015769527
vertex 39.742181853831724 27.0 2.6942782744525005
endloop
endfacet
facet normal -0.9359059267573271 0.0 0.3522500479212298
outer loop
vertex 40.6722159338086 27.0 2.7231777912344057
vertex 40.6722159338086 27.7 2.7231777912344057
vertex 40.59499643391281 27.0 2.5180105015769527
endloop
endfacet
facet normal -0.9359059267573271 0.0 0.3522500479212298
outer loop
vertex 40.59499643391281 27.0 2.5180105015769527
vertex 40.6722159338086 27.7 2.7231777912344057
vertex 40.59499643391281 27.7 2.5180105015769527
endloop
endfacet
facet normal -0.9108638249211748 0.0 0.41270702980439733
outer loop
vertex 40.59499643391281 27.0 2.5180105015769527
vertex 40.59499643391281 27.7 2.5180105015769527
vertex 40.504523684134504 27.0 2.3183328877663456
endloop
endfacet
facet normal -0.9108638249211748 0.0 0.41270702980439733
outer loop
vertex 40.504523684134504 27.0 2.3183328877663456
vertex 40.59499643391281 27.7 2.5180105015769527
vertex 40.504523684134504 27.7 2.3183328877663456
endloop
endfacet
facet normal 0.0 1.0 0.0
outer loop
vertex 39.57867403075636 27.0 2.4110744174509904
vertex 40.40118510267787 27.0 2.125
vertex 39.48338335072809 27.0 2.2780964274781894
endloop
endfacet
facet normal 0.0 1.0 0.0
outer loop
vertex 39.57867403075636 27.0 2.4110744174509904
vertex 40.504523684134504 27.0 2.3183328877663456
vertex 40.40118510267787 27.0 2.125
endloop
endfacet
facet normal 0.0 1.0 0.0
outer loop
vertex 39.48338335072809 27.0 2.2780964274781894
vertex 40.40118510267787 27.0 2.125
vertex 39.37959951869745 27.0 2.1516354622498284
endloop
endfacet
facet normal 0.0 1.0 0.0
outer loop
vertex 39.37959951869745 27.0 2.1516354622498284
vertex 40.285423201213526 27.0 1.9388397193843332
vertex 39.26776695296637 27.0 2.0322330470336283
endloop
endfacet
facet normal 0.0 1.0 0.0
outer loop
vertex 39.37959951869745 27.0 2.1516354622498284
vertex 40.40118510267787 27.0 2.125
vertex 40.285423201213526 27.0 1.9388397193843332
endloop
endfacet
facet normal 0.0 1.0 0.0
outer loop
vertex 39.26776695296637 27.0 2.0322330470336283
vertex 40.285423201213526 27.0 1.9388397193843332
vertex 39.14836453775017 27.0 1.9204004813025506
endloop
endfacet
facet normal -0.8819212643483614 0.0 0.4713967368259859
outer loop
vertex 40.504523684134504 27.0 2.3183328877663456
vertex 40.504523684134504 27.7 2.3183328877663456
vertex 40.40118510267787 27.0 2.125
endloop
endfacet
facet normal -0.8819212643483614 0.0 0.4713967368259859
outer loop
vertex 40.40118510267787 27.0 2.125
vertex 40.504523684134504 27.7 2.3183328877663456
vertex 40.40118510267787 27.7 2.125
endloop
endfacet
facet normal -0.8492021815265722 0.0 0.528067850650379
outer loop
vertex 40.40118510267787 27.0 2.125
vertex 40.40118510267787 27.7 2.125
vertex 40.285423201213526 27.0 1.9388397193843332
endloop
endfacet
facet normal -0.8492021815265722 0.0 0.528067850650379
outer loop
vertex 40.285423201213526 27.0 1.9388397193843332
vertex 40.40118510267787 27.7 2.125
vertex 40.285423201213526 27.7 1.9388397193843332
endloop
endfacet
facet normal 0.812846684591623 0.0 0.5824776968677915
outer loop
vertex 34.714576798786474 27.0 1.9388397193843332
vertex 34.842266310024364 27.0 1.7606492128207805
vertex 34.842266310024364 27.7 1.7606492128207805
endloop
endfacet
facet normal 0.812846684591623 0.0 0.5824776968677915
outer loop
vertex 34.714576798786474 27.0 1.9388397193843332
vertex 34.842266310024364 27.7 1.7606492128207805
vertex 34.714576798786474 27.7 1.9388397193843332
endloop
endfacet
facet normal 0.7730104533627409 0.0 0.6343932841636409
outer loop
vertex 34.842266310024364 27.0 1.7606492128207805
vertex 34.98133664494543 27.7 1.5911915194147639
vertex 34.842266310024364 27.7 1.7606492128207805
endloop
endfacet
facet normal 0.7730104533627409 0.0 0.6343932841636409
outer loop
vertex 34.842266310024364 27.0 1.7606492128207805
vertex 34.98133664494543 27.0 1.5911915194147639
vertex 34.98133664494543 27.7 1.5911915194147639
endloop
endfacet
facet normal 0.0 1.0 0.0
outer loop
vertex 34.714576798786474 27.0 1.9388397193843332
vertex 35.85163546224983 27.0 1.9204004813025506
vertex 34.842266310024364 27.0 1.7606492128207805
endloop
endfacet
facet normal 0.0 1.0 0.0
outer loop
vertex 35.85163546224983 27.0 1.9204004813025506
vertex 35.9780964274782 27.0 1.8166166492719071
vertex 34.842266310024364 27.0 1.7606492128207805
endloop
endfacet
facet normal 0.0 1.0 0.0
outer loop
vertex 34.842266310024364 27.0 1.7606492128207805
vertex 36.11107441745099 27.0 1.7213259692436367
vertex 34.98133664494543 27.0 1.5911915194147639
endloop
endfacet
facet normal 0.0 1.0 0.0
outer loop
vertex 34.842266310024364 27.0 1.7606492128207805
vertex 35.9780964274782 27.0 1.8166166492719071
vertex 36.11107441745099 27.0 1.7213259692436367
endloop
endfacet
facet normal 0.0 1.0 0.0
outer loop
vertex 34.98133664494543 27.0 1.5911915194147639
vertex 36.11107441745099 27.0 1.7213259692436367
vertex 36.25 27.0 1.6349364905389052
endloop
endfacet
facet normal 0.0 1.0 0.0
outer loop
vertex 34.98133664494543 27.0 1.5911915194147639
vertex 36.25 27.0 1.6349364905389052
vertex 36.394278274452496 27.0 1.5578181461682732
endloop
endfacet
facet normal 0.0 1.0 0.0
outer loop
vertex 34.98133664494543 27.0 1.5911915194147639
vertex 36.394278274452496 27.0 1.5578181461682732
vertex 35.131192283025065 27.0 1.4311922830250694
endloop
endfacet
facet normal 0.729864072697818 0.0 0.6835923020228902
outer loop
vertex 34.98133664494543 27.0 1.5911915194147639
vertex 35.131192283025065 27.0 1.4311922830250694
vertex 35.131192283025065 27.7 1.4311922830250694
endloop
endfacet
facet normal 0.0 1.0 0.0
outer loop
vertex 35.131192283025065 27.0 1.4311922830250694
vertex 36.394278274452496 27.0 1.5578181461682732
vertex 36.543291419087275 27.0 1.4903011687217855
endloop
endfacet
facet normal 0.0 1.0 0.0
outer loop
vertex 35.131192283025065 27.0 1.4311922830250694
vertex 36.543291419087275 27.0 1.4903011687217855
vertex 36.6964013367421 27.0 1.4326746762622378
endloop
endfacet
facet normal 0.729864072697818 0.0 0.6835923020228902
outer loop
vertex 34.98133664494543 27.0 1.5911915194147639
vertex 35.131192283025065 27.7 1.4311922830250694
vertex 34.98133664494543 27.7 1.5911915194147639
endloop
endfacet
facet normal 0.6835923020228746 0.0 0.7298640726978326
outer loop
vertex 35.131192283025065 27.0 1.4311922830250694
vertex 35.29119151941477 27.0 1.2813366449454264
vertex 35.29119151941477 27.7 1.2813366449454264
endloop
endfacet
facet normal 0.0 1.0 0.0
outer loop
vertex 35.131192283025065 27.0 1.4311922830250694
vertex 36.8529523872437 27.0 1.3851854342773322
vertex 35.29119151941477 27.0 1.2813366449454264
endloop
endfacet
facet normal 0.0 1.0 0.0
outer loop
vertex 35.131192283025065 27.0 1.4311922830250694
vertex 36.6964013367421 27.0 1.4326746762622378
vertex 36.8529523872437 27.0 1.3851854342773322
endloop
endfacet
facet normal 0.6835923020228746 0.0 0.7298640726978326
outer loop
vertex 35.131192283025065 27.0 1.4311922830250694
vertex 35.29119151941477 27.7 1.2813366449454264
vertex 35.131192283025065 27.7 1.4311922830250694
endloop
endfacet
facet normal 0.6343932841636698 0.0 0.773010453362717
outer loop
vertex 35.29119151941477 27.0 1.2813366449454264
vertex 35.46064921282078 27.0 1.142266310024354
vertex 35.46064921282078 27.7 1.142266310024354
endloop
endfacet
facet normal 0.6343932841636698 0.0 0.773010453362717
outer loop
vertex 35.29119151941477 27.0 1.2813366449454264
vertex 35.46064921282078 27.7 1.142266310024354
vertex 35.29119151941477 27.7 1.2813366449454264
endloop
endfacet
facet normal 0.0 1.0 0.0
outer loop
vertex 35.29119151941477 27.0 1.2813366449454264
vertex 36.8529523872437 27.0 1.3851854342773322
vertex 37.01227419495968 27.0 1.3480367989919273
endloop
endfacet
facet normal 0.0 1.0 0.0
outer loop
vertex 35.29119151941477 27.0 1.2813366449454264
vertex 37.01227419495968 27.0 1.3480367989919273
vertex 37.17368451944987 27.0 1.3213878465654716
endloop
endfacet
facet normal 0.0 1.0 0.0
outer loop
vertex 35.29119151941477 27.0 1.2813366449454264
vertex 37.17368451944987 27.0 1.3213878465654716
vertex 37.336492176924644 27.0 1.3053526919034937
endloop
endfacet
facet normal 0.0 1.0 0.0
outer loop
vertex 35.29119151941477 27.0 1.2813366449454264
vertex 37.336492176924644 27.0 1.3053526919034937
vertex 37.5 27.0 1.2999999999999972
endloop
endfacet
facet normal 0.0 1.0 0.0
outer loop
vertex 35.29119151941477 27.0 1.2813366449454264
vertex 39.70880848058523 27.0 1.2813366449454264
vertex 35.46064921282078 27.0 1.142266310024354
endloop
endfacet
facet normal 0.0 1.0 0.0
outer loop
vertex 35.29119151941477 27.0 1.2813366449454264
vertex 37.5 27.0 1.2999999999999972
vertex 39.70880848058523 27.0 1.2813366449454264
endloop
endfacet
facet normal 0.5824776968678067 0.0 0.8128466845916119
outer loop
vertex 35.46064921282078 27.0 1.142266310024354
vertex 35.638839719384336 27.7 1.0145767987864645
vertex 35.46064921282078 27.7 1.142266310024354
endloop
endfacet
facet normal 0.5824776968678067 0.0 0.8128466845916119
outer loop
vertex 35.46064921282078 27.0 1.142266310024354
vertex 35.638839719384336 27.0 1.0145767987864645
vertex 35.638839719384336 27.7 1.0145767987864645
endloop
endfacet
facet normal 0.5280678506503556 0.0 0.8492021815265868
outer loop
vertex 35.638839719384336 27.0 1.0145767987864645
vertex 35.825 27.7 0.8988148973221257
vertex 35.638839719384336 27.7 1.0145767987864645
endloop
endfacet
facet normal 0.0 1.0 0.0
outer loop
vertex 35.46064921282078 27.0 1.142266310024354
vertex 39.53935078717922 27.0 1.142266310024354
vertex 35.638839719384336 27.0 1.0145767987864645
endloop
endfacet
facet normal 0.0 1.0 0.0
outer loop
vertex 35.638839719384336 27.0 1.0145767987864645
vertex 39.361160280615664 27.0 1.0145767987864645
vertex 35.825 27.0 0.8988148973221257
endloop
endfacet
facet normal 0.0 1.0 0.0
outer loop
vertex 39.14836453775017 27.0 1.9204004813025506
vertex 40.157733689975636 27.0 1.7606492128207805
vertex 39.0219035725218 27.0 1.8166166492719071
endloop
endfacet
facet normal 0.0 1.0 0.0
outer loop
vertex 39.14836453775017 27.0 1.9204004813025506
vertex 40.285423201213526 27.0 1.9388397193843332
vertex 40.157733689975636 27.0 1.7606492128207805
endloop
endfacet
facet normal -0.812846684591623 0.0 0.5824776968677915
outer loop
vertex 40.285423201213526 27.0 1.9388397193843332
vertex 40.285423201213526 27.7 1.9388397193843332
vertex 40.157733689975636 27.0 1.7606492128207805
endloop
endfacet
facet normal -0.812846684591623 0.0 0.5824776968677915
outer loop
vertex 40.157733689975636 27.0 1.7606492128207805
vertex 40.285423201213526 27.7 1.9388397193843332
vertex 40.157733689975636 27.7 1.7606492128207805
endloop
endfacet
facet normal 0.0 1.0 0.0
outer loop
vertex 39.0219035725218 27.0 1.8166166492719071
vertex 40.157733689975636 27.0 1.7606492128207805
vertex 38.88892558254901 27.0 1.7213259692436367
endloop
endfacet
facet normal 0.0 1.0 0.0
outer loop
vertex 38.88892558254901 27.0 1.7213259692436367
vertex 40.157733689975636 27.0 1.7606492128207805
vertex 40.01866335505457 27.0 1.5911915194147639
endloop
endfacet
facet normal -0.773010453362733 0.0 0.6343932841636505
outer loop
vertex 40.157733689975636 27.0 1.7606492128207805
vertex 40.157733689975636 27.7 1.7606492128207805
vertex 40.01866335505457 27.0 1.5911915194147639
endloop
endfacet
facet normal 0.0 1.0 0.0
outer loop
vertex 38.3035986632579 27.0 1.4326746762622378
vertex 38.456708580912725 27.0 1.4903011687217855
vertex 39.868807716974935 27.0 1.4311922830250694
endloop
endfacet
facet normal 0.0 1.0 0.0
outer loop
vertex 38.88892558254901 27.0 1.7213259692436367
vertex 40.01866335505457 27.0 1.5911915194147639
vertex 38.75 27.0 1.6349364905389052
endloop
endfacet
facet normal 0.0 1.0 0.0
outer loop
vertex 38.75 27.0 1.6349364905389052
vertex 40.01866335505457 27.0 1.5911915194147639
vertex 38.605721725547504 27.0 1.5578181461682732
endloop
endfacet
facet normal -0.773010453362733 0.0 0.6343932841636505
outer loop
vertex 40.01866335505457 27.0 1.5911915194147639
vertex 40.157733689975636 27.7 1.7606492128207805
vertex 40.01866335505457 27.7 1.5911915194147639
endloop
endfacet
facet normal 0.0 1.0 0.0
outer loop
vertex 38.605721725547504 27.0 1.5578181461682732
vertex 39.868807716974935 27.0 1.4311922830250694
vertex 38.456708580912725 27.0 1.4903011687217855
endloop
endfacet
facet normal 0.0 1.0 0.0
outer loop
vertex 38.605721725547504 27.0 1.5578181461682732
vertex 40.01866335505457 27.0 1.5911915194147639
vertex 39.868807716974935 27.0 1.4311922830250694
endloop
endfacet
facet normal -0.729864072697826 0.0 0.6835923020228816
outer loop
vertex 40.01866335505457 27.0 1.5911915194147639
vertex 40.01866335505457 27.7 1.5911915194147639
vertex 39.868807716974935 27.0 1.4311922830250694
endloop
endfacet
facet normal -0.729864072697826 0.0 0.6835923020228816
outer loop
vertex 39.868807716974935 27.0 1.4311922830250694
vertex 40.01866335505457 27.7 1.5911915194147639
vertex 39.868807716974935 27.7 1.4311922830250694
endloop
endfacet
facet normal 0.0 1.0 0.0
outer loop
vertex 38.3035986632579 27.0 1.4326746762622378
vertex 39.868807716974935 27.0 1.4311922830250694
vertex 38.1470476127563 27.0 1.3851854342773322
endloop
endfacet
facet normal 0.0 1.0 0.0
outer loop
vertex 38.1470476127563 27.0 1.3851854342773322
vertex 39.70880848058523 27.0 1.2813366449454264
vertex 37.98772580504032 27.0 1.3480367989919273
endloop
endfacet
facet normal 0.0 1.0 0.0
outer loop
vertex 37.82631548055013 27.0 1.3213878465654716
vertex 37.98772580504032 27.0 1.3480367989919273
vertex 39.70880848058523 27.0 1.2813366449454264
endloop
endfacet
facet normal 0.0 1.0 0.0
outer loop
vertex 37.663507823075356 27.0 1.3053526919034937
vertex 39.70880848058523 27.0 1.2813366449454264
vertex 37.5 27.0 1.2999999999999972
endloop
endfacet
facet normal 0.0 1.0 0.0
outer loop
vertex 35.46064921282078 27.0 1.142266310024354
vertex 39.70880848058523 27.0 1.2813366449454264
vertex 39.53935078717922 27.0 1.142266310024354
endloop
endfacet
facet normal 0.0 1.0 0.0
outer loop
vertex 37.663507823075356 27.0 1.3053526919034937
vertex 37.82631548055013 27.0 1.3213878465654716
vertex 39.70880848058523 27.0 1.2813366449454264
endloop
endfacet
facet normal 0.0 1.0 0.0
outer loop
vertex 38.1470476127563 27.0 1.3851854342773322
vertex 39.868807716974935 27.0 1.4311922830250694
vertex 39.70880848058523 27.0 1.2813366449454264
endloop
endfacet
facet normal -0.6835923020228827 0.0 0.729864072697825
outer loop
vertex 39.868807716974935 27.0 1.4311922830250694
vertex 39.868807716974935 27.7 1.4311922830250694
vertex 39.70880848058523 27.0 1.2813366449454264
endloop
endfacet
facet normal -0.6835923020228827 0.0 0.729864072697825
outer loop
vertex 39.70880848058523 27.0 1.2813366449454264
vertex 39.868807716974935 27.7 1.4311922830250694
vertex 39.70880848058523 27.7 1.2813366449454264
endloop
endfacet
facet normal -0.6343932841636698 0.0 0.773010453362717
outer loop
vertex 39.53935078717922 27.0 1.142266310024354
vertex 39.70880848058523 27.0 1.2813366449454264
vertex 39.70880848058523 27.7 1.2813366449454264
endloop
endfacet
facet normal -0.6343932841636698 0.0 0.773010453362717
outer loop
vertex 39.53935078717922 27.0 1.142266310024354
vertex 39.70880848058523 27.7 1.2813366449454264
vertex 39.53935078717922 27.7 1.142266310024354
endloop
endfacet
facet normal 0.0 1.0 0.0
outer loop
vertex 35.638839719384336 27.0 1.0145767987864645
vertex 39.53935078717922 27.0 1.142266310024354
vertex 39.361160280615664 27.0 1.0145767987864645
endloop
endfacet
facet normal -0.5824776968677915 0.0 0.812846684591623
outer loop
vertex 39.53935078717922 27.0 1.142266310024354
vertex 39.53935078717922 27.7 1.142266310024354
vertex 39.361160280615664 27.0 1.0145767987864645
endloop
endfacet
facet normal -0.5280678506503556 0.0 0.8492021815265868
outer loop
vertex 39.361160280615664 27.0 1.0145767987864645
vertex 39.361160280615664 27.7 1.0145767987864645
vertex 39.175 27.0 0.8988148973221257
endloop
endfacet
facet normal -0.5824776968677915 0.0 0.812846684591623
outer loop
vertex 39.361160280615664 27.0 1.0145767987864645
vertex 39.53935078717922 27.7 1.142266310024354
vertex 39.361160280615664 27.7 1.0145767987864645
endloop
endfacet
facet normal 0.5280678506503556 0.0 0.8492021815265868
outer loop
vertex 35.638839719384336 27.0 1.0145767987864645
vertex 35.825 27.0 0.8988148973221257
vertex 35.825 27.7 0.8988148973221257
endloop
endfacet
facet normal 0.4713967368260111 0.0 0.8819212643483478
outer loop
vertex 35.825 27.0 0.8988148973221257
vertex 36.01833288776635 27.7 0.7954763158654856
vertex 35.825 27.7 0.8988148973221257
endloop
endfacet
facet normal 0.4713967368260111 0.0 0.8819212643483478
outer loop
vertex 35.825 27.0 0.8988148973221257
vertex 36.01833288776635 27.0 0.7954763158654856
vertex 36.01833288776635 27.7 0.7954763158654856
endloop
endfacet
facet normal 0.4127070298043766 0.0 0.9108638249211842
outer loop
vertex 36.01833288776635 27.0 0.7954763158654856
vertex 36.21801050157695 27.0 0.7050035660871856
vertex 36.21801050157695 27.7 0.7050035660871856
endloop
endfacet
facet normal 0.4127070298043766 0.0 0.9108638249211842
outer loop
vertex 36.01833288776635 27.0 0.7954763158654856
vertex 36.21801050157695 27.7 0.7050035660871856
vertex 36.01833288776635 27.7 0.7954763158654856
endloop
endfacet
facet normal 0.0 1.0 0.0
outer loop
vertex 35.825 27.0 0.8988148973221257
vertex 39.175 27.0 0.8988148973221257
vertex 36.01833288776635 27.0 0.7954763158654856
endloop
endfacet
facet normal 0.0 1.0 0.0
outer loop
vertex 36.01833288776635 27.0 0.7954763158654856
vertex 38.98166711223365 27.0 0.7954763158654856
vertex 36.21801050157695 27.0 0.7050035660871856
endloop
endfacet
facet normal 0.35225004792121917 0.0 0.9359059267573312
outer loop
vertex 36.21801050157695 27.0 0.7050035660871856
vertex 36.42317779123441 27.0 0.6277840661913956
vertex 36.42317779123441 27.7 0.6277840661913956
endloop
endfacet
facet normal 0.0 1.0 0.0
outer loop
vertex 36.21801050157695 27.0 0.7050035660871856
vertex 38.78198949842305 27.0 0.7050035660871856
vertex 36.42317779123441 27.0 0.6277840661913956
endloop
endfacet
facet normal 0.0 1.0 0.0
outer loop
vertex 36.42317779123441 27.0 0.6277840661913956
vertex 38.57682220876559 27.0 0.6277840661913956
vertex 36.632956198906555 27.0 0.5641484819316247
endloop
endfacet
facet normal 0.35225004792121917 0.0 0.9359059267573312
outer loop
vertex 36.21801050157695 27.0 0.7050035660871856
vertex 36.42317779123441 27.7 0.6277840661913956
vertex 36.21801050157695 27.7 0.7050035660871856
endloop
endfacet
facet normal 0.2902846772544462 0.0 0.9569403357322139
outer loop
vertex 36.42317779123441 27.0 0.6277840661913956
vertex 36.632956198906555 27.7 0.5641484819316247
vertex 36.42317779123441 27.7 0.6277840661913956
endloop
endfacet
facet normal 0.2902846772544462 0.0 0.9569403357322139
outer loop
vertex 36.42317779123441 27.0 0.6277840661913956
vertex 36.632956198906555 27.0 0.5641484819316247
vertex 36.632956198906555 27.7 0.5641484819316247
endloop
endfacet
facet normal 0.2270762630344131 0.0 0.9738769792773244
outer loop
vertex 36.632956198906555 27.0 0.5641484819316247
vertex 36.84644742124597 27.0 0.5143693106491725
vertex 36.84644742124597 27.7 0.5143693106491725
endloop
endfacet
facet normal 0.0 1.0 0.0
outer loop
vertex 36.632956198906555 27.0 0.5641484819316247
vertex 38.367043801093445 27.0 0.5641484819316247
vertex 36.84644742124597 27.0 0.5143693106491725
endloop
endfacet
facet normal 0.0 1.0 0.0
outer loop
vertex 36.84644742124597 27.0 0.5143693106491725
vertex 38.15355257875403 27.0 0.5143693106491725
vertex 37.06273725606283 27.0 0.478659714397736
endloop
endfacet
facet normal 0.16289547339455862 0.0 0.9866433320848841
outer loop
vertex 36.84644742124597 27.0 0.5143693106491725
vertex 37.06273725606283 27.0 0.478659714397736
vertex 37.06273725606283 27.7 0.478659714397736
endloop
endfacet
facet normal 0.2270762630344131 0.0 0.9738769792773244
outer loop
vertex 36.632956198906555 27.0 0.5641484819316247
vertex 36.84644742124597 27.7 0.5143693106491725
vertex 36.632956198906555 27.7 0.5641484819316247
endloop
endfacet
facet normal 0.16289547339455862 0.0 0.9866433320848841
outer loop
vertex 36.84644742124597 27.0 0.5143693106491725
vertex 37.06273725606283 27.7 0.478659714397736
vertex 36.84644742124597 27.7 0.5143693106491725
endloop
endfacet
facet normal 0.0 1.0 0.0
outer loop
vertex 37.06273725606283 27.0 0.478659714397736
vertex 37.937262743937175 27.0 0.478659714397736
vertex 37.28089951707902 27.0 0.45717260715068164
endloop
endfacet
facet normal 0.0 1.0 0.0
outer loop
vertex 37.28089951707902 27.0 0.45717260715068164
vertex 37.71910048292098 27.0 0.45717260715068164
vertex 37.5 27.0 0.45000000000000284
endloop
endfacet
facet normal 0.09801714032954953 0.0 0.995184726672198
outer loop
vertex 37.06273725606283 27.0 0.478659714397736
vertex 37.28089951707902 27.0 0.45717260715068164
vertex 37.28089951707902 27.7 0.45717260715068164
endloop
endfacet
facet normal 0.03271908282177865 0.0 0.9994645874763657
outer loop
vertex 37.28089951707902 27.0 0.45717260715068164
vertex 37.5 27.0 0.45000000000000284
vertex 37.5 27.7 0.45000000000000284
endloop
endfacet
facet normal 0.09801714032954953 0.0 0.995184726672198
outer loop
vertex 37.06273725606283 27.0 0.478659714397736
vertex 37.28089951707902 27.7 0.45717260715068164
vertex 37.06273725606283 27.7 0.478659714397736
endloop
endfacet
facet normal 0.03271908282177865 0.0 0.9994645874763657
outer loop
vertex 37.28089951707902 27.0 0.45717260715068164
vertex 37.5 27.7 0.45000000000000284
vertex 37.28089951707902 27.7 0.45717260715068164
endloop
endfacet
facet normal -0.032719082821778774 0.0 0.9994645874763657
outer loop
vertex 37.5 27.0 0.45000000000000284
vertex 37.71910048292098 27.7 0.45717260715068164
vertex 37.5 27.7 0.45000000000000284
endloop
endfacet
facet normal 0.0 1.0 0.0
outer loop
vertex 35.825 27.0 0.8988148973221257
vertex 39.361160280615664 27.0 1.0145767987864645
vertex 39.175 27.0 0.8988148973221257
endloop
endfacet
facet normal 0.0 1.0 0.0
outer loop
vertex 39.175 27.0 0.8988148973221257
vertex 38.98166711223365 27.0 0.7954763158654856
vertex 36.01833288776635 27.0 0.7954763158654856
endloop
endfacet
facet normal 0.0 1.0 0.0
outer loop
vertex 36.21801050157695 27.0 0.7050035660871856
vertex 38.98166711223365 27.0 0.7954763158654856
vertex 38.78198949842305 27.0 0.7050035660871856
endloop
endfacet
facet normal -0.4127070298043827 0.0 0.9108638249211813
outer loop
vertex 38.98166711223365 27.0 0.7954763158654856
vertex 38.98166711223365 27.7 0.7954763158654856
vertex 38.78198949842305 27.0 0.7050035660871856
endloop
endfacet
facet normal -0.4127070298043827 0.0 0.9108638249211813
outer loop
vertex 38.78198949842305 27.0 0.7050035660871856
vertex 38.98166711223365 27.7 0.7954763158654856
vertex 38.78198949842305 27.7 0.7050035660871856
endloop
endfacet
facet normal -0.4713967368260112 0.0 0.8819212643483478
outer loop
vertex 39.175 27.0 0.8988148973221257
vertex 39.175 27.7 0.8988148973221257
vertex 38.98166711223365 27.0 0.7954763158654856
endloop
endfacet
facet normal -0.5280678506503556 0.0 0.8492021815265868
outer loop
vertex 39.175 27.0 0.8988148973221257
vertex 39.361160280615664 27.7 1.0145767987864645
vertex 39.175 27.7 0.8988148973221257
endloop
endfacet
facet normal -0.4713967368260112 0.0 0.8819212643483478
outer loop
vertex 38.98166711223365 27.0 0.7954763158654856
vertex 39.175 27.7 0.8988148973221257
vertex 38.98166711223365 27.7 0.7954763158654856
endloop
endfacet
facet normal 0.0 1.0 0.0
outer loop
vertex 36.42317779123441 27.0 0.6277840661913956
vertex 38.78198949842305 27.0 0.7050035660871856
vertex 38.57682220876559 27.0 0.6277840661913956
endloop
endfacet
facet normal -0.3522500479212193 0.0 0.9359059267573312
outer loop
vertex 38.78198949842305 27.0 0.7050035660871856
vertex 38.78198949842305 27.7 0.7050035660871856
vertex 38.57682220876559 27.0 0.6277840661913956
endloop
endfacet
facet normal -0.2902846772544463 0.0 0.9569403357322139
outer loop
vertex 38.367043801093445 27.0 0.5641484819316247
vertex 38.57682220876559 27.0 0.6277840661913956
vertex 38.57682220876559 27.7 0.6277840661913956
endloop
endfacet
facet normal -0.3522500479212193 0.0 0.9359059267573312
outer loop
vertex 38.57682220876559 27.0 0.6277840661913956
vertex 38.78198949842305 27.7 0.7050035660871856
vertex 38.57682220876559 27.7 0.6277840661913956
endloop
endfacet
facet normal 0.0 1.0 0.0
outer loop
vertex 36.632956198906555 27.0 0.5641484819316247
vertex 38.57682220876559 27.0 0.6277840661913956
vertex 38.367043801093445 27.0 0.5641484819316247
endloop
endfacet
facet normal -0.22707626303441322 0.0 0.9738769792773244
outer loop
vertex 38.367043801093445 27.0 0.5641484819316247
vertex 38.367043801093445 27.7 0.5641484819316247
vertex 38.15355257875403 27.0 0.5143693106491725
endloop
endfacet
facet normal 0.0 1.0 0.0
outer loop
vertex 36.84644742124597 27.0 0.5143693106491725
vertex 38.367043801093445 27.0 0.5641484819316247
vertex 38.15355257875403 27.0 0.5143693106491725
endloop
endfacet
facet normal 0.0 1.0 0.0
outer loop
vertex 37.06273725606283 27.0 0.478659714397736
vertex 38.15355257875403 27.0 0.5143693106491725
vertex 37.937262743937175 27.0 0.478659714397736
endloop
endfacet
facet normal -0.1628954733945613 0.0 0.9866433320848836
outer loop
vertex 38.15355257875403 27.0 0.5143693106491725
vertex 38.15355257875403 27.7 0.5143693106491725
vertex 37.937262743937175 27.0 0.478659714397736
endloop
endfacet
facet normal -0.22707626303441322 0.0 0.9738769792773244
outer loop
vertex 38.15355257875403 27.0 0.5143693106491725
vertex 38.367043801093445 27.7 0.5641484819316247
vertex 38.15355257875403 27.7 0.5143693106491725
endloop
endfacet
facet normal -0.1628954733945613 0.0 0.9866433320848836
outer loop
vertex 37.937262743937175 27.0 0.478659714397736
vertex 38.15355257875403 27.7 0.5143693106491725
vertex 37.937262743937175 27.7 0.478659714397736
endloop
endfacet
facet normal -0.2902846772544463 0.0 0.9569403357322139
outer loop
vertex 38.367043801093445 27.0 0.5641484819316247
vertex 38.57682220876559 27.7 0.6277840661913956
vertex 38.367043801093445 27.7 0.5641484819316247
endloop
endfacet
facet normal 0.0 1.0 0.0
outer loop
vertex 37.28089951707902 27.0 0.45717260715068164
vertex 37.937262743937175 27.0 0.478659714397736
vertex 37.71910048292098 27.0 0.45717260715068164
endloop
endfacet
facet normal -0.032719082821778774 0.0 0.9994645874763657
outer loop
vertex 37.5 27.0 0.45000000000000284
vertex 37.71910048292098 27.0 0.45717260715068164
vertex 37.71910048292098 27.7 0.45717260715068164
endloop
endfacet
facet normal -0.09801714032954806 0.0 0.9951847266721981
outer loop
vertex 37.71910048292098 27.0 0.45717260715068164
vertex 37.937262743937175 27.0 0.478659714397736
vertex 37.937262743937175 27.7 0.478659714397736
endloop
endfacet
facet normal -0.09801714032954806 0.0 0.9951847266721981
outer loop
vertex 37.71910048292098 27.0 0.45717260715068164
vertex 37.937262743937175 27.7 0.478659714397736
vertex 37.71910048292098 27.7 0.45717260715068164
endloop
endfacet

endsolid
