solid 
facet normal 0.0 -1.0 0.0
outer loop
vertex 4.2 24.8 -23.8
vertex 5.505352691903491 24.8 -20.163507823075356
vertex 4.2 24.8 -19.2
endloop
endfacet
facet normal 0.0 -1.0 0.0
outer loop
vertex 4.2 24.8 -23.8
vertex 5.632674676262235 24.8 -20.803598663257905
vertex 5.58518543427733 24.8 -20.647047612756303
endloop
endfacet
facet normal 0.0 -1.0 0.0
outer loop
vertex 4.2 24.8 -23.8
vertex 5.58518543427733 24.8 -20.647047612756303
vertex 5.548036798991924 24.8 -20.48772580504032
endloop
endfacet
facet normal 0.0 -1.0 0.0
outer loop
vertex 4.2 24.8 -23.8
vertex 5.548036798991924 24.8 -20.48772580504032
vertex 5.521387846565474 24.8 -20.32631548055013
endloop
endfacet
facet normal 0.0 -1.0 0.0
outer loop
vertex 4.2 24.8 -23.8
vertex 5.521387846565474 24.8 -20.32631548055013
vertex 5.505352691903491 24.8 -20.163507823075356
endloop
endfacet
facet normal 0.0 -1.0 0.0
outer loop
vertex 4.2 24.8 -23.8
vertex 5.690301168721783 24.8 -20.956708580912725
vertex 5.632674676262235 24.8 -20.803598663257905
endloop
endfacet
facet normal 0.0 -0.9999999999999999 0.0
outer loop
vertex 4.2 24.8 -23.8
vertex 5.834936490538903 24.8 -21.25
vertex 5.75781814616828 24.8 -21.105721725547504
endloop
endfacet
facet normal 0.0 -1.0 0.0
outer loop
vertex 4.2 24.8 -23.8
vertex 5.75781814616828 24.8 -21.105721725547504
vertex 5.690301168721783 24.8 -20.956708580912725
endloop
endfacet
facet normal 0.0 -1.0 0.0
outer loop
vertex 4.2 24.8 -23.8
vertex 5.921325969243637 24.8 -21.388925582549007
vertex 5.834936490538903 24.8 -21.25
endloop
endfacet
facet normal 0.0 -1.0 0.0
outer loop
vertex 4.2 24.8 -23.8
vertex 6.016616649271912 24.8 -21.5219035725218
vertex 5.921325969243637 24.8 -21.388925582549007
endloop
endfacet
facet normal 0.0 -1.0 0.0
outer loop
vertex 4.2 24.8 -23.8
vertex 6.232233047033631 24.8 -21.76776695296637
vertex 6.120400481302557 24.8 -21.648364537750172
endloop
endfacet
facet normal 0.0 -1.0 0.0
outer loop
vertex 4.2 24.8 -23.8
vertex 6.351635462249828 24.8 -21.879599518697443
vertex 6.232233047033631 24.8 -21.76776695296637
endloop
endfacet
facet normal 0.0 -1.0 0.0
outer loop
vertex 4.2 24.8 -23.8
vertex 6.120400481302557 24.8 -21.648364537750172
vertex 6.016616649271912 24.8 -21.5219035725218
endloop
endfacet
facet normal 0.0 -1.0 0.0
outer loop
vertex 4.2 24.8 -23.8
vertex 6.4780964274781985 24.8 -21.983383350728086
vertex 6.351635462249828 24.8 -21.879599518697443
endloop
endfacet
facet normal 0.0 -1.0 0.0
outer loop
vertex 4.2 24.8 -23.8
vertex 6.611074417450995 24.8 -22.078674030756364
vertex 6.4780964274781985 24.8 -21.983383350728086
endloop
endfacet
facet normal 0.0 -1.0 0.0
outer loop
vertex 4.2 24.8 -23.8
vertex 6.75 24.8 -22.165063509461095
vertex 6.611074417450995 24.8 -22.078674030756364
endloop
endfacet
facet normal 0.0 -1.0 0.0
outer loop
vertex 4.2 24.8 -23.8
vertex 6.894278274452496 24.8 -22.24218185383172
vertex 6.75 24.8 -22.165063509461095
endloop
endfacet
facet normal 0.0 -1.0 0.0
outer loop
vertex 4.2 24.8 -23.8
vertex 7.043291419087275 24.8 -22.30969883127822
vertex 6.894278274452496 24.8 -22.24218185383172
endloop
endfacet
facet normal 0.0 -1.0 0.0
outer loop
vertex 4.2 24.8 -19.2
vertex 5.505352691903491 24.8 -20.163507823075356
vertex 5.5 24.8 -20.0
endloop
endfacet
facet normal 0.0 -0.9999999999999999 0.0
outer loop
vertex 4.2 24.8 -19.2
vertex 5.5 24.8 -20.0
vertex 5.505352691903491 24.8 -19.836492176924644
endloop
endfacet
facet normal 0.0 -0.9999999999999999 0.0
outer loop
vertex 4.2 24.8 -19.2
vertex 5.505352691903491 24.8 -19.836492176924644
vertex 5.521387846565474 24.8 -19.67368451944987
endloop
endfacet
facet normal 0.0 -1.0 0.0
outer loop
vertex 4.2 24.8 -19.2
vertex 5.521387846565474 24.8 -19.67368451944987
vertex 5.548036798991924 24.8 -19.51227419495968
endloop
endfacet
facet normal 0.0 -0.9999999999999999 0.0
outer loop
vertex 4.2 24.8 -19.2
vertex 5.548036798991924 24.8 -19.51227419495968
vertex 5.58518543427733 24.8 -19.352952387243697
endloop
endfacet
facet normal 0.0 -0.9999999999999999 0.0
outer loop
vertex 4.2 24.8 -19.2
vertex 5.58518543427733 24.8 -19.352952387243697
vertex 5.631583033697532 24.8 -19.2
endloop
endfacet
facet normal -1.0 0.0 0.0
outer loop
vertex 4.2 24.8 -23.8
vertex 4.2 28.6 -19.2
vertex 4.2 32.4 -23.8
endloop
endfacet
facet normal -1.0 0.0 0.0
outer loop
vertex 4.2 24.8 -23.8
vertex 4.2 24.8 -19.2
vertex 4.2 28.6 -19.2
endloop
endfacet
facet normal -0.0 1.0 0.0
outer loop
vertex 4.2 32.4 -23.8
vertex 4.76414848193162 32.4 -20.867043801093445
vertex 4.827784066191396 32.4 -21.07682220876559
endloop
endfacet
facet normal -0.0 1.0 0.0
outer loop
vertex 4.2 32.4 -23.8
vertex 4.827784066191396 32.4 -21.07682220876559
vertex 4.905003566087189 32.4 -21.28198949842305
endloop
endfacet
facet normal -0.0 1.0 0.0
outer loop
vertex 4.2 32.4 -23.8
vertex 5.09881489732213 32.4 -21.675
vertex 5.2145767987864735 32.4 -21.861160280615668
endloop
endfacet
facet normal -0.0 1.0 0.0
outer loop
vertex 4.2 32.4 -23.8
vertex 4.905003566087189 32.4 -21.28198949842305
vertex 4.995476315865494 32.4 -21.481667112233655
endloop
endfacet
facet normal -0.0 1.0 0.0
outer loop
vertex 4.2 32.4 -23.8
vertex 4.995476315865494 32.4 -21.481667112233655
vertex 5.09881489732213 32.4 -21.675
endloop
endfacet
facet normal -0.0 1.0 0.0
outer loop
vertex 4.2 32.4 -23.8
vertex 5.342266310024362 32.4 -22.039350787179213
vertex 5.481336644945426 32.4 -22.20880848058523
endloop
endfacet
facet normal -0.0 1.0 0.0
outer loop
vertex 4.2 32.4 -23.8
vertex 5.2145767987864735 32.4 -21.861160280615668
vertex 5.342266310024362 32.4 -22.039350787179213
endloop
endfacet
facet normal -0.0 1.0 0.0
outer loop
vertex 4.2 32.4 -23.8
vertex 5.481336644945426 32.4 -22.20880848058523
vertex 5.631192283025066 32.4 -22.368807716974935
endloop
endfacet
facet normal -0.0 1.0 0.0
outer loop
vertex 4.2 32.4 -23.8
vertex 4.678659714397735 32.4 -20.437262743937172
vertex 4.714369310649178 32.4 -20.65355257875403
endloop
endfacet
facet normal -0.0 1.0 0.0
outer loop
vertex 4.2 32.4 -23.8
vertex 4.657172607150678 32.4 -20.21910048292098
vertex 4.678659714397735 32.4 -20.437262743937172
endloop
endfacet
facet normal -0.0 1.0 0.0
outer loop
vertex 4.2 32.4 -23.8
vertex 4.714369310649178 32.4 -20.65355257875403
vertex 4.76414848193162 32.4 -20.867043801093445
endloop
endfacet
facet normal -0.0 0.9999999999999999 0.0
outer loop
vertex 4.2 32.4 -23.8
vertex 5.631192283025066 32.4 -22.368807716974935
vertex 5.791191519414769 32.4 -22.518663355054574
endloop
endfacet
facet normal -0.0 1.0 0.0
outer loop
vertex 4.2 32.4 -23.8
vertex 5.791191519414769 32.4 -22.518663355054574
vertex 5.960649212820786 32.4 -22.657733689975636
endloop
endfacet
facet normal -0.0 1.0 0.0
outer loop
vertex 4.2 32.4 -23.8
vertex 5.960649212820786 32.4 -22.657733689975636
vertex 6.1388397193843325 32.4 -22.785423201213526
endloop
endfacet
facet normal -0.0 0.9999999999999999 0.0
outer loop
vertex 4.2 32.4 -23.8
vertex 6.1388397193843325 32.4 -22.785423201213526
vertex 6.325 32.4 -22.90118510267787
endloop
endfacet
facet normal -0.0 0.9999999999999999 0.0
outer loop
vertex 4.2 32.4 -23.8
vertex 6.325 32.4 -22.90118510267787
vertex 6.518332887766346 32.4 -23.004523684134504
endloop
endfacet
facet normal -0.0 1.0 0.0
outer loop
vertex 4.2 32.4 -23.8
vertex 6.518332887766346 32.4 -23.004523684134504
vertex 6.718010501576949 32.4 -23.09499643391281
endloop
endfacet
facet normal -0.0 1.0 0.0
outer loop
vertex 4.2 32.4 -23.8
vertex 6.718010501576949 32.4 -23.09499643391281
vertex 6.923177791234409 32.4 -23.172215933808605
endloop
endfacet
facet normal -0.0 1.0 0.0
outer loop
vertex 4.2 32.4 -23.8
vertex 6.923177791234409 32.4 -23.172215933808605
vertex 7.132956198906555 32.4 -23.23585151806838
endloop
endfacet
facet normal -1.0 0.0 0.0
outer loop
vertex 4.2 32.4 -23.8
vertex 4.2 28.6 -19.2
vertex 4.2 32.4 -8.2
endloop
endfacet
facet normal -0.0 1.0 0.0
outer loop
vertex 4.2 32.4 -23.8
vertex 4.2 32.4 -8.2
vertex 4.657172607150678 32.4 -20.21910048292098
endloop
endfacet
facet normal 0.0 0.9999999999999999 0.0
outer loop
vertex 4.2 32.4 -8.2
vertex 4.65 32.4 -20.0
vertex 4.657172607150678 32.4 -20.21910048292098
endloop
endfacet
facet normal 0.0 0.9999999999999999 -0.0
outer loop
vertex 4.76414848193162 32.4 -19.132956198906555
vertex 4.714369310649178 32.4 -19.34644742124597
vertex 4.76414848193162 32.4 -12.867043801093445
endloop
endfacet
facet normal -0.0 1.0 0.0
outer loop
vertex 4.76414848193162 32.4 -19.132956198906555
vertex 4.827784066191396 32.4 -13.076822208765591
vertex 4.827784066191396 32.4 -18.92317779123441
endloop
endfacet
facet normal -0.0 1.0 0.0
outer loop
vertex 4.827784066191396 32.4 -18.92317779123441
vertex 4.905003566087189 32.4 -13.281989498423052
vertex 4.905003566087189 32.4 -18.71801050157695
endloop
endfacet
facet normal 0.0 1.0 -0.0
outer loop
vertex 4.995476315865494 32.4 -18.518332887766345
vertex 4.905003566087189 32.4 -18.71801050157695
vertex 4.995476315865494 32.4 -13.481667112233655
endloop
endfacet
facet normal -0.0 0.9999999999999999 0.0
outer loop
vertex 4.995476315865494 32.4 -18.518332887766345
vertex 5.09881489732213 32.4 -13.675
vertex 5.09881489732213 32.4 -18.325
endloop
endfacet
facet normal 0.0 1.0 -0.0
outer loop
vertex 5.2145767987864735 32.4 -18.138839719384332
vertex 5.09881489732213 32.4 -18.325
vertex 5.2145767987864735 32.4 -13.861160280615668
endloop
endfacet
facet normal -0.0 1.0 0.0
outer loop
vertex 5.2145767987864735 32.4 -18.138839719384332
vertex 5.342266310024362 32.4 -14.039350787179213
vertex 5.342266310024362 32.4 -17.960649212820787
endloop
endfacet
facet normal -0.0 1.0 0.0
outer loop
vertex 5.342266310024362 32.4 -17.960649212820787
vertex 5.481336644945426 32.4 -14.20880848058523
vertex 5.481336644945426 32.4 -17.79119151941477
endloop
endfacet
facet normal -0.0 1.0 0.0
outer loop
vertex 5.481336644945426 32.4 -17.79119151941477
vertex 5.631192283025066 32.4 -14.368807716974935
vertex 5.631192283025066 32.4 -17.631192283025065
endloop
endfacet
facet normal 0.0 1.0 -0.0
outer loop
vertex 5.791191519414769 32.4 -17.481336644945426
vertex 5.631192283025066 32.4 -17.631192283025065
vertex 5.791191519414769 32.4 -14.518663355054574
endloop
endfacet
facet normal -0.0 1.0 0.0
outer loop
vertex 5.791191519414769 32.4 -17.481336644945426
vertex 5.960649212820786 32.4 -14.657733689975638
vertex 5.960649212820786 32.4 -17.342266310024364
endloop
endfacet
facet normal -0.0 1.0 0.0
outer loop
vertex 5.960649212820786 32.4 -17.342266310024364
vertex 6.1388397193843325 32.4 -14.785423201213526
vertex 6.1388397193843325 32.4 -17.214576798786474
endloop
endfacet
facet normal 0.0 -1.0 0.0
outer loop
vertex 4.2 24.8 -23.8
vertex 7.196401336742096 24.8 -22.367325323737763
vertex 7.043291419087275 24.8 -22.30969883127822
endloop
endfacet
facet normal 0.0 -1.0 0.0
outer loop
vertex 4.2 24.8 -23.8
vertex 7.352952387243699 24.8 -22.414814565722672
vertex 7.196401336742096 24.8 -22.367325323737763
endloop
endfacet
facet normal 0.0 -1.0 0.0
outer loop
vertex 4.2 24.8 -23.8
vertex 11.8 24.8 -23.8
vertex 7.352952387243699 24.8 -22.414814565722672
endloop
endfacet
facet normal 0.0 0.0 -0.9999999999999999
outer loop
vertex 4.2 24.8 -23.8
vertex 4.2 32.4 -23.8
vertex 11.8 24.8 -23.8
endloop
endfacet
facet normal -0.0 1.0 0.0
outer loop
vertex 4.2 32.4 -23.8
vertex 7.132956198906555 32.4 -23.23585151806838
vertex 7.34644742124597 32.4 -23.28563068935082
endloop
endfacet
facet normal -0.0 0.9999999999999999 0.0
outer loop
vertex 4.2 32.4 -23.8
vertex 7.34644742124597 32.4 -23.28563068935082
vertex 7.562737256062827 32.4 -23.321340285602265
endloop
endfacet
facet normal -0.0 1.0 0.0
outer loop
vertex 4.2 32.4 -23.8
vertex 7.562737256062827 32.4 -23.321340285602265
vertex 11.8 32.4 -23.8
endloop
endfacet
facet normal -0.0 1.0 0.0
outer loop
vertex 6.1388397193843325 32.4 -17.214576798786474
vertex 6.325 32.4 -14.90118510267787
vertex 6.325 32.4 -17.09881489732213
endloop
endfacet
facet normal 0.0 1.0 -0.0
outer loop
vertex 6.518332887766346 32.4 -16.995476315865496
vertex 6.325 32.4 -17.09881489732213
vertex 6.518332887766346 32.4 -15.004523684134506
endloop
endfacet
facet normal -0.0 1.0 0.0
outer loop
vertex 6.518332887766346 32.4 -16.995476315865496
vertex 6.718010501576949 32.4 -15.094996433912812
vertex 6.718010501576949 32.4 -16.90500356608719
endloop
endfacet
facet normal -0.0 1.0 0.0
outer loop
vertex 6.718010501576949 32.4 -16.90500356608719
vertex 6.923177791234409 32.4 -15.172215933808605
vertex 6.923177791234409 32.4 -16.827784066191395
endloop
endfacet
facet normal -0.0 1.0 0.0
outer loop
vertex 6.923177791234409 32.4 -16.827784066191395
vertex 7.132956198906555 32.4 -15.23585151806838
vertex 7.132956198906555 32.4 -16.76414848193162
endloop
endfacet
facet normal -0.0 1.0 0.0
outer loop
vertex 7.132956198906555 32.4 -16.76414848193162
vertex 7.34644742124597 32.4 -15.285630689350821
vertex 7.34644742124597 32.4 -16.71436931064918
endloop
endfacet
facet normal -0.0 1.0 0.0
outer loop
vertex 7.34644742124597 32.4 -16.71436931064918
vertex 7.562737256062827 32.4 -15.321340285602265
vertex 7.562737256062827 32.4 -16.678659714397735
endloop
endfacet
facet normal -0.0 1.0 0.0
outer loop
vertex 7.562737256062827 32.4 -16.678659714397735
vertex 8.437262743937172 32.4 -15.321340285602265
vertex 7.780899517079021 32.4 -16.657172607150677
endloop
endfacet
facet normal 0.0 -0.9999999999999999 0.0
outer loop
vertex 4.2 24.8 -12.8
vertex 5.631583033697531 24.8 -12.8
vertex 5.58518543427733 24.8 -12.647047612756301
endloop
endfacet
facet normal 0.0 -1.0 0.0
outer loop
vertex 4.2 24.8 -12.8
vertex 5.58518543427733 24.8 -12.647047612756301
vertex 5.548036798991924 24.8 -12.48772580504032
endloop
endfacet
facet normal 0.0 -1.0 0.0
outer loop
vertex 4.2 24.8 -12.8
vertex 5.548036798991924 24.8 -12.48772580504032
vertex 5.521387846565474 24.8 -12.326315480550129
endloop
endfacet
facet normal 0.0 -0.9999999999999999 0.0
outer loop
vertex 4.2 24.8 -12.8
vertex 5.521387846565474 24.8 -12.326315480550129
vertex 5.505352691903491 24.8 -12.163507823075358
endloop
endfacet
facet normal 0.0 -1.0 0.0
outer loop
vertex 4.2 24.8 -12.8
vertex 5.505352691903491 24.8 -12.163507823075358
vertex 5.5 24.8 -12.0
endloop
endfacet
facet normal 0.0 -1.0 0.0
outer loop
vertex 4.2 24.8 -12.8
vertex 5.5 24.8 -12.0
vertex 5.505352691903491 24.8 -11.836492176924642
endloop
endfacet
facet normal 0.0 -1.0 0.0
outer loop
vertex 4.2 24.8 -12.8
vertex 5.505352691903491 24.8 -11.836492176924642
vertex 4.2 24.8 -8.2
endloop
endfacet
facet normal 0.0 -1.0 0.0
outer loop
vertex 4.2 24.8 -8.2
vertex 5.505352691903491 24.8 -11.836492176924642
vertex 5.521387846565474 24.8 -11.673684519449871
endloop
endfacet
facet normal 0.0 -1.0 0.0
outer loop
vertex 4.2 24.8 -8.2
vertex 5.521387846565474 24.8 -11.673684519449871
vertex 5.548036798991924 24.8 -11.51227419495968
endloop
endfacet
facet normal 0.0 -1.0 0.0
outer loop
vertex 4.2 24.8 -8.2
vertex 5.548036798991924 24.8 -11.51227419495968
vertex 5.58518543427733 24.8 -11.352952387243699
endloop
endfacet
facet normal 0.0 -0.9999999999999999 0.0
outer loop
vertex 4.2 24.8 -8.2
vertex 5.58518543427733 24.8 -11.352952387243699
vertex 5.632674676262235 24.8 -11.196401336742095
endloop
endfacet
facet normal 0.0 -1.0 0.0
outer loop
vertex 4.2 24.8 -8.2
vertex 5.632674676262235 24.8 -11.196401336742095
vertex 5.690301168721783 24.8 -11.043291419087275
endloop
endfacet
facet normal 0.0 -1.0 0.0
outer loop
vertex 4.2 24.8 -8.2
vertex 5.690301168721783 24.8 -11.043291419087275
vertex 5.75781814616828 24.8 -10.894278274452496
endloop
endfacet
facet normal 0.0 -0.9999999999999999 0.0
outer loop
vertex 4.2 24.8 -8.2
vertex 5.75781814616828 24.8 -10.894278274452496
vertex 5.834936490538903 24.8 -10.75
endloop
endfacet
facet normal 0.0 -1.0 0.0
outer loop
vertex 4.2 24.8 -8.2
vertex 5.834936490538903 24.8 -10.75
vertex 5.921325969243637 24.8 -10.611074417450995
endloop
endfacet
facet normal 0.0 -1.0 0.0
outer loop
vertex 4.2 24.8 -8.2
vertex 5.921325969243637 24.8 -10.611074417450995
vertex 6.016616649271912 24.8 -10.4780964274782
endloop
endfacet
facet normal 0.0 -1.0 0.0
outer loop
vertex 4.2 24.8 -8.2
vertex 6.016616649271912 24.8 -10.4780964274782
vertex 6.120400481302557 24.8 -10.351635462249828
endloop
endfacet
facet normal 0.0 -1.0 0.0
outer loop
vertex 4.2 24.8 -8.2
vertex 6.120400481302557 24.8 -10.351635462249828
vertex 6.232233047033631 24.8 -10.232233047033631
endloop
endfacet
facet normal 0.0 -1.0 0.0
outer loop
vertex 4.2 24.8 -8.2
vertex 6.232233047033631 24.8 -10.232233047033631
vertex 6.351635462249828 24.8 -10.120400481302557
endloop
endfacet
facet normal 0.0 -1.0 0.0
outer loop
vertex 4.2 24.8 -8.2
vertex 6.351635462249828 24.8 -10.120400481302557
vertex 6.4780964274781985 24.8 -10.016616649271912
endloop
endfacet
facet normal 0.0 -0.9999999999999999 0.0
outer loop
vertex 4.2 24.8 -8.2
vertex 6.4780964274781985 24.8 -10.016616649271912
vertex 6.611074417450995 24.8 -9.921325969243636
endloop
endfacet
facet normal 0.0 -1.0 0.0
outer loop
vertex 4.2 24.8 -8.2
vertex 6.611074417450995 24.8 -9.921325969243636
vertex 6.75 24.8 -9.834936490538903
endloop
endfacet
facet normal 0.0 -1.0 0.0
outer loop
vertex 4.2 24.8 -8.2
vertex 6.75 24.8 -9.834936490538903
vertex 6.894278274452496 24.8 -9.75781814616828
endloop
endfacet
facet normal 0.0 -1.0 0.0
outer loop
vertex 4.2 24.8 -8.2
vertex 6.894278274452496 24.8 -9.75781814616828
vertex 7.043291419087275 24.8 -9.690301168721783
endloop
endfacet
facet normal 0.0 1.0 0.0
outer loop
vertex 4.2 32.4 -8.2
vertex 4.657172607150678 32.4 -19.78089951707902
vertex 4.65 32.4 -20.0
endloop
endfacet
facet normal 0.0 1.0 0.0
outer loop
vertex 4.2 32.4 -8.2
vertex 4.678659714397735 32.4 -19.562737256062828
vertex 4.657172607150678 32.4 -19.78089951707902
endloop
endfacet
facet normal 0.0 1.0 0.0
outer loop
vertex 4.2 32.4 -8.2
vertex 4.714369310649178 32.4 -19.34644742124597
vertex 4.678659714397735 32.4 -19.562737256062828
endloop
endfacet
facet normal -0.0 1.0 0.0
outer loop
vertex 4.76414848193162 32.4 -19.132956198906555
vertex 4.76414848193162 32.4 -12.867043801093445
vertex 4.827784066191396 32.4 -13.076822208765591
endloop
endfacet
facet normal -0.0 1.0 0.0
outer loop
vertex 4.827784066191396 32.4 -18.92317779123441
vertex 4.827784066191396 32.4 -13.076822208765591
vertex 4.905003566087189 32.4 -13.281989498423052
endloop
endfacet
facet normal -0.0 1.0 0.0
outer loop
vertex 4.905003566087189 32.4 -18.71801050157695
vertex 4.905003566087189 32.4 -13.281989498423052
vertex 4.995476315865494 32.4 -13.481667112233655
endloop
endfacet
facet normal -0.0 1.0 0.0
outer loop
vertex 4.995476315865494 32.4 -18.518332887766345
vertex 4.995476315865494 32.4 -13.481667112233655
vertex 5.09881489732213 32.4 -13.675
endloop
endfacet
facet normal -0.0 1.0 0.0
outer loop
vertex 5.09881489732213 32.4 -18.325
vertex 5.09881489732213 32.4 -13.675
vertex 5.2145767987864735 32.4 -13.861160280615668
endloop
endfacet
facet normal -0.0 1.0 0.0
outer loop
vertex 4.714369310649178 32.4 -19.34644742124597
vertex 4.714369310649178 32.4 -12.653552578754029
vertex 4.76414848193162 32.4 -12.867043801093445
endloop
endfacet
facet normal -0.0 1.0 -0.0
outer loop
vertex 4.714369310649178 32.4 -19.34644742124597
vertex 4.678659714397735 32.4 -12.437262743937172
vertex 4.714369310649178 32.4 -12.653552578754029
endloop
endfacet
facet normal -1.0 0.0 0.0
outer loop
vertex 4.2 28.6 -19.2
vertex 4.2 28.6 -12.8
vertex 4.2 32.4 -8.2
endloop
endfacet
facet normal 0.0 1.0 0.0
outer loop
vertex 4.2 32.4 -8.2
vertex 4.678659714397735 32.4 -12.437262743937172
vertex 4.714369310649178 32.4 -19.34644742124597
endloop
endfacet
facet normal -0.0 1.0 0.0
outer loop
vertex 5.2145767987864735 32.4 -18.138839719384332
vertex 5.2145767987864735 32.4 -13.861160280615668
vertex 5.342266310024362 32.4 -14.039350787179213
endloop
endfacet
facet normal -0.0 1.0 0.0
outer loop
vertex 5.342266310024362 32.4 -17.960649212820787
vertex 5.342266310024362 32.4 -14.039350787179213
vertex 5.481336644945426 32.4 -14.20880848058523
endloop
endfacet
facet normal -0.0 1.0 0.0
outer loop
vertex 5.481336644945426 32.4 -17.79119151941477
vertex 5.481336644945426 32.4 -14.20880848058523
vertex 5.631192283025066 32.4 -14.368807716974935
endloop
endfacet
facet normal -0.0 1.0 0.0
outer loop
vertex 5.791191519414769 32.4 -17.481336644945426
vertex 5.791191519414769 32.4 -14.518663355054574
vertex 5.960649212820786 32.4 -14.657733689975638
endloop
endfacet
facet normal -0.0 1.0 0.0
outer loop
vertex 5.631192283025066 32.4 -17.631192283025065
vertex 5.631192283025066 32.4 -14.368807716974935
vertex 5.791191519414769 32.4 -14.518663355054574
endloop
endfacet
facet normal -0.0 1.0 0.0
outer loop
vertex 5.960649212820786 32.4 -17.342266310024364
vertex 5.960649212820786 32.4 -14.657733689975638
vertex 6.1388397193843325 32.4 -14.785423201213526
endloop
endfacet
facet normal -1.0 0.0 0.0
outer loop
vertex 4.2 24.8 -12.8
vertex 4.2 24.8 -8.2
vertex 4.2 28.6 -12.8
endloop
endfacet
facet normal -1.0 0.0 -0.0
outer loop
vertex 4.2 24.8 -8.2
vertex 4.2 32.4 -8.2
vertex 4.2 28.6 -12.8
endloop
endfacet
facet normal 0.0 1.0 0.0
outer loop
vertex 4.2 32.4 -8.2
vertex 4.657172607150678 32.4 -12.219100482920979
vertex 4.678659714397735 32.4 -12.437262743937172
endloop
endfacet
facet normal 0.0 1.0 0.0
outer loop
vertex 4.2 32.4 -8.2
vertex 4.65 32.4 -12.0
vertex 4.657172607150678 32.4 -12.219100482920979
endloop
endfacet
facet normal 0.0 1.0 0.0
outer loop
vertex 4.2 32.4 -8.2
vertex 4.657172607150678 32.4 -11.780899517079021
vertex 4.65 32.4 -12.0
endloop
endfacet
facet normal 0.0 1.0 0.0
outer loop
vertex 4.2 32.4 -8.2
vertex 4.678659714397735 32.4 -11.562737256062828
vertex 4.657172607150678 32.4 -11.780899517079021
endloop
endfacet
facet normal 0.0 0.9999999999999999 0.0
outer loop
vertex 4.2 32.4 -8.2
vertex 4.714369310649178 32.4 -11.346447421245971
vertex 4.678659714397735 32.4 -11.562737256062828
endloop
endfacet
facet normal 0.0 1.0 0.0
outer loop
vertex 4.2 32.4 -8.2
vertex 4.76414848193162 32.4 -11.132956198906555
vertex 4.714369310649178 32.4 -11.346447421245971
endloop
endfacet
facet normal 0.0 1.0 0.0
outer loop
vertex 4.2 32.4 -8.2
vertex 4.827784066191396 32.4 -10.923177791234409
vertex 4.76414848193162 32.4 -11.132956198906555
endloop
endfacet
facet normal 0.0 1.0 0.0
outer loop
vertex 4.2 32.4 -8.2
vertex 4.905003566087189 32.4 -10.718010501576948
vertex 4.827784066191396 32.4 -10.923177791234409
endloop
endfacet
facet normal 0.0 1.0 0.0
outer loop
vertex 4.2 32.4 -8.2
vertex 4.995476315865494 32.4 -10.518332887766345
vertex 4.905003566087189 32.4 -10.718010501576948
endloop
endfacet
facet normal 0.0 1.0 0.0
outer loop
vertex 4.2 32.4 -8.2
vertex 5.09881489732213 32.4 -10.325
vertex 4.995476315865494 32.4 -10.518332887766345
endloop
endfacet
facet normal 0.0 1.0 0.0
outer loop
vertex 4.2 32.4 -8.2
vertex 5.2145767987864735 32.4 -10.138839719384332
vertex 5.09881489732213 32.4 -10.325
endloop
endfacet
facet normal 0.0 1.0 0.0
outer loop
vertex 4.2 32.4 -8.2
vertex 5.342266310024362 32.4 -9.960649212820787
vertex 5.2145767987864735 32.4 -10.138839719384332
endloop
endfacet
facet normal 0.0 1.0 0.0
outer loop
vertex 4.2 32.4 -8.2
vertex 5.481336644945426 32.4 -9.79119151941477
vertex 5.342266310024362 32.4 -9.960649212820787
endloop
endfacet
facet normal 0.0 1.0 0.0
outer loop
vertex 4.2 32.4 -8.2
vertex 5.631192283025066 32.4 -9.631192283025065
vertex 5.481336644945426 32.4 -9.79119151941477
endloop
endfacet
facet normal 0.0 0.9999999999999999 0.0
outer loop
vertex 4.2 32.4 -8.2
vertex 5.791191519414769 32.4 -9.481336644945426
vertex 5.631192283025066 32.4 -9.631192283025065
endloop
endfacet
facet normal 0.0 0.9999999999999999 0.0
outer loop
vertex 4.2 32.4 -8.2
vertex 5.960649212820786 32.4 -9.342266310024362
vertex 5.791191519414769 32.4 -9.481336644945426
endloop
endfacet
facet normal 0.0 0.9999999999999999 0.0
outer loop
vertex 4.2 32.4 -8.2
vertex 6.1388397193843325 32.4 -9.214576798786474
vertex 5.960649212820786 32.4 -9.342266310024362
endloop
endfacet
facet normal 0.0 1.0 0.0
outer loop
vertex 4.2 32.4 -8.2
vertex 6.325 32.4 -9.09881489732213
vertex 6.1388397193843325 32.4 -9.214576798786474
endloop
endfacet
facet normal 0.0 1.0 0.0
outer loop
vertex 4.2 32.4 -8.2
vertex 6.518332887766346 32.4 -8.995476315865494
vertex 6.325 32.4 -9.09881489732213
endloop
endfacet
facet normal 0.0 0.9999999999999999 0.0
outer loop
vertex 4.2 32.4 -8.2
vertex 6.718010501576949 32.4 -8.905003566087188
vertex 6.518332887766346 32.4 -8.995476315865494
endloop
endfacet
facet normal 0.0 1.0 0.0
outer loop
vertex 4.2 32.4 -8.2
vertex 6.923177791234409 32.4 -8.827784066191395
vertex 6.718010501576949 32.4 -8.905003566087188
endloop
endfacet
facet normal 0.0 1.0 0.0
outer loop
vertex 4.2 32.4 -8.2
vertex 7.132956198906555 32.4 -8.76414848193162
vertex 6.923177791234409 32.4 -8.827784066191395
endloop
endfacet
facet normal 0.0 -1.0 0.0
outer loop
vertex 4.2 24.8 -8.2
vertex 7.043291419087275 24.8 -9.690301168721783
vertex 7.196401336742096 24.8 -9.632674676262235
endloop
endfacet
facet normal 0.0 -1.0 0.0
outer loop
vertex 4.2 24.8 -8.2
vertex 7.196401336742096 24.8 -9.632674676262235
vertex 7.352952387243699 24.8 -9.58518543427733
endloop
endfacet
facet normal 0.0 -1.0 0.0
outer loop
vertex 4.2 24.8 -8.2
vertex 7.352952387243699 24.8 -9.58518543427733
vertex 7.512274194959679 24.8 -9.548036798991923
endloop
endfacet
facet normal 0.0 -1.0 0.0
outer loop
vertex 4.2 24.8 -8.2
vertex 7.512274194959679 24.8 -9.548036798991923
vertex 7.673684519449871 24.8 -9.521387846565474
endloop
endfacet
facet normal 0.0 -1.0 0.0
outer loop
vertex 4.2 24.8 -8.2
vertex 7.673684519449871 24.8 -9.521387846565474
vertex 7.836492176924643 24.8 -9.505352691903491
endloop
endfacet
facet normal 0.0 -1.0 0.0
outer loop
vertex 4.2 24.8 -8.2
vertex 7.836492176924643 24.8 -9.505352691903491
vertex 8.0 24.8 -9.5
endloop
endfacet
facet normal 0.0 -1.0 0.0
outer loop
vertex 4.2 24.8 -8.2
vertex 8.0 24.8 -9.5
vertex 8.163507823075358 24.8 -9.505352691903491
endloop
endfacet
facet normal 0.0 -1.0 0.0
outer loop
vertex 4.2 24.8 -8.2
vertex 8.163507823075358 24.8 -9.505352691903491
vertex 8.326315480550129 24.8 -9.521387846565474
endloop
endfacet
facet normal 0.0 -1.0 0.0
outer loop
vertex 4.2 24.8 -8.2
vertex 8.326315480550129 24.8 -9.521387846565474
vertex 8.48772580504032 24.8 -9.548036798991923
endloop
endfacet
facet normal 0.0 -1.0 0.0
outer loop
vertex 4.2 24.8 -8.2
vertex 8.48772580504032 24.8 -9.548036798991923
vertex 8.647047612756301 24.8 -9.58518543427733
endloop
endfacet
facet normal -0.0 1.0 0.0
outer loop
vertex 6.1388397193843325 32.4 -17.214576798786474
vertex 6.1388397193843325 32.4 -14.785423201213526
vertex 6.325 32.4 -14.90118510267787
endloop
endfacet
facet normal -0.0 1.0 0.0
outer loop
vertex 6.325 32.4 -17.09881489732213
vertex 6.325 32.4 -14.90118510267787
vertex 6.518332887766346 32.4 -15.004523684134506
endloop
endfacet
facet normal -0.0 1.0 0.0
outer loop
vertex 6.518332887766346 32.4 -16.995476315865496
vertex 6.518332887766346 32.4 -15.004523684134506
vertex 6.718010501576949 32.4 -15.094996433912812
endloop
endfacet
facet normal -0.0 1.0 0.0
outer loop
vertex 6.718010501576949 32.4 -16.90500356608719
vertex 6.718010501576949 32.4 -15.094996433912812
vertex 6.923177791234409 32.4 -15.172215933808605
endloop
endfacet
facet normal -0.0 0.9999999999999999 0.0
outer loop
vertex 6.923177791234409 32.4 -16.827784066191395
vertex 6.923177791234409 32.4 -15.172215933808605
vertex 7.132956198906555 32.4 -15.23585151806838
endloop
endfacet
facet normal -0.0 1.0 0.0
outer loop
vertex 7.132956198906555 32.4 -16.76414848193162
vertex 7.132956198906555 32.4 -15.23585151806838
vertex 7.34644742124597 32.4 -15.285630689350821
endloop
endfacet
facet normal -0.0 1.0 0.0
outer loop
vertex 7.34644742124597 32.4 -16.71436931064918
vertex 7.34644742124597 32.4 -15.285630689350821
vertex 7.562737256062827 32.4 -15.321340285602265
endloop
endfacet
facet normal -0.0 1.0 0.0
outer loop
vertex 7.562737256062827 32.4 -16.678659714397735
vertex 7.562737256062827 32.4 -15.321340285602265
vertex 7.780899517079021 32.4 -15.342827392849323
endloop
endfacet
facet normal -0.0 1.0 0.0
outer loop
vertex 7.562737256062827 32.4 -16.678659714397735
vertex 7.780899517079021 32.4 -15.342827392849323
vertex 8.0 32.4 -15.35
endloop
endfacet
facet normal 0.0 1.0 0.0
outer loop
vertex 7.562737256062827 32.4 -16.678659714397735
vertex 8.0 32.4 -15.35
vertex 8.219100482920979 32.4 -15.342827392849323
endloop
endfacet
facet normal 0.0 -0.0 0.9999999999999999
outer loop
vertex 4.2 24.8 -8.2
vertex 11.8 24.8 -8.2
vertex 4.2 32.4 -8.2
endloop
endfacet
facet normal 0.0 1.0 0.0
outer loop
vertex 4.2 32.4 -8.2
vertex 7.34644742124597 32.4 -8.714369310649179
vertex 7.132956198906555 32.4 -8.76414848193162
endloop
endfacet
facet normal 0.0 0.9999999999999999 0.0
outer loop
vertex 4.2 32.4 -8.2
vertex 7.562737256062827 32.4 -8.678659714397735
vertex 7.34644742124597 32.4 -8.714369310649179
endloop
endfacet
facet normal 0.0 1.0 0.0
outer loop
vertex 4.2 32.4 -8.2
vertex 7.780899517079021 32.4 -8.657172607150677
vertex 7.562737256062827 32.4 -8.678659714397735
endloop
endfacet
facet normal 0.0 1.0 0.0
outer loop
vertex 4.2 32.4 -8.2
vertex 8.0 32.4 -8.65
vertex 7.780899517079021 32.4 -8.657172607150677
endloop
endfacet
facet normal 0.0 1.0 0.0
outer loop
vertex 4.2 32.4 -8.2
vertex 8.219100482920979 32.4 -8.657172607150677
vertex 8.0 32.4 -8.65
endloop
endfacet
facet normal 0.0 0.9999999999999999 0.0
outer loop
vertex 4.2 32.4 -8.2
vertex 8.437262743937172 32.4 -8.678659714397735
vertex 8.219100482920979 32.4 -8.657172607150677
endloop
endfacet
facet normal 0.0 -1.0 0.0
outer loop
vertex 11.8 24.8 -23.8
vertex 7.512274194959679 24.8 -22.451963201008077
vertex 7.352952387243699 24.8 -22.414814565722672
endloop
endfacet
facet normal 0.0 -1.0 0.0
outer loop
vertex 11.8 24.8 -23.8
vertex 7.673684519449871 24.8 -22.478612153434526
vertex 7.512274194959679 24.8 -22.451963201008077
endloop
endfacet
facet normal 0.0 -1.0 0.0
outer loop
vertex 11.8 24.8 -23.8
vertex 7.836492176924643 24.8 -22.49464730809651
vertex 7.673684519449871 24.8 -22.478612153434526
endloop
endfacet
facet normal 0.0 -1.0 0.0
outer loop
vertex 11.8 24.8 -23.8
vertex 8.0 24.8 -22.5
vertex 7.836492176924643 24.8 -22.49464730809651
endloop
endfacet
facet normal -0.0 -1.0 0.0
outer loop
vertex 11.8 24.8 -23.8
vertex 8.163507823075358 24.8 -22.49464730809651
vertex 8.0 24.8 -22.5
endloop
endfacet
facet normal -0.0 -1.0 0.0
outer loop
vertex 11.8 24.8 -23.8
vertex 8.326315480550129 24.8 -22.478612153434526
vertex 8.163507823075358 24.8 -22.49464730809651
endloop
endfacet
facet normal -0.0 -1.0 0.0
outer loop
vertex 11.8 24.8 -23.8
vertex 8.48772580504032 24.8 -22.451963201008077
vertex 8.326315480550129 24.8 -22.478612153434526
endloop
endfacet
facet normal -0.0 -0.9999999999999999 0.0
outer loop
vertex 11.8 24.8 -23.8
vertex 8.647047612756301 24.8 -22.414814565722672
vertex 8.48772580504032 24.8 -22.451963201008077
endloop
endfacet
facet normal -0.0 -1.0 0.0
outer loop
vertex 11.8 24.8 -23.8
vertex 8.803598663257905 24.8 -22.367325323737763
vertex 8.647047612756301 24.8 -22.414814565722672
endloop
endfacet
facet normal -0.0 -1.0 0.0
outer loop
vertex 11.8 24.8 -23.8
vertex 8.956708580912725 24.8 -22.30969883127822
vertex 8.803598663257905 24.8 -22.367325323737763
endloop
endfacet
facet normal 0.0 0.0 -0.9999999999999999
outer loop
vertex 4.2 32.4 -23.8
vertex 11.8 32.4 -23.8
vertex 11.8 24.8 -23.8
endloop
endfacet
facet normal -0.0 1.0 -0.0
outer loop
vertex 11.8 32.4 -23.8
vertex 7.562737256062827 32.4 -23.321340285602265
vertex 7.780899517079021 32.4 -23.342827392849323
endloop
endfacet
facet normal -0.0 1.0 -0.0
outer loop
vertex 11.8 32.4 -23.8
vertex 7.780899517079021 32.4 -23.342827392849323
vertex 8.0 32.4 -23.35
endloop
endfacet
facet normal 0.0 1.0 -0.0
outer loop
vertex 11.8 32.4 -23.8
vertex 8.0 32.4 -23.35
vertex 8.219100482920979 32.4 -23.342827392849323
endloop
endfacet
facet normal 0.0 1.0 -0.0
outer loop
vertex 11.8 32.4 -23.8
vertex 8.219100482920979 32.4 -23.342827392849323
vertex 8.437262743937172 32.4 -23.321340285602265
endloop
endfacet
facet normal 0.0 1.0 -0.0
outer loop
vertex 11.8 32.4 -23.8
vertex 8.437262743937172 32.4 -23.321340285602265
vertex 8.653552578754029 32.4 -23.28563068935082
endloop
endfacet
facet normal 0.0 1.0 -0.0
outer loop
vertex 11.8 32.4 -23.8
vertex 8.653552578754029 32.4 -23.28563068935082
vertex 8.867043801093445 32.4 -23.23585151806838
endloop
endfacet
facet normal 0.0 1.0 0.0
outer loop
vertex 8.437262743937172 32.4 -15.321340285602265
vertex 8.0 32.4 -16.65
vertex 7.780899517079021 32.4 -16.657172607150677
endloop
endfacet
facet normal 0.0 1.0 0.0
outer loop
vertex 8.437262743937172 32.4 -15.321340285602265
vertex 8.219100482920979 32.4 -16.657172607150677
vertex 8.0 32.4 -16.65
endloop
endfacet
facet normal 0.0 1.0 0.0
outer loop
vertex 8.437262743937172 32.4 -15.321340285602265
vertex 8.437262743937172 32.4 -16.678659714397735
vertex 8.219100482920979 32.4 -16.657172607150677
endloop
endfacet
facet normal -0.0 1.0 0.0
outer loop
vertex 8.437262743937172 32.4 -16.678659714397735
vertex 8.653552578754029 32.4 -15.285630689350821
vertex 8.653552578754029 32.4 -16.71436931064918
endloop
endfacet
facet normal -0.0 1.0 0.0
outer loop
vertex 8.653552578754029 32.4 -16.71436931064918
vertex 8.867043801093445 32.4 -15.23585151806838
vertex 8.867043801093445 32.4 -16.76414848193162
endloop
endfacet
facet normal -0.0 0.9999999999999999 0.0
outer loop
vertex 8.867043801093445 32.4 -16.76414848193162
vertex 9.076822208765591 32.4 -15.172215933808605
vertex 9.076822208765591 32.4 -16.827784066191395
endloop
endfacet
facet normal -0.0 0.9999999999999999 0.0
outer loop
vertex 9.076822208765591 32.4 -16.827784066191395
vertex 9.281989498423052 32.4 -15.094996433912812
vertex 9.281989498423052 32.4 -16.90500356608719
endloop
endfacet
facet normal -0.0 1.0 0.0
outer loop
vertex 9.281989498423052 32.4 -16.90500356608719
vertex 9.481667112233655 32.4 -15.004523684134506
vertex 9.481667112233655 32.4 -16.995476315865496
endloop
endfacet
facet normal 0.0 1.0 -0.0
outer loop
vertex 9.675 32.4 -17.09881489732213
vertex 9.481667112233655 32.4 -16.995476315865496
vertex 9.675 32.4 -14.90118510267787
endloop
endfacet
facet normal -0.0 1.0 0.0
outer loop
vertex 9.675 32.4 -17.09881489732213
vertex 9.861160280615668 32.4 -14.785423201213526
vertex 9.861160280615668 32.4 -17.214576798786474
endloop
endfacet
facet normal -0.0 -1.0 0.0
outer loop
vertex 11.8 24.8 -23.8
vertex 9.105721725547504 24.8 -22.24218185383172
vertex 8.956708580912725 24.8 -22.30969883127822
endloop
endfacet
facet normal -0.0 -1.0 0.0
outer loop
vertex 11.8 24.8 -23.8
vertex 9.25 24.8 -22.165063509461095
vertex 9.105721725547504 24.8 -22.24218185383172
endloop
endfacet
facet normal -0.0 -1.0 0.0
outer loop
vertex 11.8 24.8 -23.8
vertex 9.388925582549005 24.8 -22.078674030756364
vertex 9.25 24.8 -22.165063509461095
endloop
endfacet
facet normal -0.0 -1.0 0.0
outer loop
vertex 11.8 24.8 -23.8
vertex 9.5219035725218 24.8 -21.983383350728086
vertex 9.388925582549005 24.8 -22.078674030756364
endloop
endfacet
facet normal -0.0 -1.0 0.0
outer loop
vertex 11.8 24.8 -23.8
vertex 9.648364537750172 24.8 -21.879599518697443
vertex 9.5219035725218 24.8 -21.983383350728086
endloop
endfacet
facet normal -0.0 -0.9999999999999999 0.0
outer loop
vertex 11.8 24.8 -23.8
vertex 9.767766952966369 24.8 -21.76776695296637
vertex 9.648364537750172 24.8 -21.879599518697443
endloop
endfacet
facet normal -0.0 -0.9999999999999999 0.0
outer loop
vertex 11.8 24.8 -23.8
vertex 9.879599518697443 24.8 -21.648364537750172
vertex 9.767766952966369 24.8 -21.76776695296637
endloop
endfacet
facet normal -0.0 -1.0 0.0
outer loop
vertex 11.8 24.8 -23.8
vertex 9.983383350728088 24.8 -21.5219035725218
vertex 9.879599518697443 24.8 -21.648364537750172
endloop
endfacet
facet normal -0.0 -0.9999999999999999 0.0
outer loop
vertex 11.8 24.8 -23.8
vertex 10.078674030756364 24.8 -21.388925582549007
vertex 9.983383350728088 24.8 -21.5219035725218
endloop
endfacet
facet normal -0.0 -1.0 0.0
outer loop
vertex 11.8 24.8 -23.8
vertex 10.165063509461097 24.8 -21.25
vertex 10.078674030756364 24.8 -21.388925582549007
endloop
endfacet
facet normal -0.0 -0.9999999999999999 0.0
outer loop
vertex 11.8 24.8 -23.8
vertex 10.24218185383172 24.8 -21.105721725547504
vertex 10.165063509461097 24.8 -21.25
endloop
endfacet
facet normal -0.0 -1.0 0.0
outer loop
vertex 11.8 24.8 -23.8
vertex 10.309698831278217 24.8 -20.956708580912725
vertex 10.24218185383172 24.8 -21.105721725547504
endloop
endfacet
facet normal -0.0 -0.9999999999999999 0.0
outer loop
vertex 11.8 24.8 -23.8
vertex 10.367325323737765 24.8 -20.803598663257905
vertex 10.309698831278217 24.8 -20.956708580912725
endloop
endfacet
facet normal -0.0 -1.0 0.0
outer loop
vertex 11.8 24.8 -23.8
vertex 10.41481456572267 24.8 -20.647047612756303
vertex 10.367325323737765 24.8 -20.803598663257905
endloop
endfacet
facet normal -0.0 -1.0 0.0
outer loop
vertex 11.8 24.8 -23.8
vertex 10.451963201008077 24.8 -20.48772580504032
vertex 10.41481456572267 24.8 -20.647047612756303
endloop
endfacet
facet normal -0.0 -1.0 0.0
outer loop
vertex 11.8 24.8 -23.8
vertex 10.478612153434526 24.8 -20.32631548055013
vertex 10.451963201008077 24.8 -20.48772580504032
endloop
endfacet
facet normal -0.0 -1.0 0.0
outer loop
vertex 11.8 24.8 -23.8
vertex 10.494647308096509 24.8 -20.163507823075356
vertex 10.478612153434526 24.8 -20.32631548055013
endloop
endfacet
facet normal -0.0 -1.0 0.0
outer loop
vertex 11.8 24.8 -23.8
vertex 11.8 24.8 -19.2
vertex 10.494647308096509 24.8 -20.163507823075356
endloop
endfacet
facet normal 0.0 -1.0 0.0
outer loop
vertex 11.8 24.8 -19.2
vertex 10.5 24.8 -20.0
vertex 10.494647308096509 24.8 -20.163507823075356
endloop
endfacet
facet normal 0.0 -0.9999999999999999 -0.0
outer loop
vertex 11.8 24.8 -19.2
vertex 10.494647308096509 24.8 -19.836492176924644
vertex 10.5 24.8 -20.0
endloop
endfacet
facet normal 0.0 -1.0 -0.0
outer loop
vertex 11.8 24.8 -19.2
vertex 10.478612153434526 24.8 -19.67368451944987
vertex 10.494647308096509 24.8 -19.836492176924644
endloop
endfacet
facet normal 0.0 -1.0 -0.0
outer loop
vertex 11.8 24.8 -19.2
vertex 10.451963201008077 24.8 -19.51227419495968
vertex 10.478612153434526 24.8 -19.67368451944987
endloop
endfacet
facet normal 0.0 -0.9999999999999999 -0.0
outer loop
vertex 11.8 24.8 -19.2
vertex 10.41481456572267 24.8 -19.352952387243697
vertex 10.451963201008077 24.8 -19.51227419495968
endloop
endfacet
facet normal -0.0 -0.9999999999999999 -0.0
outer loop
vertex 11.8 24.8 -19.2
vertex 10.368416966302469 24.8 -19.2
vertex 10.41481456572267 24.8 -19.352952387243697
endloop
endfacet
facet normal 0.0 1.0 -0.0
outer loop
vertex 11.8 32.4 -23.8
vertex 8.867043801093445 32.4 -23.23585151806838
vertex 9.076822208765591 32.4 -23.172215933808605
endloop
endfacet
facet normal 0.0 1.0 -0.0
outer loop
vertex 11.8 32.4 -23.8
vertex 9.076822208765591 32.4 -23.172215933808605
vertex 9.281989498423052 32.4 -23.09499643391281
endloop
endfacet
facet normal 0.0 1.0 -0.0
outer loop
vertex 11.8 32.4 -23.8
vertex 9.281989498423052 32.4 -23.09499643391281
vertex 9.481667112233655 32.4 -23.004523684134504
endloop
endfacet
facet normal 0.0 0.9999999999999999 -0.0
outer loop
vertex 11.8 32.4 -23.8
vertex 9.481667112233655 32.4 -23.004523684134504
vertex 9.675 32.4 -22.90118510267787
endloop
endfacet
facet normal 0.0 0.9999999999999999 -0.0
outer loop
vertex 11.8 32.4 -23.8
vertex 9.675 32.4 -22.90118510267787
vertex 9.861160280615668 32.4 -22.785423201213526
endloop
endfacet
facet normal 0.0 1.0 -0.0
outer loop
vertex 11.8 32.4 -23.8
vertex 9.861160280615668 32.4 -22.785423201213526
vertex 10.039350787179213 32.4 -22.657733689975636
endloop
endfacet
facet normal 0.0 1.0 -0.0
outer loop
vertex 11.8 32.4 -23.8
vertex 10.039350787179213 32.4 -22.657733689975636
vertex 10.20880848058523 32.4 -22.518663355054574
endloop
endfacet
facet normal 0.0 1.0 -0.0
outer loop
vertex 11.8 32.4 -23.8
vertex 10.20880848058523 32.4 -22.518663355054574
vertex 10.368807716974935 32.4 -22.368807716974935
endloop
endfacet
facet normal 1.0 0.0 -0.0
outer loop
vertex 11.8 24.8 -23.8
vertex 11.8 32.4 -23.8
vertex 11.8 24.8 -19.2
endloop
endfacet
facet normal 0.0 1.0 -0.0
outer loop
vertex 11.8 32.4 -23.8
vertex 10.368807716974935 32.4 -22.368807716974935
vertex 10.518663355054574 32.4 -22.20880848058523
endloop
endfacet
facet normal 0.0 1.0 -0.0
outer loop
vertex 11.8 32.4 -23.8
vertex 10.518663355054574 32.4 -22.20880848058523
vertex 10.657733689975638 32.4 -22.039350787179213
endloop
endfacet
facet normal 0.0 1.0 -0.0
outer loop
vertex 11.8 32.4 -23.8
vertex 10.657733689975638 32.4 -22.039350787179213
vertex 10.785423201213526 32.4 -21.861160280615668
endloop
endfacet
facet normal 0.0 1.0 -0.0
outer loop
vertex 11.8 32.4 -23.8
vertex 10.785423201213526 32.4 -21.861160280615668
vertex 10.90118510267787 32.4 -21.675
endloop
endfacet
facet normal 0.0 1.0 -0.0
outer loop
vertex 11.8 32.4 -23.8
vertex 10.90118510267787 32.4 -21.675
vertex 11.004523684134506 32.4 -21.481667112233655
endloop
endfacet
facet normal 0.0 0.9999999999999999 -0.0
outer loop
vertex 11.8 32.4 -23.8
vertex 11.004523684134506 32.4 -21.481667112233655
vertex 11.094996433912812 32.4 -21.28198949842305
endloop
endfacet
facet normal 0.0 1.0 -0.0
outer loop
vertex 11.8 32.4 -23.8
vertex 11.094996433912812 32.4 -21.28198949842305
vertex 11.172215933808605 32.4 -21.07682220876559
endloop
endfacet
facet normal 0.0 1.0 -0.0
outer loop
vertex 11.8 32.4 -23.8
vertex 11.172215933808605 32.4 -21.07682220876559
vertex 11.23585151806838 32.4 -20.867043801093445
endloop
endfacet
facet normal 0.0 1.0 -0.0
outer loop
vertex 11.8 32.4 -23.8
vertex 11.23585151806838 32.4 -20.867043801093445
vertex 11.285630689350821 32.4 -20.65355257875403
endloop
endfacet
facet normal 0.0 1.0 -0.0
outer loop
vertex 11.8 32.4 -23.8
vertex 11.285630689350821 32.4 -20.65355257875403
vertex 11.321340285602265 32.4 -20.437262743937172
endloop
endfacet
facet normal 0.0 1.0 -0.0
outer loop
vertex 11.8 32.4 -23.8
vertex 11.321340285602265 32.4 -20.437262743937172
vertex 11.342827392849323 32.4 -20.21910048292098
endloop
endfacet
facet normal 0.0 1.0 -0.0
outer loop
vertex 11.8 32.4 -23.8
vertex 11.342827392849323 32.4 -20.21910048292098
vertex 11.35 32.4 -20.0
endloop
endfacet
facet normal 0.0 1.0 0.0
outer loop
vertex 11.8 32.4 -23.8
vertex 11.35 32.4 -20.0
vertex 11.342827392849323 32.4 -19.78089951707902
endloop
endfacet
facet normal 0.0 1.0 0.0
outer loop
vertex 11.8 32.4 -23.8
vertex 11.342827392849323 32.4 -19.78089951707902
vertex 11.321340285602265 32.4 -19.562737256062828
endloop
endfacet
facet normal -0.0 0.9999999999999999 0.0
outer loop
vertex 9.861160280615668 32.4 -17.214576798786474
vertex 10.039350787179213 32.4 -14.657733689975638
vertex 10.039350787179213 32.4 -17.342266310024364
endloop
endfacet
facet normal 0.0 1.0 -0.0
outer loop
vertex 10.368807716974935 32.4 -17.631192283025065
vertex 10.20880848058523 32.4 -17.481336644945426
vertex 10.368807716974935 32.4 -14.368807716974935
endloop
endfacet
facet normal -0.0 1.0 0.0
outer loop
vertex 10.039350787179213 32.4 -17.342266310024364
vertex 10.20880848058523 32.4 -14.518663355054574
vertex 10.20880848058523 32.4 -17.481336644945426
endloop
endfacet
facet normal -0.0 1.0 0.0
outer loop
vertex 10.368807716974935 32.4 -17.631192283025065
vertex 10.518663355054574 32.4 -14.20880848058523
vertex 10.518663355054574 32.4 -17.79119151941477
endloop
endfacet
facet normal -0.0 1.0 0.0
outer loop
vertex 10.518663355054574 32.4 -17.79119151941477
vertex 10.657733689975638 32.4 -14.039350787179213
vertex 10.657733689975638 32.4 -17.960649212820787
endloop
endfacet
facet normal -0.0 1.0 0.0
outer loop
vertex 10.657733689975638 32.4 -17.960649212820787
vertex 10.785423201213526 32.4 -13.861160280615668
vertex 10.785423201213526 32.4 -18.138839719384332
endloop
endfacet
facet normal 1.0 -0.0 -0.0
outer loop
vertex 11.8 24.8 -19.2
vertex 11.8 32.4 -23.8
vertex 11.8 24.8 -12.8
endloop
endfacet
facet normal 0.0 1.0 0.0
outer loop
vertex 11.8 32.4 -23.8
vertex 11.321340285602265 32.4 -19.562737256062828
vertex 11.285630689350821 32.4 -12.653552578754029
endloop
endfacet
facet normal 0.0 1.0 -0.0
outer loop
vertex 11.321340285602265 32.4 -19.562737256062828
vertex 11.285630689350821 32.4 -19.34644742124597
vertex 11.285630689350821 32.4 -12.653552578754029
endloop
endfacet
facet normal 0.0 1.0 -0.0
outer loop
vertex 11.285630689350821 32.4 -19.34644742124597
vertex 11.23585151806838 32.4 -19.132956198906555
vertex 11.285630689350821 32.4 -12.653552578754029
endloop
endfacet
facet normal -0.0 1.0 0.0
outer loop
vertex 10.785423201213526 32.4 -18.138839719384332
vertex 10.90118510267787 32.4 -13.675
vertex 10.90118510267787 32.4 -18.325
endloop
endfacet
facet normal -0.0 1.0 0.0
outer loop
vertex 10.90118510267787 32.4 -18.325
vertex 11.004523684134506 32.4 -13.481667112233655
vertex 11.004523684134506 32.4 -18.518332887766345
endloop
endfacet
facet normal 0.0 1.0 -0.0
outer loop
vertex 11.094996433912812 32.4 -18.71801050157695
vertex 11.004523684134506 32.4 -18.518332887766345
vertex 11.094996433912812 32.4 -13.281989498423052
endloop
endfacet
facet normal -0.0 1.0 0.0
outer loop
vertex 11.094996433912812 32.4 -18.71801050157695
vertex 11.172215933808605 32.4 -13.076822208765591
vertex 11.172215933808605 32.4 -18.92317779123441
endloop
endfacet
facet normal -0.0 1.0 0.0
outer loop
vertex 11.172215933808605 32.4 -18.92317779123441
vertex 11.23585151806838 32.4 -12.867043801093445
vertex 11.23585151806838 32.4 -19.132956198906555
endloop
endfacet
facet normal 0.0 1.0 -0.0
outer loop
vertex 11.8 32.4 -23.8
vertex 11.285630689350821 32.4 -12.653552578754029
vertex 11.321340285602265 32.4 -12.437262743937172
endloop
endfacet
facet normal 0.0 1.0 -0.0
outer loop
vertex 11.8 32.4 -23.8
vertex 11.321340285602265 32.4 -12.437262743937172
vertex 11.342827392849323 32.4 -12.219100482920979
endloop
endfacet
facet normal 0.0 1.0 -0.0
outer loop
vertex 11.8 32.4 -23.8
vertex 11.342827392849323 32.4 -12.219100482920979
vertex 11.35 32.4 -12.0
endloop
endfacet
facet normal 0.0 -1.0 0.0
outer loop
vertex 4.2 24.8 -8.2
vertex 8.647047612756301 24.8 -9.58518543427733
vertex 11.8 24.8 -8.2
endloop
endfacet
facet normal 0.0 -1.0 -0.0
outer loop
vertex 11.8 24.8 -8.2
vertex 8.647047612756301 24.8 -9.58518543427733
vertex 8.803598663257905 24.8 -9.632674676262235
endloop
endfacet
facet normal 0.0 -0.9999999999999999 -0.0
outer loop
vertex 11.8 24.8 -8.2
vertex 8.803598663257905 24.8 -9.632674676262235
vertex 8.956708580912725 24.8 -9.690301168721783
endloop
endfacet
facet normal 0.0 0.9999999999999999 0.0
outer loop
vertex 7.562737256062827 32.4 -16.678659714397735
vertex 8.219100482920979 32.4 -15.342827392849323
vertex 8.437262743937172 32.4 -15.321340285602265
endloop
endfacet
facet normal 0.0 1.0 0.0
outer loop
vertex 8.437262743937172 32.4 -16.678659714397735
vertex 8.437262743937172 32.4 -15.321340285602265
vertex 8.653552578754029 32.4 -15.285630689350821
endloop
endfacet
facet normal 0.0 1.0 0.0
outer loop
vertex 8.653552578754029 32.4 -16.71436931064918
vertex 8.653552578754029 32.4 -15.285630689350821
vertex 8.867043801093445 32.4 -15.23585151806838
endloop
endfacet
facet normal 0.0 1.0 0.0
outer loop
vertex 8.867043801093445 32.4 -16.76414848193162
vertex 8.867043801093445 32.4 -15.23585151806838
vertex 9.076822208765591 32.4 -15.172215933808605
endloop
endfacet
facet normal 0.0 1.0 0.0
outer loop
vertex 9.076822208765591 32.4 -16.827784066191395
vertex 9.076822208765591 32.4 -15.172215933808605
vertex 9.281989498423052 32.4 -15.094996433912812
endloop
endfacet
facet normal 0.0 1.0 0.0
outer loop
vertex 9.281989498423052 32.4 -16.90500356608719
vertex 9.281989498423052 32.4 -15.094996433912812
vertex 9.481667112233655 32.4 -15.004523684134506
endloop
endfacet
facet normal 0.0 1.0 0.0
outer loop
vertex 9.481667112233655 32.4 -16.995476315865496
vertex 9.481667112233655 32.4 -15.004523684134506
vertex 9.675 32.4 -14.90118510267787
endloop
endfacet
facet normal 0.0 1.0 0.0
outer loop
vertex 9.675 32.4 -17.09881489732213
vertex 9.675 32.4 -14.90118510267787
vertex 9.861160280615668 32.4 -14.785423201213526
endloop
endfacet
facet normal -0.0 1.0 0.0
outer loop
vertex 4.2 32.4 -8.2
vertex 11.8 32.4 -8.2
vertex 8.437262743937172 32.4 -8.678659714397735
endloop
endfacet
facet normal -0.0 0.0 0.9999999999999999
outer loop
vertex 4.2 32.4 -8.2
vertex 11.8 24.8 -8.2
vertex 11.8 32.4 -8.2
endloop
endfacet
facet normal 0.0 1.0 0.0
outer loop
vertex 11.8 32.4 -8.2
vertex 8.653552578754029 32.4 -8.714369310649179
vertex 8.437262743937172 32.4 -8.678659714397735
endloop
endfacet
facet normal 0.0 1.0 0.0
outer loop
vertex 11.8 32.4 -8.2
vertex 8.867043801093445 32.4 -8.76414848193162
vertex 8.653552578754029 32.4 -8.714369310649179
endloop
endfacet
facet normal -0.0 -0.9999999999999999 0.0
outer loop
vertex 11.8 24.8 -12.8
vertex 10.41481456572267 24.8 -12.647047612756301
vertex 10.368416966302469 24.8 -12.8
endloop
endfacet
facet normal -0.0 -1.0 0.0
outer loop
vertex 11.8 24.8 -12.8
vertex 10.451963201008077 24.8 -12.48772580504032
vertex 10.41481456572267 24.8 -12.647047612756301
endloop
endfacet
facet normal -0.0 -0.9999999999999999 0.0
outer loop
vertex 11.8 24.8 -12.8
vertex 10.478612153434526 24.8 -12.326315480550129
vertex 10.451963201008077 24.8 -12.48772580504032
endloop
endfacet
facet normal -0.0 -1.0 0.0
outer loop
vertex 11.8 24.8 -12.8
vertex 10.494647308096509 24.8 -12.163507823075358
vertex 10.478612153434526 24.8 -12.326315480550129
endloop
endfacet
facet normal -0.0 -1.0 0.0
outer loop
vertex 11.8 24.8 -12.8
vertex 10.5 24.8 -12.0
vertex 10.494647308096509 24.8 -12.163507823075358
endloop
endfacet
facet normal -0.0 -0.9999999999999999 -0.0
outer loop
vertex 11.8 24.8 -12.8
vertex 10.494647308096509 24.8 -11.836492176924642
vertex 10.5 24.8 -12.0
endloop
endfacet
facet normal 0.0 -1.0 -0.0
outer loop
vertex 11.8 24.8 -8.2
vertex 8.956708580912725 24.8 -9.690301168721783
vertex 9.105721725547504 24.8 -9.75781814616828
endloop
endfacet
facet normal 0.0 -0.9999999999999999 -0.0
outer loop
vertex 11.8 24.8 -8.2
vertex 9.105721725547504 24.8 -9.75781814616828
vertex 9.25 24.8 -9.834936490538903
endloop
endfacet
facet normal 0.0 -1.0 -0.0
outer loop
vertex 11.8 24.8 -8.2
vertex 9.25 24.8 -9.834936490538903
vertex 9.388925582549005 24.8 -9.921325969243636
endloop
endfacet
facet normal 0.0 -1.0 -0.0
outer loop
vertex 11.8 24.8 -8.2
vertex 9.388925582549005 24.8 -9.921325969243636
vertex 9.5219035725218 24.8 -10.016616649271912
endloop
endfacet
facet normal 0.0 -1.0 -0.0
outer loop
vertex 11.8 24.8 -8.2
vertex 9.5219035725218 24.8 -10.016616649271912
vertex 9.648364537750172 24.8 -10.120400481302557
endloop
endfacet
facet normal 0.0 -0.9999999999999999 -0.0
outer loop
vertex 11.8 24.8 -8.2
vertex 9.879599518697443 24.8 -10.351635462249828
vertex 9.983383350728088 24.8 -10.4780964274782
endloop
endfacet
facet normal 0.0 -0.9999999999999999 -0.0
outer loop
vertex 11.8 24.8 -8.2
vertex 9.648364537750172 24.8 -10.120400481302557
vertex 9.767766952966369 24.8 -10.232233047033631
endloop
endfacet
facet normal 0.0 -0.9999999999999999 -0.0
outer loop
vertex 11.8 24.8 -8.2
vertex 9.767766952966369 24.8 -10.232233047033631
vertex 9.879599518697443 24.8 -10.351635462249828
endloop
endfacet
facet normal 0.0 -1.0 -0.0
outer loop
vertex 11.8 24.8 -8.2
vertex 9.983383350728088 24.8 -10.4780964274782
vertex 10.078674030756364 24.8 -10.611074417450995
endloop
endfacet
facet normal 0.0 -1.0 -0.0
outer loop
vertex 11.8 24.8 -8.2
vertex 10.078674030756364 24.8 -10.611074417450995
vertex 10.165063509461097 24.8 -10.75
endloop
endfacet
facet normal 0.0 -1.0 -0.0
outer loop
vertex 11.8 24.8 -8.2
vertex 10.24218185383172 24.8 -10.894278274452496
vertex 10.309698831278217 24.8 -11.043291419087275
endloop
endfacet
facet normal 0.0 -0.9999999999999999 -0.0
outer loop
vertex 11.8 24.8 -8.2
vertex 10.165063509461097 24.8 -10.75
vertex 10.24218185383172 24.8 -10.894278274452496
endloop
endfacet
facet normal 0.0 -0.9999999999999999 -0.0
outer loop
vertex 11.8 24.8 -8.2
vertex 10.309698831278217 24.8 -11.043291419087275
vertex 10.367325323737765 24.8 -11.196401336742095
endloop
endfacet
facet normal 0.0 -1.0 -0.0
outer loop
vertex 11.8 24.8 -8.2
vertex 10.478612153434526 24.8 -11.673684519449871
vertex 10.494647308096509 24.8 -11.836492176924642
endloop
endfacet
facet normal 0.0 -1.0 -0.0
outer loop
vertex 11.8 24.8 -8.2
vertex 10.451963201008077 24.8 -11.51227419495968
vertex 10.478612153434526 24.8 -11.673684519449871
endloop
endfacet
facet normal 0.0 -1.0 -0.0
outer loop
vertex 11.8 24.8 -8.2
vertex 10.41481456572267 24.8 -11.352952387243699
vertex 10.451963201008077 24.8 -11.51227419495968
endloop
endfacet
facet normal 0.0 -1.0 -0.0
outer loop
vertex 11.8 24.8 -8.2
vertex 10.367325323737765 24.8 -11.196401336742095
vertex 10.41481456572267 24.8 -11.352952387243699
endloop
endfacet
facet normal -0.0 -1.0 0.0
outer loop
vertex 11.8 24.8 -12.8
vertex 11.8 24.8 -8.2
vertex 10.494647308096509 24.8 -11.836492176924642
endloop
endfacet
facet normal 0.0 1.0 0.0
outer loop
vertex 9.861160280615668 32.4 -17.214576798786474
vertex 9.861160280615668 32.4 -14.785423201213526
vertex 10.039350787179213 32.4 -14.657733689975638
endloop
endfacet
facet normal 0.0 1.0 0.0
outer loop
vertex 10.039350787179213 32.4 -17.342266310024364
vertex 10.039350787179213 32.4 -14.657733689975638
vertex 10.20880848058523 32.4 -14.518663355054574
endloop
endfacet
facet normal 0.0 1.0 0.0
outer loop
vertex 10.20880848058523 32.4 -17.481336644945426
vertex 10.20880848058523 32.4 -14.518663355054574
vertex 10.368807716974935 32.4 -14.368807716974935
endloop
endfacet
facet normal 0.0 1.0 0.0
outer loop
vertex 10.368807716974935 32.4 -17.631192283025065
vertex 10.368807716974935 32.4 -14.368807716974935
vertex 10.518663355054574 32.4 -14.20880848058523
endloop
endfacet
facet normal 0.0 1.0 0.0
outer loop
vertex 10.518663355054574 32.4 -17.79119151941477
vertex 10.518663355054574 32.4 -14.20880848058523
vertex 10.657733689975638 32.4 -14.039350787179213
endloop
endfacet
facet normal 0.0 1.0 0.0
outer loop
vertex 10.657733689975638 32.4 -17.960649212820787
vertex 10.657733689975638 32.4 -14.039350787179213
vertex 10.785423201213526 32.4 -13.861160280615668
endloop
endfacet
facet normal 0.0 1.0 0.0
outer loop
vertex 10.785423201213526 32.4 -18.138839719384332
vertex 10.785423201213526 32.4 -13.861160280615668
vertex 10.90118510267787 32.4 -13.675
endloop
endfacet
facet normal 1.0 0.0 0.0
outer loop
vertex 11.8 32.4 -23.8
vertex 11.8 24.8 -8.2
vertex 11.8 24.8 -12.8
endloop
endfacet
facet normal 0.0 0.9999999999999999 0.0
outer loop
vertex 10.90118510267787 32.4 -18.325
vertex 10.90118510267787 32.4 -13.675
vertex 11.004523684134506 32.4 -13.481667112233655
endloop
endfacet
facet normal 0.0 1.0 0.0
outer loop
vertex 11.004523684134506 32.4 -18.518332887766345
vertex 11.004523684134506 32.4 -13.481667112233655
vertex 11.094996433912812 32.4 -13.281989498423052
endloop
endfacet
facet normal 0.0 1.0 0.0
outer loop
vertex 11.094996433912812 32.4 -18.71801050157695
vertex 11.094996433912812 32.4 -13.281989498423052
vertex 11.172215933808605 32.4 -13.076822208765591
endloop
endfacet
facet normal 0.0 1.0 0.0
outer loop
vertex 11.172215933808605 32.4 -18.92317779123441
vertex 11.172215933808605 32.4 -13.076822208765591
vertex 11.23585151806838 32.4 -12.867043801093445
endloop
endfacet
facet normal 0.0 1.0 0.0
outer loop
vertex 11.23585151806838 32.4 -19.132956198906555
vertex 11.23585151806838 32.4 -12.867043801093445
vertex 11.285630689350821 32.4 -12.653552578754029
endloop
endfacet
facet normal 0.0 1.0 0.0
outer loop
vertex 11.8 32.4 -23.8
vertex 11.35 32.4 -12.0
vertex 11.342827392849323 32.4 -11.780899517079021
endloop
endfacet
facet normal 0.0 1.0 -0.0
outer loop
vertex 11.8 32.4 -23.8
vertex 11.342827392849323 32.4 -11.780899517079021
vertex 11.8 32.4 -8.2
endloop
endfacet
facet normal 1.0 0.0 -0.0
outer loop
vertex 11.8 32.4 -23.8
vertex 11.8 32.4 -8.2
vertex 11.8 24.8 -8.2
endloop
endfacet
facet normal 0.0 1.0 0.0
outer loop
vertex 11.8 32.4 -8.2
vertex 9.076822208765591 32.4 -8.827784066191395
vertex 8.867043801093445 32.4 -8.76414848193162
endloop
endfacet
facet normal 0.0 1.0 0.0
outer loop
vertex 11.8 32.4 -8.2
vertex 9.281989498423052 32.4 -8.905003566087188
vertex 9.076822208765591 32.4 -8.827784066191395
endloop
endfacet
facet normal 0.0 0.9999999999999999 0.0
outer loop
vertex 11.8 32.4 -8.2
vertex 9.481667112233655 32.4 -8.995476315865494
vertex 9.281989498423052 32.4 -8.905003566087188
endloop
endfacet
facet normal 0.0 1.0 0.0
outer loop
vertex 11.8 32.4 -8.2
vertex 9.675 32.4 -9.09881489732213
vertex 9.481667112233655 32.4 -8.995476315865494
endloop
endfacet
facet normal 0.0 1.0 0.0
outer loop
vertex 11.8 32.4 -8.2
vertex 9.861160280615668 32.4 -9.214576798786474
vertex 9.675 32.4 -9.09881489732213
endloop
endfacet
facet normal 0.0 1.0 0.0
outer loop
vertex 11.8 32.4 -8.2
vertex 10.039350787179213 32.4 -9.342266310024362
vertex 9.861160280615668 32.4 -9.214576798786474
endloop
endfacet
facet normal 0.0 1.0 0.0
outer loop
vertex 11.8 32.4 -8.2
vertex 10.20880848058523 32.4 -9.481336644945426
vertex 10.039350787179213 32.4 -9.342266310024362
endloop
endfacet
facet normal 0.0 1.0 0.0
outer loop
vertex 11.8 32.4 -8.2
vertex 10.368807716974935 32.4 -9.631192283025065
vertex 10.20880848058523 32.4 -9.481336644945426
endloop
endfacet
facet normal 0.0 1.0 0.0
outer loop
vertex 11.8 32.4 -8.2
vertex 11.285630689350821 32.4 -11.346447421245971
vertex 11.23585151806838 32.4 -11.132956198906555
endloop
endfacet
facet normal 0.0 1.0 0.0
outer loop
vertex 11.8 32.4 -8.2
vertex 11.342827392849323 32.4 -11.780899517079021
vertex 11.321340285602265 32.4 -11.562737256062828
endloop
endfacet
facet normal 0.0 1.0 0.0
outer loop
vertex 11.8 32.4 -8.2
vertex 11.321340285602265 32.4 -11.562737256062828
vertex 11.285630689350821 32.4 -11.346447421245971
endloop
endfacet
facet normal 0.0 1.0 0.0
outer loop
vertex 11.8 32.4 -8.2
vertex 10.518663355054574 32.4 -9.79119151941477
vertex 10.368807716974935 32.4 -9.631192283025065
endloop
endfacet
facet normal 0.0 1.0 0.0
outer loop
vertex 11.8 32.4 -8.2
vertex 10.785423201213526 32.4 -10.138839719384332
vertex 10.657733689975638 32.4 -9.960649212820787
endloop
endfacet
facet normal 0.0 1.0 0.0
outer loop
vertex 11.8 32.4 -8.2
vertex 10.657733689975638 32.4 -9.960649212820787
vertex 10.518663355054574 32.4 -9.79119151941477
endloop
endfacet
facet normal 0.0 1.0 0.0
outer loop
vertex 11.8 32.4 -8.2
vertex 11.004523684134506 32.4 -10.518332887766345
vertex 10.90118510267787 32.4 -10.325
endloop
endfacet
facet normal 0.0 0.9999999999999999 0.0
outer loop
vertex 11.8 32.4 -8.2
vertex 11.094996433912812 32.4 -10.718010501576948
vertex 11.004523684134506 32.4 -10.518332887766345
endloop
endfacet
facet normal 0.0 1.0 0.0
outer loop
vertex 11.8 32.4 -8.2
vertex 10.90118510267787 32.4 -10.325
vertex 10.785423201213526 32.4 -10.138839719384332
endloop
endfacet
facet normal 0.0 1.0 0.0
outer loop
vertex 11.8 32.4 -8.2
vertex 11.172215933808605 32.4 -10.923177791234409
vertex 11.094996433912812 32.4 -10.718010501576948
endloop
endfacet
facet normal 0.0 1.0 0.0
outer loop
vertex 11.8 32.4 -8.2
vertex 11.23585151806838 32.4 -11.132956198906555
vertex 11.172215933808605 32.4 -10.923177791234409
endloop
endfacet
facet normal -1.0 -0.0 -0.0
outer loop
vertex 4.2 8.776495251936135 -21.312592044589877
vertex 4.2 11.272996771088705 -21.394319042217766
vertex 4.2 9.127003228911294 -21.394319042217766
endloop
endfacet
facet normal -1.0 -0.0 -0.0
outer loop
vertex 4.2 9.127003228911294 -21.394319042217766
vertex 4.2 10.917894057210283 -21.45294673755596
vertex 4.2 9.482105942789715 -21.45294673755596
endloop
endfacet
facet normal -1.0 -0.0 -0.0
outer loop
vertex 4.2 7.767412203795493 -20.932800078429786
vertex 4.2 12.304758878007993 -21.081337428812077
vertex 4.2 8.095241121992006 -21.081337428812077
endloop
endfacet
facet normal -1.0 0.0 0.0
outer loop
vertex 4.2 7.767412203795493 -20.932800078429786
vertex 4.2 7.449999999999999 -20.763139720814415
vertex 4.2 12.632587796204506 -20.932800078429786
endloop
endfacet
facet normal -1.0 -0.0 -0.0
outer loop
vertex 4.2 8.432082940832611 -21.208115712223083
vertex 4.2 11.623504748063864 -21.312592044589877
vertex 4.2 8.776495251936135 -21.312592044589877
endloop
endfacet
facet normal -0.9999999999999999 -0.0 -0.0
outer loop
vertex 4.2 8.095241121992006 -21.081337428812077
vertex 4.2 11.967917059167387 -21.208115712223083
vertex 4.2 8.432082940832611 -21.208115712223083
endloop
endfacet
facet normal -1.0 0.0 0.0
outer loop
vertex 4.2 6.851812140452036 -20.363443371601793
vertex 4.2 6.573598016949621 -20.135118941134376
vertex 4.2 13.548187859547962 -20.363443371601793
endloop
endfacet
facet normal -1.0 0.0 0.0
outer loop
vertex 4.2 6.573598016949621 -20.135118941134376
vertex 4.2 6.3109127034739885 -19.88908729652601
vertex 4.2 13.826401983050378 -20.135118941134376
endloop
endfacet
facet normal -1.0 -0.0 -0.0
outer loop
vertex 4.2 7.144363718392187 -20.573082867664
vertex 4.2 12.95 -20.763139720814415
vertex 4.2 7.449999999999999 -20.763139720814415
endloop
endfacet
facet normal -1.0 0.0 0.0
outer loop
vertex 4.2 7.144363718392187 -20.573082867664
vertex 4.2 6.851812140452036 -20.363443371601793
vertex 4.2 13.255636281607812 -20.573082867664
endloop
endfacet
facet normal -1.0 -0.0 -0.0
outer loop
vertex 4.2 9.482105942789715 -21.45294673755596
vertex 4.2 10.559717210765786 -21.48822407781232
vertex 4.2 9.840282789234212 -21.48822407781232
endloop
endfacet
facet normal -1.0 0.0 -0.0
outer loop
vertex 4.2 9.840282789234212 -21.48822407781232
vertex 4.2 10.559717210765786 -21.48822407781232
vertex 4.2 10.2 -21.5
endloop
endfacet
facet normal -1.0 0.0 -0.0
outer loop
vertex 4.2 9.482105942789715 -21.45294673755596
vertex 4.2 10.917894057210283 -21.45294673755596
vertex 4.2 10.559717210765786 -21.48822407781232
endloop
endfacet
facet normal -1.0 0.0 -0.0
outer loop
vertex 4.2 9.127003228911294 -21.394319042217766
vertex 4.2 11.272996771088705 -21.394319042217766
vertex 4.2 10.917894057210283 -21.45294673755596
endloop
endfacet
facet normal -1.0 0.0 -0.0
outer loop
vertex 4.2 8.776495251936135 -21.312592044589877
vertex 4.2 11.623504748063864 -21.312592044589877
vertex 4.2 11.272996771088705 -21.394319042217766
endloop
endfacet
facet normal -1.0 0.0 -0.0
outer loop
vertex 4.2 8.432082940832611 -21.208115712223083
vertex 4.2 11.967917059167387 -21.208115712223083
vertex 4.2 11.623504748063864 -21.312592044589877
endloop
endfacet
facet normal -1.0 0.0 -0.0
outer loop
vertex 4.2 8.095241121992006 -21.081337428812077
vertex 4.2 12.304758878007993 -21.081337428812077
vertex 4.2 11.967917059167387 -21.208115712223083
endloop
endfacet
facet normal -1.0 0.0 -0.0
outer loop
vertex 4.2 7.767412203795493 -20.932800078429786
vertex 4.2 12.632587796204506 -20.932800078429786
vertex 4.2 12.304758878007993 -21.081337428812077
endloop
endfacet
facet normal -0.9999999999999999 0.0 -0.0
outer loop
vertex 4.2 7.449999999999999 -20.763139720814415
vertex 4.2 12.95 -20.763139720814415
vertex 4.2 12.632587796204506 -20.932800078429786
endloop
endfacet
facet normal -1.0 0.0 -0.0
outer loop
vertex 4.2 7.144363718392187 -20.573082867664
vertex 4.2 13.255636281607812 -20.573082867664
vertex 4.2 12.95 -20.763139720814415
endloop
endfacet
facet normal -1.0 0.0 -0.0
outer loop
vertex 4.2 6.851812140452036 -20.363443371601793
vertex 4.2 13.548187859547962 -20.363443371601793
vertex 4.2 13.255636281607812 -20.573082867664
endloop
endfacet
facet normal -1.0 0.0 -0.0
outer loop
vertex 4.2 6.573598016949621 -20.135118941134376
vertex 4.2 13.826401983050378 -20.135118941134376
vertex 4.2 13.548187859547962 -20.363443371601793
endloop
endfacet
facet normal -1.0 0.0 -0.0
outer loop
vertex 4.2 6.3109127034739885 -19.88908729652601
vertex 4.2 14.08908729652601 -19.88908729652601
vertex 4.2 13.826401983050378 -20.135118941134376
endloop
endfacet
facet normal -1.0 0.0 -0.0
outer loop
vertex 4.2 5.118662571187922 -18.104758878007992
vertex 4.2 8.875 -18.29496732002876
vertex 4.2 5.267199921570214 -18.43258779620451
endloop
endfacet
facet normal -1.0 0.0 0.0
outer loop
vertex 4.2 5.118662571187922 -18.104758878007992
vertex 4.2 4.991884287776918 -17.767917059167388
vertex 4.2 8.452733589984817 -17.99237548981929
endloop
endfacet
facet normal -1.0 0.0 0.0
outer loop
vertex 4.2 5.436860279185586 -18.75
vertex 4.2 5.267199921570214 -18.43258779620451
vertex 4.2 9.683010646657259 -18.59908099306856
endloop
endfacet
facet normal -1.0 0.0 0.0
outer loop
vertex 4.2 5.267199921570214 -18.43258779620451
vertex 4.2 9.185888904232511 -18.44828076115491
vertex 4.2 9.34818541694662 -18.50936484316203
endloop
endfacet
facet normal -1.0 0.0 0.0
outer loop
vertex 4.2 5.267199921570214 -18.43258779620451
vertex 4.2 9.34818541694662 -18.50936484316203
vertex 4.2 9.51412953047832 -18.55970343966603
endloop
endfacet
facet normal -1.0 0.0 0.0
outer loop
vertex 4.2 5.267199921570214 -18.43258779620451
vertex 4.2 9.51412953047832 -18.55970343966603
vertex 4.2 9.683010646657259 -18.59908099306856
endloop
endfacet
facet normal -1.0 0.0 0.0
outer loop
vertex 4.2 5.267199921570214 -18.43258779620451
vertex 4.2 8.875 -18.29496732002876
vertex 4.2 9.027934970919645 -18.376712765061622
endloop
endfacet
facet normal -1.0 0.0 0.0
outer loop
vertex 4.2 5.118662571187922 -18.104758878007992
vertex 4.2 8.727738882498054 -18.203394472601744
vertex 4.2 8.875 -18.29496732002876
endloop
endfacet
facet normal -1.0 0.0 0.0
outer loop
vertex 4.2 5.118662571187922 -18.104758878007992
vertex 4.2 8.58678221312689 -18.102386351771774
vertex 4.2 8.727738882498054 -18.203394472601744
endloop
endfacet
facet normal -1.0 0.0 0.0
outer loop
vertex 4.2 5.118662571187922 -18.104758878007992
vertex 4.2 8.452733589984817 -17.99237548981929
vertex 4.2 8.58678221312689 -18.102386351771774
endloop
endfacet
facet normal -1.0 0.0 0.0
outer loop
vertex 4.2 5.267199921570214 -18.43258779620451
vertex 4.2 9.027934970919645 -18.376712765061622
vertex 4.2 9.185888904232511 -18.44828076115491
endloop
endfacet
facet normal -1.0 0.0 0.0
outer loop
vertex 4.2 4.991884287776918 -17.767917059167388
vertex 4.2 4.887407955410124 -17.423504748063863
vertex 4.2 8.097613648228226 -17.61321778687311
endloop
endfacet
facet normal -1.0 0.0 0.0
outer loop
vertex 4.2 4.887407955410124 -17.423504748063863
vertex 4.2 4.805680957782232 -17.072996771088704
vertex 4.2 7.823287234938375 -17.172065029080354
endloop
endfacet
facet normal -1.0 0.0 0.0
outer loop
vertex 4.2 4.805680957782232 -17.072996771088704
vertex 4.2 4.747053262444042 -16.717894057210284
vertex 4.2 7.690635156837969 -16.85181458305338
endloop
endfacet
facet normal -1.0 0.0 0.0
outer loop
vertex 4.2 4.747053262444042 -16.717894057210284
vertex 4.2 4.71177592218768 -16.359717210765787
vertex 4.2 7.600919006931439 -16.51698935334274
endloop
endfacet
facet normal -1.0 0.0 0.0
outer loop
vertex 4.2 4.71177592218768 -16.359717210765787
vertex 4.2 4.699999999999999 -16.0
vertex 4.2 7.5556738534177 -16.17331829245988
endloop
endfacet
facet normal -1.0 0.0 0.0
outer loop
vertex 4.2 4.991884287776918 -17.767917059167388
vertex 4.2 8.326167029855648 -17.87383297014435
vertex 4.2 8.452733589984817 -17.99237548981929
endloop
endfacet
facet normal -1.0 0.0 0.0
outer loop
vertex 4.2 4.991884287776918 -17.767917059167388
vertex 4.2 8.20762451018071 -17.747266410015182
vertex 4.2 8.326167029855648 -17.87383297014435
endloop
endfacet
facet normal -0.9999999999999999 0.0 0.0
outer loop
vertex 4.2 4.991884287776918 -17.767917059167388
vertex 4.2 8.097613648228226 -17.61321778687311
vertex 4.2 8.20762451018071 -17.747266410015182
endloop
endfacet
facet normal -1.0 0.0 0.0
outer loop
vertex 4.2 4.887407955410124 -17.423504748063863
vertex 4.2 7.996605527398255 -17.472261117501947
vertex 4.2 8.097613648228226 -17.61321778687311
endloop
endfacet
facet normal -1.0 0.0 0.0
outer loop
vertex 4.2 4.805680957782232 -17.072996771088704
vertex 4.2 7.690635156837969 -16.85181458305338
vertex 4.2 7.751719238845089 -17.01411109576749
endloop
endfacet
facet normal -1.0 0.0 0.0
outer loop
vertex 4.2 4.805680957782232 -17.072996771088704
vertex 4.2 7.751719238845089 -17.01411109576749
vertex 4.2 7.823287234938375 -17.172065029080354
endloop
endfacet
facet normal -0.9999999999999999 0.0 0.0
outer loop
vertex 4.2 4.887407955410124 -17.423504748063863
vertex 4.2 7.905032679971237 -17.325
vertex 4.2 7.996605527398255 -17.472261117501947
endloop
endfacet
facet normal -0.9999999999999999 0.0 0.0
outer loop
vertex 4.2 4.887407955410124 -17.423504748063863
vertex 4.2 7.823287234938375 -17.172065029080354
vertex 4.2 7.905032679971237 -17.325
endloop
endfacet
facet normal -1.0 0.0 0.0
outer loop
vertex 4.2 4.747053262444042 -16.717894057210284
vertex 4.2 7.640296560333969 -16.68587046952168
vertex 4.2 7.690635156837969 -16.85181458305338
endloop
endfacet
facet normal -1.0 0.0 0.0
outer loop
vertex 4.2 4.747053262444042 -16.717894057210284
vertex 4.2 7.600919006931439 -16.51698935334274
vertex 4.2 7.640296560333969 -16.68587046952168
endloop
endfacet
facet normal -1.0 0.0 0.0
outer loop
vertex 4.2 4.71177592218768 -16.359717210765787
vertex 4.2 7.572671117359402 -16.345894409383135
vertex 4.2 7.600919006931439 -16.51698935334274
endloop
endfacet
facet normal -1.0 0.0 0.0
outer loop
vertex 4.2 4.71177592218768 -16.359717210765787
vertex 4.2 7.5556738534177 -16.17331829245988
vertex 4.2 7.572671117359402 -16.345894409383135
endloop
endfacet
facet normal -1.0 0.0 0.0
outer loop
vertex 4.2 4.699999999999999 -16.0
vertex 4.2 7.549999999999999 -16.0
vertex 4.2 7.5556738534177 -16.17331829245988
endloop
endfacet
facet normal -0.9999999999999999 0.0 0.0
outer loop
vertex 4.2 6.3109127034739885 -19.88908729652601
vertex 4.2 6.064881058865623 -19.62640198305038
vertex 4.2 14.08908729652601 -19.88908729652601
endloop
endfacet
facet normal -1.0 0.0 0.0
outer loop
vertex 4.2 6.064881058865623 -19.62640198305038
vertex 4.2 5.836556628398206 -19.348187859547963
vertex 4.2 14.335118941134375 -19.62640198305038
endloop
endfacet
facet normal -1.0 0.0 0.0
outer loop
vertex 4.2 5.836556628398206 -19.348187859547963
vertex 4.2 5.6269171323360005 -19.05563628160781
vertex 4.2 14.563443371601792 -19.348187859547963
endloop
endfacet
facet normal -1.0 0.0 0.0
outer loop
vertex 4.2 5.6269171323360005 -19.05563628160781
vertex 4.2 5.436860279185586 -18.75
vertex 4.2 14.773082867663998 -19.05563628160781
endloop
endfacet
facet normal -1.0 0.0 0.0
outer loop
vertex 4.2 5.436860279185586 -18.75
vertex 4.2 10.02668170754012 -18.644326146582298
vertex 4.2 10.2 -18.65
endloop
endfacet
facet normal -0.9999999999999999 0.0 0.0
outer loop
vertex 4.2 5.436860279185586 -18.75
vertex 4.2 9.683010646657259 -18.59908099306856
vertex 4.2 9.854105590616863 -18.627328882640597
endloop
endfacet
facet normal -1.0 0.0 0.0
outer loop
vertex 4.2 5.436860279185586 -18.75
vertex 4.2 9.854105590616863 -18.627328882640597
vertex 4.2 10.02668170754012 -18.644326146582298
endloop
endfacet
facet normal -1.0 0.0 -0.0
outer loop
vertex 4.2 6.064881058865623 -19.62640198305038
vertex 4.2 14.335118941134375 -19.62640198305038
vertex 4.2 14.08908729652601 -19.88908729652601
endloop
endfacet
facet normal -1.0 0.0 -0.0
outer loop
vertex 4.2 5.836556628398206 -19.348187859547963
vertex 4.2 14.563443371601792 -19.348187859547963
vertex 4.2 14.335118941134375 -19.62640198305038
endloop
endfacet
facet normal -1.0 0.0 -0.0
outer loop
vertex 4.2 5.6269171323360005 -19.05563628160781
vertex 4.2 14.66963329003227 -19.2
vertex 4.2 14.563443371601792 -19.348187859547963
endloop
endfacet
facet normal -1.0 0.0 0.0
outer loop
vertex 4.2 5.436860279185586 -18.75
vertex 4.2 10.2 -18.65
vertex 4.2 14.963139720814413 -18.75
endloop
endfacet
facet normal -1.0 0.0 -0.0
outer loop
vertex 4.2 5.6269171323360005 -19.05563628160781
vertex 4.2 14.773082867663998 -19.05563628160781
vertex 4.2 14.66963329003227 -19.2
endloop
endfacet
facet normal -0.9999999999999999 0.0 -0.0
outer loop
vertex 4.2 5.436860279185586 -18.75
vertex 4.2 14.963139720814413 -18.75
vertex 4.2 14.773082867663998 -19.05563628160781
endloop
endfacet
facet normal -1.0 0.0 0.0
outer loop
vertex 4.2 14.963139720814413 -18.75
vertex 4.2 10.2 -18.65
vertex 4.2 10.373318292459878 -18.644326146582298
endloop
endfacet
facet normal -1.0 0.0 0.0
outer loop
vertex 4.2 14.963139720814413 -18.75
vertex 4.2 10.373318292459878 -18.644326146582298
vertex 4.2 10.545894409383136 -18.627328882640597
endloop
endfacet
facet normal -1.0 0.0 0.0
outer loop
vertex 4.2 14.963139720814413 -18.75
vertex 4.2 10.545894409383136 -18.627328882640597
vertex 4.2 10.71698935334274 -18.59908099306856
endloop
endfacet
facet normal -0.9999999999999999 0.0 0.0
outer loop
vertex 4.2 14.963139720814413 -18.75
vertex 4.2 10.71698935334274 -18.59908099306856
vertex 4.2 10.885870469521679 -18.55970343966603
endloop
endfacet
facet normal -1.0 0.0 0.0
outer loop
vertex 4.2 14.963139720814413 -18.75
vertex 4.2 10.885870469521679 -18.55970343966603
vertex 4.2 11.051814583053378 -18.50936484316203
endloop
endfacet
facet normal -1.0 0.0 0.0
outer loop
vertex 4.2 14.963139720814413 -18.75
vertex 4.2 11.051814583053378 -18.50936484316203
vertex 4.2 11.214111095767487 -18.44828076115491
endloop
endfacet
facet normal -1.0 0.0 0.0
outer loop
vertex 4.2 14.963139720814413 -18.75
vertex 4.2 11.214111095767487 -18.44828076115491
vertex 4.2 11.372065029080353 -18.376712765061622
endloop
endfacet
facet normal -1.0 0.0 0.0
outer loop
vertex 4.2 15.132800078429785 -18.43258779620451
vertex 4.2 11.372065029080353 -18.376712765061622
vertex 4.2 11.524999999999999 -18.29496732002876
endloop
endfacet
facet normal -1.0 0.0 0.0
outer loop
vertex 4.2 15.132800078429785 -18.43258779620451
vertex 4.2 11.524999999999999 -18.29496732002876
vertex 4.2 11.672261117501945 -18.203394472601744
endloop
endfacet
facet normal -1.0 0.0 0.0
outer loop
vertex 4.2 15.132800078429785 -18.43258779620451
vertex 4.2 11.672261117501945 -18.203394472601744
vertex 4.2 11.813217786873109 -18.102386351771774
endloop
endfacet
facet normal -1.0 0.0 0.0
outer loop
vertex 4.2 15.281337428812076 -18.104758878007992
vertex 4.2 11.813217786873109 -18.102386351771774
vertex 4.2 11.947266410015182 -17.99237548981929
endloop
endfacet
facet normal -1.0 0.0 0.0
outer loop
vertex 4.2 15.281337428812076 -18.104758878007992
vertex 4.2 11.947266410015182 -17.99237548981929
vertex 4.2 12.07383297014435 -17.87383297014435
endloop
endfacet
facet normal -0.9999999999999999 0.0 0.0
outer loop
vertex 4.2 14.963139720814413 -18.75
vertex 4.2 11.372065029080353 -18.376712765061622
vertex 4.2 15.132800078429785 -18.43258779620451
endloop
endfacet
facet normal -1.0 0.0 0.0
outer loop
vertex 4.2 15.132800078429785 -18.43258779620451
vertex 4.2 11.813217786873109 -18.102386351771774
vertex 4.2 15.281337428812076 -18.104758878007992
endloop
endfacet
facet normal -1.0 0.0 0.0
outer loop
vertex 4.2 15.281337428812076 -18.104758878007992
vertex 4.2 12.07383297014435 -17.87383297014435
vertex 4.2 12.19237548981929 -17.747266410015182
endloop
endfacet
facet normal -0.9999999999999999 0.0 0.0
outer loop
vertex 4.2 15.408115712223081 -17.767917059167388
vertex 4.2 12.19237548981929 -17.747266410015182
vertex 4.2 12.302386351771773 -17.61321778687311
endloop
endfacet
facet normal -1.0 0.0 0.0
outer loop
vertex 4.2 15.408115712223081 -17.767917059167388
vertex 4.2 12.302386351771773 -17.61321778687311
vertex 4.2 12.403394472601743 -17.472261117501947
endloop
endfacet
facet normal -1.0 0.0 0.0
outer loop
vertex 4.2 15.408115712223081 -17.767917059167388
vertex 4.2 12.403394472601743 -17.472261117501947
vertex 4.2 12.494967320028762 -17.325
endloop
endfacet
facet normal -1.0 0.0 0.0
outer loop
vertex 4.2 15.512592044589875 -17.423504748063863
vertex 4.2 12.494967320028762 -17.325
vertex 4.2 12.576712765061624 -17.172065029080354
endloop
endfacet
facet normal -0.9999999999999999 0.0 0.0
outer loop
vertex 4.2 15.512592044589875 -17.423504748063863
vertex 4.2 12.576712765061624 -17.172065029080354
vertex 4.2 12.64828076115491 -17.01411109576749
endloop
endfacet
facet normal -1.0 0.0 0.0
outer loop
vertex 4.2 15.594319042217766 -17.072996771088704
vertex 4.2 12.64828076115491 -17.01411109576749
vertex 4.2 12.70936484316203 -16.85181458305338
endloop
endfacet
facet normal -1.0 0.0 0.0
outer loop
vertex 4.2 15.281337428812076 -18.104758878007992
vertex 4.2 12.19237548981929 -17.747266410015182
vertex 4.2 15.408115712223081 -17.767917059167388
endloop
endfacet
facet normal -1.0 0.0 0.0
outer loop
vertex 4.2 15.408115712223081 -17.767917059167388
vertex 4.2 12.494967320028762 -17.325
vertex 4.2 15.512592044589875 -17.423504748063863
endloop
endfacet
facet normal -1.0 0.0 0.0
outer loop
vertex 4.2 15.512592044589875 -17.423504748063863
vertex 4.2 12.64828076115491 -17.01411109576749
vertex 4.2 15.594319042217766 -17.072996771088704
endloop
endfacet
facet normal -0.9999999999999999 0.0 0.0
outer loop
vertex 4.2 15.594319042217766 -17.072996771088704
vertex 4.2 12.70936484316203 -16.85181458305338
vertex 4.2 12.75970343966603 -16.68587046952168
endloop
endfacet
facet normal -0.9999999999999999 0.0 0.0
outer loop
vertex 4.2 15.652946737555958 -16.717894057210284
vertex 4.2 12.75970343966603 -16.68587046952168
vertex 4.2 12.79908099306856 -16.51698935334274
endloop
endfacet
facet normal -1.0 0.0 0.0
outer loop
vertex 4.2 15.652946737555958 -16.717894057210284
vertex 4.2 12.79908099306856 -16.51698935334274
vertex 4.2 12.827328882640597 -16.345894409383135
endloop
endfacet
facet normal -1.0 0.0 0.0
outer loop
vertex 4.2 15.688224077812318 -16.359717210765787
vertex 4.2 12.827328882640597 -16.345894409383135
vertex 4.2 12.844326146582299 -16.17331829245988
endloop
endfacet
facet normal -1.0 -0.0 0.0
outer loop
vertex 4.2 15.7 -16.0
vertex 4.2 12.844326146582299 -16.17331829245988
vertex 4.2 12.85 -16.0
endloop
endfacet
facet normal -1.0 0.0 0.0
outer loop
vertex 4.2 15.594319042217766 -17.072996771088704
vertex 4.2 12.75970343966603 -16.68587046952168
vertex 4.2 15.652946737555958 -16.717894057210284
endloop
endfacet
facet normal -1.0 0.0 0.0
outer loop
vertex 4.2 15.652946737555958 -16.717894057210284
vertex 4.2 12.827328882640597 -16.345894409383135
vertex 4.2 15.688224077812318 -16.359717210765787
endloop
endfacet
facet normal -1.0 0.0 0.0
outer loop
vertex 4.2 15.688224077812318 -16.359717210765787
vertex 4.2 12.844326146582299 -16.17331829245988
vertex 4.2 15.7 -16.0
endloop
endfacet
facet normal -0.0 -0.683592302022873 -0.7298640726978342
outer loop
vertex 4.2 6.573598016949621 -20.135118941134376
vertex 11.8 6.3109127034739885 -19.88908729652601
vertex 4.2 6.3109127034739885 -19.88908729652601
endloop
endfacet
facet normal 0.0 -0.41270702980439483 -0.9108638249211758
outer loop
vertex 4.2 7.767412203795493 -20.932800078429786
vertex 4.2 8.095241121992006 -21.081337428812077
vertex 11.8 7.767412203795493 -20.932800078429786
endloop
endfacet
facet normal 0.0 -0.5280678506503729 -0.8492021815265758
outer loop
vertex 4.2 7.144363718392187 -20.573082867664
vertex 4.2 7.449999999999999 -20.763139720814415
vertex 11.8 7.144363718392187 -20.573082867664
endloop
endfacet
facet normal -0.0 -0.5824776968678026 -0.8128466845916149
outer loop
vertex 4.2 7.144363718392187 -20.573082867664
vertex 11.8 6.851812140452036 -20.363443371601793
vertex 4.2 6.851812140452036 -20.363443371601793
endloop
endfacet
facet normal -0.0 -0.634393284163645 -0.7730104533627373
outer loop
vertex 4.2 6.851812140452036 -20.363443371601793
vertex 11.8 6.573598016949621 -20.135118941134376
vertex 4.2 6.573598016949621 -20.135118941134376
endloop
endfacet
facet normal -0.0 -0.4713967368259916 -0.8819212643483582
outer loop
vertex 4.2 7.767412203795493 -20.932800078429786
vertex 11.8 7.449999999999999 -20.763139720814415
vertex 4.2 7.449999999999999 -20.763139720814415
endloop
endfacet
facet normal 0.0 -0.352250047921239 -0.9359059267573235
outer loop
vertex 4.2 8.095241121992006 -21.081337428812077
vertex 4.2 8.432082940832611 -21.208115712223083
vertex 11.8 8.095241121992006 -21.081337428812077
endloop
endfacet
facet normal 0.0 -0.29028467725446117 -0.9569403357322093
outer loop
vertex 4.2 8.432082940832611 -21.208115712223083
vertex 4.2 8.776495251936135 -21.312592044589877
vertex 11.8 8.432082940832611 -21.208115712223083
endloop
endfacet
facet normal 0.0 -0.22707626303436648 -0.9738769792773352
outer loop
vertex 4.2 8.776495251936135 -21.312592044589877
vertex 4.2 9.127003228911294 -21.394319042217766
vertex 11.8 8.776495251936135 -21.312592044589877
endloop
endfacet
facet normal 0.0 -0.16289547339459445 -0.9866433320848782
outer loop
vertex 4.2 9.127003228911294 -21.394319042217766
vertex 4.2 9.482105942789715 -21.45294673755596
vertex 11.8 9.127003228911294 -21.394319042217766
endloop
endfacet
facet normal 0.0 -0.09801714032955677 -0.9951847266721972
outer loop
vertex 4.2 9.482105942789715 -21.45294673755596
vertex 4.2 9.840282789234212 -21.48822407781232
vertex 11.8 9.482105942789715 -21.45294673755596
endloop
endfacet
facet normal 0.0 -0.03271908282177687 -0.9994645874763656
outer loop
vertex 4.2 9.840282789234212 -21.48822407781232
vertex 4.2 10.2 -21.5
vertex 11.8 9.840282789234212 -21.48822407781232
endloop
endfacet
facet normal 0.0 0.03271908282177687 -0.9994645874763656
outer loop
vertex 4.2 10.2 -21.5
vertex 4.2 10.559717210765786 -21.48822407781232
vertex 11.8 10.2 -21.5
endloop
endfacet
facet normal 0.0 0.09801714032955677 -0.9951847266721972
outer loop
vertex 4.2 10.559717210765786 -21.48822407781232
vertex 4.2 10.917894057210283 -21.45294673755596
vertex 11.8 10.559717210765786 -21.48822407781232
endloop
endfacet
facet normal 0.0 0.16289547339459445 -0.9866433320848782
outer loop
vertex 4.2 10.917894057210283 -21.45294673755596
vertex 4.2 11.272996771088705 -21.394319042217766
vertex 11.8 10.917894057210283 -21.45294673755596
endloop
endfacet
facet normal 0.0 0.22707626303436648 -0.9738769792773352
outer loop
vertex 4.2 11.272996771088705 -21.394319042217766
vertex 4.2 11.623504748063864 -21.312592044589877
vertex 11.8 11.272996771088705 -21.394319042217766
endloop
endfacet
facet normal -0.0 -0.7730104533627382 -0.6343932841636438
outer loop
vertex 4.2 6.064881058865623 -19.62640198305038
vertex 11.8 5.836556628398206 -19.348187859547963
vertex 4.2 5.836556628398206 -19.348187859547963
endloop
endfacet
facet normal -0.0 -0.7298640726978342 -0.683592302022873
outer loop
vertex 4.2 6.3109127034739885 -19.88908729652601
vertex 11.8 6.064881058865623 -19.62640198305038
vertex 4.2 6.064881058865623 -19.62640198305038
endloop
endfacet
facet normal -0.0 -0.8128466845916157 -0.5824776968678015
outer loop
vertex 4.2 5.836556628398206 -19.348187859547963
vertex 11.8 5.6269171323360005 -19.05563628160781
vertex 4.2 5.6269171323360005 -19.05563628160781
endloop
endfacet
facet normal -0.0 -0.8492021815265767 -0.5280678506503715
outer loop
vertex 4.2 5.6269171323360005 -19.05563628160781
vertex 11.8 5.436860279185586 -18.75
vertex 4.2 5.436860279185586 -18.75
endloop
endfacet
facet normal -0.0 -0.881921264348355 -0.4713967368259975
outer loop
vertex 4.2 5.436860279185586 -18.75
vertex 11.8 5.267199921570214 -18.43258779620451
vertex 4.2 5.267199921570214 -18.43258779620451
endloop
endfacet
facet normal 0.0 -0.9108638249211776 -0.41270702980439117
outer loop
vertex 4.2 5.118662571187922 -18.104758878007992
vertex 4.2 5.267199921570214 -18.43258779620451
vertex 11.8 5.118662571187922 -18.104758878007992
endloop
endfacet
facet normal -0.0 -0.9359059267573246 -0.35225004792123626
outer loop
vertex 4.2 5.118662571187922 -18.104758878007992
vertex 11.8 4.991884287776918 -17.767917059167388
vertex 4.2 4.991884287776918 -17.767917059167388
endloop
endfacet
facet normal -0.0 -0.9569403357322098 -0.2902846772544598
outer loop
vertex 4.2 4.991884287776918 -17.767917059167388
vertex 11.8 4.887407955410124 -17.423504748063863
vertex 4.2 4.887407955410124 -17.423504748063863
endloop
endfacet
facet normal -0.0 -0.9738769792773336 -0.22707626303437348
outer loop
vertex 4.2 4.887407955410124 -17.423504748063863
vertex 11.8 4.805680957782232 -17.072996771088704
vertex 4.2 4.805680957782232 -17.072996771088704
endloop
endfacet
facet normal -0.0 -0.9866433320848788 -0.1628954733945904
outer loop
vertex 4.2 4.805680957782232 -17.072996771088704
vertex 11.8 4.747053262444042 -16.717894057210284
vertex 4.2 4.747053262444042 -16.717894057210284
endloop
endfacet
facet normal -0.0 -0.995184726672197 -0.09801714032955922
outer loop
vertex 4.2 4.747053262444042 -16.717894057210284
vertex 11.8 4.71177592218768 -16.359717210765787
vertex 4.2 4.71177592218768 -16.359717210765787
endloop
endfacet
facet normal -0.0 -0.9994645874763656 -0.03271908282177687
outer loop
vertex 4.2 4.71177592218768 -16.359717210765787
vertex 11.8 4.699999999999999 -16.0
vertex 4.2 4.699999999999999 -16.0
endloop
endfacet
facet normal 0.0 0.29028467725446117 -0.9569403357322093
outer loop
vertex 4.2 11.623504748063864 -21.312592044589877
vertex 4.2 11.967917059167387 -21.208115712223083
vertex 11.8 11.623504748063864 -21.312592044589877
endloop
endfacet
facet normal 0.0 0.352250047921239 -0.9359059267573235
outer loop
vertex 4.2 11.967917059167387 -21.208115712223083
vertex 4.2 12.304758878007993 -21.081337428812077
vertex 11.8 11.967917059167387 -21.208115712223083
endloop
endfacet
facet normal 0.0 0.41270702980439483 -0.9108638249211758
outer loop
vertex 4.2 12.304758878007993 -21.081337428812077
vertex 4.2 12.632587796204506 -20.932800078429786
vertex 11.8 12.304758878007993 -21.081337428812077
endloop
endfacet
facet normal 0.0 0.4713967368259916 -0.8819212643483582
outer loop
vertex 4.2 12.632587796204506 -20.932800078429786
vertex 4.2 12.95 -20.763139720814415
vertex 11.8 12.632587796204506 -20.932800078429786
endloop
endfacet
facet normal 0.0 0.5280678506503729 -0.8492021815265758
outer loop
vertex 4.2 12.95 -20.763139720814415
vertex 4.2 13.255636281607812 -20.573082867664
vertex 11.8 12.95 -20.763139720814415
endloop
endfacet
facet normal 0.0 0.5824776968678038 -0.812846684591614
outer loop
vertex 4.2 13.255636281607812 -20.573082867664
vertex 4.2 13.548187859547962 -20.363443371601793
vertex 11.8 13.255636281607812 -20.573082867664
endloop
endfacet
facet normal 0.0 0.6343932841636438 -0.7730104533627382
outer loop
vertex 4.2 13.548187859547962 -20.363443371601793
vertex 4.2 13.826401983050378 -20.135118941134376
vertex 11.8 13.548187859547962 -20.363443371601793
endloop
endfacet
facet normal 0.0 0.683592302022873 -0.7298640726978342
outer loop
vertex 4.2 13.826401983050378 -20.135118941134376
vertex 4.2 14.08908729652601 -19.88908729652601
vertex 11.8 13.826401983050378 -20.135118941134376
endloop
endfacet
facet normal 0.0 0.7298640726978342 -0.683592302022873
outer loop
vertex 4.2 14.08908729652601 -19.88908729652601
vertex 4.2 14.335118941134375 -19.62640198305038
vertex 11.8 14.08908729652601 -19.88908729652601
endloop
endfacet
facet normal 0.0 0.7730104533627382 -0.6343932841636438
outer loop
vertex 4.2 14.335118941134375 -19.62640198305038
vertex 4.2 14.563443371601792 -19.348187859547963
vertex 11.8 14.335118941134375 -19.62640198305038
endloop
endfacet
facet normal 0.0 0.8128466845916145 -0.5824776968678032
outer loop
vertex 4.2 14.563443371601792 -19.348187859547963
vertex 4.2 14.66963329003227 -19.2
vertex 11.8 14.66963329003227 -19.2
endloop
endfacet
facet normal -1.0 0.0 0.0
outer loop
vertex 4.2 4.699999999999999 -16.0
vertex 4.2 4.71177592218768 -15.640282789234213
vertex 4.2 7.5556738534177 -15.826681707540121
endloop
endfacet
facet normal -1.0 0.0 0.0
outer loop
vertex 4.2 4.71177592218768 -15.640282789234213
vertex 4.2 4.747053262444042 -15.282105942789716
vertex 4.2 7.572671117359402 -15.654105590616863
endloop
endfacet
facet normal -1.0 0.0 0.0
outer loop
vertex 4.2 4.747053262444042 -15.282105942789716
vertex 4.2 4.805680957782232 -14.927003228911294
vertex 4.2 7.640296560333969 -15.31412953047832
endloop
endfacet
facet normal -1.0 0.0 0.0
outer loop
vertex 4.2 4.805680957782232 -14.927003228911294
vertex 4.2 4.887407955410124 -14.576495251936135
vertex 4.2 7.751719238845089 -14.985888904232512
endloop
endfacet
facet normal -1.0 0.0 0.0
outer loop
vertex 4.2 4.887407955410124 -14.576495251936135
vertex 4.2 4.991884287776918 -14.232082940832612
vertex 4.2 7.905032679971237 -14.675
endloop
endfacet
facet normal -1.0 0.0 0.0
outer loop
vertex 4.2 4.991884287776918 -14.232082940832612
vertex 4.2 5.118662571187922 -13.895241121992006
vertex 4.2 8.20762451018071 -14.252733589984818
endloop
endfacet
facet normal -1.0 0.0 -0.0
outer loop
vertex 4.2 4.699999999999999 -16.0
vertex 4.2 7.5556738534177 -15.826681707540121
vertex 4.2 7.549999999999999 -16.0
endloop
endfacet
facet normal -1.0 0.0 -0.0
outer loop
vertex 4.2 4.71177592218768 -15.640282789234213
vertex 4.2 7.572671117359402 -15.654105590616863
vertex 4.2 7.5556738534177 -15.826681707540121
endloop
endfacet
facet normal -1.0 0.0 -0.0
outer loop
vertex 4.2 4.747053262444042 -15.282105942789716
vertex 4.2 7.600919006931439 -15.48301064665726
vertex 4.2 7.572671117359402 -15.654105590616863
endloop
endfacet
facet normal -1.0 0.0 -0.0
outer loop
vertex 4.2 4.747053262444042 -15.282105942789716
vertex 4.2 7.640296560333969 -15.31412953047832
vertex 4.2 7.600919006931439 -15.48301064665726
endloop
endfacet
facet normal -0.9999999999999999 0.0 -0.0
outer loop
vertex 4.2 4.805680957782232 -14.927003228911294
vertex 4.2 7.690635156837969 -15.148185416946621
vertex 4.2 7.640296560333969 -15.31412953047832
endloop
endfacet
facet normal -1.0 0.0 -0.0
outer loop
vertex 4.2 4.805680957782232 -14.927003228911294
vertex 4.2 7.751719238845089 -14.985888904232512
vertex 4.2 7.690635156837969 -15.148185416946621
endloop
endfacet
facet normal -1.0 0.0 -0.0
outer loop
vertex 4.2 4.887407955410124 -14.576495251936135
vertex 4.2 7.823287234938375 -14.827934970919646
vertex 4.2 7.751719238845089 -14.985888904232512
endloop
endfacet
facet normal -1.0 0.0 -0.0
outer loop
vertex 4.2 4.887407955410124 -14.576495251936135
vertex 4.2 7.905032679971237 -14.675
vertex 4.2 7.823287234938375 -14.827934970919646
endloop
endfacet
facet normal -1.0 0.0 -0.0
outer loop
vertex 4.2 4.991884287776918 -14.232082940832612
vertex 4.2 7.996605527398255 -14.527738882498054
vertex 4.2 7.905032679971237 -14.675
endloop
endfacet
facet normal -1.0 0.0 -0.0
outer loop
vertex 4.2 4.991884287776918 -14.232082940832612
vertex 4.2 8.097613648228226 -14.38678221312689
vertex 4.2 7.996605527398255 -14.527738882498054
endloop
endfacet
facet normal -1.0 0.0 -0.0
outer loop
vertex 4.2 4.991884287776918 -14.232082940832612
vertex 4.2 8.20762451018071 -14.252733589984818
vertex 4.2 8.097613648228226 -14.38678221312689
endloop
endfacet
facet normal -1.0 0.0 -0.0
outer loop
vertex 4.2 5.118662571187922 -13.895241121992006
vertex 4.2 8.326167029855648 -14.12616702985565
vertex 4.2 8.20762451018071 -14.252733589984818
endloop
endfacet
facet normal -1.0 0.0 0.0
outer loop
vertex 4.2 5.118662571187922 -13.895241121992006
vertex 4.2 5.267199921570214 -13.567412203795493
vertex 4.2 8.58678221312689 -13.897613648228226
endloop
endfacet
facet normal -1.0 0.0 0.0
outer loop
vertex 4.2 5.267199921570214 -13.567412203795493
vertex 4.2 5.436860279185586 -13.25
vertex 4.2 9.027934970919645 -13.623287234938376
endloop
endfacet
facet normal -1.0 0.0 -0.0
outer loop
vertex 4.2 5.118662571187922 -13.895241121992006
vertex 4.2 8.452733589984817 -14.00762451018071
vertex 4.2 8.326167029855648 -14.12616702985565
endloop
endfacet
facet normal -1.0 0.0 -0.0
outer loop
vertex 4.2 5.118662571187922 -13.895241121992006
vertex 4.2 8.58678221312689 -13.897613648228226
vertex 4.2 8.452733589984817 -14.00762451018071
endloop
endfacet
facet normal -1.0 0.0 -0.0
outer loop
vertex 4.2 5.267199921570214 -13.567412203795493
vertex 4.2 8.727738882498054 -13.796605527398256
vertex 4.2 8.58678221312689 -13.897613648228226
endloop
endfacet
facet normal -1.0 0.0 -0.0
outer loop
vertex 4.2 5.267199921570214 -13.567412203795493
vertex 4.2 8.875 -13.705032679971238
vertex 4.2 8.727738882498054 -13.796605527398256
endloop
endfacet
facet normal -1.0 0.0 -0.0
outer loop
vertex 4.2 5.267199921570214 -13.567412203795493
vertex 4.2 9.027934970919645 -13.623287234938376
vertex 4.2 8.875 -13.705032679971238
endloop
endfacet
facet normal -1.0 0.0 -0.0
outer loop
vertex 4.2 5.436860279185586 -13.25
vertex 4.2 9.185888904232511 -13.55171923884509
vertex 4.2 9.027934970919645 -13.623287234938376
endloop
endfacet
facet normal -1.0 0.0 -0.0
outer loop
vertex 4.2 5.436860279185586 -13.25
vertex 4.2 9.34818541694662 -13.49063515683797
vertex 4.2 9.185888904232511 -13.55171923884509
endloop
endfacet
facet normal -1.0 0.0 -0.0
outer loop
vertex 4.2 5.436860279185586 -13.25
vertex 4.2 9.51412953047832 -13.44029656033397
vertex 4.2 9.34818541694662 -13.49063515683797
endloop
endfacet
facet normal -0.9999999999999999 0.0 -0.0
outer loop
vertex 4.2 5.436860279185586 -13.25
vertex 4.2 9.683010646657259 -13.400919006931439
vertex 4.2 9.51412953047832 -13.44029656033397
endloop
endfacet
facet normal -1.0 0.0 -0.0
outer loop
vertex 4.2 5.436860279185586 -13.25
vertex 4.2 9.854105590616863 -13.372671117359403
vertex 4.2 9.683010646657259 -13.400919006931439
endloop
endfacet
facet normal -1.0 0.0 -0.0
outer loop
vertex 4.2 5.436860279185586 -13.25
vertex 4.2 10.02668170754012 -13.3556738534177
vertex 4.2 9.854105590616863 -13.372671117359403
endloop
endfacet
facet normal -1.0 0.0 -0.0
outer loop
vertex 4.2 5.436860279185586 -13.25
vertex 4.2 10.2 -13.35
vertex 4.2 10.02668170754012 -13.3556738534177
endloop
endfacet
facet normal -1.0 0.0 0.0
outer loop
vertex 4.2 5.436860279185586 -13.25
vertex 4.2 5.6269171323360005 -12.944363718392188
vertex 4.2 14.963139720814413 -13.25
endloop
endfacet
facet normal -1.0 0.0 0.0
outer loop
vertex 4.2 5.6269171323360005 -12.944363718392188
vertex 4.2 5.836556628398206 -12.651812140452037
vertex 4.2 14.773082867663998 -12.944363718392188
endloop
endfacet
facet normal -1.0 0.0 0.0
outer loop
vertex 4.2 5.836556628398206 -12.651812140452037
vertex 4.2 6.064881058865623 -12.373598016949622
vertex 4.2 14.563443371601792 -12.651812140452037
endloop
endfacet
facet normal -1.0 0.0 0.0
outer loop
vertex 4.2 6.064881058865623 -12.373598016949622
vertex 4.2 6.3109127034739885 -12.11091270347399
vertex 4.2 14.335118941134375 -12.373598016949622
endloop
endfacet
facet normal -1.0 0.0 -0.0
outer loop
vertex 4.2 5.436860279185586 -13.25
vertex 4.2 14.963139720814413 -13.25
vertex 4.2 10.2 -13.35
endloop
endfacet
facet normal -0.9999999999999999 0.0 0.0
outer loop
vertex 4.2 6.3109127034739885 -12.11091270347399
vertex 4.2 14.08908729652601 -12.11091270347399
vertex 4.2 14.335118941134375 -12.373598016949622
endloop
endfacet
facet normal -1.0 0.0 0.0
outer loop
vertex 4.2 6.3109127034739885 -12.11091270347399
vertex 4.2 6.573598016949621 -11.864881058865624
vertex 4.2 14.08908729652601 -12.11091270347399
endloop
endfacet
facet normal -1.0 0.0 0.0
outer loop
vertex 4.2 6.573598016949621 -11.864881058865624
vertex 4.2 6.851812140452036 -11.636556628398207
vertex 4.2 13.826401983050378 -11.864881058865624
endloop
endfacet
facet normal -1.0 0.0 0.0
outer loop
vertex 4.2 6.851812140452036 -11.636556628398207
vertex 4.2 7.144363718392187 -11.426917132336001
vertex 4.2 13.548187859547962 -11.636556628398207
endloop
endfacet
facet normal -1.0 0.0 0.0
outer loop
vertex 4.2 7.144363718392187 -11.426917132336001
vertex 4.2 7.449999999999999 -11.236860279185587
vertex 4.2 13.255636281607812 -11.426917132336001
endloop
endfacet
facet normal -1.0 0.0 0.0
outer loop
vertex 4.2 7.449999999999999 -11.236860279185587
vertex 4.2 7.767412203795493 -11.067199921570214
vertex 4.2 12.95 -11.236860279185587
endloop
endfacet
facet normal -1.0 0.0 0.0
outer loop
vertex 4.2 7.767412203795493 -11.067199921570214
vertex 4.2 8.095241121992006 -10.918662571187923
vertex 4.2 12.632587796204506 -11.067199921570214
endloop
endfacet
facet normal -1.0 0.0 0.0
outer loop
vertex 4.2 8.095241121992006 -10.918662571187923
vertex 4.2 8.432082940832611 -10.791884287776918
vertex 4.2 12.304758878007993 -10.918662571187923
endloop
endfacet
facet normal -1.0 0.0 0.0
outer loop
vertex 4.2 8.432082940832611 -10.791884287776918
vertex 4.2 8.776495251936135 -10.687407955410125
vertex 4.2 11.967917059167387 -10.791884287776918
endloop
endfacet
facet normal -1.0 0.0 0.0
outer loop
vertex 4.2 8.776495251936135 -10.687407955410125
vertex 4.2 9.127003228911294 -10.605680957782234
vertex 4.2 11.623504748063864 -10.687407955410125
endloop
endfacet
facet normal -1.0 0.0 0.0
outer loop
vertex 4.2 6.573598016949621 -11.864881058865624
vertex 4.2 13.826401983050378 -11.864881058865624
vertex 4.2 14.08908729652601 -12.11091270347399
endloop
endfacet
facet normal -1.0 0.0 0.0
outer loop
vertex 4.2 6.851812140452036 -11.636556628398207
vertex 4.2 13.548187859547962 -11.636556628398207
vertex 4.2 13.826401983050378 -11.864881058865624
endloop
endfacet
facet normal -1.0 0.0 0.0
outer loop
vertex 4.2 7.144363718392187 -11.426917132336001
vertex 4.2 13.255636281607812 -11.426917132336001
vertex 4.2 13.548187859547962 -11.636556628398207
endloop
endfacet
facet normal -1.0 0.0 0.0
outer loop
vertex 4.2 7.449999999999999 -11.236860279185587
vertex 4.2 12.95 -11.236860279185587
vertex 4.2 13.255636281607812 -11.426917132336001
endloop
endfacet
facet normal -1.0 0.0 0.0
outer loop
vertex 4.2 9.127003228911294 -10.605680957782234
vertex 4.2 9.482105942789715 -10.547053262444042
vertex 4.2 11.272996771088705 -10.605680957782234
endloop
endfacet
facet normal -1.0 0.0 0.0
outer loop
vertex 4.2 9.482105942789715 -10.547053262444042
vertex 4.2 9.840282789234212 -10.511775922187681
vertex 4.2 10.917894057210283 -10.547053262444042
endloop
endfacet
facet normal -1.0 0.0 0.0
outer loop
vertex 4.2 9.840282789234212 -10.511775922187681
vertex 4.2 10.2 -10.5
vertex 4.2 10.559717210765786 -10.511775922187681
endloop
endfacet
facet normal -1.0 0.0 0.0
outer loop
vertex 4.2 9.840282789234212 -10.511775922187681
vertex 4.2 10.559717210765786 -10.511775922187681
vertex 4.2 10.917894057210283 -10.547053262444042
endloop
endfacet
facet normal -1.0 0.0 0.0
outer loop
vertex 4.2 9.482105942789715 -10.547053262444042
vertex 4.2 10.917894057210283 -10.547053262444042
vertex 4.2 11.272996771088705 -10.605680957782234
endloop
endfacet
facet normal -0.9999999999999999 0.0 0.0
outer loop
vertex 4.2 9.127003228911294 -10.605680957782234
vertex 4.2 11.272996771088705 -10.605680957782234
vertex 4.2 11.623504748063864 -10.687407955410125
endloop
endfacet
facet normal -1.0 0.0 0.0
outer loop
vertex 4.2 7.767412203795493 -11.067199921570214
vertex 4.2 12.632587796204506 -11.067199921570214
vertex 4.2 12.95 -11.236860279185587
endloop
endfacet
facet normal -1.0 0.0 0.0
outer loop
vertex 4.2 8.095241121992006 -10.918662571187923
vertex 4.2 12.304758878007993 -10.918662571187923
vertex 4.2 12.632587796204506 -11.067199921570214
endloop
endfacet
facet normal -1.0 0.0 0.0
outer loop
vertex 4.2 8.432082940832611 -10.791884287776918
vertex 4.2 11.967917059167387 -10.791884287776918
vertex 4.2 12.304758878007993 -10.918662571187923
endloop
endfacet
facet normal -1.0 0.0 0.0
outer loop
vertex 4.2 8.776495251936135 -10.687407955410125
vertex 4.2 11.623504748063864 -10.687407955410125
vertex 4.2 11.967917059167387 -10.791884287776918
endloop
endfacet
facet normal -1.0 -0.0 0.0
outer loop
vertex 4.2 15.408115712223081 -14.232082940832612
vertex 4.2 12.19237548981929 -14.252733589984818
vertex 4.2 12.07383297014435 -14.12616702985565
endloop
endfacet
facet normal -1.0 -0.0 0.0
outer loop
vertex 4.2 15.408115712223081 -14.232082940832612
vertex 4.2 12.302386351771773 -14.38678221312689
vertex 4.2 12.19237548981929 -14.252733589984818
endloop
endfacet
facet normal -1.0 0.0 0.0
outer loop
vertex 4.2 15.408115712223081 -14.232082940832612
vertex 4.2 12.07383297014435 -14.12616702985565
vertex 4.2 11.947266410015182 -14.00762451018071
endloop
endfacet
facet normal -1.0 -0.0 0.0
outer loop
vertex 4.2 15.688224077812318 -15.640282789234213
vertex 4.2 12.844326146582299 -15.826681707540121
vertex 4.2 12.827328882640597 -15.654105590616863
endloop
endfacet
facet normal -1.0 -0.0 0.0
outer loop
vertex 4.2 15.688224077812318 -15.640282789234213
vertex 4.2 12.827328882640597 -15.654105590616863
vertex 4.2 12.79908099306856 -15.48301064665726
endloop
endfacet
facet normal -1.0 0.0 0.0
outer loop
vertex 4.2 15.7 -16.0
vertex 4.2 12.85 -16.0
vertex 4.2 12.844326146582299 -15.826681707540121
endloop
endfacet
facet normal -1.0 -0.0 0.0
outer loop
vertex 4.2 15.652946737555958 -15.282105942789716
vertex 4.2 12.79908099306856 -15.48301064665726
vertex 4.2 12.75970343966603 -15.31412953047832
endloop
endfacet
facet normal -1.0 -0.0 0.0
outer loop
vertex 4.2 15.652946737555958 -15.282105942789716
vertex 4.2 12.75970343966603 -15.31412953047832
vertex 4.2 12.70936484316203 -15.148185416946621
endloop
endfacet
facet normal -1.0 0.0 0.0
outer loop
vertex 4.2 15.7 -16.0
vertex 4.2 12.844326146582299 -15.826681707540121
vertex 4.2 15.688224077812318 -15.640282789234213
endloop
endfacet
facet normal -1.0 0.0 0.0
outer loop
vertex 4.2 15.652946737555958 -15.282105942789716
vertex 4.2 12.70936484316203 -15.148185416946621
vertex 4.2 15.594319042217766 -14.927003228911294
endloop
endfacet
facet normal -1.0 0.0 0.0
outer loop
vertex 4.2 15.688224077812318 -15.640282789234213
vertex 4.2 12.79908099306856 -15.48301064665726
vertex 4.2 15.652946737555958 -15.282105942789716
endloop
endfacet
facet normal -1.0 -0.0 0.0
outer loop
vertex 4.2 15.594319042217766 -14.927003228911294
vertex 4.2 12.70936484316203 -15.148185416946621
vertex 4.2 12.64828076115491 -14.985888904232512
endloop
endfacet
facet normal -0.9999999999999999 -0.0 0.0
outer loop
vertex 4.2 15.594319042217766 -14.927003228911294
vertex 4.2 12.64828076115491 -14.985888904232512
vertex 4.2 12.576712765061624 -14.827934970919646
endloop
endfacet
facet normal -1.0 -0.0 0.0
outer loop
vertex 4.2 15.512592044589875 -14.576495251936135
vertex 4.2 12.576712765061624 -14.827934970919646
vertex 4.2 12.494967320028762 -14.675
endloop
endfacet
facet normal -0.9999999999999999 -0.0 0.0
outer loop
vertex 4.2 15.512592044589875 -14.576495251936135
vertex 4.2 12.494967320028762 -14.675
vertex 4.2 12.403394472601743 -14.527738882498054
endloop
endfacet
facet normal -1.0 0.0 0.0
outer loop
vertex 4.2 15.512592044589875 -14.576495251936135
vertex 4.2 12.403394472601743 -14.527738882498054
vertex 4.2 12.302386351771773 -14.38678221312689
endloop
endfacet
facet normal -1.0 -0.0 -0.0
outer loop
vertex 4.2 15.512592044589875 -14.576495251936135
vertex 4.2 15.594319042217766 -14.927003228911294
vertex 4.2 12.576712765061624 -14.827934970919646
endloop
endfacet
facet normal -1.0 0.0 0.0
outer loop
vertex 4.2 15.512592044589875 -14.576495251936135
vertex 4.2 12.302386351771773 -14.38678221312689
vertex 4.2 15.408115712223081 -14.232082940832612
endloop
endfacet
facet normal -1.0 -0.0 0.0
outer loop
vertex 4.2 14.963139720814413 -13.25
vertex 4.2 10.545894409383136 -13.372671117359403
vertex 4.2 10.373318292459878 -13.3556738534177
endloop
endfacet
facet normal -1.0 -0.0 0.0
outer loop
vertex 4.2 14.963139720814413 -13.25
vertex 4.2 10.373318292459878 -13.3556738534177
vertex 4.2 10.2 -13.35
endloop
endfacet
facet normal -1.0 0.0 0.0
outer loop
vertex 4.2 15.132800078429785 -13.567412203795493
vertex 4.2 10.885870469521679 -13.44029656033397
vertex 4.2 10.71698935334274 -13.400919006931439
endloop
endfacet
facet normal -0.9999999999999999 -0.0 0.0
outer loop
vertex 4.2 14.963139720814413 -13.25
vertex 4.2 10.71698935334274 -13.400919006931439
vertex 4.2 10.545894409383136 -13.372671117359403
endloop
endfacet
facet normal -1.0 0.0 0.0
outer loop
vertex 4.2 15.132800078429785 -13.567412203795493
vertex 4.2 11.051814583053378 -13.49063515683797
vertex 4.2 10.885870469521679 -13.44029656033397
endloop
endfacet
facet normal -1.0 0.0 0.0
outer loop
vertex 4.2 15.132800078429785 -13.567412203795493
vertex 4.2 11.214111095767487 -13.55171923884509
vertex 4.2 11.051814583053378 -13.49063515683797
endloop
endfacet
facet normal -1.0 -0.0 0.0
outer loop
vertex 4.2 15.281337428812076 -13.895241121992006
vertex 4.2 11.813217786873109 -13.897613648228226
vertex 4.2 11.672261117501945 -13.796605527398256
endloop
endfacet
facet normal -0.9999999999999999 -0.0 0.0
outer loop
vertex 4.2 15.132800078429785 -13.567412203795493
vertex 4.2 11.372065029080353 -13.623287234938376
vertex 4.2 11.214111095767487 -13.55171923884509
endloop
endfacet
facet normal -1.0 -0.0 0.0
outer loop
vertex 4.2 15.132800078429785 -13.567412203795493
vertex 4.2 11.524999999999999 -13.705032679971238
vertex 4.2 11.372065029080353 -13.623287234938376
endloop
endfacet
facet normal -1.0 0.0 0.0
outer loop
vertex 4.2 15.281337428812076 -13.895241121992006
vertex 4.2 11.672261117501945 -13.796605527398256
vertex 4.2 11.524999999999999 -13.705032679971238
endloop
endfacet
facet normal -1.0 -0.0 0.0
outer loop
vertex 4.2 15.281337428812076 -13.895241121992006
vertex 4.2 11.947266410015182 -14.00762451018071
vertex 4.2 11.813217786873109 -13.897613648228226
endloop
endfacet
facet normal -1.0 0.0 0.0
outer loop
vertex 4.2 5.6269171323360005 -12.944363718392188
vertex 4.2 14.773082867663998 -12.944363718392188
vertex 4.2 14.963139720814413 -13.25
endloop
endfacet
facet normal -1.0 0.0 0.0
outer loop
vertex 4.2 5.836556628398206 -12.651812140452037
vertex 4.2 14.66963329003227 -12.8
vertex 4.2 14.773082867663998 -12.944363718392188
endloop
endfacet
facet normal -1.0 0.0 0.0
outer loop
vertex 4.2 5.836556628398206 -12.651812140452037
vertex 4.2 14.563443371601792 -12.651812140452037
vertex 4.2 14.66963329003227 -12.8
endloop
endfacet
facet normal -1.0 0.0 0.0
outer loop
vertex 4.2 6.064881058865623 -12.373598016949622
vertex 4.2 14.335118941134375 -12.373598016949622
vertex 4.2 14.563443371601792 -12.651812140452037
endloop
endfacet
facet normal -1.0 0.0 0.0
outer loop
vertex 4.2 15.408115712223081 -14.232082940832612
vertex 4.2 11.947266410015182 -14.00762451018071
vertex 4.2 15.281337428812076 -13.895241121992006
endloop
endfacet
facet normal -1.0 0.0 0.0
outer loop
vertex 4.2 15.281337428812076 -13.895241121992006
vertex 4.2 11.524999999999999 -13.705032679971238
vertex 4.2 15.132800078429785 -13.567412203795493
endloop
endfacet
facet normal -1.0 -0.0 -0.0
outer loop
vertex 4.2 14.963139720814413 -13.25
vertex 4.2 15.132800078429785 -13.567412203795493
vertex 4.2 10.71698935334274 -13.400919006931439
endloop
endfacet
facet normal 0.0 -0.9994645874763656 0.03271908282177687
outer loop
vertex 4.2 4.699999999999999 -16.0
vertex 11.8 4.71177592218768 -15.640282789234213
vertex 4.2 4.71177592218768 -15.640282789234213
endloop
endfacet
facet normal 0.0 -0.995184726672197 0.09801714032955922
outer loop
vertex 4.2 4.71177592218768 -15.640282789234213
vertex 11.8 4.747053262444042 -15.282105942789716
vertex 4.2 4.747053262444042 -15.282105942789716
endloop
endfacet
facet normal 0.0 -0.9866433320848788 0.16289547339458962
outer loop
vertex 4.2 4.747053262444042 -15.282105942789716
vertex 11.8 4.805680957782232 -14.927003228911294
vertex 4.2 4.805680957782232 -14.927003228911294
endloop
endfacet
facet normal 0.0 -0.9738769792773336 0.22707626303437348
outer loop
vertex 4.2 4.805680957782232 -14.927003228911294
vertex 11.8 4.887407955410124 -14.576495251936135
vertex 4.2 4.887407955410124 -14.576495251936135
endloop
endfacet
facet normal 0.0 -0.9569403357322093 0.29028467725446117
outer loop
vertex 4.2 4.887407955410124 -14.576495251936135
vertex 11.8 4.991884287776918 -14.232082940832612
vertex 4.2 4.991884287776918 -14.232082940832612
endloop
endfacet
facet normal 0.0 -0.9359059267573252 0.35225004792123465
outer loop
vertex 4.2 4.991884287776918 -14.232082940832612
vertex 11.8 5.118662571187922 -13.895241121992006
vertex 4.2 5.118662571187922 -13.895241121992006
endloop
endfacet
facet normal 0.0 -0.9108638249211758 0.41270702980439483
outer loop
vertex 4.2 5.118662571187922 -13.895241121992006
vertex 11.8 5.267199921570214 -13.567412203795493
vertex 4.2 5.267199921570214 -13.567412203795493
endloop
endfacet
facet normal 0.0 -0.8819212643483562 0.4713967368259955
outer loop
vertex 4.2 5.267199921570214 -13.567412203795493
vertex 11.8 5.436860279185586 -13.25
vertex 4.2 5.436860279185586 -13.25
endloop
endfacet
facet normal 0.0 -0.8492021815265782 0.5280678506503694
outer loop
vertex 4.2 5.436860279185586 -13.25
vertex 11.8 5.6269171323360005 -12.944363718392188
vertex 4.2 5.6269171323360005 -12.944363718392188
endloop
endfacet
facet normal 0.0 -0.812846684591614 0.5824776968678038
outer loop
vertex 4.2 5.6269171323360005 -12.944363718392188
vertex 11.8 5.836556628398206 -12.651812140452037
vertex 4.2 5.836556628398206 -12.651812140452037
endloop
endfacet
facet normal 0.0 -0.7730104533627382 0.6343932841636438
outer loop
vertex 4.2 5.836556628398206 -12.651812140452037
vertex 11.8 6.064881058865623 -12.373598016949622
vertex 4.2 6.064881058865623 -12.373598016949622
endloop
endfacet
facet normal 0.0 -0.7298640726978342 0.683592302022873
outer loop
vertex 4.2 6.064881058865623 -12.373598016949622
vertex 11.8 6.3109127034739885 -12.11091270347399
vertex 4.2 6.3109127034739885 -12.11091270347399
endloop
endfacet
facet normal 0.0 -0.683592302022873 0.7298640726978342
outer loop
vertex 4.2 6.3109127034739885 -12.11091270347399
vertex 11.8 6.573598016949621 -11.864881058865624
vertex 4.2 6.573598016949621 -11.864881058865624
endloop
endfacet
facet normal 0.0 -0.634393284163645 0.7730104533627373
outer loop
vertex 4.2 6.573598016949621 -11.864881058865624
vertex 11.8 6.851812140452036 -11.636556628398207
vertex 4.2 6.851812140452036 -11.636556628398207
endloop
endfacet
facet normal 0.0 -0.5824776968678026 0.8128466845916149
outer loop
vertex 4.2 6.851812140452036 -11.636556628398207
vertex 11.8 7.144363718392187 -11.426917132336001
vertex 4.2 7.144363718392187 -11.426917132336001
endloop
endfacet
facet normal 0.0 -0.5280678506503694 0.8492021815265782
outer loop
vertex 4.2 7.144363718392187 -11.426917132336001
vertex 11.8 7.449999999999999 -11.236860279185587
vertex 4.2 7.449999999999999 -11.236860279185587
endloop
endfacet
facet normal 0.0 -0.4713967368259955 0.8819212643483562
outer loop
vertex 4.2 7.449999999999999 -11.236860279185587
vertex 11.8 7.767412203795493 -11.067199921570214
vertex 4.2 7.767412203795493 -11.067199921570214
endloop
endfacet
facet normal 0.0 -0.41270702980439483 0.9108638249211758
outer loop
vertex 4.2 7.767412203795493 -11.067199921570214
vertex 11.8 8.095241121992006 -10.918662571187923
vertex 4.2 8.095241121992006 -10.918662571187923
endloop
endfacet
facet normal 0.0 -0.35225004792123465 0.9359059267573252
outer loop
vertex 4.2 8.095241121992006 -10.918662571187923
vertex 11.8 8.432082940832611 -10.791884287776918
vertex 4.2 8.432082940832611 -10.791884287776918
endloop
endfacet
facet normal 0.0 -0.29028467725446117 0.9569403357322093
outer loop
vertex 4.2 8.432082940832611 -10.791884287776918
vertex 11.8 8.776495251936135 -10.687407955410125
vertex 4.2 8.776495251936135 -10.687407955410125
endloop
endfacet
facet normal 0.0 -0.22707626303437112 0.9738769792773341
outer loop
vertex 4.2 8.776495251936135 -10.687407955410125
vertex 11.8 9.127003228911294 -10.605680957782234
vertex 4.2 9.127003228911294 -10.605680957782234
endloop
endfacet
facet normal 0.0 -0.16289547339459445 0.9866433320848782
outer loop
vertex 4.2 9.127003228911294 -10.605680957782234
vertex 11.8 9.482105942789715 -10.547053262444042
vertex 4.2 9.482105942789715 -10.547053262444042
endloop
endfacet
facet normal 0.0 -0.09801714032955677 0.9951847266721972
outer loop
vertex 4.2 9.482105942789715 -10.547053262444042
vertex 11.8 9.840282789234212 -10.511775922187681
vertex 4.2 9.840282789234212 -10.511775922187681
endloop
endfacet
facet normal 0.0 -0.03271908282177687 0.9994645874763656
outer loop
vertex 4.2 9.840282789234212 -10.511775922187681
vertex 11.8 10.2 -10.5
vertex 4.2 10.2 -10.5
endloop
endfacet
facet normal 0.0 0.03271908282177687 0.9994645874763656
outer loop
vertex 4.2 10.2 -10.5
vertex 11.8 10.559717210765786 -10.511775922187681
vertex 4.2 10.559717210765786 -10.511775922187681
endloop
endfacet
facet normal 0.0 0.22707626303437112 0.9738769792773341
outer loop
vertex 4.2 11.623504748063864 -10.687407955410125
vertex 4.2 11.272996771088705 -10.605680957782234
vertex 11.8 11.623504748063864 -10.687407955410125
endloop
endfacet
facet normal 0.0 0.09801714032955677 0.9951847266721972
outer loop
vertex 4.2 10.559717210765786 -10.511775922187681
vertex 11.8 10.917894057210283 -10.547053262444042
vertex 4.2 10.917894057210283 -10.547053262444042
endloop
endfacet
facet normal 0.0 0.16289547339459445 0.9866433320848782
outer loop
vertex 4.2 10.917894057210283 -10.547053262444042
vertex 11.8 11.272996771088705 -10.605680957782234
vertex 4.2 11.272996771088705 -10.605680957782234
endloop
endfacet
facet normal -0.0 0.8128466845916145 0.5824776968678032
outer loop
vertex 4.2 14.563443371601792 -12.651812140452037
vertex 11.8 14.563443371601792 -12.651812140452037
vertex 4.2 14.66963329003227 -12.8
endloop
endfacet
facet normal 0.0 0.7730104533627382 0.6343932841636438
outer loop
vertex 4.2 14.563443371601792 -12.651812140452037
vertex 4.2 14.335118941134375 -12.373598016949622
vertex 11.8 14.563443371601792 -12.651812140452037
endloop
endfacet
facet normal 0.0 0.7298640726978342 0.683592302022873
outer loop
vertex 4.2 14.08908729652601 -12.11091270347399
vertex 11.8 14.335118941134375 -12.373598016949622
vertex 4.2 14.335118941134375 -12.373598016949622
endloop
endfacet
facet normal 0.0 0.4713967368259955 0.8819212643483562
outer loop
vertex 4.2 12.95 -11.236860279185587
vertex 4.2 12.632587796204506 -11.067199921570214
vertex 11.8 12.95 -11.236860279185587
endloop
endfacet
facet normal 0.0 0.5280678506503694 0.8492021815265782
outer loop
vertex 4.2 13.255636281607812 -11.426917132336001
vertex 4.2 12.95 -11.236860279185587
vertex 11.8 13.255636281607812 -11.426917132336001
endloop
endfacet
facet normal 0.0 0.29028467725446117 0.9569403357322093
outer loop
vertex 4.2 11.623504748063864 -10.687407955410125
vertex 11.8 11.967917059167387 -10.791884287776918
vertex 4.2 11.967917059167387 -10.791884287776918
endloop
endfacet
facet normal 0.0 0.35225004792123465 0.9359059267573252
outer loop
vertex 4.2 11.967917059167387 -10.791884287776918
vertex 11.8 12.304758878007993 -10.918662571187923
vertex 4.2 12.304758878007993 -10.918662571187923
endloop
endfacet
facet normal 0.0 0.41270702980439483 0.9108638249211758
outer loop
vertex 4.2 12.304758878007993 -10.918662571187923
vertex 11.8 12.632587796204506 -11.067199921570214
vertex 4.2 12.632587796204506 -11.067199921570214
endloop
endfacet
facet normal 0.0 0.6343932841636438 0.7730104533627382
outer loop
vertex 4.2 13.548187859547962 -11.636556628398207
vertex 11.8 13.826401983050378 -11.864881058865624
vertex 4.2 13.826401983050378 -11.864881058865624
endloop
endfacet
facet normal 0.0 0.683592302022873 0.7298640726978342
outer loop
vertex 4.2 14.08908729652601 -12.11091270347399
vertex 4.2 13.826401983050378 -11.864881058865624
vertex 11.8 14.08908729652601 -12.11091270347399
endloop
endfacet
facet normal 0.0 0.5824776968678038 0.812846684591614
outer loop
vertex 4.2 13.255636281607812 -11.426917132336001
vertex 11.8 13.548187859547962 -11.636556628398207
vertex 4.2 13.548187859547962 -11.636556628398207
endloop
endfacet
facet normal 0.0 -0.4713967368259916 -0.8819212643483582
outer loop
vertex 4.2 7.767412203795493 -20.932800078429786
vertex 11.8 7.767412203795493 -20.932800078429786
vertex 11.8 7.449999999999999 -20.763139720814415
endloop
endfacet
facet normal 0.0 -0.41270702980439483 -0.9108638249211758
outer loop
vertex 4.2 8.095241121992006 -21.081337428812077
vertex 11.8 8.095241121992006 -21.081337428812077
vertex 11.8 7.767412203795493 -20.932800078429786
endloop
endfacet
facet normal 0.0 -0.5824776968678026 -0.8128466845916149
outer loop
vertex 4.2 7.144363718392187 -20.573082867664
vertex 11.8 7.144363718392187 -20.573082867664
vertex 11.8 6.851812140452036 -20.363443371601793
endloop
endfacet
facet normal 0.0 -0.634393284163645 -0.7730104533627373
outer loop
vertex 4.2 6.851812140452036 -20.363443371601793
vertex 11.8 6.851812140452036 -20.363443371601793
vertex 11.8 6.573598016949621 -20.135118941134376
endloop
endfacet
facet normal 0.0 -0.683592302022873 -0.7298640726978342
outer loop
vertex 4.2 6.573598016949621 -20.135118941134376
vertex 11.8 6.573598016949621 -20.135118941134376
vertex 11.8 6.3109127034739885 -19.88908729652601
endloop
endfacet
facet normal 0.0 -0.5280678506503729 -0.8492021815265758
outer loop
vertex 4.2 7.449999999999999 -20.763139720814415
vertex 11.8 7.449999999999999 -20.763139720814415
vertex 11.8 7.144363718392187 -20.573082867664
endloop
endfacet
facet normal 0.0 -0.22707626303436648 -0.9738769792773352
outer loop
vertex 4.2 9.127003228911294 -21.394319042217766
vertex 11.8 9.127003228911294 -21.394319042217766
vertex 11.8 8.776495251936135 -21.312592044589877
endloop
endfacet
facet normal 0.0 -0.352250047921239 -0.9359059267573235
outer loop
vertex 4.2 8.432082940832611 -21.208115712223083
vertex 11.8 8.432082940832611 -21.208115712223083
vertex 11.8 8.095241121992006 -21.081337428812077
endloop
endfacet
facet normal 0.0 -0.29028467725446117 -0.9569403357322093
outer loop
vertex 4.2 8.776495251936135 -21.312592044589877
vertex 11.8 8.776495251936135 -21.312592044589877
vertex 11.8 8.432082940832611 -21.208115712223083
endloop
endfacet
facet normal 0.0 -0.16289547339459445 -0.9866433320848782
outer loop
vertex 4.2 9.482105942789715 -21.45294673755596
vertex 11.8 9.482105942789715 -21.45294673755596
vertex 11.8 9.127003228911294 -21.394319042217766
endloop
endfacet
facet normal 0.0 -0.09801714032955677 -0.9951847266721972
outer loop
vertex 4.2 9.840282789234212 -21.48822407781232
vertex 11.8 9.840282789234212 -21.48822407781232
vertex 11.8 9.482105942789715 -21.45294673755596
endloop
endfacet
facet normal 0.0 -0.03271908282177687 -0.9994645874763656
outer loop
vertex 4.2 10.2 -21.5
vertex 11.8 10.2 -21.5
vertex 11.8 9.840282789234212 -21.48822407781232
endloop
endfacet
facet normal 0.0 0.03271908282177687 -0.9994645874763656
outer loop
vertex 4.2 10.559717210765786 -21.48822407781232
vertex 11.8 10.559717210765786 -21.48822407781232
vertex 11.8 10.2 -21.5
endloop
endfacet
facet normal 0.0 0.09801714032955677 -0.9951847266721972
outer loop
vertex 4.2 10.917894057210283 -21.45294673755596
vertex 11.8 10.917894057210283 -21.45294673755596
vertex 11.8 10.559717210765786 -21.48822407781232
endloop
endfacet
facet normal 0.0 0.16289547339459445 -0.9866433320848782
outer loop
vertex 4.2 11.272996771088705 -21.394319042217766
vertex 11.8 11.272996771088705 -21.394319042217766
vertex 11.8 10.917894057210283 -21.45294673755596
endloop
endfacet
facet normal 0.0 0.22707626303436648 -0.9738769792773352
outer loop
vertex 4.2 11.623504748063864 -21.312592044589877
vertex 11.8 11.623504748063864 -21.312592044589877
vertex 11.8 11.272996771088705 -21.394319042217766
endloop
endfacet
facet normal 0.0 -0.8492021815265767 -0.5280678506503715
outer loop
vertex 4.2 5.6269171323360005 -19.05563628160781
vertex 11.8 5.6269171323360005 -19.05563628160781
vertex 11.8 5.436860279185586 -18.75
endloop
endfacet
facet normal 0.0 -0.7730104533627382 -0.6343932841636438
outer loop
vertex 4.2 6.064881058865623 -19.62640198305038
vertex 11.8 6.064881058865623 -19.62640198305038
vertex 11.8 5.836556628398206 -19.348187859547963
endloop
endfacet
facet normal 0.0 -0.7298640726978342 -0.683592302022873
outer loop
vertex 4.2 6.3109127034739885 -19.88908729652601
vertex 11.8 6.3109127034739885 -19.88908729652601
vertex 11.8 6.064881058865623 -19.62640198305038
endloop
endfacet
facet normal 0.0 -0.8128466845916157 -0.5824776968678015
outer loop
vertex 4.2 5.836556628398206 -19.348187859547963
vertex 11.8 5.836556628398206 -19.348187859547963
vertex 11.8 5.6269171323360005 -19.05563628160781
endloop
endfacet
facet normal 0.0 -0.881921264348355 -0.4713967368259975
outer loop
vertex 4.2 5.436860279185586 -18.75
vertex 11.8 5.436860279185586 -18.75
vertex 11.8 5.267199921570214 -18.43258779620451
endloop
endfacet
facet normal 0.0 -0.9359059267573246 -0.35225004792123626
outer loop
vertex 4.2 5.118662571187922 -18.104758878007992
vertex 11.8 5.118662571187922 -18.104758878007992
vertex 11.8 4.991884287776918 -17.767917059167388
endloop
endfacet
facet normal 0.0 -0.9108638249211776 -0.41270702980439117
outer loop
vertex 4.2 5.267199921570214 -18.43258779620451
vertex 11.8 5.267199921570214 -18.43258779620451
vertex 11.8 5.118662571187922 -18.104758878007992
endloop
endfacet
facet normal 0.0 -0.9569403357322098 -0.2902846772544598
outer loop
vertex 4.2 4.991884287776918 -17.767917059167388
vertex 11.8 4.991884287776918 -17.767917059167388
vertex 11.8 4.887407955410124 -17.423504748063863
endloop
endfacet
facet normal 0.0 -0.9738769792773336 -0.22707626303437348
outer loop
vertex 4.2 4.887407955410124 -17.423504748063863
vertex 11.8 4.887407955410124 -17.423504748063863
vertex 11.8 4.805680957782232 -17.072996771088704
endloop
endfacet
facet normal 0.0 -0.9866433320848788 -0.1628954733945904
outer loop
vertex 4.2 4.805680957782232 -17.072996771088704
vertex 11.8 4.805680957782232 -17.072996771088704
vertex 11.8 4.747053262444042 -16.717894057210284
endloop
endfacet
facet normal 0.0 -0.995184726672197 -0.09801714032955922
outer loop
vertex 4.2 4.747053262444042 -16.717894057210284
vertex 11.8 4.747053262444042 -16.717894057210284
vertex 11.8 4.71177592218768 -16.359717210765787
endloop
endfacet
facet normal 0.0 -0.9994645874763656 -0.03271908282177687
outer loop
vertex 4.2 4.71177592218768 -16.359717210765787
vertex 11.8 4.71177592218768 -16.359717210765787
vertex 11.8 4.699999999999999 -16.0
endloop
endfacet
facet normal 0.0 0.29028467725446117 -0.9569403357322093
outer loop
vertex 4.2 11.967917059167387 -21.208115712223083
vertex 11.8 11.967917059167387 -21.208115712223083
vertex 11.8 11.623504748063864 -21.312592044589877
endloop
endfacet
facet normal 0.0 0.352250047921239 -0.9359059267573235
outer loop
vertex 4.2 12.304758878007993 -21.081337428812077
vertex 11.8 12.304758878007993 -21.081337428812077
vertex 11.8 11.967917059167387 -21.208115712223083
endloop
endfacet
facet normal 0.0 0.41270702980439483 -0.9108638249211758
outer loop
vertex 4.2 12.632587796204506 -20.932800078429786
vertex 11.8 12.632587796204506 -20.932800078429786
vertex 11.8 12.304758878007993 -21.081337428812077
endloop
endfacet
facet normal 0.0 0.4713967368259916 -0.8819212643483582
outer loop
vertex 4.2 12.95 -20.763139720814415
vertex 11.8 12.95 -20.763139720814415
vertex 11.8 12.632587796204506 -20.932800078429786
endloop
endfacet
facet normal 0.0 0.5280678506503729 -0.8492021815265758
outer loop
vertex 4.2 13.255636281607812 -20.573082867664
vertex 11.8 13.255636281607812 -20.573082867664
vertex 11.8 12.95 -20.763139720814415
endloop
endfacet
facet normal 0.0 0.5824776968678038 -0.812846684591614
outer loop
vertex 4.2 13.548187859547962 -20.363443371601793
vertex 11.8 13.548187859547962 -20.363443371601793
vertex 11.8 13.255636281607812 -20.573082867664
endloop
endfacet
facet normal 0.0 0.6343932841636438 -0.7730104533627382
outer loop
vertex 4.2 13.826401983050378 -20.135118941134376
vertex 11.8 13.826401983050378 -20.135118941134376
vertex 11.8 13.548187859547962 -20.363443371601793
endloop
endfacet
facet normal 0.0 0.683592302022873 -0.7298640726978342
outer loop
vertex 4.2 14.08908729652601 -19.88908729652601
vertex 11.8 14.08908729652601 -19.88908729652601
vertex 11.8 13.826401983050378 -20.135118941134376
endloop
endfacet
facet normal 0.0 0.7298640726978342 -0.683592302022873
outer loop
vertex 4.2 14.335118941134375 -19.62640198305038
vertex 11.8 14.335118941134375 -19.62640198305038
vertex 11.8 14.08908729652601 -19.88908729652601
endloop
endfacet
facet normal 0.0 0.7730104533627382 -0.6343932841636438
outer loop
vertex 4.2 14.563443371601792 -19.348187859547963
vertex 11.8 14.563443371601792 -19.348187859547963
vertex 11.8 14.335118941134375 -19.62640198305038
endloop
endfacet
facet normal 0.0 0.8128466845916145 -0.5824776968678032
outer loop
vertex 4.2 14.563443371601792 -19.348187859547963
vertex 11.8 14.66963329003227 -19.2
vertex 11.8 14.563443371601792 -19.348187859547963
endloop
endfacet
facet normal 1.0 -0.0 0.0
outer loop
vertex 11.8 8.776495251936135 -21.312592044589877
vertex 11.8 9.127003228911294 -21.394319042217766
vertex 11.8 11.272996771088705 -21.394319042217766
endloop
endfacet
facet normal 1.0 -0.0 0.0
outer loop
vertex 11.8 9.127003228911294 -21.394319042217766
vertex 11.8 9.482105942789715 -21.45294673755596
vertex 11.8 10.917894057210283 -21.45294673755596
endloop
endfacet
facet normal 1.0 -0.0 0.0
outer loop
vertex 11.8 7.767412203795493 -20.932800078429786
vertex 11.8 8.095241121992006 -21.081337428812077
vertex 11.8 12.304758878007993 -21.081337428812077
endloop
endfacet
facet normal 1.0 0.0 -0.0
outer loop
vertex 11.8 7.767412203795493 -20.932800078429786
vertex 11.8 12.632587796204506 -20.932800078429786
vertex 11.8 7.449999999999999 -20.763139720814415
endloop
endfacet
facet normal 1.0 -0.0 0.0
outer loop
vertex 11.8 8.432082940832611 -21.208115712223083
vertex 11.8 8.776495251936135 -21.312592044589877
vertex 11.8 11.623504748063864 -21.312592044589877
endloop
endfacet
facet normal 0.9999999999999999 -0.0 0.0
outer loop
vertex 11.8 8.095241121992006 -21.081337428812077
vertex 11.8 8.432082940832611 -21.208115712223083
vertex 11.8 11.967917059167387 -21.208115712223083
endloop
endfacet
facet normal 1.0 0.0 -0.0
outer loop
vertex 11.8 6.851812140452036 -20.363443371601793
vertex 11.8 13.548187859547962 -20.363443371601793
vertex 11.8 6.573598016949621 -20.135118941134376
endloop
endfacet
facet normal 1.0 0.0 -0.0
outer loop
vertex 11.8 6.573598016949621 -20.135118941134376
vertex 11.8 13.826401983050378 -20.135118941134376
vertex 11.8 6.3109127034739885 -19.88908729652601
endloop
endfacet
facet normal 1.0 -0.0 0.0
outer loop
vertex 11.8 7.144363718392187 -20.573082867664
vertex 11.8 7.449999999999999 -20.763139720814415
vertex 11.8 12.95 -20.763139720814415
endloop
endfacet
facet normal 1.0 0.0 -0.0
outer loop
vertex 11.8 7.144363718392187 -20.573082867664
vertex 11.8 13.255636281607812 -20.573082867664
vertex 11.8 6.851812140452036 -20.363443371601793
endloop
endfacet
facet normal 1.0 -0.0 0.0
outer loop
vertex 11.8 9.482105942789715 -21.45294673755596
vertex 11.8 9.840282789234212 -21.48822407781232
vertex 11.8 10.559717210765786 -21.48822407781232
endloop
endfacet
facet normal 1.0 -0.0 0.0
outer loop
vertex 11.8 9.840282789234212 -21.48822407781232
vertex 11.8 10.2 -21.5
vertex 11.8 10.559717210765786 -21.48822407781232
endloop
endfacet
facet normal 1.0 -0.0 0.0
outer loop
vertex 11.8 9.482105942789715 -21.45294673755596
vertex 11.8 10.559717210765786 -21.48822407781232
vertex 11.8 10.917894057210283 -21.45294673755596
endloop
endfacet
facet normal 1.0 -0.0 0.0
outer loop
vertex 11.8 9.127003228911294 -21.394319042217766
vertex 11.8 10.917894057210283 -21.45294673755596
vertex 11.8 11.272996771088705 -21.394319042217766
endloop
endfacet
facet normal 1.0 -0.0 0.0
outer loop
vertex 11.8 8.776495251936135 -21.312592044589877
vertex 11.8 11.272996771088705 -21.394319042217766
vertex 11.8 11.623504748063864 -21.312592044589877
endloop
endfacet
facet normal 1.0 -0.0 0.0
outer loop
vertex 11.8 8.432082940832611 -21.208115712223083
vertex 11.8 11.623504748063864 -21.312592044589877
vertex 11.8 11.967917059167387 -21.208115712223083
endloop
endfacet
facet normal 1.0 -0.0 0.0
outer loop
vertex 11.8 8.095241121992006 -21.081337428812077
vertex 11.8 11.967917059167387 -21.208115712223083
vertex 11.8 12.304758878007993 -21.081337428812077
endloop
endfacet
facet normal 1.0 -0.0 0.0
outer loop
vertex 11.8 7.767412203795493 -20.932800078429786
vertex 11.8 12.304758878007993 -21.081337428812077
vertex 11.8 12.632587796204506 -20.932800078429786
endloop
endfacet
facet normal 0.9999999999999999 -0.0 -0.0
outer loop
vertex 11.8 6.3109127034739885 -19.88908729652601
vertex 11.8 13.826401983050378 -20.135118941134376
vertex 11.8 9.94492779600244 -19.891649800630553
endloop
endfacet
facet normal 0.9999999999999999 -0.0 0.0
outer loop
vertex 11.8 7.449999999999999 -20.763139720814415
vertex 11.8 12.632587796204506 -20.932800078429786
vertex 11.8 12.95 -20.763139720814415
endloop
endfacet
facet normal 1.0 -0.0 0.0
outer loop
vertex 11.8 7.144363718392187 -20.573082867664
vertex 11.8 12.95 -20.763139720814415
vertex 11.8 13.255636281607812 -20.573082867664
endloop
endfacet
facet normal 1.0 -0.0 0.0
outer loop
vertex 11.8 6.851812140452036 -20.363443371601793
vertex 11.8 13.255636281607812 -20.573082867664
vertex 11.8 13.548187859547962 -20.363443371601793
endloop
endfacet
facet normal 1.0 -0.0 0.0
outer loop
vertex 11.8 6.573598016949621 -20.135118941134376
vertex 11.8 13.548187859547962 -20.363443371601793
vertex 11.8 13.826401983050378 -20.135118941134376
endloop
endfacet
facet normal 1.0 0.0 0.0
outer loop
vertex 11.8 13.826401983050378 -20.135118941134376
vertex 11.8 10.2 -19.9
vertex 11.8 9.94492779600244 -19.891649800630553
endloop
endfacet
facet normal 0.9999999999999999 0.0 0.0
outer loop
vertex 11.8 13.826401983050378 -20.135118941134376
vertex 11.8 10.455072203997558 -19.891649800630553
vertex 11.8 10.2 -19.9
endloop
endfacet
facet normal 0.9999999999999999 0.0 -0.0
outer loop
vertex 11.8 5.836556628398206 -19.348187859547963
vertex 11.8 7.825830426865989 -19.09407802713582
vertex 11.8 5.6269171323360005 -19.05563628160781
endloop
endfacet
facet normal 1.0 0.0 -0.0
outer loop
vertex 11.8 5.436860279185586 -18.75
vertex 11.8 7.1059219728641825 -18.37416957313401
vertex 11.8 5.267199921570214 -18.43258779620451
endloop
endfacet
facet normal 1.0 0.0 -0.0
outer loop
vertex 11.8 5.6269171323360005 -19.05563628160781
vertex 11.8 7.442283553372464 -18.757716446627533
vertex 11.8 5.436860279185586 -18.75
endloop
endfacet
facet normal 1.0 -0.0 0.0
outer loop
vertex 11.8 5.118662571187922 -18.104758878007992
vertex 11.8 5.267199921570214 -18.43258779620451
vertex 11.8 6.822500925240688 -17.95
endloop
endfacet
facet normal 0.9999999999999999 0.0 -0.0
outer loop
vertex 11.8 5.267199921570214 -18.43258779620451
vertex 11.8 6.9572685120200735 -18.166723908776447
vertex 11.8 6.822500925240688 -17.95
endloop
endfacet
facet normal 1.0 0.0 -0.0
outer loop
vertex 11.8 6.064881058865623 -19.62640198305038
vertex 11.8 8.25 -19.37749907475931
vertex 11.8 5.836556628398206 -19.348187859547963
endloop
endfacet
facet normal 1.0 0.0 -0.0
outer loop
vertex 11.8 6.3109127034739885 -19.88908729652601
vertex 11.8 8.94638608531767 -19.693027505030912
vertex 11.8 6.064881058865623 -19.62640198305038
endloop
endfacet
facet normal 1.0 0.0 -0.0
outer loop
vertex 11.8 5.836556628398206 -19.348187859547963
vertex 11.8 8.03327609122355 -19.242731487979928
vertex 11.8 7.825830426865989 -19.09407802713582
endloop
endfacet
facet normal 1.0 -0.0 -0.0
outer loop
vertex 11.8 5.6269171323360005 -19.05563628160781
vertex 11.8 7.825830426865989 -19.09407802713582
vertex 11.8 7.628551321109731 -18.93217524916801
endloop
endfacet
facet normal 1.0 0.0 -0.0
outer loop
vertex 11.8 6.064881058865623 -19.62640198305038
vertex 11.8 8.475074108145893 -19.497803691977484
vertex 11.8 8.25 -19.37749907475931
endloop
endfacet
facet normal 1.0 0.0 -0.0
outer loop
vertex 11.8 6.3109127034739885 -19.88908729652601
vertex 11.8 9.190605724100168 -19.767110722527367
vertex 11.8 8.94638608531767 -19.693027505030912
endloop
endfacet
facet normal 1.0 0.0 -0.0
outer loop
vertex 11.8 6.064881058865623 -19.62640198305038
vertex 11.8 8.707534613776149 -19.603130176794018
vertex 11.8 8.475074108145893 -19.497803691977484
endloop
endfacet
facet normal 1.0 -0.0 -0.0
outer loop
vertex 11.8 6.064881058865623 -19.62640198305038
vertex 11.8 8.94638608531767 -19.693027505030912
vertex 11.8 8.707534613776149 -19.603130176794018
endloop
endfacet
facet normal 1.0 -0.0 -0.0
outer loop
vertex 11.8 5.836556628398206 -19.348187859547963
vertex 11.8 8.25 -19.37749907475931
vertex 11.8 8.03327609122355 -19.242731487979928
endloop
endfacet
facet normal 0.9999999999999999 -0.0 -0.0
outer loop
vertex 11.8 5.436860279185586 -18.75
vertex 11.8 7.442283553372464 -18.757716446627533
vertex 11.8 7.267824750831988 -18.57144867889027
endloop
endfacet
facet normal 0.9999999999999999 0.0 -0.0
outer loop
vertex 11.8 5.436860279185586 -18.75
vertex 11.8 7.267824750831988 -18.57144867889027
vertex 11.8 7.1059219728641825 -18.37416957313401
endloop
endfacet
facet normal 1.0 0.0 -0.0
outer loop
vertex 11.8 5.6269171323360005 -19.05563628160781
vertex 11.8 7.628551321109731 -18.93217524916801
vertex 11.8 7.442283553372464 -18.757716446627533
endloop
endfacet
facet normal 1.0 0.0 -0.0
outer loop
vertex 11.8 5.267199921570214 -18.43258779620451
vertex 11.8 7.1059219728641825 -18.37416957313401
vertex 11.8 6.9572685120200735 -18.166723908776447
endloop
endfacet
facet normal 1.0 0.0 -0.0
outer loop
vertex 11.8 4.991884287776918 -17.767917059167388
vertex 11.8 6.506972494969087 -17.25361391468233
vertex 11.8 4.887407955410124 -17.423504748063863
endloop
endfacet
facet normal 0.9999999999999999 0.0 -0.0
outer loop
vertex 11.8 4.887407955410124 -17.423504748063863
vertex 11.8 6.432889277472633 -17.00939427589983
vertex 11.8 4.805680957782232 -17.072996771088704
endloop
endfacet
facet normal 1.0 0.0 -0.0
outer loop
vertex 11.8 5.118662571187922 -18.104758878007992
vertex 11.8 6.702196308022515 -17.724925891854106
vertex 11.8 4.991884287776918 -17.767917059167388
endloop
endfacet
facet normal 1.0 0.0 -0.0
outer loop
vertex 11.8 5.118662571187922 -18.104758878007992
vertex 11.8 6.822500925240688 -17.95
vertex 11.8 6.702196308022515 -17.724925891854106
endloop
endfacet
facet normal 1.0 0.0 -0.0
outer loop
vertex 11.8 4.991884287776918 -17.767917059167388
vertex 11.8 6.702196308022515 -17.724925891854106
vertex 11.8 6.5968698232059815 -17.49246538622385
endloop
endfacet
facet normal 1.0 0.0 -0.0
outer loop
vertex 11.8 4.991884287776918 -17.767917059167388
vertex 11.8 6.5968698232059815 -17.49246538622385
vertex 11.8 6.506972494969087 -17.25361391468233
endloop
endfacet
facet normal 0.9999999999999999 0.0 -0.0
outer loop
vertex 11.8 4.887407955410124 -17.423504748063863
vertex 11.8 6.506972494969087 -17.25361391468233
vertex 11.8 6.432889277472633 -17.00939427589983
endloop
endfacet
facet normal 1.0 0.0 -0.0
outer loop
vertex 11.8 4.805680957782232 -17.072996771088704
vertex 11.8 6.374937406427401 -16.7608522558629
vertex 11.8 4.747053262444042 -16.717894057210284
endloop
endfacet
facet normal 0.9999999999999999 0.0 -0.0
outer loop
vertex 11.8 4.747053262444042 -16.717894057210284
vertex 11.8 6.308350199369446 -16.255072203997557
vertex 11.8 4.71177592218768 -16.359717210765787
endloop
endfacet
facet normal 0.9999999999999999 0.0 -0.0
outer loop
vertex 11.8 4.71177592218768 -16.359717210765787
vertex 11.8 6.299999999999999 -16.0
vertex 11.8 4.699999999999999 -16.0
endloop
endfacet
facet normal 1.0 0.0 -0.0
outer loop
vertex 11.8 4.805680957782232 -17.072996771088704
vertex 11.8 6.432889277472633 -17.00939427589983
vertex 11.8 6.374937406427401 -16.7608522558629
endloop
endfacet
facet normal 0.9999999999999999 -0.0 -0.0
outer loop
vertex 11.8 4.747053262444042 -16.717894057210284
vertex 11.8 6.374937406427401 -16.7608522558629
vertex 11.8 6.333365040642139 -16.509052149658203
endloop
endfacet
facet normal 1.0 0.0 -0.0
outer loop
vertex 11.8 4.747053262444042 -16.717894057210284
vertex 11.8 6.333365040642139 -16.509052149658203
vertex 11.8 6.308350199369446 -16.255072203997557
endloop
endfacet
facet normal 0.9999999999999999 0.0 -0.0
outer loop
vertex 11.8 4.71177592218768 -16.359717210765787
vertex 11.8 6.308350199369446 -16.255072203997557
vertex 11.8 6.299999999999999 -16.0
endloop
endfacet
facet normal 1.0 0.0 -0.0
outer loop
vertex 11.8 6.3109127034739885 -19.88908729652601
vertex 11.8 9.439147744137099 -19.8250625935726
vertex 11.8 9.190605724100168 -19.767110722527367
endloop
endfacet
facet normal 1.0 0.0 -0.0
outer loop
vertex 11.8 6.3109127034739885 -19.88908729652601
vertex 11.8 9.690947850341798 -19.86663495935786
vertex 11.8 9.439147744137099 -19.8250625935726
endloop
endfacet
facet normal 1.0 -0.0 -0.0
outer loop
vertex 11.8 6.3109127034739885 -19.88908729652601
vertex 11.8 9.94492779600244 -19.891649800630553
vertex 11.8 9.690947850341798 -19.86663495935786
endloop
endfacet
facet normal 0.9999999999999999 0.0 -0.0
outer loop
vertex 11.8 13.826401983050378 -20.135118941134376
vertex 11.8 14.08908729652601 -19.88908729652601
vertex 11.8 10.455072203997558 -19.891649800630553
endloop
endfacet
facet normal 1.0 0.0 0.0
outer loop
vertex 11.8 14.08908729652601 -19.88908729652601
vertex 11.8 10.7090521496582 -19.86663495935786
vertex 11.8 10.455072203997558 -19.891649800630553
endloop
endfacet
facet normal 1.0 0.0 0.0
outer loop
vertex 11.8 14.08908729652601 -19.88908729652601
vertex 11.8 10.9608522558629 -19.8250625935726
vertex 11.8 10.7090521496582 -19.86663495935786
endloop
endfacet
facet normal 1.0 0.0 0.0
outer loop
vertex 11.8 14.08908729652601 -19.88908729652601
vertex 11.8 11.20939427589983 -19.767110722527367
vertex 11.8 10.9608522558629 -19.8250625935726
endloop
endfacet
facet normal 1.0 0.0 0.0
outer loop
vertex 11.8 14.08908729652601 -19.88908729652601
vertex 11.8 11.453613914682329 -19.693027505030912
vertex 11.8 11.20939427589983 -19.767110722527367
endloop
endfacet
facet normal 1.0 0.0 0.0
outer loop
vertex 11.8 14.335118941134375 -19.62640198305038
vertex 11.8 11.69246538622385 -19.603130176794018
vertex 11.8 11.453613914682329 -19.693027505030912
endloop
endfacet
facet normal 1.0 0.0 0.0
outer loop
vertex 11.8 14.335118941134375 -19.62640198305038
vertex 11.8 11.924925891854105 -19.497803691977484
vertex 11.8 11.69246538622385 -19.603130176794018
endloop
endfacet
facet normal 1.0 0.0 0.0
outer loop
vertex 11.8 14.335118941134375 -19.62640198305038
vertex 11.8 12.149999999999999 -19.37749907475931
vertex 11.8 11.924925891854105 -19.497803691977484
endloop
endfacet
facet normal 1.0 0.0 -0.0
outer loop
vertex 11.8 14.08908729652601 -19.88908729652601
vertex 11.8 14.335118941134375 -19.62640198305038
vertex 11.8 11.453613914682329 -19.693027505030912
endloop
endfacet
facet normal 1.0 0.0 0.0
outer loop
vertex 11.8 14.563443371601792 -19.348187859547963
vertex 11.8 12.366723908776448 -19.242731487979928
vertex 11.8 12.149999999999999 -19.37749907475931
endloop
endfacet
facet normal 0.9999999999999999 0.0 0.0
outer loop
vertex 11.8 14.66963329003227 -19.2
vertex 11.8 12.57416957313401 -19.09407802713582
vertex 11.8 12.366723908776448 -19.242731487979928
endloop
endfacet
facet normal 1.0 0.0 -0.0
outer loop
vertex 11.8 14.335118941134375 -19.62640198305038
vertex 11.8 14.563443371601792 -19.348187859547963
vertex 11.8 12.149999999999999 -19.37749907475931
endloop
endfacet
facet normal 1.0 0.0 0.0
outer loop
vertex 11.8 14.773082867663998 -19.05563628160781
vertex 11.8 12.771448678890268 -18.93217524916801
vertex 11.8 12.57416957313401 -19.09407802713582
endloop
endfacet
facet normal 1.0 0.0 -0.0
outer loop
vertex 11.8 14.563443371601792 -19.348187859547963
vertex 11.8 14.66963329003227 -19.2
vertex 11.8 12.366723908776448 -19.242731487979928
endloop
endfacet
facet normal 1.0 0.0 -0.0
outer loop
vertex 11.8 14.66963329003227 -19.2
vertex 11.8 14.773082867663998 -19.05563628160781
vertex 11.8 12.57416957313401 -19.09407802713582
endloop
endfacet
facet normal 1.0 0.0 0.0
outer loop
vertex 11.8 14.773082867663998 -19.05563628160781
vertex 11.8 12.957716446627535 -18.757716446627533
vertex 11.8 12.771448678890268 -18.93217524916801
endloop
endfacet
facet normal 0.9999999999999999 0.0 0.0
outer loop
vertex 11.8 14.963139720814413 -18.75
vertex 11.8 13.13217524916801 -18.57144867889027
vertex 11.8 12.957716446627535 -18.757716446627533
endloop
endfacet
facet normal 1.0 0.0 0.0
outer loop
vertex 11.8 15.132800078429785 -18.43258779620451
vertex 11.8 13.294078027135816 -18.37416957313401
vertex 11.8 13.13217524916801 -18.57144867889027
endloop
endfacet
facet normal 1.0 0.0 0.0
outer loop
vertex 11.8 15.132800078429785 -18.43258779620451
vertex 11.8 13.442731487979925 -18.166723908776447
vertex 11.8 13.294078027135816 -18.37416957313401
endloop
endfacet
facet normal 1.0 0.0 0.0
outer loop
vertex 11.8 15.281337428812076 -18.104758878007992
vertex 11.8 13.57749907475931 -17.95
vertex 11.8 13.442731487979925 -18.166723908776447
endloop
endfacet
facet normal 1.0 0.0 -0.0
outer loop
vertex 11.8 14.773082867663998 -19.05563628160781
vertex 11.8 14.963139720814413 -18.75
vertex 11.8 12.957716446627535 -18.757716446627533
endloop
endfacet
facet normal 1.0 0.0 -0.0
outer loop
vertex 11.8 14.963139720814413 -18.75
vertex 11.8 15.132800078429785 -18.43258779620451
vertex 11.8 13.13217524916801 -18.57144867889027
endloop
endfacet
facet normal 1.0 0.0 -0.0
outer loop
vertex 11.8 15.132800078429785 -18.43258779620451
vertex 11.8 15.281337428812076 -18.104758878007992
vertex 11.8 13.442731487979925 -18.166723908776447
endloop
endfacet
facet normal 1.0 0.0 0.0
outer loop
vertex 11.8 15.408115712223081 -17.767917059167388
vertex 11.8 13.697803691977484 -17.724925891854106
vertex 11.8 13.57749907475931 -17.95
endloop
endfacet
facet normal 1.0 0.0 0.0
outer loop
vertex 11.8 15.408115712223081 -17.767917059167388
vertex 11.8 13.803130176794017 -17.49246538622385
vertex 11.8 13.697803691977484 -17.724925891854106
endloop
endfacet
facet normal 1.0 0.0 -0.0
outer loop
vertex 11.8 15.281337428812076 -18.104758878007992
vertex 11.8 15.408115712223081 -17.767917059167388
vertex 11.8 13.57749907475931 -17.95
endloop
endfacet
facet normal 1.0 0.0 -0.0
outer loop
vertex 11.8 15.408115712223081 -17.767917059167388
vertex 11.8 15.512592044589875 -17.423504748063863
vertex 11.8 13.803130176794017 -17.49246538622385
endloop
endfacet
facet normal 1.0 0.0 0.0
outer loop
vertex 11.8 15.512592044589875 -17.423504748063863
vertex 11.8 13.893027505030911 -17.25361391468233
vertex 11.8 13.803130176794017 -17.49246538622385
endloop
endfacet
facet normal 1.0 0.0 0.0
outer loop
vertex 11.8 15.594319042217766 -17.072996771088704
vertex 11.8 13.967110722527366 -17.00939427589983
vertex 11.8 13.893027505030911 -17.25361391468233
endloop
endfacet
facet normal 1.0 0.0 -0.0
outer loop
vertex 11.8 15.512592044589875 -17.423504748063863
vertex 11.8 15.594319042217766 -17.072996771088704
vertex 11.8 13.893027505030911 -17.25361391468233
endloop
endfacet
facet normal 1.0 0.0 0.0
outer loop
vertex 11.8 15.594319042217766 -17.072996771088704
vertex 11.8 14.025062593572597 -16.7608522558629
vertex 11.8 13.967110722527366 -17.00939427589983
endloop
endfacet
facet normal 1.0 0.0 0.0
outer loop
vertex 11.8 15.652946737555958 -16.717894057210284
vertex 11.8 14.06663495935786 -16.509052149658203
vertex 11.8 14.025062593572597 -16.7608522558629
endloop
endfacet
facet normal 1.0 0.0 0.0
outer loop
vertex 11.8 15.688224077812318 -16.359717210765787
vertex 11.8 14.091649800630552 -16.255072203997557
vertex 11.8 14.06663495935786 -16.509052149658203
endloop
endfacet
facet normal 0.9999999999999999 0.0 0.0
outer loop
vertex 11.8 15.7 -16.0
vertex 11.8 14.1 -16.0
vertex 11.8 14.091649800630552 -16.255072203997557
endloop
endfacet
facet normal 1.0 0.0 -0.0
outer loop
vertex 11.8 15.594319042217766 -17.072996771088704
vertex 11.8 15.652946737555958 -16.717894057210284
vertex 11.8 14.025062593572597 -16.7608522558629
endloop
endfacet
facet normal 1.0 0.0 -0.0
outer loop
vertex 11.8 15.652946737555958 -16.717894057210284
vertex 11.8 15.688224077812318 -16.359717210765787
vertex 11.8 14.06663495935786 -16.509052149658203
endloop
endfacet
facet normal 1.0 0.0 -0.0
outer loop
vertex 11.8 15.688224077812318 -16.359717210765787
vertex 11.8 15.7 -16.0
vertex 11.8 14.091649800630552 -16.255072203997557
endloop
endfacet
facet normal 0.0 -0.9994645874763656 0.03271908282177687
outer loop
vertex 4.2 4.699999999999999 -16.0
vertex 11.8 4.699999999999999 -16.0
vertex 11.8 4.71177592218768 -15.640282789234213
endloop
endfacet
facet normal 0.0 -0.995184726672197 0.09801714032955922
outer loop
vertex 4.2 4.71177592218768 -15.640282789234213
vertex 11.8 4.71177592218768 -15.640282789234213
vertex 11.8 4.747053262444042 -15.282105942789716
endloop
endfacet
facet normal 0.0 -0.9866433320848788 0.16289547339458962
outer loop
vertex 4.2 4.747053262444042 -15.282105942789716
vertex 11.8 4.747053262444042 -15.282105942789716
vertex 11.8 4.805680957782232 -14.927003228911294
endloop
endfacet
facet normal 0.0 -0.9738769792773336 0.22707626303437348
outer loop
vertex 4.2 4.805680957782232 -14.927003228911294
vertex 11.8 4.805680957782232 -14.927003228911294
vertex 11.8 4.887407955410124 -14.576495251936135
endloop
endfacet
facet normal 0.0 -0.9569403357322093 0.29028467725446117
outer loop
vertex 4.2 4.887407955410124 -14.576495251936135
vertex 11.8 4.887407955410124 -14.576495251936135
vertex 11.8 4.991884287776918 -14.232082940832612
endloop
endfacet
facet normal 0.0 -0.9359059267573252 0.35225004792123465
outer loop
vertex 4.2 4.991884287776918 -14.232082940832612
vertex 11.8 4.991884287776918 -14.232082940832612
vertex 11.8 5.118662571187922 -13.895241121992006
endloop
endfacet
facet normal 0.0 -0.9108638249211758 0.41270702980439483
outer loop
vertex 4.2 5.118662571187922 -13.895241121992006
vertex 11.8 5.118662571187922 -13.895241121992006
vertex 11.8 5.267199921570214 -13.567412203795493
endloop
endfacet
facet normal 0.0 -0.8819212643483562 0.4713967368259955
outer loop
vertex 4.2 5.267199921570214 -13.567412203795493
vertex 11.8 5.267199921570214 -13.567412203795493
vertex 11.8 5.436860279185586 -13.25
endloop
endfacet
facet normal 0.0 -0.8492021815265782 0.5280678506503694
outer loop
vertex 4.2 5.436860279185586 -13.25
vertex 11.8 5.436860279185586 -13.25
vertex 11.8 5.6269171323360005 -12.944363718392188
endloop
endfacet
facet normal 0.0 -0.812846684591614 0.5824776968678038
outer loop
vertex 4.2 5.6269171323360005 -12.944363718392188
vertex 11.8 5.6269171323360005 -12.944363718392188
vertex 11.8 5.836556628398206 -12.651812140452037
endloop
endfacet
facet normal 0.0 -0.7730104533627382 0.6343932841636438
outer loop
vertex 4.2 5.836556628398206 -12.651812140452037
vertex 11.8 5.836556628398206 -12.651812140452037
vertex 11.8 6.064881058865623 -12.373598016949622
endloop
endfacet
facet normal 0.0 -0.7298640726978342 0.683592302022873
outer loop
vertex 4.2 6.064881058865623 -12.373598016949622
vertex 11.8 6.064881058865623 -12.373598016949622
vertex 11.8 6.3109127034739885 -12.11091270347399
endloop
endfacet
facet normal 0.0 -0.683592302022873 0.7298640726978342
outer loop
vertex 4.2 6.3109127034739885 -12.11091270347399
vertex 11.8 6.3109127034739885 -12.11091270347399
vertex 11.8 6.573598016949621 -11.864881058865624
endloop
endfacet
facet normal 0.0 -0.634393284163645 0.7730104533627373
outer loop
vertex 4.2 6.573598016949621 -11.864881058865624
vertex 11.8 6.573598016949621 -11.864881058865624
vertex 11.8 6.851812140452036 -11.636556628398207
endloop
endfacet
facet normal 0.0 -0.5824776968678026 0.8128466845916149
outer loop
vertex 4.2 6.851812140452036 -11.636556628398207
vertex 11.8 6.851812140452036 -11.636556628398207
vertex 11.8 7.144363718392187 -11.426917132336001
endloop
endfacet
facet normal 0.0 -0.5280678506503694 0.8492021815265782
outer loop
vertex 4.2 7.144363718392187 -11.426917132336001
vertex 11.8 7.144363718392187 -11.426917132336001
vertex 11.8 7.449999999999999 -11.236860279185587
endloop
endfacet
facet normal 0.0 -0.4713967368259955 0.8819212643483562
outer loop
vertex 4.2 7.449999999999999 -11.236860279185587
vertex 11.8 7.449999999999999 -11.236860279185587
vertex 11.8 7.767412203795493 -11.067199921570214
endloop
endfacet
facet normal 0.0 -0.41270702980439483 0.9108638249211758
outer loop
vertex 4.2 7.767412203795493 -11.067199921570214
vertex 11.8 7.767412203795493 -11.067199921570214
vertex 11.8 8.095241121992006 -10.918662571187923
endloop
endfacet
facet normal 0.0 -0.35225004792123465 0.9359059267573252
outer loop
vertex 4.2 8.095241121992006 -10.918662571187923
vertex 11.8 8.095241121992006 -10.918662571187923
vertex 11.8 8.432082940832611 -10.791884287776918
endloop
endfacet
facet normal 0.0 -0.29028467725446117 0.9569403357322093
outer loop
vertex 4.2 8.432082940832611 -10.791884287776918
vertex 11.8 8.432082940832611 -10.791884287776918
vertex 11.8 8.776495251936135 -10.687407955410125
endloop
endfacet
facet normal 0.0 -0.22707626303437112 0.9738769792773341
outer loop
vertex 4.2 8.776495251936135 -10.687407955410125
vertex 11.8 8.776495251936135 -10.687407955410125
vertex 11.8 9.127003228911294 -10.605680957782234
endloop
endfacet
facet normal 0.0 -0.16289547339459445 0.9866433320848782
outer loop
vertex 4.2 9.127003228911294 -10.605680957782234
vertex 11.8 9.127003228911294 -10.605680957782234
vertex 11.8 9.482105942789715 -10.547053262444042
endloop
endfacet
facet normal 0.0 -0.09801714032955677 0.9951847266721972
outer loop
vertex 4.2 9.482105942789715 -10.547053262444042
vertex 11.8 9.482105942789715 -10.547053262444042
vertex 11.8 9.840282789234212 -10.511775922187681
endloop
endfacet
facet normal 0.0 -0.03271908282177687 0.9994645874763656
outer loop
vertex 4.2 9.840282789234212 -10.511775922187681
vertex 11.8 9.840282789234212 -10.511775922187681
vertex 11.8 10.2 -10.5
endloop
endfacet
facet normal -0.0 0.03271908282177687 0.9994645874763656
outer loop
vertex 4.2 10.2 -10.5
vertex 11.8 10.2 -10.5
vertex 11.8 10.559717210765786 -10.511775922187681
endloop
endfacet
facet normal -0.0 0.09801714032955677 0.9951847266721972
outer loop
vertex 4.2 10.559717210765786 -10.511775922187681
vertex 11.8 10.559717210765786 -10.511775922187681
vertex 11.8 10.917894057210283 -10.547053262444042
endloop
endfacet
facet normal -0.0 0.16289547339459445 0.9866433320848782
outer loop
vertex 4.2 10.917894057210283 -10.547053262444042
vertex 11.8 10.917894057210283 -10.547053262444042
vertex 11.8 11.272996771088705 -10.605680957782234
endloop
endfacet
facet normal -0.0 0.22707626303437112 0.9738769792773341
outer loop
vertex 4.2 11.272996771088705 -10.605680957782234
vertex 11.8 11.272996771088705 -10.605680957782234
vertex 11.8 11.623504748063864 -10.687407955410125
endloop
endfacet
facet normal -0.0 0.7298640726978342 0.683592302022873
outer loop
vertex 4.2 14.08908729652601 -12.11091270347399
vertex 11.8 14.08908729652601 -12.11091270347399
vertex 11.8 14.335118941134375 -12.373598016949622
endloop
endfacet
facet normal 0.0 0.8128466845916145 0.5824776968678032
outer loop
vertex 4.2 14.66963329003227 -12.8
vertex 11.8 14.563443371601792 -12.651812140452037
vertex 11.8 14.66963329003227 -12.8
endloop
endfacet
facet normal -0.0 0.7730104533627382 0.6343932841636438
outer loop
vertex 4.2 14.335118941134375 -12.373598016949622
vertex 11.8 14.335118941134375 -12.373598016949622
vertex 11.8 14.563443371601792 -12.651812140452037
endloop
endfacet
facet normal -0.0 0.5824776968678038 0.812846684591614
outer loop
vertex 4.2 13.255636281607812 -11.426917132336001
vertex 11.8 13.255636281607812 -11.426917132336001
vertex 11.8 13.548187859547962 -11.636556628398207
endloop
endfacet
facet normal -0.0 0.5280678506503694 0.8492021815265782
outer loop
vertex 4.2 12.95 -11.236860279185587
vertex 11.8 12.95 -11.236860279185587
vertex 11.8 13.255636281607812 -11.426917132336001
endloop
endfacet
facet normal -0.0 0.29028467725446117 0.9569403357322093
outer loop
vertex 4.2 11.623504748063864 -10.687407955410125
vertex 11.8 11.623504748063864 -10.687407955410125
vertex 11.8 11.967917059167387 -10.791884287776918
endloop
endfacet
facet normal -0.0 0.41270702980439483 0.9108638249211758
outer loop
vertex 4.2 12.304758878007993 -10.918662571187923
vertex 11.8 12.304758878007993 -10.918662571187923
vertex 11.8 12.632587796204506 -11.067199921570214
endloop
endfacet
facet normal -0.0 0.35225004792123465 0.9359059267573252
outer loop
vertex 4.2 11.967917059167387 -10.791884287776918
vertex 11.8 11.967917059167387 -10.791884287776918
vertex 11.8 12.304758878007993 -10.918662571187923
endloop
endfacet
facet normal -0.0 0.4713967368259955 0.8819212643483562
outer loop
vertex 4.2 12.632587796204506 -11.067199921570214
vertex 11.8 12.632587796204506 -11.067199921570214
vertex 11.8 12.95 -11.236860279185587
endloop
endfacet
facet normal -0.0 0.6343932841636438 0.7730104533627382
outer loop
vertex 4.2 13.548187859547962 -11.636556628398207
vertex 11.8 13.548187859547962 -11.636556628398207
vertex 11.8 13.826401983050378 -11.864881058865624
endloop
endfacet
facet normal -0.0 0.683592302022873 0.7298640726978342
outer loop
vertex 4.2 13.826401983050378 -11.864881058865624
vertex 11.8 13.826401983050378 -11.864881058865624
vertex 11.8 14.08908729652601 -12.11091270347399
endloop
endfacet
facet normal 1.0 0.0 -0.0
outer loop
vertex 11.8 4.699999999999999 -16.0
vertex 11.8 6.308350199369446 -15.744927796002441
vertex 11.8 4.71177592218768 -15.640282789234213
endloop
endfacet
facet normal 0.9999999999999999 0.0 -0.0
outer loop
vertex 11.8 4.71177592218768 -15.640282789234213
vertex 11.8 6.333365040642139 -15.490947850341799
vertex 11.8 4.747053262444042 -15.282105942789716
endloop
endfacet
facet normal 0.9999999999999999 0.0 -0.0
outer loop
vertex 11.8 4.747053262444042 -15.282105942789716
vertex 11.8 6.374937406427401 -15.2391477441371
vertex 11.8 4.805680957782232 -14.927003228911294
endloop
endfacet
facet normal 1.0 0.0 0.0
outer loop
vertex 11.8 4.699999999999999 -16.0
vertex 11.8 6.299999999999999 -16.0
vertex 11.8 6.308350199369446 -15.744927796002441
endloop
endfacet
facet normal 1.0 -0.0 0.0
outer loop
vertex 11.8 4.71177592218768 -15.640282789234213
vertex 11.8 6.308350199369446 -15.744927796002441
vertex 11.8 6.333365040642139 -15.490947850341799
endloop
endfacet
facet normal 1.0 -0.0 0.0
outer loop
vertex 11.8 4.747053262444042 -15.282105942789716
vertex 11.8 6.333365040642139 -15.490947850341799
vertex 11.8 6.374937406427401 -15.2391477441371
endloop
endfacet
facet normal 1.0 -0.0 0.0
outer loop
vertex 11.8 4.805680957782232 -14.927003228911294
vertex 11.8 6.374937406427401 -15.2391477441371
vertex 11.8 6.432889277472633 -14.990605724100169
endloop
endfacet
facet normal 0.9999999999999999 0.0 -0.0
outer loop
vertex 11.8 4.805680957782232 -14.927003228911294
vertex 11.8 6.506972494969087 -14.74638608531767
vertex 11.8 4.887407955410124 -14.576495251936135
endloop
endfacet
facet normal 1.0 0.0 -0.0
outer loop
vertex 11.8 4.887407955410124 -14.576495251936135
vertex 11.8 6.5968698232059815 -14.50753461377615
vertex 11.8 4.991884287776918 -14.232082940832612
endloop
endfacet
facet normal 1.0 -0.0 0.0
outer loop
vertex 11.8 4.805680957782232 -14.927003228911294
vertex 11.8 6.432889277472633 -14.990605724100169
vertex 11.8 6.506972494969087 -14.74638608531767
endloop
endfacet
facet normal 1.0 -0.0 0.0
outer loop
vertex 11.8 4.887407955410124 -14.576495251936135
vertex 11.8 6.506972494969087 -14.74638608531767
vertex 11.8 6.5968698232059815 -14.50753461377615
endloop
endfacet
facet normal 1.0 0.0 -0.0
outer loop
vertex 11.8 4.991884287776918 -14.232082940832612
vertex 11.8 6.822500925240688 -14.05
vertex 11.8 5.118662571187922 -13.895241121992006
endloop
endfacet
facet normal 1.0 -0.0 0.0
outer loop
vertex 11.8 4.991884287776918 -14.232082940832612
vertex 11.8 6.5968698232059815 -14.50753461377615
vertex 11.8 6.702196308022515 -14.275074108145894
endloop
endfacet
facet normal 1.0 -0.0 0.0
outer loop
vertex 11.8 4.991884287776918 -14.232082940832612
vertex 11.8 6.702196308022515 -14.275074108145894
vertex 11.8 6.822500925240688 -14.05
endloop
endfacet
facet normal 1.0 0.0 -0.0
outer loop
vertex 11.8 5.118662571187922 -13.895241121992006
vertex 11.8 6.9572685120200735 -13.833276091223551
vertex 11.8 5.267199921570214 -13.567412203795493
endloop
endfacet
facet normal 1.0 -0.0 0.0
outer loop
vertex 11.8 5.118662571187922 -13.895241121992006
vertex 11.8 6.822500925240688 -14.05
vertex 11.8 6.9572685120200735 -13.833276091223551
endloop
endfacet
facet normal 1.0 0.0 -0.0
outer loop
vertex 11.8 5.267199921570214 -13.567412203795493
vertex 11.8 7.267824750831988 -13.428551321109731
vertex 11.8 5.436860279185586 -13.25
endloop
endfacet
facet normal 1.0 0.0 -0.0
outer loop
vertex 11.8 5.436860279185586 -13.25
vertex 11.8 7.442283553372464 -13.242283553372465
vertex 11.8 5.6269171323360005 -12.944363718392188
endloop
endfacet
facet normal 1.0 0.0 -0.0
outer loop
vertex 11.8 5.6269171323360005 -12.944363718392188
vertex 11.8 7.825830426865989 -12.905921972864183
vertex 11.8 5.836556628398206 -12.651812140452037
endloop
endfacet
facet normal 1.0 -0.0 0.0
outer loop
vertex 11.8 5.267199921570214 -13.567412203795493
vertex 11.8 6.9572685120200735 -13.833276091223551
vertex 11.8 7.1059219728641825 -13.625830426865988
endloop
endfacet
facet normal 1.0 -0.0 0.0
outer loop
vertex 11.8 5.267199921570214 -13.567412203795493
vertex 11.8 7.1059219728641825 -13.625830426865988
vertex 11.8 7.267824750831988 -13.428551321109731
endloop
endfacet
facet normal 0.9999999999999999 -0.0 0.0
outer loop
vertex 11.8 5.436860279185586 -13.25
vertex 11.8 7.267824750831988 -13.428551321109731
vertex 11.8 7.442283553372464 -13.242283553372465
endloop
endfacet
facet normal 1.0 -0.0 0.0
outer loop
vertex 11.8 5.6269171323360005 -12.944363718392188
vertex 11.8 7.442283553372464 -13.242283553372465
vertex 11.8 7.628551321109731 -13.067824750831988
endloop
endfacet
facet normal 1.0 -0.0 0.0
outer loop
vertex 11.8 5.6269171323360005 -12.944363718392188
vertex 11.8 7.628551321109731 -13.067824750831988
vertex 11.8 7.825830426865989 -12.905921972864183
endloop
endfacet
facet normal 1.0 -0.0 0.0
outer loop
vertex 11.8 5.836556628398206 -12.651812140452037
vertex 11.8 7.825830426865989 -12.905921972864183
vertex 11.8 8.03327609122355 -12.757268512020074
endloop
endfacet
facet normal 1.0 0.0 -0.0
outer loop
vertex 11.8 5.836556628398206 -12.651812140452037
vertex 11.8 8.25 -12.62250092524069
vertex 11.8 6.064881058865623 -12.373598016949622
endloop
endfacet
facet normal 1.0 0.0 -0.0
outer loop
vertex 11.8 6.064881058865623 -12.373598016949622
vertex 11.8 8.94638608531767 -12.306972494969088
vertex 11.8 6.3109127034739885 -12.11091270347399
endloop
endfacet
facet normal 1.0 -0.0 0.0
outer loop
vertex 11.8 5.836556628398206 -12.651812140452037
vertex 11.8 8.03327609122355 -12.757268512020074
vertex 11.8 8.25 -12.62250092524069
endloop
endfacet
facet normal 1.0 -0.0 0.0
outer loop
vertex 11.8 6.064881058865623 -12.373598016949622
vertex 11.8 8.25 -12.62250092524069
vertex 11.8 8.475074108145893 -12.502196308022516
endloop
endfacet
facet normal 1.0 -0.0 0.0
outer loop
vertex 11.8 6.064881058865623 -12.373598016949622
vertex 11.8 8.475074108145893 -12.502196308022516
vertex 11.8 8.707534613776149 -12.396869823205982
endloop
endfacet
facet normal 1.0 -0.0 0.0
outer loop
vertex 11.8 6.064881058865623 -12.373598016949622
vertex 11.8 8.707534613776149 -12.396869823205982
vertex 11.8 8.94638608531767 -12.306972494969088
endloop
endfacet
facet normal 1.0 -0.0 0.0
outer loop
vertex 11.8 6.3109127034739885 -12.11091270347399
vertex 11.8 8.94638608531767 -12.306972494969088
vertex 11.8 9.190605724100168 -12.232889277472633
endloop
endfacet
facet normal 0.9999999999999999 -0.0 0.0
outer loop
vertex 11.8 6.3109127034739885 -12.11091270347399
vertex 11.8 9.190605724100168 -12.232889277472633
vertex 11.8 9.439147744137099 -12.174937406427402
endloop
endfacet
facet normal 1.0 -0.0 0.0
outer loop
vertex 11.8 6.3109127034739885 -12.11091270347399
vertex 11.8 9.439147744137099 -12.174937406427402
vertex 11.8 9.690947850341798 -12.13336504064214
endloop
endfacet
facet normal 1.0 -0.0 0.0
outer loop
vertex 11.8 6.3109127034739885 -12.11091270347399
vertex 11.8 9.690947850341798 -12.13336504064214
vertex 11.8 9.94492779600244 -12.108350199369447
endloop
endfacet
facet normal 0.9999999999999999 0.0 -0.0
outer loop
vertex 11.8 6.3109127034739885 -12.11091270347399
vertex 11.8 9.94492779600244 -12.108350199369447
vertex 11.8 6.573598016949621 -11.864881058865624
endloop
endfacet
facet normal 1.0 -0.0 0.0
outer loop
vertex 11.8 6.573598016949621 -11.864881058865624
vertex 11.8 9.94492779600244 -12.108350199369447
vertex 11.8 10.2 -12.1
endloop
endfacet
facet normal 0.9999999999999999 0.0 0.0
outer loop
vertex 11.8 6.573598016949621 -11.864881058865624
vertex 11.8 10.2 -12.1
vertex 11.8 10.455072203997558 -12.108350199369447
endloop
endfacet
facet normal 1.0 0.0 -0.0
outer loop
vertex 11.8 6.573598016949621 -11.864881058865624
vertex 11.8 13.826401983050378 -11.864881058865624
vertex 11.8 6.851812140452036 -11.636556628398207
endloop
endfacet
facet normal 1.0 0.0 -0.0
outer loop
vertex 11.8 6.851812140452036 -11.636556628398207
vertex 11.8 13.548187859547962 -11.636556628398207
vertex 11.8 7.144363718392187 -11.426917132336001
endloop
endfacet
facet normal 1.0 0.0 -0.0
outer loop
vertex 11.8 7.144363718392187 -11.426917132336001
vertex 11.8 13.255636281607812 -11.426917132336001
vertex 11.8 7.449999999999999 -11.236860279185587
endloop
endfacet
facet normal 1.0 0.0 -0.0
outer loop
vertex 11.8 7.449999999999999 -11.236860279185587
vertex 11.8 12.95 -11.236860279185587
vertex 11.8 7.767412203795493 -11.067199921570214
endloop
endfacet
facet normal 1.0 0.0 -0.0
outer loop
vertex 11.8 7.767412203795493 -11.067199921570214
vertex 11.8 12.632587796204506 -11.067199921570214
vertex 11.8 8.095241121992006 -10.918662571187923
endloop
endfacet
facet normal 1.0 0.0 -0.0
outer loop
vertex 11.8 8.095241121992006 -10.918662571187923
vertex 11.8 12.304758878007993 -10.918662571187923
vertex 11.8 8.432082940832611 -10.791884287776918
endloop
endfacet
facet normal 1.0 0.0 -0.0
outer loop
vertex 11.8 8.432082940832611 -10.791884287776918
vertex 11.8 11.967917059167387 -10.791884287776918
vertex 11.8 8.776495251936135 -10.687407955410125
endloop
endfacet
facet normal 1.0 0.0 -0.0
outer loop
vertex 11.8 8.776495251936135 -10.687407955410125
vertex 11.8 11.623504748063864 -10.687407955410125
vertex 11.8 9.127003228911294 -10.605680957782234
endloop
endfacet
facet normal 1.0 0.0 0.0
outer loop
vertex 11.8 6.573598016949621 -11.864881058865624
vertex 11.8 10.455072203997558 -12.108350199369447
vertex 11.8 14.08908729652601 -12.11091270347399
endloop
endfacet
facet normal 1.0 -0.0 -0.0
outer loop
vertex 11.8 6.573598016949621 -11.864881058865624
vertex 11.8 14.08908729652601 -12.11091270347399
vertex 11.8 13.826401983050378 -11.864881058865624
endloop
endfacet
facet normal 1.0 -0.0 -0.0
outer loop
vertex 11.8 6.851812140452036 -11.636556628398207
vertex 11.8 13.826401983050378 -11.864881058865624
vertex 11.8 13.548187859547962 -11.636556628398207
endloop
endfacet
facet normal 1.0 -0.0 -0.0
outer loop
vertex 11.8 7.144363718392187 -11.426917132336001
vertex 11.8 13.548187859547962 -11.636556628398207
vertex 11.8 13.255636281607812 -11.426917132336001
endloop
endfacet
facet normal 1.0 -0.0 -0.0
outer loop
vertex 11.8 7.449999999999999 -11.236860279185587
vertex 11.8 13.255636281607812 -11.426917132336001
vertex 11.8 12.95 -11.236860279185587
endloop
endfacet
facet normal 1.0 0.0 -0.0
outer loop
vertex 11.8 9.127003228911294 -10.605680957782234
vertex 11.8 11.272996771088705 -10.605680957782234
vertex 11.8 9.482105942789715 -10.547053262444042
endloop
endfacet
facet normal 1.0 0.0 -0.0
outer loop
vertex 11.8 9.482105942789715 -10.547053262444042
vertex 11.8 10.917894057210283 -10.547053262444042
vertex 11.8 9.840282789234212 -10.511775922187681
endloop
endfacet
facet normal 1.0 0.0 -0.0
outer loop
vertex 11.8 9.840282789234212 -10.511775922187681
vertex 11.8 10.559717210765786 -10.511775922187681
vertex 11.8 10.2 -10.5
endloop
endfacet
facet normal 1.0 -0.0 -0.0
outer loop
vertex 11.8 9.840282789234212 -10.511775922187681
vertex 11.8 10.917894057210283 -10.547053262444042
vertex 11.8 10.559717210765786 -10.511775922187681
endloop
endfacet
facet normal 1.0 -0.0 -0.0
outer loop
vertex 11.8 9.482105942789715 -10.547053262444042
vertex 11.8 11.272996771088705 -10.605680957782234
vertex 11.8 10.917894057210283 -10.547053262444042
endloop
endfacet
facet normal 0.9999999999999999 -0.0 -0.0
outer loop
vertex 11.8 9.127003228911294 -10.605680957782234
vertex 11.8 11.623504748063864 -10.687407955410125
vertex 11.8 11.272996771088705 -10.605680957782234
endloop
endfacet
facet normal 1.0 -0.0 -0.0
outer loop
vertex 11.8 7.767412203795493 -11.067199921570214
vertex 11.8 12.95 -11.236860279185587
vertex 11.8 12.632587796204506 -11.067199921570214
endloop
endfacet
facet normal 1.0 -0.0 -0.0
outer loop
vertex 11.8 8.095241121992006 -10.918662571187923
vertex 11.8 12.632587796204506 -11.067199921570214
vertex 11.8 12.304758878007993 -10.918662571187923
endloop
endfacet
facet normal 1.0 -0.0 -0.0
outer loop
vertex 11.8 8.432082940832611 -10.791884287776918
vertex 11.8 12.304758878007993 -10.918662571187923
vertex 11.8 11.967917059167387 -10.791884287776918
endloop
endfacet
facet normal 1.0 -0.0 -0.0
outer loop
vertex 11.8 8.776495251936135 -10.687407955410125
vertex 11.8 11.967917059167387 -10.791884287776918
vertex 11.8 11.623504748063864 -10.687407955410125
endloop
endfacet
facet normal 1.0 0.0 0.0
outer loop
vertex 11.8 15.688224077812318 -15.640282789234213
vertex 11.8 14.091649800630552 -15.744927796002441
vertex 11.8 14.1 -16.0
endloop
endfacet
facet normal 1.0 0.0 0.0
outer loop
vertex 11.8 15.652946737555958 -15.282105942789716
vertex 11.8 14.06663495935786 -15.490947850341799
vertex 11.8 14.091649800630552 -15.744927796002441
endloop
endfacet
facet normal 0.9999999999999999 0.0 0.0
outer loop
vertex 11.8 15.652946737555958 -15.282105942789716
vertex 11.8 14.025062593572597 -15.2391477441371
vertex 11.8 14.06663495935786 -15.490947850341799
endloop
endfacet
facet normal 1.0 0.0 0.0
outer loop
vertex 11.8 15.594319042217766 -14.927003228911294
vertex 11.8 13.967110722527366 -14.990605724100169
vertex 11.8 14.025062593572597 -15.2391477441371
endloop
endfacet
facet normal 1.0 0.0 0.0
outer loop
vertex 11.8 15.281337428812076 -13.895241121992006
vertex 11.8 13.57749907475931 -14.05
vertex 11.8 13.697803691977484 -14.275074108145894
endloop
endfacet
facet normal 1.0 0.0 0.0
outer loop
vertex 11.8 15.512592044589875 -14.576495251936135
vertex 11.8 13.893027505030911 -14.74638608531767
vertex 11.8 13.967110722527366 -14.990605724100169
endloop
endfacet
facet normal 1.0 -0.0 0.0
outer loop
vertex 11.8 15.512592044589875 -14.576495251936135
vertex 11.8 13.967110722527366 -14.990605724100169
vertex 11.8 15.594319042217766 -14.927003228911294
endloop
endfacet
facet normal 1.0 0.0 0.0
outer loop
vertex 11.8 15.408115712223081 -14.232082940832612
vertex 11.8 13.803130176794017 -14.50753461377615
vertex 11.8 13.893027505030911 -14.74638608531767
endloop
endfacet
facet normal 1.0 0.0 0.0
outer loop
vertex 11.8 15.408115712223081 -14.232082940832612
vertex 11.8 13.697803691977484 -14.275074108145894
vertex 11.8 13.803130176794017 -14.50753461377615
endloop
endfacet
facet normal 1.0 0.0 0.0
outer loop
vertex 11.8 15.512592044589875 -14.576495251936135
vertex 11.8 15.408115712223081 -14.232082940832612
vertex 11.8 13.893027505030911 -14.74638608531767
endloop
endfacet
facet normal 1.0 0.0 0.0
outer loop
vertex 11.8 15.408115712223081 -14.232082940832612
vertex 11.8 15.281337428812076 -13.895241121992006
vertex 11.8 13.697803691977484 -14.275074108145894
endloop
endfacet
facet normal 1.0 0.0 0.0
outer loop
vertex 11.8 14.08908729652601 -12.11091270347399
vertex 11.8 10.455072203997558 -12.108350199369447
vertex 11.8 10.7090521496582 -12.13336504064214
endloop
endfacet
facet normal 1.0 0.0 0.0
outer loop
vertex 11.8 14.08908729652601 -12.11091270347399
vertex 11.8 10.7090521496582 -12.13336504064214
vertex 11.8 10.9608522558629 -12.174937406427402
endloop
endfacet
facet normal 0.9999999999999999 0.0 0.0
outer loop
vertex 11.8 14.08908729652601 -12.11091270347399
vertex 11.8 10.9608522558629 -12.174937406427402
vertex 11.8 11.20939427589983 -12.232889277472633
endloop
endfacet
facet normal 1.0 0.0 0.0
outer loop
vertex 11.8 14.08908729652601 -12.11091270347399
vertex 11.8 11.20939427589983 -12.232889277472633
vertex 11.8 11.453613914682329 -12.306972494969088
endloop
endfacet
facet normal 1.0 0.0 0.0
outer loop
vertex 11.8 14.563443371601792 -12.651812140452037
vertex 11.8 12.149999999999999 -12.62250092524069
vertex 11.8 12.366723908776448 -12.757268512020074
endloop
endfacet
facet normal 1.0 0.0 0.0
outer loop
vertex 11.8 14.563443371601792 -12.651812140452037
vertex 11.8 12.366723908776448 -12.757268512020074
vertex 11.8 12.57416957313401 -12.905921972864183
endloop
endfacet
facet normal 1.0 0.0 0.0
outer loop
vertex 11.8 14.335118941134375 -12.373598016949622
vertex 11.8 11.453613914682329 -12.306972494969088
vertex 11.8 11.69246538622385 -12.396869823205982
endloop
endfacet
facet normal 1.0 0.0 0.0
outer loop
vertex 11.8 14.335118941134375 -12.373598016949622
vertex 11.8 11.69246538622385 -12.396869823205982
vertex 11.8 11.924925891854105 -12.502196308022516
endloop
endfacet
facet normal 1.0 0.0 0.0
outer loop
vertex 11.8 14.335118941134375 -12.373598016949622
vertex 11.8 11.924925891854105 -12.502196308022516
vertex 11.8 12.149999999999999 -12.62250092524069
endloop
endfacet
facet normal 1.0 0.0 0.0
outer loop
vertex 11.8 14.08908729652601 -12.11091270347399
vertex 11.8 11.453613914682329 -12.306972494969088
vertex 11.8 14.335118941134375 -12.373598016949622
endloop
endfacet
facet normal 1.0 0.0 0.0
outer loop
vertex 11.8 15.132800078429785 -13.567412203795493
vertex 11.8 13.442731487979925 -13.833276091223551
vertex 11.8 13.57749907475931 -14.05
endloop
endfacet
facet normal 0.9999999999999999 0.0 0.0
outer loop
vertex 11.8 15.132800078429785 -13.567412203795493
vertex 11.8 13.294078027135816 -13.625830426865988
vertex 11.8 13.442731487979925 -13.833276091223551
endloop
endfacet
facet normal 1.0 0.0 0.0
outer loop
vertex 11.8 14.773082867663998 -12.944363718392188
vertex 11.8 12.771448678890268 -13.067824750831988
vertex 11.8 12.957716446627535 -13.242283553372465
endloop
endfacet
facet normal 0.9999999999999999 0.0 0.0
outer loop
vertex 11.8 14.963139720814413 -13.25
vertex 11.8 12.957716446627535 -13.242283553372465
vertex 11.8 13.13217524916801 -13.428551321109731
endloop
endfacet
facet normal 1.0 0.0 0.0
outer loop
vertex 11.8 14.963139720814413 -13.25
vertex 11.8 13.13217524916801 -13.428551321109731
vertex 11.8 13.294078027135816 -13.625830426865988
endloop
endfacet
facet normal 1.0 0.0 0.0
outer loop
vertex 11.8 15.281337428812076 -13.895241121992006
vertex 11.8 15.132800078429785 -13.567412203795493
vertex 11.8 13.57749907475931 -14.05
endloop
endfacet
facet normal 1.0 -0.0 0.0
outer loop
vertex 11.8 14.963139720814413 -13.25
vertex 11.8 13.294078027135816 -13.625830426865988
vertex 11.8 15.132800078429785 -13.567412203795493
endloop
endfacet
facet normal 1.0 0.0 0.0
outer loop
vertex 11.8 14.963139720814413 -13.25
vertex 11.8 14.773082867663998 -12.944363718392188
vertex 11.8 12.957716446627535 -13.242283553372465
endloop
endfacet
facet normal 1.0 0.0 0.0
outer loop
vertex 11.8 14.773082867663998 -12.944363718392188
vertex 11.8 12.57416957313401 -12.905921972864183
vertex 11.8 12.771448678890268 -13.067824750831988
endloop
endfacet
facet normal 1.0 0.0 0.0
outer loop
vertex 11.8 14.773082867663998 -12.944363718392188
vertex 11.8 14.66963329003227 -12.8
vertex 11.8 12.57416957313401 -12.905921972864183
endloop
endfacet
facet normal 1.0 -0.0 0.0
outer loop
vertex 11.8 14.563443371601792 -12.651812140452037
vertex 11.8 12.57416957313401 -12.905921972864183
vertex 11.8 14.66963329003227 -12.8
endloop
endfacet
facet normal 1.0 0.0 0.0
outer loop
vertex 11.8 14.563443371601792 -12.651812140452037
vertex 11.8 14.335118941134375 -12.373598016949622
vertex 11.8 12.149999999999999 -12.62250092524069
endloop
endfacet
facet normal 0.9999999999999999 0.0 0.0
outer loop
vertex 11.8 15.7 -16.0
vertex 11.8 15.688224077812318 -15.640282789234213
vertex 11.8 14.1 -16.0
endloop
endfacet
facet normal 0.9999999999999999 0.0 0.0
outer loop
vertex 11.8 15.688224077812318 -15.640282789234213
vertex 11.8 15.652946737555958 -15.282105942789716
vertex 11.8 14.091649800630552 -15.744927796002441
endloop
endfacet
facet normal 0.9999999999999999 0.0 0.0
outer loop
vertex 11.8 15.652946737555958 -15.282105942789716
vertex 11.8 15.594319042217766 -14.927003228911294
vertex 11.8 14.025062593572597 -15.2391477441371
endloop
endfacet
facet normal -0.9999999999999999 0.0 0.0
outer loop
vertex 4.2 14.66963329003227 -19.2
vertex 4.2 14.773082867663998 -19.05563628160781
vertex 4.2 24.8 -19.2
endloop
endfacet
facet normal 0.0 0.0 -1.0
outer loop
vertex 4.2 14.66963329003227 -19.2
vertex 4.2 24.8 -19.2
vertex 11.8 14.66963329003227 -19.2
endloop
endfacet
facet normal -1.0 0.0 0.0
outer loop
vertex 4.2 14.773082867663998 -12.944363718392188
vertex 4.2 14.66963329003227 -12.8
vertex 4.2 24.8 -12.8
endloop
endfacet
facet normal -1.0 0.0 0.0
outer loop
vertex 4.2 14.773082867663998 -19.05563628160781
vertex 4.2 14.963139720814413 -18.75
vertex 4.2 28.6 -19.2
endloop
endfacet
facet normal -1.0 0.0 0.0
outer loop
vertex 4.2 14.963139720814413 -18.75
vertex 4.2 15.132800078429785 -18.43258779620451
vertex 4.2 28.6 -19.2
endloop
endfacet
facet normal -1.0 0.0 0.0
outer loop
vertex 4.2 15.132800078429785 -18.43258779620451
vertex 4.2 15.281337428812076 -18.104758878007992
vertex 4.2 28.6 -19.2
endloop
endfacet
facet normal -1.0 0.0 0.0
outer loop
vertex 4.2 15.281337428812076 -18.104758878007992
vertex 4.2 15.408115712223081 -17.767917059167388
vertex 4.2 28.6 -19.2
endloop
endfacet
facet normal -1.0 0.0 0.0
outer loop
vertex 4.2 15.408115712223081 -17.767917059167388
vertex 4.2 15.512592044589875 -17.423504748063863
vertex 4.2 28.6 -19.2
endloop
endfacet
facet normal -1.0 -0.0 -0.0
outer loop
vertex 4.2 14.773082867663998 -19.05563628160781
vertex 4.2 28.6 -19.2
vertex 4.2 24.8 -19.2
endloop
endfacet
facet normal -1.0 0.0 0.0
outer loop
vertex 4.2 15.512592044589875 -17.423504748063863
vertex 4.2 28.6 -12.8
vertex 4.2 28.6 -19.2
endloop
endfacet
facet normal 0.0 -0.0 -1.0
outer loop
vertex 4.2 24.8 -19.2
vertex 5.631583033697532 24.8 -19.2
vertex 5.631583033697531 24.7 -19.2
endloop
endfacet
facet normal 0.0 0.0 -1.0
outer loop
vertex 4.2 24.8 -19.2
vertex 5.631583033697531 24.7 -19.2
vertex 11.8 14.66963329003227 -19.2
endloop
endfacet
facet normal -1.0 0.0 0.0
outer loop
vertex 4.2 15.512592044589875 -17.423504748063863
vertex 4.2 15.594319042217766 -17.072996771088704
vertex 4.2 28.6 -12.8
endloop
endfacet
facet normal -1.0 0.0 0.0
outer loop
vertex 4.2 15.594319042217766 -17.072996771088704
vertex 4.2 15.652946737555958 -16.717894057210284
vertex 4.2 28.6 -12.8
endloop
endfacet
facet normal -1.0 0.0 0.0
outer loop
vertex 4.2 15.652946737555958 -16.717894057210284
vertex 4.2 15.688224077812318 -16.359717210765787
vertex 4.2 28.6 -12.8
endloop
endfacet
facet normal -1.0 0.0 0.0
outer loop
vertex 4.2 15.688224077812318 -16.359717210765787
vertex 4.2 15.7 -16.0
vertex 4.2 28.6 -12.8
endloop
endfacet
facet normal -1.0 0.0 0.0
outer loop
vertex 4.2 15.7 -16.0
vertex 4.2 15.688224077812318 -15.640282789234213
vertex 4.2 28.6 -12.8
endloop
endfacet
facet normal -1.0 0.0 0.0
outer loop
vertex 4.2 15.688224077812318 -15.640282789234213
vertex 4.2 15.652946737555958 -15.282105942789716
vertex 4.2 28.6 -12.8
endloop
endfacet
facet normal -1.0 0.0 0.0
outer loop
vertex 4.2 15.652946737555958 -15.282105942789716
vertex 4.2 15.594319042217766 -14.927003228911294
vertex 4.2 28.6 -12.8
endloop
endfacet
facet normal -1.0 0.0 -0.0
outer loop
vertex 4.2 15.512592044589875 -14.576495251936135
vertex 4.2 28.6 -12.8
vertex 4.2 15.594319042217766 -14.927003228911294
endloop
endfacet
facet normal -1.0 0.0 0.0
outer loop
vertex 4.2 15.512592044589875 -14.576495251936135
vertex 4.2 15.408115712223081 -14.232082940832612
vertex 4.2 28.6 -12.8
endloop
endfacet
facet normal -1.0 0.0 0.0
outer loop
vertex 4.2 15.408115712223081 -14.232082940832612
vertex 4.2 15.281337428812076 -13.895241121992006
vertex 4.2 28.6 -12.8
endloop
endfacet
facet normal -1.0 0.0 0.0
outer loop
vertex 4.2 15.281337428812076 -13.895241121992006
vertex 4.2 15.132800078429785 -13.567412203795493
vertex 4.2 28.6 -12.8
endloop
endfacet
facet normal -1.0 0.0 -0.0
outer loop
vertex 4.2 14.963139720814413 -13.25
vertex 4.2 28.6 -12.8
vertex 4.2 15.132800078429785 -13.567412203795493
endloop
endfacet
facet normal -1.0 0.0 0.0
outer loop
vertex 4.2 14.963139720814413 -13.25
vertex 4.2 14.773082867663998 -12.944363718392188
vertex 4.2 28.6 -12.8
endloop
endfacet
facet normal 0.0 -0.0 1.0
outer loop
vertex 4.2 14.66963329003227 -12.8
vertex 5.631583033697531 24.7 -12.8
vertex 4.2 24.8 -12.8
endloop
endfacet
facet normal -1.0 0.0 0.0
outer loop
vertex 4.2 14.773082867663998 -12.944363718392188
vertex 4.2 24.8 -12.8
vertex 4.2 28.6 -12.8
endloop
endfacet
facet normal -0.0 0.0 1.0
outer loop
vertex 4.2 24.8 -12.8
vertex 5.631583033697531 24.7 -12.8
vertex 5.631583033697531 24.8 -12.8
endloop
endfacet
facet normal 0.0 -0.0 1.0
outer loop
vertex 4.2 14.66963329003227 -12.8
vertex 10.368416966302469 24.7 -12.8
vertex 5.631583033697531 24.7 -12.8
endloop
endfacet
facet normal 0.9999999999999999 0.0 -0.0
outer loop
vertex 11.8 14.66963329003227 -19.2
vertex 11.8 24.8 -19.2
vertex 11.8 14.773082867663998 -19.05563628160781
endloop
endfacet
facet normal 1.0 -0.0 -0.0
outer loop
vertex 11.8 14.773082867663998 -19.05563628160781
vertex 11.8 24.8 -19.2
vertex 11.8 14.963139720814413 -18.75
endloop
endfacet
facet normal 1.0 -0.0 -0.0
outer loop
vertex 11.8 14.963139720814413 -18.75
vertex 11.8 24.8 -19.2
vertex 11.8 15.132800078429785 -18.43258779620451
endloop
endfacet
facet normal 0.9999999999999999 -0.0 -0.0
outer loop
vertex 11.8 15.132800078429785 -18.43258779620451
vertex 11.8 24.8 -19.2
vertex 11.8 15.281337428812076 -18.104758878007992
endloop
endfacet
facet normal 1.0 -0.0 -0.0
outer loop
vertex 11.8 15.281337428812076 -18.104758878007992
vertex 11.8 24.8 -19.2
vertex 11.8 15.408115712223081 -17.767917059167388
endloop
endfacet
facet normal 0.0 0.0 1.0
outer loop
vertex 4.2 14.66963329003227 -12.8
vertex 11.8 14.66963329003227 -12.8
vertex 11.8 24.8 -12.8
endloop
endfacet
facet normal 0.9999999999999999 0.0 -0.0
outer loop
vertex 11.8 15.408115712223081 -14.232082940832612
vertex 11.8 24.8 -12.8
vertex 11.8 15.281337428812076 -13.895241121992006
endloop
endfacet
facet normal 1.0 0.0 -0.0
outer loop
vertex 11.8 15.281337428812076 -13.895241121992006
vertex 11.8 24.8 -12.8
vertex 11.8 15.132800078429785 -13.567412203795493
endloop
endfacet
facet normal 1.0 -0.0 0.0
outer loop
vertex 11.8 14.963139720814413 -13.25
vertex 11.8 15.132800078429785 -13.567412203795493
vertex 11.8 24.8 -12.8
endloop
endfacet
facet normal 1.0 0.0 -0.0
outer loop
vertex 11.8 14.773082867663998 -12.944363718392188
vertex 11.8 24.8 -12.8
vertex 11.8 14.66963329003227 -12.8
endloop
endfacet
facet normal 1.0 0.0 -0.0
outer loop
vertex 11.8 14.963139720814413 -13.25
vertex 11.8 24.8 -12.8
vertex 11.8 14.773082867663998 -12.944363718392188
endloop
endfacet
facet normal 0.0 0.0 -1.0
outer loop
vertex 11.8 14.66963329003227 -19.2
vertex 5.631583033697531 24.7 -19.2
vertex 10.368416966302469 24.7 -19.2
endloop
endfacet
facet normal -0.0 0.0 -1.0
outer loop
vertex 11.8 24.8 -19.2
vertex 10.368416966302469 24.7 -19.2
vertex 10.368416966302469 24.8 -19.2
endloop
endfacet
facet normal 0.0 0.0 -1.0
outer loop
vertex 11.8 14.66963329003227 -19.2
vertex 10.368416966302469 24.7 -19.2
vertex 11.8 24.8 -19.2
endloop
endfacet
facet normal 1.0 -0.0 -0.0
outer loop
vertex 11.8 15.408115712223081 -17.767917059167388
vertex 11.8 24.8 -19.2
vertex 11.8 15.512592044589875 -17.423504748063863
endloop
endfacet
facet normal 0.9999999999999999 -0.0 -0.0
outer loop
vertex 11.8 15.512592044589875 -17.423504748063863
vertex 11.8 24.8 -19.2
vertex 11.8 15.594319042217766 -17.072996771088704
endloop
endfacet
facet normal 0.9999999999999999 -0.0 -0.0
outer loop
vertex 11.8 15.594319042217766 -17.072996771088704
vertex 11.8 24.8 -19.2
vertex 11.8 15.652946737555958 -16.717894057210284
endloop
endfacet
facet normal 1.0 -0.0 -0.0
outer loop
vertex 11.8 15.652946737555958 -16.717894057210284
vertex 11.8 24.8 -19.2
vertex 11.8 15.688224077812318 -16.359717210765787
endloop
endfacet
facet normal 1.0 -0.0 -0.0
outer loop
vertex 11.8 15.688224077812318 -16.359717210765787
vertex 11.8 24.8 -19.2
vertex 11.8 15.7 -16.0
endloop
endfacet
facet normal 1.0 -0.0 -0.0
outer loop
vertex 11.8 15.7 -16.0
vertex 11.8 24.8 -19.2
vertex 11.8 15.688224077812318 -15.640282789234213
endloop
endfacet
facet normal 1.0 -0.0 -0.0
outer loop
vertex 11.8 15.688224077812318 -15.640282789234213
vertex 11.8 24.8 -19.2
vertex 11.8 15.652946737555958 -15.282105942789716
endloop
endfacet
facet normal 1.0 -0.0 -0.0
outer loop
vertex 11.8 15.652946737555958 -15.282105942789716
vertex 11.8 24.8 -19.2
vertex 11.8 15.594319042217766 -14.927003228911294
endloop
endfacet
facet normal 1.0 0.0 0.0
outer loop
vertex 11.8 15.512592044589875 -14.576495251936135
vertex 11.8 15.594319042217766 -14.927003228911294
vertex 11.8 24.8 -19.2
endloop
endfacet
facet normal 0.0 -0.0 1.0
outer loop
vertex 4.2 14.66963329003227 -12.8
vertex 11.8 24.8 -12.8
vertex 10.368416966302469 24.7 -12.8
endloop
endfacet
facet normal 0.0 0.0 1.0
outer loop
vertex 11.8 24.8 -12.8
vertex 10.368416966302469 24.8 -12.8
vertex 10.368416966302469 24.7 -12.8
endloop
endfacet
facet normal 1.0 -0.0 0.0
outer loop
vertex 11.8 15.512592044589875 -14.576495251936135
vertex 11.8 24.8 -19.2
vertex 11.8 24.8 -12.8
endloop
endfacet
facet normal 1.0 0.0 -0.0
outer loop
vertex 11.8 15.512592044589875 -14.576495251936135
vertex 11.8 24.8 -12.8
vertex 11.8 15.408115712223081 -14.232082940832612
endloop
endfacet
facet normal 0.0 0.773010453362732 0.6343932841636516
outer loop
vertex 7.800000000000001 8.097613648228226 -17.61321778687311
vertex 4.2 8.20762451018071 -17.747266410015182
vertex 4.2 8.097613648228226 -17.61321778687311
endloop
endfacet
facet normal 0.0 0.8128466845916169 0.5824776968677996
outer loop
vertex 7.800000000000001 7.996605527398255 -17.472261117501947
vertex 4.2 8.097613648228226 -17.61321778687311
vertex 4.2 7.996605527398255 -17.472261117501947
endloop
endfacet
facet normal 0.0 0.849202181526582 0.528067850650363
outer loop
vertex 7.800000000000001 7.905032679971237 -17.325
vertex 4.2 7.996605527398255 -17.472261117501947
vertex 4.2 7.905032679971237 -17.325
endloop
endfacet
facet normal 0.0 0.8819212643483527 0.47139673682600214
outer loop
vertex 7.800000000000001 7.823287234938375 -17.172065029080354
vertex 4.2 7.905032679971237 -17.325
vertex 4.2 7.823287234938375 -17.172065029080354
endloop
endfacet
facet normal 0.0 0.9108638249211746 0.41270702980439783
outer loop
vertex 7.800000000000001 7.751719238845089 -17.01411109576749
vertex 4.2 7.823287234938375 -17.172065029080354
vertex 4.2 7.751719238845089 -17.01411109576749
endloop
endfacet
facet normal 0.0 0.935905926757326 0.35225004792123277
outer loop
vertex 7.800000000000001 7.690635156837969 -16.85181458305338
vertex 4.2 7.751719238845089 -17.01411109576749
vertex 4.2 7.690635156837969 -16.85181458305338
endloop
endfacet
facet normal 0.0 0.9569403357322102 0.2902846772544583
outer loop
vertex 7.800000000000001 7.640296560333969 -16.68587046952168
vertex 4.2 7.690635156837969 -16.85181458305338
vertex 4.2 7.640296560333969 -16.68587046952168
endloop
endfacet
facet normal 0.0 0.9738769792773335 0.22707626303437373
outer loop
vertex 7.800000000000001 7.600919006931439 -16.51698935334274
vertex 4.2 7.640296560333969 -16.68587046952168
vertex 4.2 7.600919006931439 -16.51698935334274
endloop
endfacet
facet normal 0.0 0.9866433320848794 0.16289547339458607
outer loop
vertex 7.800000000000001 7.572671117359402 -16.345894409383135
vertex 4.2 7.600919006931439 -16.51698935334274
vertex 4.2 7.572671117359402 -16.345894409383135
endloop
endfacet
facet normal 0.0 0.9951847266721965 0.09801714032956418
outer loop
vertex 7.800000000000001 7.5556738534177 -16.17331829245988
vertex 4.2 7.572671117359402 -16.345894409383135
vertex 4.2 7.5556738534177 -16.17331829245988
endloop
endfacet
facet normal 0.0 0.9994645874763656 0.032719082821776595
outer loop
vertex 7.800000000000001 7.549999999999999 -16.0
vertex 4.2 7.5556738534177 -16.17331829245988
vertex 4.2 7.549999999999999 -16.0
endloop
endfacet
facet normal 0.0 0.6343932841636527 0.773010453362731
outer loop
vertex 7.800000000000001 8.452733589984817 -17.99237548981929
vertex 4.2 8.58678221312689 -18.102386351771774
vertex 4.2 8.452733589984817 -17.99237548981929
endloop
endfacet
facet normal 0.0 0.5280678506503639 0.8492021815265813
outer loop
vertex 7.800000000000001 8.727738882498054 -18.203394472601744
vertex 4.2 8.875 -18.29496732002876
vertex 4.2 8.727738882498054 -18.203394472601744
endloop
endfacet
facet normal 0.0 0.47139673682600214 0.8819212643483527
outer loop
vertex 7.800000000000001 8.875 -18.29496732002876
vertex 4.2 9.027934970919645 -18.376712765061622
vertex 4.2 8.875 -18.29496732002876
endloop
endfacet
facet normal 0.0 0.5824776968677963 0.8128466845916194
outer loop
vertex 7.800000000000001 8.58678221312689 -18.102386351771774
vertex 4.2 8.727738882498054 -18.203394472601744
vertex 4.2 8.58678221312689 -18.102386351771774
endloop
endfacet
facet normal 0.0 0.35225004792123615 0.9359059267573248
outer loop
vertex 7.800000000000001 9.185888904232511 -18.44828076115491
vertex 4.2 9.34818541694662 -18.50936484316203
vertex 4.2 9.185888904232511 -18.44828076115491
endloop
endfacet
facet normal 0.0 0.29028467725446483 0.956940335732208
outer loop
vertex 7.800000000000001 9.34818541694662 -18.50936484316203
vertex 4.2 9.51412953047832 -18.55970343966603
vertex 4.2 9.34818541694662 -18.50936484316203
endloop
endfacet
facet normal 0.0 0.2270762630343808 0.9738769792773319
outer loop
vertex 7.800000000000001 9.51412953047832 -18.55970343966603
vertex 4.2 9.683010646657259 -18.59908099306856
vertex 4.2 9.51412953047832 -18.55970343966603
endloop
endfacet
facet normal 0.0 0.16289547339458274 0.9866433320848801
outer loop
vertex 7.800000000000001 9.683010646657259 -18.59908099306856
vertex 4.2 9.854105590616863 -18.627328882640597
vertex 4.2 9.683010646657259 -18.59908099306856
endloop
endfacet
facet normal 0.0 0.412707029804394 0.9108638249211762
outer loop
vertex 7.800000000000001 9.027934970919645 -18.376712765061622
vertex 4.2 9.185888904232511 -18.44828076115491
vertex 4.2 9.027934970919645 -18.376712765061622
endloop
endfacet
facet normal 0.0 0.09801714032955305 0.9951847266721977
outer loop
vertex 7.800000000000001 9.854105590616863 -18.627328882640597
vertex 4.2 10.02668170754012 -18.644326146582298
vertex 4.2 9.854105590616863 -18.627328882640597
endloop
endfacet
facet normal 0.0 0.032719082821776595 0.9994645874763656
outer loop
vertex 7.800000000000001 10.02668170754012 -18.644326146582298
vertex 4.2 10.2 -18.65
vertex 4.2 10.02668170754012 -18.644326146582298
endloop
endfacet
facet normal 0.0 -0.032719082821776595 0.9994645874763656
outer loop
vertex 7.800000000000001 10.2 -18.65
vertex 4.2 10.373318292459878 -18.644326146582298
vertex 4.2 10.2 -18.65
endloop
endfacet
facet normal 0.0 -0.09801714032955305 0.9951847266721977
outer loop
vertex 7.800000000000001 10.373318292459878 -18.644326146582298
vertex 4.2 10.545894409383136 -18.627328882640597
vertex 4.2 10.373318292459878 -18.644326146582298
endloop
endfacet
facet normal 0.0 -0.16289547339458274 0.9866433320848801
outer loop
vertex 7.800000000000001 10.545894409383136 -18.627328882640597
vertex 4.2 10.71698935334274 -18.59908099306856
vertex 4.2 10.545894409383136 -18.627328882640597
endloop
endfacet
facet normal 0.0 -0.2270762630343808 0.9738769792773319
outer loop
vertex 7.800000000000001 10.71698935334274 -18.59908099306856
vertex 4.2 10.885870469521679 -18.55970343966603
vertex 4.2 10.71698935334274 -18.59908099306856
endloop
endfacet
facet normal 0.0 -0.29028467725446483 0.956940335732208
outer loop
vertex 7.800000000000001 10.885870469521679 -18.55970343966603
vertex 4.2 11.051814583053378 -18.50936484316203
vertex 4.2 10.885870469521679 -18.55970343966603
endloop
endfacet
facet normal 0.0 -0.35225004792123615 0.9359059267573248
outer loop
vertex 7.800000000000001 11.051814583053378 -18.50936484316203
vertex 4.2 11.214111095767487 -18.44828076115491
vertex 4.2 11.051814583053378 -18.50936484316203
endloop
endfacet
facet normal 0.0 -0.412707029804394 0.9108638249211762
outer loop
vertex 7.800000000000001 11.214111095767487 -18.44828076115491
vertex 4.2 11.372065029080353 -18.376712765061622
vertex 4.2 11.214111095767487 -18.44828076115491
endloop
endfacet
facet normal 0.0 -0.47139673682600214 0.8819212643483527
outer loop
vertex 7.800000000000001 11.372065029080353 -18.376712765061622
vertex 4.2 11.524999999999999 -18.29496732002876
vertex 4.2 11.372065029080353 -18.376712765061622
endloop
endfacet
facet normal 0.0 -0.5280678506503639 0.8492021815265813
outer loop
vertex 7.800000000000001 11.524999999999999 -18.29496732002876
vertex 4.2 11.672261117501945 -18.203394472601744
vertex 4.2 11.524999999999999 -18.29496732002876
endloop
endfacet
facet normal 0.0 0.6835923020228719 0.7298640726978353
outer loop
vertex 7.800000000000001 8.326167029855648 -17.87383297014435
vertex 4.2 8.452733589984817 -17.99237548981929
vertex 4.2 8.326167029855648 -17.87383297014435
endloop
endfacet
facet normal 0.0 0.7298640726978305 0.683592302022877
outer loop
vertex 7.800000000000001 8.20762451018071 -17.747266410015182
vertex 4.2 8.326167029855648 -17.87383297014435
vertex 4.2 8.20762451018071 -17.747266410015182
endloop
endfacet
facet normal 0.0 -0.5824776968677963 0.8128466845916194
outer loop
vertex 7.800000000000001 11.672261117501945 -18.203394472601744
vertex 4.2 11.813217786873109 -18.102386351771774
vertex 4.2 11.672261117501945 -18.203394472601744
endloop
endfacet
facet normal 0.0 -0.6343932841636527 0.773010453362731
outer loop
vertex 7.800000000000001 11.813217786873109 -18.102386351771774
vertex 4.2 11.947266410015182 -17.99237548981929
vertex 4.2 11.813217786873109 -18.102386351771774
endloop
endfacet
facet normal 0.0 -0.6835923020228719 0.7298640726978353
outer loop
vertex 7.800000000000001 11.947266410015182 -17.99237548981929
vertex 4.2 12.07383297014435 -17.87383297014435
vertex 4.2 11.947266410015182 -17.99237548981929
endloop
endfacet
facet normal 0.0 -0.7298640726978305 0.683592302022877
outer loop
vertex 7.800000000000001 12.07383297014435 -17.87383297014435
vertex 4.2 12.19237548981929 -17.747266410015182
vertex 4.2 12.07383297014435 -17.87383297014435
endloop
endfacet
facet normal 0.0 -0.773010453362732 0.6343932841636516
outer loop
vertex 7.800000000000001 12.19237548981929 -17.747266410015182
vertex 4.2 12.302386351771773 -17.61321778687311
vertex 4.2 12.19237548981929 -17.747266410015182
endloop
endfacet
facet normal 0.0 -0.8128466845916194 0.5824776968677963
outer loop
vertex 7.800000000000001 12.302386351771773 -17.61321778687311
vertex 4.2 12.403394472601743 -17.472261117501947
vertex 4.2 12.302386351771773 -17.61321778687311
endloop
endfacet
facet normal 0.0 -0.8492021815265798 0.5280678506503667
outer loop
vertex 7.800000000000001 12.403394472601743 -17.472261117501947
vertex 4.2 12.494967320028762 -17.325
vertex 4.2 12.403394472601743 -17.472261117501947
endloop
endfacet
facet normal 0.0 -0.8819212643483527 0.47139673682600214
outer loop
vertex 7.800000000000001 12.494967320028762 -17.325
vertex 4.2 12.576712765061624 -17.172065029080354
vertex 4.2 12.494967320028762 -17.325
endloop
endfacet
facet normal 0.0 -0.9108638249211746 0.41270702980439783
outer loop
vertex 7.800000000000001 12.576712765061624 -17.172065029080354
vertex 4.2 12.64828076115491 -17.01411109576749
vertex 4.2 12.576712765061624 -17.172065029080354
endloop
endfacet
facet normal 0.0 -0.935905926757326 0.35225004792123277
outer loop
vertex 7.800000000000001 12.64828076115491 -17.01411109576749
vertex 4.2 12.70936484316203 -16.85181458305338
vertex 4.2 12.64828076115491 -17.01411109576749
endloop
endfacet
facet normal 0.0 -0.9569403357322102 0.2902846772544583
outer loop
vertex 7.800000000000001 12.70936484316203 -16.85181458305338
vertex 4.2 12.75970343966603 -16.68587046952168
vertex 4.2 12.70936484316203 -16.85181458305338
endloop
endfacet
facet normal 0.0 -0.9738769792773324 0.22707626303437858
outer loop
vertex 7.800000000000001 12.75970343966603 -16.68587046952168
vertex 4.2 12.79908099306856 -16.51698935334274
vertex 4.2 12.75970343966603 -16.68587046952168
endloop
endfacet
facet normal 0.0 -0.9866433320848803 0.16289547339458108
outer loop
vertex 7.800000000000001 12.79908099306856 -16.51698935334274
vertex 4.2 12.827328882640597 -16.345894409383135
vertex 4.2 12.79908099306856 -16.51698935334274
endloop
endfacet
facet normal 0.0 -0.9951847266721965 0.09801714032956418
outer loop
vertex 7.800000000000001 12.827328882640597 -16.345894409383135
vertex 4.2 12.844326146582299 -16.17331829245988
vertex 4.2 12.827328882640597 -16.345894409383135
endloop
endfacet
facet normal 0.0 -0.9994645874763656 0.032719082821776595
outer loop
vertex 7.800000000000001 12.844326146582299 -16.17331829245988
vertex 4.2 12.85 -16.0
vertex 4.2 12.844326146582299 -16.17331829245988
endloop
endfacet
facet normal 0.0 0.8128466845916169 0.5824776968677996
outer loop
vertex 7.800000000000001 8.097613648228226 -17.61321778687311
vertex 4.2 8.097613648228226 -17.61321778687311
vertex 7.800000000000001 7.996605527398255 -17.472261117501947
endloop
endfacet
facet normal 0.0 0.8819212643483527 0.47139673682600214
outer loop
vertex 7.800000000000001 7.905032679971237 -17.325
vertex 4.2 7.905032679971237 -17.325
vertex 7.800000000000001 7.823287234938375 -17.172065029080354
endloop
endfacet
facet normal 0.0 0.849202181526582 0.528067850650363
outer loop
vertex 7.800000000000001 7.905032679971237 -17.325
vertex 7.800000000000001 7.996605527398255 -17.472261117501947
vertex 4.2 7.996605527398255 -17.472261117501947
endloop
endfacet
facet normal 0.0 0.9108638249211746 0.41270702980439783
outer loop
vertex 7.800000000000001 7.823287234938375 -17.172065029080354
vertex 4.2 7.823287234938375 -17.172065029080354
vertex 7.800000000000001 7.751719238845089 -17.01411109576749
endloop
endfacet
facet normal 0.0 0.9569403357322102 0.2902846772544583
outer loop
vertex 7.800000000000001 7.690635156837969 -16.85181458305338
vertex 4.2 7.690635156837969 -16.85181458305338
vertex 7.800000000000001 7.640296560333969 -16.68587046952168
endloop
endfacet
facet normal 0.0 0.9738769792773335 0.22707626303437373
outer loop
vertex 7.800000000000001 7.640296560333969 -16.68587046952168
vertex 4.2 7.640296560333969 -16.68587046952168
vertex 7.800000000000001 7.600919006931439 -16.51698935334274
endloop
endfacet
facet normal 0.0 0.935905926757326 0.35225004792123277
outer loop
vertex 7.800000000000001 7.751719238845089 -17.01411109576749
vertex 4.2 7.751719238845089 -17.01411109576749
vertex 7.800000000000001 7.690635156837969 -16.85181458305338
endloop
endfacet
facet normal 0.0 0.9866433320848794 0.16289547339458607
outer loop
vertex 7.800000000000001 7.600919006931439 -16.51698935334274
vertex 4.2 7.600919006931439 -16.51698935334274
vertex 7.800000000000001 7.572671117359402 -16.345894409383135
endloop
endfacet
facet normal 0.0 0.9951847266721965 0.09801714032956418
outer loop
vertex 7.800000000000001 7.572671117359402 -16.345894409383135
vertex 4.2 7.572671117359402 -16.345894409383135
vertex 7.800000000000001 7.5556738534177 -16.17331829245988
endloop
endfacet
facet normal 0.0 0.9994645874763656 0.032719082821776595
outer loop
vertex 7.800000000000001 7.5556738534177 -16.17331829245988
vertex 4.2 7.5556738534177 -16.17331829245988
vertex 7.800000000000001 7.549999999999999 -16.0
endloop
endfacet
facet normal 0.0 0.6835923020228719 0.7298640726978353
outer loop
vertex 7.800000000000001 8.326167029855648 -17.87383297014435
vertex 7.800000000000001 8.452733589984817 -17.99237548981929
vertex 4.2 8.452733589984817 -17.99237548981929
endloop
endfacet
facet normal 0.0 0.6343932841636527 0.773010453362731
outer loop
vertex 7.800000000000001 8.58678221312689 -18.102386351771774
vertex 4.2 8.58678221312689 -18.102386351771774
vertex 7.800000000000001 8.452733589984817 -17.99237548981929
endloop
endfacet
facet normal 0.0 0.47139673682600214 0.8819212643483527
outer loop
vertex 7.800000000000001 9.027934970919645 -18.376712765061622
vertex 4.2 9.027934970919645 -18.376712765061622
vertex 7.800000000000001 8.875 -18.29496732002876
endloop
endfacet
facet normal 0.0 0.5280678506503639 0.8492021815265813
outer loop
vertex 7.800000000000001 8.727738882498054 -18.203394472601744
vertex 7.800000000000001 8.875 -18.29496732002876
vertex 4.2 8.875 -18.29496732002876
endloop
endfacet
facet normal 0.0 0.5824776968677963 0.8128466845916194
outer loop
vertex 7.800000000000001 8.727738882498054 -18.203394472601744
vertex 4.2 8.727738882498054 -18.203394472601744
vertex 7.800000000000001 8.58678221312689 -18.102386351771774
endloop
endfacet
facet normal 0.0 0.35225004792123615 0.9359059267573248
outer loop
vertex 7.800000000000001 9.185888904232511 -18.44828076115491
vertex 7.800000000000001 9.34818541694662 -18.50936484316203
vertex 4.2 9.34818541694662 -18.50936484316203
endloop
endfacet
facet normal 0.0 0.29028467725446483 0.956940335732208
outer loop
vertex 7.800000000000001 9.51412953047832 -18.55970343966603
vertex 4.2 9.51412953047832 -18.55970343966603
vertex 7.800000000000001 9.34818541694662 -18.50936484316203
endloop
endfacet
facet normal 0.0 0.2270762630343808 0.9738769792773319
outer loop
vertex 7.800000000000001 9.51412953047832 -18.55970343966603
vertex 7.800000000000001 9.683010646657259 -18.59908099306856
vertex 4.2 9.683010646657259 -18.59908099306856
endloop
endfacet
facet normal 0.0 0.16289547339458274 0.9866433320848801
outer loop
vertex 7.800000000000001 9.683010646657259 -18.59908099306856
vertex 7.800000000000001 9.854105590616863 -18.627328882640597
vertex 4.2 9.854105590616863 -18.627328882640597
endloop
endfacet
facet normal 0.0 0.412707029804394 0.9108638249211762
outer loop
vertex 7.800000000000001 9.027934970919645 -18.376712765061622
vertex 7.800000000000001 9.185888904232511 -18.44828076115491
vertex 4.2 9.185888904232511 -18.44828076115491
endloop
endfacet
facet normal 0.0 0.09801714032955305 0.9951847266721977
outer loop
vertex 7.800000000000001 9.854105590616863 -18.627328882640597
vertex 7.800000000000001 10.02668170754012 -18.644326146582298
vertex 4.2 10.02668170754012 -18.644326146582298
endloop
endfacet
facet normal 0.0 0.032719082821776595 0.9994645874763656
outer loop
vertex 7.800000000000001 10.02668170754012 -18.644326146582298
vertex 7.800000000000001 10.2 -18.65
vertex 4.2 10.2 -18.65
endloop
endfacet
facet normal 0.0 -0.032719082821776595 0.9994645874763656
outer loop
vertex 7.800000000000001 10.2 -18.65
vertex 7.800000000000001 10.373318292459878 -18.644326146582298
vertex 4.2 10.373318292459878 -18.644326146582298
endloop
endfacet
facet normal 0.0 -0.09801714032955305 0.9951847266721977
outer loop
vertex 7.800000000000001 10.373318292459878 -18.644326146582298
vertex 7.800000000000001 10.545894409383136 -18.627328882640597
vertex 4.2 10.545894409383136 -18.627328882640597
endloop
endfacet
facet normal 0.0 -0.16289547339458274 0.9866433320848801
outer loop
vertex 7.800000000000001 10.545894409383136 -18.627328882640597
vertex 7.800000000000001 10.71698935334274 -18.59908099306856
vertex 4.2 10.71698935334274 -18.59908099306856
endloop
endfacet
facet normal 0.0 -0.2270762630343808 0.9738769792773319
outer loop
vertex 7.800000000000001 10.71698935334274 -18.59908099306856
vertex 7.800000000000001 10.885870469521679 -18.55970343966603
vertex 4.2 10.885870469521679 -18.55970343966603
endloop
endfacet
facet normal 0.0 -0.29028467725446483 0.956940335732208
outer loop
vertex 7.800000000000001 10.885870469521679 -18.55970343966603
vertex 7.800000000000001 11.051814583053378 -18.50936484316203
vertex 4.2 11.051814583053378 -18.50936484316203
endloop
endfacet
facet normal 0.0 -0.35225004792123615 0.9359059267573248
outer loop
vertex 7.800000000000001 11.051814583053378 -18.50936484316203
vertex 7.800000000000001 11.214111095767487 -18.44828076115491
vertex 4.2 11.214111095767487 -18.44828076115491
endloop
endfacet
facet normal 0.0 -0.412707029804394 0.9108638249211762
outer loop
vertex 7.800000000000001 11.214111095767487 -18.44828076115491
vertex 7.800000000000001 11.372065029080353 -18.376712765061622
vertex 4.2 11.372065029080353 -18.376712765061622
endloop
endfacet
facet normal 0.0 -0.47139673682600214 0.8819212643483527
outer loop
vertex 7.800000000000001 11.372065029080353 -18.376712765061622
vertex 7.800000000000001 11.524999999999999 -18.29496732002876
vertex 4.2 11.524999999999999 -18.29496732002876
endloop
endfacet
facet normal 0.0 -0.5280678506503639 0.8492021815265813
outer loop
vertex 7.800000000000001 11.524999999999999 -18.29496732002876
vertex 7.800000000000001 11.672261117501945 -18.203394472601744
vertex 4.2 11.672261117501945 -18.203394472601744
endloop
endfacet
facet normal 0.0 0.7298640726978305 0.683592302022877
outer loop
vertex 7.800000000000001 8.326167029855648 -17.87383297014435
vertex 4.2 8.326167029855648 -17.87383297014435
vertex 7.800000000000001 8.20762451018071 -17.747266410015182
endloop
endfacet
facet normal 0.0 0.773010453362732 0.6343932841636516
outer loop
vertex 7.800000000000001 8.097613648228226 -17.61321778687311
vertex 7.800000000000001 8.20762451018071 -17.747266410015182
vertex 4.2 8.20762451018071 -17.747266410015182
endloop
endfacet
facet normal 0.0 -0.5824776968677963 0.8128466845916194
outer loop
vertex 7.800000000000001 11.672261117501945 -18.203394472601744
vertex 7.800000000000001 11.813217786873109 -18.102386351771774
vertex 4.2 11.813217786873109 -18.102386351771774
endloop
endfacet
facet normal 0.0 -0.6343932841636527 0.773010453362731
outer loop
vertex 7.800000000000001 11.813217786873109 -18.102386351771774
vertex 7.800000000000001 11.947266410015182 -17.99237548981929
vertex 4.2 11.947266410015182 -17.99237548981929
endloop
endfacet
facet normal 0.0 -0.6835923020228719 0.7298640726978353
outer loop
vertex 7.800000000000001 11.947266410015182 -17.99237548981929
vertex 7.800000000000001 12.07383297014435 -17.87383297014435
vertex 4.2 12.07383297014435 -17.87383297014435
endloop
endfacet
facet normal 0.0 -0.7298640726978305 0.683592302022877
outer loop
vertex 7.800000000000001 12.07383297014435 -17.87383297014435
vertex 7.800000000000001 12.19237548981929 -17.747266410015182
vertex 4.2 12.19237548981929 -17.747266410015182
endloop
endfacet
facet normal 0.0 -0.773010453362732 0.6343932841636516
outer loop
vertex 7.800000000000001 12.19237548981929 -17.747266410015182
vertex 7.800000000000001 12.302386351771773 -17.61321778687311
vertex 4.2 12.302386351771773 -17.61321778687311
endloop
endfacet
facet normal 0.0 -0.8128466845916194 0.5824776968677963
outer loop
vertex 7.800000000000001 12.302386351771773 -17.61321778687311
vertex 7.800000000000001 12.403394472601743 -17.472261117501947
vertex 4.2 12.403394472601743 -17.472261117501947
endloop
endfacet
facet normal 0.0 -0.8492021815265798 0.5280678506503667
outer loop
vertex 7.800000000000001 12.403394472601743 -17.472261117501947
vertex 7.800000000000001 12.494967320028762 -17.325
vertex 4.2 12.494967320028762 -17.325
endloop
endfacet
facet normal 0.0 -0.8819212643483527 0.47139673682600214
outer loop
vertex 7.800000000000001 12.494967320028762 -17.325
vertex 7.800000000000001 12.576712765061624 -17.172065029080354
vertex 4.2 12.576712765061624 -17.172065029080354
endloop
endfacet
facet normal 0.0 -0.9108638249211746 0.41270702980439783
outer loop
vertex 7.800000000000001 12.576712765061624 -17.172065029080354
vertex 7.800000000000001 12.64828076115491 -17.01411109576749
vertex 4.2 12.64828076115491 -17.01411109576749
endloop
endfacet
facet normal 0.0 -0.935905926757326 0.35225004792123277
outer loop
vertex 7.800000000000001 12.64828076115491 -17.01411109576749
vertex 7.800000000000001 12.70936484316203 -16.85181458305338
vertex 4.2 12.70936484316203 -16.85181458305338
endloop
endfacet
facet normal 0.0 -0.9569403357322102 0.2902846772544583
outer loop
vertex 7.800000000000001 12.70936484316203 -16.85181458305338
vertex 7.800000000000001 12.75970343966603 -16.68587046952168
vertex 4.2 12.75970343966603 -16.68587046952168
endloop
endfacet
facet normal 0.0 -0.9738769792773324 0.22707626303437858
outer loop
vertex 7.800000000000001 12.75970343966603 -16.68587046952168
vertex 7.800000000000001 12.79908099306856 -16.51698935334274
vertex 4.2 12.79908099306856 -16.51698935334274
endloop
endfacet
facet normal 0.0 -0.9866433320848803 0.16289547339458108
outer loop
vertex 7.800000000000001 12.79908099306856 -16.51698935334274
vertex 7.800000000000001 12.827328882640597 -16.345894409383135
vertex 4.2 12.827328882640597 -16.345894409383135
endloop
endfacet
facet normal 0.0 -0.9951847266721965 0.09801714032956418
outer loop
vertex 7.800000000000001 12.827328882640597 -16.345894409383135
vertex 7.800000000000001 12.844326146582299 -16.17331829245988
vertex 4.2 12.844326146582299 -16.17331829245988
endloop
endfacet
facet normal 0.0 -0.9994645874763656 0.032719082821776595
outer loop
vertex 7.800000000000001 12.844326146582299 -16.17331829245988
vertex 7.800000000000001 12.85 -16.0
vertex 4.2 12.85 -16.0
endloop
endfacet
facet normal 0.0 0.9994645874763656 -0.032719082821776595
outer loop
vertex 7.800000000000001 7.5556738534177 -15.826681707540121
vertex 4.2 7.549999999999999 -16.0
vertex 4.2 7.5556738534177 -15.826681707540121
endloop
endfacet
facet normal 0.0 0.9951847266721967 -0.09801714032956321
outer loop
vertex 7.800000000000001 7.572671117359402 -15.654105590616863
vertex 4.2 7.5556738534177 -15.826681707540121
vertex 4.2 7.572671117359402 -15.654105590616863
endloop
endfacet
facet normal 0.0 0.9866433320848791 -0.1628954733945877
outer loop
vertex 7.800000000000001 7.600919006931439 -15.48301064665726
vertex 4.2 7.572671117359402 -15.654105590616863
vertex 4.2 7.600919006931439 -15.48301064665726
endloop
endfacet
facet normal 0.0 0.973876979277333 -0.22707626303437595
outer loop
vertex 7.800000000000001 7.640296560333969 -15.31412953047832
vertex 4.2 7.600919006931439 -15.48301064665726
vertex 4.2 7.640296560333969 -15.31412953047832
endloop
endfacet
facet normal 0.0 0.9569403357322109 -0.29028467725445545
outer loop
vertex 7.800000000000001 7.690635156837969 -15.148185416946621
vertex 4.2 7.640296560333969 -15.31412953047832
vertex 4.2 7.690635156837969 -15.148185416946621
endloop
endfacet
facet normal 0.0 0.9359059267573248 -0.35225004792123615
outer loop
vertex 7.800000000000001 7.751719238845089 -14.985888904232512
vertex 4.2 7.690635156837969 -15.148185416946621
vertex 4.2 7.751719238845089 -14.985888904232512
endloop
endfacet
facet normal 0.0 0.9108638249211762 -0.412707029804394
outer loop
vertex 7.800000000000001 7.823287234938375 -14.827934970919646
vertex 4.2 7.751719238845089 -14.985888904232512
vertex 4.2 7.823287234938375 -14.827934970919646
endloop
endfacet
facet normal 0.0 0.8819212643483527 -0.47139673682600214
outer loop
vertex 7.800000000000001 7.905032679971237 -14.675
vertex 4.2 7.823287234938375 -14.827934970919646
vertex 4.2 7.905032679971237 -14.675
endloop
endfacet
facet normal 0.0 0.8492021815265791 -0.5280678506503677
outer loop
vertex 7.800000000000001 7.996605527398255 -14.527738882498054
vertex 4.2 7.905032679971237 -14.675
vertex 4.2 7.996605527398255 -14.527738882498054
endloop
endfacet
facet normal 0.0 0.8128466845916169 -0.5824776968677996
outer loop
vertex 7.800000000000001 8.097613648228226 -14.38678221312689
vertex 4.2 7.996605527398255 -14.527738882498054
vertex 4.2 8.097613648228226 -14.38678221312689
endloop
endfacet
facet normal 0.0 0.7730104533627361 -0.6343932841636466
outer loop
vertex 7.800000000000001 8.20762451018071 -14.252733589984818
vertex 4.2 8.097613648228226 -14.38678221312689
vertex 4.2 8.20762451018071 -14.252733589984818
endloop
endfacet
facet normal 0.0 0.7298640726978353 -0.6835923020228719
outer loop
vertex 7.800000000000001 8.326167029855648 -14.12616702985565
vertex 4.2 8.20762451018071 -14.252733589984818
vertex 4.2 8.326167029855648 -14.12616702985565
endloop
endfacet
facet normal 0.0 0.6835923020228719 -0.7298640726978353
outer loop
vertex 7.800000000000001 8.452733589984817 -14.00762451018071
vertex 4.2 8.326167029855648 -14.12616702985565
vertex 4.2 8.452733589984817 -14.00762451018071
endloop
endfacet
facet normal 0.0 0.6343932841636466 -0.7730104533627361
outer loop
vertex 7.800000000000001 8.58678221312689 -13.897613648228226
vertex 4.2 8.452733589984817 -14.00762451018071
vertex 4.2 8.58678221312689 -13.897613648228226
endloop
endfacet
facet normal 0.0 0.5824776968677963 -0.8128466845916194
outer loop
vertex 7.800000000000001 8.727738882498054 -13.796605527398256
vertex 4.2 8.58678221312689 -13.897613648228226
vertex 4.2 8.727738882498054 -13.796605527398256
endloop
endfacet
facet normal 0.0 0.5280678506503713 -0.8492021815265769
outer loop
vertex 7.800000000000001 8.875 -13.705032679971238
vertex 4.2 8.727738882498054 -13.796605527398256
vertex 4.2 8.875 -13.705032679971238
endloop
endfacet
facet normal 0.0 0.47139673682600214 -0.8819212643483527
outer loop
vertex 7.800000000000001 9.027934970919645 -13.623287234938376
vertex 4.2 8.875 -13.705032679971238
vertex 4.2 9.027934970919645 -13.623287234938376
endloop
endfacet
facet normal 0.0 0.412707029804394 -0.9108638249211762
outer loop
vertex 7.800000000000001 9.185888904232511 -13.55171923884509
vertex 4.2 9.027934970919645 -13.623287234938376
vertex 4.2 9.185888904232511 -13.55171923884509
endloop
endfacet
facet normal 0.0 0.35225004792123615 -0.9359059267573248
outer loop
vertex 7.800000000000001 9.34818541694662 -13.49063515683797
vertex 4.2 9.185888904232511 -13.55171923884509
vertex 4.2 9.34818541694662 -13.49063515683797
endloop
endfacet
facet normal 0.0 0.29028467725445545 -0.9569403357322109
outer loop
vertex 7.800000000000001 9.51412953047832 -13.44029656033397
vertex 4.2 9.34818541694662 -13.49063515683797
vertex 4.2 9.51412953047832 -13.44029656033397
endloop
endfacet
facet normal 0.0 0.2270762630343808 -0.9738769792773319
outer loop
vertex 7.800000000000001 9.683010646657259 -13.400919006931439
vertex 4.2 9.51412953047832 -13.44029656033397
vertex 4.2 9.683010646657259 -13.400919006931439
endloop
endfacet
facet normal 0.0 0.16289547339458274 -0.9866433320848801
outer loop
vertex 7.800000000000001 9.854105590616863 -13.372671117359403
vertex 4.2 9.683010646657259 -13.400919006931439
vertex 4.2 9.854105590616863 -13.372671117359403
endloop
endfacet
facet normal 0.0 0.09801714032956321 -0.9951847266721967
outer loop
vertex 7.800000000000001 10.02668170754012 -13.3556738534177
vertex 4.2 9.854105590616863 -13.372671117359403
vertex 4.2 10.02668170754012 -13.3556738534177
endloop
endfacet
facet normal 0.0 0.032719082821776595 -0.9994645874763656
outer loop
vertex 7.800000000000001 10.2 -13.35
vertex 4.2 10.02668170754012 -13.3556738534177
vertex 4.2 10.2 -13.35
endloop
endfacet
facet normal 0.0 -0.032719082821776595 -0.9994645874763656
outer loop
vertex 7.800000000000001 10.373318292459878 -13.3556738534177
vertex 4.2 10.2 -13.35
vertex 4.2 10.373318292459878 -13.3556738534177
endloop
endfacet
facet normal 0.0 -0.09801714032956321 -0.9951847266721967
outer loop
vertex 7.800000000000001 10.545894409383136 -13.372671117359403
vertex 4.2 10.373318292459878 -13.3556738534177
vertex 4.2 10.545894409383136 -13.372671117359403
endloop
endfacet
facet normal 0.0 -0.16289547339458274 -0.9866433320848801
outer loop
vertex 7.800000000000001 10.71698935334274 -13.400919006931439
vertex 4.2 10.545894409383136 -13.372671117359403
vertex 4.2 10.71698935334274 -13.400919006931439
endloop
endfacet
facet normal 0.0 -0.412707029804394 -0.9108638249211762
outer loop
vertex 7.800000000000001 11.372065029080353 -13.623287234938376
vertex 4.2 11.214111095767487 -13.55171923884509
vertex 4.2 11.372065029080353 -13.623287234938376
endloop
endfacet
facet normal 0.0 -0.5280678506503713 -0.8492021815265769
outer loop
vertex 7.800000000000001 11.672261117501945 -13.796605527398256
vertex 4.2 11.524999999999999 -13.705032679971238
vertex 4.2 11.672261117501945 -13.796605527398256
endloop
endfacet
facet normal 0.0 -0.47139673682600214 -0.8819212643483527
outer loop
vertex 7.800000000000001 11.524999999999999 -13.705032679971238
vertex 4.2 11.372065029080353 -13.623287234938376
vertex 4.2 11.524999999999999 -13.705032679971238
endloop
endfacet
facet normal 0.0 -0.2270762630343808 -0.9738769792773319
outer loop
vertex 7.800000000000001 10.885870469521679 -13.44029656033397
vertex 4.2 10.71698935334274 -13.400919006931439
vertex 4.2 10.885870469521679 -13.44029656033397
endloop
endfacet
facet normal 0.0 -0.29028467725445545 -0.9569403357322109
outer loop
vertex 7.800000000000001 11.051814583053378 -13.49063515683797
vertex 4.2 10.885870469521679 -13.44029656033397
vertex 4.2 11.051814583053378 -13.49063515683797
endloop
endfacet
facet normal 0.0 -0.35225004792123615 -0.9359059267573248
outer loop
vertex 7.800000000000001 11.214111095767487 -13.55171923884509
vertex 4.2 11.051814583053378 -13.49063515683797
vertex 4.2 11.214111095767487 -13.55171923884509
endloop
endfacet
facet normal 0.0 -0.9994645874763656 -0.032719082821776595
outer loop
vertex 7.800000000000001 12.85 -16.0
vertex 4.2 12.844326146582299 -15.826681707540121
vertex 4.2 12.85 -16.0
endloop
endfacet
facet normal 0.0 -0.9951847266721967 -0.09801714032956321
outer loop
vertex 7.800000000000001 12.844326146582299 -15.826681707540121
vertex 4.2 12.827328882640597 -15.654105590616863
vertex 4.2 12.844326146582299 -15.826681707540121
endloop
endfacet
facet normal 0.0 -0.9866433320848801 -0.16289547339458274
outer loop
vertex 7.800000000000001 12.827328882640597 -15.654105590616863
vertex 4.2 12.79908099306856 -15.48301064665726
vertex 4.2 12.827328882640597 -15.654105590616863
endloop
endfacet
facet normal 0.0 -0.9738769792773319 -0.2270762630343808
outer loop
vertex 7.800000000000001 12.79908099306856 -15.48301064665726
vertex 4.2 12.75970343966603 -15.31412953047832
vertex 4.2 12.79908099306856 -15.48301064665726
endloop
endfacet
facet normal 0.0 -0.9359059267573248 -0.35225004792123615
outer loop
vertex 7.800000000000001 12.70936484316203 -15.148185416946621
vertex 4.2 12.64828076115491 -14.985888904232512
vertex 4.2 12.70936484316203 -15.148185416946621
endloop
endfacet
facet normal 0.0 -0.9569403357322109 -0.29028467725445545
outer loop
vertex 7.800000000000001 12.75970343966603 -15.31412953047832
vertex 4.2 12.70936484316203 -15.148185416946621
vertex 4.2 12.75970343966603 -15.31412953047832
endloop
endfacet
facet normal 0.0 -0.8492021815265769 -0.5280678506503713
outer loop
vertex 7.800000000000001 12.494967320028762 -14.675
vertex 4.2 12.403394472601743 -14.527738882498054
vertex 4.2 12.494967320028762 -14.675
endloop
endfacet
facet normal 0.0 -0.6835923020228719 -0.7298640726978353
outer loop
vertex 7.800000000000001 12.07383297014435 -14.12616702985565
vertex 4.2 11.947266410015182 -14.00762451018071
vertex 4.2 12.07383297014435 -14.12616702985565
endloop
endfacet
facet normal 0.0 -0.7730104533627361 -0.6343932841636466
outer loop
vertex 7.800000000000001 12.302386351771773 -14.38678221312689
vertex 4.2 12.19237548981929 -14.252733589984818
vertex 4.2 12.302386351771773 -14.38678221312689
endloop
endfacet
facet normal 0.0 -0.8128466845916194 -0.5824776968677963
outer loop
vertex 7.800000000000001 12.403394472601743 -14.527738882498054
vertex 4.2 12.302386351771773 -14.38678221312689
vertex 4.2 12.403394472601743 -14.527738882498054
endloop
endfacet
facet normal 0.0 -0.7298640726978353 -0.6835923020228719
outer loop
vertex 7.800000000000001 12.19237548981929 -14.252733589984818
vertex 4.2 12.07383297014435 -14.12616702985565
vertex 4.2 12.19237548981929 -14.252733589984818
endloop
endfacet
facet normal 0.0 -0.9108638249211762 -0.412707029804394
outer loop
vertex 7.800000000000001 12.64828076115491 -14.985888904232512
vertex 4.2 12.576712765061624 -14.827934970919646
vertex 4.2 12.64828076115491 -14.985888904232512
endloop
endfacet
facet normal 0.0 -0.8819212643483527 -0.47139673682600214
outer loop
vertex 7.800000000000001 12.576712765061624 -14.827934970919646
vertex 4.2 12.494967320028762 -14.675
vertex 4.2 12.576712765061624 -14.827934970919646
endloop
endfacet
facet normal 0.0 -0.5824776968677963 -0.8128466845916194
outer loop
vertex 7.800000000000001 11.813217786873109 -13.897613648228226
vertex 4.2 11.672261117501945 -13.796605527398256
vertex 4.2 11.813217786873109 -13.897613648228226
endloop
endfacet
facet normal 0.0 -0.6343932841636466 -0.7730104533627361
outer loop
vertex 7.800000000000001 11.947266410015182 -14.00762451018071
vertex 4.2 11.813217786873109 -13.897613648228226
vertex 4.2 11.947266410015182 -14.00762451018071
endloop
endfacet
facet normal 0.0 0.9994645874763656 -0.032719082821776595
outer loop
vertex 7.800000000000001 7.549999999999999 -16.0
vertex 4.2 7.549999999999999 -16.0
vertex 7.800000000000001 7.5556738534177 -15.826681707540121
endloop
endfacet
facet normal 0.0 0.9951847266721967 -0.09801714032956321
outer loop
vertex 7.800000000000001 7.5556738534177 -15.826681707540121
vertex 4.2 7.5556738534177 -15.826681707540121
vertex 7.800000000000001 7.572671117359402 -15.654105590616863
endloop
endfacet
facet normal 0.0 0.9866433320848791 -0.1628954733945877
outer loop
vertex 7.800000000000001 7.572671117359402 -15.654105590616863
vertex 4.2 7.572671117359402 -15.654105590616863
vertex 7.800000000000001 7.600919006931439 -15.48301064665726
endloop
endfacet
facet normal 0.0 0.973876979277333 -0.22707626303437595
outer loop
vertex 7.800000000000001 7.600919006931439 -15.48301064665726
vertex 4.2 7.600919006931439 -15.48301064665726
vertex 7.800000000000001 7.640296560333969 -15.31412953047832
endloop
endfacet
facet normal 0.0 0.9569403357322109 -0.29028467725445545
outer loop
vertex 7.800000000000001 7.640296560333969 -15.31412953047832
vertex 4.2 7.640296560333969 -15.31412953047832
vertex 7.800000000000001 7.690635156837969 -15.148185416946621
endloop
endfacet
facet normal 0.0 0.9359059267573248 -0.35225004792123615
outer loop
vertex 7.800000000000001 7.690635156837969 -15.148185416946621
vertex 4.2 7.690635156837969 -15.148185416946621
vertex 7.800000000000001 7.751719238845089 -14.985888904232512
endloop
endfacet
facet normal 0.0 0.9108638249211762 -0.412707029804394
outer loop
vertex 7.800000000000001 7.751719238845089 -14.985888904232512
vertex 4.2 7.751719238845089 -14.985888904232512
vertex 7.800000000000001 7.823287234938375 -14.827934970919646
endloop
endfacet
facet normal 0.0 0.8819212643483527 -0.47139673682600214
outer loop
vertex 7.800000000000001 7.823287234938375 -14.827934970919646
vertex 4.2 7.823287234938375 -14.827934970919646
vertex 7.800000000000001 7.905032679971237 -14.675
endloop
endfacet
facet normal 0.0 0.8492021815265791 -0.5280678506503677
outer loop
vertex 7.800000000000001 7.905032679971237 -14.675
vertex 4.2 7.905032679971237 -14.675
vertex 7.800000000000001 7.996605527398255 -14.527738882498054
endloop
endfacet
facet normal 0.0 0.8128466845916169 -0.5824776968677996
outer loop
vertex 7.800000000000001 7.996605527398255 -14.527738882498054
vertex 4.2 7.996605527398255 -14.527738882498054
vertex 7.800000000000001 8.097613648228226 -14.38678221312689
endloop
endfacet
facet normal 0.0 0.7730104533627361 -0.6343932841636466
outer loop
vertex 7.800000000000001 8.097613648228226 -14.38678221312689
vertex 4.2 8.097613648228226 -14.38678221312689
vertex 7.800000000000001 8.20762451018071 -14.252733589984818
endloop
endfacet
facet normal 0.0 0.7298640726978353 -0.6835923020228719
outer loop
vertex 7.800000000000001 8.20762451018071 -14.252733589984818
vertex 4.2 8.20762451018071 -14.252733589984818
vertex 7.800000000000001 8.326167029855648 -14.12616702985565
endloop
endfacet
facet normal 0.0 0.6835923020228719 -0.7298640726978353
outer loop
vertex 7.800000000000001 8.326167029855648 -14.12616702985565
vertex 4.2 8.326167029855648 -14.12616702985565
vertex 7.800000000000001 8.452733589984817 -14.00762451018071
endloop
endfacet
facet normal 0.0 0.6343932841636466 -0.7730104533627361
outer loop
vertex 7.800000000000001 8.452733589984817 -14.00762451018071
vertex 4.2 8.452733589984817 -14.00762451018071
vertex 7.800000000000001 8.58678221312689 -13.897613648228226
endloop
endfacet
facet normal 0.0 0.5824776968677963 -0.8128466845916194
outer loop
vertex 7.800000000000001 8.58678221312689 -13.897613648228226
vertex 4.2 8.58678221312689 -13.897613648228226
vertex 7.800000000000001 8.727738882498054 -13.796605527398256
endloop
endfacet
facet normal 0.0 0.5280678506503713 -0.8492021815265769
outer loop
vertex 7.800000000000001 8.727738882498054 -13.796605527398256
vertex 4.2 8.727738882498054 -13.796605527398256
vertex 7.800000000000001 8.875 -13.705032679971238
endloop
endfacet
facet normal 0.0 0.47139673682600214 -0.8819212643483527
outer loop
vertex 7.800000000000001 8.875 -13.705032679971238
vertex 4.2 8.875 -13.705032679971238
vertex 7.800000000000001 9.027934970919645 -13.623287234938376
endloop
endfacet
facet normal 0.0 0.412707029804394 -0.9108638249211762
outer loop
vertex 7.800000000000001 9.027934970919645 -13.623287234938376
vertex 4.2 9.027934970919645 -13.623287234938376
vertex 7.800000000000001 9.185888904232511 -13.55171923884509
endloop
endfacet
facet normal 0.0 0.35225004792123615 -0.9359059267573248
outer loop
vertex 7.800000000000001 9.185888904232511 -13.55171923884509
vertex 4.2 9.185888904232511 -13.55171923884509
vertex 7.800000000000001 9.34818541694662 -13.49063515683797
endloop
endfacet
facet normal 0.0 0.29028467725445545 -0.9569403357322109
outer loop
vertex 7.800000000000001 9.34818541694662 -13.49063515683797
vertex 4.2 9.34818541694662 -13.49063515683797
vertex 7.800000000000001 9.51412953047832 -13.44029656033397
endloop
endfacet
facet normal 0.0 0.2270762630343808 -0.9738769792773319
outer loop
vertex 7.800000000000001 9.51412953047832 -13.44029656033397
vertex 4.2 9.51412953047832 -13.44029656033397
vertex 7.800000000000001 9.683010646657259 -13.400919006931439
endloop
endfacet
facet normal 0.0 0.16289547339458274 -0.9866433320848801
outer loop
vertex 7.800000000000001 9.683010646657259 -13.400919006931439
vertex 4.2 9.683010646657259 -13.400919006931439
vertex 7.800000000000001 9.854105590616863 -13.372671117359403
endloop
endfacet
facet normal 0.0 0.09801714032956321 -0.9951847266721967
outer loop
vertex 7.800000000000001 9.854105590616863 -13.372671117359403
vertex 4.2 9.854105590616863 -13.372671117359403
vertex 7.800000000000001 10.02668170754012 -13.3556738534177
endloop
endfacet
facet normal 0.0 0.032719082821776595 -0.9994645874763656
outer loop
vertex 7.800000000000001 10.02668170754012 -13.3556738534177
vertex 4.2 10.02668170754012 -13.3556738534177
vertex 7.800000000000001 10.2 -13.35
endloop
endfacet
facet normal -0.0 -0.032719082821776595 -0.9994645874763656
outer loop
vertex 7.800000000000001 10.2 -13.35
vertex 4.2 10.2 -13.35
vertex 7.800000000000001 10.373318292459878 -13.3556738534177
endloop
endfacet
facet normal -0.0 -0.09801714032956321 -0.9951847266721967
outer loop
vertex 7.800000000000001 10.373318292459878 -13.3556738534177
vertex 4.2 10.373318292459878 -13.3556738534177
vertex 7.800000000000001 10.545894409383136 -13.372671117359403
endloop
endfacet
facet normal -0.0 -0.16289547339458274 -0.9866433320848801
outer loop
vertex 7.800000000000001 10.545894409383136 -13.372671117359403
vertex 4.2 10.545894409383136 -13.372671117359403
vertex 7.800000000000001 10.71698935334274 -13.400919006931439
endloop
endfacet
facet normal -0.0 -0.412707029804394 -0.9108638249211762
outer loop
vertex 7.800000000000001 11.372065029080353 -13.623287234938376
vertex 7.800000000000001 11.214111095767487 -13.55171923884509
vertex 4.2 11.214111095767487 -13.55171923884509
endloop
endfacet
facet normal -0.0 -0.5280678506503713 -0.8492021815265769
outer loop
vertex 7.800000000000001 11.524999999999999 -13.705032679971238
vertex 4.2 11.524999999999999 -13.705032679971238
vertex 7.800000000000001 11.672261117501945 -13.796605527398256
endloop
endfacet
facet normal -0.0 -0.47139673682600214 -0.8819212643483527
outer loop
vertex 7.800000000000001 11.524999999999999 -13.705032679971238
vertex 7.800000000000001 11.372065029080353 -13.623287234938376
vertex 4.2 11.372065029080353 -13.623287234938376
endloop
endfacet
facet normal -0.0 -0.29028467725445545 -0.9569403357322109
outer loop
vertex 7.800000000000001 11.051814583053378 -13.49063515683797
vertex 7.800000000000001 10.885870469521679 -13.44029656033397
vertex 4.2 10.885870469521679 -13.44029656033397
endloop
endfacet
facet normal -0.0 -0.2270762630343808 -0.9738769792773319
outer loop
vertex 7.800000000000001 10.71698935334274 -13.400919006931439
vertex 4.2 10.71698935334274 -13.400919006931439
vertex 7.800000000000001 10.885870469521679 -13.44029656033397
endloop
endfacet
facet normal -0.0 -0.35225004792123615 -0.9359059267573248
outer loop
vertex 7.800000000000001 11.051814583053378 -13.49063515683797
vertex 4.2 11.051814583053378 -13.49063515683797
vertex 7.800000000000001 11.214111095767487 -13.55171923884509
endloop
endfacet
facet normal -0.0 -0.9994645874763656 -0.032719082821776595
outer loop
vertex 7.800000000000001 12.844326146582299 -15.826681707540121
vertex 4.2 12.844326146582299 -15.826681707540121
vertex 7.800000000000001 12.85 -16.0
endloop
endfacet
facet normal -0.0 -0.9951847266721967 -0.09801714032956321
outer loop
vertex 7.800000000000001 12.844326146582299 -15.826681707540121
vertex 7.800000000000001 12.827328882640597 -15.654105590616863
vertex 4.2 12.827328882640597 -15.654105590616863
endloop
endfacet
facet normal -0.0 -0.9866433320848801 -0.16289547339458274
outer loop
vertex 7.800000000000001 12.827328882640597 -15.654105590616863
vertex 7.800000000000001 12.79908099306856 -15.48301064665726
vertex 4.2 12.79908099306856 -15.48301064665726
endloop
endfacet
facet normal -0.0 -0.9738769792773319 -0.2270762630343808
outer loop
vertex 7.800000000000001 12.79908099306856 -15.48301064665726
vertex 7.800000000000001 12.75970343966603 -15.31412953047832
vertex 4.2 12.75970343966603 -15.31412953047832
endloop
endfacet
facet normal -0.0 -0.9359059267573248 -0.35225004792123615
outer loop
vertex 7.800000000000001 12.70936484316203 -15.148185416946621
vertex 7.800000000000001 12.64828076115491 -14.985888904232512
vertex 4.2 12.64828076115491 -14.985888904232512
endloop
endfacet
facet normal -0.0 -0.9569403357322109 -0.29028467725445545
outer loop
vertex 7.800000000000001 12.75970343966603 -15.31412953047832
vertex 7.800000000000001 12.70936484316203 -15.148185416946621
vertex 4.2 12.70936484316203 -15.148185416946621
endloop
endfacet
facet normal -0.0 -0.8492021815265769 -0.5280678506503713
outer loop
vertex 7.800000000000001 12.494967320028762 -14.675
vertex 7.800000000000001 12.403394472601743 -14.527738882498054
vertex 4.2 12.403394472601743 -14.527738882498054
endloop
endfacet
facet normal -0.0 -0.7730104533627361 -0.6343932841636466
outer loop
vertex 7.800000000000001 12.19237548981929 -14.252733589984818
vertex 4.2 12.19237548981929 -14.252733589984818
vertex 7.800000000000001 12.302386351771773 -14.38678221312689
endloop
endfacet
facet normal -0.0 -0.8128466845916194 -0.5824776968677963
outer loop
vertex 7.800000000000001 12.403394472601743 -14.527738882498054
vertex 7.800000000000001 12.302386351771773 -14.38678221312689
vertex 4.2 12.302386351771773 -14.38678221312689
endloop
endfacet
facet normal -0.0 -0.7298640726978353 -0.6835923020228719
outer loop
vertex 7.800000000000001 12.19237548981929 -14.252733589984818
vertex 7.800000000000001 12.07383297014435 -14.12616702985565
vertex 4.2 12.07383297014435 -14.12616702985565
endloop
endfacet
facet normal -0.0 -0.9108638249211762 -0.412707029804394
outer loop
vertex 7.800000000000001 12.64828076115491 -14.985888904232512
vertex 7.800000000000001 12.576712765061624 -14.827934970919646
vertex 4.2 12.576712765061624 -14.827934970919646
endloop
endfacet
facet normal -0.0 -0.8819212643483527 -0.47139673682600214
outer loop
vertex 7.800000000000001 12.576712765061624 -14.827934970919646
vertex 7.800000000000001 12.494967320028762 -14.675
vertex 4.2 12.494967320028762 -14.675
endloop
endfacet
facet normal -0.0 -0.5824776968677963 -0.8128466845916194
outer loop
vertex 7.800000000000001 11.813217786873109 -13.897613648228226
vertex 7.800000000000001 11.672261117501945 -13.796605527398256
vertex 4.2 11.672261117501945 -13.796605527398256
endloop
endfacet
facet normal -0.0 -0.6343932841636466 -0.7730104533627361
outer loop
vertex 7.800000000000001 11.947266410015182 -14.00762451018071
vertex 7.800000000000001 11.813217786873109 -13.897613648228226
vertex 4.2 11.813217786873109 -13.897613648228226
endloop
endfacet
facet normal -0.0 -0.6835923020228719 -0.7298640726978353
outer loop
vertex 7.800000000000001 11.947266410015182 -14.00762451018071
vertex 4.2 11.947266410015182 -14.00762451018071
vertex 7.800000000000001 12.07383297014435 -14.12616702985565
endloop
endfacet
facet normal 0.9999999999999999 -0.0 0.0
outer loop
vertex 7.800000000000001 7.1059219728641825 -18.37416957313401
vertex 7.800000000000001 7.267824750831988 -18.57144867889027
vertex 7.800000000000001 9.185888904232511 -18.44828076115491
endloop
endfacet
facet normal 1.0 0.0 -0.0
outer loop
vertex 7.800000000000001 7.1059219728641825 -18.37416957313401
vertex 7.800000000000001 8.875 -18.29496732002876
vertex 7.800000000000001 6.9572685120200735 -18.166723908776447
endloop
endfacet
facet normal 1.0 0.0 -0.0
outer loop
vertex 7.800000000000001 6.9572685120200735 -18.166723908776447
vertex 7.800000000000001 8.58678221312689 -18.102386351771774
vertex 7.800000000000001 6.822500925240688 -17.95
endloop
endfacet
facet normal 1.0 -0.0 -0.0
outer loop
vertex 7.800000000000001 6.9572685120200735 -18.166723908776447
vertex 7.800000000000001 8.727738882498054 -18.203394472601744
vertex 7.800000000000001 8.58678221312689 -18.102386351771774
endloop
endfacet
facet normal 1.0 -0.0 -0.0
outer loop
vertex 7.800000000000001 6.822500925240688 -17.95
vertex 7.800000000000001 8.58678221312689 -18.102386351771774
vertex 7.800000000000001 8.452733589984817 -17.99237548981929
endloop
endfacet
facet normal 1.0 0.0 -0.0
outer loop
vertex 7.800000000000001 6.822500925240688 -17.95
vertex 7.800000000000001 8.326167029855648 -17.87383297014435
vertex 7.800000000000001 6.702196308022515 -17.724925891854106
endloop
endfacet
facet normal 1.0 0.0 -0.0
outer loop
vertex 7.800000000000001 6.702196308022515 -17.724925891854106
vertex 7.800000000000001 8.097613648228226 -17.61321778687311
vertex 7.800000000000001 6.5968698232059815 -17.49246538622385
endloop
endfacet
facet normal 0.9999999999999999 0.0 -0.0
outer loop
vertex 7.800000000000001 6.5968698232059815 -17.49246538622385
vertex 7.800000000000001 7.905032679971237 -17.325
vertex 7.800000000000001 6.506972494969087 -17.25361391468233
endloop
endfacet
facet normal 1.0 0.0 -0.0
outer loop
vertex 7.800000000000001 6.506972494969087 -17.25361391468233
vertex 7.800000000000001 7.823287234938375 -17.172065029080354
vertex 7.800000000000001 6.432889277472633 -17.00939427589983
endloop
endfacet
facet normal 1.0 -0.0 -0.0
outer loop
vertex 7.800000000000001 6.702196308022515 -17.724925891854106
vertex 7.800000000000001 8.20762451018071 -17.747266410015182
vertex 7.800000000000001 8.097613648228226 -17.61321778687311
endloop
endfacet
facet normal 1.0 -0.0 -0.0
outer loop
vertex 7.800000000000001 6.5968698232059815 -17.49246538622385
vertex 7.800000000000001 8.097613648228226 -17.61321778687311
vertex 7.800000000000001 7.996605527398255 -17.472261117501947
endloop
endfacet
facet normal 1.0 -0.0 -0.0
outer loop
vertex 7.800000000000001 6.822500925240688 -17.95
vertex 7.800000000000001 8.452733589984817 -17.99237548981929
vertex 7.800000000000001 8.326167029855648 -17.87383297014435
endloop
endfacet
facet normal 1.0 0.0 0.0
outer loop
vertex 7.800000000000001 8.326167029855648 -17.87383297014435
vertex 7.800000000000001 8.20762451018071 -17.747266410015182
vertex 7.800000000000001 6.702196308022515 -17.724925891854106
endloop
endfacet
facet normal 1.0 0.0 -0.0
outer loop
vertex 7.800000000000001 6.5968698232059815 -17.49246538622385
vertex 7.800000000000001 7.996605527398255 -17.472261117501947
vertex 7.800000000000001 7.905032679971237 -17.325
endloop
endfacet
facet normal 0.9999999999999999 -0.0 -0.0
outer loop
vertex 7.800000000000001 6.506972494969087 -17.25361391468233
vertex 7.800000000000001 7.905032679971237 -17.325
vertex 7.800000000000001 7.823287234938375 -17.172065029080354
endloop
endfacet
facet normal 0.9999999999999999 -0.0 -0.0
outer loop
vertex 7.800000000000001 6.432889277472633 -17.00939427589983
vertex 7.800000000000001 7.823287234938375 -17.172065029080354
vertex 7.800000000000001 7.751719238845089 -17.01411109576749
endloop
endfacet
facet normal 1.0 0.0 -0.0
outer loop
vertex 7.800000000000001 6.432889277472633 -17.00939427589983
vertex 7.800000000000001 7.690635156837969 -16.85181458305338
vertex 7.800000000000001 6.374937406427401 -16.7608522558629
endloop
endfacet
facet normal 1.0 0.0 -0.0
outer loop
vertex 7.800000000000001 6.374937406427401 -16.7608522558629
vertex 7.800000000000001 7.640296560333969 -16.68587046952168
vertex 7.800000000000001 6.333365040642139 -16.509052149658203
endloop
endfacet
facet normal 1.0 -0.0 -0.0
outer loop
vertex 7.800000000000001 6.432889277472633 -17.00939427589983
vertex 7.800000000000001 7.751719238845089 -17.01411109576749
vertex 7.800000000000001 7.690635156837969 -16.85181458305338
endloop
endfacet
facet normal 1.0 -0.0 -0.0
outer loop
vertex 7.800000000000001 6.374937406427401 -16.7608522558629
vertex 7.800000000000001 7.690635156837969 -16.85181458305338
vertex 7.800000000000001 7.640296560333969 -16.68587046952168
endloop
endfacet
facet normal 1.0 -0.0 -0.0
outer loop
vertex 7.800000000000001 6.333365040642139 -16.509052149658203
vertex 7.800000000000001 7.640296560333969 -16.68587046952168
vertex 7.800000000000001 7.600919006931439 -16.51698935334274
endloop
endfacet
facet normal 1.0 0.0 -0.0
outer loop
vertex 7.800000000000001 6.333365040642139 -16.509052149658203
vertex 7.800000000000001 7.572671117359402 -16.345894409383135
vertex 7.800000000000001 6.308350199369446 -16.255072203997557
endloop
endfacet
facet normal 1.0 0.0 -0.0
outer loop
vertex 7.800000000000001 6.308350199369446 -16.255072203997557
vertex 7.800000000000001 7.5556738534177 -16.17331829245988
vertex 7.800000000000001 6.299999999999999 -16.0
endloop
endfacet
facet normal 1.0 -0.0 -0.0
outer loop
vertex 7.800000000000001 6.333365040642139 -16.509052149658203
vertex 7.800000000000001 7.600919006931439 -16.51698935334274
vertex 7.800000000000001 7.572671117359402 -16.345894409383135
endloop
endfacet
facet normal 1.0 -0.0 -0.0
outer loop
vertex 7.800000000000001 6.308350199369446 -16.255072203997557
vertex 7.800000000000001 7.572671117359402 -16.345894409383135
vertex 7.800000000000001 7.5556738534177 -16.17331829245988
endloop
endfacet
facet normal 1.0 0.0 0.0
outer loop
vertex 7.800000000000001 7.5556738534177 -16.17331829245988
vertex 7.800000000000001 7.549999999999999 -16.0
vertex 7.800000000000001 6.299999999999999 -16.0
endloop
endfacet
facet normal 1.0 -0.0 0.0
outer loop
vertex 7.800000000000001 9.190605724100168 -19.767110722527367
vertex 7.800000000000001 9.439147744137099 -19.8250625935726
vertex 7.800000000000001 10.9608522558629 -19.8250625935726
endloop
endfacet
facet normal 1.0 -0.0 0.0
outer loop
vertex 7.800000000000001 8.94638608531767 -19.693027505030912
vertex 7.800000000000001 9.190605724100168 -19.767110722527367
vertex 7.800000000000001 11.20939427589983 -19.767110722527367
endloop
endfacet
facet normal 1.0 0.0 -0.0
outer loop
vertex 7.800000000000001 8.94638608531767 -19.693027505030912
vertex 7.800000000000001 11.453613914682329 -19.693027505030912
vertex 7.800000000000001 8.707534613776149 -19.603130176794018
endloop
endfacet
facet normal 1.0 -0.0 0.0
outer loop
vertex 7.800000000000001 8.475074108145893 -19.497803691977484
vertex 7.800000000000001 8.707534613776149 -19.603130176794018
vertex 7.800000000000001 11.69246538622385 -19.603130176794018
endloop
endfacet
facet normal 1.0 -0.0 0.0
outer loop
vertex 7.800000000000001 8.25 -19.37749907475931
vertex 7.800000000000001 8.475074108145893 -19.497803691977484
vertex 7.800000000000001 11.924925891854105 -19.497803691977484
endloop
endfacet
facet normal 0.9999999999999999 -0.0 0.0
outer loop
vertex 7.800000000000001 7.825830426865989 -19.09407802713582
vertex 7.800000000000001 8.03327609122355 -19.242731487979928
vertex 7.800000000000001 12.366723908776448 -19.242731487979928
endloop
endfacet
facet normal 1.0 0.0 -0.0
outer loop
vertex 7.800000000000001 7.825830426865989 -19.09407802713582
vertex 7.800000000000001 12.57416957313401 -19.09407802713582
vertex 7.800000000000001 7.628551321109731 -18.93217524916801
endloop
endfacet
facet normal 1.0 -0.0 0.0
outer loop
vertex 7.800000000000001 8.03327609122355 -19.242731487979928
vertex 7.800000000000001 8.25 -19.37749907475931
vertex 7.800000000000001 12.149999999999999 -19.37749907475931
endloop
endfacet
facet normal 1.0 0.0 -0.0
outer loop
vertex 7.800000000000001 7.267824750831988 -18.57144867889027
vertex 7.800000000000001 9.34818541694662 -18.50936484316203
vertex 7.800000000000001 9.185888904232511 -18.44828076115491
endloop
endfacet
facet normal 1.0 0.0 -0.0
outer loop
vertex 7.800000000000001 7.267824750831988 -18.57144867889027
vertex 7.800000000000001 9.51412953047832 -18.55970343966603
vertex 7.800000000000001 9.34818541694662 -18.50936484316203
endloop
endfacet
facet normal 1.0 -0.0 -0.0
outer loop
vertex 7.800000000000001 7.267824750831988 -18.57144867889027
vertex 7.800000000000001 9.683010646657259 -18.59908099306856
vertex 7.800000000000001 9.51412953047832 -18.55970343966603
endloop
endfacet
facet normal 1.0 -0.0 -0.0
outer loop
vertex 7.800000000000001 7.267824750831988 -18.57144867889027
vertex 7.800000000000001 9.854105590616863 -18.627328882640597
vertex 7.800000000000001 9.683010646657259 -18.59908099306856
endloop
endfacet
facet normal 1.0 -0.0 -0.0
outer loop
vertex 7.800000000000001 7.1059219728641825 -18.37416957313401
vertex 7.800000000000001 9.027934970919645 -18.376712765061622
vertex 7.800000000000001 8.875 -18.29496732002876
endloop
endfacet
facet normal 1.0 -0.0 -0.0
outer loop
vertex 7.800000000000001 6.9572685120200735 -18.166723908776447
vertex 7.800000000000001 8.875 -18.29496732002876
vertex 7.800000000000001 8.727738882498054 -18.203394472601744
endloop
endfacet
facet normal 1.0 -0.0 -0.0
outer loop
vertex 7.800000000000001 7.1059219728641825 -18.37416957313401
vertex 7.800000000000001 9.185888904232511 -18.44828076115491
vertex 7.800000000000001 9.027934970919645 -18.376712765061622
endloop
endfacet
facet normal 1.0 0.0 -0.0
outer loop
vertex 7.800000000000001 7.442283553372464 -18.757716446627533
vertex 7.800000000000001 12.957716446627535 -18.757716446627533
vertex 7.800000000000001 7.267824750831988 -18.57144867889027
endloop
endfacet
facet normal 1.0 -0.0 0.0
outer loop
vertex 7.800000000000001 7.442283553372464 -18.757716446627533
vertex 7.800000000000001 7.628551321109731 -18.93217524916801
vertex 7.800000000000001 12.771448678890268 -18.93217524916801
endloop
endfacet
facet normal 1.0 -0.0 -0.0
outer loop
vertex 7.800000000000001 7.267824750831988 -18.57144867889027
vertex 7.800000000000001 10.02668170754012 -18.644326146582298
vertex 7.800000000000001 9.854105590616863 -18.627328882640597
endloop
endfacet
facet normal 1.0 -0.0 -0.0
outer loop
vertex 7.800000000000001 7.267824750831988 -18.57144867889027
vertex 7.800000000000001 10.2 -18.65
vertex 7.800000000000001 10.02668170754012 -18.644326146582298
endloop
endfacet
facet normal 1.0 -0.0 0.0
outer loop
vertex 7.800000000000001 9.439147744137099 -19.8250625935726
vertex 7.800000000000001 9.690947850341798 -19.86663495935786
vertex 7.800000000000001 10.7090521496582 -19.86663495935786
endloop
endfacet
facet normal 1.0 -0.0 0.0
outer loop
vertex 7.800000000000001 9.690947850341798 -19.86663495935786
vertex 7.800000000000001 9.94492779600244 -19.891649800630553
vertex 7.800000000000001 10.455072203997558 -19.891649800630553
endloop
endfacet
facet normal 1.0 -0.0 0.0
outer loop
vertex 7.800000000000001 9.94492779600244 -19.891649800630553
vertex 7.800000000000001 10.2 -19.9
vertex 7.800000000000001 10.455072203997558 -19.891649800630553
endloop
endfacet
facet normal 1.0 -0.0 0.0
outer loop
vertex 7.800000000000001 9.690947850341798 -19.86663495935786
vertex 7.800000000000001 10.455072203997558 -19.891649800630553
vertex 7.800000000000001 10.7090521496582 -19.86663495935786
endloop
endfacet
facet normal 1.0 -0.0 0.0
outer loop
vertex 7.800000000000001 9.439147744137099 -19.8250625935726
vertex 7.800000000000001 10.7090521496582 -19.86663495935786
vertex 7.800000000000001 10.9608522558629 -19.8250625935726
endloop
endfacet
facet normal 1.0 -0.0 0.0
outer loop
vertex 7.800000000000001 9.190605724100168 -19.767110722527367
vertex 7.800000000000001 10.9608522558629 -19.8250625935726
vertex 7.800000000000001 11.20939427589983 -19.767110722527367
endloop
endfacet
facet normal 1.0 -0.0 0.0
outer loop
vertex 7.800000000000001 8.94638608531767 -19.693027505030912
vertex 7.800000000000001 11.20939427589983 -19.767110722527367
vertex 7.800000000000001 11.453613914682329 -19.693027505030912
endloop
endfacet
facet normal 1.0 0.0 -0.0
outer loop
vertex 7.800000000000001 11.453613914682329 -19.693027505030912
vertex 7.800000000000001 11.69246538622385 -19.603130176794018
vertex 7.800000000000001 8.707534613776149 -19.603130176794018
endloop
endfacet
facet normal 1.0 -0.0 0.0
outer loop
vertex 7.800000000000001 8.475074108145893 -19.497803691977484
vertex 7.800000000000001 11.69246538622385 -19.603130176794018
vertex 7.800000000000001 11.924925891854105 -19.497803691977484
endloop
endfacet
facet normal 1.0 -0.0 0.0
outer loop
vertex 7.800000000000001 8.25 -19.37749907475931
vertex 7.800000000000001 11.924925891854105 -19.497803691977484
vertex 7.800000000000001 12.149999999999999 -19.37749907475931
endloop
endfacet
facet normal 1.0 -0.0 0.0
outer loop
vertex 7.800000000000001 8.03327609122355 -19.242731487979928
vertex 7.800000000000001 12.149999999999999 -19.37749907475931
vertex 7.800000000000001 12.366723908776448 -19.242731487979928
endloop
endfacet
facet normal 1.0 -0.0 0.0
outer loop
vertex 7.800000000000001 7.825830426865989 -19.09407802713582
vertex 7.800000000000001 12.366723908776448 -19.242731487979928
vertex 7.800000000000001 12.57416957313401 -19.09407802713582
endloop
endfacet
facet normal 0.9999999999999999 -0.0 0.0
outer loop
vertex 7.800000000000001 7.628551321109731 -18.93217524916801
vertex 7.800000000000001 12.57416957313401 -19.09407802713582
vertex 7.800000000000001 12.771448678890268 -18.93217524916801
endloop
endfacet
facet normal 1.0 -0.0 -0.0
outer loop
vertex 7.800000000000001 7.267824750831988 -18.57144867889027
vertex 7.800000000000001 12.957716446627535 -18.757716446627533
vertex 7.800000000000001 10.2 -18.65
endloop
endfacet
facet normal 1.0 -0.0 0.0
outer loop
vertex 7.800000000000001 7.442283553372464 -18.757716446627533
vertex 7.800000000000001 12.771448678890268 -18.93217524916801
vertex 7.800000000000001 12.957716446627535 -18.757716446627533
endloop
endfacet
facet normal 1.0 -0.0 -0.0
outer loop
vertex 7.800000000000001 10.2 -18.65
vertex 7.800000000000001 12.957716446627535 -18.757716446627533
vertex 7.800000000000001 10.373318292459878 -18.644326146582298
endloop
endfacet
facet normal 1.0 -0.0 -0.0
outer loop
vertex 7.800000000000001 10.373318292459878 -18.644326146582298
vertex 7.800000000000001 12.957716446627535 -18.757716446627533
vertex 7.800000000000001 10.545894409383136 -18.627328882640597
endloop
endfacet
facet normal 1.0 -0.0 -0.0
outer loop
vertex 7.800000000000001 10.545894409383136 -18.627328882640597
vertex 7.800000000000001 12.957716446627535 -18.757716446627533
vertex 7.800000000000001 10.71698935334274 -18.59908099306856
endloop
endfacet
facet normal 1.0 -0.0 -0.0
outer loop
vertex 7.800000000000001 10.71698935334274 -18.59908099306856
vertex 7.800000000000001 12.957716446627535 -18.757716446627533
vertex 7.800000000000001 10.885870469521679 -18.55970343966603
endloop
endfacet
facet normal 1.0 -0.0 -0.0
outer loop
vertex 7.800000000000001 10.885870469521679 -18.55970343966603
vertex 7.800000000000001 13.13217524916801 -18.57144867889027
vertex 7.800000000000001 11.051814583053378 -18.50936484316203
endloop
endfacet
facet normal 1.0 -0.0 -0.0
outer loop
vertex 7.800000000000001 11.051814583053378 -18.50936484316203
vertex 7.800000000000001 13.13217524916801 -18.57144867889027
vertex 7.800000000000001 11.214111095767487 -18.44828076115491
endloop
endfacet
facet normal 1.0 -0.0 -0.0
outer loop
vertex 7.800000000000001 11.214111095767487 -18.44828076115491
vertex 7.800000000000001 13.13217524916801 -18.57144867889027
vertex 7.800000000000001 11.372065029080353 -18.376712765061622
endloop
endfacet
facet normal 1.0 -0.0 0.0
outer loop
vertex 7.800000000000001 10.885870469521679 -18.55970343966603
vertex 7.800000000000001 12.957716446627535 -18.757716446627533
vertex 7.800000000000001 13.13217524916801 -18.57144867889027
endloop
endfacet
facet normal 1.0 -0.0 -0.0
outer loop
vertex 7.800000000000001 11.372065029080353 -18.376712765061622
vertex 7.800000000000001 13.13217524916801 -18.57144867889027
vertex 7.800000000000001 11.524999999999999 -18.29496732002876
endloop
endfacet
facet normal 1.0 -0.0 -0.0
outer loop
vertex 7.800000000000001 11.524999999999999 -18.29496732002876
vertex 7.800000000000001 13.294078027135816 -18.37416957313401
vertex 7.800000000000001 11.672261117501945 -18.203394472601744
endloop
endfacet
facet normal 0.9999999999999999 -0.0 -0.0
outer loop
vertex 7.800000000000001 11.672261117501945 -18.203394472601744
vertex 7.800000000000001 13.294078027135816 -18.37416957313401
vertex 7.800000000000001 11.813217786873109 -18.102386351771774
endloop
endfacet
facet normal 1.0 -0.0 -0.0
outer loop
vertex 7.800000000000001 11.813217786873109 -18.102386351771774
vertex 7.800000000000001 13.442731487979925 -18.166723908776447
vertex 7.800000000000001 11.947266410015182 -17.99237548981929
endloop
endfacet
facet normal 0.9999999999999999 -0.0 -0.0
outer loop
vertex 7.800000000000001 11.947266410015182 -17.99237548981929
vertex 7.800000000000001 13.442731487979925 -18.166723908776447
vertex 7.800000000000001 12.07383297014435 -17.87383297014435
endloop
endfacet
facet normal 1.0 -0.0 0.0
outer loop
vertex 7.800000000000001 11.524999999999999 -18.29496732002876
vertex 7.800000000000001 13.13217524916801 -18.57144867889027
vertex 7.800000000000001 13.294078027135816 -18.37416957313401
endloop
endfacet
facet normal 1.0 -0.0 0.0
outer loop
vertex 7.800000000000001 11.813217786873109 -18.102386351771774
vertex 7.800000000000001 13.294078027135816 -18.37416957313401
vertex 7.800000000000001 13.442731487979925 -18.166723908776447
endloop
endfacet
facet normal 1.0 -0.0 0.0
outer loop
vertex 7.800000000000001 12.07383297014435 -17.87383297014435
vertex 7.800000000000001 13.442731487979925 -18.166723908776447
vertex 7.800000000000001 13.57749907475931 -17.95
endloop
endfacet
facet normal 1.0 -0.0 -0.0
outer loop
vertex 7.800000000000001 12.07383297014435 -17.87383297014435
vertex 7.800000000000001 13.57749907475931 -17.95
vertex 7.800000000000001 12.19237548981929 -17.747266410015182
endloop
endfacet
facet normal 1.0 -0.0 -0.0
outer loop
vertex 7.800000000000001 12.19237548981929 -17.747266410015182
vertex 7.800000000000001 13.57749907475931 -17.95
vertex 7.800000000000001 12.302386351771773 -17.61321778687311
endloop
endfacet
facet normal 1.0 -0.0 -0.0
outer loop
vertex 7.800000000000001 12.302386351771773 -17.61321778687311
vertex 7.800000000000001 13.697803691977484 -17.724925891854106
vertex 7.800000000000001 12.403394472601743 -17.472261117501947
endloop
endfacet
facet normal 1.0 -0.0 0.0
outer loop
vertex 7.800000000000001 12.302386351771773 -17.61321778687311
vertex 7.800000000000001 13.57749907475931 -17.95
vertex 7.800000000000001 13.697803691977484 -17.724925891854106
endloop
endfacet
facet normal 1.0 -0.0 0.0
outer loop
vertex 7.800000000000001 12.403394472601743 -17.472261117501947
vertex 7.800000000000001 13.697803691977484 -17.724925891854106
vertex 7.800000000000001 13.803130176794017 -17.49246538622385
endloop
endfacet
facet normal 1.0 -0.0 -0.0
outer loop
vertex 7.800000000000001 12.403394472601743 -17.472261117501947
vertex 7.800000000000001 13.803130176794017 -17.49246538622385
vertex 7.800000000000001 12.494967320028762 -17.325
endloop
endfacet
facet normal 1.0 -0.0 -0.0
outer loop
vertex 7.800000000000001 12.494967320028762 -17.325
vertex 7.800000000000001 13.803130176794017 -17.49246538622385
vertex 7.800000000000001 12.576712765061624 -17.172065029080354
endloop
endfacet
facet normal 0.9999999999999999 -0.0 -0.0
outer loop
vertex 7.800000000000001 12.576712765061624 -17.172065029080354
vertex 7.800000000000001 13.893027505030911 -17.25361391468233
vertex 7.800000000000001 12.64828076115491 -17.01411109576749
endloop
endfacet
facet normal 1.0 -0.0 -0.0
outer loop
vertex 7.800000000000001 12.64828076115491 -17.01411109576749
vertex 7.800000000000001 13.893027505030911 -17.25361391468233
vertex 7.800000000000001 12.70936484316203 -16.85181458305338
endloop
endfacet
facet normal 1.0 -0.0 -0.0
outer loop
vertex 7.800000000000001 12.70936484316203 -16.85181458305338
vertex 7.800000000000001 13.967110722527366 -17.00939427589983
vertex 7.800000000000001 12.75970343966603 -16.68587046952168
endloop
endfacet
facet normal 0.9999999999999999 -0.0 -0.0
outer loop
vertex 7.800000000000001 12.75970343966603 -16.68587046952168
vertex 7.800000000000001 14.025062593572597 -16.7608522558629
vertex 7.800000000000001 12.79908099306856 -16.51698935334274
endloop
endfacet
facet normal 1.0 -0.0 -0.0
outer loop
vertex 7.800000000000001 12.79908099306856 -16.51698935334274
vertex 7.800000000000001 14.025062593572597 -16.7608522558629
vertex 7.800000000000001 12.827328882640597 -16.345894409383135
endloop
endfacet
facet normal 1.0 -0.0 -0.0
outer loop
vertex 7.800000000000001 12.827328882640597 -16.345894409383135
vertex 7.800000000000001 14.06663495935786 -16.509052149658203
vertex 7.800000000000001 12.844326146582299 -16.17331829245988
endloop
endfacet
facet normal 1.0 -0.0 -0.0
outer loop
vertex 7.800000000000001 12.844326146582299 -16.17331829245988
vertex 7.800000000000001 14.091649800630552 -16.255072203997557
vertex 7.800000000000001 12.85 -16.0
endloop
endfacet
facet normal 0.9999999999999999 -0.0 0.0
outer loop
vertex 7.800000000000001 12.576712765061624 -17.172065029080354
vertex 7.800000000000001 13.803130176794017 -17.49246538622385
vertex 7.800000000000001 13.893027505030911 -17.25361391468233
endloop
endfacet
facet normal 1.0 -0.0 0.0
outer loop
vertex 7.800000000000001 12.70936484316203 -16.85181458305338
vertex 7.800000000000001 13.893027505030911 -17.25361391468233
vertex 7.800000000000001 13.967110722527366 -17.00939427589983
endloop
endfacet
facet normal 0.9999999999999999 -0.0 0.0
outer loop
vertex 7.800000000000001 12.75970343966603 -16.68587046952168
vertex 7.800000000000001 13.967110722527366 -17.00939427589983
vertex 7.800000000000001 14.025062593572597 -16.7608522558629
endloop
endfacet
facet normal 1.0 -0.0 0.0
outer loop
vertex 7.800000000000001 12.827328882640597 -16.345894409383135
vertex 7.800000000000001 14.025062593572597 -16.7608522558629
vertex 7.800000000000001 14.06663495935786 -16.509052149658203
endloop
endfacet
facet normal 1.0 -0.0 0.0
outer loop
vertex 7.800000000000001 12.844326146582299 -16.17331829245988
vertex 7.800000000000001 14.06663495935786 -16.509052149658203
vertex 7.800000000000001 14.091649800630552 -16.255072203997557
endloop
endfacet
facet normal 1.0 0.0 -0.0
outer loop
vertex 7.800000000000001 14.091649800630552 -16.255072203997557
vertex 7.800000000000001 14.1 -16.0
vertex 7.800000000000001 12.85 -16.0
endloop
endfacet
facet normal 1.0 0.0 -0.0
outer loop
vertex 7.800000000000001 6.299999999999999 -16.0
vertex 7.800000000000001 7.549999999999999 -16.0
vertex 7.800000000000001 6.308350199369446 -15.744927796002441
endloop
endfacet
facet normal 1.0 -0.0 -0.0
outer loop
vertex 7.800000000000001 6.308350199369446 -15.744927796002441
vertex 7.800000000000001 7.5556738534177 -15.826681707540121
vertex 7.800000000000001 6.333365040642139 -15.490947850341799
endloop
endfacet
facet normal 1.0 -0.0 0.0
outer loop
vertex 7.800000000000001 6.308350199369446 -15.744927796002441
vertex 7.800000000000001 7.549999999999999 -16.0
vertex 7.800000000000001 7.5556738534177 -15.826681707540121
endloop
endfacet
facet normal 1.0 -0.0 0.0
outer loop
vertex 7.800000000000001 6.333365040642139 -15.490947850341799
vertex 7.800000000000001 7.5556738534177 -15.826681707540121
vertex 7.800000000000001 7.572671117359402 -15.654105590616863
endloop
endfacet
facet normal 1.0 -0.0 -0.0
outer loop
vertex 7.800000000000001 6.333365040642139 -15.490947850341799
vertex 7.800000000000001 7.572671117359402 -15.654105590616863
vertex 7.800000000000001 6.374937406427401 -15.2391477441371
endloop
endfacet
facet normal 1.0 -0.0 -0.0
outer loop
vertex 7.800000000000001 6.374937406427401 -15.2391477441371
vertex 7.800000000000001 7.640296560333969 -15.31412953047832
vertex 7.800000000000001 6.432889277472633 -14.990605724100169
endloop
endfacet
facet normal 1.0 -0.0 0.0
outer loop
vertex 7.800000000000001 6.374937406427401 -15.2391477441371
vertex 7.800000000000001 7.572671117359402 -15.654105590616863
vertex 7.800000000000001 7.600919006931439 -15.48301064665726
endloop
endfacet
facet normal 1.0 -0.0 0.0
outer loop
vertex 7.800000000000001 6.374937406427401 -15.2391477441371
vertex 7.800000000000001 7.600919006931439 -15.48301064665726
vertex 7.800000000000001 7.640296560333969 -15.31412953047832
endloop
endfacet
facet normal 1.0 0.0 -0.0
outer loop
vertex 7.800000000000001 7.640296560333969 -15.31412953047832
vertex 7.800000000000001 7.690635156837969 -15.148185416946621
vertex 7.800000000000001 6.432889277472633 -14.990605724100169
endloop
endfacet
facet normal 1.0 0.0 0.0
outer loop
vertex 7.800000000000001 7.690635156837969 -15.148185416946621
vertex 7.800000000000001 6.506972494969087 -14.74638608531767
vertex 7.800000000000001 6.432889277472633 -14.990605724100169
endloop
endfacet
facet normal 1.0 -0.0 -0.0
outer loop
vertex 7.800000000000001 6.506972494969087 -14.74638608531767
vertex 7.800000000000001 7.823287234938375 -14.827934970919646
vertex 7.800000000000001 6.5968698232059815 -14.50753461377615
endloop
endfacet
facet normal 1.0 -0.0 -0.0
outer loop
vertex 7.800000000000001 6.5968698232059815 -14.50753461377615
vertex 7.800000000000001 7.996605527398255 -14.527738882498054
vertex 7.800000000000001 6.702196308022515 -14.275074108145894
endloop
endfacet
facet normal 1.0 -0.0 -0.0
outer loop
vertex 7.800000000000001 6.702196308022515 -14.275074108145894
vertex 7.800000000000001 8.097613648228226 -14.38678221312689
vertex 7.800000000000001 6.822500925240688 -14.05
endloop
endfacet
facet normal 1.0 0.0 -0.0
outer loop
vertex 7.800000000000001 7.690635156837969 -15.148185416946621
vertex 7.800000000000001 7.751719238845089 -14.985888904232512
vertex 7.800000000000001 6.506972494969087 -14.74638608531767
endloop
endfacet
facet normal 1.0 -0.0 0.0
outer loop
vertex 7.800000000000001 6.506972494969087 -14.74638608531767
vertex 7.800000000000001 7.751719238845089 -14.985888904232512
vertex 7.800000000000001 7.823287234938375 -14.827934970919646
endloop
endfacet
facet normal 1.0 -0.0 0.0
outer loop
vertex 7.800000000000001 6.5968698232059815 -14.50753461377615
vertex 7.800000000000001 7.823287234938375 -14.827934970919646
vertex 7.800000000000001 7.905032679971237 -14.675
endloop
endfacet
facet normal 0.9999999999999999 -0.0 0.0
outer loop
vertex 7.800000000000001 6.5968698232059815 -14.50753461377615
vertex 7.800000000000001 7.905032679971237 -14.675
vertex 7.800000000000001 7.996605527398255 -14.527738882498054
endloop
endfacet
facet normal 1.0 -0.0 0.0
outer loop
vertex 7.800000000000001 6.702196308022515 -14.275074108145894
vertex 7.800000000000001 7.996605527398255 -14.527738882498054
vertex 7.800000000000001 8.097613648228226 -14.38678221312689
endloop
endfacet
facet normal 1.0 0.0 -0.0
outer loop
vertex 7.800000000000001 8.097613648228226 -14.38678221312689
vertex 7.800000000000001 8.20762451018071 -14.252733589984818
vertex 7.800000000000001 6.822500925240688 -14.05
endloop
endfacet
facet normal 1.0 0.0 -0.0
outer loop
vertex 7.800000000000001 8.20762451018071 -14.252733589984818
vertex 7.800000000000001 8.326167029855648 -14.12616702985565
vertex 7.800000000000001 6.822500925240688 -14.05
endloop
endfacet
facet normal 1.0 -0.0 -0.0
outer loop
vertex 7.800000000000001 6.822500925240688 -14.05
vertex 7.800000000000001 8.326167029855648 -14.12616702985565
vertex 7.800000000000001 6.9572685120200735 -13.833276091223551
endloop
endfacet
facet normal 1.0 -0.0 -0.0
outer loop
vertex 7.800000000000001 6.9572685120200735 -13.833276091223551
vertex 7.800000000000001 8.58678221312689 -13.897613648228226
vertex 7.800000000000001 7.1059219728641825 -13.625830426865988
endloop
endfacet
facet normal 1.0 -0.0 0.0
outer loop
vertex 7.800000000000001 6.9572685120200735 -13.833276091223551
vertex 7.800000000000001 8.326167029855648 -14.12616702985565
vertex 7.800000000000001 8.452733589984817 -14.00762451018071
endloop
endfacet
facet normal 1.0 -0.0 0.0
outer loop
vertex 7.800000000000001 6.9572685120200735 -13.833276091223551
vertex 7.800000000000001 8.452733589984817 -14.00762451018071
vertex 7.800000000000001 8.58678221312689 -13.897613648228226
endloop
endfacet
facet normal 1.0 -0.0 -0.0
outer loop
vertex 7.800000000000001 7.1059219728641825 -13.625830426865988
vertex 7.800000000000001 8.875 -13.705032679971238
vertex 7.800000000000001 7.267824750831988 -13.428551321109731
endloop
endfacet
facet normal 1.0 -0.0 0.0
outer loop
vertex 7.800000000000001 7.1059219728641825 -13.625830426865988
vertex 7.800000000000001 8.58678221312689 -13.897613648228226
vertex 7.800000000000001 8.727738882498054 -13.796605527398256
endloop
endfacet
facet normal 1.0 -0.0 -0.0
outer loop
vertex 7.800000000000001 7.267824750831988 -13.428551321109731
vertex 7.800000000000001 9.51412953047832 -13.44029656033397
vertex 7.800000000000001 7.442283553372464 -13.242283553372465
endloop
endfacet
facet normal 0.9999999999999999 -0.0 0.0
outer loop
vertex 7.800000000000001 7.1059219728641825 -13.625830426865988
vertex 7.800000000000001 8.727738882498054 -13.796605527398256
vertex 7.800000000000001 8.875 -13.705032679971238
endloop
endfacet
facet normal 1.0 -0.0 0.0
outer loop
vertex 7.800000000000001 7.267824750831988 -13.428551321109731
vertex 7.800000000000001 8.875 -13.705032679971238
vertex 7.800000000000001 9.027934970919645 -13.623287234938376
endloop
endfacet
facet normal 1.0 -0.0 0.0
outer loop
vertex 7.800000000000001 7.267824750831988 -13.428551321109731
vertex 7.800000000000001 9.027934970919645 -13.623287234938376
vertex 7.800000000000001 9.185888904232511 -13.55171923884509
endloop
endfacet
facet normal 1.0 -0.0 0.0
outer loop
vertex 7.800000000000001 7.267824750831988 -13.428551321109731
vertex 7.800000000000001 9.185888904232511 -13.55171923884509
vertex 7.800000000000001 9.34818541694662 -13.49063515683797
endloop
endfacet
facet normal 1.0 -0.0 0.0
outer loop
vertex 7.800000000000001 7.267824750831988 -13.428551321109731
vertex 7.800000000000001 9.34818541694662 -13.49063515683797
vertex 7.800000000000001 9.51412953047832 -13.44029656033397
endloop
endfacet
facet normal 1.0 -0.0 0.0
outer loop
vertex 7.800000000000001 7.442283553372464 -13.242283553372465
vertex 7.800000000000001 9.51412953047832 -13.44029656033397
vertex 7.800000000000001 9.683010646657259 -13.400919006931439
endloop
endfacet
facet normal 1.0 -0.0 0.0
outer loop
vertex 7.800000000000001 7.442283553372464 -13.242283553372465
vertex 7.800000000000001 9.683010646657259 -13.400919006931439
vertex 7.800000000000001 9.854105590616863 -13.372671117359403
endloop
endfacet
facet normal 1.0 -0.0 0.0
outer loop
vertex 7.800000000000001 7.442283553372464 -13.242283553372465
vertex 7.800000000000001 9.854105590616863 -13.372671117359403
vertex 7.800000000000001 10.02668170754012 -13.3556738534177
endloop
endfacet
facet normal 1.0 -0.0 0.0
outer loop
vertex 7.800000000000001 7.442283553372464 -13.242283553372465
vertex 7.800000000000001 10.02668170754012 -13.3556738534177
vertex 7.800000000000001 10.2 -13.35
endloop
endfacet
facet normal 0.9999999999999999 0.0 -0.0
outer loop
vertex 7.800000000000001 7.442283553372464 -13.242283553372465
vertex 7.800000000000001 12.957716446627535 -13.242283553372465
vertex 7.800000000000001 7.628551321109731 -13.067824750831988
endloop
endfacet
facet normal 1.0 0.0 -0.0
outer loop
vertex 7.800000000000001 7.628551321109731 -13.067824750831988
vertex 7.800000000000001 12.771448678890268 -13.067824750831988
vertex 7.800000000000001 7.825830426865989 -12.905921972864183
endloop
endfacet
facet normal 1.0 0.0 -0.0
outer loop
vertex 7.800000000000001 7.825830426865989 -12.905921972864183
vertex 7.800000000000001 12.57416957313401 -12.905921972864183
vertex 7.800000000000001 8.03327609122355 -12.757268512020074
endloop
endfacet
facet normal 1.0 0.0 -0.0
outer loop
vertex 7.800000000000001 8.03327609122355 -12.757268512020074
vertex 7.800000000000001 12.366723908776448 -12.757268512020074
vertex 7.800000000000001 8.25 -12.62250092524069
endloop
endfacet
facet normal 1.0 0.0 -0.0
outer loop
vertex 7.800000000000001 8.25 -12.62250092524069
vertex 7.800000000000001 12.149999999999999 -12.62250092524069
vertex 7.800000000000001 8.475074108145893 -12.502196308022516
endloop
endfacet
facet normal 1.0 0.0 -0.0
outer loop
vertex 7.800000000000001 8.475074108145893 -12.502196308022516
vertex 7.800000000000001 11.924925891854105 -12.502196308022516
vertex 7.800000000000001 8.707534613776149 -12.396869823205982
endloop
endfacet
facet normal 1.0 0.0 -0.0
outer loop
vertex 7.800000000000001 8.707534613776149 -12.396869823205982
vertex 7.800000000000001 11.69246538622385 -12.396869823205982
vertex 7.800000000000001 8.94638608531767 -12.306972494969088
endloop
endfacet
facet normal 1.0 0.0 -0.0
outer loop
vertex 7.800000000000001 8.94638608531767 -12.306972494969088
vertex 7.800000000000001 11.453613914682329 -12.306972494969088
vertex 7.800000000000001 9.190605724100168 -12.232889277472633
endloop
endfacet
facet normal 0.9999999999999999 0.0 0.0
outer loop
vertex 7.800000000000001 7.442283553372464 -13.242283553372465
vertex 7.800000000000001 10.2 -13.35
vertex 7.800000000000001 13.13217524916801 -13.428551321109731
endloop
endfacet
facet normal 1.0 -0.0 -0.0
outer loop
vertex 7.800000000000001 7.442283553372464 -13.242283553372465
vertex 7.800000000000001 13.13217524916801 -13.428551321109731
vertex 7.800000000000001 12.957716446627535 -13.242283553372465
endloop
endfacet
facet normal 1.0 -0.0 -0.0
outer loop
vertex 7.800000000000001 7.628551321109731 -13.067824750831988
vertex 7.800000000000001 12.957716446627535 -13.242283553372465
vertex 7.800000000000001 12.771448678890268 -13.067824750831988
endloop
endfacet
facet normal 1.0 0.0 0.0
outer loop
vertex 7.800000000000001 10.2 -13.35
vertex 7.800000000000001 10.373318292459878 -13.3556738534177
vertex 7.800000000000001 13.13217524916801 -13.428551321109731
endloop
endfacet
facet normal 1.0 0.0 0.0
outer loop
vertex 7.800000000000001 10.373318292459878 -13.3556738534177
vertex 7.800000000000001 10.545894409383136 -13.372671117359403
vertex 7.800000000000001 13.13217524916801 -13.428551321109731
endloop
endfacet
facet normal 1.0 0.0 0.0
outer loop
vertex 7.800000000000001 10.545894409383136 -13.372671117359403
vertex 7.800000000000001 10.71698935334274 -13.400919006931439
vertex 7.800000000000001 13.13217524916801 -13.428551321109731
endloop
endfacet
facet normal 1.0 -0.0 0.0
outer loop
vertex 7.800000000000001 10.71698935334274 -13.400919006931439
vertex 7.800000000000001 10.885870469521679 -13.44029656033397
vertex 7.800000000000001 13.13217524916801 -13.428551321109731
endloop
endfacet
facet normal 1.0 0.0 -0.0
outer loop
vertex 7.800000000000001 9.190605724100168 -12.232889277472633
vertex 7.800000000000001 11.20939427589983 -12.232889277472633
vertex 7.800000000000001 9.439147744137099 -12.174937406427402
endloop
endfacet
facet normal 1.0 0.0 -0.0
outer loop
vertex 7.800000000000001 9.439147744137099 -12.174937406427402
vertex 7.800000000000001 10.9608522558629 -12.174937406427402
vertex 7.800000000000001 9.690947850341798 -12.13336504064214
endloop
endfacet
facet normal 1.0 0.0 -0.0
outer loop
vertex 7.800000000000001 9.690947850341798 -12.13336504064214
vertex 7.800000000000001 10.7090521496582 -12.13336504064214
vertex 7.800000000000001 9.94492779600244 -12.108350199369447
endloop
endfacet
facet normal 1.0 0.0 -0.0
outer loop
vertex 7.800000000000001 9.94492779600244 -12.108350199369447
vertex 7.800000000000001 10.455072203997558 -12.108350199369447
vertex 7.800000000000001 10.2 -12.1
endloop
endfacet
facet normal 1.0 -0.0 -0.0
outer loop
vertex 7.800000000000001 9.94492779600244 -12.108350199369447
vertex 7.800000000000001 10.7090521496582 -12.13336504064214
vertex 7.800000000000001 10.455072203997558 -12.108350199369447
endloop
endfacet
facet normal 1.0 -0.0 -0.0
outer loop
vertex 7.800000000000001 9.439147744137099 -12.174937406427402
vertex 7.800000000000001 11.20939427589983 -12.232889277472633
vertex 7.800000000000001 10.9608522558629 -12.174937406427402
endloop
endfacet
facet normal 1.0 -0.0 -0.0
outer loop
vertex 7.800000000000001 9.690947850341798 -12.13336504064214
vertex 7.800000000000001 10.9608522558629 -12.174937406427402
vertex 7.800000000000001 10.7090521496582 -12.13336504064214
endloop
endfacet
facet normal 1.0 -0.0 -0.0
outer loop
vertex 7.800000000000001 9.190605724100168 -12.232889277472633
vertex 7.800000000000001 11.453613914682329 -12.306972494969088
vertex 7.800000000000001 11.20939427589983 -12.232889277472633
endloop
endfacet
facet normal 1.0 0.0 0.0
outer loop
vertex 7.800000000000001 11.69246538622385 -12.396869823205982
vertex 7.800000000000001 11.453613914682329 -12.306972494969088
vertex 7.800000000000001 8.94638608531767 -12.306972494969088
endloop
endfacet
facet normal 0.9999999999999999 -0.0 -0.0
outer loop
vertex 7.800000000000001 7.825830426865989 -12.905921972864183
vertex 7.800000000000001 12.771448678890268 -13.067824750831988
vertex 7.800000000000001 12.57416957313401 -12.905921972864183
endloop
endfacet
facet normal 1.0 -0.0 -0.0
outer loop
vertex 7.800000000000001 8.25 -12.62250092524069
vertex 7.800000000000001 12.366723908776448 -12.757268512020074
vertex 7.800000000000001 12.149999999999999 -12.62250092524069
endloop
endfacet
facet normal 0.9999999999999999 -0.0 -0.0
outer loop
vertex 7.800000000000001 8.03327609122355 -12.757268512020074
vertex 7.800000000000001 12.57416957313401 -12.905921972864183
vertex 7.800000000000001 12.366723908776448 -12.757268512020074
endloop
endfacet
facet normal 1.0 -0.0 -0.0
outer loop
vertex 7.800000000000001 8.475074108145893 -12.502196308022516
vertex 7.800000000000001 12.149999999999999 -12.62250092524069
vertex 7.800000000000001 11.924925891854105 -12.502196308022516
endloop
endfacet
facet normal 1.0 -0.0 -0.0
outer loop
vertex 7.800000000000001 8.707534613776149 -12.396869823205982
vertex 7.800000000000001 11.924925891854105 -12.502196308022516
vertex 7.800000000000001 11.69246538622385 -12.396869823205982
endloop
endfacet
facet normal 1.0 -0.0 0.0
outer loop
vertex 7.800000000000001 12.844326146582299 -15.826681707540121
vertex 7.800000000000001 12.85 -16.0
vertex 7.800000000000001 14.1 -16.0
endloop
endfacet
facet normal 1.0 0.0 -0.0
outer loop
vertex 7.800000000000001 12.844326146582299 -15.826681707540121
vertex 7.800000000000001 14.091649800630552 -15.744927796002441
vertex 7.800000000000001 12.827328882640597 -15.654105590616863
endloop
endfacet
facet normal 1.0 0.0 -0.0
outer loop
vertex 7.800000000000001 12.827328882640597 -15.654105590616863
vertex 7.800000000000001 14.06663495935786 -15.490947850341799
vertex 7.800000000000001 12.79908099306856 -15.48301064665726
endloop
endfacet
facet normal 1.0 -0.0 -0.0
outer loop
vertex 7.800000000000001 12.79908099306856 -15.48301064665726
vertex 7.800000000000001 14.06663495935786 -15.490947850341799
vertex 7.800000000000001 12.75970343966603 -15.31412953047832
endloop
endfacet
facet normal 1.0 0.0 -0.0
outer loop
vertex 7.800000000000001 12.70936484316203 -15.148185416946621
vertex 7.800000000000001 13.967110722527366 -14.990605724100169
vertex 7.800000000000001 12.64828076115491 -14.985888904232512
endloop
endfacet
facet normal 0.9999999999999999 0.0 -0.0
outer loop
vertex 7.800000000000001 12.75970343966603 -15.31412953047832
vertex 7.800000000000001 14.025062593572597 -15.2391477441371
vertex 7.800000000000001 12.70936484316203 -15.148185416946621
endloop
endfacet
facet normal 1.0 0.0 -0.0
outer loop
vertex 7.800000000000001 12.494967320028762 -14.675
vertex 7.800000000000001 13.803130176794017 -14.50753461377615
vertex 7.800000000000001 12.403394472601743 -14.527738882498054
endloop
endfacet
facet normal 1.0 -0.0 -0.0
outer loop
vertex 7.800000000000001 12.64828076115491 -14.985888904232512
vertex 7.800000000000001 13.967110722527366 -14.990605724100169
vertex 7.800000000000001 12.576712765061624 -14.827934970919646
endloop
endfacet
facet normal 0.9999999999999999 0.0 -0.0
outer loop
vertex 7.800000000000001 12.576712765061624 -14.827934970919646
vertex 7.800000000000001 13.893027505030911 -14.74638608531767
vertex 7.800000000000001 12.494967320028762 -14.675
endloop
endfacet
facet normal 1.0 0.0 -0.0
outer loop
vertex 7.800000000000001 12.403394472601743 -14.527738882498054
vertex 7.800000000000001 13.803130176794017 -14.50753461377615
vertex 7.800000000000001 12.302386351771773 -14.38678221312689
endloop
endfacet
facet normal 1.0 -0.0 0.0
outer loop
vertex 7.800000000000001 12.19237548981929 -14.252733589984818
vertex 7.800000000000001 12.302386351771773 -14.38678221312689
vertex 7.800000000000001 13.697803691977484 -14.275074108145894
endloop
endfacet
facet normal 1.0 -0.0 -0.0
outer loop
vertex 7.800000000000001 12.19237548981929 -14.252733589984818
vertex 7.800000000000001 13.697803691977484 -14.275074108145894
vertex 7.800000000000001 12.07383297014435 -14.12616702985565
endloop
endfacet
facet normal 1.0 -0.0 0.0
outer loop
vertex 7.800000000000001 11.947266410015182 -14.00762451018071
vertex 7.800000000000001 12.07383297014435 -14.12616702985565
vertex 7.800000000000001 13.57749907475931 -14.05
endloop
endfacet
facet normal 1.0 -0.0 -0.0
outer loop
vertex 7.800000000000001 12.302386351771773 -14.38678221312689
vertex 7.800000000000001 13.803130176794017 -14.50753461377615
vertex 7.800000000000001 13.697803691977484 -14.275074108145894
endloop
endfacet
facet normal 1.0 -0.0 -0.0
outer loop
vertex 7.800000000000001 12.07383297014435 -14.12616702985565
vertex 7.800000000000001 13.697803691977484 -14.275074108145894
vertex 7.800000000000001 13.57749907475931 -14.05
endloop
endfacet
facet normal 1.0 -0.0 -0.0
outer loop
vertex 7.800000000000001 12.844326146582299 -15.826681707540121
vertex 7.800000000000001 14.1 -16.0
vertex 7.800000000000001 14.091649800630552 -15.744927796002441
endloop
endfacet
facet normal 1.0 -0.0 -0.0
outer loop
vertex 7.800000000000001 12.827328882640597 -15.654105590616863
vertex 7.800000000000001 14.091649800630552 -15.744927796002441
vertex 7.800000000000001 14.06663495935786 -15.490947850341799
endloop
endfacet
facet normal 1.0 -0.0 -0.0
outer loop
vertex 7.800000000000001 12.75970343966603 -15.31412953047832
vertex 7.800000000000001 14.06663495935786 -15.490947850341799
vertex 7.800000000000001 14.025062593572597 -15.2391477441371
endloop
endfacet
facet normal 1.0 -0.0 -0.0
outer loop
vertex 7.800000000000001 12.70936484316203 -15.148185416946621
vertex 7.800000000000001 14.025062593572597 -15.2391477441371
vertex 7.800000000000001 13.967110722527366 -14.990605724100169
endloop
endfacet
facet normal 1.0 -0.0 -0.0
outer loop
vertex 7.800000000000001 12.576712765061624 -14.827934970919646
vertex 7.800000000000001 13.967110722527366 -14.990605724100169
vertex 7.800000000000001 13.893027505030911 -14.74638608531767
endloop
endfacet
facet normal 1.0 -0.0 -0.0
outer loop
vertex 7.800000000000001 12.494967320028762 -14.675
vertex 7.800000000000001 13.893027505030911 -14.74638608531767
vertex 7.800000000000001 13.803130176794017 -14.50753461377615
endloop
endfacet
facet normal 1.0 -0.0 -0.0
outer loop
vertex 7.800000000000001 11.372065029080353 -13.623287234938376
vertex 7.800000000000001 13.294078027135816 -13.625830426865988
vertex 7.800000000000001 11.214111095767487 -13.55171923884509
endloop
endfacet
facet normal 0.9999999999999999 -0.0 -0.0
outer loop
vertex 7.800000000000001 11.947266410015182 -14.00762451018071
vertex 7.800000000000001 13.57749907475931 -14.05
vertex 7.800000000000001 11.813217786873109 -13.897613648228226
endloop
endfacet
facet normal 1.0 0.0 -0.0
outer loop
vertex 7.800000000000001 11.813217786873109 -13.897613648228226
vertex 7.800000000000001 13.442731487979925 -13.833276091223551
vertex 7.800000000000001 11.672261117501945 -13.796605527398256
endloop
endfacet
facet normal 1.0 0.0 0.0
outer loop
vertex 7.800000000000001 11.524999999999999 -13.705032679971238
vertex 7.800000000000001 11.672261117501945 -13.796605527398256
vertex 7.800000000000001 13.442731487979925 -13.833276091223551
endloop
endfacet
facet normal 1.0 0.0 -0.0
outer loop
vertex 7.800000000000001 11.524999999999999 -13.705032679971238
vertex 7.800000000000001 13.294078027135816 -13.625830426865988
vertex 7.800000000000001 11.372065029080353 -13.623287234938376
endloop
endfacet
facet normal 0.9999999999999999 0.0 -0.0
outer loop
vertex 7.800000000000001 11.051814583053378 -13.49063515683797
vertex 7.800000000000001 13.13217524916801 -13.428551321109731
vertex 7.800000000000001 10.885870469521679 -13.44029656033397
endloop
endfacet
facet normal 1.0 -0.0 0.0
outer loop
vertex 7.800000000000001 11.051814583053378 -13.49063515683797
vertex 7.800000000000001 11.214111095767487 -13.55171923884509
vertex 7.800000000000001 13.13217524916801 -13.428551321109731
endloop
endfacet
facet normal 1.0 -0.0 -0.0
outer loop
vertex 7.800000000000001 11.524999999999999 -13.705032679971238
vertex 7.800000000000001 13.442731487979925 -13.833276091223551
vertex 7.800000000000001 13.294078027135816 -13.625830426865988
endloop
endfacet
facet normal 1.0 -0.0 -0.0
outer loop
vertex 7.800000000000001 11.813217786873109 -13.897613648228226
vertex 7.800000000000001 13.57749907475931 -14.05
vertex 7.800000000000001 13.442731487979925 -13.833276091223551
endloop
endfacet
facet normal 0.9999999999999999 -0.0 -0.0
outer loop
vertex 7.800000000000001 11.214111095767487 -13.55171923884509
vertex 7.800000000000001 13.294078027135816 -13.625830426865988
vertex 7.800000000000001 13.13217524916801 -13.428551321109731
endloop
endfacet
facet normal -0.0 0.6343932841636499 0.7730104533627334
outer loop
vertex 7.800000000000001 7.825830426865989 -19.09407802713582
vertex 7.800000000000001 7.628551321109731 -18.93217524916801
vertex 11.8 7.628551321109731 -18.93217524916801
endloop
endfacet
facet normal -0.0 0.5280678506503612 0.8492021815265831
outer loop
vertex 7.800000000000001 8.03327609122355 -19.242731487979928
vertex 11.8 8.03327609122355 -19.242731487979928
vertex 7.800000000000001 8.25 -19.37749907475931
endloop
endfacet
facet normal -0.0 0.5824776968678017 0.8128466845916157
outer loop
vertex 7.800000000000001 7.825830426865989 -19.09407802713582
vertex 11.8 7.825830426865989 -19.09407802713582
vertex 7.800000000000001 8.03327609122355 -19.242731487979928
endloop
endfacet
facet normal -0.0 0.7730104533627381 0.6343932841636439
outer loop
vertex 7.800000000000001 7.1059219728641825 -18.37416957313401
vertex 11.8 7.1059219728641825 -18.37416957313401
vertex 7.800000000000001 7.267824750831988 -18.57144867889027
endloop
endfacet
facet normal -0.0 0.812846684591619 0.5824776968677966
outer loop
vertex 7.800000000000001 7.1059219728641825 -18.37416957313401
vertex 7.800000000000001 6.9572685120200735 -18.166723908776447
vertex 11.8 6.9572685120200735 -18.166723908776447
endloop
endfacet
facet normal -0.0 0.8492021815265766 0.5280678506503719
outer loop
vertex 7.800000000000001 6.9572685120200735 -18.166723908776447
vertex 7.800000000000001 6.822500925240688 -17.95
vertex 11.8 6.822500925240688 -17.95
endloop
endfacet
facet normal -0.0 0.6835923020228748 0.7298640726978323
outer loop
vertex 7.800000000000001 7.442283553372464 -18.757716446627533
vertex 11.8 7.442283553372464 -18.757716446627533
vertex 7.800000000000001 7.628551321109731 -18.93217524916801
endloop
endfacet
facet normal -0.0 0.7298640726978293 0.6835923020228781
outer loop
vertex 7.800000000000001 7.442283553372464 -18.757716446627533
vertex 7.800000000000001 7.267824750831988 -18.57144867889027
vertex 11.8 7.267824750831988 -18.57144867889027
endloop
endfacet
facet normal -0.0 0.973876979277334 0.22707626303437148
outer loop
vertex 7.800000000000001 6.432889277472633 -17.00939427589983
vertex 7.800000000000001 6.374937406427401 -16.7608522558629
vertex 11.8 6.374937406427401 -16.7608522558629
endloop
endfacet
facet normal -0.0 0.9866433320848788 0.1628954733945902
outer loop
vertex 7.800000000000001 6.374937406427401 -16.7608522558629
vertex 7.800000000000001 6.333365040642139 -16.509052149658203
vertex 11.8 6.333365040642139 -16.509052149658203
endloop
endfacet
facet normal -0.0 0.995184726672197 0.09801714032955902
outer loop
vertex 7.800000000000001 6.333365040642139 -16.509052149658203
vertex 7.800000000000001 6.308350199369446 -16.255072203997557
vertex 11.8 6.308350199369446 -16.255072203997557
endloop
endfacet
facet normal -0.0 0.9994645874763654 0.032719082821779925
outer loop
vertex 7.800000000000001 6.308350199369446 -16.255072203997557
vertex 7.800000000000001 6.299999999999999 -16.0
vertex 11.8 6.299999999999999 -16.0
endloop
endfacet
facet normal -0.0 0.8819212643483539 0.47139673682599964
outer loop
vertex 7.800000000000001 6.822500925240688 -17.95
vertex 7.800000000000001 6.702196308022515 -17.724925891854106
vertex 11.8 6.702196308022515 -17.724925891854106
endloop
endfacet
facet normal -0.0 0.9108638249211783 0.4127070298043893
outer loop
vertex 7.800000000000001 6.702196308022515 -17.724925891854106
vertex 7.800000000000001 6.5968698232059815 -17.49246538622385
vertex 11.8 6.5968698232059815 -17.49246538622385
endloop
endfacet
facet normal -0.0 0.9359059267573248 0.3522500479212363
outer loop
vertex 7.800000000000001 6.5968698232059815 -17.49246538622385
vertex 7.800000000000001 6.506972494969087 -17.25361391468233
vertex 11.8 6.506972494969087 -17.25361391468233
endloop
endfacet
facet normal -0.0 0.9569403357322087 0.29028467725446255
outer loop
vertex 7.800000000000001 6.506972494969087 -17.25361391468233
vertex 7.800000000000001 6.432889277472633 -17.00939427589983
vertex 11.8 6.432889277472633 -17.00939427589983
endloop
endfacet
facet normal -0.0 0.4713967368260023 0.8819212643483525
outer loop
vertex 7.800000000000001 8.25 -19.37749907475931
vertex 11.8 8.25 -19.37749907475931
vertex 7.800000000000001 8.475074108145893 -19.497803691977484
endloop
endfacet
facet normal -0.0 0.4127070298043919 0.9108638249211771
outer loop
vertex 7.800000000000001 8.475074108145893 -19.497803691977484
vertex 11.8 8.475074108145893 -19.497803691977484
vertex 7.800000000000001 8.707534613776149 -19.603130176794018
endloop
endfacet
facet normal -0.0 0.2902846772544645 0.9569403357322082
outer loop
vertex 7.800000000000001 8.94638608531767 -19.693027505030912
vertex 11.8 8.94638608531767 -19.693027505030912
vertex 7.800000000000001 9.190605724100168 -19.767110722527367
endloop
endfacet
facet normal -0.0 0.352250047921234 0.9359059267573255
outer loop
vertex 7.800000000000001 8.94638608531767 -19.693027505030912
vertex 7.800000000000001 8.707534613776149 -19.603130176794018
vertex 11.8 8.707534613776149 -19.603130176794018
endloop
endfacet
facet normal -0.0 0.22707626303437656 0.9738769792773329
outer loop
vertex 7.800000000000001 9.190605724100168 -19.767110722527367
vertex 11.8 9.190605724100168 -19.767110722527367
vertex 7.800000000000001 9.439147744137099 -19.8250625935726
endloop
endfacet
facet normal -0.0 0.16289547339458232 0.9866433320848801
outer loop
vertex 7.800000000000001 9.439147744137099 -19.8250625935726
vertex 11.8 9.439147744137099 -19.8250625935726
vertex 7.800000000000001 9.690947850341798 -19.86663495935786
endloop
endfacet
facet normal -0.0 0.09801714032956037 0.9951847266721967
outer loop
vertex 7.800000000000001 9.690947850341798 -19.86663495935786
vertex 11.8 9.690947850341798 -19.86663495935786
vertex 7.800000000000001 9.94492779600244 -19.891649800630553
endloop
endfacet
facet normal -0.0 0.03271908282177275 0.9994645874763658
outer loop
vertex 7.800000000000001 9.94492779600244 -19.891649800630553
vertex 11.8 9.94492779600244 -19.891649800630553
vertex 7.800000000000001 10.2 -19.9
endloop
endfacet
facet normal 0.0 -0.03271908282177275 0.9994645874763658
outer loop
vertex 7.800000000000001 10.2 -19.9
vertex 11.8 10.2 -19.9
vertex 7.800000000000001 10.455072203997558 -19.891649800630553
endloop
endfacet
facet normal 0.0 -0.09801714032956037 0.9951847266721967
outer loop
vertex 7.800000000000001 10.455072203997558 -19.891649800630553
vertex 11.8 10.455072203997558 -19.891649800630553
vertex 7.800000000000001 10.7090521496582 -19.86663495935786
endloop
endfacet
facet normal 0.0 -0.16289547339458232 0.9866433320848801
outer loop
vertex 7.800000000000001 10.7090521496582 -19.86663495935786
vertex 11.8 10.7090521496582 -19.86663495935786
vertex 7.800000000000001 10.9608522558629 -19.8250625935726
endloop
endfacet
facet normal 0.0 -0.22707626303437656 0.9738769792773329
outer loop
vertex 7.800000000000001 10.9608522558629 -19.8250625935726
vertex 11.8 10.9608522558629 -19.8250625935726
vertex 7.800000000000001 11.20939427589983 -19.767110722527367
endloop
endfacet
facet normal 0.0 -0.2902846772544645 0.9569403357322082
outer loop
vertex 7.800000000000001 11.20939427589983 -19.767110722527367
vertex 11.8 11.20939427589983 -19.767110722527367
vertex 7.800000000000001 11.453613914682329 -19.693027505030912
endloop
endfacet
facet normal 0.0 -0.352250047921234 0.9359059267573255
outer loop
vertex 7.800000000000001 11.453613914682329 -19.693027505030912
vertex 11.8 11.453613914682329 -19.693027505030912
vertex 7.800000000000001 11.69246538622385 -19.603130176794018
endloop
endfacet
facet normal 0.0 -0.4127070298043919 0.9108638249211771
outer loop
vertex 7.800000000000001 11.69246538622385 -19.603130176794018
vertex 11.8 11.69246538622385 -19.603130176794018
vertex 7.800000000000001 11.924925891854105 -19.497803691977484
endloop
endfacet
facet normal 0.0 -0.4713967368260023 0.8819212643483525
outer loop
vertex 7.800000000000001 11.924925891854105 -19.497803691977484
vertex 11.8 11.924925891854105 -19.497803691977484
vertex 7.800000000000001 12.149999999999999 -19.37749907475931
endloop
endfacet
facet normal 0.0 -0.5280678506503612 0.8492021815265831
outer loop
vertex 7.800000000000001 12.149999999999999 -19.37749907475931
vertex 11.8 12.149999999999999 -19.37749907475931
vertex 7.800000000000001 12.366723908776448 -19.242731487979928
endloop
endfacet
facet normal 0.0 -0.5824776968678 0.8128466845916168
outer loop
vertex 7.800000000000001 12.366723908776448 -19.242731487979928
vertex 11.8 12.366723908776448 -19.242731487979928
vertex 7.800000000000001 12.57416957313401 -19.09407802713582
endloop
endfacet
facet normal 0.0 -0.6343932841636516 0.773010453362732
outer loop
vertex 7.800000000000001 12.57416957313401 -19.09407802713582
vertex 11.8 12.57416957313401 -19.09407802713582
vertex 7.800000000000001 12.771448678890268 -18.93217524916801
endloop
endfacet
facet normal 0.0 -0.6835923020228748 0.7298640726978323
outer loop
vertex 7.800000000000001 12.771448678890268 -18.93217524916801
vertex 11.8 12.771448678890268 -18.93217524916801
vertex 7.800000000000001 12.957716446627535 -18.757716446627533
endloop
endfacet
facet normal 0.0 -0.7298640726978293 0.6835923020228781
outer loop
vertex 7.800000000000001 12.957716446627535 -18.757716446627533
vertex 11.8 12.957716446627535 -18.757716446627533
vertex 7.800000000000001 13.13217524916801 -18.57144867889027
endloop
endfacet
facet normal 0.0 -0.7730104533627381 0.6343932841636439
outer loop
vertex 7.800000000000001 13.13217524916801 -18.57144867889027
vertex 11.8 13.13217524916801 -18.57144867889027
vertex 7.800000000000001 13.294078027135816 -18.37416957313401
endloop
endfacet
facet normal 0.0 -0.812846684591619 0.5824776968677966
outer loop
vertex 7.800000000000001 13.294078027135816 -18.37416957313401
vertex 11.8 13.294078027135816 -18.37416957313401
vertex 7.800000000000001 13.442731487979925 -18.166723908776447
endloop
endfacet
facet normal 0.0 -0.849202181526578 0.5280678506503693
outer loop
vertex 7.800000000000001 13.442731487979925 -18.166723908776447
vertex 11.8 13.442731487979925 -18.166723908776447
vertex 7.800000000000001 13.57749907475931 -17.95
endloop
endfacet
facet normal 0.0 -0.8819212643483525 0.4713967368260023
outer loop
vertex 7.800000000000001 13.57749907475931 -17.95
vertex 11.8 13.57749907475931 -17.95
vertex 7.800000000000001 13.697803691977484 -17.724925891854106
endloop
endfacet
facet normal 0.0 -0.9108638249211783 0.4127070298043893
outer loop
vertex 7.800000000000001 13.697803691977484 -17.724925891854106
vertex 11.8 13.697803691977484 -17.724925891854106
vertex 7.800000000000001 13.803130176794017 -17.49246538622385
endloop
endfacet
facet normal 0.0 -0.9359059267573248 0.3522500479212363
outer loop
vertex 7.800000000000001 13.803130176794017 -17.49246538622385
vertex 11.8 13.803130176794017 -17.49246538622385
vertex 7.800000000000001 13.893027505030911 -17.25361391468233
endloop
endfacet
facet normal 0.0 -0.9569403357322087 0.29028467725446255
outer loop
vertex 7.800000000000001 13.893027505030911 -17.25361391468233
vertex 11.8 13.893027505030911 -17.25361391468233
vertex 7.800000000000001 13.967110722527366 -17.00939427589983
endloop
endfacet
facet normal 0.0 -0.973876979277334 0.22707626303437148
outer loop
vertex 7.800000000000001 13.967110722527366 -17.00939427589983
vertex 11.8 13.967110722527366 -17.00939427589983
vertex 7.800000000000001 14.025062593572597 -16.7608522558629
endloop
endfacet
facet normal 0.0 -0.9866433320848788 0.1628954733945902
outer loop
vertex 7.800000000000001 14.025062593572597 -16.7608522558629
vertex 11.8 14.025062593572597 -16.7608522558629
vertex 7.800000000000001 14.06663495935786 -16.509052149658203
endloop
endfacet
facet normal 0.0 -0.995184726672197 0.09801714032955902
outer loop
vertex 7.800000000000001 14.06663495935786 -16.509052149658203
vertex 11.8 14.06663495935786 -16.509052149658203
vertex 7.800000000000001 14.091649800630552 -16.255072203997557
endloop
endfacet
facet normal 0.0 -0.9994645874763654 0.032719082821779925
outer loop
vertex 7.800000000000001 14.091649800630552 -16.255072203997557
vertex 11.8 14.091649800630552 -16.255072203997557
vertex 7.800000000000001 14.1 -16.0
endloop
endfacet
facet normal 0.0 0.5824776968678017 0.8128466845916157
outer loop
vertex 7.800000000000001 8.03327609122355 -19.242731487979928
vertex 11.8 7.825830426865989 -19.09407802713582
vertex 11.8 8.03327609122355 -19.242731487979928
endloop
endfacet
facet normal 0.0 0.6343932841636499 0.7730104533627334
outer loop
vertex 7.800000000000001 7.825830426865989 -19.09407802713582
vertex 11.8 7.628551321109731 -18.93217524916801
vertex 11.8 7.825830426865989 -19.09407802713582
endloop
endfacet
facet normal 0.0 0.7730104533627381 0.6343932841636439
outer loop
vertex 7.800000000000001 7.267824750831988 -18.57144867889027
vertex 11.8 7.1059219728641825 -18.37416957313401
vertex 11.8 7.267824750831988 -18.57144867889027
endloop
endfacet
facet normal 0.0 0.812846684591619 0.5824776968677966
outer loop
vertex 7.800000000000001 7.1059219728641825 -18.37416957313401
vertex 11.8 6.9572685120200735 -18.166723908776447
vertex 11.8 7.1059219728641825 -18.37416957313401
endloop
endfacet
facet normal 0.0 0.8492021815265766 0.5280678506503719
outer loop
vertex 7.800000000000001 6.9572685120200735 -18.166723908776447
vertex 11.8 6.822500925240688 -17.95
vertex 11.8 6.9572685120200735 -18.166723908776447
endloop
endfacet
facet normal 0.0 0.7298640726978293 0.6835923020228781
outer loop
vertex 7.800000000000001 7.442283553372464 -18.757716446627533
vertex 11.8 7.267824750831988 -18.57144867889027
vertex 11.8 7.442283553372464 -18.757716446627533
endloop
endfacet
facet normal 0.0 0.6835923020228748 0.7298640726978323
outer loop
vertex 7.800000000000001 7.628551321109731 -18.93217524916801
vertex 11.8 7.442283553372464 -18.757716446627533
vertex 11.8 7.628551321109731 -18.93217524916801
endloop
endfacet
facet normal 0.0 0.973876979277334 0.22707626303437148
outer loop
vertex 7.800000000000001 6.432889277472633 -17.00939427589983
vertex 11.8 6.374937406427401 -16.7608522558629
vertex 11.8 6.432889277472633 -17.00939427589983
endloop
endfacet
facet normal 0.0 0.9866433320848788 0.1628954733945902
outer loop
vertex 7.800000000000001 6.374937406427401 -16.7608522558629
vertex 11.8 6.333365040642139 -16.509052149658203
vertex 11.8 6.374937406427401 -16.7608522558629
endloop
endfacet
facet normal 0.0 0.995184726672197 0.09801714032955902
outer loop
vertex 7.800000000000001 6.333365040642139 -16.509052149658203
vertex 11.8 6.308350199369446 -16.255072203997557
vertex 11.8 6.333365040642139 -16.509052149658203
endloop
endfacet
facet normal 0.0 0.9994645874763654 0.032719082821779925
outer loop
vertex 7.800000000000001 6.308350199369446 -16.255072203997557
vertex 11.8 6.299999999999999 -16.0
vertex 11.8 6.308350199369446 -16.255072203997557
endloop
endfacet
facet normal 0.0 0.8819212643483539 0.47139673682599964
outer loop
vertex 7.800000000000001 6.822500925240688 -17.95
vertex 11.8 6.702196308022515 -17.724925891854106
vertex 11.8 6.822500925240688 -17.95
endloop
endfacet
facet normal 0.0 0.9108638249211783 0.4127070298043893
outer loop
vertex 7.800000000000001 6.702196308022515 -17.724925891854106
vertex 11.8 6.5968698232059815 -17.49246538622385
vertex 11.8 6.702196308022515 -17.724925891854106
endloop
endfacet
facet normal 0.0 0.9359059267573248 0.3522500479212363
outer loop
vertex 7.800000000000001 6.5968698232059815 -17.49246538622385
vertex 11.8 6.506972494969087 -17.25361391468233
vertex 11.8 6.5968698232059815 -17.49246538622385
endloop
endfacet
facet normal 0.0 0.9569403357322087 0.29028467725446255
outer loop
vertex 7.800000000000001 6.506972494969087 -17.25361391468233
vertex 11.8 6.432889277472633 -17.00939427589983
vertex 11.8 6.506972494969087 -17.25361391468233
endloop
endfacet
facet normal 0.0 0.4713967368260023 0.8819212643483525
outer loop
vertex 7.800000000000001 8.475074108145893 -19.497803691977484
vertex 11.8 8.25 -19.37749907475931
vertex 11.8 8.475074108145893 -19.497803691977484
endloop
endfacet
facet normal 0.0 0.352250047921234 0.9359059267573255
outer loop
vertex 7.800000000000001 8.94638608531767 -19.693027505030912
vertex 11.8 8.707534613776149 -19.603130176794018
vertex 11.8 8.94638608531767 -19.693027505030912
endloop
endfacet
facet normal 0.0 0.4127070298043919 0.9108638249211771
outer loop
vertex 7.800000000000001 8.707534613776149 -19.603130176794018
vertex 11.8 8.475074108145893 -19.497803691977484
vertex 11.8 8.707534613776149 -19.603130176794018
endloop
endfacet
facet normal 0.0 0.5280678506503612 0.8492021815265831
outer loop
vertex 7.800000000000001 8.25 -19.37749907475931
vertex 11.8 8.03327609122355 -19.242731487979928
vertex 11.8 8.25 -19.37749907475931
endloop
endfacet
facet normal 0.0 0.2902846772544645 0.9569403357322082
outer loop
vertex 7.800000000000001 9.190605724100168 -19.767110722527367
vertex 11.8 8.94638608531767 -19.693027505030912
vertex 11.8 9.190605724100168 -19.767110722527367
endloop
endfacet
facet normal 0.0 0.22707626303437656 0.9738769792773329
outer loop
vertex 7.800000000000001 9.439147744137099 -19.8250625935726
vertex 11.8 9.190605724100168 -19.767110722527367
vertex 11.8 9.439147744137099 -19.8250625935726
endloop
endfacet
facet normal 0.0 0.16289547339458232 0.9866433320848801
outer loop
vertex 7.800000000000001 9.690947850341798 -19.86663495935786
vertex 11.8 9.439147744137099 -19.8250625935726
vertex 11.8 9.690947850341798 -19.86663495935786
endloop
endfacet
facet normal 0.0 0.09801714032956037 0.9951847266721967
outer loop
vertex 7.800000000000001 9.94492779600244 -19.891649800630553
vertex 11.8 9.690947850341798 -19.86663495935786
vertex 11.8 9.94492779600244 -19.891649800630553
endloop
endfacet
facet normal 0.0 0.03271908282177275 0.9994645874763658
outer loop
vertex 7.800000000000001 10.2 -19.9
vertex 11.8 9.94492779600244 -19.891649800630553
vertex 11.8 10.2 -19.9
endloop
endfacet
facet normal 0.0 -0.03271908282177275 0.9994645874763658
outer loop
vertex 7.800000000000001 10.455072203997558 -19.891649800630553
vertex 11.8 10.2 -19.9
vertex 11.8 10.455072203997558 -19.891649800630553
endloop
endfacet
facet normal 0.0 -0.09801714032956037 0.9951847266721967
outer loop
vertex 7.800000000000001 10.7090521496582 -19.86663495935786
vertex 11.8 10.455072203997558 -19.891649800630553
vertex 11.8 10.7090521496582 -19.86663495935786
endloop
endfacet
facet normal 0.0 -0.16289547339458232 0.9866433320848801
outer loop
vertex 7.800000000000001 10.9608522558629 -19.8250625935726
vertex 11.8 10.7090521496582 -19.86663495935786
vertex 11.8 10.9608522558629 -19.8250625935726
endloop
endfacet
facet normal 0.0 -0.22707626303437656 0.9738769792773329
outer loop
vertex 7.800000000000001 11.20939427589983 -19.767110722527367
vertex 11.8 10.9608522558629 -19.8250625935726
vertex 11.8 11.20939427589983 -19.767110722527367
endloop
endfacet
facet normal 0.0 -0.2902846772544645 0.9569403357322082
outer loop
vertex 7.800000000000001 11.453613914682329 -19.693027505030912
vertex 11.8 11.20939427589983 -19.767110722527367
vertex 11.8 11.453613914682329 -19.693027505030912
endloop
endfacet
facet normal 0.0 -0.352250047921234 0.9359059267573255
outer loop
vertex 7.800000000000001 11.69246538622385 -19.603130176794018
vertex 11.8 11.453613914682329 -19.693027505030912
vertex 11.8 11.69246538622385 -19.603130176794018
endloop
endfacet
facet normal 0.0 -0.4127070298043919 0.9108638249211771
outer loop
vertex 7.800000000000001 11.924925891854105 -19.497803691977484
vertex 11.8 11.69246538622385 -19.603130176794018
vertex 11.8 11.924925891854105 -19.497803691977484
endloop
endfacet
facet normal 0.0 -0.4713967368260023 0.8819212643483525
outer loop
vertex 7.800000000000001 12.149999999999999 -19.37749907475931
vertex 11.8 11.924925891854105 -19.497803691977484
vertex 11.8 12.149999999999999 -19.37749907475931
endloop
endfacet
facet normal 0.0 -0.5280678506503612 0.8492021815265831
outer loop
vertex 7.800000000000001 12.366723908776448 -19.242731487979928
vertex 11.8 12.149999999999999 -19.37749907475931
vertex 11.8 12.366723908776448 -19.242731487979928
endloop
endfacet
facet normal 0.0 -0.5824776968678 0.8128466845916168
outer loop
vertex 7.800000000000001 12.57416957313401 -19.09407802713582
vertex 11.8 12.366723908776448 -19.242731487979928
vertex 11.8 12.57416957313401 -19.09407802713582
endloop
endfacet
facet normal 0.0 -0.6343932841636516 0.773010453362732
outer loop
vertex 7.800000000000001 12.771448678890268 -18.93217524916801
vertex 11.8 12.57416957313401 -19.09407802713582
vertex 11.8 12.771448678890268 -18.93217524916801
endloop
endfacet
facet normal 0.0 -0.6835923020228748 0.7298640726978323
outer loop
vertex 7.800000000000001 12.957716446627535 -18.757716446627533
vertex 11.8 12.771448678890268 -18.93217524916801
vertex 11.8 12.957716446627535 -18.757716446627533
endloop
endfacet
facet normal 0.0 -0.7298640726978293 0.6835923020228781
outer loop
vertex 7.800000000000001 13.13217524916801 -18.57144867889027
vertex 11.8 12.957716446627535 -18.757716446627533
vertex 11.8 13.13217524916801 -18.57144867889027
endloop
endfacet
facet normal 0.0 -0.7730104533627381 0.6343932841636439
outer loop
vertex 7.800000000000001 13.294078027135816 -18.37416957313401
vertex 11.8 13.13217524916801 -18.57144867889027
vertex 11.8 13.294078027135816 -18.37416957313401
endloop
endfacet
facet normal 0.0 -0.812846684591619 0.5824776968677966
outer loop
vertex 7.800000000000001 13.442731487979925 -18.166723908776447
vertex 11.8 13.294078027135816 -18.37416957313401
vertex 11.8 13.442731487979925 -18.166723908776447
endloop
endfacet
facet normal 0.0 -0.849202181526578 0.5280678506503693
outer loop
vertex 7.800000000000001 13.57749907475931 -17.95
vertex 11.8 13.442731487979925 -18.166723908776447
vertex 11.8 13.57749907475931 -17.95
endloop
endfacet
facet normal 0.0 -0.8819212643483525 0.4713967368260023
outer loop
vertex 7.800000000000001 13.697803691977484 -17.724925891854106
vertex 11.8 13.57749907475931 -17.95
vertex 11.8 13.697803691977484 -17.724925891854106
endloop
endfacet
facet normal 0.0 -0.9108638249211783 0.4127070298043893
outer loop
vertex 7.800000000000001 13.803130176794017 -17.49246538622385
vertex 11.8 13.697803691977484 -17.724925891854106
vertex 11.8 13.803130176794017 -17.49246538622385
endloop
endfacet
facet normal 0.0 -0.9359059267573248 0.3522500479212363
outer loop
vertex 7.800000000000001 13.893027505030911 -17.25361391468233
vertex 11.8 13.803130176794017 -17.49246538622385
vertex 11.8 13.893027505030911 -17.25361391468233
endloop
endfacet
facet normal 0.0 -0.9569403357322087 0.29028467725446255
outer loop
vertex 7.800000000000001 13.967110722527366 -17.00939427589983
vertex 11.8 13.893027505030911 -17.25361391468233
vertex 11.8 13.967110722527366 -17.00939427589983
endloop
endfacet
facet normal 0.0 -0.973876979277334 0.22707626303437148
outer loop
vertex 7.800000000000001 14.025062593572597 -16.7608522558629
vertex 11.8 13.967110722527366 -17.00939427589983
vertex 11.8 14.025062593572597 -16.7608522558629
endloop
endfacet
facet normal 0.0 -0.9866433320848788 0.1628954733945902
outer loop
vertex 7.800000000000001 14.06663495935786 -16.509052149658203
vertex 11.8 14.025062593572597 -16.7608522558629
vertex 11.8 14.06663495935786 -16.509052149658203
endloop
endfacet
facet normal 0.0 -0.995184726672197 0.09801714032955902
outer loop
vertex 7.800000000000001 14.091649800630552 -16.255072203997557
vertex 11.8 14.06663495935786 -16.509052149658203
vertex 11.8 14.091649800630552 -16.255072203997557
endloop
endfacet
facet normal 0.0 -0.9994645874763654 0.032719082821779925
outer loop
vertex 7.800000000000001 14.1 -16.0
vertex 11.8 14.091649800630552 -16.255072203997557
vertex 11.8 14.1 -16.0
endloop
endfacet
facet normal 0.0 0.9994645874763654 -0.03271908282177969
outer loop
vertex 7.800000000000001 6.299999999999999 -16.0
vertex 7.800000000000001 6.308350199369446 -15.744927796002441
vertex 11.8 6.308350199369446 -15.744927796002441
endloop
endfacet
facet normal 0.0 0.9951847266721967 -0.09801714032956037
outer loop
vertex 7.800000000000001 6.308350199369446 -15.744927796002441
vertex 7.800000000000001 6.333365040642139 -15.490947850341799
vertex 11.8 6.333365040642139 -15.490947850341799
endloop
endfacet
facet normal 0.0 0.986643332084879 -0.1628954733945891
outer loop
vertex 7.800000000000001 6.333365040642139 -15.490947850341799
vertex 7.800000000000001 6.374937406427401 -15.2391477441371
vertex 11.8 6.374937406427401 -15.2391477441371
endloop
endfacet
facet normal 0.0 0.9738769792773345 -0.22707626303437
outer loop
vertex 7.800000000000001 6.374937406427401 -15.2391477441371
vertex 7.800000000000001 6.432889277472633 -14.990605724100169
vertex 11.8 6.432889277472633 -14.990605724100169
endloop
endfacet
facet normal 0.0 0.9569403357322082 -0.2902846772544645
outer loop
vertex 7.800000000000001 6.432889277472633 -14.990605724100169
vertex 7.800000000000001 6.506972494969087 -14.74638608531767
vertex 11.8 6.506972494969087 -14.74638608531767
endloop
endfacet
facet normal 0.0 0.9359059267573255 -0.352250047921234
outer loop
vertex 7.800000000000001 6.506972494969087 -14.74638608531767
vertex 7.800000000000001 6.5968698232059815 -14.50753461377615
vertex 11.8 6.5968698232059815 -14.50753461377615
endloop
endfacet
facet normal 0.0 0.9108638249211771 -0.4127070298043919
outer loop
vertex 7.800000000000001 6.5968698232059815 -14.50753461377615
vertex 7.800000000000001 6.702196308022515 -14.275074108145894
vertex 11.8 6.702196308022515 -14.275074108145894
endloop
endfacet
facet normal 0.0 0.8819212643483539 -0.47139673682599964
outer loop
vertex 7.800000000000001 6.702196308022515 -14.275074108145894
vertex 7.800000000000001 6.822500925240688 -14.05
vertex 11.8 6.822500925240688 -14.05
endloop
endfacet
facet normal 0.0 0.8492021815265784 -0.5280678506503688
outer loop
vertex 7.800000000000001 6.822500925240688 -14.05
vertex 7.800000000000001 6.9572685120200735 -13.833276091223551
vertex 11.8 6.9572685120200735 -13.833276091223551
endloop
endfacet
facet normal 0.0 0.8128466845916168 -0.5824776968678
outer loop
vertex 7.800000000000001 6.9572685120200735 -13.833276091223551
vertex 7.800000000000001 7.1059219728641825 -13.625830426865988
vertex 11.8 7.1059219728641825 -13.625830426865988
endloop
endfacet
facet normal 0.0 0.7730104533627353 -0.6343932841636474
outer loop
vertex 7.800000000000001 7.1059219728641825 -13.625830426865988
vertex 7.800000000000001 7.267824750831988 -13.428551321109731
vertex 11.8 7.267824750831988 -13.428551321109731
endloop
endfacet
facet normal 0.0 0.7298640726978358 -0.6835923020228711
outer loop
vertex 7.800000000000001 7.267824750831988 -13.428551321109731
vertex 7.800000000000001 7.442283553372464 -13.242283553372465
vertex 11.8 7.442283553372464 -13.242283553372465
endloop
endfacet
facet normal 0.0 0.6835923020228711 -0.7298640726978358
outer loop
vertex 7.800000000000001 7.442283553372464 -13.242283553372465
vertex 7.800000000000001 7.628551321109731 -13.067824750831988
vertex 11.8 7.628551321109731 -13.067824750831988
endloop
endfacet
facet normal 0.0 0.6343932841636457 -0.7730104533627368
outer loop
vertex 7.800000000000001 7.628551321109731 -13.067824750831988
vertex 7.800000000000001 7.825830426865989 -12.905921972864183
vertex 11.8 7.825830426865989 -12.905921972864183
endloop
endfacet
facet normal 0.0 0.5824776968678017 -0.8128466845916157
outer loop
vertex 7.800000000000001 7.825830426865989 -12.905921972864183
vertex 7.800000000000001 8.03327609122355 -12.757268512020074
vertex 11.8 8.03327609122355 -12.757268512020074
endloop
endfacet
facet normal 0.0 0.5280678506503662 -0.84920218152658
outer loop
vertex 7.800000000000001 8.03327609122355 -12.757268512020074
vertex 7.800000000000001 8.25 -12.62250092524069
vertex 11.8 8.25 -12.62250092524069
endloop
endfacet
facet normal 0.0 0.4713967368260023 -0.8819212643483525
outer loop
vertex 7.800000000000001 8.25 -12.62250092524069
vertex 7.800000000000001 8.475074108145893 -12.502196308022516
vertex 11.8 8.475074108145893 -12.502196308022516
endloop
endfacet
facet normal 0.0 0.4127070298043919 -0.9108638249211771
outer loop
vertex 7.800000000000001 8.475074108145893 -12.502196308022516
vertex 7.800000000000001 8.707534613776149 -12.396869823205982
vertex 11.8 8.707534613776149 -12.396869823205982
endloop
endfacet
facet normal 0.0 0.352250047921234 -0.9359059267573255
outer loop
vertex 7.800000000000001 8.707534613776149 -12.396869823205982
vertex 7.800000000000001 8.94638608531767 -12.306972494969088
vertex 11.8 8.94638608531767 -12.306972494969088
endloop
endfacet
facet normal 0.0 0.2902846772544645 -0.9569403357322082
outer loop
vertex 7.800000000000001 8.94638608531767 -12.306972494969088
vertex 7.800000000000001 9.190605724100168 -12.232889277472633
vertex 11.8 9.190605724100168 -12.232889277472633
endloop
endfacet
facet normal 0.0 0.22707626303437 -0.9738769792773345
outer loop
vertex 7.800000000000001 9.190605724100168 -12.232889277472633
vertex 7.800000000000001 9.439147744137099 -12.174937406427402
vertex 11.8 9.439147744137099 -12.174937406427402
endloop
endfacet
facet normal 0.0 0.1628954733945891 -0.986643332084879
outer loop
vertex 7.800000000000001 9.439147744137099 -12.174937406427402
vertex 7.800000000000001 9.690947850341798 -12.13336504064214
vertex 11.8 9.690947850341798 -12.13336504064214
endloop
endfacet
facet normal 0.0 0.09801714032956037 -0.9951847266721967
outer loop
vertex 7.800000000000001 9.690947850341798 -12.13336504064214
vertex 7.800000000000001 9.94492779600244 -12.108350199369447
vertex 11.8 9.94492779600244 -12.108350199369447
endloop
endfacet
facet normal 0.0 0.03271908282177969 -0.9994645874763654
outer loop
vertex 7.800000000000001 9.94492779600244 -12.108350199369447
vertex 7.800000000000001 10.2 -12.1
vertex 11.8 10.2 -12.1
endloop
endfacet
facet normal 0.0 -0.03271908282177969 -0.9994645874763654
outer loop
vertex 7.800000000000001 10.2 -12.1
vertex 7.800000000000001 10.455072203997558 -12.108350199369447
vertex 11.8 10.455072203997558 -12.108350199369447
endloop
endfacet
facet normal 0.0 -0.09801714032956037 -0.9951847266721967
outer loop
vertex 7.800000000000001 10.455072203997558 -12.108350199369447
vertex 7.800000000000001 10.7090521496582 -12.13336504064214
vertex 11.8 10.7090521496582 -12.13336504064214
endloop
endfacet
facet normal 0.0 -0.1628954733945891 -0.986643332084879
outer loop
vertex 7.800000000000001 10.7090521496582 -12.13336504064214
vertex 7.800000000000001 10.9608522558629 -12.174937406427402
vertex 11.8 10.9608522558629 -12.174937406427402
endloop
endfacet
facet normal 0.0 -0.22707626303437 -0.9738769792773345
outer loop
vertex 7.800000000000001 10.9608522558629 -12.174937406427402
vertex 7.800000000000001 11.20939427589983 -12.232889277472633
vertex 11.8 11.20939427589983 -12.232889277472633
endloop
endfacet
facet normal 0.0 -0.352250047921234 -0.9359059267573255
outer loop
vertex 7.800000000000001 11.69246538622385 -12.396869823205982
vertex 11.8 11.69246538622385 -12.396869823205982
vertex 7.800000000000001 11.453613914682329 -12.306972494969088
endloop
endfacet
facet normal 0.0 -0.2902846772544645 -0.9569403357322082
outer loop
vertex 7.800000000000001 11.20939427589983 -12.232889277472633
vertex 7.800000000000001 11.453613914682329 -12.306972494969088
vertex 11.8 11.453613914682329 -12.306972494969088
endloop
endfacet
facet normal 0.0 -0.9994645874763654 -0.03271908282177969
outer loop
vertex 7.800000000000001 14.1 -16.0
vertex 11.8 14.1 -16.0
vertex 7.800000000000001 14.091649800630552 -15.744927796002441
endloop
endfacet
facet normal 0.0 -0.9951847266721967 -0.09801714032956037
outer loop
vertex 7.800000000000001 14.091649800630552 -15.744927796002441
vertex 11.8 14.091649800630552 -15.744927796002441
vertex 7.800000000000001 14.06663495935786 -15.490947850341799
endloop
endfacet
facet normal 0.0 -0.986643332084879 -0.1628954733945891
outer loop
vertex 7.800000000000001 14.06663495935786 -15.490947850341799
vertex 11.8 14.06663495935786 -15.490947850341799
vertex 7.800000000000001 14.025062593572597 -15.2391477441371
endloop
endfacet
facet normal 0.0 -0.9738769792773345 -0.22707626303437
outer loop
vertex 7.800000000000001 14.025062593572597 -15.2391477441371
vertex 11.8 14.025062593572597 -15.2391477441371
vertex 7.800000000000001 13.967110722527366 -14.990605724100169
endloop
endfacet
facet normal 0.0 -0.9569403357322082 -0.2902846772544645
outer loop
vertex 7.800000000000001 13.967110722527366 -14.990605724100169
vertex 11.8 13.967110722527366 -14.990605724100169
vertex 7.800000000000001 13.893027505030911 -14.74638608531767
endloop
endfacet
facet normal 0.0 -0.9359059267573255 -0.352250047921234
outer loop
vertex 7.800000000000001 13.893027505030911 -14.74638608531767
vertex 11.8 13.893027505030911 -14.74638608531767
vertex 7.800000000000001 13.803130176794017 -14.50753461377615
endloop
endfacet
facet normal 0.0 -0.9108638249211771 -0.4127070298043919
outer loop
vertex 7.800000000000001 13.803130176794017 -14.50753461377615
vertex 11.8 13.803130176794017 -14.50753461377615
vertex 7.800000000000001 13.697803691977484 -14.275074108145894
endloop
endfacet
facet normal 0.0 -0.8819212643483525 -0.4713967368260023
outer loop
vertex 7.800000000000001 13.697803691977484 -14.275074108145894
vertex 11.8 13.697803691977484 -14.275074108145894
vertex 7.800000000000001 13.57749907475931 -14.05
endloop
endfacet
facet normal 0.0 -0.6835923020228711 -0.7298640726978358
outer loop
vertex 7.800000000000001 12.771448678890268 -13.067824750831988
vertex 7.800000000000001 12.957716446627535 -13.242283553372465
vertex 11.8 12.957716446627535 -13.242283553372465
endloop
endfacet
facet normal 0.0 -0.7298640726978358 -0.6835923020228711
outer loop
vertex 7.800000000000001 13.13217524916801 -13.428551321109731
vertex 11.8 13.13217524916801 -13.428551321109731
vertex 7.800000000000001 12.957716446627535 -13.242283553372465
endloop
endfacet
facet normal 0.0 -0.7730104533627353 -0.6343932841636474
outer loop
vertex 7.800000000000001 13.13217524916801 -13.428551321109731
vertex 7.800000000000001 13.294078027135816 -13.625830426865988
vertex 11.8 13.294078027135816 -13.625830426865988
endloop
endfacet
facet normal 0.0 -0.5280678506503662 -0.84920218152658
outer loop
vertex 7.800000000000001 12.149999999999999 -12.62250092524069
vertex 7.800000000000001 12.366723908776448 -12.757268512020074
vertex 11.8 12.366723908776448 -12.757268512020074
endloop
endfacet
facet normal 0.0 -0.4127070298043919 -0.9108638249211771
outer loop
vertex 7.800000000000001 11.69246538622385 -12.396869823205982
vertex 7.800000000000001 11.924925891854105 -12.502196308022516
vertex 11.8 11.924925891854105 -12.502196308022516
endloop
endfacet
facet normal 0.0 -0.4713967368260023 -0.8819212643483525
outer loop
vertex 7.800000000000001 11.924925891854105 -12.502196308022516
vertex 7.800000000000001 12.149999999999999 -12.62250092524069
vertex 11.8 12.149999999999999 -12.62250092524069
endloop
endfacet
facet normal 0.0 -0.6343932841636474 -0.7730104533627353
outer loop
vertex 7.800000000000001 12.771448678890268 -13.067824750831988
vertex 11.8 12.771448678890268 -13.067824750831988
vertex 7.800000000000001 12.57416957313401 -12.905921972864183
endloop
endfacet
facet normal 0.0 -0.5824776968678 -0.8128466845916168
outer loop
vertex 7.800000000000001 12.57416957313401 -12.905921972864183
vertex 11.8 12.57416957313401 -12.905921972864183
vertex 7.800000000000001 12.366723908776448 -12.757268512020074
endloop
endfacet
facet normal 0.0 -0.84920218152658 -0.5280678506503662
outer loop
vertex 7.800000000000001 13.57749907475931 -14.05
vertex 11.8 13.57749907475931 -14.05
vertex 7.800000000000001 13.442731487979925 -13.833276091223551
endloop
endfacet
facet normal 0.0 -0.8128466845916168 -0.5824776968678
outer loop
vertex 7.800000000000001 13.442731487979925 -13.833276091223551
vertex 11.8 13.442731487979925 -13.833276091223551
vertex 7.800000000000001 13.294078027135816 -13.625830426865988
endloop
endfacet
facet normal 0.0 0.9994645874763654 -0.03271908282177969
outer loop
vertex 7.800000000000001 6.299999999999999 -16.0
vertex 11.8 6.308350199369446 -15.744927796002441
vertex 11.8 6.299999999999999 -16.0
endloop
endfacet
facet normal 0.0 0.9951847266721967 -0.09801714032956037
outer loop
vertex 7.800000000000001 6.308350199369446 -15.744927796002441
vertex 11.8 6.333365040642139 -15.490947850341799
vertex 11.8 6.308350199369446 -15.744927796002441
endloop
endfacet
facet normal 0.0 0.986643332084879 -0.1628954733945891
outer loop
vertex 7.800000000000001 6.333365040642139 -15.490947850341799
vertex 11.8 6.374937406427401 -15.2391477441371
vertex 11.8 6.333365040642139 -15.490947850341799
endloop
endfacet
facet normal 0.0 0.9738769792773345 -0.22707626303437
outer loop
vertex 7.800000000000001 6.374937406427401 -15.2391477441371
vertex 11.8 6.432889277472633 -14.990605724100169
vertex 11.8 6.374937406427401 -15.2391477441371
endloop
endfacet
facet normal 0.0 0.9569403357322082 -0.2902846772544645
outer loop
vertex 7.800000000000001 6.432889277472633 -14.990605724100169
vertex 11.8 6.506972494969087 -14.74638608531767
vertex 11.8 6.432889277472633 -14.990605724100169
endloop
endfacet
facet normal 0.0 0.9359059267573255 -0.352250047921234
outer loop
vertex 7.800000000000001 6.506972494969087 -14.74638608531767
vertex 11.8 6.5968698232059815 -14.50753461377615
vertex 11.8 6.506972494969087 -14.74638608531767
endloop
endfacet
facet normal 0.0 0.9108638249211771 -0.4127070298043919
outer loop
vertex 7.800000000000001 6.5968698232059815 -14.50753461377615
vertex 11.8 6.702196308022515 -14.275074108145894
vertex 11.8 6.5968698232059815 -14.50753461377615
endloop
endfacet
facet normal 0.0 0.8819212643483539 -0.47139673682599964
outer loop
vertex 7.800000000000001 6.702196308022515 -14.275074108145894
vertex 11.8 6.822500925240688 -14.05
vertex 11.8 6.702196308022515 -14.275074108145894
endloop
endfacet
facet normal 0.0 0.8492021815265784 -0.5280678506503688
outer loop
vertex 7.800000000000001 6.822500925240688 -14.05
vertex 11.8 6.9572685120200735 -13.833276091223551
vertex 11.8 6.822500925240688 -14.05
endloop
endfacet
facet normal 0.0 0.8128466845916168 -0.5824776968678
outer loop
vertex 7.800000000000001 6.9572685120200735 -13.833276091223551
vertex 11.8 7.1059219728641825 -13.625830426865988
vertex 11.8 6.9572685120200735 -13.833276091223551
endloop
endfacet
facet normal 0.0 0.7730104533627353 -0.6343932841636474
outer loop
vertex 7.800000000000001 7.1059219728641825 -13.625830426865988
vertex 11.8 7.267824750831988 -13.428551321109731
vertex 11.8 7.1059219728641825 -13.625830426865988
endloop
endfacet
facet normal 0.0 0.7298640726978358 -0.6835923020228711
outer loop
vertex 7.800000000000001 7.267824750831988 -13.428551321109731
vertex 11.8 7.442283553372464 -13.242283553372465
vertex 11.8 7.267824750831988 -13.428551321109731
endloop
endfacet
facet normal 0.0 0.6835923020228711 -0.7298640726978358
outer loop
vertex 7.800000000000001 7.442283553372464 -13.242283553372465
vertex 11.8 7.628551321109731 -13.067824750831988
vertex 11.8 7.442283553372464 -13.242283553372465
endloop
endfacet
facet normal 0.0 0.6343932841636457 -0.7730104533627368
outer loop
vertex 7.800000000000001 7.628551321109731 -13.067824750831988
vertex 11.8 7.825830426865989 -12.905921972864183
vertex 11.8 7.628551321109731 -13.067824750831988
endloop
endfacet
facet normal 0.0 0.5824776968678017 -0.8128466845916157
outer loop
vertex 7.800000000000001 7.825830426865989 -12.905921972864183
vertex 11.8 8.03327609122355 -12.757268512020074
vertex 11.8 7.825830426865989 -12.905921972864183
endloop
endfacet
facet normal 0.0 0.5280678506503662 -0.84920218152658
outer loop
vertex 7.800000000000001 8.03327609122355 -12.757268512020074
vertex 11.8 8.25 -12.62250092524069
vertex 11.8 8.03327609122355 -12.757268512020074
endloop
endfacet
facet normal 0.0 0.4713967368260023 -0.8819212643483525
outer loop
vertex 7.800000000000001 8.25 -12.62250092524069
vertex 11.8 8.475074108145893 -12.502196308022516
vertex 11.8 8.25 -12.62250092524069
endloop
endfacet
facet normal 0.0 0.4127070298043919 -0.9108638249211771
outer loop
vertex 7.800000000000001 8.475074108145893 -12.502196308022516
vertex 11.8 8.707534613776149 -12.396869823205982
vertex 11.8 8.475074108145893 -12.502196308022516
endloop
endfacet
facet normal 0.0 0.352250047921234 -0.9359059267573255
outer loop
vertex 7.800000000000001 8.707534613776149 -12.396869823205982
vertex 11.8 8.94638608531767 -12.306972494969088
vertex 11.8 8.707534613776149 -12.396869823205982
endloop
endfacet
facet normal 0.0 0.2902846772544645 -0.9569403357322082
outer loop
vertex 7.800000000000001 8.94638608531767 -12.306972494969088
vertex 11.8 9.190605724100168 -12.232889277472633
vertex 11.8 8.94638608531767 -12.306972494969088
endloop
endfacet
facet normal 0.0 0.22707626303437 -0.9738769792773345
outer loop
vertex 7.800000000000001 9.190605724100168 -12.232889277472633
vertex 11.8 9.439147744137099 -12.174937406427402
vertex 11.8 9.190605724100168 -12.232889277472633
endloop
endfacet
facet normal 0.0 0.1628954733945891 -0.986643332084879
outer loop
vertex 7.800000000000001 9.439147744137099 -12.174937406427402
vertex 11.8 9.690947850341798 -12.13336504064214
vertex 11.8 9.439147744137099 -12.174937406427402
endloop
endfacet
facet normal 0.0 0.09801714032956037 -0.9951847266721967
outer loop
vertex 7.800000000000001 9.690947850341798 -12.13336504064214
vertex 11.8 9.94492779600244 -12.108350199369447
vertex 11.8 9.690947850341798 -12.13336504064214
endloop
endfacet
facet normal 0.0 0.03271908282177969 -0.9994645874763654
outer loop
vertex 7.800000000000001 9.94492779600244 -12.108350199369447
vertex 11.8 10.2 -12.1
vertex 11.8 9.94492779600244 -12.108350199369447
endloop
endfacet
facet normal 0.0 -0.03271908282177969 -0.9994645874763654
outer loop
vertex 7.800000000000001 10.2 -12.1
vertex 11.8 10.455072203997558 -12.108350199369447
vertex 11.8 10.2 -12.1
endloop
endfacet
facet normal 0.0 -0.09801714032956037 -0.9951847266721967
outer loop
vertex 7.800000000000001 10.455072203997558 -12.108350199369447
vertex 11.8 10.7090521496582 -12.13336504064214
vertex 11.8 10.455072203997558 -12.108350199369447
endloop
endfacet
facet normal 0.0 -0.1628954733945891 -0.986643332084879
outer loop
vertex 7.800000000000001 10.7090521496582 -12.13336504064214
vertex 11.8 10.9608522558629 -12.174937406427402
vertex 11.8 10.7090521496582 -12.13336504064214
endloop
endfacet
facet normal 0.0 -0.22707626303437 -0.9738769792773345
outer loop
vertex 7.800000000000001 10.9608522558629 -12.174937406427402
vertex 11.8 11.20939427589983 -12.232889277472633
vertex 11.8 10.9608522558629 -12.174937406427402
endloop
endfacet
facet normal 0.0 -0.2902846772544645 -0.9569403357322082
outer loop
vertex 7.800000000000001 11.20939427589983 -12.232889277472633
vertex 11.8 11.453613914682329 -12.306972494969088
vertex 11.8 11.20939427589983 -12.232889277472633
endloop
endfacet
facet normal 0.0 -0.352250047921234 -0.9359059267573255
outer loop
vertex 7.800000000000001 11.453613914682329 -12.306972494969088
vertex 11.8 11.69246538622385 -12.396869823205982
vertex 11.8 11.453613914682329 -12.306972494969088
endloop
endfacet
facet normal 0.0 -0.9994645874763654 -0.03271908282177969
outer loop
vertex 7.800000000000001 14.091649800630552 -15.744927796002441
vertex 11.8 14.1 -16.0
vertex 11.8 14.091649800630552 -15.744927796002441
endloop
endfacet
facet normal 0.0 -0.9951847266721967 -0.09801714032956037
outer loop
vertex 7.800000000000001 14.06663495935786 -15.490947850341799
vertex 11.8 14.091649800630552 -15.744927796002441
vertex 11.8 14.06663495935786 -15.490947850341799
endloop
endfacet
facet normal 0.0 -0.986643332084879 -0.1628954733945891
outer loop
vertex 7.800000000000001 14.025062593572597 -15.2391477441371
vertex 11.8 14.06663495935786 -15.490947850341799
vertex 11.8 14.025062593572597 -15.2391477441371
endloop
endfacet
facet normal 0.0 -0.9738769792773345 -0.22707626303437
outer loop
vertex 7.800000000000001 13.967110722527366 -14.990605724100169
vertex 11.8 14.025062593572597 -15.2391477441371
vertex 11.8 13.967110722527366 -14.990605724100169
endloop
endfacet
facet normal 0.0 -0.9569403357322082 -0.2902846772544645
outer loop
vertex 7.800000000000001 13.893027505030911 -14.74638608531767
vertex 11.8 13.967110722527366 -14.990605724100169
vertex 11.8 13.893027505030911 -14.74638608531767
endloop
endfacet
facet normal 0.0 -0.9359059267573255 -0.352250047921234
outer loop
vertex 7.800000000000001 13.803130176794017 -14.50753461377615
vertex 11.8 13.893027505030911 -14.74638608531767
vertex 11.8 13.803130176794017 -14.50753461377615
endloop
endfacet
facet normal 0.0 -0.9108638249211771 -0.4127070298043919
outer loop
vertex 7.800000000000001 13.697803691977484 -14.275074108145894
vertex 11.8 13.803130176794017 -14.50753461377615
vertex 11.8 13.697803691977484 -14.275074108145894
endloop
endfacet
facet normal 0.0 -0.8819212643483525 -0.4713967368260023
outer loop
vertex 7.800000000000001 13.57749907475931 -14.05
vertex 11.8 13.697803691977484 -14.275074108145894
vertex 11.8 13.57749907475931 -14.05
endloop
endfacet
facet normal 0.0 -0.8128466845916168 -0.5824776968678
outer loop
vertex 7.800000000000001 13.294078027135816 -13.625830426865988
vertex 11.8 13.442731487979925 -13.833276091223551
vertex 11.8 13.294078027135816 -13.625830426865988
endloop
endfacet
facet normal 0.0 -0.6835923020228711 -0.7298640726978358
outer loop
vertex 7.800000000000001 12.771448678890268 -13.067824750831988
vertex 11.8 12.957716446627535 -13.242283553372465
vertex 11.8 12.771448678890268 -13.067824750831988
endloop
endfacet
facet normal 0.0 -0.7730104533627353 -0.6343932841636474
outer loop
vertex 7.800000000000001 13.13217524916801 -13.428551321109731
vertex 11.8 13.294078027135816 -13.625830426865988
vertex 11.8 13.13217524916801 -13.428551321109731
endloop
endfacet
facet normal 0.0 -0.7298640726978358 -0.6835923020228711
outer loop
vertex 7.800000000000001 12.957716446627535 -13.242283553372465
vertex 11.8 13.13217524916801 -13.428551321109731
vertex 11.8 12.957716446627535 -13.242283553372465
endloop
endfacet
facet normal 0.0 -0.5280678506503662 -0.84920218152658
outer loop
vertex 7.800000000000001 12.149999999999999 -12.62250092524069
vertex 11.8 12.366723908776448 -12.757268512020074
vertex 11.8 12.149999999999999 -12.62250092524069
endloop
endfacet
facet normal 0.0 -0.5824776968678 -0.8128466845916168
outer loop
vertex 7.800000000000001 12.366723908776448 -12.757268512020074
vertex 11.8 12.57416957313401 -12.905921972864183
vertex 11.8 12.366723908776448 -12.757268512020074
endloop
endfacet
facet normal 0.0 -0.4127070298043919 -0.9108638249211771
outer loop
vertex 7.800000000000001 11.69246538622385 -12.396869823205982
vertex 11.8 11.924925891854105 -12.502196308022516
vertex 11.8 11.69246538622385 -12.396869823205982
endloop
endfacet
facet normal 0.0 -0.4713967368260023 -0.8819212643483525
outer loop
vertex 7.800000000000001 11.924925891854105 -12.502196308022516
vertex 11.8 12.149999999999999 -12.62250092524069
vertex 11.8 11.924925891854105 -12.502196308022516
endloop
endfacet
facet normal 0.0 -0.6343932841636474 -0.7730104533627353
outer loop
vertex 7.800000000000001 12.57416957313401 -12.905921972864183
vertex 11.8 12.771448678890268 -13.067824750831988
vertex 11.8 12.57416957313401 -12.905921972864183
endloop
endfacet
facet normal 0.0 -0.84920218152658 -0.5280678506503662
outer loop
vertex 7.800000000000001 13.442731487979925 -13.833276091223551
vertex 11.8 13.57749907475931 -14.05
vertex 11.8 13.442731487979925 -13.833276091223551
endloop
endfacet
facet normal 0.956940335732243 -8.499337551379588e-15 -0.29028467725434987
outer loop
vertex 5.632674676262235 24.7 -19.196401336742095
vertex 5.631583033697531 24.7 -19.2
vertex 5.631583033697532 24.8 -19.2
endloop
endfacet
facet normal 0.9569403357322103 0.0 0.2902846772544578
outer loop
vertex 5.632674676262235 31.7 -20.803598663257905
vertex 5.58518543427733 24.8 -20.647047612756303
vertex 5.632674676262235 24.8 -20.803598663257905
endloop
endfacet
facet normal 0.9866433320848794 0.0 0.16289547339458677
outer loop
vertex 5.548036798991924 31.7 -20.48772580504032
vertex 5.521387846565474 24.8 -20.32631548055013
vertex 5.548036798991924 24.8 -20.48772580504032
endloop
endfacet
facet normal 0.9738769792773337 0.0 0.22707626303437276
outer loop
vertex 5.58518543427733 31.7 -20.647047612756303
vertex 5.548036798991924 24.8 -20.48772580504032
vertex 5.58518543427733 24.8 -20.647047612756303
endloop
endfacet
facet normal 0.9994645874763657 0.0 0.03271908282177615
outer loop
vertex 5.505352691903491 31.7 -20.163507823075356
vertex 5.5 24.8 -20.0
vertex 5.505352691903491 24.8 -20.163507823075356
endloop
endfacet
facet normal 0.9994645874763657 0.0 -0.03271908282177615
outer loop
vertex 5.5 31.7 -20.0
vertex 5.505352691903491 24.8 -19.836492176924644
vertex 5.5 24.8 -20.0
endloop
endfacet
facet normal 0.9951847266721966 0.0 0.09801714032956305
outer loop
vertex 5.521387846565474 31.7 -20.32631548055013
vertex 5.505352691903491 24.8 -20.163507823075356
vertex 5.521387846565474 24.8 -20.32631548055013
endloop
endfacet
facet normal 0.9359059267573245 0.0 0.3522500479212365
outer loop
vertex 5.690301168721783 31.7 -20.956708580912725
vertex 5.632674676262235 24.8 -20.803598663257905
vertex 5.690301168721783 24.8 -20.956708580912725
endloop
endfacet
facet normal 0.910863824921175 0.0 0.41270702980439666
outer loop
vertex 5.75781814616828 31.7 -21.105721725547504
vertex 5.690301168721783 24.8 -20.956708580912725
vertex 5.75781814616828 24.8 -21.105721725547504
endloop
endfacet
facet normal 0.8819212643483567 0.0 0.4713967368259944
outer loop
vertex 5.834936490538903 31.7 -21.25
vertex 5.75781814616828 24.8 -21.105721725547504
vertex 5.834936490538903 24.8 -21.25
endloop
endfacet
facet normal 0.8128466845916116 0.0 0.5824776968678074
outer loop
vertex 6.016616649271912 31.7 -21.5219035725218
vertex 5.921325969243637 24.8 -21.388925582549007
vertex 6.016616649271912 24.8 -21.5219035725218
endloop
endfacet
facet normal 0.7730104533627373 0.0 0.634393284163645
outer loop
vertex 6.120400481302557 31.7 -21.648364537750172
vertex 6.016616649271912 24.8 -21.5219035725218
vertex 6.120400481302557 24.8 -21.648364537750172
endloop
endfacet
facet normal 0.8492021815265793 0.0 0.5280678506503672
outer loop
vertex 5.921325969243637 31.7 -21.388925582549007
vertex 5.834936490538903 24.8 -21.25
vertex 5.921325969243637 24.8 -21.388925582549007
endloop
endfacet
facet normal 0.9569403357322103 0.0 0.2902846772544578
outer loop
vertex 5.58518543427733 31.7 -20.647047612756303
vertex 5.58518543427733 24.8 -20.647047612756303
vertex 5.632674676262235 31.7 -20.803598663257905
endloop
endfacet
facet normal 0.9738769792773337 0.0 0.22707626303437276
outer loop
vertex 5.548036798991924 31.7 -20.48772580504032
vertex 5.548036798991924 24.8 -20.48772580504032
vertex 5.58518543427733 31.7 -20.647047612756303
endloop
endfacet
facet normal 0.9994645874763657 0.0 0.03271908282177615
outer loop
vertex 5.505352691903491 31.7 -20.163507823075356
vertex 5.5 31.7 -20.0
vertex 5.5 24.8 -20.0
endloop
endfacet
facet normal 0.9866433320848794 0.0 0.16289547339458677
outer loop
vertex 5.548036798991924 31.7 -20.48772580504032
vertex 5.521387846565474 31.7 -20.32631548055013
vertex 5.521387846565474 24.8 -20.32631548055013
endloop
endfacet
facet normal 0.9951847266721966 0.0 0.09801714032956305
outer loop
vertex 5.521387846565474 31.7 -20.32631548055013
vertex 5.505352691903491 31.7 -20.163507823075356
vertex 5.505352691903491 24.8 -20.163507823075356
endloop
endfacet
facet normal 0.910863824921175 0.0 0.41270702980439666
outer loop
vertex 5.75781814616828 31.7 -21.105721725547504
vertex 5.690301168721783 31.7 -20.956708580912725
vertex 5.690301168721783 24.8 -20.956708580912725
endloop
endfacet
facet normal 0.8819212643483567 0.0 0.4713967368259944
outer loop
vertex 5.75781814616828 31.7 -21.105721725547504
vertex 5.75781814616828 24.8 -21.105721725547504
vertex 5.834936490538903 31.7 -21.25
endloop
endfacet
facet normal 0.8128466845916116 0.0 0.5824776968678074
outer loop
vertex 6.016616649271912 31.7 -21.5219035725218
vertex 5.921325969243637 31.7 -21.388925582549007
vertex 5.921325969243637 24.8 -21.388925582549007
endloop
endfacet
facet normal 0.7730104533627373 0.0 0.634393284163645
outer loop
vertex 6.016616649271912 31.7 -21.5219035725218
vertex 6.016616649271912 24.8 -21.5219035725218
vertex 6.120400481302557 31.7 -21.648364537750172
endloop
endfacet
facet normal 0.8492021815265793 0.0 0.5280678506503672
outer loop
vertex 5.921325969243637 31.7 -21.388925582549007
vertex 5.834936490538903 31.7 -21.25
vertex 5.834936490538903 24.8 -21.25
endloop
endfacet
facet normal 0.9359059267573245 0.0 0.3522500479212365
outer loop
vertex 5.632674676262235 31.7 -20.803598663257905
vertex 5.632674676262235 24.8 -20.803598663257905
vertex 5.690301168721783 31.7 -20.956708580912725
endloop
endfacet
facet normal 0.9951847266721966 0.0 -0.09801714032956305
outer loop
vertex 5.505352691903491 31.7 -19.836492176924644
vertex 5.521387846565474 24.8 -19.67368451944987
vertex 5.505352691903491 24.8 -19.836492176924644
endloop
endfacet
facet normal 0.9866433320848794 0.0 -0.16289547339458677
outer loop
vertex 5.521387846565474 31.7 -19.67368451944987
vertex 5.548036798991924 24.8 -19.51227419495968
vertex 5.521387846565474 24.8 -19.67368451944987
endloop
endfacet
facet normal 0.9738769792773337 0.0 -0.22707626303437276
outer loop
vertex 5.548036798991924 31.7 -19.51227419495968
vertex 5.58518543427733 24.8 -19.352952387243697
vertex 5.548036798991924 24.8 -19.51227419495968
endloop
endfacet
facet normal 0.956940335732208 0.0 -0.29028467725446544
outer loop
vertex 5.58518543427733 31.7 -19.352952387243697
vertex 5.631583033697532 24.8 -19.2
vertex 5.58518543427733 24.8 -19.352952387243697
endloop
endfacet
facet normal 0.9569403357324701 2.092053391219803e-14 -0.29028467725360124
outer loop
vertex 5.632674676262235 24.7 -19.196401336742095
vertex 5.631583033697532 24.8 -19.2
vertex 5.58518543427733 31.7 -19.352952387243697
endloop
endfacet
facet normal 0.9359059267573245 0.0 -0.3522500479212365
outer loop
vertex 5.632674676262235 24.7 -19.196401336742095
vertex 5.632674676262235 31.7 -19.196401336742095
vertex 5.690301168721783 24.7 -19.043291419087275
endloop
endfacet
facet normal 0.9108638249211751 0.0 -0.4127070298043966
outer loop
vertex 5.690301168721783 24.7 -19.043291419087275
vertex 5.690301168721783 31.7 -19.043291419087275
vertex 5.75781814616828 24.7 -18.894278274452496
endloop
endfacet
facet normal 0.8819212643483566 0.0 -0.47139673682599437
outer loop
vertex 5.75781814616828 24.7 -18.894278274452496
vertex 5.75781814616828 31.7 -18.894278274452496
vertex 5.834936490538903 24.7 -18.75
endloop
endfacet
facet normal 0.8492021815265793 0.0 -0.5280678506503673
outer loop
vertex 5.834936490538903 24.7 -18.75
vertex 5.834936490538903 31.7 -18.75
vertex 5.921325969243637 24.7 -18.611074417450993
endloop
endfacet
facet normal 0.8128466845916116 0.0 -0.5824776968678073
outer loop
vertex 5.921325969243637 24.7 -18.611074417450993
vertex 5.921325969243637 31.7 -18.611074417450993
vertex 6.016616649271912 24.7 -18.4780964274782
endloop
endfacet
facet normal 0.7730104533627372 0.0 -0.634393284163645
outer loop
vertex 6.016616649271912 24.7 -18.4780964274782
vertex 6.016616649271912 31.7 -18.4780964274782
vertex 6.120400481302557 24.7 -18.351635462249828
endloop
endfacet
facet normal 0.9994645874763657 0.0 -0.03271908282177615
outer loop
vertex 5.5 31.7 -20.0
vertex 5.505352691903491 31.7 -19.836492176924644
vertex 5.505352691903491 24.8 -19.836492176924644
endloop
endfacet
facet normal 0.9951847266721966 0.0 -0.09801714032956305
outer loop
vertex 5.505352691903491 31.7 -19.836492176924644
vertex 5.521387846565474 31.7 -19.67368451944987
vertex 5.521387846565474 24.8 -19.67368451944987
endloop
endfacet
facet normal 0.9866433320848794 0.0 -0.16289547339458677
outer loop
vertex 5.521387846565474 31.7 -19.67368451944987
vertex 5.548036798991924 31.7 -19.51227419495968
vertex 5.548036798991924 24.8 -19.51227419495968
endloop
endfacet
facet normal 0.9569403357322103 0.0 -0.2902846772544578
outer loop
vertex 5.632674676262235 24.7 -19.196401336742095
vertex 5.58518543427733 31.7 -19.352952387243697
vertex 5.632674676262235 31.7 -19.196401336742095
endloop
endfacet
facet normal 0.9738769792773337 0.0 -0.22707626303437276
outer loop
vertex 5.548036798991924 31.7 -19.51227419495968
vertex 5.58518543427733 31.7 -19.352952387243697
vertex 5.58518543427733 24.8 -19.352952387243697
endloop
endfacet
facet normal 0.9359059267573245 0.0 -0.3522500479212365
outer loop
vertex 5.690301168721783 24.7 -19.043291419087275
vertex 5.632674676262235 31.7 -19.196401336742095
vertex 5.690301168721783 31.7 -19.043291419087275
endloop
endfacet
facet normal 0.9108638249211751 0.0 -0.4127070298043966
outer loop
vertex 5.75781814616828 24.7 -18.894278274452496
vertex 5.690301168721783 31.7 -19.043291419087275
vertex 5.75781814616828 31.7 -18.894278274452496
endloop
endfacet
facet normal 0.8819212643483566 0.0 -0.47139673682599437
outer loop
vertex 5.834936490538903 24.7 -18.75
vertex 5.75781814616828 31.7 -18.894278274452496
vertex 5.834936490538903 31.7 -18.75
endloop
endfacet
facet normal 0.8492021815265793 0.0 -0.5280678506503673
outer loop
vertex 5.921325969243637 24.7 -18.611074417450993
vertex 5.834936490538903 31.7 -18.75
vertex 5.921325969243637 31.7 -18.611074417450993
endloop
endfacet
facet normal 0.8128466845916116 0.0 -0.5824776968678073
outer loop
vertex 6.016616649271912 24.7 -18.4780964274782
vertex 5.921325969243637 31.7 -18.611074417450993
vertex 6.016616649271912 31.7 -18.4780964274782
endloop
endfacet
facet normal 0.7730104533627372 0.0 -0.634393284163645
outer loop
vertex 6.016616649271912 31.7 -18.4780964274782
vertex 6.120400481302557 31.7 -18.351635462249828
vertex 6.120400481302557 24.7 -18.351635462249828
endloop
endfacet
facet normal 0.0 1.0 0.0
outer loop
vertex 5.632674676262235 24.7 -19.196401336742095
vertex 10.368416966302469 24.7 -19.2
vertex 5.631583033697531 24.7 -19.2
endloop
endfacet
facet normal -0.0 1.0 0.0
outer loop
vertex 5.632674676262235 24.7 -19.196401336742095
vertex 5.690301168721783 24.7 -19.043291419087275
vertex 10.368416966302469 24.7 -19.2
endloop
endfacet
facet normal -0.0 0.9999999999999999 0.0
outer loop
vertex 5.690301168721783 24.7 -19.043291419087275
vertex 5.75781814616828 24.7 -18.894278274452496
vertex 10.368416966302469 24.7 -19.2
endloop
endfacet
facet normal -0.0 0.9999999999999999 0.0
outer loop
vertex 5.75781814616828 24.7 -18.894278274452496
vertex 5.834936490538903 24.7 -18.75
vertex 10.368416966302469 24.7 -19.2
endloop
endfacet
facet normal -0.0 1.0 0.0
outer loop
vertex 5.834936490538903 24.7 -18.75
vertex 5.921325969243637 24.7 -18.611074417450993
vertex 10.368416966302469 24.7 -19.2
endloop
endfacet
facet normal -0.0 1.0 0.0
outer loop
vertex 5.921325969243637 24.7 -18.611074417450993
vertex 6.016616649271912 24.7 -18.4780964274782
vertex 10.368416966302469 24.7 -19.2
endloop
endfacet
facet normal -0.0 1.0 0.0
outer loop
vertex 6.016616649271912 24.7 -18.4780964274782
vertex 6.120400481302557 24.7 -18.351635462249828
vertex 10.368416966302469 24.7 -19.2
endloop
endfacet
facet normal -0.0 1.0 0.0
outer loop
vertex 6.120400481302557 24.7 -18.351635462249828
vertex 6.232233047033631 24.7 -18.23223304703363
vertex 10.368416966302469 24.7 -19.2
endloop
endfacet
facet normal -0.0 1.0 0.0
outer loop
vertex 6.232233047033631 24.7 -18.23223304703363
vertex 6.351635462249828 24.7 -18.120400481302557
vertex 10.368416966302469 24.7 -19.2
endloop
endfacet
facet normal -0.0 1.0 0.0
outer loop
vertex 6.351635462249828 24.7 -18.120400481302557
vertex 6.4780964274781985 24.7 -18.016616649271914
vertex 10.368416966302469 24.7 -19.2
endloop
endfacet
facet normal -0.0 1.0 0.0
outer loop
vertex 6.4780964274781985 24.7 -18.016616649271914
vertex 6.611074417450995 24.7 -17.921325969243636
vertex 10.368416966302469 24.7 -19.2
endloop
endfacet
facet normal -0.0 1.0 0.0
outer loop
vertex 6.611074417450995 24.7 -17.921325969243636
vertex 6.75 24.7 -17.834936490538905
vertex 10.368416966302469 24.7 -19.2
endloop
endfacet
facet normal 0.6343932841636413 0.0 0.7730104533627404
outer loop
vertex 6.4780964274781985 31.7 -21.983383350728086
vertex 6.351635462249828 24.8 -21.879599518697443
vertex 6.4780964274781985 24.8 -21.983383350728086
endloop
endfacet
facet normal 0.5824776968678103 0.0 0.8128466845916092
outer loop
vertex 6.611074417450995 31.7 -22.078674030756364
vertex 6.4780964274781985 24.8 -21.983383350728086
vertex 6.611074417450995 24.8 -22.078674030756364
endloop
endfacet
facet normal 0.5280678506503604 0.0 0.8492021815265836
outer loop
vertex 6.75 31.7 -22.165063509461095
vertex 6.611074417450995 24.8 -22.078674030756364
vertex 6.75 24.8 -22.165063509461095
endloop
endfacet
facet normal 0.4713967368260029 0.0 0.8819212643483523
outer loop
vertex 6.894278274452496 31.7 -22.24218185383172
vertex 6.75 24.8 -22.165063509461095
vertex 6.894278274452496 24.8 -22.24218185383172
endloop
endfacet
facet normal 0.4127070298044056 0.0 0.9108638249211709
outer loop
vertex 7.043291419087275 31.7 -22.30969883127822
vertex 6.894278274452496 24.8 -22.24218185383172
vertex 7.043291419087275 24.8 -22.30969883127822
endloop
endfacet
facet normal 0.729864072697837 0.0 0.6835923020228699
outer loop
vertex 6.232233047033631 31.7 -21.76776695296637
vertex 6.120400481302557 24.8 -21.648364537750172
vertex 6.232233047033631 24.8 -21.76776695296637
endloop
endfacet
facet normal 0.6835923020228699 0.0 0.729864072697837
outer loop
vertex 6.351635462249828 31.7 -21.879599518697443
vertex 6.232233047033631 24.8 -21.76776695296637
vertex 6.351635462249828 24.8 -21.879599518697443
endloop
endfacet
facet normal 0.6343932841636413 0.0 0.7730104533627404
outer loop
vertex 6.4780964274781985 31.7 -21.983383350728086
vertex 6.351635462249828 31.7 -21.879599518697443
vertex 6.351635462249828 24.8 -21.879599518697443
endloop
endfacet
facet normal 0.5824776968678103 0.0 0.8128466845916092
outer loop
vertex 6.4780964274781985 31.7 -21.983383350728086
vertex 6.4780964274781985 24.8 -21.983383350728086
vertex 6.611074417450995 31.7 -22.078674030756364
endloop
endfacet
facet normal 0.5280678506503604 0.0 0.8492021815265836
outer loop
vertex 6.611074417450995 31.7 -22.078674030756364
vertex 6.611074417450995 24.8 -22.078674030756364
vertex 6.75 31.7 -22.165063509461095
endloop
endfacet
facet normal 0.4713967368260029 0.0 0.8819212643483523
outer loop
vertex 6.75 31.7 -22.165063509461095
vertex 6.75 24.8 -22.165063509461095
vertex 6.894278274452496 31.7 -22.24218185383172
endloop
endfacet
facet normal 0.4127070298044056 0.0 0.9108638249211709
outer loop
vertex 6.894278274452496 31.7 -22.24218185383172
vertex 6.894278274452496 24.8 -22.24218185383172
vertex 7.043291419087275 31.7 -22.30969883127822
endloop
endfacet
facet normal 0.729864072697837 0.0 0.6835923020228699
outer loop
vertex 6.120400481302557 31.7 -21.648364537750172
vertex 6.120400481302557 24.8 -21.648364537750172
vertex 6.232233047033631 31.7 -21.76776695296637
endloop
endfacet
facet normal 0.6835923020228699 0.0 0.729864072697837
outer loop
vertex 6.232233047033631 31.7 -21.76776695296637
vertex 6.232233047033631 24.8 -21.76776695296637
vertex 6.351635462249828 31.7 -21.879599518697443
endloop
endfacet
facet normal 0.3522500479212157 0.0 0.9359059267573325
outer loop
vertex 7.196401336742096 31.7 -22.367325323737763
vertex 7.043291419087275 24.8 -22.30969883127822
vertex 7.196401336742096 24.8 -22.367325323737763
endloop
endfacet
facet normal 0.2902846772544762 0.0 0.9569403357322046
outer loop
vertex 7.352952387243699 31.7 -22.414814565722672
vertex 7.196401336742096 24.8 -22.367325323737763
vertex 7.352952387243699 24.8 -22.414814565722672
endloop
endfacet
facet normal 0.22707626303437115 0.0 0.9738769792773341
outer loop
vertex 7.512274194959679 31.7 -22.451963201008077
vertex 7.352952387243699 24.8 -22.414814565722672
vertex 7.512274194959679 24.8 -22.451963201008077
endloop
endfacet
facet normal 0.1628954733945806 0.0 0.9866433320848804
outer loop
vertex 7.673684519449871 31.7 -22.478612153434526
vertex 7.512274194959679 24.8 -22.451963201008077
vertex 7.673684519449871 24.8 -22.478612153434526
endloop
endfacet
facet normal 0.0980171403295743 0.0 0.9951847266721954
outer loop
vertex 7.836492176924643 31.7 -22.49464730809651
vertex 7.673684519449871 24.8 -22.478612153434526
vertex 7.836492176924643 24.8 -22.49464730809651
endloop
endfacet
facet normal 0.03271908282176512 0.0 0.999464587476366
outer loop
vertex 8.0 31.7 -22.5
vertex 7.836492176924643 24.8 -22.49464730809651
vertex 8.0 24.8 -22.5
endloop
endfacet
facet normal 0.2902846772544762 0.0 0.9569403357322046
outer loop
vertex 7.196401336742096 31.7 -22.367325323737763
vertex 7.196401336742096 24.8 -22.367325323737763
vertex 7.352952387243699 31.7 -22.414814565722672
endloop
endfacet
facet normal 0.3522500479212157 0.0 0.9359059267573325
outer loop
vertex 7.043291419087275 31.7 -22.30969883127822
vertex 7.043291419087275 24.8 -22.30969883127822
vertex 7.196401336742096 31.7 -22.367325323737763
endloop
endfacet
facet normal 0.22707626303437115 0.0 0.9738769792773341
outer loop
vertex 7.512274194959679 31.7 -22.451963201008077
vertex 7.352952387243699 31.7 -22.414814565722672
vertex 7.352952387243699 24.8 -22.414814565722672
endloop
endfacet
facet normal 0.1628954733945806 0.0 0.9866433320848804
outer loop
vertex 7.512274194959679 31.7 -22.451963201008077
vertex 7.512274194959679 24.8 -22.451963201008077
vertex 7.673684519449871 31.7 -22.478612153434526
endloop
endfacet
facet normal 0.0980171403295743 0.0 0.9951847266721954
outer loop
vertex 7.673684519449871 31.7 -22.478612153434526
vertex 7.673684519449871 24.8 -22.478612153434526
vertex 7.836492176924643 31.7 -22.49464730809651
endloop
endfacet
facet normal 0.03271908282176512 0.0 0.999464587476366
outer loop
vertex 7.836492176924643 31.7 -22.49464730809651
vertex 7.836492176924643 24.8 -22.49464730809651
vertex 8.0 31.7 -22.5
endloop
endfacet
facet normal 0.729864072697837 0.0 -0.6835923020228698
outer loop
vertex 6.120400481302557 24.7 -18.351635462249828
vertex 6.120400481302557 31.7 -18.351635462249828
vertex 6.232233047033631 24.7 -18.23223304703363
endloop
endfacet
facet normal 0.6835923020228698 0.0 -0.729864072697837
outer loop
vertex 6.232233047033631 24.7 -18.23223304703363
vertex 6.232233047033631 31.7 -18.23223304703363
vertex 6.351635462249828 24.7 -18.120400481302557
endloop
endfacet
facet normal 0.6343932841636413 0.0 -0.7730104533627404
outer loop
vertex 6.351635462249828 24.7 -18.120400481302557
vertex 6.351635462249828 31.7 -18.120400481302557
vertex 6.4780964274781985 24.7 -18.016616649271914
endloop
endfacet
facet normal 0.5824776968678104 0.0 -0.8128466845916095
outer loop
vertex 6.4780964274781985 24.7 -18.016616649271914
vertex 6.4780964274781985 31.7 -18.016616649271914
vertex 6.611074417450995 24.7 -17.921325969243636
endloop
endfacet
facet normal 0.5280678506503604 0.0 -0.8492021815265836
outer loop
vertex 6.611074417450995 24.7 -17.921325969243636
vertex 6.611074417450995 31.7 -17.921325969243636
vertex 6.75 24.7 -17.834936490538905
endloop
endfacet
facet normal 0.4713967368260029 0.0 -0.8819212643483523
outer loop
vertex 6.75 24.7 -17.834936490538905
vertex 6.75 31.7 -17.834936490538905
vertex 6.894278274452496 24.7 -17.75781814616828
endloop
endfacet
facet normal 0.41270702980440566 0.0 -0.910863824921171
outer loop
vertex 6.894278274452496 24.7 -17.75781814616828
vertex 6.894278274452496 31.7 -17.75781814616828
vertex 7.043291419087275 24.7 -17.69030116872178
endloop
endfacet
facet normal 0.729864072697837 0.0 -0.6835923020228698
outer loop
vertex 6.232233047033631 24.7 -18.23223304703363
vertex 6.120400481302557 31.7 -18.351635462249828
vertex 6.232233047033631 31.7 -18.23223304703363
endloop
endfacet
facet normal 0.6835923020228698 0.0 -0.729864072697837
outer loop
vertex 6.351635462249828 24.7 -18.120400481302557
vertex 6.232233047033631 31.7 -18.23223304703363
vertex 6.351635462249828 31.7 -18.120400481302557
endloop
endfacet
facet normal 0.6343932841636413 0.0 -0.7730104533627404
outer loop
vertex 6.4780964274781985 24.7 -18.016616649271914
vertex 6.351635462249828 31.7 -18.120400481302557
vertex 6.4780964274781985 31.7 -18.016616649271914
endloop
endfacet
facet normal 0.5824776968678104 0.0 -0.8128466845916095
outer loop
vertex 6.611074417450995 24.7 -17.921325969243636
vertex 6.4780964274781985 31.7 -18.016616649271914
vertex 6.611074417450995 31.7 -17.921325969243636
endloop
endfacet
facet normal 0.5280678506503604 0.0 -0.8492021815265836
outer loop
vertex 6.75 24.7 -17.834936490538905
vertex 6.611074417450995 31.7 -17.921325969243636
vertex 6.75 31.7 -17.834936490538905
endloop
endfacet
facet normal 0.4713967368260029 0.0 -0.8819212643483523
outer loop
vertex 6.894278274452496 24.7 -17.75781814616828
vertex 6.75 31.7 -17.834936490538905
vertex 6.894278274452496 31.7 -17.75781814616828
endloop
endfacet
facet normal 0.41270702980440566 0.0 -0.910863824921171
outer loop
vertex 7.043291419087275 24.7 -17.69030116872178
vertex 6.894278274452496 31.7 -17.75781814616828
vertex 7.043291419087275 31.7 -17.69030116872178
endloop
endfacet
facet normal 0.35225004792121567 0.0 -0.9359059267573324
outer loop
vertex 7.043291419087275 24.7 -17.69030116872178
vertex 7.043291419087275 31.7 -17.69030116872178
vertex 7.196401336742096 24.7 -17.632674676262237
endloop
endfacet
facet normal 0.2902846772544762 0.0 -0.9569403357322047
outer loop
vertex 7.196401336742096 24.7 -17.632674676262237
vertex 7.196401336742096 31.7 -17.632674676262237
vertex 7.352952387243699 24.7 -17.585185434277328
endloop
endfacet
facet normal 0.22707626303437117 0.0 -0.9738769792773341
outer loop
vertex 7.352952387243699 24.7 -17.585185434277328
vertex 7.352952387243699 31.7 -17.585185434277328
vertex 7.512274194959679 24.7 -17.548036798991923
endloop
endfacet
facet normal 0.16289547339458058 0.0 -0.9866433320848804
outer loop
vertex 7.512274194959679 24.7 -17.548036798991923
vertex 7.512274194959679 31.7 -17.548036798991923
vertex 7.673684519449871 24.7 -17.521387846565474
endloop
endfacet
facet normal 0.09801714032957433 0.0 -0.9951847266721955
outer loop
vertex 7.673684519449871 24.7 -17.521387846565474
vertex 7.673684519449871 31.7 -17.521387846565474
vertex 7.836492176924643 24.7 -17.50535269190349
endloop
endfacet
facet normal 0.03271908282176512 0.0 -0.9994645874763659
outer loop
vertex 7.836492176924643 24.7 -17.50535269190349
vertex 7.836492176924643 31.7 -17.50535269190349
vertex 8.0 24.7 -17.5
endloop
endfacet
facet normal 0.35225004792121567 0.0 -0.9359059267573324
outer loop
vertex 7.196401336742096 24.7 -17.632674676262237
vertex 7.043291419087275 31.7 -17.69030116872178
vertex 7.196401336742096 31.7 -17.632674676262237
endloop
endfacet
facet normal 0.2902846772544762 0.0 -0.9569403357322047
outer loop
vertex 7.352952387243699 24.7 -17.585185434277328
vertex 7.196401336742096 31.7 -17.632674676262237
vertex 7.352952387243699 31.7 -17.585185434277328
endloop
endfacet
facet normal 0.22707626303437117 0.0 -0.9738769792773341
outer loop
vertex 7.512274194959679 24.7 -17.548036798991923
vertex 7.352952387243699 31.7 -17.585185434277328
vertex 7.512274194959679 31.7 -17.548036798991923
endloop
endfacet
facet normal 0.16289547339458058 0.0 -0.9866433320848804
outer loop
vertex 7.673684519449871 24.7 -17.521387846565474
vertex 7.512274194959679 31.7 -17.548036798991923
vertex 7.673684519449871 31.7 -17.521387846565474
endloop
endfacet
facet normal 0.09801714032957433 0.0 -0.9951847266721955
outer loop
vertex 7.836492176924643 24.7 -17.50535269190349
vertex 7.673684519449871 31.7 -17.521387846565474
vertex 7.836492176924643 31.7 -17.50535269190349
endloop
endfacet
facet normal 0.03271908282176512 0.0 -0.9994645874763659
outer loop
vertex 8.0 24.7 -17.5
vertex 7.836492176924643 31.7 -17.50535269190349
vertex 8.0 31.7 -17.5
endloop
endfacet
facet normal -0.0 1.0 0.0
outer loop
vertex 6.75 24.7 -17.834936490538905
vertex 6.894278274452496 24.7 -17.75781814616828
vertex 10.368416966302469 24.7 -19.2
endloop
endfacet
facet normal -0.0 1.0 0.0
outer loop
vertex 6.894278274452496 24.7 -17.75781814616828
vertex 7.043291419087275 24.7 -17.69030116872178
vertex 10.368416966302469 24.7 -19.2
endloop
endfacet
facet normal -0.0 0.9999999999999999 0.0
outer loop
vertex 7.043291419087275 24.7 -17.69030116872178
vertex 7.196401336742096 24.7 -17.632674676262237
vertex 10.368416966302469 24.7 -19.2
endloop
endfacet
facet normal -0.0 1.0 0.0
outer loop
vertex 7.196401336742096 24.7 -17.632674676262237
vertex 7.352952387243699 24.7 -17.585185434277328
vertex 10.368416966302469 24.7 -19.2
endloop
endfacet
facet normal -0.0 1.0 0.0
outer loop
vertex 7.352952387243699 24.7 -17.585185434277328
vertex 7.512274194959679 24.7 -17.548036798991923
vertex 10.368416966302469 24.7 -19.2
endloop
endfacet
facet normal -0.0 1.0 0.0
outer loop
vertex 7.512274194959679 24.7 -17.548036798991923
vertex 7.673684519449871 24.7 -17.521387846565474
vertex 10.368416966302469 24.7 -19.2
endloop
endfacet
facet normal -0.0 1.0 0.0
outer loop
vertex 7.673684519449871 24.7 -17.521387846565474
vertex 7.836492176924643 24.7 -17.50535269190349
vertex 10.368416966302469 24.7 -19.2
endloop
endfacet
facet normal -0.0 1.0 0.0
outer loop
vertex 7.836492176924643 24.7 -17.50535269190349
vertex 8.0 24.7 -17.5
vertex 10.368416966302469 24.7 -19.2
endloop
endfacet
facet normal 0.0 1.0 0.0
outer loop
vertex 8.0 24.7 -17.5
vertex 8.163507823075358 24.7 -17.50535269190349
vertex 10.368416966302469 24.7 -19.2
endloop
endfacet
facet normal 0.0 1.0 0.0
outer loop
vertex 8.163507823075358 24.7 -17.50535269190349
vertex 8.326315480550129 24.7 -17.521387846565474
vertex 10.368416966302469 24.7 -19.2
endloop
endfacet
facet normal 0.0 1.0 0.0
outer loop
vertex 8.326315480550129 24.7 -17.521387846565474
vertex 8.48772580504032 24.7 -17.548036798991923
vertex 10.368416966302469 24.7 -19.2
endloop
endfacet
facet normal 0.0 0.9999999999999999 0.0
outer loop
vertex 8.48772580504032 24.7 -17.548036798991923
vertex 8.647047612756301 24.7 -17.585185434277328
vertex 10.368416966302469 24.7 -19.2
endloop
endfacet
facet normal 0.0 1.0 0.0
outer loop
vertex 8.647047612756301 24.7 -17.585185434277328
vertex 8.803598663257905 24.7 -17.632674676262237
vertex 10.368416966302469 24.7 -19.2
endloop
endfacet
facet normal 0.0 1.0 0.0
outer loop
vertex 8.803598663257905 24.7 -17.632674676262237
vertex 8.956708580912725 24.7 -17.69030116872178
vertex 10.368416966302469 24.7 -19.2
endloop
endfacet
facet normal 0.0 1.0 0.0
outer loop
vertex 8.956708580912725 24.7 -17.69030116872178
vertex 9.105721725547504 24.7 -17.75781814616828
vertex 10.368416966302469 24.7 -19.2
endloop
endfacet
facet normal 0.0 1.0 0.0
outer loop
vertex 9.105721725547504 24.7 -17.75781814616828
vertex 9.25 24.7 -17.834936490538905
vertex 10.368416966302469 24.7 -19.2
endloop
endfacet
facet normal 0.0 1.0 0.0
outer loop
vertex 9.5219035725218 24.7 -18.016616649271914
vertex 9.648364537750172 24.7 -18.120400481302557
vertex 10.368416966302469 24.7 -19.2
endloop
endfacet
facet normal 0.0 1.0 0.0
outer loop
vertex 9.388925582549005 24.7 -17.921325969243636
vertex 10.368416966302469 24.7 -19.2
vertex 9.25 24.7 -17.834936490538905
endloop
endfacet
facet normal 0.0 1.0 0.0
outer loop
vertex 9.388925582549005 24.7 -17.921325969243636
vertex 9.5219035725218 24.7 -18.016616649271914
vertex 10.368416966302469 24.7 -19.2
endloop
endfacet
facet normal -0.03271908282176494 0.0 0.999464587476366
outer loop
vertex 8.163507823075358 31.7 -22.49464730809651
vertex 8.0 24.8 -22.5
vertex 8.163507823075358 24.8 -22.49464730809651
endloop
endfacet
facet normal -0.09801714032957484 0.0 0.9951847266721954
outer loop
vertex 8.326315480550129 31.7 -22.478612153434526
vertex 8.163507823075358 24.8 -22.49464730809651
vertex 8.326315480550129 24.8 -22.478612153434526
endloop
endfacet
facet normal -0.16289547339458144 0.0 0.9866433320848801
outer loop
vertex 8.48772580504032 31.7 -22.451963201008077
vertex 8.326315480550129 24.8 -22.478612153434526
vertex 8.48772580504032 24.8 -22.451963201008077
endloop
endfacet
facet normal -0.22707626303436998 0.0 0.9738769792773344
outer loop
vertex 8.647047612756301 31.7 -22.414814565722672
vertex 8.48772580504032 24.8 -22.451963201008077
vertex 8.647047612756301 24.8 -22.414814565722672
endloop
endfacet
facet normal -0.29028467725447465 0.0 0.956940335732205
outer loop
vertex 8.803598663257905 31.7 -22.367325323737763
vertex 8.647047612756301 24.8 -22.414814565722672
vertex 8.803598663257905 24.8 -22.367325323737763
endloop
endfacet
facet normal -0.3522500479212175 0.0 0.9359059267573316
outer loop
vertex 8.956708580912725 31.7 -22.30969883127822
vertex 8.803598663257905 24.8 -22.367325323737763
vertex 8.956708580912725 24.8 -22.30969883127822
endloop
endfacet
facet normal -0.03271908282176494 0.0 0.999464587476366
outer loop
vertex 8.0 31.7 -22.5
vertex 8.0 24.8 -22.5
vertex 8.163507823075358 31.7 -22.49464730809651
endloop
endfacet
facet normal -0.09801714032957484 0.0 0.9951847266721954
outer loop
vertex 8.163507823075358 31.7 -22.49464730809651
vertex 8.163507823075358 24.8 -22.49464730809651
vertex 8.326315480550129 31.7 -22.478612153434526
endloop
endfacet
facet normal -0.16289547339458144 0.0 0.9866433320848801
outer loop
vertex 8.326315480550129 31.7 -22.478612153434526
vertex 8.326315480550129 24.8 -22.478612153434526
vertex 8.48772580504032 31.7 -22.451963201008077
endloop
endfacet
facet normal -0.22707626303436998 0.0 0.9738769792773344
outer loop
vertex 8.48772580504032 31.7 -22.451963201008077
vertex 8.48772580504032 24.8 -22.451963201008077
vertex 8.647047612756301 31.7 -22.414814565722672
endloop
endfacet
facet normal -0.29028467725447465 0.0 0.956940335732205
outer loop
vertex 8.647047612756301 31.7 -22.414814565722672
vertex 8.647047612756301 24.8 -22.414814565722672
vertex 8.803598663257905 31.7 -22.367325323737763
endloop
endfacet
facet normal -0.3522500479212175 0.0 0.9359059267573316
outer loop
vertex 8.803598663257905 31.7 -22.367325323737763
vertex 8.803598663257905 24.8 -22.367325323737763
vertex 8.956708580912725 31.7 -22.30969883127822
endloop
endfacet
facet normal -0.4127070298044056 0.0 0.9108638249211709
outer loop
vertex 9.105721725547504 31.7 -22.24218185383172
vertex 8.956708580912725 24.8 -22.30969883127822
vertex 9.105721725547504 24.8 -22.24218185383172
endloop
endfacet
facet normal -0.4713967368260029 0.0 0.8819212643483523
outer loop
vertex 9.25 31.7 -22.165063509461095
vertex 9.105721725547504 24.8 -22.24218185383172
vertex 9.25 24.8 -22.165063509461095
endloop
endfacet
facet normal -0.5280678506503604 0.0 0.8492021815265836
outer loop
vertex 9.388925582549005 31.7 -22.078674030756364
vertex 9.25 24.8 -22.165063509461095
vertex 9.388925582549005 24.8 -22.078674030756364
endloop
endfacet
facet normal -0.5824776968678129 0.0 0.8128466845916075
outer loop
vertex 9.5219035725218 31.7 -21.983383350728086
vertex 9.388925582549005 24.8 -22.078674030756364
vertex 9.5219035725218 24.8 -21.983383350728086
endloop
endfacet
facet normal -0.6343932841636386 0.0 0.7730104533627427
outer loop
vertex 9.648364537750172 31.7 -21.879599518697443
vertex 9.5219035725218 24.8 -21.983383350728086
vertex 9.648364537750172 24.8 -21.879599518697443
endloop
endfacet
facet normal -0.6835923020228699 0.0 0.729864072697837
outer loop
vertex 9.767766952966369 31.7 -21.76776695296637
vertex 9.648364537750172 24.8 -21.879599518697443
vertex 9.767766952966369 24.8 -21.76776695296637
endloop
endfacet
facet normal -0.729864072697837 0.0 0.6835923020228699
outer loop
vertex 9.879599518697443 31.7 -21.648364537750172
vertex 9.767766952966369 24.8 -21.76776695296637
vertex 9.879599518697443 24.8 -21.648364537750172
endloop
endfacet
facet normal -0.4127070298044056 0.0 0.9108638249211709
outer loop
vertex 8.956708580912725 31.7 -22.30969883127822
vertex 8.956708580912725 24.8 -22.30969883127822
vertex 9.105721725547504 31.7 -22.24218185383172
endloop
endfacet
facet normal -0.4713967368260029 0.0 0.8819212643483523
outer loop
vertex 9.105721725547504 31.7 -22.24218185383172
vertex 9.105721725547504 24.8 -22.24218185383172
vertex 9.25 31.7 -22.165063509461095
endloop
endfacet
facet normal -0.5280678506503604 0.0 0.8492021815265836
outer loop
vertex 9.25 31.7 -22.165063509461095
vertex 9.25 24.8 -22.165063509461095
vertex 9.388925582549005 31.7 -22.078674030756364
endloop
endfacet
facet normal -0.5824776968678129 0.0 0.8128466845916075
outer loop
vertex 9.388925582549005 31.7 -22.078674030756364
vertex 9.388925582549005 24.8 -22.078674030756364
vertex 9.5219035725218 31.7 -21.983383350728086
endloop
endfacet
facet normal -0.6343932841636386 0.0 0.7730104533627427
outer loop
vertex 9.5219035725218 31.7 -21.983383350728086
vertex 9.5219035725218 24.8 -21.983383350728086
vertex 9.648364537750172 31.7 -21.879599518697443
endloop
endfacet
facet normal -0.6835923020228699 0.0 0.729864072697837
outer loop
vertex 9.648364537750172 31.7 -21.879599518697443
vertex 9.648364537750172 24.8 -21.879599518697443
vertex 9.767766952966369 31.7 -21.76776695296637
endloop
endfacet
facet normal -0.729864072697837 0.0 0.6835923020228699
outer loop
vertex 9.767766952966369 31.7 -21.76776695296637
vertex 9.767766952966369 24.8 -21.76776695296637
vertex 9.879599518697443 31.7 -21.648364537750172
endloop
endfacet
facet normal -0.03271908282176494 0.0 -0.999464587476366
outer loop
vertex 8.0 24.7 -17.5
vertex 8.0 31.7 -17.5
vertex 8.163507823075358 24.7 -17.50535269190349
endloop
endfacet
facet normal -0.09801714032957486 0.0 -0.9951847266721955
outer loop
vertex 8.163507823075358 24.7 -17.50535269190349
vertex 8.163507823075358 31.7 -17.50535269190349
vertex 8.326315480550129 24.7 -17.521387846565474
endloop
endfacet
facet normal -0.16289547339458144 0.0 -0.9866433320848801
outer loop
vertex 8.326315480550129 24.7 -17.521387846565474
vertex 8.326315480550129 31.7 -17.521387846565474
vertex 8.48772580504032 24.7 -17.548036798991923
endloop
endfacet
facet normal -0.22707626303436998 0.0 -0.9738769792773344
outer loop
vertex 8.48772580504032 24.7 -17.548036798991923
vertex 8.48772580504032 31.7 -17.548036798991923
vertex 8.647047612756301 24.7 -17.585185434277328
endloop
endfacet
facet normal -0.29028467725447465 0.0 -0.9569403357322052
outer loop
vertex 8.647047612756301 24.7 -17.585185434277328
vertex 8.647047612756301 31.7 -17.585185434277328
vertex 8.803598663257905 24.7 -17.632674676262237
endloop
endfacet
facet normal -0.3522500479212175 0.0 -0.9359059267573318
outer loop
vertex 8.803598663257905 24.7 -17.632674676262237
vertex 8.803598663257905 31.7 -17.632674676262237
vertex 8.956708580912725 24.7 -17.69030116872178
endloop
endfacet
facet normal -0.03271908282176494 -0.0 -0.999464587476366
outer loop
vertex 8.0 31.7 -17.5
vertex 8.163507823075358 31.7 -17.50535269190349
vertex 8.163507823075358 24.7 -17.50535269190349
endloop
endfacet
facet normal -0.09801714032957486 0.0 -0.9951847266721955
outer loop
vertex 8.326315480550129 24.7 -17.521387846565474
vertex 8.163507823075358 31.7 -17.50535269190349
vertex 8.326315480550129 31.7 -17.521387846565474
endloop
endfacet
facet normal -0.16289547339458144 0.0 -0.9866433320848801
outer loop
vertex 8.48772580504032 24.7 -17.548036798991923
vertex 8.326315480550129 31.7 -17.521387846565474
vertex 8.48772580504032 31.7 -17.548036798991923
endloop
endfacet
facet normal -0.22707626303436998 0.0 -0.9738769792773344
outer loop
vertex 8.647047612756301 24.7 -17.585185434277328
vertex 8.48772580504032 31.7 -17.548036798991923
vertex 8.647047612756301 31.7 -17.585185434277328
endloop
endfacet
facet normal -0.29028467725447465 0.0 -0.9569403357322052
outer loop
vertex 8.803598663257905 24.7 -17.632674676262237
vertex 8.647047612756301 31.7 -17.585185434277328
vertex 8.803598663257905 31.7 -17.632674676262237
endloop
endfacet
facet normal -0.3522500479212175 0.0 -0.9359059267573318
outer loop
vertex 8.956708580912725 24.7 -17.69030116872178
vertex 8.803598663257905 31.7 -17.632674676262237
vertex 8.956708580912725 31.7 -17.69030116872178
endloop
endfacet
facet normal -0.5824776968678128 0.0 -0.8128466845916075
outer loop
vertex 9.388925582549005 24.7 -17.921325969243636
vertex 9.388925582549005 31.7 -17.921325969243636
vertex 9.5219035725218 24.7 -18.016616649271914
endloop
endfacet
facet normal -0.6343932841636386 0.0 -0.7730104533627427
outer loop
vertex 9.5219035725218 24.7 -18.016616649271914
vertex 9.5219035725218 31.7 -18.016616649271914
vertex 9.648364537750172 24.7 -18.120400481302557
endloop
endfacet
facet normal -0.6835923020228698 0.0 -0.729864072697837
outer loop
vertex 9.648364537750172 24.7 -18.120400481302557
vertex 9.648364537750172 31.7 -18.120400481302557
vertex 9.767766952966369 24.7 -18.23223304703363
endloop
endfacet
facet normal -0.729864072697837 0.0 -0.6835923020228698
outer loop
vertex 9.879599518697443 24.7 -18.351635462249828
vertex 9.767766952966369 24.7 -18.23223304703363
vertex 9.767766952966369 31.7 -18.23223304703363
endloop
endfacet
facet normal -0.41270702980440566 0.0 -0.910863824921171
outer loop
vertex 8.956708580912725 24.7 -17.69030116872178
vertex 8.956708580912725 31.7 -17.69030116872178
vertex 9.105721725547504 24.7 -17.75781814616828
endloop
endfacet
facet normal -0.4713967368260029 0.0 -0.8819212643483523
outer loop
vertex 9.105721725547504 24.7 -17.75781814616828
vertex 9.105721725547504 31.7 -17.75781814616828
vertex 9.25 24.7 -17.834936490538905
endloop
endfacet
facet normal -0.5280678506503604 0.0 -0.8492021815265836
outer loop
vertex 9.388925582549005 24.7 -17.921325969243636
vertex 9.25 24.7 -17.834936490538905
vertex 9.25 31.7 -17.834936490538905
endloop
endfacet
facet normal -0.5824776968678128 0.0 -0.8128466845916075
outer loop
vertex 9.5219035725218 24.7 -18.016616649271914
vertex 9.388925582549005 31.7 -17.921325969243636
vertex 9.5219035725218 31.7 -18.016616649271914
endloop
endfacet
facet normal -0.6343932841636386 0.0 -0.7730104533627427
outer loop
vertex 9.648364537750172 24.7 -18.120400481302557
vertex 9.5219035725218 31.7 -18.016616649271914
vertex 9.648364537750172 31.7 -18.120400481302557
endloop
endfacet
facet normal -0.6835923020228698 0.0 -0.729864072697837
outer loop
vertex 9.767766952966369 24.7 -18.23223304703363
vertex 9.648364537750172 31.7 -18.120400481302557
vertex 9.767766952966369 31.7 -18.23223304703363
endloop
endfacet
facet normal -0.729864072697837 0.0 -0.6835923020228698
outer loop
vertex 9.879599518697443 24.7 -18.351635462249828
vertex 9.767766952966369 31.7 -18.23223304703363
vertex 9.879599518697443 31.7 -18.351635462249828
endloop
endfacet
facet normal -0.41270702980440566 0.0 -0.910863824921171
outer loop
vertex 9.105721725547504 24.7 -17.75781814616828
vertex 8.956708580912725 31.7 -17.69030116872178
vertex 9.105721725547504 31.7 -17.75781814616828
endloop
endfacet
facet normal -0.4713967368260029 0.0 -0.8819212643483523
outer loop
vertex 9.25 24.7 -17.834936490538905
vertex 9.105721725547504 31.7 -17.75781814616828
vertex 9.25 31.7 -17.834936490538905
endloop
endfacet
facet normal -0.5280678506503604 0.0 -0.8492021815265836
outer loop
vertex 9.388925582549005 24.7 -17.921325969243636
vertex 9.25 31.7 -17.834936490538905
vertex 9.388925582549005 31.7 -17.921325969243636
endloop
endfacet
facet normal -0.956940335732243 -0.0 -0.29028467725434987
outer loop
vertex 10.367325323737765 24.7 -19.196401336742095
vertex 10.368416966302469 24.8 -19.2
vertex 10.368416966302469 24.7 -19.2
endloop
endfacet
facet normal 0.0 1.0 0.0
outer loop
vertex 10.24218185383172 24.7 -18.894278274452496
vertex 10.368416966302469 24.7 -19.2
vertex 10.165063509461097 24.7 -18.75
endloop
endfacet
facet normal 0.0 0.9999999999999999 0.0
outer loop
vertex 10.309698831278217 24.7 -19.043291419087275
vertex 10.368416966302469 24.7 -19.2
vertex 10.24218185383172 24.7 -18.894278274452496
endloop
endfacet
facet normal 0.0 1.0 0.0
outer loop
vertex 10.309698831278217 24.7 -19.043291419087275
vertex 10.367325323737765 24.7 -19.196401336742095
vertex 10.368416966302469 24.7 -19.2
endloop
endfacet
facet normal 0.0 1.0 0.0
outer loop
vertex 9.648364537750172 24.7 -18.120400481302557
vertex 9.767766952966369 24.7 -18.23223304703363
vertex 10.368416966302469 24.7 -19.2
endloop
endfacet
facet normal 0.0 1.0 0.0
outer loop
vertex 9.879599518697443 24.7 -18.351635462249828
vertex 10.368416966302469 24.7 -19.2
vertex 9.767766952966369 24.7 -18.23223304703363
endloop
endfacet
facet normal 0.0 0.9999999999999999 0.0
outer loop
vertex 9.879599518697443 24.7 -18.351635462249828
vertex 9.983383350728088 24.7 -18.4780964274782
vertex 10.368416966302469 24.7 -19.2
endloop
endfacet
facet normal 0.0 1.0 0.0
outer loop
vertex 9.983383350728088 24.7 -18.4780964274782
vertex 10.078674030756364 24.7 -18.611074417450993
vertex 10.368416966302469 24.7 -19.2
endloop
endfacet
facet normal 0.0 1.0 0.0
outer loop
vertex 10.078674030756364 24.7 -18.611074417450993
vertex 10.165063509461097 24.7 -18.75
vertex 10.368416966302469 24.7 -19.2
endloop
endfacet
facet normal -0.7730104533627373 0.0 0.634393284163645
outer loop
vertex 9.983383350728088 31.7 -21.5219035725218
vertex 9.879599518697443 24.8 -21.648364537750172
vertex 9.983383350728088 24.8 -21.5219035725218
endloop
endfacet
facet normal -0.812846684591609 0.0 0.5824776968678109
outer loop
vertex 10.078674030756364 31.7 -21.388925582549007
vertex 9.983383350728088 24.8 -21.5219035725218
vertex 10.078674030756364 24.8 -21.388925582549007
endloop
endfacet
facet normal -0.8492021815265817 0.0 0.5280678506503633
outer loop
vertex 10.165063509461097 31.7 -21.25
vertex 10.078674030756364 24.8 -21.388925582549007
vertex 10.165063509461097 24.8 -21.25
endloop
endfacet
facet normal -0.8819212643483567 0.0 0.4713967368259944
outer loop
vertex 10.24218185383172 31.7 -21.105721725547504
vertex 10.165063509461097 24.8 -21.25
vertex 10.24218185383172 24.8 -21.105721725547504
endloop
endfacet
facet normal -0.910863824921175 0.0 0.41270702980439666
outer loop
vertex 10.309698831278217 31.7 -20.956708580912725
vertex 10.24218185383172 24.8 -21.105721725547504
vertex 10.309698831278217 24.8 -20.956708580912725
endloop
endfacet
facet normal -0.9359059267573245 0.0 0.3522500479212365
outer loop
vertex 10.367325323737765 31.7 -20.803598663257905
vertex 10.309698831278217 24.8 -20.956708580912725
vertex 10.367325323737765 24.8 -20.803598663257905
endloop
endfacet
facet normal -0.9569403357322103 0.0 0.2902846772544578
outer loop
vertex 10.41481456572267 31.7 -20.647047612756303
vertex 10.367325323737765 24.8 -20.803598663257905
vertex 10.41481456572267 24.8 -20.647047612756303
endloop
endfacet
facet normal -0.9738769792773325 0.0 0.2270762630343779
outer loop
vertex 10.451963201008077 31.7 -20.48772580504032
vertex 10.41481456572267 24.8 -20.647047612756303
vertex 10.451963201008077 24.8 -20.48772580504032
endloop
endfacet
facet normal -0.9866433320848801 0.0 0.16289547339458144
outer loop
vertex 10.478612153434526 31.7 -20.32631548055013
vertex 10.451963201008077 24.8 -20.48772580504032
vertex 10.478612153434526 24.8 -20.32631548055013
endloop
endfacet
facet normal -0.9951847266721966 0.0 0.09801714032956305
outer loop
vertex 10.494647308096509 31.7 -20.163507823075356
vertex 10.478612153434526 24.8 -20.32631548055013
vertex 10.494647308096509 24.8 -20.163507823075356
endloop
endfacet
facet normal -0.9994645874763657 0.0 0.03271908282177615
outer loop
vertex 10.5 31.7 -20.0
vertex 10.494647308096509 24.8 -20.163507823075356
vertex 10.5 24.8 -20.0
endloop
endfacet
facet normal -0.7730104533627373 0.0 0.634393284163645
outer loop
vertex 9.879599518697443 31.7 -21.648364537750172
vertex 9.879599518697443 24.8 -21.648364537750172
vertex 9.983383350728088 31.7 -21.5219035725218
endloop
endfacet
facet normal -0.812846684591609 0.0 0.5824776968678109
outer loop
vertex 9.983383350728088 31.7 -21.5219035725218
vertex 9.983383350728088 24.8 -21.5219035725218
vertex 10.078674030756364 31.7 -21.388925582549007
endloop
endfacet
facet normal -0.8492021815265817 0.0 0.5280678506503633
outer loop
vertex 10.078674030756364 31.7 -21.388925582549007
vertex 10.078674030756364 24.8 -21.388925582549007
vertex 10.165063509461097 31.7 -21.25
endloop
endfacet
facet normal -0.8819212643483567 0.0 0.4713967368259944
outer loop
vertex 10.165063509461097 31.7 -21.25
vertex 10.165063509461097 24.8 -21.25
vertex 10.24218185383172 31.7 -21.105721725547504
endloop
endfacet
facet normal -0.910863824921175 0.0 0.41270702980439666
outer loop
vertex 10.24218185383172 31.7 -21.105721725547504
vertex 10.24218185383172 24.8 -21.105721725547504
vertex 10.309698831278217 31.7 -20.956708580912725
endloop
endfacet
facet normal -0.9359059267573245 0.0 0.3522500479212365
outer loop
vertex 10.309698831278217 31.7 -20.956708580912725
vertex 10.309698831278217 24.8 -20.956708580912725
vertex 10.367325323737765 31.7 -20.803598663257905
endloop
endfacet
facet normal -0.9569403357322103 0.0 0.2902846772544578
outer loop
vertex 10.367325323737765 31.7 -20.803598663257905
vertex 10.367325323737765 24.8 -20.803598663257905
vertex 10.41481456572267 31.7 -20.647047612756303
endloop
endfacet
facet normal -0.9738769792773325 0.0 0.2270762630343779
outer loop
vertex 10.41481456572267 31.7 -20.647047612756303
vertex 10.41481456572267 24.8 -20.647047612756303
vertex 10.451963201008077 31.7 -20.48772580504032
endloop
endfacet
facet normal -0.9866433320848801 0.0 0.16289547339458144
outer loop
vertex 10.451963201008077 31.7 -20.48772580504032
vertex 10.451963201008077 24.8 -20.48772580504032
vertex 10.478612153434526 31.7 -20.32631548055013
endloop
endfacet
facet normal -0.9951847266721966 0.0 0.09801714032956305
outer loop
vertex 10.478612153434526 31.7 -20.32631548055013
vertex 10.478612153434526 24.8 -20.32631548055013
vertex 10.494647308096509 31.7 -20.163507823075356
endloop
endfacet
facet normal -0.9994645874763657 0.0 0.03271908282177615
outer loop
vertex 10.494647308096509 31.7 -20.163507823075356
vertex 10.494647308096509 24.8 -20.163507823075356
vertex 10.5 31.7 -20.0
endloop
endfacet
facet normal -0.9994645874763657 -0.0 -0.03271908282177615
outer loop
vertex 10.5 31.7 -20.0
vertex 10.5 24.8 -20.0
vertex 10.494647308096509 31.7 -19.836492176924644
endloop
endfacet
facet normal -0.956940335732243 0.0 -0.29028467725434987
outer loop
vertex 10.367325323737765 24.7 -19.196401336742095
vertex 10.367325323737765 31.7 -19.196401336742095
vertex 10.368416966302469 24.8 -19.2
endloop
endfacet
facet normal -0.9108638249211751 0.0 -0.4127070298043966
outer loop
vertex 10.309698831278217 24.7 -19.043291419087275
vertex 10.24218185383172 24.7 -18.894278274452496
vertex 10.24218185383172 31.7 -18.894278274452496
endloop
endfacet
facet normal -0.9359059267573245 0.0 -0.3522500479212365
outer loop
vertex 10.309698831278217 24.7 -19.043291419087275
vertex 10.309698831278217 31.7 -19.043291419087275
vertex 10.367325323737765 24.7 -19.196401336742095
endloop
endfacet
facet normal -0.812846684591609 0.0 -0.5824776968678109
outer loop
vertex 9.983383350728088 24.7 -18.4780964274782
vertex 9.983383350728088 31.7 -18.4780964274782
vertex 10.078674030756364 24.7 -18.611074417450993
endloop
endfacet
facet normal -0.8492021815265817 0.0 -0.5280678506503633
outer loop
vertex 10.078674030756364 24.7 -18.611074417450993
vertex 10.078674030756364 31.7 -18.611074417450993
vertex 10.165063509461097 24.7 -18.75
endloop
endfacet
facet normal -0.7730104533627372 0.0 -0.634393284163645
outer loop
vertex 9.879599518697443 24.7 -18.351635462249828
vertex 9.879599518697443 31.7 -18.351635462249828
vertex 9.983383350728088 24.7 -18.4780964274782
endloop
endfacet
facet normal -0.8819212643483566 0.0 -0.47139673682599437
outer loop
vertex 10.24218185383172 24.7 -18.894278274452496
vertex 10.165063509461097 24.7 -18.75
vertex 10.165063509461097 31.7 -18.75
endloop
endfacet
facet normal -0.9951847266721966 0.0 -0.09801714032956305
outer loop
vertex 10.478612153434526 31.7 -19.67368451944987
vertex 10.494647308096509 24.8 -19.836492176924644
vertex 10.478612153434526 24.8 -19.67368451944987
endloop
endfacet
facet normal -0.9866433320848801 0.0 -0.16289547339458144
outer loop
vertex 10.451963201008077 31.7 -19.51227419495968
vertex 10.478612153434526 24.8 -19.67368451944987
vertex 10.451963201008077 24.8 -19.51227419495968
endloop
endfacet
facet normal -0.9994645874763657 0.0 -0.03271908282177615
outer loop
vertex 10.494647308096509 31.7 -19.836492176924644
vertex 10.5 24.8 -20.0
vertex 10.494647308096509 24.8 -19.836492176924644
endloop
endfacet
facet normal -0.9738769792773325 0.0 -0.2270762630343779
outer loop
vertex 10.41481456572267 31.7 -19.352952387243697
vertex 10.451963201008077 24.8 -19.51227419495968
vertex 10.41481456572267 24.8 -19.352952387243697
endloop
endfacet
facet normal -0.9569403357322095 6.291725367133556e-17 -0.29028467725446033
outer loop
vertex 10.367325323737765 31.7 -19.196401336742095
vertex 10.41481456572267 24.8 -19.352952387243697
vertex 10.368416966302469 24.8 -19.2
endloop
endfacet
facet normal -0.9108638249211751 0.0 -0.4127070298043966
outer loop
vertex 10.309698831278217 24.7 -19.043291419087275
vertex 10.24218185383172 31.7 -18.894278274452496
vertex 10.309698831278217 31.7 -19.043291419087275
endloop
endfacet
facet normal -0.9359059267573245 0.0 -0.3522500479212365
outer loop
vertex 10.367325323737765 24.7 -19.196401336742095
vertex 10.309698831278217 31.7 -19.043291419087275
vertex 10.367325323737765 31.7 -19.196401336742095
endloop
endfacet
facet normal -0.8492021815265817 0.0 -0.5280678506503633
outer loop
vertex 10.165063509461097 24.7 -18.75
vertex 10.078674030756364 31.7 -18.611074417450993
vertex 10.165063509461097 31.7 -18.75
endloop
endfacet
facet normal -0.812846684591609 0.0 -0.5824776968678109
outer loop
vertex 10.078674030756364 24.7 -18.611074417450993
vertex 9.983383350728088 31.7 -18.4780964274782
vertex 10.078674030756364 31.7 -18.611074417450993
endloop
endfacet
facet normal -0.7730104533627372 -0.0 -0.634393284163645
outer loop
vertex 9.879599518697443 31.7 -18.351635462249828
vertex 9.983383350728088 31.7 -18.4780964274782
vertex 9.983383350728088 24.7 -18.4780964274782
endloop
endfacet
facet normal -0.8819212643483566 0.0 -0.47139673682599437
outer loop
vertex 10.24218185383172 24.7 -18.894278274452496
vertex 10.165063509461097 31.7 -18.75
vertex 10.24218185383172 31.7 -18.894278274452496
endloop
endfacet
facet normal -0.9951847266721966 -0.0 -0.09801714032956305
outer loop
vertex 10.494647308096509 31.7 -19.836492176924644
vertex 10.494647308096509 24.8 -19.836492176924644
vertex 10.478612153434526 31.7 -19.67368451944987
endloop
endfacet
facet normal -0.9866433320848801 -0.0 -0.16289547339458144
outer loop
vertex 10.478612153434526 31.7 -19.67368451944987
vertex 10.478612153434526 24.8 -19.67368451944987
vertex 10.451963201008077 31.7 -19.51227419495968
endloop
endfacet
facet normal -0.9738769792773325 -0.0 -0.2270762630343779
outer loop
vertex 10.41481456572267 31.7 -19.352952387243697
vertex 10.451963201008077 31.7 -19.51227419495968
vertex 10.451963201008077 24.8 -19.51227419495968
endloop
endfacet
facet normal -0.9569403357322103 -0.0 -0.2902846772544578
outer loop
vertex 10.41481456572267 31.7 -19.352952387243697
vertex 10.41481456572267 24.8 -19.352952387243697
vertex 10.367325323737765 31.7 -19.196401336742095
endloop
endfacet
facet normal 0.0 1.0 -0.0
outer loop
vertex 4.678659714397735 31.7 -20.437262743937172
vertex 4.657172607150678 31.7 -20.21910048292098
vertex 4.657172607150678 31.7 -19.78089951707902
endloop
endfacet
facet normal 0.9951847266721967 -0.0 0.0980171403295616
outer loop
vertex 4.678659714397735 31.7 -20.437262743937172
vertex 4.678659714397735 32.4 -20.437262743937172
vertex 4.657172607150678 31.7 -20.21910048292098
endloop
endfacet
facet normal 0.9994645874763656 -0.0 0.03271908282177465
outer loop
vertex 4.657172607150678 31.7 -20.21910048292098
vertex 4.657172607150678 32.4 -20.21910048292098
vertex 4.65 31.7 -20.0
endloop
endfacet
facet normal 0.0 0.9999999999999999 -0.0
outer loop
vertex 4.657172607150678 31.7 -20.21910048292098
vertex 4.65 31.7 -20.0
vertex 4.657172607150678 31.7 -19.78089951707902
endloop
endfacet
facet normal 0.0 1.0 -0.0
outer loop
vertex 4.678659714397735 31.7 -20.437262743937172
vertex 4.657172607150678 31.7 -19.78089951707902
vertex 4.678659714397735 31.7 -19.562737256062828
endloop
endfacet
facet normal 0.9994645874763656 0.0 -0.03271908282177465
outer loop
vertex 4.65 31.7 -20.0
vertex 4.65 32.4 -20.0
vertex 4.657172607150678 31.7 -19.78089951707902
endloop
endfacet
facet normal 0.9951847266721967 0.0 0.0980171403295616
outer loop
vertex 4.657172607150678 31.7 -20.21910048292098
vertex 4.678659714397735 32.4 -20.437262743937172
vertex 4.657172607150678 32.4 -20.21910048292098
endloop
endfacet
facet normal 0.9994645874763656 0.0 0.03271908282177465
outer loop
vertex 4.65 31.7 -20.0
vertex 4.657172607150678 32.4 -20.21910048292098
vertex 4.65 32.4 -20.0
endloop
endfacet
facet normal 0.956940335732208 0.0 0.29028467725446466
outer loop
vertex 4.76414848193162 31.7 -20.867043801093445
vertex 4.827784066191396 32.4 -21.07682220876559
vertex 4.76414848193162 32.4 -20.867043801093445
endloop
endfacet
facet normal 0.9359059267573258 -0.0 0.35225004792123343
outer loop
vertex 4.827784066191396 31.7 -21.07682220876559
vertex 4.905003566087189 31.7 -21.28198949842305
vertex 4.905003566087189 32.4 -21.28198949842305
endloop
endfacet
facet normal 0.956940335732208 -0.0 0.29028467725446466
outer loop
vertex 4.827784066191396 31.7 -21.07682220876559
vertex 4.827784066191396 32.4 -21.07682220876559
vertex 4.76414848193162 31.7 -20.867043801093445
endloop
endfacet
facet normal 0.9359059267573258 0.0 0.35225004792123343
outer loop
vertex 4.827784066191396 31.7 -21.07682220876559
vertex 4.905003566087189 32.4 -21.28198949842305
vertex 4.827784066191396 32.4 -21.07682220876559
endloop
endfacet
facet normal 0.9108638249211765 -0.0 0.4127070298043934
outer loop
vertex 4.905003566087189 31.7 -21.28198949842305
vertex 4.995476315865494 31.7 -21.481667112233655
vertex 4.995476315865494 32.4 -21.481667112233655
endloop
endfacet
facet normal 0.8819212643483545 0.0 0.4713967368259985
outer loop
vertex 4.995476315865494 31.7 -21.481667112233655
vertex 5.09881489732213 32.4 -21.675
vertex 4.995476315865494 32.4 -21.481667112233655
endloop
endfacet
facet normal 0.8819212643483545 -0.0 0.4713967368259985
outer loop
vertex 4.995476315865494 31.7 -21.481667112233655
vertex 5.09881489732213 31.7 -21.675
vertex 5.09881489732213 32.4 -21.675
endloop
endfacet
facet normal 0.8492021815265776 0.0 0.5280678506503701
outer loop
vertex 5.09881489732213 31.7 -21.675
vertex 5.2145767987864735 32.4 -21.861160280615668
vertex 5.09881489732213 32.4 -21.675
endloop
endfacet
facet normal 0.9108638249211765 0.0 0.4127070298043934
outer loop
vertex 4.905003566087189 31.7 -21.28198949842305
vertex 4.995476315865494 32.4 -21.481667112233655
vertex 4.905003566087189 32.4 -21.28198949842305
endloop
endfacet
facet normal 0.9738769792773342 -0.0 0.22707626303437087
outer loop
vertex 4.76414848193162 31.7 -20.867043801093445
vertex 4.76414848193162 32.4 -20.867043801093445
vertex 4.714369310649178 31.7 -20.65355257875403
endloop
endfacet
facet normal 0.9866433320848794 -0.0 0.16289547339458624
outer loop
vertex 4.714369310649178 31.7 -20.65355257875403
vertex 4.714369310649178 32.4 -20.65355257875403
vertex 4.678659714397735 31.7 -20.437262743937172
endloop
endfacet
facet normal 0.9738769792773342 0.0 0.22707626303437087
outer loop
vertex 4.714369310649178 31.7 -20.65355257875403
vertex 4.76414848193162 32.4 -20.867043801093445
vertex 4.714369310649178 32.4 -20.65355257875403
endloop
endfacet
facet normal 0.9866433320848794 0.0 0.16289547339458624
outer loop
vertex 4.678659714397735 31.7 -20.437262743937172
vertex 4.714369310649178 32.4 -20.65355257875403
vertex 4.678659714397735 32.4 -20.437262743937172
endloop
endfacet
facet normal -0.0 1.0 0.0
outer loop
vertex 4.827784066191396 31.7 -21.07682220876559
vertex 4.827784066191396 31.7 -18.92317779123441
vertex 4.905003566087189 31.7 -21.28198949842305
endloop
endfacet
facet normal 0.0 1.0 -0.0
outer loop
vertex 4.76414848193162 31.7 -20.867043801093445
vertex 4.714369310649178 31.7 -20.65355257875403
vertex 4.714369310649178 31.7 -19.34644742124597
endloop
endfacet
facet normal 0.0 1.0 -0.0
outer loop
vertex 4.714369310649178 31.7 -20.65355257875403
vertex 4.678659714397735 31.7 -20.437262743937172
vertex 4.678659714397735 31.7 -19.562737256062828
endloop
endfacet
facet normal 0.0 1.0 -0.0
outer loop
vertex 4.827784066191396 31.7 -21.07682220876559
vertex 4.76414848193162 31.7 -20.867043801093445
vertex 4.76414848193162 31.7 -19.132956198906555
endloop
endfacet
facet normal -0.0 1.0 0.0
outer loop
vertex 4.905003566087189 31.7 -21.28198949842305
vertex 4.905003566087189 31.7 -18.71801050157695
vertex 4.995476315865494 31.7 -21.481667112233655
endloop
endfacet
facet normal -0.0 1.0 0.0
outer loop
vertex 4.995476315865494 31.7 -21.481667112233655
vertex 4.995476315865494 31.7 -18.518332887766345
vertex 5.09881489732213 31.7 -21.675
endloop
endfacet
facet normal -0.0 1.0 0.0
outer loop
vertex 5.09881489732213 31.7 -21.675
vertex 5.09881489732213 31.7 -18.325
vertex 5.2145767987864735 31.7 -21.861160280615668
endloop
endfacet
facet normal 0.8128466845916138 0.0 0.582477696867804
outer loop
vertex 5.2145767987864735 31.7 -21.861160280615668
vertex 5.342266310024362 32.4 -22.039350787179213
vertex 5.2145767987864735 32.4 -21.861160280615668
endloop
endfacet
facet normal 0.8128466845916138 -0.0 0.582477696867804
outer loop
vertex 5.2145767987864735 31.7 -21.861160280615668
vertex 5.342266310024362 31.7 -22.039350787179213
vertex 5.342266310024362 32.4 -22.039350787179213
endloop
endfacet
facet normal 0.7730104533627368 -0.0 0.6343932841636456
outer loop
vertex 5.342266310024362 31.7 -22.039350787179213
vertex 5.481336644945426 31.7 -22.20880848058523
vertex 5.481336644945426 32.4 -22.20880848058523
endloop
endfacet
facet normal 0.7730104533627368 0.0 0.6343932841636456
outer loop
vertex 5.342266310024362 31.7 -22.039350787179213
vertex 5.481336644945426 32.4 -22.20880848058523
vertex 5.342266310024362 32.4 -22.039350787179213
endloop
endfacet
facet normal 0.7298640726978386 -0.0 0.683592302022868
outer loop
vertex 5.481336644945426 31.7 -22.20880848058523
vertex 5.631192283025066 31.7 -22.368807716974935
vertex 5.631192283025066 32.4 -22.368807716974935
endloop
endfacet
facet normal 0.7298640726978386 0.0 0.683592302022868
outer loop
vertex 5.481336644945426 31.7 -22.20880848058523
vertex 5.631192283025066 32.4 -22.368807716974935
vertex 5.481336644945426 32.4 -22.20880848058523
endloop
endfacet
facet normal 0.68359230202287 -0.0 0.7298640726978369
outer loop
vertex 5.791191519414769 31.7 -22.518663355054574
vertex 5.791191519414769 32.4 -22.518663355054574
vertex 5.631192283025066 31.7 -22.368807716974935
endloop
endfacet
facet normal 0.68359230202287 0.0 0.7298640726978369
outer loop
vertex 5.631192283025066 31.7 -22.368807716974935
vertex 5.791191519414769 32.4 -22.518663355054574
vertex 5.631192283025066 32.4 -22.368807716974935
endloop
endfacet
facet normal 0.6343932841636409 0.0 0.7730104533627409
outer loop
vertex 5.791191519414769 31.7 -22.518663355054574
vertex 5.960649212820786 32.4 -22.657733689975636
vertex 5.791191519414769 32.4 -22.518663355054574
endloop
endfacet
facet normal 0.0 1.0 -0.0
outer loop
vertex 5.791191519414769 31.7 -22.518663355054574
vertex 5.631192283025066 31.7 -22.368807716974935
vertex 5.75781814616828 31.7 -21.105721725547504
endloop
endfacet
facet normal 0.6343932841636409 -0.0 0.7730104533627409
outer loop
vertex 5.791191519414769 31.7 -22.518663355054574
vertex 5.960649212820786 31.7 -22.657733689975636
vertex 5.960649212820786 32.4 -22.657733689975636
endloop
endfacet
facet normal 0.5824776968678048 -0.0 0.8128466845916132
outer loop
vertex 5.960649212820786 31.7 -22.657733689975636
vertex 6.1388397193843325 31.7 -22.785423201213526
vertex 6.1388397193843325 32.4 -22.785423201213526
endloop
endfacet
facet normal -0.0 1.0 0.0
outer loop
vertex 5.960649212820786 31.7 -22.657733689975636
vertex 6.120400481302557 31.7 -21.648364537750172
vertex 6.1388397193843325 31.7 -22.785423201213526
endloop
endfacet
facet normal 0.5824776968678048 0.0 0.8128466845916132
outer loop
vertex 5.960649212820786 31.7 -22.657733689975636
vertex 6.1388397193843325 32.4 -22.785423201213526
vertex 5.960649212820786 32.4 -22.657733689975636
endloop
endfacet
facet normal -0.0 1.0 0.0
outer loop
vertex 5.791191519414769 31.7 -22.518663355054574
vertex 5.921325969243637 31.7 -21.388925582549007
vertex 5.960649212820786 31.7 -22.657733689975636
endloop
endfacet
facet normal -0.0 1.0 -0.0
outer loop
vertex 5.960649212820786 31.7 -22.657733689975636
vertex 5.921325969243637 31.7 -21.388925582549007
vertex 6.016616649271912 31.7 -21.5219035725218
endloop
endfacet
facet normal -0.0 1.0 0.0
outer loop
vertex 5.960649212820786 31.7 -22.657733689975636
vertex 6.016616649271912 31.7 -21.5219035725218
vertex 6.120400481302557 31.7 -21.648364537750172
endloop
endfacet
facet normal 0.8492021815265776 -0.0 0.5280678506503701
outer loop
vertex 5.09881489732213 31.7 -21.675
vertex 5.2145767987864735 31.7 -21.861160280615668
vertex 5.2145767987864735 32.4 -21.861160280615668
endloop
endfacet
facet normal -0.0 1.0 0.0
outer loop
vertex 5.481336644945426 31.7 -22.20880848058523
vertex 5.58518543427733 31.7 -20.647047612756303
vertex 5.631192283025066 31.7 -22.368807716974935
endloop
endfacet
facet normal -0.0 1.0 0.0
outer loop
vertex 5.481336644945426 31.7 -22.20880848058523
vertex 5.505352691903491 31.7 -20.163507823075356
vertex 5.521387846565474 31.7 -20.32631548055013
endloop
endfacet
facet normal -0.0 1.0 -0.0
outer loop
vertex 5.631192283025066 31.7 -22.368807716974935
vertex 5.58518543427733 31.7 -20.647047612756303
vertex 5.632674676262235 31.7 -20.803598663257905
endloop
endfacet
facet normal -0.0 0.9999999999999999 0.0
outer loop
vertex 5.481336644945426 31.7 -22.20880848058523
vertex 5.521387846565474 31.7 -20.32631548055013
vertex 5.548036798991924 31.7 -20.48772580504032
endloop
endfacet
facet normal -0.0 0.9999999999999999 0.0
outer loop
vertex 5.481336644945426 31.7 -22.20880848058523
vertex 5.548036798991924 31.7 -20.48772580504032
vertex 5.58518543427733 31.7 -20.647047612756303
endloop
endfacet
facet normal -0.0 1.0 0.0
outer loop
vertex 5.2145767987864735 31.7 -21.861160280615668
vertex 5.2145767987864735 31.7 -18.138839719384332
vertex 5.342266310024362 31.7 -22.039350787179213
endloop
endfacet
facet normal -0.0 1.0 0.0
outer loop
vertex 5.342266310024362 31.7 -22.039350787179213
vertex 5.342266310024362 31.7 -17.960649212820787
vertex 5.481336644945426 31.7 -22.20880848058523
endloop
endfacet
facet normal -0.0 1.0 0.0
outer loop
vertex 5.481336644945426 31.7 -22.20880848058523
vertex 5.5 31.7 -20.0
vertex 5.505352691903491 31.7 -20.163507823075356
endloop
endfacet
facet normal -0.0 1.0 0.0
outer loop
vertex 5.481336644945426 31.7 -22.20880848058523
vertex 5.481336644945426 31.7 -17.79119151941477
vertex 5.5 31.7 -20.0
endloop
endfacet
facet normal -0.0 1.0 0.0
outer loop
vertex 5.631192283025066 31.7 -22.368807716974935
vertex 5.632674676262235 31.7 -20.803598663257905
vertex 5.690301168721783 31.7 -20.956708580912725
endloop
endfacet
facet normal -0.0 1.0 0.0
outer loop
vertex 5.631192283025066 31.7 -22.368807716974935
vertex 5.690301168721783 31.7 -20.956708580912725
vertex 5.75781814616828 31.7 -21.105721725547504
endloop
endfacet
facet normal -0.0 1.0 -0.0
outer loop
vertex 5.791191519414769 31.7 -22.518663355054574
vertex 5.75781814616828 31.7 -21.105721725547504
vertex 5.834936490538903 31.7 -21.25
endloop
endfacet
facet normal -0.0 0.9999999999999999 0.0
outer loop
vertex 5.791191519414769 31.7 -22.518663355054574
vertex 5.834936490538903 31.7 -21.25
vertex 5.921325969243637 31.7 -21.388925582549007
endloop
endfacet
facet normal 0.9951847266721967 0.0 -0.0980171403295616
outer loop
vertex 4.657172607150678 31.7 -19.78089951707902
vertex 4.657172607150678 32.4 -19.78089951707902
vertex 4.678659714397735 31.7 -19.562737256062828
endloop
endfacet
facet normal 0.9994645874763656 0.0 -0.03271908282177465
outer loop
vertex 4.657172607150678 31.7 -19.78089951707902
vertex 4.65 32.4 -20.0
vertex 4.657172607150678 32.4 -19.78089951707902
endloop
endfacet
facet normal 0.9951847266721967 0.0 -0.0980171403295616
outer loop
vertex 4.678659714397735 31.7 -19.562737256062828
vertex 4.657172607150678 32.4 -19.78089951707902
vertex 4.678659714397735 32.4 -19.562737256062828
endloop
endfacet
facet normal 0.0 1.0 -0.0
outer loop
vertex 4.714369310649178 31.7 -20.65355257875403
vertex 4.678659714397735 31.7 -19.562737256062828
vertex 4.714369310649178 31.7 -19.34644742124597
endloop
endfacet
facet normal 0.0 1.0 -0.0
outer loop
vertex 4.76414848193162 31.7 -20.867043801093445
vertex 4.714369310649178 31.7 -19.34644742124597
vertex 4.76414848193162 31.7 -19.132956198906555
endloop
endfacet
facet normal 0.9866433320848794 0.0 -0.16289547339458624
outer loop
vertex 4.678659714397735 31.7 -19.562737256062828
vertex 4.678659714397735 32.4 -19.562737256062828
vertex 4.714369310649178 31.7 -19.34644742124597
endloop
endfacet
facet normal 0.9866433320848794 0.0 -0.16289547339458624
outer loop
vertex 4.714369310649178 31.7 -19.34644742124597
vertex 4.678659714397735 32.4 -19.562737256062828
vertex 4.714369310649178 32.4 -19.34644742124597
endloop
endfacet
facet normal 0.0 1.0 -0.0
outer loop
vertex 4.827784066191396 31.7 -21.07682220876559
vertex 4.76414848193162 31.7 -19.132956198906555
vertex 4.827784066191396 31.7 -18.92317779123441
endloop
endfacet
facet normal 0.0 0.9999999999999999 -0.0
outer loop
vertex 4.905003566087189 31.7 -21.28198949842305
vertex 4.827784066191396 31.7 -18.92317779123441
vertex 4.905003566087189 31.7 -18.71801050157695
endloop
endfacet
facet normal 0.9738769792773342 0.0 -0.22707626303437087
outer loop
vertex 4.714369310649178 31.7 -19.34644742124597
vertex 4.714369310649178 32.4 -19.34644742124597
vertex 4.76414848193162 31.7 -19.132956198906555
endloop
endfacet
facet normal 0.956940335732208 0.0 -0.29028467725446466
outer loop
vertex 4.76414848193162 31.7 -19.132956198906555
vertex 4.76414848193162 32.4 -19.132956198906555
vertex 4.827784066191396 31.7 -18.92317779123441
endloop
endfacet
facet normal 0.9738769792773342 0.0 -0.22707626303437087
outer loop
vertex 4.76414848193162 31.7 -19.132956198906555
vertex 4.714369310649178 32.4 -19.34644742124597
vertex 4.76414848193162 32.4 -19.132956198906555
endloop
endfacet
facet normal 0.956940335732208 0.0 -0.29028467725446466
outer loop
vertex 4.827784066191396 31.7 -18.92317779123441
vertex 4.76414848193162 32.4 -19.132956198906555
vertex 4.827784066191396 32.4 -18.92317779123441
endloop
endfacet
facet normal 0.0 1.0 -0.0
outer loop
vertex 4.995476315865494 31.7 -21.481667112233655
vertex 4.905003566087189 31.7 -18.71801050157695
vertex 4.995476315865494 31.7 -18.518332887766345
endloop
endfacet
facet normal 0.0 0.9999999999999999 -0.0
outer loop
vertex 5.09881489732213 31.7 -21.675
vertex 4.995476315865494 31.7 -18.518332887766345
vertex 5.09881489732213 31.7 -18.325
endloop
endfacet
facet normal 0.9359059267573258 0.0 -0.35225004792123343
outer loop
vertex 4.827784066191396 31.7 -18.92317779123441
vertex 4.827784066191396 32.4 -18.92317779123441
vertex 4.905003566087189 31.7 -18.71801050157695
endloop
endfacet
facet normal 0.9359059267573258 0.0 -0.35225004792123343
outer loop
vertex 4.905003566087189 31.7 -18.71801050157695
vertex 4.827784066191396 32.4 -18.92317779123441
vertex 4.905003566087189 32.4 -18.71801050157695
endloop
endfacet
facet normal 0.9108638249211765 0.0 -0.4127070298043934
outer loop
vertex 4.905003566087189 31.7 -18.71801050157695
vertex 4.905003566087189 32.4 -18.71801050157695
vertex 4.995476315865494 31.7 -18.518332887766345
endloop
endfacet
facet normal 0.8819212643483545 0.0 -0.4713967368259985
outer loop
vertex 4.995476315865494 31.7 -18.518332887766345
vertex 4.995476315865494 32.4 -18.518332887766345
vertex 5.09881489732213 31.7 -18.325
endloop
endfacet
facet normal 0.9108638249211765 0.0 -0.4127070298043934
outer loop
vertex 4.995476315865494 31.7 -18.518332887766345
vertex 4.905003566087189 32.4 -18.71801050157695
vertex 4.995476315865494 32.4 -18.518332887766345
endloop
endfacet
facet normal 0.8492021815265776 0.0 -0.5280678506503701
outer loop
vertex 5.09881489732213 31.7 -18.325
vertex 5.09881489732213 32.4 -18.325
vertex 5.2145767987864735 31.7 -18.138839719384332
endloop
endfacet
facet normal 0.8819212643483545 0.0 -0.4713967368259985
outer loop
vertex 5.09881489732213 31.7 -18.325
vertex 4.995476315865494 32.4 -18.518332887766345
vertex 5.09881489732213 32.4 -18.325
endloop
endfacet
facet normal 0.0 1.0 -0.0
outer loop
vertex 5.2145767987864735 31.7 -21.861160280615668
vertex 5.09881489732213 31.7 -18.325
vertex 5.2145767987864735 31.7 -18.138839719384332
endloop
endfacet
facet normal 0.0 1.0 -0.0
outer loop
vertex 5.342266310024362 31.7 -22.039350787179213
vertex 5.2145767987864735 31.7 -18.138839719384332
vertex 5.342266310024362 31.7 -17.960649212820787
endloop
endfacet
facet normal 0.0 1.0 -0.0
outer loop
vertex 5.481336644945426 31.7 -22.20880848058523
vertex 5.342266310024362 31.7 -17.960649212820787
vertex 5.481336644945426 31.7 -17.79119151941477
endloop
endfacet
facet normal -0.0 0.9999999999999999 -0.0
outer loop
vertex 5.5 31.7 -20.0
vertex 5.481336644945426 31.7 -17.79119151941477
vertex 5.505352691903491 31.7 -19.836492176924644
endloop
endfacet
facet normal -0.0 1.0 -0.0
outer loop
vertex 5.505352691903491 31.7 -19.836492176924644
vertex 5.481336644945426 31.7 -17.79119151941477
vertex 5.521387846565474 31.7 -19.67368451944987
endloop
endfacet
facet normal -0.0 0.9999999999999999 -0.0
outer loop
vertex 5.521387846565474 31.7 -19.67368451944987
vertex 5.481336644945426 31.7 -17.79119151941477
vertex 5.548036798991924 31.7 -19.51227419495968
endloop
endfacet
facet normal 0.8128466845916138 0.0 -0.582477696867804
outer loop
vertex 5.2145767987864735 31.7 -18.138839719384332
vertex 5.2145767987864735 32.4 -18.138839719384332
vertex 5.342266310024362 31.7 -17.960649212820787
endloop
endfacet
facet normal 0.8492021815265776 0.0 -0.5280678506503701
outer loop
vertex 5.2145767987864735 31.7 -18.138839719384332
vertex 5.09881489732213 32.4 -18.325
vertex 5.2145767987864735 32.4 -18.138839719384332
endloop
endfacet
facet normal 0.8128466845916138 0.0 -0.582477696867804
outer loop
vertex 5.342266310024362 31.7 -17.960649212820787
vertex 5.2145767987864735 32.4 -18.138839719384332
vertex 5.342266310024362 32.4 -17.960649212820787
endloop
endfacet
facet normal -0.0 1.0 -0.0
outer loop
vertex 5.548036798991924 31.7 -19.51227419495968
vertex 5.481336644945426 31.7 -17.79119151941477
vertex 5.58518543427733 31.7 -19.352952387243697
endloop
endfacet
facet normal -0.0 1.0 0.0
outer loop
vertex 5.58518543427733 31.7 -19.352952387243697
vertex 5.631192283025066 31.7 -17.631192283025065
vertex 5.632674676262235 31.7 -19.196401336742095
endloop
endfacet
facet normal 0.0 1.0 -0.0
outer loop
vertex 5.58518543427733 31.7 -19.352952387243697
vertex 5.481336644945426 31.7 -17.79119151941477
vertex 5.631192283025066 31.7 -17.631192283025065
endloop
endfacet
facet normal -0.0 1.0 -0.0
outer loop
vertex 5.632674676262235 31.7 -19.196401336742095
vertex 5.631192283025066 31.7 -17.631192283025065
vertex 5.690301168721783 31.7 -19.043291419087275
endloop
endfacet
facet normal -0.0 1.0 -0.0
outer loop
vertex 5.690301168721783 31.7 -19.043291419087275
vertex 5.631192283025066 31.7 -17.631192283025065
vertex 5.75781814616828 31.7 -18.894278274452496
endloop
endfacet
facet normal 0.0 1.0 -0.0
outer loop
vertex 5.75781814616828 31.7 -18.894278274452496
vertex 5.631192283025066 31.7 -17.631192283025065
vertex 5.791191519414769 31.7 -17.481336644945426
endloop
endfacet
facet normal -0.0 1.0 0.0
outer loop
vertex 5.75781814616828 31.7 -18.894278274452496
vertex 5.791191519414769 31.7 -17.481336644945426
vertex 5.834936490538903 31.7 -18.75
endloop
endfacet
facet normal -0.0 0.9999999999999999 -0.0
outer loop
vertex 5.834936490538903 31.7 -18.75
vertex 5.791191519414769 31.7 -17.481336644945426
vertex 5.921325969243637 31.7 -18.611074417450993
endloop
endfacet
facet normal -0.0 1.0 0.0
outer loop
vertex 5.921325969243637 31.7 -18.611074417450993
vertex 5.960649212820786 31.7 -17.342266310024364
vertex 6.016616649271912 31.7 -18.4780964274782
endloop
endfacet
facet normal -0.0 1.0 -0.0
outer loop
vertex 6.016616649271912 31.7 -18.4780964274782
vertex 5.960649212820786 31.7 -17.342266310024364
vertex 6.120400481302557 31.7 -18.351635462249828
endloop
endfacet
facet normal 0.7730104533627368 0.0 -0.6343932841636456
outer loop
vertex 5.342266310024362 31.7 -17.960649212820787
vertex 5.342266310024362 32.4 -17.960649212820787
vertex 5.481336644945426 31.7 -17.79119151941477
endloop
endfacet
facet normal 0.7730104533627368 0.0 -0.6343932841636456
outer loop
vertex 5.481336644945426 31.7 -17.79119151941477
vertex 5.342266310024362 32.4 -17.960649212820787
vertex 5.481336644945426 32.4 -17.79119151941477
endloop
endfacet
facet normal 0.7298640726978386 0.0 -0.683592302022868
outer loop
vertex 5.481336644945426 31.7 -17.79119151941477
vertex 5.481336644945426 32.4 -17.79119151941477
vertex 5.631192283025066 31.7 -17.631192283025065
endloop
endfacet
facet normal 0.7298640726978386 0.0 -0.683592302022868
outer loop
vertex 5.631192283025066 31.7 -17.631192283025065
vertex 5.481336644945426 32.4 -17.79119151941477
vertex 5.631192283025066 32.4 -17.631192283025065
endloop
endfacet
facet normal 0.68359230202287 0.0 -0.7298640726978369
outer loop
vertex 5.631192283025066 31.7 -17.631192283025065
vertex 5.631192283025066 32.4 -17.631192283025065
vertex 5.791191519414769 31.7 -17.481336644945426
endloop
endfacet
facet normal 0.68359230202287 0.0 -0.7298640726978369
outer loop
vertex 5.791191519414769 31.7 -17.481336644945426
vertex 5.631192283025066 32.4 -17.631192283025065
vertex 5.791191519414769 32.4 -17.481336644945426
endloop
endfacet
facet normal 0.6343932841636409 0.0 -0.7730104533627409
outer loop
vertex 5.791191519414769 31.7 -17.481336644945426
vertex 5.791191519414769 32.4 -17.481336644945426
vertex 5.960649212820786 31.7 -17.342266310024364
endloop
endfacet
facet normal 0.0 1.0 -0.0
outer loop
vertex 5.921325969243637 31.7 -18.611074417450993
vertex 5.791191519414769 31.7 -17.481336644945426
vertex 5.960649212820786 31.7 -17.342266310024364
endloop
endfacet
facet normal -0.0 1.0 0.0
outer loop
vertex 5.960649212820786 31.7 -17.342266310024364
vertex 6.1388397193843325 31.7 -17.214576798786474
vertex 6.120400481302557 31.7 -18.351635462249828
endloop
endfacet
facet normal 0.6343932841636409 0.0 -0.7730104533627409
outer loop
vertex 5.960649212820786 31.7 -17.342266310024364
vertex 5.791191519414769 32.4 -17.481336644945426
vertex 5.960649212820786 32.4 -17.342266310024364
endloop
endfacet
facet normal 0.5824776968678048 0.0 -0.8128466845916132
outer loop
vertex 5.960649212820786 31.7 -17.342266310024364
vertex 5.960649212820786 32.4 -17.342266310024364
vertex 6.1388397193843325 31.7 -17.214576798786474
endloop
endfacet
facet normal 0.5824776968678048 0.0 -0.8128466845916132
outer loop
vertex 6.1388397193843325 31.7 -17.214576798786474
vertex 5.960649212820786 32.4 -17.342266310024364
vertex 6.1388397193843325 32.4 -17.214576798786474
endloop
endfacet
facet normal 0.5280678506503771 -0.0 0.8492021815265732
outer loop
vertex 6.1388397193843325 31.7 -22.785423201213526
vertex 6.325 31.7 -22.90118510267787
vertex 6.325 32.4 -22.90118510267787
endloop
endfacet
facet normal 0.47139673682598593 -0.0 0.8819212643483614
outer loop
vertex 6.325 31.7 -22.90118510267787
vertex 6.518332887766346 31.7 -23.004523684134504
vertex 6.518332887766346 32.4 -23.004523684134504
endloop
endfacet
facet normal 0.47139673682598593 0.0 0.8819212643483614
outer loop
vertex 6.325 31.7 -22.90118510267787
vertex 6.518332887766346 32.4 -23.004523684134504
vertex 6.325 32.4 -22.90118510267787
endloop
endfacet
facet normal 0.5280678506503771 0.0 0.8492021815265732
outer loop
vertex 6.1388397193843325 31.7 -22.785423201213526
vertex 6.325 32.4 -22.90118510267787
vertex 6.1388397193843325 32.4 -22.785423201213526
endloop
endfacet
facet normal -0.0 1.0 0.0
outer loop
vertex 6.1388397193843325 31.7 -22.785423201213526
vertex 6.351635462249828 31.7 -21.879599518697443
vertex 6.325 31.7 -22.90118510267787
endloop
endfacet
facet normal -0.0 0.9999999999999999 -0.0
outer loop
vertex 6.1388397193843325 31.7 -22.785423201213526
vertex 6.120400481302557 31.7 -21.648364537750172
vertex 6.232233047033631 31.7 -21.76776695296637
endloop
endfacet
facet normal -0.0 1.0 0.0
outer loop
vertex 6.1388397193843325 31.7 -22.785423201213526
vertex 6.232233047033631 31.7 -21.76776695296637
vertex 6.351635462249828 31.7 -21.879599518697443
endloop
endfacet
facet normal -0.0 1.0 0.0
outer loop
vertex 6.325 31.7 -22.90118510267787
vertex 6.611074417450995 31.7 -22.078674030756364
vertex 6.518332887766346 31.7 -23.004523684134504
endloop
endfacet
facet normal -0.0 1.0 0.0
outer loop
vertex 6.325 31.7 -22.90118510267787
vertex 6.351635462249828 31.7 -21.879599518697443
vertex 6.4780964274781985 31.7 -21.983383350728086
endloop
endfacet
facet normal -0.0 1.0 0.0
outer loop
vertex 6.325 31.7 -22.90118510267787
vertex 6.4780964274781985 31.7 -21.983383350728086
vertex 6.611074417450995 31.7 -22.078674030756364
endloop
endfacet
facet normal 0.4127070298044034 -0.0 0.9108638249211718
outer loop
vertex 6.518332887766346 31.7 -23.004523684134504
vertex 6.718010501576949 31.7 -23.09499643391281
vertex 6.718010501576949 32.4 -23.09499643391281
endloop
endfacet
facet normal 0.4127070298044034 0.0 0.9108638249211718
outer loop
vertex 6.518332887766346 31.7 -23.004523684134504
vertex 6.718010501576949 32.4 -23.09499643391281
vertex 6.518332887766346 32.4 -23.004523684134504
endloop
endfacet
facet normal 0.35225004792123477 0.0 0.9359059267573254
outer loop
vertex 6.718010501576949 31.7 -23.09499643391281
vertex 6.923177791234409 32.4 -23.172215933808605
vertex 6.718010501576949 32.4 -23.09499643391281
endloop
endfacet
facet normal 0.35225004792123477 -0.0 0.9359059267573254
outer loop
vertex 6.718010501576949 31.7 -23.09499643391281
vertex 6.923177791234409 31.7 -23.172215933808605
vertex 6.923177791234409 32.4 -23.172215933808605
endloop
endfacet
facet normal -0.0 1.0 0.0
outer loop
vertex 6.718010501576949 31.7 -23.09499643391281
vertex 6.894278274452496 31.7 -22.24218185383172
vertex 6.923177791234409 31.7 -23.172215933808605
endloop
endfacet
facet normal 0.290284677254461 0.0 0.9569403357322094
outer loop
vertex 6.923177791234409 31.7 -23.172215933808605
vertex 7.132956198906555 32.4 -23.23585151806838
vertex 6.923177791234409 32.4 -23.172215933808605
endloop
endfacet
facet normal -0.0 1.0 0.0
outer loop
vertex 6.518332887766346 31.7 -23.004523684134504
vertex 6.75 31.7 -22.165063509461095
vertex 6.718010501576949 31.7 -23.09499643391281
endloop
endfacet
facet normal -0.0 1.0 0.0
outer loop
vertex 6.518332887766346 31.7 -23.004523684134504
vertex 6.611074417450995 31.7 -22.078674030756364
vertex 6.75 31.7 -22.165063509461095
endloop
endfacet
facet normal -0.0 1.0 0.0
outer loop
vertex 6.718010501576949 31.7 -23.09499643391281
vertex 6.75 31.7 -22.165063509461095
vertex 6.894278274452496 31.7 -22.24218185383172
endloop
endfacet
facet normal -0.0 1.0 -0.0
outer loop
vertex 6.923177791234409 31.7 -23.172215933808605
vertex 6.894278274452496 31.7 -22.24218185383172
vertex 7.043291419087275 31.7 -22.30969883127822
endloop
endfacet
facet normal 0.290284677254461 -0.0 0.9569403357322094
outer loop
vertex 6.923177791234409 31.7 -23.172215933808605
vertex 7.132956198906555 31.7 -23.23585151806838
vertex 7.132956198906555 32.4 -23.23585151806838
endloop
endfacet
facet normal -0.0 1.0 0.0
outer loop
vertex 6.923177791234409 31.7 -23.172215933808605
vertex 7.196401336742096 31.7 -22.367325323737763
vertex 7.132956198906555 31.7 -23.23585151806838
endloop
endfacet
facet normal 0.22707626303436612 -0.0 0.9738769792773354
outer loop
vertex 7.132956198906555 31.7 -23.23585151806838
vertex 7.34644742124597 31.7 -23.28563068935082
vertex 7.34644742124597 32.4 -23.28563068935082
endloop
endfacet
facet normal -0.0 1.0 0.0
outer loop
vertex 7.132956198906555 31.7 -23.23585151806838
vertex 7.352952387243699 31.7 -22.414814565722672
vertex 7.34644742124597 31.7 -23.28563068935082
endloop
endfacet
facet normal 0.22707626303436612 0.0 0.9738769792773354
outer loop
vertex 7.132956198906555 31.7 -23.23585151806838
vertex 7.34644742124597 32.4 -23.28563068935082
vertex 7.132956198906555 32.4 -23.23585151806838
endloop
endfacet
facet normal 0.1628954733945915 -0.0 0.9866433320848786
outer loop
vertex 7.34644742124597 31.7 -23.28563068935082
vertex 7.562737256062827 31.7 -23.321340285602265
vertex 7.562737256062827 32.4 -23.321340285602265
endloop
endfacet
facet normal 0.1628954733945915 0.0 0.9866433320848786
outer loop
vertex 7.34644742124597 31.7 -23.28563068935082
vertex 7.562737256062827 32.4 -23.321340285602265
vertex 7.34644742124597 32.4 -23.28563068935082
endloop
endfacet
facet normal -0.0 1.0 0.0
outer loop
vertex 6.923177791234409 31.7 -23.172215933808605
vertex 7.043291419087275 31.7 -22.30969883127822
vertex 7.196401336742096 31.7 -22.367325323737763
endloop
endfacet
facet normal -0.0 1.0 0.0
outer loop
vertex 7.132956198906555 31.7 -23.23585151806838
vertex 7.196401336742096 31.7 -22.367325323737763
vertex 7.352952387243699 31.7 -22.414814565722672
endloop
endfacet
facet normal -0.0 1.0 0.0
outer loop
vertex 7.34644742124597 31.7 -23.28563068935082
vertex 7.352952387243699 31.7 -22.414814565722672
vertex 7.512274194959679 31.7 -22.451963201008077
endloop
endfacet
facet normal -0.0 1.0 0.0
outer loop
vertex 7.34644742124597 31.7 -23.28563068935082
vertex 7.512274194959679 31.7 -22.451963201008077
vertex 7.673684519449871 31.7 -22.478612153434526
endloop
endfacet
facet normal 0.09801714032956524 0.0 0.9951847266721965
outer loop
vertex 7.562737256062827 31.7 -23.321340285602265
vertex 7.780899517079021 32.4 -23.342827392849323
vertex 7.562737256062827 32.4 -23.321340285602265
endloop
endfacet
facet normal 0.09801714032956524 -0.0 0.9951847266721965
outer loop
vertex 7.562737256062827 31.7 -23.321340285602265
vertex 7.780899517079021 31.7 -23.342827392849323
vertex 7.780899517079021 32.4 -23.342827392849323
endloop
endfacet
facet normal -0.0 1.0 0.0
outer loop
vertex 7.34644742124597 31.7 -23.28563068935082
vertex 7.673684519449871 31.7 -22.478612153434526
vertex 7.562737256062827 31.7 -23.321340285602265
endloop
endfacet
facet normal -0.0 1.0 0.0
outer loop
vertex 7.562737256062827 31.7 -23.321340285602265
vertex 7.836492176924643 31.7 -22.49464730809651
vertex 7.780899517079021 31.7 -23.342827392849323
endloop
endfacet
facet normal 0.032719082821778704 0.0 0.9994645874763655
outer loop
vertex 7.780899517079021 31.7 -23.342827392849323
vertex 8.0 32.4 -23.35
vertex 7.780899517079021 32.4 -23.342827392849323
endloop
endfacet
facet normal 0.032719082821778704 -0.0 0.9994645874763655
outer loop
vertex 7.780899517079021 31.7 -23.342827392849323
vertex 8.0 31.7 -23.35
vertex 8.0 32.4 -23.35
endloop
endfacet
facet normal -0.0 1.0 0.0
outer loop
vertex 7.780899517079021 31.7 -23.342827392849323
vertex 8.0 31.7 -22.5
vertex 8.0 31.7 -23.35
endloop
endfacet
facet normal -0.0 1.0 0.0
outer loop
vertex 7.562737256062827 31.7 -23.321340285602265
vertex 7.673684519449871 31.7 -22.478612153434526
vertex 7.836492176924643 31.7 -22.49464730809651
endloop
endfacet
facet normal -0.0 1.0 0.0
outer loop
vertex 7.780899517079021 31.7 -23.342827392849323
vertex 7.836492176924643 31.7 -22.49464730809651
vertex 8.0 31.7 -22.5
endloop
endfacet
facet normal -0.0 1.0 0.0
outer loop
vertex 6.120400481302557 31.7 -18.351635462249828
vertex 6.1388397193843325 31.7 -17.214576798786474
vertex 6.232233047033631 31.7 -18.23223304703363
endloop
endfacet
facet normal -0.0 1.0 0.0
outer loop
vertex 6.232233047033631 31.7 -18.23223304703363
vertex 6.325 31.7 -17.09881489732213
vertex 6.351635462249828 31.7 -18.120400481302557
endloop
endfacet
facet normal 0.0 1.0 -0.0
outer loop
vertex 6.232233047033631 31.7 -18.23223304703363
vertex 6.1388397193843325 31.7 -17.214576798786474
vertex 6.325 31.7 -17.09881489732213
endloop
endfacet
facet normal 0.5280678506503771 0.0 -0.8492021815265732
outer loop
vertex 6.1388397193843325 31.7 -17.214576798786474
vertex 6.1388397193843325 32.4 -17.214576798786474
vertex 6.325 31.7 -17.09881489732213
endloop
endfacet
facet normal 0.5280678506503771 0.0 -0.8492021815265732
outer loop
vertex 6.325 31.7 -17.09881489732213
vertex 6.1388397193843325 32.4 -17.214576798786474
vertex 6.325 32.4 -17.09881489732213
endloop
endfacet
facet normal -0.0 1.0 -0.0
outer loop
vertex 6.351635462249828 31.7 -18.120400481302557
vertex 6.325 31.7 -17.09881489732213
vertex 6.4780964274781985 31.7 -18.016616649271914
endloop
endfacet
facet normal -0.0 1.0 0.0
outer loop
vertex 6.4780964274781985 31.7 -18.016616649271914
vertex 6.518332887766346 31.7 -16.995476315865496
vertex 6.611074417450995 31.7 -17.921325969243636
endloop
endfacet
facet normal 0.0 0.9999999999999999 -0.0
outer loop
vertex 6.4780964274781985 31.7 -18.016616649271914
vertex 6.325 31.7 -17.09881489732213
vertex 6.518332887766346 31.7 -16.995476315865496
endloop
endfacet
facet normal 0.47139673682598593 0.0 -0.8819212643483614
outer loop
vertex 6.325 31.7 -17.09881489732213
vertex 6.325 32.4 -17.09881489732213
vertex 6.518332887766346 31.7 -16.995476315865496
endloop
endfacet
facet normal 0.47139673682598593 0.0 -0.8819212643483614
outer loop
vertex 6.518332887766346 31.7 -16.995476315865496
vertex 6.325 32.4 -17.09881489732213
vertex 6.518332887766346 32.4 -16.995476315865496
endloop
endfacet
facet normal -0.0 1.0 0.0
outer loop
vertex 6.611074417450995 31.7 -17.921325969243636
vertex 6.718010501576949 31.7 -16.90500356608719
vertex 6.75 31.7 -17.834936490538905
endloop
endfacet
facet normal -0.0 1.0 -0.0
outer loop
vertex 6.75 31.7 -17.834936490538905
vertex 6.718010501576949 31.7 -16.90500356608719
vertex 6.894278274452496 31.7 -17.75781814616828
endloop
endfacet
facet normal 0.0 1.0 -0.0
outer loop
vertex 6.611074417450995 31.7 -17.921325969243636
vertex 6.518332887766346 31.7 -16.995476315865496
vertex 6.718010501576949 31.7 -16.90500356608719
endloop
endfacet
facet normal 0.0 1.0 -0.0
outer loop
vertex 6.894278274452496 31.7 -17.75781814616828
vertex 6.718010501576949 31.7 -16.90500356608719
vertex 6.923177791234409 31.7 -16.827784066191395
endloop
endfacet
facet normal -0.0 1.0 0.0
outer loop
vertex 6.894278274452496 31.7 -17.75781814616828
vertex 6.923177791234409 31.7 -16.827784066191395
vertex 7.043291419087275 31.7 -17.69030116872178
endloop
endfacet
facet normal -0.0 1.0 0.0
outer loop
vertex 6.923177791234409 31.7 -16.827784066191395
vertex 7.132956198906555 31.7 -16.76414848193162
vertex 7.043291419087275 31.7 -17.69030116872178
endloop
endfacet
facet normal 0.4127070298044034 0.0 -0.9108638249211718
outer loop
vertex 6.518332887766346 31.7 -16.995476315865496
vertex 6.518332887766346 32.4 -16.995476315865496
vertex 6.718010501576949 31.7 -16.90500356608719
endloop
endfacet
facet normal 0.4127070298044034 0.0 -0.9108638249211718
outer loop
vertex 6.718010501576949 31.7 -16.90500356608719
vertex 6.518332887766346 32.4 -16.995476315865496
vertex 6.718010501576949 32.4 -16.90500356608719
endloop
endfacet
facet normal 0.35225004792123477 0.0 -0.9359059267573254
outer loop
vertex 6.718010501576949 31.7 -16.90500356608719
vertex 6.718010501576949 32.4 -16.90500356608719
vertex 6.923177791234409 31.7 -16.827784066191395
endloop
endfacet
facet normal 0.35225004792123477 0.0 -0.9359059267573254
outer loop
vertex 6.923177791234409 31.7 -16.827784066191395
vertex 6.718010501576949 32.4 -16.90500356608719
vertex 6.923177791234409 32.4 -16.827784066191395
endloop
endfacet
facet normal 0.290284677254461 0.0 -0.9569403357322094
outer loop
vertex 6.923177791234409 31.7 -16.827784066191395
vertex 6.923177791234409 32.4 -16.827784066191395
vertex 7.132956198906555 31.7 -16.76414848193162
endloop
endfacet
facet normal -0.0 1.0 0.0
outer loop
vertex 7.043291419087275 31.7 -17.69030116872178
vertex 7.132956198906555 31.7 -16.76414848193162
vertex 7.196401336742096 31.7 -17.632674676262237
endloop
endfacet
facet normal 0.0 1.0 -0.0
outer loop
vertex 7.196401336742096 31.7 -17.632674676262237
vertex 7.132956198906555 31.7 -16.76414848193162
vertex 7.34644742124597 31.7 -16.71436931064918
endloop
endfacet
facet normal -0.0 0.9999999999999999 0.0
outer loop
vertex 7.196401336742096 31.7 -17.632674676262237
vertex 7.34644742124597 31.7 -16.71436931064918
vertex 7.352952387243699 31.7 -17.585185434277328
endloop
endfacet
facet normal -0.0 1.0 -0.0
outer loop
vertex 7.352952387243699 31.7 -17.585185434277328
vertex 7.34644742124597 31.7 -16.71436931064918
vertex 7.512274194959679 31.7 -17.548036798991923
endloop
endfacet
facet normal 0.0 1.0 -0.0
outer loop
vertex 7.512274194959679 31.7 -17.548036798991923
vertex 7.34644742124597 31.7 -16.71436931064918
vertex 7.562737256062827 31.7 -16.678659714397735
endloop
endfacet
facet normal 0.290284677254461 0.0 -0.9569403357322094
outer loop
vertex 7.132956198906555 31.7 -16.76414848193162
vertex 6.923177791234409 32.4 -16.827784066191395
vertex 7.132956198906555 32.4 -16.76414848193162
endloop
endfacet
facet normal 0.22707626303436612 0.0 -0.9738769792773354
outer loop
vertex 7.132956198906555 31.7 -16.76414848193162
vertex 7.132956198906555 32.4 -16.76414848193162
vertex 7.34644742124597 31.7 -16.71436931064918
endloop
endfacet
facet normal 0.22707626303436612 0.0 -0.9738769792773354
outer loop
vertex 7.34644742124597 31.7 -16.71436931064918
vertex 7.132956198906555 32.4 -16.76414848193162
vertex 7.34644742124597 32.4 -16.71436931064918
endloop
endfacet
facet normal 0.1628954733945915 0.0 -0.9866433320848786
outer loop
vertex 7.34644742124597 31.7 -16.71436931064918
vertex 7.34644742124597 32.4 -16.71436931064918
vertex 7.562737256062827 31.7 -16.678659714397735
endloop
endfacet
facet normal 0.1628954733945915 0.0 -0.9866433320848786
outer loop
vertex 7.562737256062827 31.7 -16.678659714397735
vertex 7.34644742124597 32.4 -16.71436931064918
vertex 7.562737256062827 32.4 -16.678659714397735
endloop
endfacet
facet normal -0.0 1.0 0.0
outer loop
vertex 7.512274194959679 31.7 -17.548036798991923
vertex 7.562737256062827 31.7 -16.678659714397735
vertex 7.673684519449871 31.7 -17.521387846565474
endloop
endfacet
facet normal -0.0 1.0 0.0
outer loop
vertex 7.673684519449871 31.7 -17.521387846565474
vertex 7.780899517079021 31.7 -16.657172607150677
vertex 7.836492176924643 31.7 -17.50535269190349
endloop
endfacet
facet normal -0.0 0.9999999999999999 0.0
outer loop
vertex 7.836492176924643 31.7 -17.50535269190349
vertex 8.0 31.7 -16.65
vertex 8.0 31.7 -17.5
endloop
endfacet
facet normal 0.09801714032956524 0.0 -0.9951847266721965
outer loop
vertex 7.562737256062827 31.7 -16.678659714397735
vertex 7.562737256062827 32.4 -16.678659714397735
vertex 7.780899517079021 31.7 -16.657172607150677
endloop
endfacet
facet normal 0.0 0.9999999999999999 -0.0
outer loop
vertex 7.673684519449871 31.7 -17.521387846565474
vertex 7.562737256062827 31.7 -16.678659714397735
vertex 7.780899517079021 31.7 -16.657172607150677
endloop
endfacet
facet normal 0.09801714032956524 0.0 -0.9951847266721965
outer loop
vertex 7.780899517079021 31.7 -16.657172607150677
vertex 7.562737256062827 32.4 -16.678659714397735
vertex 7.780899517079021 32.4 -16.657172607150677
endloop
endfacet
facet normal 0.0 1.0 -0.0
outer loop
vertex 7.836492176924643 31.7 -17.50535269190349
vertex 7.780899517079021 31.7 -16.657172607150677
vertex 8.0 31.7 -16.65
endloop
endfacet
facet normal 0.032719082821778704 0.0 -0.9994645874763655
outer loop
vertex 7.780899517079021 31.7 -16.657172607150677
vertex 7.780899517079021 32.4 -16.657172607150677
vertex 8.0 31.7 -16.65
endloop
endfacet
facet normal 0.032719082821778704 0.0 -0.9994645874763655
outer loop
vertex 8.0 31.7 -16.65
vertex 7.780899517079021 32.4 -16.657172607150677
vertex 8.0 32.4 -16.65
endloop
endfacet
facet normal -0.032719082821778704 0.0 0.9994645874763655
outer loop
vertex 8.0 31.7 -23.35
vertex 8.219100482920979 32.4 -23.342827392849323
vertex 8.0 32.4 -23.35
endloop
endfacet
facet normal -0.032719082821778704 0.0 0.9994645874763655
outer loop
vertex 8.0 31.7 -23.35
vertex 8.219100482920979 31.7 -23.342827392849323
vertex 8.219100482920979 32.4 -23.342827392849323
endloop
endfacet
facet normal -0.0 1.0 0.0
outer loop
vertex 8.0 31.7 -23.35
vertex 8.163507823075358 31.7 -22.49464730809651
vertex 8.219100482920979 31.7 -23.342827392849323
endloop
endfacet
facet normal -0.09801714032956563 0.0 0.9951847266721964
outer loop
vertex 8.219100482920979 31.7 -23.342827392849323
vertex 8.437262743937172 32.4 -23.321340285602265
vertex 8.219100482920979 32.4 -23.342827392849323
endloop
endfacet
facet normal -0.09801714032956563 0.0 0.9951847266721964
outer loop
vertex 8.219100482920979 31.7 -23.342827392849323
vertex 8.437262743937172 31.7 -23.321340285602265
vertex 8.437262743937172 32.4 -23.321340285602265
endloop
endfacet
facet normal -0.0 1.0 0.0
outer loop
vertex 8.219100482920979 31.7 -23.342827392849323
vertex 8.326315480550129 31.7 -22.478612153434526
vertex 8.437262743937172 31.7 -23.321340285602265
endloop
endfacet
facet normal 0.0 1.0 0.0
outer loop
vertex 8.0 31.7 -23.35
vertex 8.0 31.7 -22.5
vertex 8.163507823075358 31.7 -22.49464730809651
endloop
endfacet
facet normal 0.0 1.0 -0.0
outer loop
vertex 8.219100482920979 31.7 -23.342827392849323
vertex 8.163507823075358 31.7 -22.49464730809651
vertex 8.326315480550129 31.7 -22.478612153434526
endloop
endfacet
facet normal 0.0 1.0 -0.0
outer loop
vertex 8.437262743937172 31.7 -23.321340285602265
vertex 8.326315480550129 31.7 -22.478612153434526
vertex 8.48772580504032 31.7 -22.451963201008077
endloop
endfacet
facet normal -0.1628954733945915 0.0 0.9866433320848786
outer loop
vertex 8.437262743937172 31.7 -23.321340285602265
vertex 8.653552578754029 31.7 -23.28563068935082
vertex 8.653552578754029 32.4 -23.28563068935082
endloop
endfacet
facet normal -0.0 1.0 0.0
outer loop
vertex 8.437262743937172 31.7 -23.321340285602265
vertex 8.48772580504032 31.7 -22.451963201008077
vertex 8.653552578754029 31.7 -23.28563068935082
endloop
endfacet
facet normal -0.1628954733945915 0.0 0.9866433320848786
outer loop
vertex 8.437262743937172 31.7 -23.321340285602265
vertex 8.653552578754029 32.4 -23.28563068935082
vertex 8.437262743937172 32.4 -23.321340285602265
endloop
endfacet
facet normal -0.2270762630343652 0.0 0.9738769792773355
outer loop
vertex 8.653552578754029 31.7 -23.28563068935082
vertex 8.867043801093445 31.7 -23.23585151806838
vertex 8.867043801093445 32.4 -23.23585151806838
endloop
endfacet
facet normal -0.0 0.9999999999999999 0.0
outer loop
vertex 8.653552578754029 31.7 -23.28563068935082
vertex 8.803598663257905 31.7 -22.367325323737763
vertex 8.867043801093445 31.7 -23.23585151806838
endloop
endfacet
facet normal -0.2270762630343652 0.0 0.9738769792773355
outer loop
vertex 8.653552578754029 31.7 -23.28563068935082
vertex 8.867043801093445 32.4 -23.23585151806838
vertex 8.653552578754029 32.4 -23.28563068935082
endloop
endfacet
facet normal -0.290284677254461 0.0 0.9569403357322094
outer loop
vertex 8.867043801093445 31.7 -23.23585151806838
vertex 9.076822208765591 32.4 -23.172215933808605
vertex 8.867043801093445 32.4 -23.23585151806838
endloop
endfacet
facet normal 0.0 1.0 -0.0
outer loop
vertex 8.653552578754029 31.7 -23.28563068935082
vertex 8.48772580504032 31.7 -22.451963201008077
vertex 8.647047612756301 31.7 -22.414814565722672
endloop
endfacet
facet normal 0.0 1.0 -0.0
outer loop
vertex 8.653552578754029 31.7 -23.28563068935082
vertex 8.647047612756301 31.7 -22.414814565722672
vertex 8.803598663257905 31.7 -22.367325323737763
endloop
endfacet
facet normal 0.0 1.0 -0.0
outer loop
vertex 8.867043801093445 31.7 -23.23585151806838
vertex 8.803598663257905 31.7 -22.367325323737763
vertex 8.956708580912725 31.7 -22.30969883127822
endloop
endfacet
facet normal -0.290284677254461 0.0 0.9569403357322094
outer loop
vertex 8.867043801093445 31.7 -23.23585151806838
vertex 9.076822208765591 31.7 -23.172215933808605
vertex 9.076822208765591 32.4 -23.172215933808605
endloop
endfacet
facet normal -0.0 1.0 0.0
outer loop
vertex 8.867043801093445 31.7 -23.23585151806838
vertex 8.956708580912725 31.7 -22.30969883127822
vertex 9.076822208765591 31.7 -23.172215933808605
endloop
endfacet
facet normal -0.0 1.0 0.0
outer loop
vertex 9.076822208765591 31.7 -23.172215933808605
vertex 9.105721725547504 31.7 -22.24218185383172
vertex 9.281989498423052 31.7 -23.09499643391281
endloop
endfacet
facet normal -0.35225004792123343 0.0 0.9359059267573258
outer loop
vertex 9.076822208765591 31.7 -23.172215933808605
vertex 9.281989498423052 32.4 -23.09499643391281
vertex 9.076822208765591 32.4 -23.172215933808605
endloop
endfacet
facet normal -0.35225004792123343 0.0 0.9359059267573258
outer loop
vertex 9.076822208765591 31.7 -23.172215933808605
vertex 9.281989498423052 31.7 -23.09499643391281
vertex 9.281989498423052 32.4 -23.09499643391281
endloop
endfacet
facet normal -0.4127070298044034 0.0 0.9108638249211718
outer loop
vertex 9.281989498423052 31.7 -23.09499643391281
vertex 9.481667112233655 31.7 -23.004523684134504
vertex 9.481667112233655 32.4 -23.004523684134504
endloop
endfacet
facet normal -0.4127070298044034 0.0 0.9108638249211718
outer loop
vertex 9.281989498423052 31.7 -23.09499643391281
vertex 9.481667112233655 32.4 -23.004523684134504
vertex 9.281989498423052 32.4 -23.09499643391281
endloop
endfacet
facet normal -0.0 1.0 0.0
outer loop
vertex 8.956708580912725 31.7 -22.30969883127822
vertex 9.105721725547504 31.7 -22.24218185383172
vertex 9.076822208765591 31.7 -23.172215933808605
endloop
endfacet
facet normal 0.0 1.0 -0.0
outer loop
vertex 9.281989498423052 31.7 -23.09499643391281
vertex 9.105721725547504 31.7 -22.24218185383172
vertex 9.25 31.7 -22.165063509461095
endloop
endfacet
facet normal -0.0 1.0 0.0
outer loop
vertex 9.281989498423052 31.7 -23.09499643391281
vertex 9.388925582549005 31.7 -22.078674030756364
vertex 9.481667112233655 31.7 -23.004523684134504
endloop
endfacet
facet normal 0.0 1.0 -0.0
outer loop
vertex 9.281989498423052 31.7 -23.09499643391281
vertex 9.25 31.7 -22.165063509461095
vertex 9.388925582549005 31.7 -22.078674030756364
endloop
endfacet
facet normal -0.47139673682598593 0.0 0.8819212643483614
outer loop
vertex 9.481667112233655 31.7 -23.004523684134504
vertex 9.675 31.7 -22.90118510267787
vertex 9.675 32.4 -22.90118510267787
endloop
endfacet
facet normal -0.47139673682598593 0.0 0.8819212643483614
outer loop
vertex 9.481667112233655 31.7 -23.004523684134504
vertex 9.675 32.4 -22.90118510267787
vertex 9.481667112233655 32.4 -23.004523684134504
endloop
endfacet
facet normal -0.528067850650379 0.0 0.8492021815265722
outer loop
vertex 9.675 31.7 -22.90118510267787
vertex 9.861160280615668 32.4 -22.785423201213526
vertex 9.675 32.4 -22.90118510267787
endloop
endfacet
facet normal -0.0 1.0 0.0
outer loop
vertex 9.388925582549005 31.7 -22.078674030756364
vertex 9.5219035725218 31.7 -21.983383350728086
vertex 9.481667112233655 31.7 -23.004523684134504
endloop
endfacet
facet normal -0.0 0.9999999999999999 0.0
outer loop
vertex 9.481667112233655 31.7 -23.004523684134504
vertex 9.5219035725218 31.7 -21.983383350728086
vertex 9.675 31.7 -22.90118510267787
endloop
endfacet
facet normal 0.0 1.0 -0.0
outer loop
vertex 9.675 31.7 -22.90118510267787
vertex 9.5219035725218 31.7 -21.983383350728086
vertex 9.648364537750172 31.7 -21.879599518697443
endloop
endfacet
facet normal -0.0 1.0 0.0
outer loop
vertex 9.675 31.7 -22.90118510267787
vertex 9.767766952966369 31.7 -21.76776695296637
vertex 9.861160280615668 31.7 -22.785423201213526
endloop
endfacet
facet normal -0.528067850650379 0.0 0.8492021815265722
outer loop
vertex 9.675 31.7 -22.90118510267787
vertex 9.861160280615668 31.7 -22.785423201213526
vertex 9.861160280615668 32.4 -22.785423201213526
endloop
endfacet
facet normal 0.0 0.9999999999999999 -0.0
outer loop
vertex 9.675 31.7 -22.90118510267787
vertex 9.648364537750172 31.7 -21.879599518697443
vertex 9.767766952966369 31.7 -21.76776695296637
endloop
endfacet
facet normal 0.0 1.0 -0.0
outer loop
vertex 9.861160280615668 31.7 -22.785423201213526
vertex 9.767766952966369 31.7 -21.76776695296637
vertex 9.879599518697443 31.7 -21.648364537750172
endloop
endfacet
facet normal -0.0 1.0 0.0
outer loop
vertex 8.0 31.7 -17.5
vertex 8.219100482920979 31.7 -16.657172607150677
vertex 8.163507823075358 31.7 -17.50535269190349
endloop
endfacet
facet normal -0.0 1.0 0.0
outer loop
vertex 8.163507823075358 31.7 -17.50535269190349
vertex 8.437262743937172 31.7 -16.678659714397735
vertex 8.326315480550129 31.7 -17.521387846565474
endloop
endfacet
facet normal -0.0 1.0 0.0
outer loop
vertex 8.0 31.7 -17.5
vertex 8.0 31.7 -16.65
vertex 8.219100482920979 31.7 -16.657172607150677
endloop
endfacet
facet normal -0.032719082821778704 0.0 -0.9994645874763655
outer loop
vertex 8.0 31.7 -16.65
vertex 8.0 32.4 -16.65
vertex 8.219100482920979 31.7 -16.657172607150677
endloop
endfacet
facet normal -0.032719082821778704 0.0 -0.9994645874763655
outer loop
vertex 8.219100482920979 31.7 -16.657172607150677
vertex 8.0 32.4 -16.65
vertex 8.219100482920979 32.4 -16.657172607150677
endloop
endfacet
facet normal -0.0 0.9999999999999999 0.0
outer loop
vertex 8.163507823075358 31.7 -17.50535269190349
vertex 8.219100482920979 31.7 -16.657172607150677
vertex 8.437262743937172 31.7 -16.678659714397735
endloop
endfacet
facet normal -0.09801714032956563 0.0 -0.9951847266721964
outer loop
vertex 8.219100482920979 31.7 -16.657172607150677
vertex 8.219100482920979 32.4 -16.657172607150677
vertex 8.437262743937172 31.7 -16.678659714397735
endloop
endfacet
facet normal -0.0 1.0 0.0
outer loop
vertex 8.326315480550129 31.7 -17.521387846565474
vertex 8.437262743937172 31.7 -16.678659714397735
vertex 8.653552578754029 31.7 -16.71436931064918
endloop
endfacet
facet normal -0.09801714032956563 0.0 -0.9951847266721964
outer loop
vertex 8.437262743937172 31.7 -16.678659714397735
vertex 8.219100482920979 32.4 -16.657172607150677
vertex 8.437262743937172 32.4 -16.678659714397735
endloop
endfacet
facet normal -0.0 1.0 0.0
outer loop
vertex 8.326315480550129 31.7 -17.521387846565474
vertex 8.653552578754029 31.7 -16.71436931064918
vertex 8.48772580504032 31.7 -17.548036798991923
endloop
endfacet
facet normal -0.0 1.0 0.0
outer loop
vertex 8.48772580504032 31.7 -17.548036798991923
vertex 8.653552578754029 31.7 -16.71436931064918
vertex 8.647047612756301 31.7 -17.585185434277328
endloop
endfacet
facet normal -0.0 1.0 0.0
outer loop
vertex 8.647047612756301 31.7 -17.585185434277328
vertex 8.867043801093445 31.7 -16.76414848193162
vertex 8.803598663257905 31.7 -17.632674676262237
endloop
endfacet
facet normal -0.0 1.0 0.0
outer loop
vertex 8.647047612756301 31.7 -17.585185434277328
vertex 8.653552578754029 31.7 -16.71436931064918
vertex 8.867043801093445 31.7 -16.76414848193162
endloop
endfacet
facet normal -0.0 1.0 0.0
outer loop
vertex 8.803598663257905 31.7 -17.632674676262237
vertex 9.076822208765591 31.7 -16.827784066191395
vertex 8.956708580912725 31.7 -17.69030116872178
endloop
endfacet
facet normal -0.0 1.0 0.0
outer loop
vertex 8.803598663257905 31.7 -17.632674676262237
vertex 8.867043801093445 31.7 -16.76414848193162
vertex 9.076822208765591 31.7 -16.827784066191395
endloop
endfacet
facet normal -0.1628954733945915 0.0 -0.9866433320848786
outer loop
vertex 8.437262743937172 31.7 -16.678659714397735
vertex 8.437262743937172 32.4 -16.678659714397735
vertex 8.653552578754029 31.7 -16.71436931064918
endloop
endfacet
facet normal -0.1628954733945915 0.0 -0.9866433320848786
outer loop
vertex 8.653552578754029 31.7 -16.71436931064918
vertex 8.437262743937172 32.4 -16.678659714397735
vertex 8.653552578754029 32.4 -16.71436931064918
endloop
endfacet
facet normal -0.2270762630343652 0.0 -0.9738769792773355
outer loop
vertex 8.653552578754029 31.7 -16.71436931064918
vertex 8.653552578754029 32.4 -16.71436931064918
vertex 8.867043801093445 31.7 -16.76414848193162
endloop
endfacet
facet normal -0.2270762630343652 0.0 -0.9738769792773355
outer loop
vertex 8.867043801093445 31.7 -16.76414848193162
vertex 8.653552578754029 32.4 -16.71436931064918
vertex 8.867043801093445 32.4 -16.76414848193162
endloop
endfacet
facet normal -0.290284677254461 0.0 -0.9569403357322094
outer loop
vertex 8.867043801093445 31.7 -16.76414848193162
vertex 8.867043801093445 32.4 -16.76414848193162
vertex 9.076822208765591 31.7 -16.827784066191395
endloop
endfacet
facet normal -0.0 1.0 0.0
outer loop
vertex 8.956708580912725 31.7 -17.69030116872178
vertex 9.076822208765591 31.7 -16.827784066191395
vertex 9.105721725547504 31.7 -17.75781814616828
endloop
endfacet
facet normal -0.0 1.0 -0.0
outer loop
vertex 9.105721725547504 31.7 -17.75781814616828
vertex 9.076822208765591 31.7 -16.827784066191395
vertex 9.281989498423052 31.7 -16.90500356608719
endloop
endfacet
facet normal -0.0 1.0 0.0
outer loop
vertex 9.105721725547504 31.7 -17.75781814616828
vertex 9.281989498423052 31.7 -16.90500356608719
vertex 9.25 31.7 -17.834936490538905
endloop
endfacet
facet normal 0.0 1.0 -0.0
outer loop
vertex 9.388925582549005 31.7 -17.921325969243636
vertex 9.25 31.7 -17.834936490538905
vertex 9.481667112233655 31.7 -16.995476315865496
endloop
endfacet
facet normal -0.0 0.9999999999999999 0.0
outer loop
vertex 9.25 31.7 -17.834936490538905
vertex 9.281989498423052 31.7 -16.90500356608719
vertex 9.481667112233655 31.7 -16.995476315865496
endloop
endfacet
facet normal -0.290284677254461 0.0 -0.9569403357322094
outer loop
vertex 9.076822208765591 31.7 -16.827784066191395
vertex 8.867043801093445 32.4 -16.76414848193162
vertex 9.076822208765591 32.4 -16.827784066191395
endloop
endfacet
facet normal -0.35225004792123343 0.0 -0.9359059267573258
outer loop
vertex 9.076822208765591 31.7 -16.827784066191395
vertex 9.076822208765591 32.4 -16.827784066191395
vertex 9.281989498423052 31.7 -16.90500356608719
endloop
endfacet
facet normal -0.35225004792123343 0.0 -0.9359059267573258
outer loop
vertex 9.281989498423052 31.7 -16.90500356608719
vertex 9.076822208765591 32.4 -16.827784066191395
vertex 9.281989498423052 32.4 -16.90500356608719
endloop
endfacet
facet normal -0.4127070298044034 0.0 -0.9108638249211718
outer loop
vertex 9.281989498423052 31.7 -16.90500356608719
vertex 9.281989498423052 32.4 -16.90500356608719
vertex 9.481667112233655 31.7 -16.995476315865496
endloop
endfacet
facet normal -0.4127070298044034 0.0 -0.9108638249211718
outer loop
vertex 9.481667112233655 31.7 -16.995476315865496
vertex 9.281989498423052 32.4 -16.90500356608719
vertex 9.481667112233655 32.4 -16.995476315865496
endloop
endfacet
facet normal -0.0 1.0 0.0
outer loop
vertex 9.388925582549005 31.7 -17.921325969243636
vertex 9.675 31.7 -17.09881489732213
vertex 9.5219035725218 31.7 -18.016616649271914
endloop
endfacet
facet normal -0.0 1.0 0.0
outer loop
vertex 9.5219035725218 31.7 -18.016616649271914
vertex 9.675 31.7 -17.09881489732213
vertex 9.648364537750172 31.7 -18.120400481302557
endloop
endfacet
facet normal -0.0 1.0 0.0
outer loop
vertex 9.388925582549005 31.7 -17.921325969243636
vertex 9.481667112233655 31.7 -16.995476315865496
vertex 9.675 31.7 -17.09881489732213
endloop
endfacet
facet normal -0.47139673682598593 0.0 -0.8819212643483614
outer loop
vertex 9.481667112233655 31.7 -16.995476315865496
vertex 9.481667112233655 32.4 -16.995476315865496
vertex 9.675 31.7 -17.09881489732213
endloop
endfacet
facet normal -0.47139673682598593 0.0 -0.8819212643483614
outer loop
vertex 9.675 31.7 -17.09881489732213
vertex 9.481667112233655 32.4 -16.995476315865496
vertex 9.675 32.4 -17.09881489732213
endloop
endfacet
facet normal -0.0 1.0 0.0
outer loop
vertex 9.648364537750172 31.7 -18.120400481302557
vertex 9.861160280615668 31.7 -17.214576798786474
vertex 9.767766952966369 31.7 -18.23223304703363
endloop
endfacet
facet normal -0.0 1.0 0.0
outer loop
vertex 9.648364537750172 31.7 -18.120400481302557
vertex 9.675 31.7 -17.09881489732213
vertex 9.861160280615668 31.7 -17.214576798786474
endloop
endfacet
facet normal 0.0 1.0 -0.0
outer loop
vertex 9.879599518697443 31.7 -18.351635462249828
vertex 9.767766952966369 31.7 -18.23223304703363
vertex 9.861160280615668 31.7 -17.214576798786474
endloop
endfacet
facet normal -0.528067850650379 0.0 -0.8492021815265722
outer loop
vertex 9.675 31.7 -17.09881489732213
vertex 9.675 32.4 -17.09881489732213
vertex 9.861160280615668 31.7 -17.214576798786474
endloop
endfacet
facet normal -0.528067850650379 0.0 -0.8492021815265722
outer loop
vertex 9.861160280615668 31.7 -17.214576798786474
vertex 9.675 32.4 -17.09881489732213
vertex 9.861160280615668 32.4 -17.214576798786474
endloop
endfacet
facet normal -0.5824776968678067 0.0 0.8128466845916119
outer loop
vertex 9.861160280615668 31.7 -22.785423201213526
vertex 10.039350787179213 31.7 -22.657733689975636
vertex 10.039350787179213 32.4 -22.657733689975636
endloop
endfacet
facet normal -0.0 1.0 0.0
outer loop
vertex 9.861160280615668 31.7 -22.785423201213526
vertex 9.879599518697443 31.7 -21.648364537750172
vertex 10.039350787179213 31.7 -22.657733689975636
endloop
endfacet
facet normal -0.5824776968678067 0.0 0.8128466845916119
outer loop
vertex 9.861160280615668 31.7 -22.785423201213526
vertex 10.039350787179213 32.4 -22.657733689975636
vertex 9.861160280615668 32.4 -22.785423201213526
endloop
endfacet
facet normal -0.6343932841636409 0.0 0.7730104533627409
outer loop
vertex 10.039350787179213 31.7 -22.657733689975636
vertex 10.20880848058523 32.4 -22.518663355054574
vertex 10.039350787179213 32.4 -22.657733689975636
endloop
endfacet
facet normal -0.0 0.9999999999999999 0.0
outer loop
vertex 9.879599518697443 31.7 -21.648364537750172
vertex 9.983383350728088 31.7 -21.5219035725218
vertex 10.039350787179213 31.7 -22.657733689975636
endloop
endfacet
facet normal -0.0 1.0 0.0
outer loop
vertex 10.039350787179213 31.7 -22.657733689975636
vertex 10.078674030756364 31.7 -21.388925582549007
vertex 10.20880848058523 31.7 -22.518663355054574
endloop
endfacet
facet normal 0.0 0.9999999999999999 -0.0
outer loop
vertex 10.039350787179213 31.7 -22.657733689975636
vertex 9.983383350728088 31.7 -21.5219035725218
vertex 10.078674030756364 31.7 -21.388925582549007
endloop
endfacet
facet normal -0.6343932841636409 0.0 0.7730104533627409
outer loop
vertex 10.039350787179213 31.7 -22.657733689975636
vertex 10.20880848058523 31.7 -22.518663355054574
vertex 10.20880848058523 32.4 -22.518663355054574
endloop
endfacet
facet normal -0.683592302022866 0.0 0.7298640726978407
outer loop
vertex 10.20880848058523 31.7 -22.518663355054574
vertex 10.368807716974935 31.7 -22.368807716974935
vertex 10.368807716974935 32.4 -22.368807716974935
endloop
endfacet
facet normal -0.683592302022866 0.0 0.7298640726978407
outer loop
vertex 10.20880848058523 31.7 -22.518663355054574
vertex 10.368807716974935 32.4 -22.368807716974935
vertex 10.20880848058523 32.4 -22.518663355054574
endloop
endfacet
facet normal -0.0 1.0 0.0
outer loop
vertex 10.20880848058523 31.7 -22.518663355054574
vertex 10.24218185383172 31.7 -21.105721725547504
vertex 10.368807716974935 31.7 -22.368807716974935
endloop
endfacet
facet normal -0.7298640726978407 0.0 0.683592302022866
outer loop
vertex 10.368807716974935 31.7 -22.368807716974935
vertex 10.518663355054574 31.7 -22.20880848058523
vertex 10.518663355054574 32.4 -22.20880848058523
endloop
endfacet
facet normal -0.7298640726978407 0.0 0.683592302022866
outer loop
vertex 10.368807716974935 31.7 -22.368807716974935
vertex 10.518663355054574 32.4 -22.20880848058523
vertex 10.368807716974935 32.4 -22.368807716974935
endloop
endfacet
facet normal -0.7730104533627368 0.0 0.6343932841636456
outer loop
vertex 10.518663355054574 31.7 -22.20880848058523
vertex 10.657733689975638 31.7 -22.039350787179213
vertex 10.657733689975638 32.4 -22.039350787179213
endloop
endfacet
facet normal -0.7730104533627368 0.0 0.6343932841636456
outer loop
vertex 10.518663355054574 31.7 -22.20880848058523
vertex 10.657733689975638 32.4 -22.039350787179213
vertex 10.518663355054574 32.4 -22.20880848058523
endloop
endfacet
facet normal -0.8128466845916158 0.0 0.5824776968678015
outer loop
vertex 10.657733689975638 31.7 -22.039350787179213
vertex 10.785423201213526 32.4 -21.861160280615668
vertex 10.657733689975638 32.4 -22.039350787179213
endloop
endfacet
facet normal -0.8128466845916158 0.0 0.5824776968678015
outer loop
vertex 10.657733689975638 31.7 -22.039350787179213
vertex 10.785423201213526 31.7 -21.861160280615668
vertex 10.785423201213526 32.4 -21.861160280615668
endloop
endfacet
facet normal 0.0 1.0 -0.0
outer loop
vertex 10.20880848058523 31.7 -22.518663355054574
vertex 10.078674030756364 31.7 -21.388925582549007
vertex 10.165063509461097 31.7 -21.25
endloop
endfacet
facet normal 0.0 1.0 -0.0
outer loop
vertex 10.20880848058523 31.7 -22.518663355054574
vertex 10.165063509461097 31.7 -21.25
vertex 10.24218185383172 31.7 -21.105721725547504
endloop
endfacet
facet normal 0.0 1.0 -0.0
outer loop
vertex 10.368807716974935 31.7 -22.368807716974935
vertex 10.24218185383172 31.7 -21.105721725547504
vertex 10.309698831278217 31.7 -20.956708580912725
endloop
endfacet
facet normal 0.0 0.9999999999999999 -0.0
outer loop
vertex 10.368807716974935 31.7 -22.368807716974935
vertex 10.309698831278217 31.7 -20.956708580912725
vertex 10.367325323737765 31.7 -20.803598663257905
endloop
endfacet
facet normal -0.0 1.0 0.0
outer loop
vertex 10.368807716974935 31.7 -22.368807716974935
vertex 10.41481456572267 31.7 -20.647047612756303
vertex 10.518663355054574 31.7 -22.20880848058523
endloop
endfacet
facet normal 0.0 1.0 -0.0
outer loop
vertex 10.368807716974935 31.7 -22.368807716974935
vertex 10.367325323737765 31.7 -20.803598663257905
vertex 10.41481456572267 31.7 -20.647047612756303
endloop
endfacet
facet normal 0.0 1.0 -0.0
outer loop
vertex 10.518663355054574 31.7 -22.20880848058523
vertex 10.41481456572267 31.7 -20.647047612756303
vertex 10.451963201008077 31.7 -20.48772580504032
endloop
endfacet
facet normal 0.0 1.0 -0.0
outer loop
vertex 10.518663355054574 31.7 -22.20880848058523
vertex 10.451963201008077 31.7 -20.48772580504032
vertex 10.478612153434526 31.7 -20.32631548055013
endloop
endfacet
facet normal 0.0 1.0 -0.0
outer loop
vertex 10.518663355054574 31.7 -22.20880848058523
vertex 10.478612153434526 31.7 -20.32631548055013
vertex 10.494647308096509 31.7 -20.163507823075356
endloop
endfacet
facet normal -0.8492021815265757 0.0 0.528067850650373
outer loop
vertex 10.785423201213526 31.7 -21.861160280615668
vertex 10.90118510267787 32.4 -21.675
vertex 10.785423201213526 32.4 -21.861160280615668
endloop
endfacet
facet normal 0.0 1.0 -0.0
outer loop
vertex 10.518663355054574 31.7 -22.20880848058523
vertex 10.494647308096509 31.7 -20.163507823075356
vertex 10.5 31.7 -20.0
endloop
endfacet
facet normal -0.0 1.0 0.0
outer loop
vertex 10.518663355054574 31.7 -22.20880848058523
vertex 10.518663355054574 31.7 -17.79119151941477
vertex 10.657733689975638 31.7 -22.039350787179213
endloop
endfacet
facet normal 0.0 1.0 -0.0
outer loop
vertex 10.518663355054574 31.7 -22.20880848058523
vertex 10.5 31.7 -20.0
vertex 10.518663355054574 31.7 -17.79119151941477
endloop
endfacet
facet normal -0.0 1.0 0.0
outer loop
vertex 10.657733689975638 31.7 -22.039350787179213
vertex 10.657733689975638 31.7 -17.960649212820787
vertex 10.785423201213526 31.7 -21.861160280615668
endloop
endfacet
facet normal -0.0 1.0 0.0
outer loop
vertex 10.785423201213526 31.7 -21.861160280615668
vertex 10.785423201213526 31.7 -18.138839719384332
vertex 10.90118510267787 31.7 -21.675
endloop
endfacet
facet normal -0.8492021815265757 0.0 0.528067850650373
outer loop
vertex 10.785423201213526 31.7 -21.861160280615668
vertex 10.90118510267787 31.7 -21.675
vertex 10.90118510267787 32.4 -21.675
endloop
endfacet
facet normal -0.8819212643483545 0.0 0.4713967368259985
outer loop
vertex 10.90118510267787 31.7 -21.675
vertex 11.004523684134506 32.4 -21.481667112233655
vertex 10.90118510267787 32.4 -21.675
endloop
endfacet
facet normal -0.8819212643483545 0.0 0.4713967368259985
outer loop
vertex 10.90118510267787 31.7 -21.675
vertex 11.004523684134506 31.7 -21.481667112233655
vertex 11.004523684134506 32.4 -21.481667112233655
endloop
endfacet
facet normal -0.9108638249211749 0.0 0.41270702980439666
outer loop
vertex 11.004523684134506 31.7 -21.481667112233655
vertex 11.094996433912812 32.4 -21.28198949842305
vertex 11.004523684134506 32.4 -21.481667112233655
endloop
endfacet
facet normal -0.9108638249211749 0.0 0.41270702980439666
outer loop
vertex 11.004523684134506 31.7 -21.481667112233655
vertex 11.094996433912812 31.7 -21.28198949842305
vertex 11.094996433912812 32.4 -21.28198949842305
endloop
endfacet
facet normal -0.9359059267573258 0.0 0.35225004792123343
outer loop
vertex 11.094996433912812 31.7 -21.28198949842305
vertex 11.172215933808605 31.7 -21.07682220876559
vertex 11.172215933808605 32.4 -21.07682220876559
endloop
endfacet
facet normal -0.9359059267573258 0.0 0.35225004792123343
outer loop
vertex 11.094996433912812 31.7 -21.28198949842305
vertex 11.172215933808605 32.4 -21.07682220876559
vertex 11.094996433912812 32.4 -21.28198949842305
endloop
endfacet
facet normal -0.9569403357322094 0.0 0.290284677254461
outer loop
vertex 11.172215933808605 31.7 -21.07682220876559
vertex 11.23585151806838 32.4 -20.867043801093445
vertex 11.172215933808605 32.4 -21.07682220876559
endloop
endfacet
facet normal -0.9569403357322094 0.0 0.290284677254461
outer loop
vertex 11.172215933808605 31.7 -21.07682220876559
vertex 11.23585151806838 31.7 -20.867043801093445
vertex 11.23585151806838 32.4 -20.867043801093445
endloop
endfacet
facet normal -0.0 0.9999999999999999 0.0
outer loop
vertex 10.90118510267787 31.7 -21.675
vertex 10.90118510267787 31.7 -18.325
vertex 11.004523684134506 31.7 -21.481667112233655
endloop
endfacet
facet normal -0.0 1.0 0.0
outer loop
vertex 11.004523684134506 31.7 -21.481667112233655
vertex 11.004523684134506 31.7 -18.518332887766345
vertex 11.094996433912812 31.7 -21.28198949842305
endloop
endfacet
facet normal -0.9738769792773351 0.0 0.227076263034367
outer loop
vertex 11.23585151806838 31.7 -20.867043801093445
vertex 11.285630689350821 31.7 -20.65355257875403
vertex 11.285630689350821 32.4 -20.65355257875403
endloop
endfacet
facet normal -0.9866433320848789 0.0 0.1628954733945902
outer loop
vertex 11.285630689350821 31.7 -20.65355257875403
vertex 11.321340285602265 31.7 -20.437262743937172
vertex 11.321340285602265 32.4 -20.437262743937172
endloop
endfacet
facet normal -0.9738769792773351 0.0 0.227076263034367
outer loop
vertex 11.23585151806838 31.7 -20.867043801093445
vertex 11.285630689350821 32.4 -20.65355257875403
vertex 11.23585151806838 32.4 -20.867043801093445
endloop
endfacet
facet normal -0.9866433320848789 0.0 0.1628954733945902
outer loop
vertex 11.285630689350821 31.7 -20.65355257875403
vertex 11.321340285602265 32.4 -20.437262743937172
vertex 11.285630689350821 32.4 -20.65355257875403
endloop
endfacet
facet normal -0.0 0.9999999999999999 0.0
outer loop
vertex 11.094996433912812 31.7 -21.28198949842305
vertex 11.094996433912812 31.7 -18.71801050157695
vertex 11.172215933808605 31.7 -21.07682220876559
endloop
endfacet
facet normal -0.0 1.0 0.0
outer loop
vertex 11.172215933808605 31.7 -21.07682220876559
vertex 11.172215933808605 31.7 -18.92317779123441
vertex 11.23585151806838 31.7 -20.867043801093445
endloop
endfacet
facet normal -0.0 1.0 0.0
outer loop
vertex 11.23585151806838 31.7 -20.867043801093445
vertex 11.23585151806838 31.7 -19.132956198906555
vertex 11.285630689350821 31.7 -20.65355257875403
endloop
endfacet
facet normal -0.0 1.0 0.0
outer loop
vertex 11.285630689350821 31.7 -20.65355257875403
vertex 11.285630689350821 31.7 -19.34644742124597
vertex 11.321340285602265 31.7 -20.437262743937172
endloop
endfacet
facet normal -0.9951847266721964 0.0 0.09801714032956563
outer loop
vertex 11.321340285602265 31.7 -20.437262743937172
vertex 11.342827392849323 31.7 -20.21910048292098
vertex 11.342827392849323 32.4 -20.21910048292098
endloop
endfacet
facet normal -0.0 1.0 0.0
outer loop
vertex 11.321340285602265 31.7 -20.437262743937172
vertex 11.321340285602265 31.7 -19.562737256062828
vertex 11.342827392849323 31.7 -20.21910048292098
endloop
endfacet
facet normal -0.0 1.0 0.0
outer loop
vertex 11.342827392849323 31.7 -20.21910048292098
vertex 11.342827392849323 31.7 -19.78089951707902
vertex 11.35 31.7 -20.0
endloop
endfacet
facet normal -0.9994645874763659 0.0 0.03271908282177061
outer loop
vertex 11.342827392849323 31.7 -20.21910048292098
vertex 11.35 31.7 -20.0
vertex 11.35 32.4 -20.0
endloop
endfacet
facet normal -0.9951847266721964 0.0 0.09801714032956563
outer loop
vertex 11.321340285602265 31.7 -20.437262743937172
vertex 11.342827392849323 32.4 -20.21910048292098
vertex 11.321340285602265 32.4 -20.437262743937172
endloop
endfacet
facet normal -0.9994645874763659 0.0 0.03271908282177061
outer loop
vertex 11.342827392849323 31.7 -20.21910048292098
vertex 11.35 32.4 -20.0
vertex 11.342827392849323 32.4 -20.21910048292098
endloop
endfacet
facet normal -0.9994645874763659 0.0 -0.03271908282177061
outer loop
vertex 11.35 31.7 -20.0
vertex 11.342827392849323 32.4 -19.78089951707902
vertex 11.35 32.4 -20.0
endloop
endfacet
facet normal -0.0 0.9999999999999999 0.0
outer loop
vertex 9.879599518697443 31.7 -18.351635462249828
vertex 10.039350787179213 31.7 -17.342266310024364
vertex 9.983383350728088 31.7 -18.4780964274782
endloop
endfacet
facet normal -0.0 0.9999999999999999 0.0
outer loop
vertex 9.983383350728088 31.7 -18.4780964274782
vertex 10.039350787179213 31.7 -17.342266310024364
vertex 10.078674030756364 31.7 -18.611074417450993
endloop
endfacet
facet normal 0.0 1.0 -0.0
outer loop
vertex 10.309698831278217 31.7 -19.043291419087275
vertex 10.24218185383172 31.7 -18.894278274452496
vertex 10.368807716974935 31.7 -17.631192283025065
endloop
endfacet
facet normal -0.0 0.9999999999999999 0.0
outer loop
vertex 10.309698831278217 31.7 -19.043291419087275
vertex 10.368807716974935 31.7 -17.631192283025065
vertex 10.367325323737765 31.7 -19.196401336742095
endloop
endfacet
facet normal -0.0 0.9999999999999999 0.0
outer loop
vertex 10.078674030756364 31.7 -18.611074417450993
vertex 10.20880848058523 31.7 -17.481336644945426
vertex 10.165063509461097 31.7 -18.75
endloop
endfacet
facet normal 0.0 1.0 -0.0
outer loop
vertex 10.24218185383172 31.7 -18.894278274452496
vertex 10.165063509461097 31.7 -18.75
vertex 10.20880848058523 31.7 -17.481336644945426
endloop
endfacet
facet normal -0.0 1.0 -0.0
outer loop
vertex 10.24218185383172 31.7 -18.894278274452496
vertex 10.20880848058523 31.7 -17.481336644945426
vertex 10.368807716974935 31.7 -17.631192283025065
endloop
endfacet
facet normal 0.0 1.0 -0.0
outer loop
vertex 10.478612153434526 31.7 -19.67368451944987
vertex 10.451963201008077 31.7 -19.51227419495968
vertex 10.518663355054574 31.7 -17.79119151941477
endloop
endfacet
facet normal 0.0 1.0 -0.0
outer loop
vertex 10.5 31.7 -20.0
vertex 10.494647308096509 31.7 -19.836492176924644
vertex 10.518663355054574 31.7 -17.79119151941477
endloop
endfacet
facet normal -0.0 1.0 -0.0
outer loop
vertex 10.657733689975638 31.7 -22.039350787179213
vertex 10.518663355054574 31.7 -17.79119151941477
vertex 10.657733689975638 31.7 -17.960649212820787
endloop
endfacet
facet normal 0.0 1.0 -0.0
outer loop
vertex 10.494647308096509 31.7 -19.836492176924644
vertex 10.478612153434526 31.7 -19.67368451944987
vertex 10.518663355054574 31.7 -17.79119151941477
endloop
endfacet
facet normal -0.0 1.0 -0.0
outer loop
vertex 10.785423201213526 31.7 -21.861160280615668
vertex 10.657733689975638 31.7 -17.960649212820787
vertex 10.785423201213526 31.7 -18.138839719384332
endloop
endfacet
facet normal 0.0 1.0 -0.0
outer loop
vertex 10.41481456572267 31.7 -19.352952387243697
vertex 10.367325323737765 31.7 -19.196401336742095
vertex 10.368807716974935 31.7 -17.631192283025065
endloop
endfacet
facet normal -0.0 1.0 0.0
outer loop
vertex 10.41481456572267 31.7 -19.352952387243697
vertex 10.518663355054574 31.7 -17.79119151941477
vertex 10.451963201008077 31.7 -19.51227419495968
endloop
endfacet
facet normal -0.0 1.0 -0.0
outer loop
vertex 10.41481456572267 31.7 -19.352952387243697
vertex 10.368807716974935 31.7 -17.631192283025065
vertex 10.518663355054574 31.7 -17.79119151941477
endloop
endfacet
facet normal -0.8128466845916158 0.0 -0.5824776968678015
outer loop
vertex 10.657733689975638 31.7 -17.960649212820787
vertex 10.657733689975638 32.4 -17.960649212820787
vertex 10.785423201213526 31.7 -18.138839719384332
endloop
endfacet
facet normal -0.8492021815265757 0.0 -0.528067850650373
outer loop
vertex 10.90118510267787 31.7 -18.325
vertex 10.785423201213526 31.7 -18.138839719384332
vertex 10.785423201213526 32.4 -18.138839719384332
endloop
endfacet
facet normal -0.8128466845916158 0.0 -0.5824776968678015
outer loop
vertex 10.785423201213526 31.7 -18.138839719384332
vertex 10.657733689975638 32.4 -17.960649212820787
vertex 10.785423201213526 32.4 -18.138839719384332
endloop
endfacet
facet normal -0.0 1.0 -0.0
outer loop
vertex 9.879599518697443 31.7 -18.351635462249828
vertex 9.861160280615668 31.7 -17.214576798786474
vertex 10.039350787179213 31.7 -17.342266310024364
endloop
endfacet
facet normal -0.0 1.0 -0.0
outer loop
vertex 10.078674030756364 31.7 -18.611074417450993
vertex 10.039350787179213 31.7 -17.342266310024364
vertex 10.20880848058523 31.7 -17.481336644945426
endloop
endfacet
facet normal -0.5824776968678067 0.0 -0.8128466845916119
outer loop
vertex 9.861160280615668 31.7 -17.214576798786474
vertex 9.861160280615668 32.4 -17.214576798786474
vertex 10.039350787179213 31.7 -17.342266310024364
endloop
endfacet
facet normal -0.5824776968678067 0.0 -0.8128466845916119
outer loop
vertex 10.039350787179213 31.7 -17.342266310024364
vertex 9.861160280615668 32.4 -17.214576798786474
vertex 10.039350787179213 32.4 -17.342266310024364
endloop
endfacet
facet normal -0.6343932841636409 0.0 -0.7730104533627409
outer loop
vertex 10.039350787179213 31.7 -17.342266310024364
vertex 10.039350787179213 32.4 -17.342266310024364
vertex 10.20880848058523 31.7 -17.481336644945426
endloop
endfacet
facet normal -0.683592302022866 0.0 -0.7298640726978407
outer loop
vertex 10.20880848058523 31.7 -17.481336644945426
vertex 10.20880848058523 32.4 -17.481336644945426
vertex 10.368807716974935 31.7 -17.631192283025065
endloop
endfacet
facet normal -0.683592302022866 0.0 -0.7298640726978407
outer loop
vertex 10.368807716974935 31.7 -17.631192283025065
vertex 10.20880848058523 32.4 -17.481336644945426
vertex 10.368807716974935 32.4 -17.631192283025065
endloop
endfacet
facet normal -0.6343932841636409 0.0 -0.7730104533627409
outer loop
vertex 10.20880848058523 31.7 -17.481336644945426
vertex 10.039350787179213 32.4 -17.342266310024364
vertex 10.20880848058523 32.4 -17.481336644945426
endloop
endfacet
facet normal -0.7298640726978407 0.0 -0.683592302022866
outer loop
vertex 10.368807716974935 31.7 -17.631192283025065
vertex 10.368807716974935 32.4 -17.631192283025065
vertex 10.518663355054574 31.7 -17.79119151941477
endloop
endfacet
facet normal -0.7298640726978407 0.0 -0.683592302022866
outer loop
vertex 10.518663355054574 31.7 -17.79119151941477
vertex 10.368807716974935 32.4 -17.631192283025065
vertex 10.518663355054574 32.4 -17.79119151941477
endloop
endfacet
facet normal -0.7730104533627368 0.0 -0.6343932841636456
outer loop
vertex 10.657733689975638 31.7 -17.960649212820787
vertex 10.518663355054574 31.7 -17.79119151941477
vertex 10.518663355054574 32.4 -17.79119151941477
endloop
endfacet
facet normal -0.7730104533627368 0.0 -0.6343932841636456
outer loop
vertex 10.657733689975638 31.7 -17.960649212820787
vertex 10.518663355054574 32.4 -17.79119151941477
vertex 10.657733689975638 32.4 -17.960649212820787
endloop
endfacet
facet normal -0.0 1.0 -0.0
outer loop
vertex 11.004523684134506 31.7 -21.481667112233655
vertex 10.90118510267787 31.7 -18.325
vertex 11.004523684134506 31.7 -18.518332887766345
endloop
endfacet
facet normal -0.0 1.0 -0.0
outer loop
vertex 11.094996433912812 31.7 -21.28198949842305
vertex 11.004523684134506 31.7 -18.518332887766345
vertex 11.094996433912812 31.7 -18.71801050157695
endloop
endfacet
facet normal -0.0 1.0 -0.0
outer loop
vertex 10.90118510267787 31.7 -21.675
vertex 10.785423201213526 31.7 -18.138839719384332
vertex 10.90118510267787 31.7 -18.325
endloop
endfacet
facet normal -0.0 1.0 -0.0
outer loop
vertex 11.172215933808605 31.7 -21.07682220876559
vertex 11.094996433912812 31.7 -18.71801050157695
vertex 11.172215933808605 31.7 -18.92317779123441
endloop
endfacet
facet normal -0.0 0.9999999999999999 -0.0
outer loop
vertex 11.321340285602265 31.7 -20.437262743937172
vertex 11.285630689350821 31.7 -19.34644742124597
vertex 11.321340285602265 31.7 -19.562737256062828
endloop
endfacet
facet normal -0.0 1.0 -0.0
outer loop
vertex 11.285630689350821 31.7 -20.65355257875403
vertex 11.23585151806838 31.7 -19.132956198906555
vertex 11.285630689350821 31.7 -19.34644742124597
endloop
endfacet
facet normal -0.0 0.9999999999999999 -0.0
outer loop
vertex 11.23585151806838 31.7 -20.867043801093445
vertex 11.172215933808605 31.7 -18.92317779123441
vertex 11.23585151806838 31.7 -19.132956198906555
endloop
endfacet
facet normal -0.9866433320848789 0.0 -0.1628954733945902
outer loop
vertex 11.285630689350821 31.7 -19.34644742124597
vertex 11.285630689350821 32.4 -19.34644742124597
vertex 11.321340285602265 31.7 -19.562737256062828
endloop
endfacet
facet normal -0.9866433320848789 0.0 -0.1628954733945902
outer loop
vertex 11.321340285602265 31.7 -19.562737256062828
vertex 11.285630689350821 32.4 -19.34644742124597
vertex 11.321340285602265 32.4 -19.562737256062828
endloop
endfacet
facet normal -0.9569403357322094 0.0 -0.290284677254461
outer loop
vertex 11.23585151806838 31.7 -19.132956198906555
vertex 11.172215933808605 31.7 -18.92317779123441
vertex 11.172215933808605 32.4 -18.92317779123441
endloop
endfacet
facet normal -0.9738769792773351 0.0 -0.227076263034367
outer loop
vertex 11.285630689350821 31.7 -19.34644742124597
vertex 11.23585151806838 31.7 -19.132956198906555
vertex 11.23585151806838 32.4 -19.132956198906555
endloop
endfacet
facet normal -0.9738769792773351 0.0 -0.227076263034367
outer loop
vertex 11.285630689350821 31.7 -19.34644742124597
vertex 11.23585151806838 32.4 -19.132956198906555
vertex 11.285630689350821 32.4 -19.34644742124597
endloop
endfacet
facet normal -0.9569403357322094 0.0 -0.290284677254461
outer loop
vertex 11.23585151806838 31.7 -19.132956198906555
vertex 11.172215933808605 32.4 -18.92317779123441
vertex 11.23585151806838 32.4 -19.132956198906555
endloop
endfacet
facet normal -0.9108638249211749 0.0 -0.41270702980439666
outer loop
vertex 11.004523684134506 31.7 -18.518332887766345
vertex 11.004523684134506 32.4 -18.518332887766345
vertex 11.094996433912812 31.7 -18.71801050157695
endloop
endfacet
facet normal -0.8819212643483545 0.0 -0.4713967368259985
outer loop
vertex 11.004523684134506 31.7 -18.518332887766345
vertex 10.90118510267787 32.4 -18.325
vertex 11.004523684134506 32.4 -18.518332887766345
endloop
endfacet
facet normal -0.9108638249211749 0.0 -0.41270702980439666
outer loop
vertex 11.094996433912812 31.7 -18.71801050157695
vertex 11.004523684134506 32.4 -18.518332887766345
vertex 11.094996433912812 32.4 -18.71801050157695
endloop
endfacet
facet normal -0.8819212643483545 0.0 -0.4713967368259985
outer loop
vertex 10.90118510267787 31.7 -18.325
vertex 10.90118510267787 32.4 -18.325
vertex 11.004523684134506 31.7 -18.518332887766345
endloop
endfacet
facet normal -0.8492021815265757 0.0 -0.528067850650373
outer loop
vertex 10.90118510267787 31.7 -18.325
vertex 10.785423201213526 32.4 -18.138839719384332
vertex 10.90118510267787 32.4 -18.325
endloop
endfacet
facet normal -0.9359059267573258 0.0 -0.35225004792123343
outer loop
vertex 11.172215933808605 31.7 -18.92317779123441
vertex 11.094996433912812 31.7 -18.71801050157695
vertex 11.094996433912812 32.4 -18.71801050157695
endloop
endfacet
facet normal -0.9359059267573258 0.0 -0.35225004792123343
outer loop
vertex 11.172215933808605 31.7 -18.92317779123441
vertex 11.094996433912812 32.4 -18.71801050157695
vertex 11.172215933808605 32.4 -18.92317779123441
endloop
endfacet
facet normal -0.0 1.0 -0.0
outer loop
vertex 11.342827392849323 31.7 -20.21910048292098
vertex 11.321340285602265 31.7 -19.562737256062828
vertex 11.342827392849323 31.7 -19.78089951707902
endloop
endfacet
facet normal -0.9994645874763659 0.0 -0.03271908282177061
outer loop
vertex 11.35 31.7 -20.0
vertex 11.342827392849323 31.7 -19.78089951707902
vertex 11.342827392849323 32.4 -19.78089951707902
endloop
endfacet
facet normal -0.9951847266721964 0.0 -0.09801714032956563
outer loop
vertex 11.342827392849323 31.7 -19.78089951707902
vertex 11.321340285602265 31.7 -19.562737256062828
vertex 11.321340285602265 32.4 -19.562737256062828
endloop
endfacet
facet normal -0.9951847266721964 0.0 -0.09801714032956563
outer loop
vertex 11.342827392849323 31.7 -19.78089951707902
vertex 11.321340285602265 32.4 -19.562737256062828
vertex 11.342827392849323 32.4 -19.78089951707902
endloop
endfacet
facet normal -0.0 1.0 -0.0
outer loop
vertex 5.834936490538903 24.7 -13.25
vertex 5.631583033697531 24.7 -12.8
vertex 5.921325969243637 24.7 -13.388925582549005
endloop
endfacet
facet normal -0.0 0.9999999999999999 -0.0
outer loop
vertex 5.921325969243637 24.7 -13.388925582549005
vertex 5.631583033697531 24.7 -12.8
vertex 6.016616649271912 24.7 -13.5219035725218
endloop
endfacet
facet normal -0.0 1.0 -0.0
outer loop
vertex 6.016616649271912 24.7 -13.5219035725218
vertex 5.631583033697531 24.7 -12.8
vertex 6.120400481302557 24.7 -13.648364537750172
endloop
endfacet
facet normal 0.0 1.0 0.0
outer loop
vertex 6.232233047033631 24.7 -13.767766952966369
vertex 6.120400481302557 24.7 -13.648364537750172
vertex 5.631583033697531 24.7 -12.8
endloop
endfacet
facet normal -0.0 1.0 -0.0
outer loop
vertex 6.232233047033631 24.7 -13.767766952966369
vertex 5.631583033697531 24.7 -12.8
vertex 6.351635462249828 24.7 -13.879599518697443
endloop
endfacet
facet normal -0.0 1.0 -0.0
outer loop
vertex 5.632674676262235 24.7 -12.803598663257905
vertex 5.631583033697531 24.7 -12.8
vertex 5.690301168721783 24.7 -12.956708580912725
endloop
endfacet
facet normal 0.0 0.9999999999999999 0.0
outer loop
vertex 5.75781814616828 24.7 -13.105721725547504
vertex 5.690301168721783 24.7 -12.956708580912725
vertex 5.631583033697531 24.7 -12.8
endloop
endfacet
facet normal 0.0 1.0 0.0
outer loop
vertex 5.834936490538903 24.7 -13.25
vertex 5.75781814616828 24.7 -13.105721725547504
vertex 5.631583033697531 24.7 -12.8
endloop
endfacet
facet normal 0.956940335732243 0.0 0.29028467725434987
outer loop
vertex 5.632674676262235 24.7 -12.803598663257905
vertex 5.631583033697531 24.8 -12.8
vertex 5.631583033697531 24.7 -12.8
endloop
endfacet
facet normal 0.9569403357322104 6.134432232955151e-17 0.2902846772544572
outer loop
vertex 5.632674676262235 31.7 -12.803598663257905
vertex 5.58518543427733 24.8 -12.647047612756301
vertex 5.631583033697531 24.8 -12.8
endloop
endfacet
facet normal 0.9738769792773333 0.0 0.2270762630343752
outer loop
vertex 5.58518543427733 31.7 -12.647047612756301
vertex 5.548036798991924 24.8 -12.48772580504032
vertex 5.58518543427733 24.8 -12.647047612756301
endloop
endfacet
facet normal 0.9994645874763657 0.0 0.03271908282177579
outer loop
vertex 5.505352691903491 31.7 -12.163507823075358
vertex 5.5 24.8 -12.0
vertex 5.505352691903491 24.8 -12.163507823075358
endloop
endfacet
facet normal 0.9866433320848794 0.0 0.16289547339458677
outer loop
vertex 5.548036798991924 31.7 -12.48772580504032
vertex 5.521387846565474 24.8 -12.326315480550129
vertex 5.548036798991924 24.8 -12.48772580504032
endloop
endfacet
facet normal 0.9951847266721966 0.0 0.09801714032956411
outer loop
vertex 5.521387846565474 31.7 -12.326315480550129
vertex 5.505352691903491 24.8 -12.163507823075358
vertex 5.521387846565474 24.8 -12.326315480550129
endloop
endfacet
facet normal 0.8819212643483566 -0.0 0.47139673682599437
outer loop
vertex 5.834936490538903 24.7 -13.25
vertex 5.834936490538903 31.7 -13.25
vertex 5.75781814616828 24.7 -13.105721725547504
endloop
endfacet
facet normal 0.7730104533627372 -0.0 0.634393284163645
outer loop
vertex 6.016616649271912 24.7 -13.5219035725218
vertex 6.120400481302557 24.7 -13.648364537750172
vertex 6.120400481302557 31.7 -13.648364537750172
endloop
endfacet
facet normal 0.8492021815265763 -0.0 0.5280678506503722
outer loop
vertex 5.834936490538903 24.7 -13.25
vertex 5.921325969243637 24.7 -13.388925582549005
vertex 5.921325969243637 31.7 -13.388925582549005
endloop
endfacet
facet normal 0.8128466845916151 -0.0 0.5824776968678022
outer loop
vertex 5.921325969243637 24.7 -13.388925582549005
vertex 6.016616649271912 24.7 -13.5219035725218
vertex 6.016616649271912 31.7 -13.5219035725218
endloop
endfacet
facet normal 0.9359059267573245 -0.0 0.3522500479212365
outer loop
vertex 5.632674676262235 24.7 -12.803598663257905
vertex 5.690301168721783 24.7 -12.956708580912725
vertex 5.690301168721783 31.7 -12.956708580912725
endloop
endfacet
facet normal 0.9108638249211751 -0.0 0.4127070298043966
outer loop
vertex 5.75781814616828 24.7 -13.105721725547504
vertex 5.75781814616828 31.7 -13.105721725547504
vertex 5.690301168721783 24.7 -12.956708580912725
endloop
endfacet
facet normal 0.956940335732243 -0.0 0.29028467725434987
outer loop
vertex 5.632674676262235 24.7 -12.803598663257905
vertex 5.632674676262235 31.7 -12.803598663257905
vertex 5.631583033697531 24.8 -12.8
endloop
endfacet
facet normal 0.9569403357322112 0.0 0.29028467725445484
outer loop
vertex 5.632674676262235 31.7 -12.803598663257905
vertex 5.58518543427733 31.7 -12.647047612756301
vertex 5.58518543427733 24.8 -12.647047612756301
endloop
endfacet
facet normal 0.9738769792773333 0.0 0.2270762630343752
outer loop
vertex 5.548036798991924 31.7 -12.48772580504032
vertex 5.548036798991924 24.8 -12.48772580504032
vertex 5.58518543427733 31.7 -12.647047612756301
endloop
endfacet
facet normal 0.9866433320848794 0.0 0.16289547339458677
outer loop
vertex 5.548036798991924 31.7 -12.48772580504032
vertex 5.521387846565474 31.7 -12.326315480550129
vertex 5.521387846565474 24.8 -12.326315480550129
endloop
endfacet
facet normal 0.9951847266721966 0.0 0.09801714032956411
outer loop
vertex 5.521387846565474 31.7 -12.326315480550129
vertex 5.505352691903491 31.7 -12.163507823075358
vertex 5.505352691903491 24.8 -12.163507823075358
endloop
endfacet
facet normal 0.8819212643483566 0.0 0.47139673682599437
outer loop
vertex 5.75781814616828 24.7 -13.105721725547504
vertex 5.834936490538903 31.7 -13.25
vertex 5.75781814616828 31.7 -13.105721725547504
endloop
endfacet
facet normal 0.7730104533627372 0.0 0.634393284163645
outer loop
vertex 6.016616649271912 24.7 -13.5219035725218
vertex 6.120400481302557 31.7 -13.648364537750172
vertex 6.016616649271912 31.7 -13.5219035725218
endloop
endfacet
facet normal 0.8128466845916151 0.0 0.5824776968678022
outer loop
vertex 5.921325969243637 24.7 -13.388925582549005
vertex 6.016616649271912 31.7 -13.5219035725218
vertex 5.921325969243637 31.7 -13.388925582549005
endloop
endfacet
facet normal 0.8492021815265763 0.0 0.5280678506503722
outer loop
vertex 5.834936490538903 24.7 -13.25
vertex 5.921325969243637 31.7 -13.388925582549005
vertex 5.834936490538903 31.7 -13.25
endloop
endfacet
facet normal 0.9359059267573245 0.0 0.3522500479212365
outer loop
vertex 5.632674676262235 24.7 -12.803598663257905
vertex 5.690301168721783 31.7 -12.956708580912725
vertex 5.632674676262235 31.7 -12.803598663257905
endloop
endfacet
facet normal 0.9108638249211751 0.0 0.4127070298043966
outer loop
vertex 5.690301168721783 24.7 -12.956708580912725
vertex 5.75781814616828 31.7 -13.105721725547504
vertex 5.690301168721783 31.7 -12.956708580912725
endloop
endfacet
facet normal 0.9994645874763657 0.0 -0.03271908282177579
outer loop
vertex 5.5 31.7 -12.0
vertex 5.505352691903491 24.8 -11.836492176924642
vertex 5.5 24.8 -12.0
endloop
endfacet
facet normal 0.9951847266721966 0.0 -0.09801714032956411
outer loop
vertex 5.505352691903491 31.7 -11.836492176924642
vertex 5.521387846565474 24.8 -11.673684519449871
vertex 5.505352691903491 24.8 -11.836492176924642
endloop
endfacet
facet normal 0.9866433320848794 0.0 -0.16289547339458677
outer loop
vertex 5.521387846565474 31.7 -11.673684519449871
vertex 5.548036798991924 24.8 -11.51227419495968
vertex 5.521387846565474 24.8 -11.673684519449871
endloop
endfacet
facet normal 0.9738769792773333 0.0 -0.2270762630343752
outer loop
vertex 5.548036798991924 31.7 -11.51227419495968
vertex 5.58518543427733 24.8 -11.352952387243699
vertex 5.548036798991924 24.8 -11.51227419495968
endloop
endfacet
facet normal 0.9569403357322112 0.0 -0.29028467725445484
outer loop
vertex 5.58518543427733 31.7 -11.352952387243699
vertex 5.632674676262235 24.8 -11.196401336742095
vertex 5.58518543427733 24.8 -11.352952387243699
endloop
endfacet
facet normal 0.9359059267573245 0.0 -0.3522500479212365
outer loop
vertex 5.632674676262235 31.7 -11.196401336742095
vertex 5.690301168721783 24.8 -11.043291419087275
vertex 5.632674676262235 24.8 -11.196401336742095
endloop
endfacet
facet normal 0.910863824921175 0.0 -0.41270702980439666
outer loop
vertex 5.690301168721783 31.7 -11.043291419087275
vertex 5.75781814616828 24.8 -10.894278274452496
vertex 5.690301168721783 24.8 -11.043291419087275
endloop
endfacet
facet normal 0.8819212643483567 0.0 -0.4713967368259944
outer loop
vertex 5.75781814616828 31.7 -10.894278274452496
vertex 5.834936490538903 24.8 -10.75
vertex 5.75781814616828 24.8 -10.894278274452496
endloop
endfacet
facet normal 0.8492021815265763 0.0 -0.5280678506503722
outer loop
vertex 5.834936490538903 31.7 -10.75
vertex 5.921325969243637 24.8 -10.611074417450995
vertex 5.834936490538903 24.8 -10.75
endloop
endfacet
facet normal 0.8128466845916152 0.0 -0.5824776968678023
outer loop
vertex 5.921325969243637 31.7 -10.611074417450995
vertex 6.016616649271912 24.8 -10.4780964274782
vertex 5.921325969243637 24.8 -10.611074417450995
endloop
endfacet
facet normal 0.7730104533627373 0.0 -0.634393284163645
outer loop
vertex 6.016616649271912 31.7 -10.4780964274782
vertex 6.120400481302557 24.8 -10.351635462249828
vertex 6.016616649271912 24.8 -10.4780964274782
endloop
endfacet
facet normal 0.9994645874763657 0.0 0.03271908282177579
outer loop
vertex 5.505352691903491 31.7 -12.163507823075358
vertex 5.5 31.7 -12.0
vertex 5.5 24.8 -12.0
endloop
endfacet
facet normal 0.9994645874763657 0.0 -0.03271908282177579
outer loop
vertex 5.5 31.7 -12.0
vertex 5.505352691903491 31.7 -11.836492176924642
vertex 5.505352691903491 24.8 -11.836492176924642
endloop
endfacet
facet normal 0.9951847266721966 0.0 -0.09801714032956411
outer loop
vertex 5.505352691903491 31.7 -11.836492176924642
vertex 5.521387846565474 31.7 -11.673684519449871
vertex 5.521387846565474 24.8 -11.673684519449871
endloop
endfacet
facet normal 0.9866433320848794 0.0 -0.16289547339458677
outer loop
vertex 5.521387846565474 31.7 -11.673684519449871
vertex 5.548036798991924 31.7 -11.51227419495968
vertex 5.548036798991924 24.8 -11.51227419495968
endloop
endfacet
facet normal 0.9738769792773333 0.0 -0.2270762630343752
outer loop
vertex 5.548036798991924 31.7 -11.51227419495968
vertex 5.58518543427733 31.7 -11.352952387243699
vertex 5.58518543427733 24.8 -11.352952387243699
endloop
endfacet
facet normal 0.9569403357322112 0.0 -0.29028467725445484
outer loop
vertex 5.58518543427733 31.7 -11.352952387243699
vertex 5.632674676262235 31.7 -11.196401336742095
vertex 5.632674676262235 24.8 -11.196401336742095
endloop
endfacet
facet normal 0.9359059267573245 0.0 -0.3522500479212365
outer loop
vertex 5.632674676262235 31.7 -11.196401336742095
vertex 5.690301168721783 31.7 -11.043291419087275
vertex 5.690301168721783 24.8 -11.043291419087275
endloop
endfacet
facet normal 0.910863824921175 0.0 -0.41270702980439666
outer loop
vertex 5.690301168721783 31.7 -11.043291419087275
vertex 5.75781814616828 31.7 -10.894278274452496
vertex 5.75781814616828 24.8 -10.894278274452496
endloop
endfacet
facet normal 0.8819212643483567 0.0 -0.4713967368259944
outer loop
vertex 5.75781814616828 31.7 -10.894278274452496
vertex 5.834936490538903 31.7 -10.75
vertex 5.834936490538903 24.8 -10.75
endloop
endfacet
facet normal 0.8492021815265763 0.0 -0.5280678506503722
outer loop
vertex 5.834936490538903 31.7 -10.75
vertex 5.921325969243637 31.7 -10.611074417450995
vertex 5.921325969243637 24.8 -10.611074417450995
endloop
endfacet
facet normal 0.8128466845916152 0.0 -0.5824776968678023
outer loop
vertex 5.921325969243637 31.7 -10.611074417450995
vertex 6.016616649271912 31.7 -10.4780964274782
vertex 6.016616649271912 24.8 -10.4780964274782
endloop
endfacet
facet normal 0.7730104533627373 0.0 -0.634393284163645
outer loop
vertex 6.016616649271912 31.7 -10.4780964274782
vertex 6.120400481302557 31.7 -10.351635462249828
vertex 6.120400481302557 24.8 -10.351635462249828
endloop
endfacet
facet normal -0.0 1.0 -0.0
outer loop
vertex 6.4780964274781985 24.7 -13.983383350728088
vertex 5.631583033697531 24.7 -12.8
vertex 6.611074417450995 24.7 -14.078674030756364
endloop
endfacet
facet normal 0.0 1.0 0.0
outer loop
vertex 6.75 24.7 -14.165063509461097
vertex 6.611074417450995 24.7 -14.078674030756364
vertex 5.631583033697531 24.7 -12.8
endloop
endfacet
facet normal -0.0 0.9999999999999999 -0.0
outer loop
vertex 6.351635462249828 24.7 -13.879599518697443
vertex 5.631583033697531 24.7 -12.8
vertex 6.4780964274781985 24.7 -13.983383350728088
endloop
endfacet
facet normal -0.0 0.9999999999999999 -0.0
outer loop
vertex 6.75 24.7 -14.165063509461097
vertex 5.631583033697531 24.7 -12.8
vertex 6.894278274452496 24.7 -14.24218185383172
endloop
endfacet
facet normal -0.0 1.0 -0.0
outer loop
vertex 6.894278274452496 24.7 -14.24218185383172
vertex 5.631583033697531 24.7 -12.8
vertex 7.043291419087275 24.7 -14.309698831278217
endloop
endfacet
facet normal -0.0 1.0 -0.0
outer loop
vertex 7.043291419087275 24.7 -14.309698831278217
vertex 5.631583033697531 24.7 -12.8
vertex 7.196401336742096 24.7 -14.367325323737765
endloop
endfacet
facet normal -0.0 1.0 -0.0
outer loop
vertex 7.196401336742096 24.7 -14.367325323737765
vertex 5.631583033697531 24.7 -12.8
vertex 7.352952387243699 24.7 -14.41481456572267
endloop
endfacet
facet normal -0.0 1.0 -0.0
outer loop
vertex 7.352952387243699 24.7 -14.41481456572267
vertex 5.631583033697531 24.7 -12.8
vertex 7.512274194959679 24.7 -14.451963201008077
endloop
endfacet
facet normal -0.0 1.0 -0.0
outer loop
vertex 7.512274194959679 24.7 -14.451963201008077
vertex 5.631583033697531 24.7 -12.8
vertex 7.673684519449871 24.7 -14.478612153434526
endloop
endfacet
facet normal -0.0 1.0 -0.0
outer loop
vertex 7.673684519449871 24.7 -14.478612153434526
vertex 5.631583033697531 24.7 -12.8
vertex 7.836492176924643 24.7 -14.494647308096509
endloop
endfacet
facet normal -0.0 1.0 -0.0
outer loop
vertex 7.836492176924643 24.7 -14.494647308096509
vertex 5.631583033697531 24.7 -12.8
vertex 8.0 24.7 -14.5
endloop
endfacet
facet normal -0.0 1.0 -0.0
outer loop
vertex 8.0 24.7 -14.5
vertex 5.631583033697531 24.7 -12.8
vertex 8.163507823075358 24.7 -14.494647308096509
endloop
endfacet
facet normal -0.0 1.0 -0.0
outer loop
vertex 8.163507823075358 24.7 -14.494647308096509
vertex 5.631583033697531 24.7 -12.8
vertex 8.326315480550129 24.7 -14.478612153434526
endloop
endfacet
facet normal -0.0 1.0 -0.0
outer loop
vertex 8.326315480550129 24.7 -14.478612153434526
vertex 5.631583033697531 24.7 -12.8
vertex 8.48772580504032 24.7 -14.451963201008077
endloop
endfacet
facet normal -0.0 1.0 -0.0
outer loop
vertex 8.48772580504032 24.7 -14.451963201008077
vertex 5.631583033697531 24.7 -12.8
vertex 8.647047612756301 24.7 -14.41481456572267
endloop
endfacet
facet normal -0.0 1.0 -0.0
outer loop
vertex 8.647047612756301 24.7 -14.41481456572267
vertex 5.631583033697531 24.7 -12.8
vertex 8.803598663257905 24.7 -14.367325323737765
endloop
endfacet
facet normal -0.0 1.0 -0.0
outer loop
vertex 8.803598663257905 24.7 -14.367325323737765
vertex 5.631583033697531 24.7 -12.8
vertex 8.956708580912725 24.7 -14.309698831278217
endloop
endfacet
facet normal -0.0 1.0 -0.0
outer loop
vertex 8.956708580912725 24.7 -14.309698831278217
vertex 5.631583033697531 24.7 -12.8
vertex 9.105721725547504 24.7 -14.24218185383172
endloop
endfacet
facet normal -0.0 1.0 -0.0
outer loop
vertex 9.105721725547504 24.7 -14.24218185383172
vertex 5.631583033697531 24.7 -12.8
vertex 9.25 24.7 -14.165063509461097
endloop
endfacet
facet normal 0.5280678506503683 -0.0 0.8492021815265788
outer loop
vertex 6.75 24.7 -14.165063509461097
vertex 6.75 31.7 -14.165063509461097
vertex 6.611074417450995 24.7 -14.078674030756364
endloop
endfacet
facet normal 0.47139673682599437 -0.0 0.8819212643483566
outer loop
vertex 6.75 24.7 -14.165063509461097
vertex 6.894278274452496 24.7 -14.24218185383172
vertex 6.894278274452496 31.7 -14.24218185383172
endloop
endfacet
facet normal 0.4127070298043966 -0.0 0.9108638249211751
outer loop
vertex 6.894278274452496 24.7 -14.24218185383172
vertex 7.043291419087275 24.7 -14.309698831278217
vertex 7.043291419087275 31.7 -14.309698831278217
endloop
endfacet
facet normal 0.729864072697837 -0.0 0.6835923020228698
outer loop
vertex 6.232233047033631 24.7 -13.767766952966369
vertex 6.232233047033631 31.7 -13.767766952966369
vertex 6.120400481302557 24.7 -13.648364537750172
endloop
endfacet
facet normal 0.6835923020228698 -0.0 0.729864072697837
outer loop
vertex 6.232233047033631 24.7 -13.767766952966369
vertex 6.351635462249828 24.7 -13.879599518697443
vertex 6.351635462249828 31.7 -13.879599518697443
endloop
endfacet
facet normal 0.6343932841636478 -0.0 0.7730104533627351
outer loop
vertex 6.351635462249828 24.7 -13.879599518697443
vertex 6.4780964274781985 24.7 -13.983383350728088
vertex 6.4780964274781985 31.7 -13.983383350728088
endloop
endfacet
facet normal 0.5824776968678032 -0.0 0.8128466845916145
outer loop
vertex 6.4780964274781985 24.7 -13.983383350728088
vertex 6.611074417450995 24.7 -14.078674030756364
vertex 6.611074417450995 31.7 -14.078674030756364
endloop
endfacet
facet normal 0.5280678506503683 0.0 0.8492021815265788
outer loop
vertex 6.611074417450995 24.7 -14.078674030756364
vertex 6.75 31.7 -14.165063509461097
vertex 6.611074417450995 31.7 -14.078674030756364
endloop
endfacet
facet normal 0.47139673682599437 0.0 0.8819212643483566
outer loop
vertex 6.75 24.7 -14.165063509461097
vertex 6.894278274452496 31.7 -14.24218185383172
vertex 6.75 31.7 -14.165063509461097
endloop
endfacet
facet normal 0.4127070298043966 0.0 0.9108638249211751
outer loop
vertex 6.894278274452496 24.7 -14.24218185383172
vertex 7.043291419087275 31.7 -14.309698831278217
vertex 6.894278274452496 31.7 -14.24218185383172
endloop
endfacet
facet normal 0.729864072697837 0.0 0.6835923020228698
outer loop
vertex 6.120400481302557 24.7 -13.648364537750172
vertex 6.232233047033631 31.7 -13.767766952966369
vertex 6.120400481302557 31.7 -13.648364537750172
endloop
endfacet
facet normal 0.6835923020228698 0.0 0.729864072697837
outer loop
vertex 6.232233047033631 24.7 -13.767766952966369
vertex 6.351635462249828 31.7 -13.879599518697443
vertex 6.232233047033631 31.7 -13.767766952966369
endloop
endfacet
facet normal 0.6343932841636478 0.0 0.7730104533627351
outer loop
vertex 6.351635462249828 24.7 -13.879599518697443
vertex 6.4780964274781985 31.7 -13.983383350728088
vertex 6.351635462249828 31.7 -13.879599518697443
endloop
endfacet
facet normal 0.5824776968678032 0.0 0.8128466845916145
outer loop
vertex 6.4780964274781985 24.7 -13.983383350728088
vertex 6.611074417450995 31.7 -14.078674030756364
vertex 6.4780964274781985 31.7 -13.983383350728088
endloop
endfacet
facet normal 0.3522500479212347 -0.0 0.9359059267573252
outer loop
vertex 7.043291419087275 24.7 -14.309698831278217
vertex 7.196401336742096 24.7 -14.367325323737765
vertex 7.196401336742096 31.7 -14.367325323737765
endloop
endfacet
facet normal 0.2902846772544563 -0.0 0.9569403357322107
outer loop
vertex 7.196401336742096 24.7 -14.367325323737765
vertex 7.352952387243699 24.7 -14.41481456572267
vertex 7.352952387243699 31.7 -14.41481456572267
endloop
endfacet
facet normal 0.2270762630343815 -0.0 0.9738769792773317
outer loop
vertex 7.352952387243699 24.7 -14.41481456572267
vertex 7.512274194959679 24.7 -14.451963201008077
vertex 7.512274194959679 31.7 -14.451963201008077
endloop
endfacet
facet normal 0.16289547339458058 -0.0 0.9866433320848804
outer loop
vertex 7.512274194959679 24.7 -14.451963201008077
vertex 7.673684519449871 24.7 -14.478612153434526
vertex 7.673684519449871 31.7 -14.478612153434526
endloop
endfacet
facet normal 0.09801714032956356 -0.0 0.9951847266721965
outer loop
vertex 7.673684519449871 24.7 -14.478612153434526
vertex 7.836492176924643 24.7 -14.494647308096509
vertex 7.836492176924643 31.7 -14.494647308096509
endloop
endfacet
facet normal 0.03271908282177597 -0.0 0.9994645874763658
outer loop
vertex 7.836492176924643 24.7 -14.494647308096509
vertex 8.0 24.7 -14.5
vertex 8.0 31.7 -14.5
endloop
endfacet
facet normal 0.3522500479212347 0.0 0.9359059267573252
outer loop
vertex 7.043291419087275 24.7 -14.309698831278217
vertex 7.196401336742096 31.7 -14.367325323737765
vertex 7.043291419087275 31.7 -14.309698831278217
endloop
endfacet
facet normal 0.2902846772544563 0.0 0.9569403357322107
outer loop
vertex 7.196401336742096 24.7 -14.367325323737765
vertex 7.352952387243699 31.7 -14.41481456572267
vertex 7.196401336742096 31.7 -14.367325323737765
endloop
endfacet
facet normal 0.2270762630343815 0.0 0.9738769792773317
outer loop
vertex 7.352952387243699 24.7 -14.41481456572267
vertex 7.512274194959679 31.7 -14.451963201008077
vertex 7.352952387243699 31.7 -14.41481456572267
endloop
endfacet
facet normal 0.16289547339458058 0.0 0.9866433320848804
outer loop
vertex 7.512274194959679 24.7 -14.451963201008077
vertex 7.673684519449871 31.7 -14.478612153434526
vertex 7.512274194959679 31.7 -14.451963201008077
endloop
endfacet
facet normal 0.09801714032956356 0.0 0.9951847266721965
outer loop
vertex 7.673684519449871 24.7 -14.478612153434526
vertex 7.836492176924643 31.7 -14.494647308096509
vertex 7.673684519449871 31.7 -14.478612153434526
endloop
endfacet
facet normal 0.03271908282177597 0.0 0.9994645874763658
outer loop
vertex 7.836492176924643 24.7 -14.494647308096509
vertex 8.0 31.7 -14.5
vertex 7.836492176924643 31.7 -14.494647308096509
endloop
endfacet
facet normal 0.729864072697837 0.0 -0.6835923020228699
outer loop
vertex 6.120400481302557 31.7 -10.351635462249828
vertex 6.232233047033631 24.8 -10.232233047033631
vertex 6.120400481302557 24.8 -10.351635462249828
endloop
endfacet
facet normal 0.6835923020228699 0.0 -0.729864072697837
outer loop
vertex 6.232233047033631 31.7 -10.232233047033631
vertex 6.351635462249828 24.8 -10.120400481302557
vertex 6.232233047033631 24.8 -10.232233047033631
endloop
endfacet
facet normal 0.6343932841636478 0.0 -0.7730104533627352
outer loop
vertex 6.351635462249828 31.7 -10.120400481302557
vertex 6.4780964274781985 24.8 -10.016616649271912
vertex 6.351635462249828 24.8 -10.120400481302557
endloop
endfacet
facet normal 0.5824776968678032 0.0 -0.8128466845916145
outer loop
vertex 6.4780964274781985 31.7 -10.016616649271912
vertex 6.611074417450995 24.8 -9.921325969243636
vertex 6.4780964274781985 24.8 -10.016616649271912
endloop
endfacet
facet normal 0.5280678506503682 0.0 -0.8492021815265787
outer loop
vertex 6.611074417450995 31.7 -9.921325969243636
vertex 6.75 24.8 -9.834936490538903
vertex 6.611074417450995 24.8 -9.921325969243636
endloop
endfacet
facet normal 0.4713967368259944 0.0 -0.8819212643483567
outer loop
vertex 6.75 31.7 -9.834936490538903
vertex 6.894278274452496 24.8 -9.75781814616828
vertex 6.75 24.8 -9.834936490538903
endloop
endfacet
facet normal 0.41270702980439666 0.0 -0.910863824921175
outer loop
vertex 6.894278274452496 31.7 -9.75781814616828
vertex 7.043291419087275 24.8 -9.690301168721783
vertex 6.894278274452496 24.8 -9.75781814616828
endloop
endfacet
facet normal 0.729864072697837 0.0 -0.6835923020228699
outer loop
vertex 6.120400481302557 31.7 -10.351635462249828
vertex 6.232233047033631 31.7 -10.232233047033631
vertex 6.232233047033631 24.8 -10.232233047033631
endloop
endfacet
facet normal 0.6835923020228699 0.0 -0.729864072697837
outer loop
vertex 6.232233047033631 31.7 -10.232233047033631
vertex 6.351635462249828 31.7 -10.120400481302557
vertex 6.351635462249828 24.8 -10.120400481302557
endloop
endfacet
facet normal 0.6343932841636478 0.0 -0.7730104533627352
outer loop
vertex 6.351635462249828 31.7 -10.120400481302557
vertex 6.4780964274781985 31.7 -10.016616649271912
vertex 6.4780964274781985 24.8 -10.016616649271912
endloop
endfacet
facet normal 0.5824776968678032 0.0 -0.8128466845916145
outer loop
vertex 6.4780964274781985 31.7 -10.016616649271912
vertex 6.611074417450995 31.7 -9.921325969243636
vertex 6.611074417450995 24.8 -9.921325969243636
endloop
endfacet
facet normal 0.5280678506503682 0.0 -0.8492021815265787
outer loop
vertex 6.611074417450995 31.7 -9.921325969243636
vertex 6.75 31.7 -9.834936490538903
vertex 6.75 24.8 -9.834936490538903
endloop
endfacet
facet normal 0.4713967368259944 0.0 -0.8819212643483567
outer loop
vertex 6.75 31.7 -9.834936490538903
vertex 6.894278274452496 31.7 -9.75781814616828
vertex 6.894278274452496 24.8 -9.75781814616828
endloop
endfacet
facet normal 0.41270702980439666 0.0 -0.910863824921175
outer loop
vertex 6.894278274452496 31.7 -9.75781814616828
vertex 7.043291419087275 31.7 -9.690301168721783
vertex 7.043291419087275 24.8 -9.690301168721783
endloop
endfacet
facet normal 0.3522500479212347 0.0 -0.9359059267573252
outer loop
vertex 7.043291419087275 31.7 -9.690301168721783
vertex 7.196401336742096 24.8 -9.632674676262235
vertex 7.043291419087275 24.8 -9.690301168721783
endloop
endfacet
facet normal 0.2902846772544564 0.0 -0.9569403357322108
outer loop
vertex 7.196401336742096 31.7 -9.632674676262235
vertex 7.352952387243699 24.8 -9.58518543427733
vertex 7.196401336742096 24.8 -9.632674676262235
endloop
endfacet
facet normal 0.22707626303438147 0.0 -0.9738769792773317
outer loop
vertex 7.352952387243699 31.7 -9.58518543427733
vertex 7.512274194959679 24.8 -9.548036798991923
vertex 7.352952387243699 24.8 -9.58518543427733
endloop
endfacet
facet normal 0.1628954733945806 0.0 -0.9866433320848804
outer loop
vertex 7.512274194959679 31.7 -9.548036798991923
vertex 7.673684519449871 24.8 -9.521387846565474
vertex 7.512274194959679 24.8 -9.548036798991923
endloop
endfacet
facet normal 0.09801714032956357 0.0 -0.9951847266721967
outer loop
vertex 7.673684519449871 31.7 -9.521387846565474
vertex 7.836492176924643 24.8 -9.505352691903491
vertex 7.673684519449871 24.8 -9.521387846565474
endloop
endfacet
facet normal 0.03271908282177597 0.0 -0.9994645874763657
outer loop
vertex 7.836492176924643 31.7 -9.505352691903491
vertex 8.0 24.8 -9.5
vertex 7.836492176924643 24.8 -9.505352691903491
endloop
endfacet
facet normal 0.3522500479212347 0.0 -0.9359059267573252
outer loop
vertex 7.043291419087275 31.7 -9.690301168721783
vertex 7.196401336742096 31.7 -9.632674676262235
vertex 7.196401336742096 24.8 -9.632674676262235
endloop
endfacet
facet normal 0.2902846772544564 0.0 -0.9569403357322108
outer loop
vertex 7.196401336742096 31.7 -9.632674676262235
vertex 7.352952387243699 31.7 -9.58518543427733
vertex 7.352952387243699 24.8 -9.58518543427733
endloop
endfacet
facet normal 0.22707626303438147 0.0 -0.9738769792773317
outer loop
vertex 7.352952387243699 31.7 -9.58518543427733
vertex 7.512274194959679 31.7 -9.548036798991923
vertex 7.512274194959679 24.8 -9.548036798991923
endloop
endfacet
facet normal 0.1628954733945806 0.0 -0.9866433320848804
outer loop
vertex 7.512274194959679 31.7 -9.548036798991923
vertex 7.673684519449871 31.7 -9.521387846565474
vertex 7.673684519449871 24.8 -9.521387846565474
endloop
endfacet
facet normal 0.09801714032956357 0.0 -0.9951847266721967
outer loop
vertex 7.673684519449871 31.7 -9.521387846565474
vertex 7.836492176924643 31.7 -9.505352691903491
vertex 7.836492176924643 24.8 -9.505352691903491
endloop
endfacet
facet normal 0.03271908282177597 0.0 -0.9994645874763657
outer loop
vertex 7.836492176924643 31.7 -9.505352691903491
vertex 8.0 31.7 -9.5
vertex 8.0 24.8 -9.5
endloop
endfacet
facet normal -0.0 1.0 -0.0
outer loop
vertex 9.25 24.7 -14.165063509461097
vertex 5.631583033697531 24.7 -12.8
vertex 9.388925582549005 24.7 -14.078674030756364
endloop
endfacet
facet normal -0.0 1.0 -0.0
outer loop
vertex 9.388925582549005 24.7 -14.078674030756364
vertex 5.631583033697531 24.7 -12.8
vertex 9.5219035725218 24.7 -13.983383350728088
endloop
endfacet
facet normal -0.0 1.0 -0.0
outer loop
vertex 9.5219035725218 24.7 -13.983383350728088
vertex 5.631583033697531 24.7 -12.8
vertex 9.648364537750172 24.7 -13.879599518697443
endloop
endfacet
facet normal -0.0 1.0 -0.0
outer loop
vertex 9.648364537750172 24.7 -13.879599518697443
vertex 5.631583033697531 24.7 -12.8
vertex 9.767766952966369 24.7 -13.767766952966369
endloop
endfacet
facet normal -0.0 1.0 -0.0
outer loop
vertex 9.767766952966369 24.7 -13.767766952966369
vertex 5.631583033697531 24.7 -12.8
vertex 9.879599518697443 24.7 -13.648364537750172
endloop
endfacet
facet normal -0.0 1.0 -0.0
outer loop
vertex 9.879599518697443 24.7 -13.648364537750172
vertex 5.631583033697531 24.7 -12.8
vertex 9.983383350728088 24.7 -13.5219035725218
endloop
endfacet
facet normal -0.0 1.0 -0.0
outer loop
vertex 9.983383350728088 24.7 -13.5219035725218
vertex 5.631583033697531 24.7 -12.8
vertex 10.078674030756364 24.7 -13.388925582549005
endloop
endfacet
facet normal -0.0 1.0 -0.0
outer loop
vertex 10.078674030756364 24.7 -13.388925582549005
vertex 5.631583033697531 24.7 -12.8
vertex 10.165063509461097 24.7 -13.25
endloop
endfacet
facet normal -0.0 0.9999999999999999 -0.0
outer loop
vertex 10.165063509461097 24.7 -13.25
vertex 5.631583033697531 24.7 -12.8
vertex 10.24218185383172 24.7 -13.105721725547504
endloop
endfacet
facet normal -0.0 0.9999999999999999 -0.0
outer loop
vertex 10.24218185383172 24.7 -13.105721725547504
vertex 5.631583033697531 24.7 -12.8
vertex 10.309698831278217 24.7 -12.956708580912725
endloop
endfacet
facet normal -0.0 1.0 -0.0
outer loop
vertex 10.309698831278217 24.7 -12.956708580912725
vertex 5.631583033697531 24.7 -12.8
vertex 10.367325323737765 24.7 -12.803598663257905
endloop
endfacet
facet normal 0.0 1.0 -0.0
outer loop
vertex 10.367325323737765 24.7 -12.803598663257905
vertex 5.631583033697531 24.7 -12.8
vertex 10.368416966302469 24.7 -12.8
endloop
endfacet
facet normal -0.03271908282177579 0.0 0.9994645874763657
outer loop
vertex 8.0 24.7 -14.5
vertex 8.163507823075358 24.7 -14.494647308096509
vertex 8.163507823075358 31.7 -14.494647308096509
endloop
endfacet
facet normal -0.0980171403295641 0.0 0.9951847266721965
outer loop
vertex 8.163507823075358 24.7 -14.494647308096509
vertex 8.326315480550129 24.7 -14.478612153434526
vertex 8.326315480550129 31.7 -14.478612153434526
endloop
endfacet
facet normal -0.16289547339458144 0.0 0.9866433320848801
outer loop
vertex 8.326315480550129 24.7 -14.478612153434526
vertex 8.48772580504032 24.7 -14.451963201008077
vertex 8.48772580504032 31.7 -14.451963201008077
endloop
endfacet
facet normal -0.22707626303438028 0.0 0.9738769792773319
outer loop
vertex 8.48772580504032 24.7 -14.451963201008077
vertex 8.647047612756301 24.7 -14.41481456572267
vertex 8.647047612756301 31.7 -14.41481456572267
endloop
endfacet
facet normal -0.2902846772544548 0.0 0.956940335732211
outer loop
vertex 8.647047612756301 24.7 -14.41481456572267
vertex 8.803598663257905 24.7 -14.367325323737765
vertex 8.803598663257905 31.7 -14.367325323737765
endloop
endfacet
facet normal -0.3522500479212365 0.0 0.9359059267573245
outer loop
vertex 8.803598663257905 24.7 -14.367325323737765
vertex 8.956708580912725 24.7 -14.309698831278217
vertex 8.956708580912725 31.7 -14.309698831278217
endloop
endfacet
facet normal -0.03271908282177579 0.0 0.9994645874763657
outer loop
vertex 8.0 24.7 -14.5
vertex 8.163507823075358 31.7 -14.494647308096509
vertex 8.0 31.7 -14.5
endloop
endfacet
facet normal -0.0980171403295641 0.0 0.9951847266721965
outer loop
vertex 8.163507823075358 24.7 -14.494647308096509
vertex 8.326315480550129 31.7 -14.478612153434526
vertex 8.163507823075358 31.7 -14.494647308096509
endloop
endfacet
facet normal -0.16289547339458144 0.0 0.9866433320848801
outer loop
vertex 8.326315480550129 24.7 -14.478612153434526
vertex 8.48772580504032 31.7 -14.451963201008077
vertex 8.326315480550129 31.7 -14.478612153434526
endloop
endfacet
facet normal -0.22707626303438028 0.0 0.9738769792773319
outer loop
vertex 8.48772580504032 24.7 -14.451963201008077
vertex 8.647047612756301 31.7 -14.41481456572267
vertex 8.48772580504032 31.7 -14.451963201008077
endloop
endfacet
facet normal -0.2902846772544548 0.0 0.956940335732211
outer loop
vertex 8.647047612756301 24.7 -14.41481456572267
vertex 8.803598663257905 31.7 -14.367325323737765
vertex 8.647047612756301 31.7 -14.41481456572267
endloop
endfacet
facet normal -0.3522500479212365 0.0 0.9359059267573245
outer loop
vertex 8.803598663257905 24.7 -14.367325323737765
vertex 8.956708580912725 31.7 -14.309698831278217
vertex 8.803598663257905 31.7 -14.367325323737765
endloop
endfacet
facet normal -0.4127070298043966 0.0 0.9108638249211751
outer loop
vertex 8.956708580912725 24.7 -14.309698831278217
vertex 9.105721725547504 24.7 -14.24218185383172
vertex 9.105721725547504 31.7 -14.24218185383172
endloop
endfacet
facet normal -0.47139673682599437 0.0 0.8819212643483566
outer loop
vertex 9.105721725547504 24.7 -14.24218185383172
vertex 9.25 24.7 -14.165063509461097
vertex 9.25 31.7 -14.165063509461097
endloop
endfacet
facet normal -0.5280678506503683 0.0 0.8492021815265788
outer loop
vertex 9.25 24.7 -14.165063509461097
vertex 9.388925582549005 24.7 -14.078674030756364
vertex 9.388925582549005 31.7 -14.078674030756364
endloop
endfacet
facet normal -0.5824776968678058 0.0 0.8128466845916127
outer loop
vertex 9.388925582549005 24.7 -14.078674030756364
vertex 9.5219035725218 24.7 -13.983383350728088
vertex 9.5219035725218 31.7 -13.983383350728088
endloop
endfacet
facet normal -0.634393284163645 0.0 0.7730104533627372
outer loop
vertex 9.5219035725218 24.7 -13.983383350728088
vertex 9.648364537750172 24.7 -13.879599518697443
vertex 9.648364537750172 31.7 -13.879599518697443
endloop
endfacet
facet normal -0.6835923020228698 0.0 0.729864072697837
outer loop
vertex 9.648364537750172 24.7 -13.879599518697443
vertex 9.767766952966369 24.7 -13.767766952966369
vertex 9.767766952966369 31.7 -13.767766952966369
endloop
endfacet
facet normal -0.729864072697837 0.0 0.6835923020228698
outer loop
vertex 9.767766952966369 24.7 -13.767766952966369
vertex 9.879599518697443 24.7 -13.648364537750172
vertex 9.879599518697443 31.7 -13.648364537750172
endloop
endfacet
facet normal -0.4127070298043966 0.0 0.9108638249211751
outer loop
vertex 8.956708580912725 24.7 -14.309698831278217
vertex 9.105721725547504 31.7 -14.24218185383172
vertex 8.956708580912725 31.7 -14.309698831278217
endloop
endfacet
facet normal -0.47139673682599437 0.0 0.8819212643483566
outer loop
vertex 9.105721725547504 24.7 -14.24218185383172
vertex 9.25 31.7 -14.165063509461097
vertex 9.105721725547504 31.7 -14.24218185383172
endloop
endfacet
facet normal -0.5280678506503683 0.0 0.8492021815265788
outer loop
vertex 9.25 24.7 -14.165063509461097
vertex 9.388925582549005 31.7 -14.078674030756364
vertex 9.25 31.7 -14.165063509461097
endloop
endfacet
facet normal -0.5824776968678058 0.0 0.8128466845916127
outer loop
vertex 9.388925582549005 24.7 -14.078674030756364
vertex 9.5219035725218 31.7 -13.983383350728088
vertex 9.388925582549005 31.7 -14.078674030756364
endloop
endfacet
facet normal -0.634393284163645 0.0 0.7730104533627372
outer loop
vertex 9.5219035725218 24.7 -13.983383350728088
vertex 9.648364537750172 31.7 -13.879599518697443
vertex 9.5219035725218 31.7 -13.983383350728088
endloop
endfacet
facet normal -0.6835923020228698 0.0 0.729864072697837
outer loop
vertex 9.648364537750172 24.7 -13.879599518697443
vertex 9.767766952966369 31.7 -13.767766952966369
vertex 9.648364537750172 31.7 -13.879599518697443
endloop
endfacet
facet normal -0.729864072697837 0.0 0.6835923020228698
outer loop
vertex 9.767766952966369 24.7 -13.767766952966369
vertex 9.879599518697443 31.7 -13.648364537750172
vertex 9.767766952966369 31.7 -13.767766952966369
endloop
endfacet
facet normal -0.03271908282177579 0.0 -0.9994645874763657
outer loop
vertex 8.0 31.7 -9.5
vertex 8.163507823075358 24.8 -9.505352691903491
vertex 8.0 24.8 -9.5
endloop
endfacet
facet normal -0.09801714032956411 0.0 -0.9951847266721966
outer loop
vertex 8.163507823075358 31.7 -9.505352691903491
vertex 8.326315480550129 24.8 -9.521387846565474
vertex 8.163507823075358 24.8 -9.505352691903491
endloop
endfacet
facet normal -0.16289547339458144 0.0 -0.9866433320848801
outer loop
vertex 8.326315480550129 31.7 -9.521387846565474
vertex 8.48772580504032 24.8 -9.548036798991923
vertex 8.326315480550129 24.8 -9.521387846565474
endloop
endfacet
facet normal -0.2270762630343803 0.0 -0.9738769792773321
outer loop
vertex 8.48772580504032 31.7 -9.548036798991923
vertex 8.647047612756301 24.8 -9.58518543427733
vertex 8.48772580504032 24.8 -9.548036798991923
endloop
endfacet
facet normal -0.29028467725445484 0.0 -0.9569403357322112
outer loop
vertex 8.647047612756301 31.7 -9.58518543427733
vertex 8.803598663257905 24.8 -9.632674676262235
vertex 8.647047612756301 24.8 -9.58518543427733
endloop
endfacet
facet normal -0.3522500479212365 0.0 -0.9359059267573245
outer loop
vertex 8.803598663257905 31.7 -9.632674676262235
vertex 8.956708580912725 24.8 -9.690301168721783
vertex 8.803598663257905 24.8 -9.632674676262235
endloop
endfacet
facet normal -0.03271908282177579 -0.0 -0.9994645874763657
outer loop
vertex 8.0 31.7 -9.5
vertex 8.163507823075358 31.7 -9.505352691903491
vertex 8.163507823075358 24.8 -9.505352691903491
endloop
endfacet
facet normal -0.09801714032956411 -0.0 -0.9951847266721966
outer loop
vertex 8.163507823075358 31.7 -9.505352691903491
vertex 8.326315480550129 31.7 -9.521387846565474
vertex 8.326315480550129 24.8 -9.521387846565474
endloop
endfacet
facet normal -0.16289547339458144 -0.0 -0.9866433320848801
outer loop
vertex 8.326315480550129 31.7 -9.521387846565474
vertex 8.48772580504032 31.7 -9.548036798991923
vertex 8.48772580504032 24.8 -9.548036798991923
endloop
endfacet
facet normal -0.2270762630343803 -0.0 -0.9738769792773321
outer loop
vertex 8.647047612756301 31.7 -9.58518543427733
vertex 8.647047612756301 24.8 -9.58518543427733
vertex 8.48772580504032 31.7 -9.548036798991923
endloop
endfacet
facet normal -0.3522500479212365 -0.0 -0.9359059267573245
outer loop
vertex 8.803598663257905 31.7 -9.632674676262235
vertex 8.956708580912725 31.7 -9.690301168721783
vertex 8.956708580912725 24.8 -9.690301168721783
endloop
endfacet
facet normal -0.29028467725445484 -0.0 -0.9569403357322112
outer loop
vertex 8.647047612756301 31.7 -9.58518543427733
vertex 8.803598663257905 31.7 -9.632674676262235
vertex 8.803598663257905 24.8 -9.632674676262235
endloop
endfacet
facet normal -0.6835923020228699 0.0 -0.729864072697837
outer loop
vertex 9.648364537750172 31.7 -10.120400481302557
vertex 9.767766952966369 24.8 -10.232233047033631
vertex 9.648364537750172 24.8 -10.120400481302557
endloop
endfacet
facet normal -0.729864072697837 0.0 -0.6835923020228699
outer loop
vertex 9.767766952966369 31.7 -10.232233047033631
vertex 9.879599518697443 24.8 -10.351635462249828
vertex 9.767766952966369 24.8 -10.232233047033631
endloop
endfacet
facet normal -0.41270702980439666 0.0 -0.910863824921175
outer loop
vertex 8.956708580912725 31.7 -9.690301168721783
vertex 9.105721725547504 24.8 -9.75781814616828
vertex 8.956708580912725 24.8 -9.690301168721783
endloop
endfacet
facet normal -0.4713967368259944 0.0 -0.8819212643483567
outer loop
vertex 9.105721725547504 31.7 -9.75781814616828
vertex 9.25 24.8 -9.834936490538903
vertex 9.105721725547504 24.8 -9.75781814616828
endloop
endfacet
facet normal -0.5280678506503682 0.0 -0.8492021815265787
outer loop
vertex 9.25 31.7 -9.834936490538903
vertex 9.388925582549005 24.8 -9.921325969243636
vertex 9.25 24.8 -9.834936490538903
endloop
endfacet
facet normal -0.5824776968678058 0.0 -0.8128466845916127
outer loop
vertex 9.388925582549005 31.7 -9.921325969243636
vertex 9.5219035725218 24.8 -10.016616649271912
vertex 9.388925582549005 24.8 -9.921325969243636
endloop
endfacet
facet normal -0.634393284163645 0.0 -0.7730104533627373
outer loop
vertex 9.5219035725218 31.7 -10.016616649271912
vertex 9.648364537750172 24.8 -10.120400481302557
vertex 9.5219035725218 24.8 -10.016616649271912
endloop
endfacet
facet normal -0.6835923020228699 -0.0 -0.729864072697837
outer loop
vertex 9.648364537750172 31.7 -10.120400481302557
vertex 9.767766952966369 31.7 -10.232233047033631
vertex 9.767766952966369 24.8 -10.232233047033631
endloop
endfacet
facet normal -0.729864072697837 -0.0 -0.6835923020228699
outer loop
vertex 9.767766952966369 31.7 -10.232233047033631
vertex 9.879599518697443 31.7 -10.351635462249828
vertex 9.879599518697443 24.8 -10.351635462249828
endloop
endfacet
facet normal -0.41270702980439666 -0.0 -0.910863824921175
outer loop
vertex 8.956708580912725 31.7 -9.690301168721783
vertex 9.105721725547504 31.7 -9.75781814616828
vertex 9.105721725547504 24.8 -9.75781814616828
endloop
endfacet
facet normal -0.4713967368259944 -0.0 -0.8819212643483567
outer loop
vertex 9.105721725547504 31.7 -9.75781814616828
vertex 9.25 31.7 -9.834936490538903
vertex 9.25 24.8 -9.834936490538903
endloop
endfacet
facet normal -0.5280678506503682 -0.0 -0.8492021815265787
outer loop
vertex 9.25 31.7 -9.834936490538903
vertex 9.388925582549005 31.7 -9.921325969243636
vertex 9.388925582549005 24.8 -9.921325969243636
endloop
endfacet
facet normal -0.5824776968678058 -0.0 -0.8128466845916127
outer loop
vertex 9.388925582549005 31.7 -9.921325969243636
vertex 9.5219035725218 31.7 -10.016616649271912
vertex 9.5219035725218 24.8 -10.016616649271912
endloop
endfacet
facet normal -0.634393284163645 -0.0 -0.7730104533627373
outer loop
vertex 9.648364537750172 31.7 -10.120400481302557
vertex 9.648364537750172 24.8 -10.120400481302557
vertex 9.5219035725218 31.7 -10.016616649271912
endloop
endfacet
facet normal -0.956940335732243 0.0 0.29028467725434987
outer loop
vertex 10.367325323737765 24.7 -12.803598663257905
vertex 10.368416966302469 24.7 -12.8
vertex 10.368416966302469 24.8 -12.8
endloop
endfacet
facet normal -0.7730104533627372 0.0 0.634393284163645
outer loop
vertex 9.879599518697443 24.7 -13.648364537750172
vertex 9.983383350728088 24.7 -13.5219035725218
vertex 9.983383350728088 31.7 -13.5219035725218
endloop
endfacet
facet normal -0.8128466845916127 0.0 0.5824776968678058
outer loop
vertex 9.983383350728088 24.7 -13.5219035725218
vertex 10.078674030756364 24.7 -13.388925582549005
vertex 10.078674030756364 31.7 -13.388925582549005
endloop
endfacet
facet normal -0.8492021815265788 0.0 0.5280678506503683
outer loop
vertex 10.078674030756364 24.7 -13.388925582549005
vertex 10.165063509461097 24.7 -13.25
vertex 10.165063509461097 31.7 -13.25
endloop
endfacet
facet normal -0.8819212643483566 0.0 0.47139673682599437
outer loop
vertex 10.165063509461097 24.7 -13.25
vertex 10.24218185383172 24.7 -13.105721725547504
vertex 10.24218185383172 31.7 -13.105721725547504
endloop
endfacet
facet normal -0.9108638249211751 0.0 0.4127070298043966
outer loop
vertex 10.24218185383172 24.7 -13.105721725547504
vertex 10.309698831278217 24.7 -12.956708580912725
vertex 10.309698831278217 31.7 -12.956708580912725
endloop
endfacet
facet normal -0.9359059267573245 0.0 0.3522500479212365
outer loop
vertex 10.309698831278217 24.7 -12.956708580912725
vertex 10.367325323737765 24.7 -12.803598663257905
vertex 10.367325323737765 31.7 -12.803598663257905
endloop
endfacet
facet normal -0.9569403357322952 6.770408127350456e-15 0.29028467725417767
outer loop
vertex 10.367325323737765 24.7 -12.803598663257905
vertex 10.368416966302469 24.8 -12.8
vertex 10.41481456572267 31.7 -12.647047612756301
endloop
endfacet
facet normal -0.9569403357322104 0.0 0.2902846772544572
outer loop
vertex 10.41481456572267 31.7 -12.647047612756301
vertex 10.368416966302469 24.8 -12.8
vertex 10.41481456572267 24.8 -12.647047612756301
endloop
endfacet
facet normal -0.9738769792773321 0.0 0.2270762630343803
outer loop
vertex 10.451963201008077 31.7 -12.48772580504032
vertex 10.41481456572267 24.8 -12.647047612756301
vertex 10.451963201008077 24.8 -12.48772580504032
endloop
endfacet
facet normal -0.9866433320848801 0.0 0.16289547339458144
outer loop
vertex 10.478612153434526 31.7 -12.326315480550129
vertex 10.451963201008077 24.8 -12.48772580504032
vertex 10.478612153434526 24.8 -12.326315480550129
endloop
endfacet
facet normal -0.9951847266721966 0.0 0.09801714032956411
outer loop
vertex 10.494647308096509 31.7 -12.163507823075358
vertex 10.478612153434526 24.8 -12.326315480550129
vertex 10.494647308096509 24.8 -12.163507823075358
endloop
endfacet
facet normal -0.7730104533627372 0.0 0.634393284163645
outer loop
vertex 9.879599518697443 24.7 -13.648364537750172
vertex 9.983383350728088 31.7 -13.5219035725218
vertex 9.879599518697443 31.7 -13.648364537750172
endloop
endfacet
facet normal -0.8128466845916127 0.0 0.5824776968678058
outer loop
vertex 9.983383350728088 24.7 -13.5219035725218
vertex 10.078674030756364 31.7 -13.388925582549005
vertex 9.983383350728088 31.7 -13.5219035725218
endloop
endfacet
facet normal -0.8492021815265788 0.0 0.5280678506503683
outer loop
vertex 10.078674030756364 24.7 -13.388925582549005
vertex 10.165063509461097 31.7 -13.25
vertex 10.078674030756364 31.7 -13.388925582549005
endloop
endfacet
facet normal -0.8819212643483566 0.0 0.47139673682599437
outer loop
vertex 10.165063509461097 24.7 -13.25
vertex 10.24218185383172 31.7 -13.105721725547504
vertex 10.165063509461097 31.7 -13.25
endloop
endfacet
facet normal -0.9108638249211751 0.0 0.4127070298043966
outer loop
vertex 10.24218185383172 24.7 -13.105721725547504
vertex 10.309698831278217 31.7 -12.956708580912725
vertex 10.24218185383172 31.7 -13.105721725547504
endloop
endfacet
facet normal -0.9359059267573245 0.0 0.3522500479212365
outer loop
vertex 10.309698831278217 24.7 -12.956708580912725
vertex 10.367325323737765 31.7 -12.803598663257905
vertex 10.309698831278217 31.7 -12.956708580912725
endloop
endfacet
facet normal -0.956940335732211 0.0 0.2902846772544548
outer loop
vertex 10.367325323737765 24.7 -12.803598663257905
vertex 10.41481456572267 31.7 -12.647047612756301
vertex 10.367325323737765 31.7 -12.803598663257905
endloop
endfacet
facet normal -0.9738769792773321 0.0 0.2270762630343803
outer loop
vertex 10.41481456572267 31.7 -12.647047612756301
vertex 10.41481456572267 24.8 -12.647047612756301
vertex 10.451963201008077 31.7 -12.48772580504032
endloop
endfacet
facet normal -0.9866433320848801 0.0 0.16289547339458144
outer loop
vertex 10.451963201008077 31.7 -12.48772580504032
vertex 10.451963201008077 24.8 -12.48772580504032
vertex 10.478612153434526 31.7 -12.326315480550129
endloop
endfacet
facet normal -0.9951847266721966 0.0 0.09801714032956411
outer loop
vertex 10.478612153434526 31.7 -12.326315480550129
vertex 10.478612153434526 24.8 -12.326315480550129
vertex 10.494647308096509 31.7 -12.163507823075358
endloop
endfacet
facet normal -0.9994645874763657 0.0 0.03271908282177579
outer loop
vertex 10.494647308096509 31.7 -12.163507823075358
vertex 10.494647308096509 24.8 -12.163507823075358
vertex 10.5 31.7 -12.0
endloop
endfacet
facet normal -0.8492021815265787 0.0 -0.5280678506503682
outer loop
vertex 10.078674030756364 31.7 -10.611074417450995
vertex 10.165063509461097 24.8 -10.75
vertex 10.078674030756364 24.8 -10.611074417450995
endloop
endfacet
facet normal -0.7730104533627373 0.0 -0.634393284163645
outer loop
vertex 9.879599518697443 31.7 -10.351635462249828
vertex 9.983383350728088 24.8 -10.4780964274782
vertex 9.879599518697443 24.8 -10.351635462249828
endloop
endfacet
facet normal -0.8128466845916127 0.0 -0.5824776968678058
outer loop
vertex 9.983383350728088 31.7 -10.4780964274782
vertex 10.078674030756364 24.8 -10.611074417450995
vertex 9.983383350728088 24.8 -10.4780964274782
endloop
endfacet
facet normal -0.8819212643483567 0.0 -0.4713967368259944
outer loop
vertex 10.165063509461097 31.7 -10.75
vertex 10.24218185383172 24.8 -10.894278274452496
vertex 10.165063509461097 24.8 -10.75
endloop
endfacet
facet normal -0.910863824921175 0.0 -0.41270702980439666
outer loop
vertex 10.24218185383172 31.7 -10.894278274452496
vertex 10.309698831278217 24.8 -11.043291419087275
vertex 10.24218185383172 24.8 -10.894278274452496
endloop
endfacet
facet normal -0.9359059267573245 0.0 -0.3522500479212365
outer loop
vertex 10.309698831278217 31.7 -11.043291419087275
vertex 10.367325323737765 24.8 -11.196401336742095
vertex 10.309698831278217 24.8 -11.043291419087275
endloop
endfacet
facet normal -0.9951847266721966 0.0 -0.09801714032956411
outer loop
vertex 10.478612153434526 31.7 -11.673684519449871
vertex 10.494647308096509 24.8 -11.836492176924642
vertex 10.478612153434526 24.8 -11.673684519449871
endloop
endfacet
facet normal -0.9994645874763657 0.0 0.03271908282177579
outer loop
vertex 10.5 31.7 -12.0
vertex 10.494647308096509 24.8 -12.163507823075358
vertex 10.5 24.8 -12.0
endloop
endfacet
facet normal -0.9994645874763657 0.0 -0.03271908282177579
outer loop
vertex 10.494647308096509 31.7 -11.836492176924642
vertex 10.5 24.8 -12.0
vertex 10.494647308096509 24.8 -11.836492176924642
endloop
endfacet
facet normal -0.9738769792773321 0.0 -0.2270762630343803
outer loop
vertex 10.41481456572267 31.7 -11.352952387243699
vertex 10.451963201008077 24.8 -11.51227419495968
vertex 10.41481456572267 24.8 -11.352952387243699
endloop
endfacet
facet normal -0.9866433320848801 0.0 -0.16289547339458144
outer loop
vertex 10.451963201008077 31.7 -11.51227419495968
vertex 10.478612153434526 24.8 -11.673684519449871
vertex 10.451963201008077 24.8 -11.51227419495968
endloop
endfacet
facet normal -0.9569403357322112 0.0 -0.29028467725445484
outer loop
vertex 10.367325323737765 31.7 -11.196401336742095
vertex 10.41481456572267 24.8 -11.352952387243699
vertex 10.367325323737765 24.8 -11.196401336742095
endloop
endfacet
facet normal -0.9359059267573245 -0.0 -0.3522500479212365
outer loop
vertex 10.309698831278217 31.7 -11.043291419087275
vertex 10.367325323737765 31.7 -11.196401336742095
vertex 10.367325323737765 24.8 -11.196401336742095
endloop
endfacet
facet normal -0.8492021815265787 -0.0 -0.5280678506503682
outer loop
vertex 10.165063509461097 31.7 -10.75
vertex 10.165063509461097 24.8 -10.75
vertex 10.078674030756364 31.7 -10.611074417450995
endloop
endfacet
facet normal -0.7730104533627373 -0.0 -0.634393284163645
outer loop
vertex 9.879599518697443 31.7 -10.351635462249828
vertex 9.983383350728088 31.7 -10.4780964274782
vertex 9.983383350728088 24.8 -10.4780964274782
endloop
endfacet
facet normal -0.8128466845916127 -0.0 -0.5824776968678058
outer loop
vertex 10.078674030756364 31.7 -10.611074417450995
vertex 10.078674030756364 24.8 -10.611074417450995
vertex 9.983383350728088 31.7 -10.4780964274782
endloop
endfacet
facet normal -0.8819212643483567 -0.0 -0.4713967368259944
outer loop
vertex 10.165063509461097 31.7 -10.75
vertex 10.24218185383172 31.7 -10.894278274452496
vertex 10.24218185383172 24.8 -10.894278274452496
endloop
endfacet
facet normal -0.910863824921175 -0.0 -0.41270702980439666
outer loop
vertex 10.309698831278217 31.7 -11.043291419087275
vertex 10.309698831278217 24.8 -11.043291419087275
vertex 10.24218185383172 31.7 -10.894278274452496
endloop
endfacet
facet normal -0.9951847266721966 -0.0 -0.09801714032956411
outer loop
vertex 10.494647308096509 31.7 -11.836492176924642
vertex 10.494647308096509 24.8 -11.836492176924642
vertex 10.478612153434526 31.7 -11.673684519449871
endloop
endfacet
facet normal -0.9866433320848801 -0.0 -0.16289547339458144
outer loop
vertex 10.478612153434526 31.7 -11.673684519449871
vertex 10.478612153434526 24.8 -11.673684519449871
vertex 10.451963201008077 31.7 -11.51227419495968
endloop
endfacet
facet normal -0.9994645874763657 -0.0 -0.03271908282177579
outer loop
vertex 10.5 31.7 -12.0
vertex 10.5 24.8 -12.0
vertex 10.494647308096509 31.7 -11.836492176924642
endloop
endfacet
facet normal -0.9738769792773321 -0.0 -0.2270762630343803
outer loop
vertex 10.41481456572267 31.7 -11.352952387243699
vertex 10.451963201008077 31.7 -11.51227419495968
vertex 10.451963201008077 24.8 -11.51227419495968
endloop
endfacet
facet normal -0.9569403357322112 -0.0 -0.29028467725445484
outer loop
vertex 10.367325323737765 31.7 -11.196401336742095
vertex 10.41481456572267 31.7 -11.352952387243699
vertex 10.41481456572267 24.8 -11.352952387243699
endloop
endfacet
facet normal 0.9951847266721967 -0.0 0.0980171403295616
outer loop
vertex 4.678659714397735 31.7 -12.437262743937172
vertex 4.678659714397735 32.4 -12.437262743937172
vertex 4.657172607150678 31.7 -12.219100482920979
endloop
endfacet
facet normal 0.0 1.0 -0.0
outer loop
vertex 4.678659714397735 31.7 -12.437262743937172
vertex 4.657172607150678 31.7 -12.219100482920979
vertex 4.657172607150678 31.7 -11.780899517079021
endloop
endfacet
facet normal 0.9994645874763656 -0.0 0.03271908282177465
outer loop
vertex 4.657172607150678 31.7 -12.219100482920979
vertex 4.657172607150678 32.4 -12.219100482920979
vertex 4.65 31.7 -12.0
endloop
endfacet
facet normal 0.9951847266721967 0.0 0.0980171403295616
outer loop
vertex 4.657172607150678 31.7 -12.219100482920979
vertex 4.678659714397735 32.4 -12.437262743937172
vertex 4.657172607150678 32.4 -12.219100482920979
endloop
endfacet
facet normal 0.9359059267573258 -0.0 0.35225004792123343
outer loop
vertex 4.905003566087189 31.7 -13.281989498423052
vertex 4.905003566087189 32.4 -13.281989498423052
vertex 4.827784066191396 31.7 -13.076822208765591
endloop
endfacet
facet normal 0.9359059267573258 0.0 0.35225004792123343
outer loop
vertex 4.827784066191396 31.7 -13.076822208765591
vertex 4.905003566087189 32.4 -13.281989498423052
vertex 4.827784066191396 32.4 -13.076822208765591
endloop
endfacet
facet normal 0.8819212643483545 -0.0 0.4713967368259985
outer loop
vertex 4.995476315865494 31.7 -13.481667112233655
vertex 5.09881489732213 31.7 -13.675
vertex 5.09881489732213 32.4 -13.675
endloop
endfacet
facet normal 0.8492021815265776 0.0 0.5280678506503701
outer loop
vertex 5.09881489732213 31.7 -13.675
vertex 5.2145767987864735 32.4 -13.861160280615668
vertex 5.09881489732213 32.4 -13.675
endloop
endfacet
facet normal 0.9108638249211765 -0.0 0.4127070298043934
outer loop
vertex 4.905003566087189 31.7 -13.281989498423052
vertex 4.995476315865494 31.7 -13.481667112233655
vertex 4.995476315865494 32.4 -13.481667112233655
endloop
endfacet
facet normal 0.9108638249211765 0.0 0.4127070298043934
outer loop
vertex 4.905003566087189 31.7 -13.281989498423052
vertex 4.995476315865494 32.4 -13.481667112233655
vertex 4.905003566087189 32.4 -13.281989498423052
endloop
endfacet
facet normal 0.8819212643483545 0.0 0.4713967368259985
outer loop
vertex 4.995476315865494 31.7 -13.481667112233655
vertex 5.09881489732213 32.4 -13.675
vertex 4.995476315865494 32.4 -13.481667112233655
endloop
endfacet
facet normal 0.9738769792773346 -0.0 0.22707626303436906
outer loop
vertex 4.76414848193162 31.7 -12.867043801093445
vertex 4.76414848193162 32.4 -12.867043801093445
vertex 4.714369310649178 31.7 -12.653552578754029
endloop
endfacet
facet normal 0.956940335732208 0.0 0.29028467725446466
outer loop
vertex 4.76414848193162 31.7 -12.867043801093445
vertex 4.827784066191396 32.4 -13.076822208765591
vertex 4.76414848193162 32.4 -12.867043801093445
endloop
endfacet
facet normal 0.9738769792773346 0.0 0.22707626303436906
outer loop
vertex 4.714369310649178 31.7 -12.653552578754029
vertex 4.76414848193162 32.4 -12.867043801093445
vertex 4.714369310649178 32.4 -12.653552578754029
endloop
endfacet
facet normal 0.956940335732208 -0.0 0.29028467725446466
outer loop
vertex 4.827784066191396 31.7 -13.076822208765591
vertex 4.827784066191396 32.4 -13.076822208765591
vertex 4.76414848193162 31.7 -12.867043801093445
endloop
endfacet
facet normal 0.9866433320848793 -0.0 0.16289547339458757
outer loop
vertex 4.678659714397735 31.7 -12.437262743937172
vertex 4.714369310649178 31.7 -12.653552578754029
vertex 4.714369310649178 32.4 -12.653552578754029
endloop
endfacet
facet normal 0.0 1.0 -0.0
outer loop
vertex 4.827784066191396 31.7 -13.076822208765591
vertex 4.76414848193162 31.7 -12.867043801093445
vertex 4.76414848193162 31.7 -11.132956198906555
endloop
endfacet
facet normal 0.0 1.0 -0.0
outer loop
vertex 4.76414848193162 31.7 -12.867043801093445
vertex 4.714369310649178 31.7 -12.653552578754029
vertex 4.714369310649178 31.7 -11.346447421245971
endloop
endfacet
facet normal -0.0 1.0 0.0
outer loop
vertex 4.678659714397735 31.7 -12.437262743937172
vertex 4.678659714397735 31.7 -11.562737256062828
vertex 4.714369310649178 31.7 -12.653552578754029
endloop
endfacet
facet normal 0.9866433320848793 0.0 0.16289547339458757
outer loop
vertex 4.678659714397735 31.7 -12.437262743937172
vertex 4.714369310649178 32.4 -12.653552578754029
vertex 4.678659714397735 32.4 -12.437262743937172
endloop
endfacet
facet normal 0.0 1.0 -0.0
outer loop
vertex 4.905003566087189 31.7 -13.281989498423052
vertex 4.827784066191396 31.7 -13.076822208765591
vertex 4.827784066191396 31.7 -10.923177791234409
endloop
endfacet
facet normal 0.0 1.0 -0.0
outer loop
vertex 5.2145767987864735 31.7 -13.861160280615668
vertex 5.09881489732213 31.7 -13.675
vertex 5.09881489732213 31.7 -10.325
endloop
endfacet
facet normal -0.0 1.0 0.0
outer loop
vertex 4.905003566087189 31.7 -13.281989498423052
vertex 4.905003566087189 31.7 -10.718010501576948
vertex 4.995476315865494 31.7 -13.481667112233655
endloop
endfacet
facet normal -0.0 1.0 0.0
outer loop
vertex 4.995476315865494 31.7 -13.481667112233655
vertex 4.995476315865494 31.7 -10.518332887766345
vertex 5.09881489732213 31.7 -13.675
endloop
endfacet
facet normal 0.7730104533627368 -0.0 0.6343932841636456
outer loop
vertex 5.481336644945426 31.7 -14.20880848058523
vertex 5.481336644945426 32.4 -14.20880848058523
vertex 5.342266310024362 31.7 -14.039350787179213
endloop
endfacet
facet normal 0.7730104533627368 0.0 0.6343932841636456
outer loop
vertex 5.342266310024362 31.7 -14.039350787179213
vertex 5.481336644945426 32.4 -14.20880848058523
vertex 5.342266310024362 32.4 -14.039350787179213
endloop
endfacet
facet normal 0.7298640726978386 -0.0 0.683592302022868
outer loop
vertex 5.481336644945426 31.7 -14.20880848058523
vertex 5.631192283025066 31.7 -14.368807716974935
vertex 5.631192283025066 32.4 -14.368807716974935
endloop
endfacet
facet normal 0.7298640726978386 0.0 0.683592302022868
outer loop
vertex 5.481336644945426 31.7 -14.20880848058523
vertex 5.631192283025066 32.4 -14.368807716974935
vertex 5.481336644945426 32.4 -14.20880848058523
endloop
endfacet
facet normal 0.6343932841636456 0.0 0.7730104533627368
outer loop
vertex 5.791191519414769 31.7 -14.518663355054574
vertex 5.960649212820786 32.4 -14.657733689975638
vertex 5.791191519414769 32.4 -14.518663355054574
endloop
endfacet
facet normal 0.68359230202287 -0.0 0.7298640726978369
outer loop
vertex 5.631192283025066 31.7 -14.368807716974935
vertex 5.791191519414769 31.7 -14.518663355054574
vertex 5.791191519414769 32.4 -14.518663355054574
endloop
endfacet
facet normal 0.68359230202287 0.0 0.7298640726978369
outer loop
vertex 5.631192283025066 31.7 -14.368807716974935
vertex 5.791191519414769 32.4 -14.518663355054574
vertex 5.631192283025066 32.4 -14.368807716974935
endloop
endfacet
facet normal 0.6343932841636456 -0.0 0.7730104533627368
outer loop
vertex 5.791191519414769 31.7 -14.518663355054574
vertex 5.960649212820786 31.7 -14.657733689975638
vertex 5.960649212820786 32.4 -14.657733689975638
endloop
endfacet
facet normal 0.5824776968677996 -0.0 0.8128466845916171
outer loop
vertex 5.960649212820786 31.7 -14.657733689975638
vertex 6.1388397193843325 31.7 -14.785423201213526
vertex 6.1388397193843325 32.4 -14.785423201213526
endloop
endfacet
facet normal 0.5824776968677996 0.0 0.8128466845916171
outer loop
vertex 5.960649212820786 31.7 -14.657733689975638
vertex 6.1388397193843325 32.4 -14.785423201213526
vertex 5.960649212820786 32.4 -14.657733689975638
endloop
endfacet
facet normal -0.0 1.0 0.0
outer loop
vertex 5.791191519414769 31.7 -14.518663355054574
vertex 5.921325969243637 31.7 -13.388925582549005
vertex 5.960649212820786 31.7 -14.657733689975638
endloop
endfacet
facet normal -0.0 1.0 0.0
outer loop
vertex 5.960649212820786 31.7 -14.657733689975638
vertex 6.120400481302557 31.7 -13.648364537750172
vertex 6.1388397193843325 31.7 -14.785423201213526
endloop
endfacet
facet normal 0.8492021815265776 -0.0 0.5280678506503701
outer loop
vertex 5.2145767987864735 31.7 -13.861160280615668
vertex 5.2145767987864735 32.4 -13.861160280615668
vertex 5.09881489732213 31.7 -13.675
endloop
endfacet
facet normal 0.8128466845916138 0.0 0.582477696867804
outer loop
vertex 5.2145767987864735 31.7 -13.861160280615668
vertex 5.342266310024362 32.4 -14.039350787179213
vertex 5.2145767987864735 32.4 -13.861160280615668
endloop
endfacet
facet normal 0.8128466845916138 -0.0 0.582477696867804
outer loop
vertex 5.2145767987864735 31.7 -13.861160280615668
vertex 5.342266310024362 31.7 -14.039350787179213
vertex 5.342266310024362 32.4 -14.039350787179213
endloop
endfacet
facet normal -0.0 1.0 0.0
outer loop
vertex 5.481336644945426 31.7 -14.20880848058523
vertex 5.58518543427733 31.7 -12.647047612756301
vertex 5.631192283025066 31.7 -14.368807716974935
endloop
endfacet
facet normal -0.0 1.0 0.0
outer loop
vertex 5.481336644945426 31.7 -14.20880848058523
vertex 5.548036798991924 31.7 -12.48772580504032
vertex 5.58518543427733 31.7 -12.647047612756301
endloop
endfacet
facet normal -0.0 1.0 -0.0
outer loop
vertex 5.631192283025066 31.7 -14.368807716974935
vertex 5.58518543427733 31.7 -12.647047612756301
vertex 5.632674676262235 31.7 -12.803598663257905
endloop
endfacet
facet normal -0.0 1.0 0.0
outer loop
vertex 5.2145767987864735 31.7 -13.861160280615668
vertex 5.2145767987864735 31.7 -10.138839719384332
vertex 5.342266310024362 31.7 -14.039350787179213
endloop
endfacet
facet normal -0.0 1.0 0.0
outer loop
vertex 5.481336644945426 31.7 -14.20880848058523
vertex 5.505352691903491 31.7 -12.163507823075358
vertex 5.521387846565474 31.7 -12.326315480550129
endloop
endfacet
facet normal 0.0 1.0 -0.0
outer loop
vertex 5.481336644945426 31.7 -14.20880848058523
vertex 5.342266310024362 31.7 -14.039350787179213
vertex 5.342266310024362 31.7 -9.960649212820787
endloop
endfacet
facet normal -0.0 1.0 0.0
outer loop
vertex 5.481336644945426 31.7 -14.20880848058523
vertex 5.5 31.7 -12.0
vertex 5.505352691903491 31.7 -12.163507823075358
endloop
endfacet
facet normal -0.0 0.9999999999999999 0.0
outer loop
vertex 5.481336644945426 31.7 -14.20880848058523
vertex 5.521387846565474 31.7 -12.326315480550129
vertex 5.548036798991924 31.7 -12.48772580504032
endloop
endfacet
facet normal -0.0 1.0 0.0
outer loop
vertex 5.631192283025066 31.7 -14.368807716974935
vertex 5.75781814616828 31.7 -13.105721725547504
vertex 5.791191519414769 31.7 -14.518663355054574
endloop
endfacet
facet normal -0.0 1.0 -0.0
outer loop
vertex 5.791191519414769 31.7 -14.518663355054574
vertex 5.75781814616828 31.7 -13.105721725547504
vertex 5.834936490538903 31.7 -13.25
endloop
endfacet
facet normal -0.0 0.9999999999999999 0.0
outer loop
vertex 5.791191519414769 31.7 -14.518663355054574
vertex 5.834936490538903 31.7 -13.25
vertex 5.921325969243637 31.7 -13.388925582549005
endloop
endfacet
facet normal -0.0 1.0 0.0
outer loop
vertex 5.631192283025066 31.7 -14.368807716974935
vertex 5.632674676262235 31.7 -12.803598663257905
vertex 5.690301168721783 31.7 -12.956708580912725
endloop
endfacet
facet normal -0.0 1.0 0.0
outer loop
vertex 5.631192283025066 31.7 -14.368807716974935
vertex 5.690301168721783 31.7 -12.956708580912725
vertex 5.75781814616828 31.7 -13.105721725547504
endloop
endfacet
facet normal -0.0 1.0 -0.0
outer loop
vertex 5.960649212820786 31.7 -14.657733689975638
vertex 5.921325969243637 31.7 -13.388925582549005
vertex 6.016616649271912 31.7 -13.5219035725218
endloop
endfacet
facet normal -0.0 0.9999999999999999 0.0
outer loop
vertex 5.960649212820786 31.7 -14.657733689975638
vertex 6.016616649271912 31.7 -13.5219035725218
vertex 6.120400481302557 31.7 -13.648364537750172
endloop
endfacet
facet normal 0.0 0.9999999999999999 -0.0
outer loop
vertex 4.657172607150678 31.7 -12.219100482920979
vertex 4.65 31.7 -12.0
vertex 4.657172607150678 31.7 -11.780899517079021
endloop
endfacet
facet normal 0.0 1.0 -0.0
outer loop
vertex 4.678659714397735 31.7 -12.437262743937172
vertex 4.657172607150678 31.7 -11.780899517079021
vertex 4.678659714397735 31.7 -11.562737256062828
endloop
endfacet
facet normal 0.9994645874763656 0.0 -0.03271908282177465
outer loop
vertex 4.65 31.7 -12.0
vertex 4.65 32.4 -12.0
vertex 4.657172607150678 31.7 -11.780899517079021
endloop
endfacet
facet normal 0.9951847266721967 0.0 -0.0980171403295616
outer loop
vertex 4.657172607150678 31.7 -11.780899517079021
vertex 4.657172607150678 32.4 -11.780899517079021
vertex 4.678659714397735 31.7 -11.562737256062828
endloop
endfacet
facet normal 0.9994645874763656 0.0 0.03271908282177465
outer loop
vertex 4.65 31.7 -12.0
vertex 4.657172607150678 32.4 -12.219100482920979
vertex 4.65 32.4 -12.0
endloop
endfacet
facet normal 0.9994645874763656 0.0 -0.03271908282177465
outer loop
vertex 4.657172607150678 31.7 -11.780899517079021
vertex 4.65 32.4 -12.0
vertex 4.657172607150678 32.4 -11.780899517079021
endloop
endfacet
facet normal 0.9951847266721967 0.0 -0.0980171403295616
outer loop
vertex 4.678659714397735 31.7 -11.562737256062828
vertex 4.657172607150678 32.4 -11.780899517079021
vertex 4.678659714397735 32.4 -11.562737256062828
endloop
endfacet
facet normal 0.0 1.0 -0.0
outer loop
vertex 4.714369310649178 31.7 -12.653552578754029
vertex 4.678659714397735 31.7 -11.562737256062828
vertex 4.714369310649178 31.7 -11.346447421245971
endloop
endfacet
facet normal 0.0 1.0 -0.0
outer loop
vertex 4.76414848193162 31.7 -12.867043801093445
vertex 4.714369310649178 31.7 -11.346447421245971
vertex 4.76414848193162 31.7 -11.132956198906555
endloop
endfacet
facet normal 0.0 1.0 -0.0
outer loop
vertex 4.827784066191396 31.7 -13.076822208765591
vertex 4.76414848193162 31.7 -11.132956198906555
vertex 4.827784066191396 31.7 -10.923177791234409
endloop
endfacet
facet normal 0.0 0.9999999999999999 -0.0
outer loop
vertex 4.905003566087189 31.7 -13.281989498423052
vertex 4.827784066191396 31.7 -10.923177791234409
vertex 4.905003566087189 31.7 -10.718010501576948
endloop
endfacet
facet normal 0.9866433320848793 0.0 -0.16289547339458757
outer loop
vertex 4.678659714397735 31.7 -11.562737256062828
vertex 4.678659714397735 32.4 -11.562737256062828
vertex 4.714369310649178 31.7 -11.346447421245971
endloop
endfacet
facet normal 0.9738769792773346 0.0 -0.22707626303436906
outer loop
vertex 4.714369310649178 31.7 -11.346447421245971
vertex 4.714369310649178 32.4 -11.346447421245971
vertex 4.76414848193162 31.7 -11.132956198906555
endloop
endfacet
facet normal 0.9866433320848793 0.0 -0.16289547339458757
outer loop
vertex 4.714369310649178 31.7 -11.346447421245971
vertex 4.678659714397735 32.4 -11.562737256062828
vertex 4.714369310649178 32.4 -11.346447421245971
endloop
endfacet
facet normal 0.9738769792773346 0.0 -0.22707626303436906
outer loop
vertex 4.76414848193162 31.7 -11.132956198906555
vertex 4.714369310649178 32.4 -11.346447421245971
vertex 4.76414848193162 32.4 -11.132956198906555
endloop
endfacet
facet normal 0.0 1.0 -0.0
outer loop
vertex 4.995476315865494 31.7 -13.481667112233655
vertex 4.905003566087189 31.7 -10.718010501576948
vertex 4.995476315865494 31.7 -10.518332887766345
endloop
endfacet
facet normal 0.0 0.9999999999999999 -0.0
outer loop
vertex 5.09881489732213 31.7 -13.675
vertex 4.995476315865494 31.7 -10.518332887766345
vertex 5.09881489732213 31.7 -10.325
endloop
endfacet
facet normal 0.956940335732208 0.0 -0.29028467725446466
outer loop
vertex 4.76414848193162 31.7 -11.132956198906555
vertex 4.76414848193162 32.4 -11.132956198906555
vertex 4.827784066191396 31.7 -10.923177791234409
endloop
endfacet
facet normal 0.9359059267573258 0.0 -0.35225004792123343
outer loop
vertex 4.827784066191396 31.7 -10.923177791234409
vertex 4.827784066191396 32.4 -10.923177791234409
vertex 4.905003566087189 31.7 -10.718010501576948
endloop
endfacet
facet normal 0.956940335732208 0.0 -0.29028467725446466
outer loop
vertex 4.827784066191396 31.7 -10.923177791234409
vertex 4.76414848193162 32.4 -11.132956198906555
vertex 4.827784066191396 32.4 -10.923177791234409
endloop
endfacet
facet normal 0.9359059267573258 0.0 -0.35225004792123343
outer loop
vertex 4.905003566087189 31.7 -10.718010501576948
vertex 4.827784066191396 32.4 -10.923177791234409
vertex 4.905003566087189 32.4 -10.718010501576948
endloop
endfacet
facet normal 0.9108638249211765 0.0 -0.4127070298043934
outer loop
vertex 4.905003566087189 31.7 -10.718010501576948
vertex 4.905003566087189 32.4 -10.718010501576948
vertex 4.995476315865494 31.7 -10.518332887766345
endloop
endfacet
facet normal 0.8819212643483545 0.0 -0.4713967368259985
outer loop
vertex 4.995476315865494 31.7 -10.518332887766345
vertex 4.995476315865494 32.4 -10.518332887766345
vertex 5.09881489732213 31.7 -10.325
endloop
endfacet
facet normal 0.9108638249211765 0.0 -0.4127070298043934
outer loop
vertex 4.995476315865494 31.7 -10.518332887766345
vertex 4.905003566087189 32.4 -10.718010501576948
vertex 4.995476315865494 32.4 -10.518332887766345
endloop
endfacet
facet normal 0.8492021815265776 0.0 -0.5280678506503701
outer loop
vertex 5.09881489732213 31.7 -10.325
vertex 5.09881489732213 32.4 -10.325
vertex 5.2145767987864735 31.7 -10.138839719384332
endloop
endfacet
facet normal 0.8819212643483545 0.0 -0.4713967368259985
outer loop
vertex 5.09881489732213 31.7 -10.325
vertex 4.995476315865494 32.4 -10.518332887766345
vertex 5.09881489732213 32.4 -10.325
endloop
endfacet
facet normal 0.0 1.0 -0.0
outer loop
vertex 5.2145767987864735 31.7 -13.861160280615668
vertex 5.09881489732213 31.7 -10.325
vertex 5.2145767987864735 31.7 -10.138839719384332
endloop
endfacet
facet normal 0.0 1.0 -0.0
outer loop
vertex 5.342266310024362 31.7 -14.039350787179213
vertex 5.2145767987864735 31.7 -10.138839719384332
vertex 5.342266310024362 31.7 -9.960649212820787
endloop
endfacet
facet normal -0.0 1.0 0.0
outer loop
vertex 5.481336644945426 31.7 -14.20880848058523
vertex 5.481336644945426 31.7 -9.79119151941477
vertex 5.5 31.7 -12.0
endloop
endfacet
facet normal 0.0 1.0 -0.0
outer loop
vertex 5.481336644945426 31.7 -14.20880848058523
vertex 5.342266310024362 31.7 -9.960649212820787
vertex 5.481336644945426 31.7 -9.79119151941477
endloop
endfacet
facet normal -0.0 0.9999999999999999 -0.0
outer loop
vertex 5.5 31.7 -12.0
vertex 5.481336644945426 31.7 -9.79119151941477
vertex 5.505352691903491 31.7 -11.836492176924642
endloop
endfacet
facet normal 0.8492021815265776 0.0 -0.5280678506503701
outer loop
vertex 5.2145767987864735 31.7 -10.138839719384332
vertex 5.09881489732213 32.4 -10.325
vertex 5.2145767987864735 32.4 -10.138839719384332
endloop
endfacet
facet normal -0.0 1.0 -0.0
outer loop
vertex 5.505352691903491 31.7 -11.836492176924642
vertex 5.481336644945426 31.7 -9.79119151941477
vertex 5.521387846565474 31.7 -11.673684519449871
endloop
endfacet
facet normal -0.0 0.9999999999999999 -0.0
outer loop
vertex 5.521387846565474 31.7 -11.673684519449871
vertex 5.481336644945426 31.7 -9.79119151941477
vertex 5.548036798991924 31.7 -11.51227419495968
endloop
endfacet
facet normal -0.0 1.0 -0.0
outer loop
vertex 5.548036798991924 31.7 -11.51227419495968
vertex 5.481336644945426 31.7 -9.79119151941477
vertex 5.58518543427733 31.7 -11.352952387243699
endloop
endfacet
facet normal -0.0 1.0 0.0
outer loop
vertex 5.58518543427733 31.7 -11.352952387243699
vertex 5.631192283025066 31.7 -9.631192283025065
vertex 5.632674676262235 31.7 -11.196401336742095
endloop
endfacet
facet normal 0.0 1.0 -0.0
outer loop
vertex 5.58518543427733 31.7 -11.352952387243699
vertex 5.481336644945426 31.7 -9.79119151941477
vertex 5.631192283025066 31.7 -9.631192283025065
endloop
endfacet
facet normal -0.0 1.0 -0.0
outer loop
vertex 5.632674676262235 31.7 -11.196401336742095
vertex 5.631192283025066 31.7 -9.631192283025065
vertex 5.690301168721783 31.7 -11.043291419087275
endloop
endfacet
facet normal -0.0 1.0 -0.0
outer loop
vertex 5.690301168721783 31.7 -11.043291419087275
vertex 5.631192283025066 31.7 -9.631192283025065
vertex 5.75781814616828 31.7 -10.894278274452496
endloop
endfacet
facet normal -0.0 1.0 0.0
outer loop
vertex 5.75781814616828 31.7 -10.894278274452496
vertex 5.791191519414769 31.7 -9.481336644945426
vertex 5.834936490538903 31.7 -10.75
endloop
endfacet
facet normal -0.0 0.9999999999999999 -0.0
outer loop
vertex 5.834936490538903 31.7 -10.75
vertex 5.791191519414769 31.7 -9.481336644945426
vertex 5.921325969243637 31.7 -10.611074417450995
endloop
endfacet
facet normal 0.8128466845916138 0.0 -0.582477696867804
outer loop
vertex 5.2145767987864735 31.7 -10.138839719384332
vertex 5.2145767987864735 32.4 -10.138839719384332
vertex 5.342266310024362 31.7 -9.960649212820787
endloop
endfacet
facet normal 0.8128466845916138 0.0 -0.582477696867804
outer loop
vertex 5.342266310024362 31.7 -9.960649212820787
vertex 5.2145767987864735 32.4 -10.138839719384332
vertex 5.342266310024362 32.4 -9.960649212820787
endloop
endfacet
facet normal 0.7730104533627368 0.0 -0.6343932841636456
outer loop
vertex 5.342266310024362 31.7 -9.960649212820787
vertex 5.342266310024362 32.4 -9.960649212820787
vertex 5.481336644945426 31.7 -9.79119151941477
endloop
endfacet
facet normal 0.7730104533627368 0.0 -0.6343932841636456
outer loop
vertex 5.481336644945426 31.7 -9.79119151941477
vertex 5.342266310024362 32.4 -9.960649212820787
vertex 5.481336644945426 32.4 -9.79119151941477
endloop
endfacet
facet normal 0.7298640726978386 0.0 -0.683592302022868
outer loop
vertex 5.481336644945426 31.7 -9.79119151941477
vertex 5.481336644945426 32.4 -9.79119151941477
vertex 5.631192283025066 31.7 -9.631192283025065
endloop
endfacet
facet normal 0.7298640726978386 0.0 -0.683592302022868
outer loop
vertex 5.631192283025066 31.7 -9.631192283025065
vertex 5.481336644945426 32.4 -9.79119151941477
vertex 5.631192283025066 32.4 -9.631192283025065
endloop
endfacet
facet normal 0.0 1.0 -0.0
outer loop
vertex 5.75781814616828 31.7 -10.894278274452496
vertex 5.631192283025066 31.7 -9.631192283025065
vertex 5.791191519414769 31.7 -9.481336644945426
endloop
endfacet
facet normal 0.68359230202287 0.0 -0.7298640726978369
outer loop
vertex 5.631192283025066 31.7 -9.631192283025065
vertex 5.631192283025066 32.4 -9.631192283025065
vertex 5.791191519414769 31.7 -9.481336644945426
endloop
endfacet
facet normal 0.68359230202287 0.0 -0.7298640726978369
outer loop
vertex 5.791191519414769 31.7 -9.481336644945426
vertex 5.631192283025066 32.4 -9.631192283025065
vertex 5.791191519414769 32.4 -9.481336644945426
endloop
endfacet
facet normal 0.6343932841636456 0.0 -0.7730104533627368
outer loop
vertex 5.791191519414769 31.7 -9.481336644945426
vertex 5.791191519414769 32.4 -9.481336644945426
vertex 5.960649212820786 31.7 -9.342266310024362
endloop
endfacet
facet normal -0.0 1.0 0.0
outer loop
vertex 5.921325969243637 31.7 -10.611074417450995
vertex 5.960649212820786 31.7 -9.342266310024362
vertex 6.016616649271912 31.7 -10.4780964274782
endloop
endfacet
facet normal 0.0 1.0 -0.0
outer loop
vertex 5.921325969243637 31.7 -10.611074417450995
vertex 5.791191519414769 31.7 -9.481336644945426
vertex 5.960649212820786 31.7 -9.342266310024362
endloop
endfacet
facet normal -0.0 0.9999999999999999 -0.0
outer loop
vertex 6.016616649271912 31.7 -10.4780964274782
vertex 5.960649212820786 31.7 -9.342266310024362
vertex 6.120400481302557 31.7 -10.351635462249828
endloop
endfacet
facet normal 0.6343932841636456 0.0 -0.7730104533627368
outer loop
vertex 5.960649212820786 31.7 -9.342266310024362
vertex 5.791191519414769 32.4 -9.481336644945426
vertex 5.960649212820786 32.4 -9.342266310024362
endloop
endfacet
facet normal -0.0 1.0 0.0
outer loop
vertex 5.960649212820786 31.7 -9.342266310024362
vertex 6.1388397193843325 31.7 -9.214576798786474
vertex 6.120400481302557 31.7 -10.351635462249828
endloop
endfacet
facet normal 0.5824776968677996 0.0 -0.8128466845916171
outer loop
vertex 5.960649212820786 31.7 -9.342266310024362
vertex 5.960649212820786 32.4 -9.342266310024362
vertex 6.1388397193843325 31.7 -9.214576798786474
endloop
endfacet
facet normal 0.5824776968677996 0.0 -0.8128466845916171
outer loop
vertex 6.1388397193843325 31.7 -9.214576798786474
vertex 5.960649212820786 32.4 -9.342266310024362
vertex 6.1388397193843325 32.4 -9.214576798786474
endloop
endfacet
facet normal 0.5280678506503712 0.0 0.8492021815265768
outer loop
vertex 6.1388397193843325 31.7 -14.785423201213526
vertex 6.325 32.4 -14.90118510267787
vertex 6.1388397193843325 32.4 -14.785423201213526
endloop
endfacet
facet normal 0.5280678506503712 -0.0 0.8492021815265768
outer loop
vertex 6.1388397193843325 31.7 -14.785423201213526
vertex 6.325 31.7 -14.90118510267787
vertex 6.325 32.4 -14.90118510267787
endloop
endfacet
facet normal -0.0 0.9999999999999999 -0.0
outer loop
vertex 6.1388397193843325 31.7 -14.785423201213526
vertex 6.120400481302557 31.7 -13.648364537750172
vertex 6.232233047033631 31.7 -13.767766952966369
endloop
endfacet
facet normal -0.0 1.0 0.0
outer loop
vertex 6.1388397193843325 31.7 -14.785423201213526
vertex 6.351635462249828 31.7 -13.879599518697443
vertex 6.325 31.7 -14.90118510267787
endloop
endfacet
facet normal -0.0 1.0 0.0
outer loop
vertex 6.1388397193843325 31.7 -14.785423201213526
vertex 6.232233047033631 31.7 -13.767766952966369
vertex 6.351635462249828 31.7 -13.879599518697443
endloop
endfacet
facet normal 0.4713967368259985 -0.0 0.8819212643483545
outer loop
vertex 6.325 31.7 -14.90118510267787
vertex 6.518332887766346 31.7 -15.004523684134506
vertex 6.518332887766346 32.4 -15.004523684134506
endloop
endfacet
facet normal 0.4713967368259985 0.0 0.8819212643483545
outer loop
vertex 6.325 31.7 -14.90118510267787
vertex 6.518332887766346 32.4 -15.004523684134506
vertex 6.325 32.4 -14.90118510267787
endloop
endfacet
facet normal -0.0 0.9999999999999999 0.0
outer loop
vertex 6.325 31.7 -14.90118510267787
vertex 6.611074417450995 31.7 -14.078674030756364
vertex 6.518332887766346 31.7 -15.004523684134506
endloop
endfacet
facet normal -0.0 1.0 0.0
outer loop
vertex 6.325 31.7 -14.90118510267787
vertex 6.351635462249828 31.7 -13.879599518697443
vertex 6.4780964274781985 31.7 -13.983383350728088
endloop
endfacet
facet normal -0.0 1.0 0.0
outer loop
vertex 6.325 31.7 -14.90118510267787
vertex 6.4780964274781985 31.7 -13.983383350728088
vertex 6.611074417450995 31.7 -14.078674030756364
endloop
endfacet
facet normal 0.41270702980439666 -0.0 0.9108638249211749
outer loop
vertex 6.518332887766346 31.7 -15.004523684134506
vertex 6.718010501576949 31.7 -15.094996433912812
vertex 6.718010501576949 32.4 -15.094996433912812
endloop
endfacet
facet normal 0.41270702980439666 0.0 0.9108638249211749
outer loop
vertex 6.518332887766346 31.7 -15.004523684134506
vertex 6.718010501576949 32.4 -15.094996433912812
vertex 6.518332887766346 32.4 -15.004523684134506
endloop
endfacet
facet normal 0.35225004792123477 0.0 0.9359059267573254
outer loop
vertex 6.718010501576949 31.7 -15.094996433912812
vertex 6.923177791234409 32.4 -15.172215933808605
vertex 6.718010501576949 32.4 -15.094996433912812
endloop
endfacet
facet normal 0.35225004792123477 -0.0 0.9359059267573254
outer loop
vertex 6.718010501576949 31.7 -15.094996433912812
vertex 6.923177791234409 31.7 -15.172215933808605
vertex 6.923177791234409 32.4 -15.172215933808605
endloop
endfacet
facet normal 0.290284677254461 0.0 0.9569403357322094
outer loop
vertex 6.923177791234409 31.7 -15.172215933808605
vertex 7.132956198906555 32.4 -15.23585151806838
vertex 6.923177791234409 32.4 -15.172215933808605
endloop
endfacet
facet normal -0.0 0.9999999999999999 0.0
outer loop
vertex 6.518332887766346 31.7 -15.004523684134506
vertex 6.75 31.7 -14.165063509461097
vertex 6.718010501576949 31.7 -15.094996433912812
endloop
endfacet
facet normal -0.0 1.0 0.0
outer loop
vertex 6.518332887766346 31.7 -15.004523684134506
vertex 6.611074417450995 31.7 -14.078674030756364
vertex 6.75 31.7 -14.165063509461097
endloop
endfacet
facet normal -0.0 1.0 0.0
outer loop
vertex 6.718010501576949 31.7 -15.094996433912812
vertex 6.75 31.7 -14.165063509461097
vertex 6.894278274452496 31.7 -14.24218185383172
endloop
endfacet
facet normal -0.0 1.0 0.0
outer loop
vertex 6.718010501576949 31.7 -15.094996433912812
vertex 6.894278274452496 31.7 -14.24218185383172
vertex 6.923177791234409 31.7 -15.172215933808605
endloop
endfacet
facet normal -0.0 1.0 -0.0
outer loop
vertex 6.923177791234409 31.7 -15.172215933808605
vertex 6.894278274452496 31.7 -14.24218185383172
vertex 7.043291419087275 31.7 -14.309698831278217
endloop
endfacet
facet normal 0.290284677254461 -0.0 0.9569403357322094
outer loop
vertex 6.923177791234409 31.7 -15.172215933808605
vertex 7.132956198906555 31.7 -15.23585151806838
vertex 7.132956198906555 32.4 -15.23585151806838
endloop
endfacet
facet normal 0.22707626303436612 -0.0 0.9738769792773354
outer loop
vertex 7.132956198906555 31.7 -15.23585151806838
vertex 7.34644742124597 31.7 -15.285630689350821
vertex 7.34644742124597 32.4 -15.285630689350821
endloop
endfacet
facet normal 0.22707626303436612 0.0 0.9738769792773354
outer loop
vertex 7.132956198906555 31.7 -15.23585151806838
vertex 7.34644742124597 32.4 -15.285630689350821
vertex 7.132956198906555 32.4 -15.23585151806838
endloop
endfacet
facet normal 0.1628954733945915 -0.0 0.9866433320848786
outer loop
vertex 7.34644742124597 31.7 -15.285630689350821
vertex 7.562737256062827 31.7 -15.321340285602265
vertex 7.562737256062827 32.4 -15.321340285602265
endloop
endfacet
facet normal 0.1628954733945915 0.0 0.9866433320848786
outer loop
vertex 7.34644742124597 31.7 -15.285630689350821
vertex 7.562737256062827 32.4 -15.321340285602265
vertex 7.34644742124597 32.4 -15.285630689350821
endloop
endfacet
facet normal -0.0 1.0 0.0
outer loop
vertex 6.923177791234409 31.7 -15.172215933808605
vertex 7.196401336742096 31.7 -14.367325323737765
vertex 7.132956198906555 31.7 -15.23585151806838
endloop
endfacet
facet normal -0.0 1.0 0.0
outer loop
vertex 6.923177791234409 31.7 -15.172215933808605
vertex 7.043291419087275 31.7 -14.309698831278217
vertex 7.196401336742096 31.7 -14.367325323737765
endloop
endfacet
facet normal -0.0 1.0 0.0
outer loop
vertex 7.132956198906555 31.7 -15.23585151806838
vertex 7.352952387243699 31.7 -14.41481456572267
vertex 7.34644742124597 31.7 -15.285630689350821
endloop
endfacet
facet normal -0.0 1.0 0.0
outer loop
vertex 7.132956198906555 31.7 -15.23585151806838
vertex 7.196401336742096 31.7 -14.367325323737765
vertex 7.352952387243699 31.7 -14.41481456572267
endloop
endfacet
facet normal -0.0 1.0 0.0
outer loop
vertex 7.34644742124597 31.7 -15.285630689350821
vertex 7.352952387243699 31.7 -14.41481456572267
vertex 7.512274194959679 31.7 -14.451963201008077
endloop
endfacet
facet normal -0.0 1.0 0.0
outer loop
vertex 7.34644742124597 31.7 -15.285630689350821
vertex 7.512274194959679 31.7 -14.451963201008077
vertex 7.673684519449871 31.7 -14.478612153434526
endloop
endfacet
facet normal -0.0 1.0 0.0
outer loop
vertex 7.34644742124597 31.7 -15.285630689350821
vertex 7.673684519449871 31.7 -14.478612153434526
vertex 7.562737256062827 31.7 -15.321340285602265
endloop
endfacet
facet normal 0.09801714032956524 0.0 0.9951847266721965
outer loop
vertex 7.562737256062827 31.7 -15.321340285602265
vertex 7.780899517079021 32.4 -15.342827392849323
vertex 7.562737256062827 32.4 -15.321340285602265
endloop
endfacet
facet normal 0.09801714032956524 -0.0 0.9951847266721965
outer loop
vertex 7.562737256062827 31.7 -15.321340285602265
vertex 7.780899517079021 31.7 -15.342827392849323
vertex 7.780899517079021 32.4 -15.342827392849323
endloop
endfacet
facet normal -0.0 1.0 0.0
outer loop
vertex 7.562737256062827 31.7 -15.321340285602265
vertex 7.836492176924643 31.7 -14.494647308096509
vertex 7.780899517079021 31.7 -15.342827392849323
endloop
endfacet
facet normal 0.03271908282177061 0.0 0.9994645874763659
outer loop
vertex 7.780899517079021 31.7 -15.342827392849323
vertex 8.0 32.4 -15.35
vertex 7.780899517079021 32.4 -15.342827392849323
endloop
endfacet
facet normal 0.03271908282177061 -0.0 0.9994645874763659
outer loop
vertex 7.780899517079021 31.7 -15.342827392849323
vertex 8.0 31.7 -15.35
vertex 8.0 32.4 -15.35
endloop
endfacet
facet normal -0.0 1.0 0.0
outer loop
vertex 7.780899517079021 31.7 -15.342827392849323
vertex 8.0 31.7 -14.5
vertex 8.0 31.7 -15.35
endloop
endfacet
facet normal -0.0 1.0 0.0
outer loop
vertex 7.562737256062827 31.7 -15.321340285602265
vertex 7.673684519449871 31.7 -14.478612153434526
vertex 7.836492176924643 31.7 -14.494647308096509
endloop
endfacet
facet normal -0.0 1.0 0.0
outer loop
vertex 7.780899517079021 31.7 -15.342827392849323
vertex 7.836492176924643 31.7 -14.494647308096509
vertex 8.0 31.7 -14.5
endloop
endfacet
facet normal -0.0 1.0 0.0
outer loop
vertex 6.120400481302557 31.7 -10.351635462249828
vertex 6.1388397193843325 31.7 -9.214576798786474
vertex 6.232233047033631 31.7 -10.232233047033631
endloop
endfacet
facet normal -0.0 0.9999999999999999 0.0
outer loop
vertex 6.232233047033631 31.7 -10.232233047033631
vertex 6.325 31.7 -9.09881489732213
vertex 6.351635462249828 31.7 -10.120400481302557
endloop
endfacet
facet normal 0.5280678506503712 0.0 -0.8492021815265768
outer loop
vertex 6.1388397193843325 31.7 -9.214576798786474
vertex 6.1388397193843325 32.4 -9.214576798786474
vertex 6.325 31.7 -9.09881489732213
endloop
endfacet
facet normal 0.0 1.0 -0.0
outer loop
vertex 6.232233047033631 31.7 -10.232233047033631
vertex 6.1388397193843325 31.7 -9.214576798786474
vertex 6.325 31.7 -9.09881489732213
endloop
endfacet
facet normal -0.0 1.0 -0.0
outer loop
vertex 6.351635462249828 31.7 -10.120400481302557
vertex 6.325 31.7 -9.09881489732213
vertex 6.4780964274781985 31.7 -10.016616649271912
endloop
endfacet
facet normal 0.0 0.9999999999999999 -0.0
outer loop
vertex 6.4780964274781985 31.7 -10.016616649271912
vertex 6.325 31.7 -9.09881489732213
vertex 6.518332887766346 31.7 -8.995476315865494
endloop
endfacet
facet normal -0.0 1.0 0.0
outer loop
vertex 6.4780964274781985 31.7 -10.016616649271912
vertex 6.518332887766346 31.7 -8.995476315865494
vertex 6.611074417450995 31.7 -9.921325969243636
endloop
endfacet
facet normal 0.5280678506503712 0.0 -0.8492021815265768
outer loop
vertex 6.325 31.7 -9.09881489732213
vertex 6.1388397193843325 32.4 -9.214576798786474
vertex 6.325 32.4 -9.09881489732213
endloop
endfacet
facet normal 0.4713967368259985 0.0 -0.8819212643483545
outer loop
vertex 6.325 31.7 -9.09881489732213
vertex 6.325 32.4 -9.09881489732213
vertex 6.518332887766346 31.7 -8.995476315865494
endloop
endfacet
facet normal 0.4713967368259985 0.0 -0.8819212643483545
outer loop
vertex 6.518332887766346 31.7 -8.995476315865494
vertex 6.325 32.4 -9.09881489732213
vertex 6.518332887766346 32.4 -8.995476315865494
endloop
endfacet
facet normal -0.0 1.0 0.0
outer loop
vertex 6.611074417450995 31.7 -9.921325969243636
vertex 6.718010501576949 31.7 -8.905003566087188
vertex 6.75 31.7 -9.834936490538903
endloop
endfacet
facet normal -0.0 1.0 0.0
outer loop
vertex 6.518332887766346 31.7 -8.995476315865494
vertex 6.718010501576949 31.7 -8.905003566087188
vertex 6.611074417450995 31.7 -9.921325969243636
endloop
endfacet
facet normal -0.0 1.0 -0.0
outer loop
vertex 6.75 31.7 -9.834936490538903
vertex 6.718010501576949 31.7 -8.905003566087188
vertex 6.894278274452496 31.7 -9.75781814616828
endloop
endfacet
facet normal -0.0 1.0 0.0
outer loop
vertex 6.894278274452496 31.7 -9.75781814616828
vertex 6.923177791234409 31.7 -8.827784066191395
vertex 7.043291419087275 31.7 -9.690301168721783
endloop
endfacet
facet normal 0.41270702980439666 0.0 -0.9108638249211749
outer loop
vertex 6.518332887766346 31.7 -8.995476315865494
vertex 6.518332887766346 32.4 -8.995476315865494
vertex 6.718010501576949 31.7 -8.905003566087188
endloop
endfacet
facet normal 0.41270702980439666 0.0 -0.9108638249211749
outer loop
vertex 6.718010501576949 31.7 -8.905003566087188
vertex 6.518332887766346 32.4 -8.995476315865494
vertex 6.718010501576949 32.4 -8.905003566087188
endloop
endfacet
facet normal 0.35225004792123477 0.0 -0.9359059267573254
outer loop
vertex 6.718010501576949 31.7 -8.905003566087188
vertex 6.718010501576949 32.4 -8.905003566087188
vertex 6.923177791234409 31.7 -8.827784066191395
endloop
endfacet
facet normal 0.0 1.0 -0.0
outer loop
vertex 6.894278274452496 31.7 -9.75781814616828
vertex 6.718010501576949 31.7 -8.905003566087188
vertex 6.923177791234409 31.7 -8.827784066191395
endloop
endfacet
facet normal 0.35225004792123477 0.0 -0.9359059267573254
outer loop
vertex 6.923177791234409 31.7 -8.827784066191395
vertex 6.718010501576949 32.4 -8.905003566087188
vertex 6.923177791234409 32.4 -8.827784066191395
endloop
endfacet
facet normal -0.0 1.0 0.0
outer loop
vertex 6.923177791234409 31.7 -8.827784066191395
vertex 7.132956198906555 31.7 -8.76414848193162
vertex 7.043291419087275 31.7 -9.690301168721783
endloop
endfacet
facet normal 0.290284677254461 0.0 -0.9569403357322094
outer loop
vertex 6.923177791234409 31.7 -8.827784066191395
vertex 6.923177791234409 32.4 -8.827784066191395
vertex 7.132956198906555 31.7 -8.76414848193162
endloop
endfacet
facet normal -0.0 1.0 0.0
outer loop
vertex 7.043291419087275 31.7 -9.690301168721783
vertex 7.132956198906555 31.7 -8.76414848193162
vertex 7.196401336742096 31.7 -9.632674676262235
endloop
endfacet
facet normal -0.0 1.0 0.0
outer loop
vertex 7.196401336742096 31.7 -9.632674676262235
vertex 7.34644742124597 31.7 -8.714369310649179
vertex 7.352952387243699 31.7 -9.58518543427733
endloop
endfacet
facet normal -0.0 1.0 -0.0
outer loop
vertex 7.352952387243699 31.7 -9.58518543427733
vertex 7.34644742124597 31.7 -8.714369310649179
vertex 7.512274194959679 31.7 -9.548036798991923
endloop
endfacet
facet normal 0.290284677254461 0.0 -0.9569403357322094
outer loop
vertex 7.132956198906555 31.7 -8.76414848193162
vertex 6.923177791234409 32.4 -8.827784066191395
vertex 7.132956198906555 32.4 -8.76414848193162
endloop
endfacet
facet normal 0.0 0.9999999999999999 -0.0
outer loop
vertex 7.196401336742096 31.7 -9.632674676262235
vertex 7.132956198906555 31.7 -8.76414848193162
vertex 7.34644742124597 31.7 -8.714369310649179
endloop
endfacet
facet normal 0.22707626303436612 0.0 -0.9738769792773354
outer loop
vertex 7.132956198906555 31.7 -8.76414848193162
vertex 7.132956198906555 32.4 -8.76414848193162
vertex 7.34644742124597 31.7 -8.714369310649179
endloop
endfacet
facet normal 0.22707626303436612 0.0 -0.9738769792773354
outer loop
vertex 7.34644742124597 31.7 -8.714369310649179
vertex 7.132956198906555 32.4 -8.76414848193162
vertex 7.34644742124597 32.4 -8.714369310649179
endloop
endfacet
facet normal 0.0 1.0 -0.0
outer loop
vertex 7.512274194959679 31.7 -9.548036798991923
vertex 7.34644742124597 31.7 -8.714369310649179
vertex 7.562737256062827 31.7 -8.678659714397735
endloop
endfacet
facet normal 0.1628954733945915 0.0 -0.9866433320848786
outer loop
vertex 7.34644742124597 31.7 -8.714369310649179
vertex 7.34644742124597 32.4 -8.714369310649179
vertex 7.562737256062827 31.7 -8.678659714397735
endloop
endfacet
facet normal 0.1628954733945915 0.0 -0.9866433320848786
outer loop
vertex 7.562737256062827 31.7 -8.678659714397735
vertex 7.34644742124597 32.4 -8.714369310649179
vertex 7.562737256062827 32.4 -8.678659714397735
endloop
endfacet
facet normal -0.0 1.0 0.0
outer loop
vertex 7.512274194959679 31.7 -9.548036798991923
vertex 7.562737256062827 31.7 -8.678659714397735
vertex 7.673684519449871 31.7 -9.521387846565474
endloop
endfacet
facet normal -0.0 1.0 0.0
outer loop
vertex 7.673684519449871 31.7 -9.521387846565474
vertex 7.780899517079021 31.7 -8.657172607150677
vertex 7.836492176924643 31.7 -9.505352691903491
endloop
endfacet
facet normal -0.0 1.0 0.0
outer loop
vertex 7.836492176924643 31.7 -9.505352691903491
vertex 8.0 31.7 -8.65
vertex 8.0 31.7 -9.5
endloop
endfacet
facet normal 0.0 0.9999999999999999 -0.0
outer loop
vertex 7.673684519449871 31.7 -9.521387846565474
vertex 7.562737256062827 31.7 -8.678659714397735
vertex 7.780899517079021 31.7 -8.657172607150677
endloop
endfacet
facet normal 0.09801714032956524 0.0 -0.9951847266721965
outer loop
vertex 7.562737256062827 31.7 -8.678659714397735
vertex 7.562737256062827 32.4 -8.678659714397735
vertex 7.780899517079021 31.7 -8.657172607150677
endloop
endfacet
facet normal 0.09801714032956524 0.0 -0.9951847266721965
outer loop
vertex 7.780899517079021 31.7 -8.657172607150677
vertex 7.562737256062827 32.4 -8.678659714397735
vertex 7.780899517079021 32.4 -8.657172607150677
endloop
endfacet
facet normal 0.0 1.0 -0.0
outer loop
vertex 7.836492176924643 31.7 -9.505352691903491
vertex 7.780899517079021 31.7 -8.657172607150677
vertex 8.0 31.7 -8.65
endloop
endfacet
facet normal 0.03271908282177061 0.0 -0.9994645874763659
outer loop
vertex 7.780899517079021 31.7 -8.657172607150677
vertex 7.780899517079021 32.4 -8.657172607150677
vertex 8.0 31.7 -8.65
endloop
endfacet
facet normal 0.03271908282177061 0.0 -0.9994645874763659
outer loop
vertex 8.0 31.7 -8.65
vertex 7.780899517079021 32.4 -8.657172607150677
vertex 8.0 32.4 -8.65
endloop
endfacet
facet normal -0.03271908282177061 0.0 0.9994645874763659
outer loop
vertex 8.0 31.7 -15.35
vertex 8.219100482920979 32.4 -15.342827392849323
vertex 8.0 32.4 -15.35
endloop
endfacet
facet normal -0.03271908282177061 0.0 0.9994645874763659
outer loop
vertex 8.0 31.7 -15.35
vertex 8.219100482920979 31.7 -15.342827392849323
vertex 8.219100482920979 32.4 -15.342827392849323
endloop
endfacet
facet normal -0.0 1.0 0.0
outer loop
vertex 8.0 31.7 -15.35
vertex 8.163507823075358 31.7 -14.494647308096509
vertex 8.219100482920979 31.7 -15.342827392849323
endloop
endfacet
facet normal -0.0 1.0 0.0
outer loop
vertex 8.219100482920979 31.7 -15.342827392849323
vertex 8.326315480550129 31.7 -14.478612153434526
vertex 8.437262743937172 31.7 -15.321340285602265
endloop
endfacet
facet normal -0.09801714032956563 0.0 0.9951847266721964
outer loop
vertex 8.219100482920979 31.7 -15.342827392849323
vertex 8.437262743937172 32.4 -15.321340285602265
vertex 8.219100482920979 32.4 -15.342827392849323
endloop
endfacet
facet normal -0.09801714032956563 0.0 0.9951847266721964
outer loop
vertex 8.219100482920979 31.7 -15.342827392849323
vertex 8.437262743937172 31.7 -15.321340285602265
vertex 8.437262743937172 32.4 -15.321340285602265
endloop
endfacet
facet normal 0.0 1.0 0.0
outer loop
vertex 8.0 31.7 -15.35
vertex 8.0 31.7 -14.5
vertex 8.163507823075358 31.7 -14.494647308096509
endloop
endfacet
facet normal 0.0 1.0 -0.0
outer loop
vertex 8.219100482920979 31.7 -15.342827392849323
vertex 8.163507823075358 31.7 -14.494647308096509
vertex 8.326315480550129 31.7 -14.478612153434526
endloop
endfacet
facet normal 0.0 1.0 -0.0
outer loop
vertex 8.437262743937172 31.7 -15.321340285602265
vertex 8.326315480550129 31.7 -14.478612153434526
vertex 8.48772580504032 31.7 -14.451963201008077
endloop
endfacet
facet normal -0.1628954733945915 0.0 0.9866433320848786
outer loop
vertex 8.437262743937172 31.7 -15.321340285602265
vertex 8.653552578754029 31.7 -15.285630689350821
vertex 8.653552578754029 32.4 -15.285630689350821
endloop
endfacet
facet normal -0.1628954733945915 0.0 0.9866433320848786
outer loop
vertex 8.437262743937172 31.7 -15.321340285602265
vertex 8.653552578754029 32.4 -15.285630689350821
vertex 8.437262743937172 32.4 -15.321340285602265
endloop
endfacet
facet normal -0.2270762630343652 0.0 0.9738769792773355
outer loop
vertex 8.653552578754029 31.7 -15.285630689350821
vertex 8.867043801093445 31.7 -15.23585151806838
vertex 8.867043801093445 32.4 -15.23585151806838
endloop
endfacet
facet normal -0.2270762630343652 0.0 0.9738769792773355
outer loop
vertex 8.653552578754029 31.7 -15.285630689350821
vertex 8.867043801093445 32.4 -15.23585151806838
vertex 8.653552578754029 32.4 -15.285630689350821
endloop
endfacet
facet normal -0.290284677254461 0.0 0.9569403357322094
outer loop
vertex 8.867043801093445 31.7 -15.23585151806838
vertex 9.076822208765591 32.4 -15.172215933808605
vertex 8.867043801093445 32.4 -15.23585151806838
endloop
endfacet
facet normal -0.0 1.0 0.0
outer loop
vertex 8.437262743937172 31.7 -15.321340285602265
vertex 8.48772580504032 31.7 -14.451963201008077
vertex 8.653552578754029 31.7 -15.285630689350821
endloop
endfacet
facet normal 0.0 1.0 -0.0
outer loop
vertex 8.653552578754029 31.7 -15.285630689350821
vertex 8.48772580504032 31.7 -14.451963201008077
vertex 8.647047612756301 31.7 -14.41481456572267
endloop
endfacet
facet normal 0.0 1.0 -0.0
outer loop
vertex 8.653552578754029 31.7 -15.285630689350821
vertex 8.647047612756301 31.7 -14.41481456572267
vertex 8.803598663257905 31.7 -14.367325323737765
endloop
endfacet
facet normal -0.0 1.0 0.0
outer loop
vertex 8.653552578754029 31.7 -15.285630689350821
vertex 8.803598663257905 31.7 -14.367325323737765
vertex 8.867043801093445 31.7 -15.23585151806838
endloop
endfacet
facet normal 0.0 0.9999999999999999 -0.0
outer loop
vertex 8.867043801093445 31.7 -15.23585151806838
vertex 8.803598663257905 31.7 -14.367325323737765
vertex 8.956708580912725 31.7 -14.309698831278217
endloop
endfacet
facet normal -0.290284677254461 0.0 0.9569403357322094
outer loop
vertex 8.867043801093445 31.7 -15.23585151806838
vertex 9.076822208765591 31.7 -15.172215933808605
vertex 9.076822208765591 32.4 -15.172215933808605
endloop
endfacet
facet normal -0.35225004792123343 0.0 0.9359059267573258
outer loop
vertex 9.076822208765591 31.7 -15.172215933808605
vertex 9.281989498423052 32.4 -15.094996433912812
vertex 9.076822208765591 32.4 -15.172215933808605
endloop
endfacet
facet normal -0.35225004792123343 0.0 0.9359059267573258
outer loop
vertex 9.076822208765591 31.7 -15.172215933808605
vertex 9.281989498423052 31.7 -15.094996433912812
vertex 9.281989498423052 32.4 -15.094996433912812
endloop
endfacet
facet normal -0.41270702980439666 0.0 0.9108638249211749
outer loop
vertex 9.281989498423052 31.7 -15.094996433912812
vertex 9.481667112233655 31.7 -15.004523684134506
vertex 9.481667112233655 32.4 -15.004523684134506
endloop
endfacet
facet normal -0.41270702980439666 0.0 0.9108638249211749
outer loop
vertex 9.281989498423052 31.7 -15.094996433912812
vertex 9.481667112233655 32.4 -15.004523684134506
vertex 9.281989498423052 32.4 -15.094996433912812
endloop
endfacet
facet normal -0.0 1.0 0.0
outer loop
vertex 8.867043801093445 31.7 -15.23585151806838
vertex 8.956708580912725 31.7 -14.309698831278217
vertex 9.076822208765591 31.7 -15.172215933808605
endloop
endfacet
facet normal -0.0 1.0 0.0
outer loop
vertex 8.956708580912725 31.7 -14.309698831278217
vertex 9.105721725547504 31.7 -14.24218185383172
vertex 9.076822208765591 31.7 -15.172215933808605
endloop
endfacet
facet normal -0.0 1.0 0.0
outer loop
vertex 9.076822208765591 31.7 -15.172215933808605
vertex 9.105721725547504 31.7 -14.24218185383172
vertex 9.281989498423052 31.7 -15.094996433912812
endloop
endfacet
facet normal -0.0 0.9999999999999999 0.0
outer loop
vertex 9.281989498423052 31.7 -15.094996433912812
vertex 9.388925582549005 31.7 -14.078674030756364
vertex 9.481667112233655 31.7 -15.004523684134506
endloop
endfacet
facet normal 0.0 1.0 -0.0
outer loop
vertex 9.281989498423052 31.7 -15.094996433912812
vertex 9.105721725547504 31.7 -14.24218185383172
vertex 9.25 31.7 -14.165063509461097
endloop
endfacet
facet normal 0.0 1.0 -0.0
outer loop
vertex 9.281989498423052 31.7 -15.094996433912812
vertex 9.25 31.7 -14.165063509461097
vertex 9.388925582549005 31.7 -14.078674030756364
endloop
endfacet
facet normal -0.4713967368259985 0.0 0.8819212643483545
outer loop
vertex 9.481667112233655 31.7 -15.004523684134506
vertex 9.675 31.7 -14.90118510267787
vertex 9.675 32.4 -14.90118510267787
endloop
endfacet
facet normal -0.0 1.0 0.0
outer loop
vertex 9.481667112233655 31.7 -15.004523684134506
vertex 9.5219035725218 31.7 -13.983383350728088
vertex 9.675 31.7 -14.90118510267787
endloop
endfacet
facet normal -0.4713967368259985 0.0 0.8819212643483545
outer loop
vertex 9.481667112233655 31.7 -15.004523684134506
vertex 9.675 32.4 -14.90118510267787
vertex 9.481667112233655 32.4 -15.004523684134506
endloop
endfacet
facet normal 0.0 1.0 -0.0
outer loop
vertex 9.481667112233655 31.7 -15.004523684134506
vertex 9.388925582549005 31.7 -14.078674030756364
vertex 9.5219035725218 31.7 -13.983383350728088
endloop
endfacet
facet normal 0.0 1.0 -0.0
outer loop
vertex 9.675 31.7 -14.90118510267787
vertex 9.5219035725218 31.7 -13.983383350728088
vertex 9.648364537750172 31.7 -13.879599518697443
endloop
endfacet
facet normal -0.528067850650373 0.0 0.8492021815265757
outer loop
vertex 9.675 31.7 -14.90118510267787
vertex 9.861160280615668 32.4 -14.785423201213526
vertex 9.675 32.4 -14.90118510267787
endloop
endfacet
facet normal -0.528067850650373 0.0 0.8492021815265757
outer loop
vertex 9.675 31.7 -14.90118510267787
vertex 9.861160280615668 31.7 -14.785423201213526
vertex 9.861160280615668 32.4 -14.785423201213526
endloop
endfacet
facet normal -0.0 1.0 0.0
outer loop
vertex 9.675 31.7 -14.90118510267787
vertex 9.767766952966369 31.7 -13.767766952966369
vertex 9.861160280615668 31.7 -14.785423201213526
endloop
endfacet
facet normal 0.0 1.0 -0.0
outer loop
vertex 9.675 31.7 -14.90118510267787
vertex 9.648364537750172 31.7 -13.879599518697443
vertex 9.767766952966369 31.7 -13.767766952966369
endloop
endfacet
facet normal 0.0 1.0 -0.0
outer loop
vertex 9.861160280615668 31.7 -14.785423201213526
vertex 9.767766952966369 31.7 -13.767766952966369
vertex 9.879599518697443 31.7 -13.648364537750172
endloop
endfacet
facet normal -0.0 1.0 0.0
outer loop
vertex 8.0 31.7 -9.5
vertex 8.219100482920979 31.7 -8.657172607150677
vertex 8.163507823075358 31.7 -9.505352691903491
endloop
endfacet
facet normal -0.0 1.0 0.0
outer loop
vertex 8.163507823075358 31.7 -9.505352691903491
vertex 8.437262743937172 31.7 -8.678659714397735
vertex 8.326315480550129 31.7 -9.521387846565474
endloop
endfacet
facet normal -0.0 1.0 0.0
outer loop
vertex 8.0 31.7 -9.5
vertex 8.0 31.7 -8.65
vertex 8.219100482920979 31.7 -8.657172607150677
endloop
endfacet
facet normal -0.03271908282177061 0.0 -0.9994645874763659
outer loop
vertex 8.0 31.7 -8.65
vertex 8.0 32.4 -8.65
vertex 8.219100482920979 31.7 -8.657172607150677
endloop
endfacet
facet normal -0.03271908282177061 0.0 -0.9994645874763659
outer loop
vertex 8.219100482920979 31.7 -8.657172607150677
vertex 8.0 32.4 -8.65
vertex 8.219100482920979 32.4 -8.657172607150677
endloop
endfacet
facet normal -0.0 1.0 0.0
outer loop
vertex 8.163507823075358 31.7 -9.505352691903491
vertex 8.219100482920979 31.7 -8.657172607150677
vertex 8.437262743937172 31.7 -8.678659714397735
endloop
endfacet
facet normal -0.0 1.0 0.0
outer loop
vertex 8.326315480550129 31.7 -9.521387846565474
vertex 8.437262743937172 31.7 -8.678659714397735
vertex 8.653552578754029 31.7 -8.714369310649179
endloop
endfacet
facet normal -0.09801714032956563 0.0 -0.9951847266721964
outer loop
vertex 8.219100482920979 31.7 -8.657172607150677
vertex 8.219100482920979 32.4 -8.657172607150677
vertex 8.437262743937172 31.7 -8.678659714397735
endloop
endfacet
facet normal -0.09801714032956563 0.0 -0.9951847266721964
outer loop
vertex 8.437262743937172 31.7 -8.678659714397735
vertex 8.219100482920979 32.4 -8.657172607150677
vertex 8.437262743937172 32.4 -8.678659714397735
endloop
endfacet
facet normal -0.0 1.0 0.0
outer loop
vertex 8.326315480550129 31.7 -9.521387846565474
vertex 8.653552578754029 31.7 -8.714369310649179
vertex 8.48772580504032 31.7 -9.548036798991923
endloop
endfacet
facet normal 0.0 1.0 -0.0
outer loop
vertex 8.647047612756301 31.7 -9.58518543427733
vertex 8.48772580504032 31.7 -9.548036798991923
vertex 8.653552578754029 31.7 -8.714369310649179
endloop
endfacet
facet normal -0.0 1.0 0.0
outer loop
vertex 8.647047612756301 31.7 -9.58518543427733
vertex 8.867043801093445 31.7 -8.76414848193162
vertex 8.803598663257905 31.7 -9.632674676262235
endloop
endfacet
facet normal -0.0 1.0 0.0
outer loop
vertex 8.803598663257905 31.7 -9.632674676262235
vertex 9.076822208765591 31.7 -8.827784066191395
vertex 8.956708580912725 31.7 -9.690301168721783
endloop
endfacet
facet normal -0.1628954733945915 0.0 -0.9866433320848786
outer loop
vertex 8.437262743937172 31.7 -8.678659714397735
vertex 8.437262743937172 32.4 -8.678659714397735
vertex 8.653552578754029 31.7 -8.714369310649179
endloop
endfacet
facet normal -0.1628954733945915 0.0 -0.9866433320848786
outer loop
vertex 8.653552578754029 31.7 -8.714369310649179
vertex 8.437262743937172 32.4 -8.678659714397735
vertex 8.653552578754029 32.4 -8.714369310649179
endloop
endfacet
facet normal -0.0 1.0 0.0
outer loop
vertex 8.647047612756301 31.7 -9.58518543427733
vertex 8.653552578754029 31.7 -8.714369310649179
vertex 8.867043801093445 31.7 -8.76414848193162
endloop
endfacet
facet normal -0.2270762630343652 0.0 -0.9738769792773355
outer loop
vertex 8.653552578754029 31.7 -8.714369310649179
vertex 8.653552578754029 32.4 -8.714369310649179
vertex 8.867043801093445 31.7 -8.76414848193162
endloop
endfacet
facet normal -0.2270762630343652 0.0 -0.9738769792773355
outer loop
vertex 8.867043801093445 31.7 -8.76414848193162
vertex 8.653552578754029 32.4 -8.714369310649179
vertex 8.867043801093445 32.4 -8.76414848193162
endloop
endfacet
facet normal -0.0 0.9999999999999999 0.0
outer loop
vertex 8.803598663257905 31.7 -9.632674676262235
vertex 8.867043801093445 31.7 -8.76414848193162
vertex 9.076822208765591 31.7 -8.827784066191395
endloop
endfacet
facet normal -0.290284677254461 0.0 -0.9569403357322094
outer loop
vertex 8.867043801093445 31.7 -8.76414848193162
vertex 8.867043801093445 32.4 -8.76414848193162
vertex 9.076822208765591 31.7 -8.827784066191395
endloop
endfacet
facet normal -0.0 1.0 0.0
outer loop
vertex 8.956708580912725 31.7 -9.690301168721783
vertex 9.076822208765591 31.7 -8.827784066191395
vertex 9.105721725547504 31.7 -9.75781814616828
endloop
endfacet
facet normal -0.0 1.0 0.0
outer loop
vertex 9.105721725547504 31.7 -9.75781814616828
vertex 9.281989498423052 31.7 -8.905003566087188
vertex 9.25 31.7 -9.834936490538903
endloop
endfacet
facet normal -0.0 1.0 0.0
outer loop
vertex 9.25 31.7 -9.834936490538903
vertex 9.481667112233655 31.7 -8.995476315865494
vertex 9.388925582549005 31.7 -9.921325969243636
endloop
endfacet
facet normal -0.0 1.0 0.0
outer loop
vertex 9.25 31.7 -9.834936490538903
vertex 9.281989498423052 31.7 -8.905003566087188
vertex 9.481667112233655 31.7 -8.995476315865494
endloop
endfacet
facet normal -0.290284677254461 0.0 -0.9569403357322094
outer loop
vertex 9.076822208765591 31.7 -8.827784066191395
vertex 8.867043801093445 32.4 -8.76414848193162
vertex 9.076822208765591 32.4 -8.827784066191395
endloop
endfacet
facet normal -0.0 1.0 -0.0
outer loop
vertex 9.105721725547504 31.7 -9.75781814616828
vertex 9.076822208765591 31.7 -8.827784066191395
vertex 9.281989498423052 31.7 -8.905003566087188
endloop
endfacet
facet normal -0.35225004792123343 0.0 -0.9359059267573258
outer loop
vertex 9.076822208765591 31.7 -8.827784066191395
vertex 9.076822208765591 32.4 -8.827784066191395
vertex 9.281989498423052 31.7 -8.905003566087188
endloop
endfacet
facet normal -0.35225004792123343 0.0 -0.9359059267573258
outer loop
vertex 9.281989498423052 31.7 -8.905003566087188
vertex 9.076822208765591 32.4 -8.827784066191395
vertex 9.281989498423052 32.4 -8.905003566087188
endloop
endfacet
facet normal -0.41270702980439666 0.0 -0.9108638249211749
outer loop
vertex 9.281989498423052 31.7 -8.905003566087188
vertex 9.281989498423052 32.4 -8.905003566087188
vertex 9.481667112233655 31.7 -8.995476315865494
endloop
endfacet
facet normal -0.41270702980439666 0.0 -0.9108638249211749
outer loop
vertex 9.481667112233655 31.7 -8.995476315865494
vertex 9.281989498423052 32.4 -8.905003566087188
vertex 9.481667112233655 32.4 -8.995476315865494
endloop
endfacet
facet normal -0.0 0.9999999999999999 0.0
outer loop
vertex 9.388925582549005 31.7 -9.921325969243636
vertex 9.675 31.7 -9.09881489732213
vertex 9.5219035725218 31.7 -10.016616649271912
endloop
endfacet
facet normal 0.0 1.0 -0.0
outer loop
vertex 9.648364537750172 31.7 -10.120400481302557
vertex 9.5219035725218 31.7 -10.016616649271912
vertex 9.675 31.7 -9.09881489732213
endloop
endfacet
facet normal -0.0 1.0 0.0
outer loop
vertex 9.388925582549005 31.7 -9.921325969243636
vertex 9.481667112233655 31.7 -8.995476315865494
vertex 9.675 31.7 -9.09881489732213
endloop
endfacet
facet normal -0.0 1.0 0.0
outer loop
vertex 9.648364537750172 31.7 -10.120400481302557
vertex 9.861160280615668 31.7 -9.214576798786474
vertex 9.767766952966369 31.7 -10.232233047033631
endloop
endfacet
facet normal -0.0 1.0 0.0
outer loop
vertex 9.767766952966369 31.7 -10.232233047033631
vertex 9.861160280615668 31.7 -9.214576798786474
vertex 9.879599518697443 31.7 -10.351635462249828
endloop
endfacet
facet normal -0.0 0.9999999999999999 0.0
outer loop
vertex 9.648364537750172 31.7 -10.120400481302557
vertex 9.675 31.7 -9.09881489732213
vertex 9.861160280615668 31.7 -9.214576798786474
endloop
endfacet
facet normal -0.528067850650373 0.0 -0.8492021815265757
outer loop
vertex 9.861160280615668 31.7 -9.214576798786474
vertex 9.675 32.4 -9.09881489732213
vertex 9.861160280615668 32.4 -9.214576798786474
endloop
endfacet
facet normal -0.4713967368259985 0.0 -0.8819212643483545
outer loop
vertex 9.481667112233655 31.7 -8.995476315865494
vertex 9.481667112233655 32.4 -8.995476315865494
vertex 9.675 31.7 -9.09881489732213
endloop
endfacet
facet normal -0.4713967368259985 0.0 -0.8819212643483545
outer loop
vertex 9.675 31.7 -9.09881489732213
vertex 9.481667112233655 32.4 -8.995476315865494
vertex 9.675 32.4 -9.09881489732213
endloop
endfacet
facet normal -0.528067850650373 0.0 -0.8492021815265757
outer loop
vertex 9.675 31.7 -9.09881489732213
vertex 9.675 32.4 -9.09881489732213
vertex 9.861160280615668 31.7 -9.214576798786474
endloop
endfacet
facet normal -0.5824776968678015 0.0 0.8128466845916158
outer loop
vertex 9.861160280615668 31.7 -14.785423201213526
vertex 10.039350787179213 31.7 -14.657733689975638
vertex 10.039350787179213 32.4 -14.657733689975638
endloop
endfacet
facet normal -0.5824776968678015 0.0 0.8128466845916158
outer loop
vertex 9.861160280615668 31.7 -14.785423201213526
vertex 10.039350787179213 32.4 -14.657733689975638
vertex 9.861160280615668 32.4 -14.785423201213526
endloop
endfacet
facet normal -0.6343932841636456 0.0 0.7730104533627368
outer loop
vertex 10.039350787179213 31.7 -14.657733689975638
vertex 10.20880848058523 32.4 -14.518663355054574
vertex 10.039350787179213 32.4 -14.657733689975638
endloop
endfacet
facet normal -0.0 1.0 0.0
outer loop
vertex 9.861160280615668 31.7 -14.785423201213526
vertex 9.879599518697443 31.7 -13.648364537750172
vertex 10.039350787179213 31.7 -14.657733689975638
endloop
endfacet
facet normal -0.0 1.0 0.0
outer loop
vertex 10.039350787179213 31.7 -14.657733689975638
vertex 10.078674030756364 31.7 -13.388925582549005
vertex 10.20880848058523 31.7 -14.518663355054574
endloop
endfacet
facet normal -0.6343932841636456 0.0 0.7730104533627368
outer loop
vertex 10.039350787179213 31.7 -14.657733689975638
vertex 10.20880848058523 31.7 -14.518663355054574
vertex 10.20880848058523 32.4 -14.518663355054574
endloop
endfacet
facet normal -0.683592302022866 0.0 0.7298640726978407
outer loop
vertex 10.20880848058523 31.7 -14.518663355054574
vertex 10.368807716974935 31.7 -14.368807716974935
vertex 10.368807716974935 32.4 -14.368807716974935
endloop
endfacet
facet normal -0.683592302022866 0.0 0.7298640726978407
outer loop
vertex 10.20880848058523 31.7 -14.518663355054574
vertex 10.368807716974935 32.4 -14.368807716974935
vertex 10.20880848058523 32.4 -14.518663355054574
endloop
endfacet
facet normal -0.7298640726978407 0.0 0.683592302022866
outer loop
vertex 10.368807716974935 31.7 -14.368807716974935
vertex 10.518663355054574 31.7 -14.20880848058523
vertex 10.518663355054574 32.4 -14.20880848058523
endloop
endfacet
facet normal -0.7298640726978407 0.0 0.683592302022866
outer loop
vertex 10.368807716974935 31.7 -14.368807716974935
vertex 10.518663355054574 32.4 -14.20880848058523
vertex 10.368807716974935 32.4 -14.368807716974935
endloop
endfacet
facet normal -0.7730104533627368 0.0 0.6343932841636456
outer loop
vertex 10.518663355054574 31.7 -14.20880848058523
vertex 10.657733689975638 31.7 -14.039350787179213
vertex 10.657733689975638 32.4 -14.039350787179213
endloop
endfacet
facet normal -0.7730104533627368 0.0 0.6343932841636456
outer loop
vertex 10.518663355054574 31.7 -14.20880848058523
vertex 10.657733689975638 32.4 -14.039350787179213
vertex 10.518663355054574 32.4 -14.20880848058523
endloop
endfacet
facet normal -0.0 1.0 0.0
outer loop
vertex 9.879599518697443 31.7 -13.648364537750172
vertex 9.983383350728088 31.7 -13.5219035725218
vertex 10.039350787179213 31.7 -14.657733689975638
endloop
endfacet
facet normal 0.0 1.0 -0.0
outer loop
vertex 10.039350787179213 31.7 -14.657733689975638
vertex 9.983383350728088 31.7 -13.5219035725218
vertex 10.078674030756364 31.7 -13.388925582549005
endloop
endfacet
facet normal 0.0 0.9999999999999999 -0.0
outer loop
vertex 10.20880848058523 31.7 -14.518663355054574
vertex 10.078674030756364 31.7 -13.388925582549005
vertex 10.165063509461097 31.7 -13.25
endloop
endfacet
facet normal 0.0 1.0 -0.0
outer loop
vertex 10.20880848058523 31.7 -14.518663355054574
vertex 10.165063509461097 31.7 -13.25
vertex 10.24218185383172 31.7 -13.105721725547504
endloop
endfacet
facet normal -0.0 1.0 0.0
outer loop
vertex 10.20880848058523 31.7 -14.518663355054574
vertex 10.24218185383172 31.7 -13.105721725547504
vertex 10.368807716974935 31.7 -14.368807716974935
endloop
endfacet
facet normal 0.0 1.0 -0.0
outer loop
vertex 10.368807716974935 31.7 -14.368807716974935
vertex 10.24218185383172 31.7 -13.105721725547504
vertex 10.309698831278217 31.7 -12.956708580912725
endloop
endfacet
facet normal 0.0 0.9999999999999999 -0.0
outer loop
vertex 10.368807716974935 31.7 -14.368807716974935
vertex 10.309698831278217 31.7 -12.956708580912725
vertex 10.367325323737765 31.7 -12.803598663257905
endloop
endfacet
facet normal -0.0 1.0 0.0
outer loop
vertex 10.368807716974935 31.7 -14.368807716974935
vertex 10.41481456572267 31.7 -12.647047612756301
vertex 10.518663355054574 31.7 -14.20880848058523
endloop
endfacet
facet normal 0.0 1.0 -0.0
outer loop
vertex 10.368807716974935 31.7 -14.368807716974935
vertex 10.367325323737765 31.7 -12.803598663257905
vertex 10.41481456572267 31.7 -12.647047612756301
endloop
endfacet
facet normal 0.0 1.0 -0.0
outer loop
vertex 10.518663355054574 31.7 -14.20880848058523
vertex 10.41481456572267 31.7 -12.647047612756301
vertex 10.451963201008077 31.7 -12.48772580504032
endloop
endfacet
facet normal -0.8128466845916158 0.0 0.5824776968678015
outer loop
vertex 10.657733689975638 31.7 -14.039350787179213
vertex 10.785423201213526 32.4 -13.861160280615668
vertex 10.657733689975638 32.4 -14.039350787179213
endloop
endfacet
facet normal -0.8128466845916158 0.0 0.5824776968678015
outer loop
vertex 10.657733689975638 31.7 -14.039350787179213
vertex 10.785423201213526 31.7 -13.861160280615668
vertex 10.785423201213526 32.4 -13.861160280615668
endloop
endfacet
facet normal -0.8492021815265757 0.0 0.528067850650373
outer loop
vertex 10.785423201213526 31.7 -13.861160280615668
vertex 10.90118510267787 32.4 -13.675
vertex 10.785423201213526 32.4 -13.861160280615668
endloop
endfacet
facet normal 0.0 1.0 -0.0
outer loop
vertex 10.518663355054574 31.7 -14.20880848058523
vertex 10.451963201008077 31.7 -12.48772580504032
vertex 10.478612153434526 31.7 -12.326315480550129
endloop
endfacet
facet normal 0.0 1.0 -0.0
outer loop
vertex 10.518663355054574 31.7 -14.20880848058523
vertex 10.478612153434526 31.7 -12.326315480550129
vertex 10.494647308096509 31.7 -12.163507823075358
endloop
endfacet
facet normal 0.0 0.9999999999999999 -0.0
outer loop
vertex 10.518663355054574 31.7 -14.20880848058523
vertex 10.494647308096509 31.7 -12.163507823075358
vertex 10.5 31.7 -12.0
endloop
endfacet
facet normal -0.0 1.0 0.0
outer loop
vertex 10.518663355054574 31.7 -14.20880848058523
vertex 10.518663355054574 31.7 -9.79119151941477
vertex 10.657733689975638 31.7 -14.039350787179213
endloop
endfacet
facet normal -0.0 1.0 0.0
outer loop
vertex 10.657733689975638 31.7 -14.039350787179213
vertex 10.657733689975638 31.7 -9.960649212820787
vertex 10.785423201213526 31.7 -13.861160280615668
endloop
endfacet
facet normal -0.0 1.0 0.0
outer loop
vertex 10.785423201213526 31.7 -13.861160280615668
vertex 10.785423201213526 31.7 -10.138839719384332
vertex 10.90118510267787 31.7 -13.675
endloop
endfacet
facet normal -0.8492021815265757 0.0 0.528067850650373
outer loop
vertex 10.785423201213526 31.7 -13.861160280615668
vertex 10.90118510267787 31.7 -13.675
vertex 10.90118510267787 32.4 -13.675
endloop
endfacet
facet normal -0.8819212643483545 0.0 0.4713967368259985
outer loop
vertex 10.90118510267787 31.7 -13.675
vertex 11.004523684134506 32.4 -13.481667112233655
vertex 10.90118510267787 32.4 -13.675
endloop
endfacet
facet normal -0.8819212643483545 0.0 0.4713967368259985
outer loop
vertex 10.90118510267787 31.7 -13.675
vertex 11.004523684134506 31.7 -13.481667112233655
vertex 11.004523684134506 32.4 -13.481667112233655
endloop
endfacet
facet normal -0.9108638249211749 0.0 0.41270702980439666
outer loop
vertex 11.004523684134506 31.7 -13.481667112233655
vertex 11.094996433912812 31.7 -13.281989498423052
vertex 11.094996433912812 32.4 -13.281989498423052
endloop
endfacet
facet normal -0.9108638249211749 0.0 0.41270702980439666
outer loop
vertex 11.004523684134506 31.7 -13.481667112233655
vertex 11.094996433912812 32.4 -13.281989498423052
vertex 11.004523684134506 32.4 -13.481667112233655
endloop
endfacet
facet normal -0.9359059267573258 0.0 0.35225004792123343
outer loop
vertex 11.094996433912812 31.7 -13.281989498423052
vertex 11.172215933808605 31.7 -13.076822208765591
vertex 11.172215933808605 32.4 -13.076822208765591
endloop
endfacet
facet normal -0.9359059267573258 0.0 0.35225004792123343
outer loop
vertex 11.094996433912812 31.7 -13.281989498423052
vertex 11.172215933808605 32.4 -13.076822208765591
vertex 11.094996433912812 32.4 -13.281989498423052
endloop
endfacet
facet normal -0.0 0.9999999999999999 0.0
outer loop
vertex 10.90118510267787 31.7 -13.675
vertex 10.90118510267787 31.7 -10.325
vertex 11.004523684134506 31.7 -13.481667112233655
endloop
endfacet
facet normal -0.0 1.0 0.0
outer loop
vertex 11.004523684134506 31.7 -13.481667112233655
vertex 11.004523684134506 31.7 -10.518332887766345
vertex 11.094996433912812 31.7 -13.281989498423052
endloop
endfacet
facet normal -0.9569403357322094 0.0 0.290284677254461
outer loop
vertex 11.172215933808605 31.7 -13.076822208765591
vertex 11.23585151806838 32.4 -12.867043801093445
vertex 11.172215933808605 32.4 -13.076822208765591
endloop
endfacet
facet normal -0.9569403357322094 0.0 0.290284677254461
outer loop
vertex 11.172215933808605 31.7 -13.076822208765591
vertex 11.23585151806838 31.7 -12.867043801093445
vertex 11.23585151806838 32.4 -12.867043801093445
endloop
endfacet
facet normal -0.9738769792773355 0.0 0.2270762630343652
outer loop
vertex 11.23585151806838 31.7 -12.867043801093445
vertex 11.285630689350821 31.7 -12.653552578754029
vertex 11.285630689350821 32.4 -12.653552578754029
endloop
endfacet
facet normal -0.9738769792773355 0.0 0.2270762630343652
outer loop
vertex 11.23585151806838 31.7 -12.867043801093445
vertex 11.285630689350821 32.4 -12.653552578754029
vertex 11.23585151806838 32.4 -12.867043801093445
endloop
endfacet
facet normal -0.0 0.9999999999999999 0.0
outer loop
vertex 11.094996433912812 31.7 -13.281989498423052
vertex 11.094996433912812 31.7 -10.718010501576948
vertex 11.172215933808605 31.7 -13.076822208765591
endloop
endfacet
facet normal -0.0 1.0 0.0
outer loop
vertex 11.172215933808605 31.7 -13.076822208765591
vertex 11.172215933808605 31.7 -10.923177791234409
vertex 11.23585151806838 31.7 -12.867043801093445
endloop
endfacet
facet normal -0.9866433320848786 0.0 0.1628954733945915
outer loop
vertex 11.285630689350821 31.7 -12.653552578754029
vertex 11.321340285602265 31.7 -12.437262743937172
vertex 11.321340285602265 32.4 -12.437262743937172
endloop
endfacet
facet normal -0.0 1.0 0.0
outer loop
vertex 11.23585151806838 31.7 -12.867043801093445
vertex 11.23585151806838 31.7 -11.132956198906555
vertex 11.285630689350821 31.7 -12.653552578754029
endloop
endfacet
facet normal -0.0 1.0 0.0
outer loop
vertex 11.285630689350821 31.7 -12.653552578754029
vertex 11.285630689350821 31.7 -11.346447421245971
vertex 11.321340285602265 31.7 -12.437262743937172
endloop
endfacet
facet normal -0.9866433320848786 0.0 0.1628954733945915
outer loop
vertex 11.285630689350821 31.7 -12.653552578754029
vertex 11.321340285602265 32.4 -12.437262743937172
vertex 11.285630689350821 32.4 -12.653552578754029
endloop
endfacet
facet normal -0.9951847266721964 0.0 0.09801714032956563
outer loop
vertex 11.321340285602265 31.7 -12.437262743937172
vertex 11.342827392849323 31.7 -12.219100482920979
vertex 11.342827392849323 32.4 -12.219100482920979
endloop
endfacet
facet normal -0.9951847266721964 0.0 0.09801714032956563
outer loop
vertex 11.321340285602265 31.7 -12.437262743937172
vertex 11.342827392849323 32.4 -12.219100482920979
vertex 11.321340285602265 32.4 -12.437262743937172
endloop
endfacet
facet normal -0.9994645874763659 0.0 0.03271908282177061
outer loop
vertex 11.342827392849323 31.7 -12.219100482920979
vertex 11.35 32.4 -12.0
vertex 11.342827392849323 32.4 -12.219100482920979
endloop
endfacet
facet normal 0.0 0.9999999999999999 -0.0
outer loop
vertex 10.165063509461097 31.7 -10.75
vertex 10.078674030756364 31.7 -10.611074417450995
vertex 10.20880848058523 31.7 -9.481336644945426
endloop
endfacet
facet normal -0.0 1.0 0.0
outer loop
vertex 10.165063509461097 31.7 -10.75
vertex 10.20880848058523 31.7 -9.481336644945426
vertex 10.24218185383172 31.7 -10.894278274452496
endloop
endfacet
facet normal 0.0 1.0 -0.0
outer loop
vertex 10.309698831278217 31.7 -11.043291419087275
vertex 10.24218185383172 31.7 -10.894278274452496
vertex 10.368807716974935 31.7 -9.631192283025065
endloop
endfacet
facet normal -0.0 0.9999999999999999 0.0
outer loop
vertex 10.309698831278217 31.7 -11.043291419087275
vertex 10.368807716974935 31.7 -9.631192283025065
vertex 10.367325323737765 31.7 -11.196401336742095
endloop
endfacet
facet normal 0.0 1.0 -0.0
outer loop
vertex 10.518663355054574 31.7 -14.20880848058523
vertex 10.5 31.7 -12.0
vertex 10.518663355054574 31.7 -9.79119151941477
endloop
endfacet
facet normal 0.0 0.9999999999999999 -0.0
outer loop
vertex 10.5 31.7 -12.0
vertex 10.494647308096509 31.7 -11.836492176924642
vertex 10.518663355054574 31.7 -9.79119151941477
endloop
endfacet
facet normal -0.0 1.0 -0.0
outer loop
vertex 10.657733689975638 31.7 -14.039350787179213
vertex 10.518663355054574 31.7 -9.79119151941477
vertex 10.657733689975638 31.7 -9.960649212820787
endloop
endfacet
facet normal -0.0 1.0 -0.0
outer loop
vertex 10.785423201213526 31.7 -13.861160280615668
vertex 10.657733689975638 31.7 -9.960649212820787
vertex 10.785423201213526 31.7 -10.138839719384332
endloop
endfacet
facet normal -0.0 1.0 0.0
outer loop
vertex 10.41481456572267 31.7 -11.352952387243699
vertex 10.518663355054574 31.7 -9.79119151941477
vertex 10.451963201008077 31.7 -11.51227419495968
endloop
endfacet
facet normal 0.0 1.0 -0.0
outer loop
vertex 10.478612153434526 31.7 -11.673684519449871
vertex 10.451963201008077 31.7 -11.51227419495968
vertex 10.518663355054574 31.7 -9.79119151941477
endloop
endfacet
facet normal -0.0 1.0 0.0
outer loop
vertex 10.367325323737765 31.7 -11.196401336742095
vertex 10.368807716974935 31.7 -9.631192283025065
vertex 10.41481456572267 31.7 -11.352952387243699
endloop
endfacet
facet normal 0.0 1.0 -0.0
outer loop
vertex 10.494647308096509 31.7 -11.836492176924642
vertex 10.478612153434526 31.7 -11.673684519449871
vertex 10.518663355054574 31.7 -9.79119151941477
endloop
endfacet
facet normal -0.0 1.0 -0.0
outer loop
vertex 10.41481456572267 31.7 -11.352952387243699
vertex 10.368807716974935 31.7 -9.631192283025065
vertex 10.518663355054574 31.7 -9.79119151941477
endloop
endfacet
facet normal -0.8492021815265757 0.0 -0.528067850650373
outer loop
vertex 10.785423201213526 31.7 -10.138839719384332
vertex 10.785423201213526 32.4 -10.138839719384332
vertex 10.90118510267787 31.7 -10.325
endloop
endfacet
facet normal -0.0 0.9999999999999999 0.0
outer loop
vertex 9.879599518697443 31.7 -10.351635462249828
vertex 10.039350787179213 31.7 -9.342266310024362
vertex 9.983383350728088 31.7 -10.4780964274782
endloop
endfacet
facet normal 0.0 1.0 -0.0
outer loop
vertex 10.078674030756364 31.7 -10.611074417450995
vertex 9.983383350728088 31.7 -10.4780964274782
vertex 10.039350787179213 31.7 -9.342266310024362
endloop
endfacet
facet normal -0.0 1.0 -0.0
outer loop
vertex 10.078674030756364 31.7 -10.611074417450995
vertex 10.039350787179213 31.7 -9.342266310024362
vertex 10.20880848058523 31.7 -9.481336644945426
endloop
endfacet
facet normal -0.0 1.0 -0.0
outer loop
vertex 9.879599518697443 31.7 -10.351635462249828
vertex 9.861160280615668 31.7 -9.214576798786474
vertex 10.039350787179213 31.7 -9.342266310024362
endloop
endfacet
facet normal -0.5824776968678015 0.0 -0.8128466845916158
outer loop
vertex 9.861160280615668 31.7 -9.214576798786474
vertex 9.861160280615668 32.4 -9.214576798786474
vertex 10.039350787179213 31.7 -9.342266310024362
endloop
endfacet
facet normal -0.5824776968678015 0.0 -0.8128466845916158
outer loop
vertex 10.039350787179213 31.7 -9.342266310024362
vertex 9.861160280615668 32.4 -9.214576798786474
vertex 10.039350787179213 32.4 -9.342266310024362
endloop
endfacet
facet normal -0.6343932841636456 0.0 -0.7730104533627368
outer loop
vertex 10.039350787179213 31.7 -9.342266310024362
vertex 10.039350787179213 32.4 -9.342266310024362
vertex 10.20880848058523 31.7 -9.481336644945426
endloop
endfacet
facet normal -0.0 1.0 -0.0
outer loop
vertex 10.24218185383172 31.7 -10.894278274452496
vertex 10.20880848058523 31.7 -9.481336644945426
vertex 10.368807716974935 31.7 -9.631192283025065
endloop
endfacet
facet normal -0.6343932841636456 0.0 -0.7730104533627368
outer loop
vertex 10.20880848058523 31.7 -9.481336644945426
vertex 10.039350787179213 32.4 -9.342266310024362
vertex 10.20880848058523 32.4 -9.481336644945426
endloop
endfacet
facet normal -0.683592302022866 0.0 -0.7298640726978407
outer loop
vertex 10.368807716974935 31.7 -9.631192283025065
vertex 10.20880848058523 31.7 -9.481336644945426
vertex 10.20880848058523 32.4 -9.481336644945426
endloop
endfacet
facet normal -0.683592302022866 0.0 -0.7298640726978407
outer loop
vertex 10.368807716974935 31.7 -9.631192283025065
vertex 10.20880848058523 32.4 -9.481336644945426
vertex 10.368807716974935 32.4 -9.631192283025065
endloop
endfacet
facet normal -0.7298640726978407 0.0 -0.683592302022866
outer loop
vertex 10.368807716974935 31.7 -9.631192283025065
vertex 10.368807716974935 32.4 -9.631192283025065
vertex 10.518663355054574 31.7 -9.79119151941477
endloop
endfacet
facet normal -0.7298640726978407 0.0 -0.683592302022866
outer loop
vertex 10.518663355054574 31.7 -9.79119151941477
vertex 10.368807716974935 32.4 -9.631192283025065
vertex 10.518663355054574 32.4 -9.79119151941477
endloop
endfacet
facet normal -0.7730104533627368 0.0 -0.6343932841636456
outer loop
vertex 10.518663355054574 31.7 -9.79119151941477
vertex 10.518663355054574 32.4 -9.79119151941477
vertex 10.657733689975638 31.7 -9.960649212820787
endloop
endfacet
facet normal -0.7730104533627368 0.0 -0.6343932841636456
outer loop
vertex 10.657733689975638 31.7 -9.960649212820787
vertex 10.518663355054574 32.4 -9.79119151941477
vertex 10.657733689975638 32.4 -9.960649212820787
endloop
endfacet
facet normal -0.8128466845916158 0.0 -0.5824776968678015
outer loop
vertex 10.657733689975638 31.7 -9.960649212820787
vertex 10.657733689975638 32.4 -9.960649212820787
vertex 10.785423201213526 31.7 -10.138839719384332
endloop
endfacet
facet normal -0.8128466845916158 0.0 -0.5824776968678015
outer loop
vertex 10.785423201213526 31.7 -10.138839719384332
vertex 10.657733689975638 32.4 -9.960649212820787
vertex 10.785423201213526 32.4 -10.138839719384332
endloop
endfacet
facet normal -0.0 1.0 -0.0
outer loop
vertex 10.90118510267787 31.7 -13.675
vertex 10.785423201213526 31.7 -10.138839719384332
vertex 10.90118510267787 31.7 -10.325
endloop
endfacet
facet normal -0.0 1.0 -0.0
outer loop
vertex 11.004523684134506 31.7 -13.481667112233655
vertex 10.90118510267787 31.7 -10.325
vertex 11.004523684134506 31.7 -10.518332887766345
endloop
endfacet
facet normal -0.0 1.0 -0.0
outer loop
vertex 11.094996433912812 31.7 -13.281989498423052
vertex 11.004523684134506 31.7 -10.518332887766345
vertex 11.094996433912812 31.7 -10.718010501576948
endloop
endfacet
facet normal -0.0 0.9999999999999999 -0.0
outer loop
vertex 11.23585151806838 31.7 -12.867043801093445
vertex 11.172215933808605 31.7 -10.923177791234409
vertex 11.23585151806838 31.7 -11.132956198906555
endloop
endfacet
facet normal -0.0 1.0 -0.0
outer loop
vertex 11.321340285602265 31.7 -12.437262743937172
vertex 11.285630689350821 31.7 -11.346447421245971
vertex 11.321340285602265 31.7 -11.562737256062828
endloop
endfacet
facet normal -0.0 1.0 -0.0
outer loop
vertex 11.285630689350821 31.7 -12.653552578754029
vertex 11.23585151806838 31.7 -11.132956198906555
vertex 11.285630689350821 31.7 -11.346447421245971
endloop
endfacet
facet normal -0.0 1.0 -0.0
outer loop
vertex 11.172215933808605 31.7 -13.076822208765591
vertex 11.094996433912812 31.7 -10.718010501576948
vertex 11.172215933808605 31.7 -10.923177791234409
endloop
endfacet
facet normal -0.9866433320848786 0.0 -0.1628954733945915
outer loop
vertex 11.321340285602265 31.7 -11.562737256062828
vertex 11.285630689350821 31.7 -11.346447421245971
vertex 11.285630689350821 32.4 -11.346447421245971
endloop
endfacet
facet normal -0.9738769792773355 0.0 -0.2270762630343652
outer loop
vertex 11.285630689350821 31.7 -11.346447421245971
vertex 11.23585151806838 31.7 -11.132956198906555
vertex 11.23585151806838 32.4 -11.132956198906555
endloop
endfacet
facet normal -0.9866433320848786 0.0 -0.1628954733945915
outer loop
vertex 11.321340285602265 31.7 -11.562737256062828
vertex 11.285630689350821 32.4 -11.346447421245971
vertex 11.321340285602265 32.4 -11.562737256062828
endloop
endfacet
facet normal -0.9738769792773355 0.0 -0.2270762630343652
outer loop
vertex 11.285630689350821 31.7 -11.346447421245971
vertex 11.23585151806838 32.4 -11.132956198906555
vertex 11.285630689350821 32.4 -11.346447421245971
endloop
endfacet
facet normal -0.9108638249211749 0.0 -0.41270702980439666
outer loop
vertex 11.094996433912812 31.7 -10.718010501576948
vertex 11.004523684134506 32.4 -10.518332887766345
vertex 11.094996433912812 32.4 -10.718010501576948
endloop
endfacet
facet normal -0.8819212643483545 0.0 -0.4713967368259985
outer loop
vertex 10.90118510267787 31.7 -10.325
vertex 10.90118510267787 32.4 -10.325
vertex 11.004523684134506 31.7 -10.518332887766345
endloop
endfacet
facet normal -0.8492021815265757 0.0 -0.528067850650373
outer loop
vertex 10.90118510267787 31.7 -10.325
vertex 10.785423201213526 32.4 -10.138839719384332
vertex 10.90118510267787 32.4 -10.325
endloop
endfacet
facet normal -0.9108638249211749 0.0 -0.41270702980439666
outer loop
vertex 11.004523684134506 31.7 -10.518332887766345
vertex 11.004523684134506 32.4 -10.518332887766345
vertex 11.094996433912812 31.7 -10.718010501576948
endloop
endfacet
facet normal -0.8819212643483545 0.0 -0.4713967368259985
outer loop
vertex 11.004523684134506 31.7 -10.518332887766345
vertex 10.90118510267787 32.4 -10.325
vertex 11.004523684134506 32.4 -10.518332887766345
endloop
endfacet
facet normal -0.9569403357322094 0.0 -0.290284677254461
outer loop
vertex 11.23585151806838 31.7 -11.132956198906555
vertex 11.172215933808605 31.7 -10.923177791234409
vertex 11.172215933808605 32.4 -10.923177791234409
endloop
endfacet
facet normal -0.9359059267573258 0.0 -0.35225004792123343
outer loop
vertex 11.094996433912812 31.7 -10.718010501576948
vertex 11.094996433912812 32.4 -10.718010501576948
vertex 11.172215933808605 31.7 -10.923177791234409
endloop
endfacet
facet normal -0.9359059267573258 0.0 -0.35225004792123343
outer loop
vertex 11.172215933808605 31.7 -10.923177791234409
vertex 11.094996433912812 32.4 -10.718010501576948
vertex 11.172215933808605 32.4 -10.923177791234409
endloop
endfacet
facet normal -0.9569403357322094 0.0 -0.290284677254461
outer loop
vertex 11.23585151806838 31.7 -11.132956198906555
vertex 11.172215933808605 32.4 -10.923177791234409
vertex 11.23585151806838 32.4 -11.132956198906555
endloop
endfacet
facet normal -0.0 1.0 0.0
outer loop
vertex 11.321340285602265 31.7 -12.437262743937172
vertex 11.321340285602265 31.7 -11.562737256062828
vertex 11.342827392849323 31.7 -12.219100482920979
endloop
endfacet
facet normal -0.0 1.0 0.0
outer loop
vertex 11.342827392849323 31.7 -12.219100482920979
vertex 11.342827392849323 31.7 -11.780899517079021
vertex 11.35 31.7 -12.0
endloop
endfacet
facet normal -0.9994645874763659 0.0 0.03271908282177061
outer loop
vertex 11.342827392849323 31.7 -12.219100482920979
vertex 11.35 31.7 -12.0
vertex 11.35 32.4 -12.0
endloop
endfacet
facet normal -0.0 1.0 -0.0
outer loop
vertex 11.342827392849323 31.7 -12.219100482920979
vertex 11.321340285602265 31.7 -11.562737256062828
vertex 11.342827392849323 31.7 -11.780899517079021
endloop
endfacet
facet normal -0.9994645874763659 0.0 -0.03271908282177061
outer loop
vertex 11.35 31.7 -12.0
vertex 11.342827392849323 31.7 -11.780899517079021
vertex 11.342827392849323 32.4 -11.780899517079021
endloop
endfacet
facet normal -0.9951847266721964 0.0 -0.09801714032956563
outer loop
vertex 11.342827392849323 31.7 -11.780899517079021
vertex 11.321340285602265 31.7 -11.562737256062828
vertex 11.321340285602265 32.4 -11.562737256062828
endloop
endfacet
facet normal -0.9994645874763659 0.0 -0.03271908282177061
outer loop
vertex 11.35 31.7 -12.0
vertex 11.342827392849323 32.4 -11.780899517079021
vertex 11.35 32.4 -12.0
endloop
endfacet
facet normal -0.9951847266721964 0.0 -0.09801714032956563
outer loop
vertex 11.342827392849323 31.7 -11.780899517079021
vertex 11.321340285602265 32.4 -11.562737256062828
vertex 11.342827392849323 32.4 -11.780899517079021
endloop
endfacet

endsolid
