solid 
facet normal -0.0 -1.0 0.0
outer loop
vertex -88.3626663208008 1.7999999523162842 36.16561698913574
vertex -86.74726409912111 1.7999999523162842 38.00762462615967
vertex -88.4863235473633 1.7999999523162842 36.27769327163696
endloop
endfacet
facet normal 0.0 -1.0 0.0
outer loop
vertex -87.97063751220705 1.7999999523162842 35.8544819355011
vertex -87.83340759277345 1.7999999523162842 35.75950503349304
vertex -86.4722625732422 1.7999999523162842 37.796605587005615
endloop
endfacet
facet normal 0.0 -1.0 0.0
outer loop
vertex -87.69314880371095 1.7999999523162842 35.669068813323975
vertex -87.54999847412111 1.7999999523162842 35.58327054977417
vertex -86.32500000000002 1.7999999523162842 37.70503282546997
endloop
endfacet
facet normal -0.0 -0.9999999999999999 0.0
outer loop
vertex -87.40412445068361 1.7999999523162842 35.502201557159424
vertex -86.32500000000002 1.7999999523162842 37.70503282546997
vertex -87.54999847412111 1.7999999523162842 35.58327054977417
endloop
endfacet
facet normal -0.0 -1.0 0.0
outer loop
vertex -87.69314880371095 1.7999999523162842 35.669068813323975
vertex -86.4722625732422 1.7999999523162842 37.796605587005615
vertex -87.83340759277345 1.7999999523162842 35.75950503349304
endloop
endfacet
facet normal -0.0 -1.0 0.0
outer loop
vertex -88.10468597412111 1.7999999523162842 35.95389795303345
vertex -86.61321563720705 1.7999999523162842 37.897613525390625
vertex -88.23540802001955 1.7999999523162842 36.05764675140381
endloop
endfacet
facet normal -0.0 -1.0 0.0
outer loop
vertex -87.97063751220705 1.7999999523162842 35.8544819355011
vertex -86.61321563720705 1.7999999523162842 37.897613525390625
vertex -88.10468597412111 1.7999999523162842 35.95389795303345
endloop
endfacet
facet normal 0.0 -1.0 0.0
outer loop
vertex -88.3626663208008 1.7999999523162842 36.16561698913574
vertex -88.23540802001955 1.7999999523162842 36.05764675140381
vertex -86.74726409912111 1.7999999523162842 38.00762462615967
endloop
endfacet
facet normal -0.0 -1.0 0.0
outer loop
vertex -89.24049682617189 1.7999999523162842 37.16659164428711
vertex -87.20339508056642 1.7999999523162842 38.52773904800415
vertex -89.3309280395508 1.7999999523162842 37.30685377120972
endloop
endfacet
facet normal 0.0 -0.9999999999999999 0.0
outer loop
vertex -89.41672821044924 1.7999999523162842 37.44999980926514
vertex -89.3309280395508 1.7999999523162842 37.30685377120972
vertex -87.29497070312502 1.7999999523162842 38.67500019073486
endloop
endfacet
facet normal -0.0 -1.0 0.0
outer loop
vertex -89.41672821044924 1.7999999523162842 37.44999980926514
vertex -87.29497070312502 1.7999999523162842 38.67500019073486
vertex -89.4977981567383 1.7999999523162842 37.595876693725586
endloop
endfacet
facet normal -0.0 -1.0 0.0
outer loop
vertex -89.4977981567383 1.7999999523162842 37.595876693725586
vertex -87.37671203613283 1.7999999523162842 38.82793474197388
vertex -89.57405395507814 1.7999999523162842 37.744327545166016
endloop
endfacet
facet normal -0.0 -1.0 0.0
outer loop
vertex -89.57405395507814 1.7999999523162842 37.744327545166016
vertex -87.37671203613283 1.7999999523162842 38.82793474197388
vertex -89.64540405273439 1.7999999523162842 37.8951940536499
endloop
endfacet
facet normal -0.0 -1.0 0.0
outer loop
vertex -88.72230834960939 1.7999999523162842 36.51367902755737
vertex -86.99237365722658 1.7999999523162842 38.25273370742798
vertex -88.83438415527345 1.7999999523162842 36.63733625411987
endloop
endfacet
facet normal -0.0 -1.0 0.0
outer loop
vertex -88.4863235473633 1.7999999523162842 36.27769327163696
vertex -86.87383575439455 1.7999999523162842 38.12616682052612
vertex -88.60624237060549 1.7999999523162842 36.3937554359436
endloop
endfacet
facet normal 0.0 -1.0 0.0
outer loop
vertex -88.72230834960939 1.7999999523162842 36.51367902755737
vertex -88.60624237060549 1.7999999523162842 36.3937554359436
vertex -86.87383575439455 1.7999999523162842 38.12616682052612
endloop
endfacet
facet normal -0.0 -1.0 0.0
outer loop
vertex -88.83438415527345 1.7999999523162842 36.63733625411987
vertex -86.99237365722658 1.7999999523162842 38.25273370742798
vertex -88.9423553466797 1.7999999523162842 36.764594078063965
endloop
endfacet
facet normal 0.0 -0.9999999999999999 0.0
outer loop
vertex -89.04609985351564 1.7999999523162842 36.89531660079956
vertex -88.9423553466797 1.7999999523162842 36.764594078063965
vertex -87.1023895263672 1.7999999523162842 38.38678216934204
endloop
endfacet
facet normal -0.0 -1.0 0.0
outer loop
vertex -89.04609985351564 1.7999999523162842 36.89531660079956
vertex -87.1023895263672 1.7999999523162842 38.38678216934204
vertex -89.14551849365236 1.7999999523162842 37.02936363220215
endloop
endfacet
facet normal 0.0 -0.9999999999999999 0.0
outer loop
vertex -88.23540802001955 1.7999999523162842 36.05764675140381
vertex -86.61321563720705 1.7999999523162842 37.897613525390625
vertex -86.74726409912111 1.7999999523162842 38.00762462615967
endloop
endfacet
facet normal 0.0 -1.0 0.0
outer loop
vertex -88.4863235473633 1.7999999523162842 36.27769327163696
vertex -86.74726409912111 1.7999999523162842 38.00762462615967
vertex -86.87383575439455 1.7999999523162842 38.12616682052612
endloop
endfacet
facet normal -0.0 -1.0 0.0
outer loop
vertex -89.14551849365236 1.7999999523162842 37.02936363220215
vertex -87.20339508056642 1.7999999523162842 38.52773904800415
vertex -89.24049682617189 1.7999999523162842 37.16659164428711
endloop
endfacet
facet normal 0.0 -1.0 0.0
outer loop
vertex -89.14551849365236 1.7999999523162842 37.02936363220215
vertex -87.1023895263672 1.7999999523162842 38.38678216934204
vertex -87.20339508056642 1.7999999523162842 38.52773904800415
endloop
endfacet
facet normal 0.0 -1.0 0.0
outer loop
vertex -89.3309280395508 1.7999999523162842 37.30685377120972
vertex -87.20339508056642 1.7999999523162842 38.52773904800415
vertex -87.29497070312502 1.7999999523162842 38.67500019073486
endloop
endfacet
facet normal 0.0 -1.0 0.0
outer loop
vertex -88.72230834960939 1.7999999523162842 36.51367902755737
vertex -86.87383575439455 1.7999999523162842 38.12616682052612
vertex -86.99237365722658 1.7999999523162842 38.25273370742798
endloop
endfacet
facet normal 0.0 -0.9999999999999999 0.0
outer loop
vertex -88.9423553466797 1.7999999523162842 36.764594078063965
vertex -86.99237365722658 1.7999999523162842 38.25273370742798
vertex -87.1023895263672 1.7999999523162842 38.38678216934204
endloop
endfacet
facet normal 0.0 -0.9999999999999999 0.0
outer loop
vertex -87.25567169189455 1.7999999523162842 35.42594909667969
vertex -87.10480804443361 1.7999999523162842 35.354594469070435
vertex -86.17206878662111 1.7999999523162842 37.623287200927734
endloop
endfacet
facet normal 0.0 -1.0 0.0
outer loop
vertex -87.10480804443361 1.7999999523162842 35.354594469070435
vertex -86.95168609619142 1.7999999523162842 35.288214445114136
vertex -86.01410980224611 1.7999999523162842 37.551719188690186
endloop
endfacet
facet normal -0.0 -1.0 0.0
outer loop
vertex -86.63933868408205 1.7999999523162842 35.17065644264221
vertex -85.85181732177736 1.7999999523162842 37.49063539505005
vertex -86.79647369384767 1.7999999523162842 35.226879835128784
endloop
endfacet
facet normal 0.0 -1.0 0.0
outer loop
vertex -86.63933868408205 1.7999999523162842 35.17065644264221
vertex -86.48044891357424 1.7999999523162842 35.11960434913635
vertex -85.85181732177736 1.7999999523162842 37.49063539505005
endloop
endfacet
facet normal 0.0 -1.0 0.0
outer loop
vertex -86.95168609619142 1.7999999523162842 35.288214445114136
vertex -86.79647369384767 1.7999999523162842 35.226879835128784
vertex -86.01410980224611 1.7999999523162842 37.551719188690186
endloop
endfacet
facet normal -0.0 -1.0 0.0
outer loop
vertex -85.99496002197267 1.7999999523162842 34.997995138168335
vertex -85.51698608398439 1.7999999523162842 37.40091896057129
vertex -86.15809173583986 1.7999999523162842 35.03322744369507
endloop
endfacet
facet normal 0.0 -1.0 0.0
outer loop
vertex -85.99496002197267 1.7999999523162842 34.997995138168335
vertex -85.83076782226564 1.7999999523162842 34.96811890602112
vertex -85.51698608398439 1.7999999523162842 37.40091896057129
endloop
endfacet
facet normal 0.0 -0.9999999999999999 0.0
outer loop
vertex -85.66568298339845 1.7999999523162842 34.943631172180176
vertex -85.49988861083986 1.7999999523162842 34.92455792427063
vertex -85.34589691162111 1.7999999523162842 37.372671127319336
endloop
endfacet
facet normal 0.0 -1.0 0.0
outer loop
vertex -85.83076782226564 1.7999999523162842 34.96811890602112
vertex -85.66568298339845 1.7999999523162842 34.943631172180176
vertex -85.34589691162111 1.7999999523162842 37.372671127319336
endloop
endfacet
facet normal 0.0 -1.0 0.0
outer loop
vertex -86.48044891357424 1.7999999523162842 35.11960434913635
vertex -86.31997985839845 1.7999999523162842 35.0737783908844
vertex -85.68587036132814 1.7999999523162842 37.44029664993286
endloop
endfacet
facet normal 0.0 -0.9999999999999999 0.0
outer loop
vertex -86.31997985839845 1.7999999523162842 35.0737783908844
vertex -86.15809173583986 1.7999999523162842 35.03322744369507
vertex -85.68587036132814 1.7999999523162842 37.44029664993286
endloop
endfacet
facet normal 0.0 -1.0 0.0
outer loop
vertex -87.40412445068361 1.7999999523162842 35.502201557159424
vertex -87.25567169189455 1.7999999523162842 35.42594909667969
vertex -86.17206878662111 1.7999999523162842 37.623287200927734
endloop
endfacet
facet normal 0.0 -0.9999999999999999 0.0
outer loop
vertex -87.10480804443361 1.7999999523162842 35.354594469070435
vertex -86.01410980224611 1.7999999523162842 37.551719188690186
vertex -86.17206878662111 1.7999999523162842 37.623287200927734
endloop
endfacet
facet normal 0.0 -1.0 0.0
outer loop
vertex -86.79647369384767 1.7999999523162842 35.226879835128784
vertex -85.85181732177736 1.7999999523162842 37.49063539505005
vertex -86.01410980224611 1.7999999523162842 37.551719188690186
endloop
endfacet
facet normal 0.0 -1.0 0.0
outer loop
vertex -86.48044891357424 1.7999999523162842 35.11960434913635
vertex -85.68587036132814 1.7999999523162842 37.44029664993286
vertex -85.85181732177736 1.7999999523162842 37.49063539505005
endloop
endfacet
facet normal 0.0 -1.0 0.0
outer loop
vertex -86.15809173583986 1.7999999523162842 35.03322744369507
vertex -85.51698608398439 1.7999999523162842 37.40091896057129
vertex -85.68587036132814 1.7999999523162842 37.44029664993286
endloop
endfacet
facet normal 0.0 -1.0 0.0
outer loop
vertex -85.83076782226564 1.7999999523162842 34.96811890602112
vertex -85.34589691162111 1.7999999523162842 37.372671127319336
vertex -85.51698608398439 1.7999999523162842 37.40091896057129
endloop
endfacet
facet normal 0.0 -1.0 0.0
outer loop
vertex -85.49988861083986 1.7999999523162842 34.92455792427063
vertex -85.33355255126955 1.7999999523162842 34.910919427871704
vertex -85.17332000732424 1.7999999523162842 37.35567378997803
endloop
endfacet
facet normal 0.0 -0.9999999999999999 0.0
outer loop
vertex -85.33355255126955 1.7999999523162842 34.910919427871704
vertex -85.1668655395508 1.7999999523162842 34.90273070335388
vertex -85.17332000732424 1.7999999523162842 37.35567378997803
endloop
endfacet
facet normal 0.0 -1.0 0.0
outer loop
vertex -85.1668655395508 1.7999999523162842 34.90273070335388
vertex -85.00000305175783 1.7999999523162842 34.90000009536743
vertex -85.00000305175783 1.7999999523162842 37.34999990463257
endloop
endfacet
facet normal 0.0 -1.0 0.0
outer loop
vertex -85.00000305175783 1.7999999523162842 34.90000009536743
vertex -84.83313293457033 1.7999999523162842 34.90273070335388
vertex -85.00000305175783 1.7999999523162842 37.34999990463257
endloop
endfacet
facet normal 0.0 -0.9999999999999999 0.0
outer loop
vertex -84.83313293457033 1.7999999523162842 34.90273070335388
vertex -84.66644592285158 1.7999999523162842 34.910919427871704
vertex -84.82667846679689 1.7999999523162842 37.35567378997803
endloop
endfacet
facet normal 0.0 -1.0 0.0
outer loop
vertex -84.66644592285158 1.7999999523162842 34.910919427871704
vertex -84.50010986328127 1.7999999523162842 34.92455792427063
vertex -84.82667846679689 1.7999999523162842 37.35567378997803
endloop
endfacet
facet normal 0.0 -1.0 0.0
outer loop
vertex -84.50010986328127 1.7999999523162842 34.92455792427063
vertex -84.33431549072267 1.7999999523162842 34.943631172180176
vertex -84.65410919189455 1.7999999523162842 37.372671127319336
endloop
endfacet
facet normal 0.0 -1.0 0.0
outer loop
vertex -84.33431549072267 1.7999999523162842 34.943631172180176
vertex -84.16923065185549 1.7999999523162842 34.96811890602112
vertex -84.65410919189455 1.7999999523162842 37.372671127319336
endloop
endfacet
facet normal 0.0 -1.0 0.0
outer loop
vertex -84.16923065185549 1.7999999523162842 34.96811890602112
vertex -84.00503845214845 1.7999999523162842 34.997995138168335
vertex -84.48301239013674 1.7999999523162842 37.40091896057129
endloop
endfacet
facet normal 0.0 -1.0 0.0
outer loop
vertex -84.48301239013674 1.7999999523162842 37.40091896057129
vertex -84.00503845214845 1.7999999523162842 34.997995138168335
vertex -83.8419143676758 1.7999999523162842 35.03322744369507
endloop
endfacet
facet normal 0.0 -1.0 0.0
outer loop
vertex -84.31412811279299 1.7999999523162842 37.44029664993286
vertex -83.8419143676758 1.7999999523162842 35.03322744369507
vertex -83.6800262451172 1.7999999523162842 35.0737783908844
endloop
endfacet
facet normal 0.0 -1.0 0.0
outer loop
vertex -85.49988861083986 1.7999999523162842 34.92455792427063
vertex -85.17332000732424 1.7999999523162842 37.35567378997803
vertex -85.34589691162111 1.7999999523162842 37.372671127319336
endloop
endfacet
facet normal 0.0 -0.9999999999999999 0.0
outer loop
vertex -85.1668655395508 1.7999999523162842 34.90273070335388
vertex -85.00000305175783 1.7999999523162842 37.34999990463257
vertex -85.17332000732424 1.7999999523162842 37.35567378997803
endloop
endfacet
facet normal -0.0 -0.9999999999999999 0.0
outer loop
vertex -84.83313293457033 1.7999999523162842 34.90273070335388
vertex -84.82667846679689 1.7999999523162842 37.35567378997803
vertex -85.00000305175783 1.7999999523162842 37.34999990463257
endloop
endfacet
facet normal -0.0 -1.0 0.0
outer loop
vertex -84.50010986328127 1.7999999523162842 34.92455792427063
vertex -84.65410919189455 1.7999999523162842 37.372671127319336
vertex -84.82667846679689 1.7999999523162842 37.35567378997803
endloop
endfacet
facet normal -0.0 -1.0 0.0
outer loop
vertex -84.16923065185549 1.7999999523162842 34.96811890602112
vertex -84.48301239013674 1.7999999523162842 37.40091896057129
vertex -84.65410919189455 1.7999999523162842 37.372671127319336
endloop
endfacet
facet normal 0.0 -1.0 0.0
outer loop
vertex -84.48301239013674 1.7999999523162842 37.40091896057129
vertex -83.8419143676758 1.7999999523162842 35.03322744369507
vertex -84.31412811279299 1.7999999523162842 37.44029664993286
endloop
endfacet
facet normal 0.0 -1.0 0.0
outer loop
vertex -84.31412811279299 1.7999999523162842 37.44029664993286
vertex -83.51954956054689 1.7999999523162842 35.11960434913635
vertex -84.1481887817383 1.7999999523162842 37.49063539505005
endloop
endfacet
facet normal 0.0 -0.9999999999999999 0.0
outer loop
vertex -87.40412445068361 1.7999999523162842 35.502201557159424
vertex -86.17206878662111 1.7999999523162842 37.623287200927734
vertex -86.32500000000002 1.7999999523162842 37.70503282546997
endloop
endfacet
facet normal 0.0 -1.0 0.0
outer loop
vertex -87.69314880371095 1.7999999523162842 35.669068813323975
vertex -86.32500000000002 1.7999999523162842 37.70503282546997
vertex -86.4722625732422 1.7999999523162842 37.796605587005615
endloop
endfacet
facet normal 0.0 -1.0 0.0
outer loop
vertex -87.97063751220705 1.7999999523162842 35.8544819355011
vertex -86.4722625732422 1.7999999523162842 37.796605587005615
vertex -86.61321563720705 1.7999999523162842 37.897613525390625
endloop
endfacet
facet normal 0.0 -1.0 0.0
outer loop
vertex -84.31412811279299 1.7999999523162842 37.44029664993286
vertex -83.6800262451172 1.7999999523162842 35.0737783908844
vertex -83.51954956054689 1.7999999523162842 35.11960434913635
endloop
endfacet
facet normal 0.0 -1.0 0.0
outer loop
vertex -84.1481887817383 1.7999999523162842 37.49063539505005
vertex -83.51954956054689 1.7999999523162842 35.11960434913635
vertex -83.36065979003908 1.7999999523162842 35.17065644264221
endloop
endfacet
facet normal 0.0 -1.0 0.0
outer loop
vertex -84.1481887817383 1.7999999523162842 37.49063539505005
vertex -83.36065979003908 1.7999999523162842 35.17065644264221
vertex -83.20352478027345 1.7999999523162842 35.226879835128784
endloop
endfacet
facet normal 0.0 -1.0 0.0
outer loop
vertex -83.98588867187502 1.7999999523162842 37.551719188690186
vertex -83.20352478027345 1.7999999523162842 35.226879835128784
vertex -83.0483123779297 1.7999999523162842 35.288214445114136
endloop
endfacet
facet normal 0.0 -1.0 0.0
outer loop
vertex -83.98588867187502 1.7999999523162842 37.551719188690186
vertex -83.0483123779297 1.7999999523162842 35.288214445114136
vertex -82.89519042968752 1.7999999523162842 35.354594469070435
endloop
endfacet
facet normal 0.0 -1.0 0.0
outer loop
vertex -82.89519042968752 1.7999999523162842 35.354594469070435
vertex -82.74432678222658 1.7999999523162842 35.42594909667969
vertex -83.82793731689455 1.7999999523162842 37.623287200927734
endloop
endfacet
facet normal 0.0 -1.0 0.0
outer loop
vertex -84.1481887817383 1.7999999523162842 37.49063539505005
vertex -83.20352478027345 1.7999999523162842 35.226879835128784
vertex -83.98588867187502 1.7999999523162842 37.551719188690186
endloop
endfacet
facet normal 0.0 -0.9999999999999999 0.0
outer loop
vertex -83.98588867187502 1.7999999523162842 37.551719188690186
vertex -82.89519042968752 1.7999999523162842 35.354594469070435
vertex -83.82793731689455 1.7999999523162842 37.623287200927734
endloop
endfacet
facet normal 0.0 -1.0 0.0
outer loop
vertex -82.74432678222658 1.7999999523162842 35.42594909667969
vertex -82.59587402343752 1.7999999523162842 35.502201557159424
vertex -83.82793731689455 1.7999999523162842 37.623287200927734
endloop
endfacet
facet normal 0.0 -0.9999999999999999 0.0
outer loop
vertex -82.59587402343752 1.7999999523162842 35.502201557159424
vertex -82.45000000000002 1.7999999523162842 35.58327054977417
vertex -83.67499847412111 1.7999999523162842 37.70503282546997
endloop
endfacet
facet normal 0.0 -1.0 0.0
outer loop
vertex -82.45000000000002 1.7999999523162842 35.58327054977417
vertex -82.3068572998047 1.7999999523162842 35.669068813323975
vertex -83.67499847412111 1.7999999523162842 37.70503282546997
endloop
endfacet
facet normal 0.0 -1.0 0.0
outer loop
vertex -82.3068572998047 1.7999999523162842 35.669068813323975
vertex -82.16659088134767 1.7999999523162842 35.75950503349304
vertex -83.52773590087892 1.7999999523162842 37.796605587005615
endloop
endfacet
facet normal 0.0 -1.0 0.0
outer loop
vertex -82.16659088134767 1.7999999523162842 35.75950503349304
vertex -82.02936096191408 1.7999999523162842 35.8544819355011
vertex -83.52773590087892 1.7999999523162842 37.796605587005615
endloop
endfacet
facet normal 0.0 -1.0 0.0
outer loop
vertex -82.02936096191408 1.7999999523162842 35.8544819355011
vertex -81.89532012939455 1.7999999523162842 35.95389795303345
vertex -83.38678283691408 1.7999999523162842 37.897613525390625
endloop
endfacet
facet normal 0.0 -1.0 0.0
outer loop
vertex -81.89532012939455 1.7999999523162842 35.95389795303345
vertex -81.76459045410158 1.7999999523162842 36.05764675140381
vertex -83.38678283691408 1.7999999523162842 37.897613525390625
endloop
endfacet
facet normal 0.0 -1.0 0.0
outer loop
vertex -81.76459045410158 1.7999999523162842 36.05764675140381
vertex -81.63733978271486 1.7999999523162842 36.16561698913574
vertex -83.25273437500002 1.7999999523162842 38.00762462615967
endloop
endfacet
facet normal 0.0 -1.0 0.0
outer loop
vertex -81.63733978271486 1.7999999523162842 36.16561698913574
vertex -81.51368255615236 1.7999999523162842 36.27769327163696
vertex -83.25273437500002 1.7999999523162842 38.00762462615967
endloop
endfacet
facet normal -0.0 -1.0 0.0
outer loop
vertex -82.59587402343752 1.7999999523162842 35.502201557159424
vertex -83.67499847412111 1.7999999523162842 37.70503282546997
vertex -83.82793731689455 1.7999999523162842 37.623287200927734
endloop
endfacet
facet normal -0.0 -0.9999999999999999 0.0
outer loop
vertex -82.3068572998047 1.7999999523162842 35.669068813323975
vertex -83.52773590087892 1.7999999523162842 37.796605587005615
vertex -83.67499847412111 1.7999999523162842 37.70503282546997
endloop
endfacet
facet normal -0.0 -1.0 0.0
outer loop
vertex -82.02936096191408 1.7999999523162842 35.8544819355011
vertex -83.38678283691408 1.7999999523162842 37.897613525390625
vertex -83.52773590087892 1.7999999523162842 37.796605587005615
endloop
endfacet
facet normal -0.0 -0.9999999999999999 0.0
outer loop
vertex -81.76459045410158 1.7999999523162842 36.05764675140381
vertex -83.25273437500002 1.7999999523162842 38.00762462615967
vertex -83.38678283691408 1.7999999523162842 37.897613525390625
endloop
endfacet
facet normal -0.0 -1.0 0.0
outer loop
vertex -81.51368255615236 1.7999999523162842 36.27769327163696
vertex -83.12617034912111 1.7999999523162842 38.12616682052612
vertex -83.25273437500002 1.7999999523162842 38.00762462615967
endloop
endfacet
facet normal -0.0 -0.9999999999999999 0.0
outer loop
vertex -81.27769012451174 1.7999999523162842 36.51367902755737
vertex -83.00762481689455 1.7999999523162842 38.25273370742798
vertex -83.12617034912111 1.7999999523162842 38.12616682052612
endloop
endfacet
facet normal 0.0 -1.0 0.0
outer loop
vertex -81.51368255615236 1.7999999523162842 36.27769327163696
vertex -81.39375610351564 1.7999999523162842 36.3937554359436
vertex -83.12617034912111 1.7999999523162842 38.12616682052612
endloop
endfacet
facet normal 0.0 -1.0 0.0
outer loop
vertex -81.39375610351564 1.7999999523162842 36.3937554359436
vertex -81.27769012451174 1.7999999523162842 36.51367902755737
vertex -83.12617034912111 1.7999999523162842 38.12616682052612
endloop
endfacet
facet normal 0.0 -1.0 0.0
outer loop
vertex -81.27769012451174 1.7999999523162842 36.51367902755737
vertex -81.16561431884767 1.7999999523162842 36.63733625411987
vertex -83.00762481689455 1.7999999523162842 38.25273370742798
endloop
endfacet
facet normal 0.0 -1.0 0.0
outer loop
vertex -81.16561431884767 1.7999999523162842 36.63733625411987
vertex -81.05764312744142 1.7999999523162842 36.764594078063965
vertex -83.00762481689455 1.7999999523162842 38.25273370742798
endloop
endfacet
facet normal 0.0 -1.0 0.0
outer loop
vertex -81.05764312744142 1.7999999523162842 36.764594078063965
vertex -80.95389862060549 1.7999999523162842 36.89531660079956
vertex -82.89761657714845 1.7999999523162842 38.38678216934204
endloop
endfacet
facet normal 0.0 -1.0 0.0
outer loop
vertex -80.95389862060549 1.7999999523162842 36.89531660079956
vertex -80.85447998046877 1.7999999523162842 37.02936363220215
vertex -82.89761657714845 1.7999999523162842 38.38678216934204
endloop
endfacet
facet normal -0.0 -1.0 0.0
outer loop
vertex -81.05764312744142 1.7999999523162842 36.764594078063965
vertex -82.89761657714845 1.7999999523162842 38.38678216934204
vertex -83.00762481689455 1.7999999523162842 38.25273370742798
endloop
endfacet
facet normal -0.0 -1.0 0.0
outer loop
vertex -80.85447998046877 1.7999999523162842 37.02936363220215
vertex -82.7966033935547 1.7999999523162842 38.52773904800415
vertex -82.89761657714845 1.7999999523162842 38.38678216934204
endloop
endfacet
facet normal -0.0 -1.0 0.0
outer loop
vertex -80.66907043457033 1.7999999523162842 37.30685377120972
vertex -82.70503540039064 1.7999999523162842 38.67500019073486
vertex -82.7966033935547 1.7999999523162842 38.52773904800415
endloop
endfacet
facet normal 0.0 -1.0 0.0
outer loop
vertex -80.85447998046877 1.7999999523162842 37.02936363220215
vertex -80.75950164794924 1.7999999523162842 37.16659164428711
vertex -82.7966033935547 1.7999999523162842 38.52773904800415
endloop
endfacet
facet normal 0.0 -1.0 0.0
outer loop
vertex -80.75950164794924 1.7999999523162842 37.16659164428711
vertex -80.66907043457033 1.7999999523162842 37.30685377120972
vertex -82.7966033935547 1.7999999523162842 38.52773904800415
endloop
endfacet
facet normal 0.0 -1.0 0.0
outer loop
vertex -80.66907043457033 1.7999999523162842 37.30685377120972
vertex -80.58327026367189 1.7999999523162842 37.44999980926514
vertex -82.70503540039064 1.7999999523162842 38.67500019073486
endloop
endfacet
facet normal 0.0 -0.9999999999999999 0.0
outer loop
vertex -80.58327026367189 1.7999999523162842 37.44999980926514
vertex -80.50220031738283 1.7999999523162842 37.595876693725586
vertex -82.70503540039064 1.7999999523162842 38.67500019073486
endloop
endfacet
facet normal 0.0 -1.0 0.0
outer loop
vertex -80.50220031738283 1.7999999523162842 37.595876693725586
vertex -80.42595214843752 1.7999999523162842 37.744327545166016
vertex -82.6232864379883 1.7999999523162842 38.82793474197388
endloop
endfacet
facet normal 0.0 -1.0 0.0
outer loop
vertex -89.77312011718752 1.7999999523162842 38.203524589538574
vertex -89.7117874145508 1.7999999523162842 38.048314571380615
vertex -87.44828338623049 1.7999999523162842 38.985888957977295
endloop
endfacet
facet normal -0.0 -1.0 0.0
outer loop
vertex -89.64540405273439 1.7999999523162842 37.8951940536499
vertex -87.44828338623049 1.7999999523162842 38.985888957977295
vertex -89.7117874145508 1.7999999523162842 38.048314571380615
endloop
endfacet
facet normal -0.0 -1.0 0.0
outer loop
vertex -89.77312011718752 1.7999999523162842 38.203524589538574
vertex -87.50936431884767 1.7999999523162842 39.14818525314331
vertex -89.8293411254883 1.7999999523162842 38.36065864562988
endloop
endfacet
facet normal -0.0 -1.0 0.0
outer loop
vertex -89.8293411254883 1.7999999523162842 38.36065864562988
vertex -87.50936431884767 1.7999999523162842 39.14818525314331
vertex -89.88039703369142 1.7999999523162842 38.51954793930054
endloop
endfacet
facet normal -0.0 -1.0 0.0
outer loop
vertex -89.88039703369142 1.7999999523162842 38.51954793930054
vertex -87.55970306396486 1.7999999523162842 39.31412935256958
vertex -89.92621917724611 1.7999999523162842 38.68002271652222
endloop
endfacet
facet normal -0.0 -1.0 0.0
outer loop
vertex -89.92621917724611 1.7999999523162842 38.68002271652222
vertex -87.55970306396486 1.7999999523162842 39.31412935256958
vertex -89.9667694091797 1.7999999523162842 38.84191083908081
endloop
endfacet
facet normal -0.0 -1.0 0.0
outer loop
vertex -89.9667694091797 1.7999999523162842 38.84191083908081
vertex -87.59907836914064 1.7999999523162842 39.48301076889038
vertex -90.00200195312502 1.7999999523162842 39.00503921508789
endloop
endfacet
facet normal -0.0 -0.9999999999999999 0.0
outer loop
vertex -90.00200195312502 1.7999999523162842 39.00503921508789
vertex -87.59907836914064 1.7999999523162842 39.48301076889038
vertex -90.03187866210939 1.7999999523162842 39.169233322143555
endloop
endfacet
facet normal -0.0 -1.0 0.0
outer loop
vertex -90.03187866210939 1.7999999523162842 39.169233322143555
vertex -87.62733001708986 1.7999999523162842 39.65410566329956
vertex -90.0563690185547 1.7999999523162842 39.33431625366211
endloop
endfacet
facet normal -0.0 -0.9999999999999999 0.0
outer loop
vertex -90.0563690185547 1.7999999523162842 39.33431625366211
vertex -87.62733001708986 1.7999999523162842 39.65410566329956
vertex -90.07544250488283 1.7999999523162842 39.500112533569336
endloop
endfacet
facet normal 0.0 -1.0 0.0
outer loop
vertex -89.4977981567383 1.7999999523162842 37.595876693725586
vertex -87.29497070312502 1.7999999523162842 38.67500019073486
vertex -87.37671203613283 1.7999999523162842 38.82793474197388
endloop
endfacet
facet normal 0.0 -1.0 0.0
outer loop
vertex -89.77312011718752 1.7999999523162842 38.203524589538574
vertex -87.44828338623049 1.7999999523162842 38.985888957977295
vertex -87.50936431884767 1.7999999523162842 39.14818525314331
endloop
endfacet
facet normal 0.0 -0.9999999999999999 0.0
outer loop
vertex -89.64540405273439 1.7999999523162842 37.8951940536499
vertex -87.37671203613283 1.7999999523162842 38.82793474197388
vertex -87.44828338623049 1.7999999523162842 38.985888957977295
endloop
endfacet
facet normal 0.0 -1.0 0.0
outer loop
vertex -89.88039703369142 1.7999999523162842 38.51954793930054
vertex -87.50936431884767 1.7999999523162842 39.14818525314331
vertex -87.55970306396486 1.7999999523162842 39.31412935256958
endloop
endfacet
facet normal 0.0 -1.0 0.0
outer loop
vertex -89.9667694091797 1.7999999523162842 38.84191083908081
vertex -87.55970306396486 1.7999999523162842 39.31412935256958
vertex -87.59907836914064 1.7999999523162842 39.48301076889038
endloop
endfacet
facet normal 0.0 -0.9999999999999999 0.0
outer loop
vertex -90.03187866210939 1.7999999523162842 39.169233322143555
vertex -87.59907836914064 1.7999999523162842 39.48301076889038
vertex -87.62733001708986 1.7999999523162842 39.65410566329956
endloop
endfacet
facet normal -0.0 -0.9999999999999999 0.0
outer loop
vertex -90.07544250488283 1.7999999523162842 39.500112533569336
vertex -87.64432830810549 1.7999999523162842 39.82668161392212
vertex -90.0890838623047 1.7999999523162842 39.666443824768066
endloop
endfacet
facet normal 0.0 -1.0 0.0
outer loop
vertex -90.0890838623047 1.7999999523162842 39.666443824768066
vertex -87.64432830810549 1.7999999523162842 39.82668161392212
vertex -90.09727020263674 1.7999999523162842 39.83313274383545
endloop
endfacet
facet normal 0.0 -1.0 0.0
outer loop
vertex -90.09727020263674 1.7999999523162842 39.83313274383545
vertex -87.6499969482422 1.7999999523162842 40.0
vertex -90.10000152587892 1.7999999523162842 40.0
endloop
endfacet
facet normal 0.0 -1.0 0.0
outer loop
vertex -90.10000152587892 1.7999999523162842 40.0
vertex -87.6499969482422 1.7999999523162842 40.0
vertex -90.09727020263674 1.7999999523162842 40.16686725616455
endloop
endfacet
facet normal 0.0 -1.0 0.0
outer loop
vertex -90.09727020263674 1.7999999523162842 40.16686725616455
vertex -87.64432830810549 1.7999999523162842 40.17331790924072
vertex -90.0890838623047 1.7999999523162842 40.333556175231934
endloop
endfacet
facet normal 0.0 -1.0 0.0
outer loop
vertex -90.0890838623047 1.7999999523162842 40.333556175231934
vertex -87.64432830810549 1.7999999523162842 40.17331790924072
vertex -90.07544250488283 1.7999999523162842 40.499887466430664
endloop
endfacet
facet normal 0.0 -1.0 0.0
outer loop
vertex -90.07544250488283 1.7999999523162842 40.499887466430664
vertex -87.62733001708986 1.7999999523162842 40.3458948135376
vertex -90.0563690185547 1.7999999523162842 40.66568374633789
endloop
endfacet
facet normal 0.0 -0.9999999999999999 0.0
outer loop
vertex -90.0563690185547 1.7999999523162842 40.66568374633789
vertex -87.62733001708986 1.7999999523162842 40.3458948135376
vertex -90.03187866210939 1.7999999523162842 40.830766677856445
endloop
endfacet
facet normal 0.0 -0.9999999999999999 0.0
outer loop
vertex -90.03187866210939 1.7999999523162842 40.830766677856445
vertex -87.59907836914064 1.7999999523162842 40.51698970794678
vertex -90.00200195312502 1.7999999523162842 40.99496078491211
endloop
endfacet
facet normal 0.0 -1.0 0.0
outer loop
vertex -90.00200195312502 1.7999999523162842 40.99496078491211
vertex -87.59907836914064 1.7999999523162842 40.51698970794678
vertex -89.9667694091797 1.7999999523162842 41.15808868408203
endloop
endfacet
facet normal 0.0 -0.9999999999999999 0.0
outer loop
vertex -90.07544250488283 1.7999999523162842 39.500112533569336
vertex -87.62733001708986 1.7999999523162842 39.65410566329956
vertex -87.64432830810549 1.7999999523162842 39.82668161392212
endloop
endfacet
facet normal 0.0 -1.0 0.0
outer loop
vertex -90.09727020263674 1.7999999523162842 39.83313274383545
vertex -87.64432830810549 1.7999999523162842 39.82668161392212
vertex -87.6499969482422 1.7999999523162842 40.0
endloop
endfacet
facet normal 0.0 -1.0 0.0
outer loop
vertex -90.09727020263674 1.7999999523162842 40.16686725616455
vertex -87.6499969482422 1.7999999523162842 40.0
vertex -87.64432830810549 1.7999999523162842 40.17331790924072
endloop
endfacet
facet normal 0.0 -1.0 0.0
outer loop
vertex -90.07544250488283 1.7999999523162842 40.499887466430664
vertex -87.64432830810549 1.7999999523162842 40.17331790924072
vertex -87.62733001708986 1.7999999523162842 40.3458948135376
endloop
endfacet
facet normal 0.0 -1.0 0.0
outer loop
vertex -90.03187866210939 1.7999999523162842 40.830766677856445
vertex -87.62733001708986 1.7999999523162842 40.3458948135376
vertex -87.59907836914064 1.7999999523162842 40.51698970794678
endloop
endfacet
facet normal 0.0 -1.0 0.0
outer loop
vertex -87.59907836914064 1.7999999523162842 40.51698970794678
vertex -87.55970306396486 1.7999999523162842 40.68587017059326
vertex -89.9667694091797 1.7999999523162842 41.15808868408203
endloop
endfacet
facet normal -0.0 -1.0 0.0
outer loop
vertex -87.55970306396486 1.7999999523162842 40.68587017059326
vertex -89.92621917724611 1.7999999523162842 41.319976806640625
vertex -89.9667694091797 1.7999999523162842 41.15808868408203
endloop
endfacet
facet normal -0.0 -1.0 0.0
outer loop
vertex -87.55970306396486 1.7999999523162842 40.68587017059326
vertex -89.88039703369142 1.7999999523162842 41.480451583862305
vertex -89.92621917724611 1.7999999523162842 41.319976806640625
endloop
endfacet
facet normal 0.0 -1.0 0.0
outer loop
vertex -89.88039703369142 1.7999999523162842 41.480451583862305
vertex -87.50936431884767 1.7999999523162842 40.85181427001953
vertex -89.8293411254883 1.7999999523162842 41.63934135437012
endloop
endfacet
facet normal 0.0 -1.0 0.0
outer loop
vertex -89.8293411254883 1.7999999523162842 41.63934135437012
vertex -87.50936431884767 1.7999999523162842 40.85181427001953
vertex -89.77312011718752 1.7999999523162842 41.796475410461426
endloop
endfacet
facet normal 0.0 -1.0 0.0
outer loop
vertex -89.77312011718752 1.7999999523162842 41.796475410461426
vertex -87.44828338623049 1.7999999523162842 41.01411151885986
vertex -89.7117874145508 1.7999999523162842 41.95168590545654
endloop
endfacet
facet normal 0.0 -1.0 0.0
outer loop
vertex -89.7117874145508 1.7999999523162842 41.95168590545654
vertex -87.44828338623049 1.7999999523162842 41.01411151885986
vertex -89.64540405273439 1.7999999523162842 42.1048059463501
endloop
endfacet
facet normal 0.0 -1.0 0.0
outer loop
vertex -89.64540405273439 1.7999999523162842 42.1048059463501
vertex -87.37671203613283 1.7999999523162842 41.172064781188965
vertex -89.57405395507814 1.7999999523162842 42.255672454833984
endloop
endfacet
facet normal 0.0 -0.9999999999999999 0.0
outer loop
vertex -89.57405395507814 1.7999999523162842 42.255672454833984
vertex -87.37671203613283 1.7999999523162842 41.172064781188965
vertex -89.4977981567383 1.7999999523162842 42.404123306274414
endloop
endfacet
facet normal -0.0 -1.0 0.0
outer loop
vertex -87.29497070312502 1.7999999523162842 41.32499980926514
vertex -89.41672821044924 1.7999999523162842 42.55000019073486
vertex -89.4977981567383 1.7999999523162842 42.404123306274414
endloop
endfacet
facet normal -0.0 -1.0 0.0
outer loop
vertex -87.29497070312502 1.7999999523162842 41.32499980926514
vertex -89.3309280395508 1.7999999523162842 42.693145751953125
vertex -89.41672821044924 1.7999999523162842 42.55000019073486
endloop
endfacet
facet normal 0.0 -1.0 0.0
outer loop
vertex -87.55970306396486 1.7999999523162842 40.68587017059326
vertex -87.50936431884767 1.7999999523162842 40.85181427001953
vertex -89.88039703369142 1.7999999523162842 41.480451583862305
endloop
endfacet
facet normal 0.0 -1.0 0.0
outer loop
vertex -89.77312011718752 1.7999999523162842 41.796475410461426
vertex -87.50936431884767 1.7999999523162842 40.85181427001953
vertex -87.44828338623049 1.7999999523162842 41.01411151885986
endloop
endfacet
facet normal 0.0 -1.0 0.0
outer loop
vertex -89.64540405273439 1.7999999523162842 42.1048059463501
vertex -87.44828338623049 1.7999999523162842 41.01411151885986
vertex -87.37671203613283 1.7999999523162842 41.172064781188965
endloop
endfacet
facet normal 0.0 -0.9999999999999999 0.0
outer loop
vertex -87.37671203613283 1.7999999523162842 41.172064781188965
vertex -87.29497070312502 1.7999999523162842 41.32499980926514
vertex -89.4977981567383 1.7999999523162842 42.404123306274414
endloop
endfacet
facet normal 0.0 -1.0 0.0
outer loop
vertex -87.29497070312502 1.7999999523162842 41.32499980926514
vertex -87.20339508056642 1.7999999523162842 41.47226142883301
vertex -89.3309280395508 1.7999999523162842 42.693145751953125
endloop
endfacet
facet normal 0.0 -0.9999999999999999 0.0
outer loop
vertex -87.20339508056642 1.7999999523162842 41.47226142883301
vertex -87.1023895263672 1.7999999523162842 41.6132173538208
vertex -89.14551849365236 1.7999999523162842 42.97063636779785
endloop
endfacet
facet normal 0.0 -1.0 0.0
outer loop
vertex -87.1023895263672 1.7999999523162842 41.6132173538208
vertex -86.99237365722658 1.7999999523162842 41.74726676940918
vertex -88.9423553466797 1.7999999523162842 43.235405921936035
endloop
endfacet
facet normal -0.0 -1.0 0.0
outer loop
vertex -87.20339508056642 1.7999999523162842 41.47226142883301
vertex -89.24049682617189 1.7999999523162842 42.83340835571289
vertex -89.3309280395508 1.7999999523162842 42.693145751953125
endloop
endfacet
facet normal -0.0 -1.0 0.0
outer loop
vertex -87.20339508056642 1.7999999523162842 41.47226142883301
vertex -89.14551849365236 1.7999999523162842 42.97063636779785
vertex -89.24049682617189 1.7999999523162842 42.83340835571289
endloop
endfacet
facet normal -0.0 -0.9999999999999999 0.0
outer loop
vertex -87.1023895263672 1.7999999523162842 41.6132173538208
vertex -89.04609985351564 1.7999999523162842 43.10468292236328
vertex -89.14551849365236 1.7999999523162842 42.97063636779785
endloop
endfacet
facet normal -0.0 -1.0 0.0
outer loop
vertex -87.1023895263672 1.7999999523162842 41.6132173538208
vertex -88.9423553466797 1.7999999523162842 43.235405921936035
vertex -89.04609985351564 1.7999999523162842 43.10468292236328
endloop
endfacet
facet normal 0.0 -1.0 0.0
outer loop
vertex -88.9423553466797 1.7999999523162842 43.235405921936035
vertex -86.99237365722658 1.7999999523162842 41.74726676940918
vertex -88.83438415527345 1.7999999523162842 43.36266326904297
endloop
endfacet
facet normal 0.0 -1.0 0.0
outer loop
vertex -88.83438415527345 1.7999999523162842 43.36266326904297
vertex -86.99237365722658 1.7999999523162842 41.74726676940918
vertex -88.72230834960939 1.7999999523162842 43.48632049560547
endloop
endfacet
facet normal 0.0 -1.0 0.0
outer loop
vertex -88.72230834960939 1.7999999523162842 43.48632049560547
vertex -86.99237365722658 1.7999999523162842 41.74726676940918
vertex -86.87383575439455 1.7999999523162842 41.87383270263672
endloop
endfacet
facet normal 0.0 -0.9999999999999999 0.0
outer loop
vertex -86.87383575439455 1.7999999523162842 41.87383270263672
vertex -86.74726409912111 1.7999999523162842 41.99237537384033
vertex -88.4863235473633 1.7999999523162842 43.722307205200195
endloop
endfacet
facet normal 0.0 -0.9999999999999999 0.0
outer loop
vertex -86.74726409912111 1.7999999523162842 41.99237537384033
vertex -86.61321563720705 1.7999999523162842 42.102386474609375
vertex -88.23540802001955 1.7999999523162842 43.94235324859619
endloop
endfacet
facet normal 0.0 -1.0 0.0
outer loop
vertex -88.72230834960939 1.7999999523162842 43.48632049560547
vertex -86.87383575439455 1.7999999523162842 41.87383270263672
vertex -88.60624237060549 1.7999999523162842 43.606245040893555
endloop
endfacet
facet normal -0.0 -1.0 0.0
outer loop
vertex -86.87383575439455 1.7999999523162842 41.87383270263672
vertex -88.4863235473633 1.7999999523162842 43.722307205200195
vertex -88.60624237060549 1.7999999523162842 43.606245040893555
endloop
endfacet
facet normal -0.0 -1.0 0.0
outer loop
vertex -86.74726409912111 1.7999999523162842 41.99237537384033
vertex -88.3626663208008 1.7999999523162842 43.83438301086426
vertex -88.4863235473633 1.7999999523162842 43.722307205200195
endloop
endfacet
facet normal -0.0 -1.0 0.0
outer loop
vertex -86.74726409912111 1.7999999523162842 41.99237537384033
vertex -88.23540802001955 1.7999999523162842 43.94235324859619
vertex -88.3626663208008 1.7999999523162842 43.83438301086426
endloop
endfacet
facet normal -0.0 -1.0 0.0
outer loop
vertex -86.61321563720705 1.7999999523162842 42.102386474609375
vertex -88.10468597412111 1.7999999523162842 44.046101570129395
vertex -88.23540802001955 1.7999999523162842 43.94235324859619
endloop
endfacet
facet normal -0.0 -1.0 0.0
outer loop
vertex -86.61321563720705 1.7999999523162842 42.102386474609375
vertex -87.97063751220705 1.7999999523162842 44.14551830291748
vertex -88.10468597412111 1.7999999523162842 44.046101570129395
endloop
endfacet
facet normal -0.0 -0.9999999999999999 0.0
outer loop
vertex -86.4722625732422 1.7999999523162842 42.20339488983154
vertex -87.83340759277345 1.7999999523162842 44.24049472808838
vertex -87.97063751220705 1.7999999523162842 44.14551830291748
endloop
endfacet
facet normal -0.0 -1.0 0.0
outer loop
vertex -86.4722625732422 1.7999999523162842 42.20339488983154
vertex -87.69314880371095 1.7999999523162842 44.33093070983887
vertex -87.83340759277345 1.7999999523162842 44.24049472808838
endloop
endfacet
facet normal 0.0 -0.9999999999999999 0.0
outer loop
vertex -86.61321563720705 1.7999999523162842 42.102386474609375
vertex -86.4722625732422 1.7999999523162842 42.20339488983154
vertex -87.97063751220705 1.7999999523162842 44.14551830291748
endloop
endfacet
facet normal 0.0 -1.0 0.0
outer loop
vertex -86.4722625732422 1.7999999523162842 42.20339488983154
vertex -86.32500000000002 1.7999999523162842 42.29496765136719
vertex -87.69314880371095 1.7999999523162842 44.33093070983887
endloop
endfacet
facet normal 0.0 -1.0 0.0
outer loop
vertex -86.32500000000002 1.7999999523162842 42.29496765136719
vertex -86.17206878662111 1.7999999523162842 42.376712799072266
vertex -87.40412445068361 1.7999999523162842 44.497798919677734
endloop
endfacet
facet normal 0.0 -1.0 0.0
outer loop
vertex -86.17206878662111 1.7999999523162842 42.376712799072266
vertex -86.01410980224611 1.7999999523162842 42.448280334472656
vertex -87.10480804443361 1.7999999523162842 44.645405769348145
endloop
endfacet
facet normal 0.0 -1.0 0.0
outer loop
vertex -86.01410980224611 1.7999999523162842 42.448280334472656
vertex -85.85181732177736 1.7999999523162842 42.50936508178711
vertex -86.79647369384767 1.7999999523162842 44.77311992645264
endloop
endfacet
facet normal 0.0 -1.0 0.0
outer loop
vertex -85.85181732177736 1.7999999523162842 42.50936508178711
vertex -85.68587036132814 1.7999999523162842 42.5597038269043
vertex -86.48044891357424 1.7999999523162842 44.88039588928223
endloop
endfacet
facet normal 0.0 -0.9999999999999999 0.0
outer loop
vertex -85.68587036132814 1.7999999523162842 42.5597038269043
vertex -85.51698608398439 1.7999999523162842 42.59908103942871
vertex -86.15809173583986 1.7999999523162842 44.96677303314209
endloop
endfacet
facet normal 0.0 -1.0 0.0
outer loop
vertex -85.51698608398439 1.7999999523162842 42.59908103942871
vertex -85.34589691162111 1.7999999523162842 42.627328872680664
vertex -85.83076782226564 1.7999999523162842 45.03188133239746
endloop
endfacet
facet normal 0.0 -0.9999999999999999 0.0
outer loop
vertex -85.34589691162111 1.7999999523162842 42.627328872680664
vertex -85.17332000732424 1.7999999523162842 42.64432621002197
vertex -85.49988861083986 1.7999999523162842 45.07544231414795
endloop
endfacet
facet normal 0.0 -1.0 0.0
outer loop
vertex -85.17332000732424 1.7999999523162842 42.64432621002197
vertex -85.00000305175783 1.7999999523162842 42.64999961853027
vertex -85.1668655395508 1.7999999523162842 45.09726905822754
endloop
endfacet
facet normal 0.0 -1.0 0.0
outer loop
vertex -85.00000305175783 1.7999999523162842 42.64999961853027
vertex -84.82667846679689 1.7999999523162842 42.64432621002197
vertex -84.74056549072267 1.7999999523162842 45.092721939086914
endloop
endfacet
facet normal 0.0 -1.0 0.0
outer loop
vertex -84.82667846679689 1.7999999523162842 42.64432621002197
vertex -84.65410919189455 1.7999999523162842 42.627328872680664
vertex -84.74056549072267 1.7999999523162842 45.092721939086914
endloop
endfacet
facet normal 0.0 -1.0 0.0
outer loop
vertex -84.48301239013674 1.7999999523162842 42.59908103942871
vertex -84.31412811279299 1.7999999523162842 42.5597038269043
vertex -84.74056549072267 1.7999999523162842 45.092721939086914
endloop
endfacet
facet normal -0.0 -1.0 -0.0
outer loop
vertex -84.48301239013674 1.7999999523162842 42.59908103942871
vertex -84.74056549072267 1.7999999523162842 45.092721939086914
vertex -84.65410919189455 1.7999999523162842 42.627328872680664
endloop
endfacet
facet normal -0.0 -1.0 0.0
outer loop
vertex -80.50220031738283 1.7999999523162842 37.595876693725586
vertex -82.6232864379883 1.7999999523162842 38.82793474197388
vertex -82.70503540039064 1.7999999523162842 38.67500019073486
endloop
endfacet
facet normal -0.0 -0.9999999999999999 0.0
outer loop
vertex -80.42595214843752 1.7999999523162842 37.744327545166016
vertex -82.55172271728517 1.7999999523162842 38.985888957977295
vertex -82.6232864379883 1.7999999523162842 38.82793474197388
endloop
endfacet
facet normal 0.0 -1.0 0.0
outer loop
vertex -82.55172271728517 1.7999999523162842 38.985888957977295
vertex -80.33436126708986 1.7999999523162842 37.94186067581177
vertex -82.49063415527345 1.7999999523162842 39.14818525314331
endloop
endfacet
facet normal 0.0 -1.0 0.0
outer loop
vertex -82.49063415527345 1.7999999523162842 39.14818525314331
vertex -80.33436126708986 1.7999999523162842 37.94186067581177
vertex -82.44029541015627 1.7999999523162842 39.31412935256958
endloop
endfacet
facet normal 0.0 -1.0 0.0
outer loop
vertex -80.42595214843752 1.7999999523162842 37.744327545166016
vertex -80.33436126708986 1.7999999523162842 37.94186067581177
vertex -82.55172271728517 1.7999999523162842 38.985888957977295
endloop
endfacet
facet normal 0.0 -1.0 0.0
outer loop
vertex -82.44029541015627 1.7999999523162842 39.31412935256958
vertex -80.33436126708986 1.7999999523162842 37.94186067581177
vertex -82.40092010498049 1.7999999523162842 39.48301076889038
endloop
endfacet
facet normal 0.0 -1.0 0.0
outer loop
vertex -82.40092010498049 1.7999999523162842 39.48301076889038
vertex -80.33436126708986 1.7999999523162842 37.94186067581177
vertex -72.62726898193361 1.7999999523162842 42.69058704376221
endloop
endfacet
facet normal -0.0 -0.9999999999999999 0.0
outer loop
vertex -82.40092010498049 1.7999999523162842 39.48301076889038
vertex -72.62726898193361 1.7999999523162842 42.69058704376221
vertex -82.37266845703127 1.7999999523162842 39.65410566329956
endloop
endfacet
facet normal -0.0 -0.9999999999999999 0.0
outer loop
vertex -82.37266845703127 1.7999999523162842 39.65410566329956
vertex -72.62726898193361 1.7999999523162842 42.69058704376221
vertex -82.35567016601564 1.7999999523162842 39.82668161392212
endloop
endfacet
facet normal -0.0 -1.0 0.0
outer loop
vertex -82.35567016601564 1.7999999523162842 39.82668161392212
vertex -72.62726898193361 1.7999999523162842 42.69058704376221
vertex -82.35000152587892 1.7999999523162842 40.0
endloop
endfacet
facet normal -0.0 -1.0 0.0
outer loop
vertex -82.35000152587892 1.7999999523162842 40.0
vertex -72.62726898193361 1.7999999523162842 42.69058704376221
vertex -82.35567016601564 1.7999999523162842 40.17331790924072
endloop
endfacet
facet normal -0.0 -1.0 0.0
outer loop
vertex -82.37266845703127 1.7999999523162842 40.3458948135376
vertex -72.62726898193361 1.7999999523162842 42.69058704376221
vertex -82.40092010498049 1.7999999523162842 40.51698970794678
endloop
endfacet
facet normal -0.0 -0.9999999999999999 0.0
outer loop
vertex -82.35567016601564 1.7999999523162842 40.17331790924072
vertex -72.62726898193361 1.7999999523162842 42.69058704376221
vertex -82.37266845703127 1.7999999523162842 40.3458948135376
endloop
endfacet
facet normal 0.0 -1.0 0.0
outer loop
vertex -82.44029541015627 1.7999999523162842 40.68587017059326
vertex -82.40092010498049 1.7999999523162842 40.51698970794678
vertex -72.62726898193361 1.7999999523162842 42.69058704376221
endloop
endfacet
facet normal -0.0 -0.9999999999999999 0.0
outer loop
vertex -82.44029541015627 1.7999999523162842 40.68587017059326
vertex -72.62726898193361 1.7999999523162842 42.69058704376221
vertex -82.49063415527345 1.7999999523162842 40.85181427001953
endloop
endfacet
facet normal -0.0 -0.9999999999999999 0.0
outer loop
vertex -82.49063415527345 1.7999999523162842 40.85181427001953
vertex -73.80005187988283 1.7999999523162842 46.38118267059326
vertex -82.55172271728517 1.7999999523162842 41.01411151885986
endloop
endfacet
facet normal -0.0 -0.9999999999999999 0.0
outer loop
vertex -82.55172271728517 1.7999999523162842 41.01411151885986
vertex -73.91006011962892 1.7999999523162842 46.515231132507324
vertex -82.6232864379883 1.7999999523162842 41.172064781188965
endloop
endfacet
facet normal -0.0 -0.9999999999999999 0.0
outer loop
vertex -82.6232864379883 1.7999999523162842 41.172064781188965
vertex -74.01107330322267 1.7999999523162842 46.656188011169434
vertex -82.70503540039064 1.7999999523162842 41.32499980926514
endloop
endfacet
facet normal -0.0 -0.9999999999999999 0.0
outer loop
vertex -82.70503540039064 1.7999999523162842 41.32499980926514
vertex -74.10264129638674 1.7999999523162842 46.80344867706299
vertex -82.7966033935547 1.7999999523162842 41.47226142883301
endloop
endfacet
facet normal 0.0 -1.0 0.0
outer loop
vertex -82.89761657714845 1.7999999523162842 41.6132173538208
vertex -82.7966033935547 1.7999999523162842 41.47226142883301
vertex -74.18439025878908 1.7999999523162842 46.95638370513916
endloop
endfacet
facet normal -0.0 -1.0 0.0
outer loop
vertex -82.89761657714845 1.7999999523162842 41.6132173538208
vertex -74.2559539794922 1.7999999523162842 47.11433792114258
vertex -83.00762481689455 1.7999999523162842 41.74726676940918
endloop
endfacet
facet normal -0.45689933745812983 -0.0 -0.8895184064595414
outer loop
vertex -87.25567169189455 5.800000190734863 35.42594909667969
vertex -87.25567169189455 1.7999999523162842 35.42594909667969
vertex -87.40412445068361 1.7999999523162842 35.502201557159424
endloop
endfacet
facet normal -0.4275621270287775 -0.0 -0.9039859664456233
outer loop
vertex -87.10480804443361 5.800000190734863 35.354594469070435
vertex -87.10480804443361 1.7999999523162842 35.354594469070435
vertex -87.25567169189455 1.7999999523162842 35.42594909667969
endloop
endfacet
facet normal -0.30590263323188205 -2.5548574527287176e-07 -0.9520628020155684
outer loop
vertex -86.48044891357424 1.7999999523162842 35.11960434913635
vertex -86.63933868408205 1.7999999523162842 35.17065644264221
vertex -86.49906463623049 5.800000190734863 35.12558460235596
endloop
endfacet
facet normal -0.2745973455051861 -0.0 -0.9615593054208906
outer loop
vertex -86.31997985839845 5.762876033782959 35.0737783908844
vertex -86.31997985839845 1.7999999523162842 35.0737783908844
vertex -86.48044891357424 1.7999999523162842 35.11960434913635
endloop
endfacet
facet normal -0.3977445455464238 -0.0 -0.917496199713148
outer loop
vertex -86.95168609619142 5.800000190734863 35.288214445114136
vertex -86.95168609619142 1.7999999523162842 35.288214445114136
vertex -87.10480804443361 1.7999999523162842 35.354594469070435
endloop
endfacet
facet normal -0.3675115469341046 -0.0 -0.9300189583390768
outer loop
vertex -86.79647369384767 5.800000190734863 35.226879835128784
vertex -86.79647369384767 1.7999999523162842 35.226879835128784
vertex -86.95168609619142 1.7999999523162842 35.288214445114136
endloop
endfacet
facet normal -0.3368876594391679 -0.0 -0.9415448501890917
outer loop
vertex -86.63933868408205 5.800000190734863 35.17065644264221
vertex -86.63933868408205 1.7999999523162842 35.17065644264221
vertex -86.79647369384767 1.7999999523162842 35.226879835128784
endloop
endfacet
facet normal -0.17901945183644788 -0.0 -0.983845534555185
outer loop
vertex -85.83076782226564 5.690189838409424 34.96811890602112
vertex -85.83076782226564 1.7999999523162842 34.96811890602112
vertex -85.99496002197267 1.7999999523162842 34.997995138168335
endloop
endfacet
facet normal -0.24298065057380744 -0.0 -0.970031135297589
outer loop
vertex -86.15809173583986 5.7338175773620605 35.03322744369507
vertex -86.15809173583986 1.7999999523162842 35.03322744369507
vertex -86.31997985839845 1.7999999523162842 35.0737783908844
endloop
endfacet
facet normal -0.2111071573328473 -0.0 -0.9774629241678912
outer loop
vertex -85.99496002197267 5.708767890930176 34.997995138168335
vertex -85.99496002197267 1.7999999523162842 34.997995138168335
vertex -86.15809173583986 1.7999999523162842 35.03322744369507
endloop
endfacet
facet normal -0.1467287814768785 -0.0 -0.9891767610929355
outer loop
vertex -85.66568298339845 5.674962520599365 34.943631172180176
vertex -85.66568298339845 1.7999999523162842 34.943631172180176
vertex -85.83076782226564 1.7999999523162842 34.96811890602112
endloop
endfacet
facet normal -0.11428779910759794 -0.0 -0.9934476830589225
outer loop
vertex -85.49988861083986 5.663101673126221 34.92455792427063
vertex -85.49988861083986 1.7999999523162842 34.92455792427063
vertex -85.66568298339845 1.7999999523162842 34.943631172180176
endloop
endfacet
facet normal -0.08171938673065796 -0.0 -0.996655377666907
outer loop
vertex -85.33355255126955 5.654621124267578 34.910919427871704
vertex -85.33355255126955 1.7999999523162842 34.910919427871704
vertex -85.49988861083986 1.7999999523162842 34.92455792427063
endloop
endfacet
facet normal -0.04906717659888962 -0.0 -0.9987954806568827
outer loop
vertex -85.1668655395508 5.649528980255127 34.90273070335388
vertex -85.1668655395508 1.7999999523162842 34.90273070335388
vertex -85.33355255126955 1.7999999523162842 34.910919427871704
endloop
endfacet
facet normal -0.01636223021357275 -0.0 -0.9998661297505972
outer loop
vertex -85.00000305175783 5.647830963134766 34.90000009536743
vertex -85.00000305175783 1.7999999523162842 34.90000009536743
vertex -85.1668655395508 1.7999999523162842 34.90273070335388
endloop
endfacet
facet normal 0.016361482323577533 0.0 -0.9998661419891041
outer loop
vertex -84.83313293457033 5.649528980255127 34.90273070335388
vertex -84.83313293457033 1.7999999523162842 34.90273070335388
vertex -85.00000305175783 1.7999999523162842 34.90000009536743
endloop
endfacet
facet normal 0.04906717659888962 0.0 -0.9987954806568827
outer loop
vertex -84.66644592285158 5.654621124267578 34.910919427871704
vertex -84.66644592285158 1.7999999523162842 34.910919427871704
vertex -84.83313293457033 1.7999999523162842 34.90273070335388
endloop
endfacet
facet normal 0.08171938673065794 0.0 -0.9966553776669069
outer loop
vertex -84.50010986328127 5.663101673126221 34.92455792427063
vertex -84.50010986328127 1.7999999523162842 34.92455792427063
vertex -84.66644592285158 1.7999999523162842 34.910919427871704
endloop
endfacet
facet normal 0.11428779910759793 0.0 -0.9934476830589225
outer loop
vertex -84.33431549072267 5.674962520599365 34.943631172180176
vertex -84.33431549072267 1.7999999523162842 34.943631172180176
vertex -84.50010986328127 1.7999999523162842 34.92455792427063
endloop
endfacet
facet normal 0.1467287814768785 0.0 -0.9891767610929355
outer loop
vertex -84.16923065185549 5.690189838409424 34.96811890602112
vertex -84.16923065185549 1.7999999523162842 34.96811890602112
vertex -84.33431549072267 1.7999999523162842 34.943631172180176
endloop
endfacet
facet normal 0.17901945183644785 0.0 -0.9838455345551849
outer loop
vertex -84.00503845214845 5.708767890930176 34.997995138168335
vertex -84.00503845214845 1.7999999523162842 34.997995138168335
vertex -84.16923065185549 1.7999999523162842 34.96811890602112
endloop
endfacet
facet normal -0.718569531607036 -0.0 -0.6954551231000065
outer loop
vertex -88.60624237060549 5.800000190734863 36.3937554359436
vertex -88.60624237060549 1.7999999523162842 36.3937554359436
vertex -88.72230834960939 1.7999999523162842 36.51367902755737
endloop
endfacet
facet normal -0.7832991941457351 -0.0 -0.6216448925637866
outer loop
vertex -88.9423553466797 5.800000190734863 36.764594078063965
vertex -88.9423553466797 1.7999999523162842 36.764594078063965
vertex -89.04609985351564 1.7999999523162842 36.89531660079956
endloop
endfacet
facet normal -0.7409528294966268 -0.0 -0.6715570746116392
outer loop
vertex -88.72230834960939 5.800000190734863 36.51367902755737
vertex -88.72230834960939 1.7999999523162842 36.51367902755737
vertex -88.83438415527345 1.7999999523162842 36.63733625411987
endloop
endfacet
facet normal -0.7625243409722735 -0.0 -0.6469595268830962
outer loop
vertex -88.83438415527345 5.800000190734863 36.63733625411987
vertex -88.83438415527345 1.7999999523162842 36.63733625411987
vertex -88.9423553466797 1.7999999523162842 36.764594078063965
endloop
endfacet
facet normal -0.5690948291251893 -0.0 -0.8222718987433364
outer loop
vertex -87.83340759277345 5.800000190734863 35.75950503349304
vertex -87.83340759277345 1.7999999523162842 35.75950503349304
vertex -87.97063751220705 1.7999999523162842 35.8544819355011
endloop
endfacet
facet normal -0.6469547947572412 -0.0 -0.7625283558928257
outer loop
vertex -88.23540802001955 5.800000190734863 36.05764675140381
vertex -88.23540802001955 1.7999999523162842 36.05764675140381
vertex -88.3626663208008 1.7999999523162842 36.16561698913574
endloop
endfacet
facet normal -0.5956950620307003 -0.0 -0.80321067788734
outer loop
vertex -87.97063751220705 5.800000190734863 35.8544819355011
vertex -87.97063751220705 1.7999999523162842 35.8544819355011
vertex -88.10468597412111 1.7999999523162842 35.95389795303345
endloop
endfacet
facet normal -0.621662061222991 -0.0 -0.7832855683822997
outer loop
vertex -88.10468597412111 5.800000190734863 35.95389795303345
vertex -88.10468597412111 1.7999999523162842 35.95389795303345
vertex -88.23540802001955 1.7999999523162842 36.05764675140381
endloop
endfacet
facet normal -0.5140906566218715 -0.0 -0.857735854895954
outer loop
vertex -87.54999847412111 5.800000190734863 35.58327054977417
vertex -87.54999847412111 1.7999999523162842 35.58327054977417
vertex -87.69314880371095 1.7999999523162842 35.669068813323975
endloop
endfacet
facet normal -0.4857705313500787 -0.0 -0.8740863749492165
outer loop
vertex -87.40412445068361 5.800000190734863 35.502201557159424
vertex -87.40412445068361 1.7999999523162842 35.502201557159424
vertex -87.54999847412111 1.7999999523162842 35.58327054977417
endloop
endfacet
facet normal -0.5419012484561321 -0.0 -0.8404421675057037
outer loop
vertex -87.69314880371095 5.800000190734863 35.669068813323975
vertex -87.69314880371095 1.7999999523162842 35.669068813323975
vertex -87.83340759277345 1.7999999523162842 35.75950503349304
endloop
endfacet
facet normal -0.671558643243464 -0.0 -0.7409514077758392
outer loop
vertex -88.3626663208008 5.800000190734863 36.16561698913574
vertex -88.3626663208008 1.7999999523162842 36.16561698913574
vertex -88.4863235473633 1.7999999523162842 36.27769327163696
endloop
endfacet
facet normal -0.6954575991742169 -0.0 -0.7185671351730709
outer loop
vertex -88.4863235473633 5.800000190734863 36.27769327163696
vertex -88.4863235473633 1.7999999523162842 36.27769327163696
vertex -88.60624237060549 1.7999999523162842 36.3937554359436
endloop
endfacet
facet normal -0.857724019012663 -0.0 -0.5141104037157437
outer loop
vertex -89.3309280395508 5.800000190734863 37.30685377120972
vertex -89.3309280395508 1.7999999523162842 37.30685377120972
vertex -89.41672821044924 1.7999999523162842 37.44999980926514
endloop
endfacet
facet normal -0.8740879939047496 -0.0 -0.48576761822045167
outer loop
vertex -89.41672821044924 5.800000190734863 37.44999980926514
vertex -89.41672821044924 1.7999999523162842 37.44999980926514
vertex -89.4977981567383 1.7999999523162842 37.595876693725586
endloop
endfacet
facet normal -0.8032001172602802 -0.0 -0.5957093012813148
outer loop
vertex -89.04609985351564 5.800000190734863 36.89531660079956
vertex -89.04609985351564 1.7999999523162842 36.89531660079956
vertex -89.14551849365236 1.7999999523162842 37.02936363220215
endloop
endfacet
facet normal -0.8222641861831504 -0.0 -0.569105972662879
outer loop
vertex -89.14551849365236 5.800000190734863 37.02936363220215
vertex -89.14551849365236 1.7999999523162842 37.02936363220215
vertex -89.24049682617189 1.7999999523162842 37.16659164428711
endloop
endfacet
facet normal -0.8404617039023261 -0.0 -0.5418709479881705
outer loop
vertex -89.24049682617189 5.800000190734863 37.16659164428711
vertex -89.24049682617189 1.7999999523162842 37.16659164428711
vertex -89.3309280395508 1.7999999523162842 37.30685377120972
endloop
endfacet
facet normal -0.8895078918952039 -0.0 -0.4569198072486574
outer loop
vertex -89.4977981567383 5.800000190734863 37.595876693725586
vertex -89.4977981567383 1.7999999523162842 37.595876693725586
vertex -89.57405395507814 1.7999999523162842 37.744327545166016
endloop
endfacet
facet normal -0.9039995912761701 -0.0 -0.42753331913725434
outer loop
vertex -89.57405395507814 5.800000190734863 37.744327545166016
vertex -89.57405395507814 1.7999999523162842 37.744327545166016
vertex -89.64540405273439 1.7999999523162842 37.8951940536499
endloop
endfacet
facet normal -0.9300209350823042 -0.0 -0.3675065445793268
outer loop
vertex -89.7117874145508 5.800000190734863 38.048314571380615
vertex -89.7117874145508 1.7999999523162842 38.048314571380615
vertex -89.77312011718752 1.7999999523162842 38.203524589538574
endloop
endfacet
facet normal -0.9174875448094403 -0.0 -0.39776450962792703
outer loop
vertex -89.64540405273439 5.800000190734863 37.8951940536499
vertex -89.64540405273439 1.7999999523162842 37.8951940536499
vertex -89.7117874145508 1.7999999523162842 38.048314571380615
endloop
endfacet
facet normal 0.3522562572016569 0.0 0.9359035897261426
outer loop
vertex -85.85181732177736 5.800000190734863 37.49063539505005
vertex -86.01410980224611 1.7999999523162842 37.551719188690186
vertex -85.85181732177736 1.7999999523162842 37.49063539505005
endloop
endfacet
facet normal 0.29028090165507203 0.0 0.9569414810396288
outer loop
vertex -85.68587036132814 5.800000190734863 37.44029664993286
vertex -85.85181732177736 1.7999999523162842 37.49063539505005
vertex -85.68587036132814 1.7999999523162842 37.44029664993286
endloop
endfacet
facet normal 0.22707297538384627 0.0 0.9738777458440699
outer loop
vertex -85.51698608398439 5.800000190734863 37.40091896057129
vertex -85.68587036132814 1.7999999523162842 37.44029664993286
vertex -85.51698608398439 1.7999999523162842 37.40091896057129
endloop
endfacet
facet normal 0.582486845705334 0.0 0.8128401285494278
outer loop
vertex -86.4722625732422 5.800000190734863 37.796605587005615
vertex -86.61321563720705 1.7999999523162842 37.897613525390625
vertex -86.4722625732422 1.7999999523162842 37.796605587005615
endloop
endfacet
facet normal 0.5280637289825028 0.0 0.8492047445304896
outer loop
vertex -86.32500000000002 5.800000190734863 37.70503282546997
vertex -86.4722625732422 1.7999999523162842 37.796605587005615
vertex -86.32500000000002 1.7999999523162842 37.70503282546997
endloop
endfacet
facet normal 0.6343945630233877 0.0 0.7730094038278997
outer loop
vertex -86.61321563720705 5.800000190734863 37.897613525390625
vertex -86.74726409912111 1.7999999523162842 38.00762462615967
vertex -86.61321563720705 1.7999999523162842 37.897613525390625
endloop
endfacet
facet normal 0.7298782366868469 0.0 0.6835771789716937
outer loop
vertex -86.87383575439455 5.800000190734863 38.12616682052612
vertex -86.99237365722658 1.7999999523162842 38.25273370742798
vertex -86.87383575439455 1.7999999523162842 38.12616682052612
endloop
endfacet
facet normal 0.6835766433836737 0.0 0.7298787382985683
outer loop
vertex -86.74726409912111 5.800000190734863 38.00762462615967
vertex -86.87383575439455 1.7999999523162842 38.12616682052612
vertex -86.74726409912111 1.7999999523162842 38.00762462615967
endloop
endfacet
facet normal 0.412696157634649 0.0 0.9108687509589934
outer loop
vertex -86.01410980224611 5.800000190734863 37.551719188690186
vertex -86.17206878662111 1.7999999523162842 37.623287200927734
vertex -86.01410980224611 1.7999999523162842 37.551719188690186
endloop
endfacet
facet normal 0.47140655042177315 0.0 0.8819160188019289
outer loop
vertex -86.17206878662111 5.800000190734863 37.623287200927734
vertex -86.32500000000002 1.7999999523162842 37.70503282546997
vertex -86.17206878662111 1.7999999523162842 37.623287200927734
endloop
endfacet
facet normal 0.16290050658985683 0.0 0.9866425010877892
outer loop
vertex -85.34589691162111 5.800000190734863 37.372671127319336
vertex -85.51698608398439 1.7999999523162842 37.40091896057129
vertex -85.34589691162111 1.7999999523162842 37.372671127319336
endloop
endfacet
facet normal 0.0980171166284471 0.0 0.9951847290065526
outer loop
vertex -85.17332000732424 5.800000190734863 37.35567378997803
vertex -85.34589691162111 1.7999999523162842 37.372671127319336
vertex -85.17332000732424 1.7999999523162842 37.35567378997803
endloop
endfacet
facet normal 0.03271951885298353 0.0 0.9994645732020867
outer loop
vertex -85.00000305175783 5.800000190734863 37.34999990463257
vertex -85.17332000732424 1.7999999523162842 37.35567378997803
vertex -85.00000305175783 1.7999999523162842 37.34999990463257
endloop
endfacet
facet normal -0.03271808014831195 0.0 0.9994646202999927
outer loop
vertex -84.82667846679689 5.800000190734863 37.35567378997803
vertex -85.00000305175783 1.7999999523162842 37.34999990463257
vertex -84.82667846679689 1.7999999523162842 37.35567378997803
endloop
endfacet
facet normal -0.09802140839066154 0.0 0.9951843062956285
outer loop
vertex -84.65410919189455 5.800000190734863 37.372671127319336
vertex -84.82667846679689 1.7999999523162842 37.35567378997803
vertex -84.65410919189455 1.7999999523162842 37.372671127319336
endloop
endfacet
facet normal -0.1628934354239541 0.0 0.9866436685530303
outer loop
vertex -84.48301239013674 5.800000190734863 37.40091896057129
vertex -84.65410919189455 1.7999999523162842 37.372671127319336
vertex -84.48301239013674 1.7999999523162842 37.40091896057129
endloop
endfacet
facet normal -0.22707297538384627 0.0 0.9738777458440699
outer loop
vertex -84.31412811279299 5.800000190734863 37.44029664993286
vertex -84.48301239013674 1.7999999523162842 37.40091896057129
vertex -84.31412811279299 1.7999999523162842 37.44029664993286
endloop
endfacet
facet normal -0.29029312323745055 0.0 0.9569377736305774
outer loop
vertex -84.1481887817383 5.800000190734863 37.49063539505005
vertex -84.31412811279299 1.7999999523162842 37.44029664993286
vertex -84.1481887817383 1.7999999523162842 37.49063539505005
endloop
endfacet
facet normal -0.3522417529274335 0.0 0.9359090487299548
outer loop
vertex -83.98588867187502 5.800000190734863 37.551719188690186
vertex -84.1481887817383 1.7999999523162842 37.49063539505005
vertex -83.98588867187502 1.7999999523162842 37.551719188690186
endloop
endfacet
facet normal 0.2111165908615023 0.0 -0.977460886717733
outer loop
vertex -83.8419143676758 5.7338175773620605 35.03322744369507
vertex -83.8419143676758 1.7999999523162842 35.03322744369507
vertex -84.00503845214845 1.7999999523162842 34.997995138168335
endloop
endfacet
facet normal 0.2429806505738074 0.0 -0.970031135297589
outer loop
vertex -83.6800262451172 5.762876033782959 35.0737783908844
vertex -83.6800262451172 1.7999999523162842 35.0737783908844
vertex -83.8419143676758 1.7999999523162842 35.03322744369507
endloop
endfacet
facet normal 0.2745852749026244 0.0 -0.961562752401865
outer loop
vertex -83.51954956054689 5.795714378356934 35.11960434913635
vertex -83.51954956054689 1.7999999523162842 35.11960434913635
vertex -83.6800262451172 1.7999999523162842 35.0737783908844
endloop
endfacet
facet normal 0.30590263323189204 0.0 -0.9520628020155995
outer loop
vertex -83.36065979003908 5.800000190734863 35.17065644264221
vertex -83.36065979003908 1.7999999523162842 35.17065644264221
vertex -83.51954956054689 1.7999999523162842 35.11960434913635
endloop
endfacet
facet normal 0.3368876594391679 0.0 -0.9415448501890917
outer loop
vertex -83.20352478027345 5.800000190734863 35.226879835128784
vertex -83.20352478027345 1.7999999523162842 35.226879835128784
vertex -83.36065979003908 1.7999999523162842 35.17065644264221
endloop
endfacet
facet normal 0.3675115469341046 0.0 -0.9300189583390768
outer loop
vertex -83.0483123779297 5.800000190734863 35.288214445114136
vertex -83.0483123779297 1.7999999523162842 35.288214445114136
vertex -83.20352478027345 1.7999999523162842 35.226879835128784
endloop
endfacet
facet normal 0.3977445455464238 0.0 -0.917496199713148
outer loop
vertex -82.89519042968752 5.800000190734863 35.354594469070435
vertex -82.89519042968752 1.7999999523162842 35.354594469070435
vertex -83.0483123779297 1.7999999523162842 35.288214445114136
endloop
endfacet
facet normal 0.4275621270287775 0.0 -0.9039859664456233
outer loop
vertex -82.74432678222658 5.800000190734863 35.42594909667969
vertex -82.74432678222658 1.7999999523162842 35.42594909667969
vertex -82.89519042968752 1.7999999523162842 35.354594469070435
endloop
endfacet
facet normal 0.45689933745812983 0.0 -0.8895184064595414
outer loop
vertex -82.59587402343752 5.800000190734863 35.502201557159424
vertex -82.59587402343752 1.7999999523162842 35.502201557159424
vertex -82.74432678222658 1.7999999523162842 35.42594909667969
endloop
endfacet
facet normal 0.4857705313500787 0.0 -0.8740863749492165
outer loop
vertex -82.45000000000002 5.800000190734863 35.58327054977417
vertex -82.45000000000002 1.7999999523162842 35.58327054977417
vertex -82.59587402343752 1.7999999523162842 35.502201557159424
endloop
endfacet
facet normal 0.5141108151366864 0.0 -0.8577237724113118
outer loop
vertex -82.3068572998047 5.800000190734863 35.669068813323975
vertex -82.3068572998047 1.7999999523162842 35.669068813323975
vertex -82.45000000000002 1.7999999523162842 35.58327054977417
endloop
endfacet
facet normal 0.5418804283666923 0.0 -0.8404555915413556
outer loop
vertex -82.16659088134767 5.800000190734863 35.75950503349304
vertex -82.16659088134767 1.7999999523162842 35.75950503349304
vertex -82.3068572998047 1.7999999523162842 35.669068813323975
endloop
endfacet
facet normal 0.5690948291251893 0.0 -0.8222718987433364
outer loop
vertex -82.02936096191408 5.800000190734863 35.8544819355011
vertex -82.02936096191408 1.7999999523162842 35.8544819355011
vertex -82.16659088134767 1.7999999523162842 35.75950503349304
endloop
endfacet
facet normal 0.5957169357556267 0.0 -0.8031944549447081
outer loop
vertex -81.89532012939455 5.800000190734863 35.95389795303345
vertex -81.89532012939455 1.7999999523162842 35.95389795303345
vertex -82.02936096191408 1.7999999523162842 35.8544819355011
endloop
endfacet
facet normal 0.6216398012210476 0.0 -0.7833032347296011
outer loop
vertex -81.76459045410158 5.800000190734863 36.05764675140381
vertex -81.76459045410158 1.7999999523162842 36.05764675140381
vertex -81.89532012939455 1.7999999523162842 35.95389795303345
endloop
endfacet
facet normal 0.6469773475109034 0.0 -0.7625092208017918
outer loop
vertex -81.63733978271486 5.800000190734863 36.16561698913574
vertex -81.63733978271486 1.7999999523162842 36.16561698913574
vertex -81.76459045410158 1.7999999523162842 36.05764675140381
endloop
endfacet
facet normal 0.671558643243464 0.0 -0.7409514077758392
outer loop
vertex -81.51368255615236 5.800000190734863 36.27769327163696
vertex -81.51368255615236 1.7999999523162842 36.27769327163696
vertex -81.63733978271486 1.7999999523162842 36.16561698913574
endloop
endfacet
facet normal 0.6954347536836696 0.0 -0.7185892452360626
outer loop
vertex -81.39375610351564 5.800000190734863 36.3937554359436
vertex -81.39375610351564 1.7999999523162842 36.3937554359436
vertex -81.51368255615236 1.7999999523162842 36.27769327163696
endloop
endfacet
facet normal 0.718569531607036 0.0 -0.6954551231000065
outer loop
vertex -81.27769012451174 5.800000190734863 36.51367902755737
vertex -81.27769012451174 1.7999999523162842 36.51367902755737
vertex -81.39375610351564 1.7999999523162842 36.3937554359436
endloop
endfacet
facet normal 0.7409528294966268 0.0 -0.6715570746116392
outer loop
vertex -81.16561431884767 5.800000190734863 36.63733625411987
vertex -81.16561431884767 1.7999999523162842 36.63733625411987
vertex -81.27769012451174 1.7999999523162842 36.51367902755737
endloop
endfacet
facet normal 0.7625243409722735 0.0 -0.6469595268830962
outer loop
vertex -81.05764312744142 5.800000190734863 36.764594078063965
vertex -81.05764312744142 1.7999999523162842 36.764594078063965
vertex -81.16561431884767 1.7999999523162842 36.63733625411987
endloop
endfacet
facet normal -0.41271269641159924 0.0 0.9108612573936093
outer loop
vertex -83.82793731689455 5.800000190734863 37.623287200927734
vertex -83.98588867187502 1.7999999523162842 37.551719188690186
vertex -83.82793731689455 1.7999999523162842 37.623287200927734
endloop
endfacet
facet normal -0.4713882597536097 0.0 0.8819257953855661
outer loop
vertex -83.67499847412111 5.800000190734863 37.70503282546997
vertex -83.82793731689455 1.7999999523162842 37.623287200927734
vertex -83.67499847412111 1.7999999523162842 37.70503282546997
endloop
endfacet
facet normal -0.5280637289825028 0.0 0.8492047445304896
outer loop
vertex -83.52773590087892 5.800000190734863 37.796605587005615
vertex -83.67499847412111 1.7999999523162842 37.70503282546997
vertex -83.52773590087892 1.7999999523162842 37.796605587005615
endloop
endfacet
facet normal -0.582486845705334 0.0 0.8128401285494278
outer loop
vertex -83.38678283691408 5.800000190734863 37.897613525390625
vertex -83.52773590087892 1.7999999523162842 37.796605587005615
vertex -83.38678283691408 1.7999999523162842 37.897613525390625
endloop
endfacet
facet normal -0.6343945630233877 0.0 0.7730094038278997
outer loop
vertex -83.25273437500002 5.800000190734863 38.00762462615967
vertex -83.38678283691408 1.7999999523162842 37.897613525390625
vertex -83.25273437500002 1.7999999523162842 38.00762462615967
endloop
endfacet
facet normal -0.6835985941700738 0.0 0.7298581794079576
outer loop
vertex -83.12617034912111 5.800000190734863 38.12616682052612
vertex -83.25273437500002 1.7999999523162842 38.00762462615967
vertex -83.12617034912111 1.7999999523162842 38.12616682052612
endloop
endfacet
facet normal 0.7832991941457351 0.0 -0.6216448925637866
outer loop
vertex -80.95389862060549 5.800000190734863 36.89531660079956
vertex -80.95389862060549 1.7999999523162842 36.89531660079956
vertex -81.05764312744142 1.7999999523162842 36.764594078063965
endloop
endfacet
facet normal 0.8032001172602802 0.0 -0.5957093012813148
outer loop
vertex -80.85447998046877 5.800000190734863 37.02936363220215
vertex -80.85447998046877 1.7999999523162842 37.02936363220215
vertex -80.95389862060549 1.7999999523162842 36.89531660079956
endloop
endfacet
facet normal 0.8222641861831504 0.0 -0.569105972662879
outer loop
vertex -80.75950164794924 5.800000190734863 37.16659164428711
vertex -80.75950164794924 1.7999999523162842 37.16659164428711
vertex -80.85447998046877 1.7999999523162842 37.02936363220215
endloop
endfacet
facet normal 0.8404617039023261 0.0 -0.5418709479881705
outer loop
vertex -80.66907043457033 5.800000190734863 37.30685377120972
vertex -80.66907043457033 1.7999999523162842 37.30685377120972
vertex -80.75950164794924 1.7999999523162842 37.16659164428711
endloop
endfacet
facet normal 0.857724019012663 0.0 -0.5141104037157437
outer loop
vertex -80.58327026367189 5.800000190734863 37.44999980926514
vertex -80.58327026367189 1.7999999523162842 37.44999980926514
vertex -80.66907043457033 1.7999999523162842 37.30685377120972
endloop
endfacet
facet normal 0.8740879939047496 0.0 -0.48576761822045167
outer loop
vertex -80.50220031738283 5.800000190734863 37.595876693725586
vertex -80.50220031738283 1.7999999523162842 37.595876693725586
vertex -80.58327026367189 1.7999999523162842 37.44999980926514
endloop
endfacet
facet normal 0.889526471602067 0.0 -0.4568836354250136
outer loop
vertex -80.42595214843752 5.800000190734863 37.744327545166016
vertex -80.42595214843752 1.7999999523162842 37.744327545166016
vertex -80.50220031738283 1.7999999523162842 37.595876693725586
endloop
endfacet
facet normal 0.9072209880891292 0.0 -0.42065434595470913
outer loop
vertex -80.33436126708986 5.800000190734863 37.94186067581177
vertex -80.33436126708986 1.7999999523162842 37.94186067581177
vertex -80.42595214843752 1.7999999523162842 37.744327545166016
endloop
endfacet
facet normal -0.9415487330432349 -0.0 -0.3368768073119301
outer loop
vertex -89.77312011718752 5.800000190734863 38.203524589538574
vertex -89.77312011718752 1.7999999523162842 38.203524589538574
vertex -89.8293411254883 1.7999999523162842 38.36065864562988
endloop
endfacet
facet normal -0.9520558774353771 -0.0 -0.3059241838115352
outer loop
vertex -89.8293411254883 5.800000190734863 38.36065864562988
vertex -89.8293411254883 1.7999999523162842 38.36065864562988
vertex -89.88039703369142 1.7999999523162842 38.51954793930054
endloop
endfacet
facet normal -0.9615679256788962 -0.0 -0.2745671580972223
outer loop
vertex -89.88039703369142 5.800000190734863 38.51954793930054
vertex -89.88039703369142 1.7999999523162842 38.51954793930054
vertex -89.92621917724611 1.7999999523162842 38.68002271652222
endloop
endfacet
facet normal -0.9700321454484784 -0.0 -0.2429766177981367
outer loop
vertex -89.92621917724611 5.800000190734863 38.68002271652222
vertex -89.92621917724611 1.7999999523162842 38.68002271652222
vertex -89.9667694091797 1.7999999523162842 38.84191083908081
endloop
endfacet
facet normal -0.9774617380200286 -0.0 -0.21111264932936924
outer loop
vertex -89.9667694091797 5.800000190734863 38.84191083908081
vertex -89.9667694091797 1.7999999523162842 38.84191083908081
vertex -90.00200195312502 1.7999999523162842 39.00503921508789
endloop
endfacet
facet normal -0.9838453975936068 -0.0 -0.17902020454093345
outer loop
vertex -90.00200195312502 5.800000190734863 39.00503921508789
vertex -90.00200195312502 1.7999999523162842 39.00503921508789
vertex -90.03187866210939 1.7999999523162842 39.169233322143555
endloop
endfacet
facet normal -0.9891742340633045 -0.0 -0.1467458165171151
outer loop
vertex -90.03187866210939 5.800000190734863 39.169233322143555
vertex -90.03187866210939 1.7999999523162842 39.169233322143555
vertex -90.0563690185547 1.7999999523162842 39.33431625366211
endloop
endfacet
facet normal -0.9934476701367521 -0.0 -0.11428791143362117
outer loop
vertex -90.0563690185547 5.800000190734863 39.33431625366211
vertex -90.0563690185547 1.7999999523162842 39.33431625366211
vertex -90.07544250488283 1.7999999523162842 39.500112533569336
endloop
endfacet
facet normal 0.7729959193135231 0.0 0.6344109935401823
outer loop
vertex -86.99237365722658 5.800000190734863 38.25273370742798
vertex -87.1023895263672 1.7999999523162842 38.38678216934204
vertex -86.99237365722658 1.7999999523162842 38.25273370742798
endloop
endfacet
facet normal 0.8128541017430736 0.0 0.5824673461057375
outer loop
vertex -87.1023895263672 5.800000190734863 38.38678216934204
vertex -87.20339508056642 1.7999999523162842 38.52773904800415
vertex -87.1023895263672 1.7999999523162842 38.38678216934204
endloop
endfacet
facet normal 0.849195045666735 0.0 0.5280793258735583
outer loop
vertex -87.20339508056642 5.800000190734863 38.52773904800415
vertex -87.29497070312502 1.7999999523162842 38.67500019073486
vertex -87.20339508056642 1.7999999523162842 38.52773904800415
endloop
endfacet
facet normal 0.8819305846508796 0.0 0.4713792993517614
outer loop
vertex -87.29497070312502 5.800000190734863 38.67500019073486
vertex -87.37671203613283 1.7999999523162842 38.82793474197388
vertex -87.29497070312502 1.7999999523162842 38.67500019073486
endloop
endfacet
facet normal 0.9359117583352091 0.0 0.35223455340141896
outer loop
vertex -87.44828338623049 5.800000190734863 38.985888957977295
vertex -87.50936431884767 1.7999999523162842 39.14818525314331
vertex -87.44828338623049 1.7999999523162842 38.985888957977295
endloop
endfacet
facet normal 0.956940090816109 0.0 0.2902854846334157
outer loop
vertex -87.50936431884767 5.800000190734863 39.14818525314331
vertex -87.55970306396486 1.7999999523162842 39.31412935256958
vertex -87.50936431884767 1.7999999523162842 39.14818525314331
endloop
endfacet
facet normal 0.9108568317237264 0.0 0.41272246377222443
outer loop
vertex -87.37671203613283 5.800000190734863 38.82793474197388
vertex -87.44828338623049 1.7999999523162842 38.985888957977295
vertex -87.37671203613283 1.7999999523162842 38.82793474197388
endloop
endfacet
facet normal 0.973879935519772 0.0 0.2270635840288017
outer loop
vertex -87.55970306396486 5.800000190734863 39.31412935256958
vertex -87.59907836914064 1.7999999523162842 39.48301076889038
vertex -87.55970306396486 1.7999999523162842 39.31412935256958
endloop
endfacet
facet normal 0.9866398409739957 0.0 0.16291661733171492
outer loop
vertex -87.59907836914064 5.800000190734863 39.48301076889038
vertex -87.62733001708986 1.7999999523162842 39.65410566329956
vertex -87.59907836914064 1.7999999523162842 39.48301076889038
endloop
endfacet
facet normal -0.996653790427956 -0.0 -0.08173874250065352
outer loop
vertex -90.07544250488283 5.800000190734863 39.500112533569336
vertex -90.07544250488283 1.7999999523162842 39.500112533569336
vertex -90.0890838623047 1.7999999523162842 39.666443824768066
endloop
endfacet
facet normal -0.9987962081915822 -0.0 -0.049052364898313036
outer loop
vertex -90.0890838623047 5.800000190734863 39.666443824768066
vertex -90.0890838623047 1.7999999523162842 39.666443824768066
vertex -90.09727020263674 1.7999999523162842 39.83313274383545
endloop
endfacet
facet normal -0.9998660672767993 -0.0 -0.01636604742835039
outer loop
vertex -90.09727020263674 5.800000190734863 39.83313274383545
vertex -90.09727020263674 1.7999999523162842 39.83313274383545
vertex -90.10000152587892 1.7999999523162842 40.0
endloop
endfacet
facet normal -0.9998660672767993 0.0 0.01636604742835039
outer loop
vertex -90.10000152587892 5.800000190734863 40.0
vertex -90.10000152587892 1.7999999523162842 40.0
vertex -90.09727020263674 1.7999999523162842 40.16686725616455
endloop
endfacet
facet normal -0.9987962081915822 0.0 0.049052364898313036
outer loop
vertex -90.09727020263674 5.800000190734863 40.16686725616455
vertex -90.09727020263674 1.7999999523162842 40.16686725616455
vertex -90.0890838623047 1.7999999523162842 40.333556175231934
endloop
endfacet
facet normal -0.996653790427956 0.0 0.08173874250065352
outer loop
vertex -90.0890838623047 5.800000190734863 40.333556175231934
vertex -90.0890838623047 1.7999999523162842 40.333556175231934
vertex -90.07544250488283 1.7999999523162842 40.499887466430664
endloop
endfacet
facet normal -0.9934476701367521 0.0 0.11428791143362117
outer loop
vertex -90.07544250488283 5.800000190734863 40.499887466430664
vertex -90.07544250488283 1.7999999523162842 40.499887466430664
vertex -90.0563690185547 1.7999999523162842 40.66568374633789
endloop
endfacet
facet normal -0.9891742340633045 0.0 0.1467458165171151
outer loop
vertex -90.0563690185547 5.800000190734863 40.66568374633789
vertex -90.0563690185547 1.7999999523162842 40.66568374633789
vertex -90.03187866210939 1.7999999523162842 40.830766677856445
endloop
endfacet
facet normal -0.9838453975936068 0.0 0.17902020454093345
outer loop
vertex -90.03187866210939 5.800000190734863 40.830766677856445
vertex -90.03187866210939 1.7999999523162842 40.830766677856445
vertex -90.00200195312502 1.7999999523162842 40.99496078491211
endloop
endfacet
facet normal 0.9951841397033623 0.0 0.09802309974122718
outer loop
vertex -87.62733001708986 5.800000190734863 39.65410566329956
vertex -87.64432830810549 1.7999999523162842 39.82668161392212
vertex -87.62733001708986 1.7999999523162842 39.65410566329956
endloop
endfacet
facet normal 0.9994655707143123 0.0 0.03268903419671709
outer loop
vertex -87.64432830810549 5.800000190734863 39.82668161392212
vertex -87.6499969482422 1.7999999523162842 40.0
vertex -87.64432830810549 1.7999999523162842 39.82668161392212
endloop
endfacet
facet normal 0.9994655677759912 0.0 -0.0326891240356146
outer loop
vertex -87.6499969482422 5.800000190734863 40.0
vertex -87.64432830810549 1.7999999523162842 40.17331790924072
vertex -87.6499969482422 1.7999999523162842 40.0
endloop
endfacet
facet normal 0.9951841925450352 0.0 -0.09802256326217235
outer loop
vertex -87.64432830810549 5.800000190734863 40.17331790924072
vertex -87.62733001708986 1.7999999523162842 40.3458948135376
vertex -87.64432830810549 1.7999999523162842 40.17331790924072
endloop
endfacet
facet normal 0.9866398409739957 0.0 -0.16291661733171492
outer loop
vertex -87.62733001708986 5.800000190734863 40.3458948135376
vertex -87.59907836914064 1.7999999523162842 40.51698970794678
vertex -87.62733001708986 1.7999999523162842 40.3458948135376
endloop
endfacet
facet normal 0.9738796519746966 0.0 -0.22706480015547015
outer loop
vertex -87.59907836914064 5.800000190734863 40.51698970794678
vertex -87.55970306396486 1.7999999523162842 40.68587017059326
vertex -87.59907836914064 1.7999999523162842 40.51698970794678
endloop
endfacet
facet normal 0.956940090816109 0.0 -0.2902854846334157
outer loop
vertex -87.55970306396486 5.800000190734863 40.68587017059326
vertex -87.50936431884767 1.7999999523162842 40.85181427001953
vertex -87.55970306396486 1.7999999523162842 40.68587017059326
endloop
endfacet
facet normal -0.9774616106783189 0.0 0.21111323892675804
outer loop
vertex -90.00200195312502 5.800000190734863 40.99496078491211
vertex -90.00200195312502 1.7999999523162842 40.99496078491211
vertex -89.9667694091797 1.7999999523162842 41.15808868408203
endloop
endfacet
facet normal -0.9700321454484784 0.0 0.2429766177981367
outer loop
vertex -89.9667694091797 5.800000190734863 41.15808868408203
vertex -89.9667694091797 1.7999999523162842 41.15808868408203
vertex -89.92621917724611 1.7999999523162842 41.319976806640625
endloop
endfacet
facet normal -0.9615679256788962 0.0 0.2745671580972223
outer loop
vertex -89.92621917724611 5.800000190734863 41.319976806640625
vertex -89.92621917724611 1.7999999523162842 41.319976806640625
vertex -89.88039703369142 1.7999999523162842 41.480451583862305
endloop
endfacet
facet normal -0.952056144836818 0.0 0.3059233516396805
outer loop
vertex -89.88039703369142 5.800000190734863 41.480451583862305
vertex -89.88039703369142 1.7999999523162842 41.480451583862305
vertex -89.8293411254883 1.7999999523162842 41.63934135437012
endloop
endfacet
facet normal -0.9415487330432349 0.0 0.3368768073119301
outer loop
vertex -89.8293411254883 5.800000190734863 41.63934135437012
vertex -89.8293411254883 1.7999999523162842 41.63934135437012
vertex -89.77312011718752 1.7999999523162842 41.796475410461426
endloop
endfacet
facet normal -0.9300213209793818 0.0 0.36750556801736406
outer loop
vertex -89.77312011718752 5.800000190734863 41.796475410461426
vertex -89.77312011718752 1.7999999523162842 41.796475410461426
vertex -89.7117874145508 1.7999999523162842 41.95168590545654
endloop
endfacet
facet normal -0.9174870927550944 0.0 0.3977655523393204
outer loop
vertex -89.7117874145508 5.800000190734863 41.95168590545654
vertex -89.7117874145508 1.7999999523162842 41.95168590545654
vertex -89.64540405273439 1.7999999523162842 42.1048059463501
endloop
endfacet
facet normal -0.9039995912761701 0.0 0.42753331913725434
outer loop
vertex -89.64540405273439 5.800000190734863 42.1048059463501
vertex -89.64540405273439 1.7999999523162842 42.1048059463501
vertex -89.57405395507814 1.7999999523162842 42.255672454833984
endloop
endfacet
facet normal 0.9359124406533927 0.0 -0.3522327404291225
outer loop
vertex -87.50936431884767 5.800000190734863 40.85181427001953
vertex -87.44828338623049 1.7999999523162842 41.01411151885986
vertex -87.50936431884767 1.7999999523162842 40.85181427001953
endloop
endfacet
facet normal 0.9108558949418877 0.0 -0.41272453119437036
outer loop
vertex -87.44828338623049 5.800000190734863 41.01411151885986
vertex -87.37671203613283 1.7999999523162842 41.172064781188965
vertex -87.44828338623049 1.7999999523162842 41.01411151885986
endloop
endfacet
facet normal 0.8819311956468066 0.0 -0.4713781562026333
outer loop
vertex -87.37671203613283 5.800000190734863 41.172064781188965
vertex -87.29497070312502 1.7999999523162842 41.32499980926514
vertex -87.37671203613283 1.7999999523162842 41.172064781188965
endloop
endfacet
facet normal 0.8491958124739423 0.0 -0.5280780927824229
outer loop
vertex -87.29497070312502 5.800000190734863 41.32499980926514
vertex -87.20339508056642 1.7999999523162842 41.47226142883301
vertex -87.29497070312502 1.7999999523162842 41.32499980926514
endloop
endfacet
facet normal 0.8128522359112644 0.0 -0.582469949932233
outer loop
vertex -87.20339508056642 5.800000190734863 41.47226142883301
vertex -87.1023895263672 1.7999999523162842 41.6132173538208
vertex -87.20339508056642 1.7999999523162842 41.47226142883301
endloop
endfacet
facet normal 0.7729981326838521 0.0 -0.6344082966570327
outer loop
vertex -87.1023895263672 5.800000190734863 41.6132173538208
vertex -86.99237365722658 1.7999999523162842 41.74726676940918
vertex -87.1023895263672 1.7999999523162842 41.6132173538208
endloop
endfacet
facet normal -0.8895078918952039 0.0 0.4569198072486574
outer loop
vertex -89.57405395507814 5.800000190734863 42.255672454833984
vertex -89.57405395507814 1.7999999523162842 42.255672454833984
vertex -89.4977981567383 1.7999999523162842 42.404123306274414
endloop
endfacet
facet normal -0.8740879939047496 0.0 0.48576761822045167
outer loop
vertex -89.4977981567383 5.800000190734863 42.404123306274414
vertex -89.4977981567383 1.7999999523162842 42.404123306274414
vertex -89.41672821044924 1.7999999523162842 42.55000019073486
endloop
endfacet
facet normal -0.8577232638287812 0.0 0.5141116636363187
outer loop
vertex -89.41672821044924 5.800000190734863 42.55000019073486
vertex -89.41672821044924 1.7999999523162842 42.55000019073486
vertex -89.3309280395508 1.7999999523162842 42.693145751953125
endloop
endfacet
facet normal -0.8404625428555946 0.0 0.5418696467386854
outer loop
vertex -89.3309280395508 5.800000190734863 42.693145751953125
vertex -89.3309280395508 1.7999999523162842 42.693145751953125
vertex -89.24049682617189 1.7999999523162842 42.83340835571289
endloop
endfacet
facet normal -0.8222641861831504 0.0 0.569105972662879
outer loop
vertex -89.24049682617189 5.800000190734863 42.83340835571289
vertex -89.24049682617189 1.7999999523162842 42.83340835571289
vertex -89.14551849365236 1.7999999523162842 42.97063636779785
endloop
endfacet
facet normal -0.8031991033327598 0.0 0.5957106683663225
outer loop
vertex -89.14551849365236 5.800000190734863 42.97063636779785
vertex -89.14551849365236 1.7999999523162842 42.97063636779785
vertex -89.04609985351564 1.7999999523162842 43.10468292236328
endloop
endfacet
facet normal -0.7833002983022317 0.0 0.6216435012767647
outer loop
vertex -89.04609985351564 5.800000190734863 43.10468292236328
vertex -89.04609985351564 1.7999999523162842 43.10468292236328
vertex -88.9423553466797 1.7999999523162842 43.235405921936035
endloop
endfacet
facet normal -0.7625231450720303 0.0 0.6469609364014642
outer loop
vertex -88.9423553466797 5.800000190734863 43.235405921936035
vertex -88.9423553466797 1.7999999523162842 43.235405921936035
vertex -88.83438415527345 1.7999999523162842 43.36266326904297
endloop
endfacet
facet normal -0.7409528294966268 0.0 0.6715570746116392
outer loop
vertex -88.83438415527345 5.800000190734863 43.36266326904297
vertex -88.83438415527345 1.7999999523162842 43.36266326904297
vertex -88.72230834960939 1.7999999523162842 43.48632049560547
endloop
endfacet
facet normal -0.7185722953637141 0.0 0.6954522674747154
outer loop
vertex -88.72230834960939 5.800000190734863 43.48632049560547
vertex -88.72230834960939 1.7999999523162842 43.48632049560547
vertex -88.60624237060549 1.7999999523162842 43.606245040893555
endloop
endfacet
facet normal 0.7298756668347521 0.0 -0.6835799228784631
outer loop
vertex -86.99237365722658 5.800000190734863 41.74726676940918
vertex -86.87383575439455 1.7999999523162842 41.87383270263672
vertex -86.99237365722658 1.7999999523162842 41.74726676940918
endloop
endfacet
facet normal 0.6835781082046307 0.0 -0.729877366400259
outer loop
vertex -86.87383575439455 5.800000190734863 41.87383270263672
vertex -86.74726409912111 1.7999999523162842 41.99237537384033
vertex -86.87383575439455 1.7999999523162842 41.87383270263672
endloop
endfacet
facet normal 0.6343945630233877 0.0 -0.7730094038278997
outer loop
vertex -86.74726409912111 5.800000190734863 41.99237537384033
vertex -86.61321563720705 1.7999999523162842 42.102386474609375
vertex -86.74726409912111 1.7999999523162842 41.99237537384033
endloop
endfacet
facet normal 0.5824886625171027 0.0 -0.8128388266065032
outer loop
vertex -86.61321563720705 5.800000190734863 42.102386474609375
vertex -86.4722625732422 1.7999999523162842 42.20339488983154
vertex -86.61321563720705 1.7999999523162842 42.102386474609375
endloop
endfacet
facet normal 0.5280637289825028 0.0 -0.8492047445304896
outer loop
vertex -86.4722625732422 5.800000190734863 42.20339488983154
vertex -86.32500000000002 1.7999999523162842 42.29496765136719
vertex -86.4722625732422 1.7999999523162842 42.20339488983154
endloop
endfacet
facet normal 0.4714044116891484 0.0 -0.8819171620055979
outer loop
vertex -86.32500000000002 5.800000190734863 42.29496765136719
vertex -86.17206878662111 1.7999999523162842 42.376712799072266
vertex -86.32500000000002 1.7999999523162842 42.29496765136719
endloop
endfacet
facet normal 0.412693876274207 0.0 -0.9108697845936977
outer loop
vertex -86.17206878662111 5.800000190734863 42.376712799072266
vertex -86.01410980224611 1.7999999523162842 42.448280334472656
vertex -86.17206878662111 1.7999999523162842 42.376712799072266
endloop
endfacet
facet normal 0.3522610743915423 0.0 -0.9359017766136125
outer loop
vertex -86.01410980224611 5.800000190734863 42.448280334472656
vertex -85.85181732177736 1.7999999523162842 42.50936508178711
vertex -86.01410980224611 1.7999999523162842 42.448280334472656
endloop
endfacet
facet normal 0.29028090165507203 0.0 -0.9569414810396288
outer loop
vertex -85.85181732177736 5.800000190734863 42.50936508178711
vertex -85.68587036132814 1.7999999523162842 42.5597038269043
vertex -85.85181732177736 1.7999999523162842 42.50936508178711
endloop
endfacet
facet normal 0.2270703674618132 0.0 -0.9738783539132374
outer loop
vertex -85.68587036132814 5.800000190734863 42.5597038269043
vertex -85.51698608398439 1.7999999523162842 42.59908103942871
vertex -85.68587036132814 1.7999999523162842 42.5597038269043
endloop
endfacet
facet normal 0.16290050658985683 0.0 -0.9866425010877892
outer loop
vertex -85.51698608398439 5.800000190734863 42.59908103942871
vertex -85.34589691162111 1.7999999523162842 42.627328872680664
vertex -85.51698608398439 1.7999999523162842 42.59908103942871
endloop
endfacet
facet normal 0.0980171166284471 0.0 -0.9951847290065526
outer loop
vertex -85.34589691162111 5.800000190734863 42.627328872680664
vertex -85.17332000732424 1.7999999523162842 42.64432621002197
vertex -85.34589691162111 1.7999999523162842 42.627328872680664
endloop
endfacet
facet normal 0.032716772025953564 0.0 -0.999464663121314
outer loop
vertex -85.17332000732424 5.800000190734863 42.64432621002197
vertex -85.00000305175783 1.7999999523162842 42.64999961853027
vertex -85.17332000732424 1.7999999523162842 42.64432621002197
endloop
endfacet
facet normal -0.03271533344180343 0.0 -0.9994647102113168
outer loop
vertex -85.00000305175783 5.800000190734863 42.64999961853027
vertex -84.82667846679689 1.7999999523162842 42.64432621002197
vertex -85.00000305175783 1.7999999523162842 42.64999961853027
endloop
endfacet
facet normal -0.09802140839066154 0.0 -0.9951843062956285
outer loop
vertex -84.82667846679689 5.800000190734863 42.64432621002197
vertex -84.65410919189455 1.7999999523162842 42.627328872680664
vertex -84.82667846679689 1.7999999523162842 42.64432621002197
endloop
endfacet
facet normal -0.2270703674618132 0.0 -0.9738783539132374
outer loop
vertex -84.48301239013674 5.800000190734863 42.59908103942871
vertex -84.31412811279299 1.7999999523162842 42.5597038269043
vertex -84.48301239013674 1.7999999523162842 42.59908103942871
endloop
endfacet
facet normal -0.29029312323745055 0.0 -0.9569377736305774
outer loop
vertex -84.31412811279299 5.800000190734863 42.5597038269043
vertex -84.1481887817383 1.7999999523162842 42.50936508178711
vertex -84.31412811279299 1.7999999523162842 42.5597038269043
endloop
endfacet
facet normal -0.3522465699751645 0.0 -0.9359072357561574
outer loop
vertex -84.1481887817383 5.800000190734863 42.50936508178711
vertex -83.98588867187502 1.7999999523162842 42.448280334472656
vertex -84.1481887817383 1.7999999523162842 42.50936508178711
endloop
endfacet
facet normal -0.1628934354239541 0.0 -0.9866436685530303
outer loop
vertex -84.65410919189455 5.800000190734863 42.627328872680664
vertex -84.48301239013674 1.7999999523162842 42.59908103942871
vertex -84.65410919189455 1.7999999523162842 42.627328872680664
endloop
endfacet
facet normal -0.7298562857660357 0.0 0.6836006159504299
outer loop
vertex -83.00762481689455 5.800000190734863 38.25273370742798
vertex -83.12617034912111 1.7999999523162842 38.12616682052612
vertex -83.00762481689455 1.7999999523162842 38.25273370742798
endloop
endfacet
facet normal -0.7730174945947054 0.0 0.6343847043005724
outer loop
vertex -82.89761657714845 5.800000190734863 38.38678216934204
vertex -83.00762481689455 1.7999999523162842 38.25273370742798
vertex -82.89761657714845 1.7999999523162842 38.38678216934204
endloop
endfacet
facet normal -0.8128332712143542 0.0 0.5824964147588996
outer loop
vertex -82.7966033935547 5.800000190734863 38.52773904800415
vertex -82.89761657714845 1.7999999523162842 38.38678216934204
vertex -82.7966033935547 1.7999999523162842 38.52773904800415
endloop
endfacet
facet normal -0.8492147750277442 0.0 0.5280475981145806
outer loop
vertex -82.70503540039064 5.800000190734863 38.67500019073486
vertex -82.7966033935547 1.7999999523162842 38.52773904800415
vertex -82.70503540039064 1.7999999523162842 38.67500019073486
endloop
endfacet
facet normal -0.8819122939422557 0.0 0.4714135188913322
outer loop
vertex -82.6232864379883 5.800000190734863 38.82793474197388
vertex -82.70503540039064 1.7999999523162842 38.67500019073486
vertex -82.6232864379883 1.7999999523162842 38.82793474197388
endloop
endfacet
facet normal -0.9108733705954634 0.0 0.4126859614041405
outer loop
vertex -82.55172271728517 5.800000190734863 38.985888957977295
vertex -82.6232864379883 1.7999999523162842 38.82793474197388
vertex -82.55172271728517 1.7999999523162842 38.985888957977295
endloop
endfacet
facet normal -0.9358972539188445 0.0 0.352273090239896
outer loop
vertex -82.49063415527345 5.800000190734863 39.14818525314331
vertex -82.55172271728517 1.7999999523162842 38.985888957977295
vertex -82.49063415527345 1.7999999523162842 39.14818525314331
endloop
endfacet
facet normal -0.956940090816109 0.0 0.2902854846334157
outer loop
vertex -82.44029541015627 5.800000190734863 39.31412935256958
vertex -82.49063415527345 1.7999999523162842 39.14818525314331
vertex -82.44029541015627 1.7999999523162842 39.31412935256958
endloop
endfacet
facet normal -0.973879935519772 0.0 0.2270635840288017
outer loop
vertex -82.40092010498049 5.800000190734863 39.48301076889038
vertex -82.44029541015627 1.7999999523162842 39.31412935256958
vertex -82.40092010498049 1.7999999523162842 39.48301076889038
endloop
endfacet
facet normal -0.9738796519746966 0.0 -0.22706480015547015
outer loop
vertex -82.44029541015627 5.800000190734863 40.68587017059326
vertex -82.40092010498049 1.7999999523162842 40.51698970794678
vertex -82.44029541015627 1.7999999523162842 40.68587017059326
endloop
endfacet
facet normal -0.956940090816109 0.0 -0.2902854846334157
outer loop
vertex -82.49063415527345 5.800000190734863 40.85181427001953
vertex -82.44029541015627 1.7999999523162842 40.68587017059326
vertex -82.49063415527345 1.7999999523162842 40.85181427001953
endloop
endfacet
facet normal -0.9866398409739957 0.0 0.16291661733171492
outer loop
vertex -82.37266845703127 5.800000190734863 39.65410566329956
vertex -82.40092010498049 1.7999999523162842 39.48301076889038
vertex -82.37266845703127 1.7999999523162842 39.65410566329956
endloop
endfacet
facet normal -0.9951841397033623 0.0 0.09802309974122718
outer loop
vertex -82.35567016601564 5.800000190734863 39.82668161392212
vertex -82.37266845703127 1.7999999523162842 39.65410566329956
vertex -82.35567016601564 1.7999999523162842 39.82668161392212
endloop
endfacet
facet normal -0.9994655707143123 0.0 0.03268903419671709
outer loop
vertex -82.35000152587892 5.800000190734863 40.0
vertex -82.35567016601564 1.7999999523162842 39.82668161392212
vertex -82.35000152587892 1.7999999523162842 40.0
endloop
endfacet
facet normal -0.9994655677759912 0.0 -0.0326891240356146
outer loop
vertex -82.35567016601564 5.800000190734863 40.17331790924072
vertex -82.35000152587892 1.7999999523162842 40.0
vertex -82.35567016601564 1.7999999523162842 40.17331790924072
endloop
endfacet
facet normal -0.9951841925450352 0.0 -0.09802256326217235
outer loop
vertex -82.37266845703127 5.800000190734863 40.3458948135376
vertex -82.35567016601564 1.7999999523162842 40.17331790924072
vertex -82.37266845703127 1.7999999523162842 40.3458948135376
endloop
endfacet
facet normal -0.9866398409739957 0.0 -0.16291661733171492
outer loop
vertex -82.40092010498049 5.800000190734863 40.51698970794678
vertex -82.37266845703127 1.7999999523162842 40.3458948135376
vertex -82.40092010498049 1.7999999523162842 40.51698970794678
endloop
endfacet
facet normal -0.9358979363757601 0.0 -0.352271277125447
outer loop
vertex -82.55172271728517 5.800000190734863 41.01411151885986
vertex -82.49063415527345 1.7999999523162842 40.85181427001953
vertex -82.55172271728517 1.7999999523162842 41.01411151885986
endloop
endfacet
facet normal -0.9108724339623138 0.0 -0.41268802871851057
outer loop
vertex -82.6232864379883 5.800000190734863 41.172064781188965
vertex -82.55172271728517 1.7999999523162842 41.01411151885986
vertex -82.6232864379883 1.7999999523162842 41.172064781188965
endloop
endfacet
facet normal -0.8128314052441278 0.0 -0.5824990185818827
outer loop
vertex -82.89761657714845 5.800000190734863 41.6132173538208
vertex -82.7966033935547 1.7999999523162842 41.47226142883301
vertex -82.89761657714845 1.7999999523162842 41.6132173538208
endloop
endfacet
facet normal -0.8819129050142221 0.0 -0.4714123757066369
outer loop
vertex -82.70503540039064 5.800000190734863 41.32499980926514
vertex -82.6232864379883 1.7999999523162842 41.172064781188965
vertex -82.70503540039064 1.7999999523162842 41.32499980926514
endloop
endfacet
facet normal -0.8492155417606254 0.0 -0.528046365040237
outer loop
vertex -82.7966033935547 5.800000190734863 41.47226142883301
vertex -82.70503540039064 1.7999999523162842 41.32499980926514
vertex -82.7966033935547 1.7999999523162842 41.47226142883301
endloop
endfacet
facet normal -0.6836000589555464 0.0 -0.7298568074601851
outer loop
vertex -83.25273437500002 5.800000190734863 41.99237537384033
vertex -83.12617034912111 1.7999999523162842 41.87383270263672
vertex -83.25273437500002 1.7999999523162842 41.99237537384033
endloop
endfacet
facet normal -0.6343945630233877 0.0 -0.7730094038278997
outer loop
vertex -83.38678283691408 5.800000190734863 42.102386474609375
vertex -83.25273437500002 1.7999999523162842 41.99237537384033
vertex -83.38678283691408 1.7999999523162842 42.102386474609375
endloop
endfacet
facet normal -0.5824886625171027 0.0 -0.8128388266065032
outer loop
vertex -83.52773590087892 5.800000190734863 42.20339488983154
vertex -83.38678283691408 1.7999999523162842 42.102386474609375
vertex -83.52773590087892 1.7999999523162842 42.20339488983154
endloop
endfacet
facet normal -0.7730197078433714 0.0 -0.6343820073786369
outer loop
vertex -83.00762481689455 5.800000190734863 41.74726676940918
vertex -82.89761657714845 1.7999999523162842 41.6132173538208
vertex -83.00762481689455 1.7999999523162842 41.74726676940918
endloop
endfacet
facet normal -0.729853715815013 0.0 -0.6836033597862273
outer loop
vertex -83.12617034912111 5.800000190734863 41.87383270263672
vertex -83.00762481689455 1.7999999523162842 41.74726676940918
vertex -83.12617034912111 1.7999999523162842 41.87383270263672
endloop
endfacet
facet normal -0.4713861210565517 0.0 -0.8819269385131957
outer loop
vertex -83.82793731689455 5.800000190734863 42.376712799072266
vertex -83.67499847412111 1.7999999523162842 42.29496765136719
vertex -83.82793731689455 1.7999999523162842 42.376712799072266
endloop
endfacet
facet normal -0.5280637289825028 0.0 -0.8492047445304896
outer loop
vertex -83.67499847412111 5.800000190734863 42.29496765136719
vertex -83.52773590087892 1.7999999523162842 42.20339488983154
vertex -83.67499847412111 1.7999999523162842 42.29496765136719
endloop
endfacet
facet normal -0.4127104149972697 0.0 -0.9108622911026569
outer loop
vertex -83.98588867187502 5.800000190734863 42.448280334472656
vertex -83.82793731689455 1.7999999523162842 42.376712799072266
vertex -83.98588867187502 1.7999999523162842 42.448280334472656
endloop
endfacet
facet normal 0.0 -1.0 0.0
outer loop
vertex -82.49063415527345 1.7999999523162842 40.85181427001953
vertex -72.62726898193361 1.7999999523162842 42.69058704376221
vertex -72.82178802490236 1.7999999523162842 45.68016815185547
endloop
endfacet
facet normal 0.0 -1.0 0.0
outer loop
vertex -72.3467742919922 1.7999999523162842 42.65493297576904
vertex -72.16739196777345 1.7999999523162842 42.64022445678711
vertex -71.98099822998049 1.7999999523162842 45.48412227630615
endloop
endfacet
facet normal 0.0 -1.0 0.0
outer loop
vertex -72.16739196777345 1.7999999523162842 42.64022445678711
vertex -71.98762817382814 1.7999999523162842 42.63139343261719
vertex -71.98099822998049 1.7999999523162842 45.48412227630615
endloop
endfacet
facet normal 0.0 -1.0 0.0
outer loop
vertex -71.98762817382814 1.7999999523162842 42.63139343261719
vertex -71.80767364501955 1.7999999523162842 42.628448486328125
vertex -71.80767364501955 1.7999999523162842 45.47844886779785
endloop
endfacet
facet normal 0.0 -1.0 0.0
outer loop
vertex -71.80767364501955 1.7999999523162842 42.628448486328125
vertex -71.62771911621095 1.7999999523162842 42.63139343261719
vertex -71.80767364501955 1.7999999523162842 45.47844886779785
endloop
endfacet
facet normal 0.0 -1.0 0.0
outer loop
vertex -71.62771911621095 1.7999999523162842 42.63139343261719
vertex -71.44796295166017 1.7999999523162842 42.64022445678711
vertex -71.63435668945314 1.7999999523162842 45.48412227630615
endloop
endfacet
facet normal 0.0 -1.0 0.0
outer loop
vertex -71.44796295166017 1.7999999523162842 42.64022445678711
vertex -71.26858062744142 1.7999999523162842 42.65493297576904
vertex -71.63435668945314 1.7999999523162842 45.48412227630615
endloop
endfacet
facet normal 0.5245700983309166 0.0 -0.8513672603154836
outer loop
vertex -72.62726898193361 5.800000190734863 42.69058704376221
vertex -72.62726898193361 1.7999999523162842 42.69058704376221
vertex -80.33436126708986 1.7999999523162842 37.94186067581177
endloop
endfacet
facet normal -0.12609677309707348 -0.0 -0.9920179453087051
outer loop
vertex -72.3467742919922 5.800000190734863 42.65493297576904
vertex -72.3467742919922 1.7999999523162842 42.65493297576904
vertex -72.62726898193361 1.7999999523162842 42.69058704376221
endloop
endfacet
facet normal -0.08172110896466547 -0.0 -0.9966552364532008
outer loop
vertex -72.16739196777345 5.800000190734863 42.64022445678711
vertex -72.16739196777345 1.7999999523162842 42.64022445678711
vertex -72.3467742919922 1.7999999523162842 42.65493297576904
endloop
endfacet
facet normal -0.04906653955880631 -0.0 -0.9987955119521333
outer loop
vertex -71.98762817382814 5.800000190734863 42.63139343261719
vertex -71.98762817382814 1.7999999523162842 42.63139343261719
vertex -72.16739196777345 1.7999999523162842 42.64022445678711
endloop
endfacet
facet normal -0.01636275587244098 -0.0 -0.9998661211483559
outer loop
vertex -71.80767364501955 5.800000190734863 42.628448486328125
vertex -71.80767364501955 1.7999999523162842 42.628448486328125
vertex -71.98762817382814 1.7999999523162842 42.63139343261719
endloop
endfacet
facet normal 0.01636275587244098 0.0 -0.9998661211483559
outer loop
vertex -71.62771911621095 5.800000190734863 42.63139343261719
vertex -71.62771911621095 1.7999999523162842 42.63139343261719
vertex -71.80767364501955 1.7999999523162842 42.628448486328125
endloop
endfacet
facet normal 0.049068617076870935 0.0 -0.9987954098904156
outer loop
vertex -71.44796295166017 5.800000190734863 42.64022445678711
vertex -71.44796295166017 1.7999999523162842 42.64022445678711
vertex -71.62771911621095 1.7999999523162842 42.63139343261719
endloop
endfacet
facet normal 0.08172110896466547 0.0 -0.9966552364532008
outer loop
vertex -71.26858062744142 5.800000190734863 42.65493297576904
vertex -71.26858062744142 1.7999999523162842 42.65493297576904
vertex -71.44796295166017 1.7999999523162842 42.64022445678711
endloop
endfacet
facet normal 0.11428781517152102 0.0 -0.9934476812109032
outer loop
vertex -71.08978576660158 5.800000190734863 42.67550182342529
vertex -71.08978576660158 1.7999999523162842 42.67550182342529
vertex -71.26858062744142 1.7999999523162842 42.65493297576904
endloop
endfacet
facet normal 0.14672859679666955 0.0 -0.9891767884873162
outer loop
vertex -70.91175384521486 5.800000190734863 42.7019100189209
vertex -70.91175384521486 1.7999999523162842 42.7019100189209
vertex -71.08978576660158 1.7999999523162842 42.67550182342529
endloop
endfacet
facet normal 0.17902112905670534 0.0 -0.9838452293685539
outer loop
vertex -70.73468322753908 5.800000190734863 42.734129905700684
vertex -70.73468322753908 1.7999999523162842 42.734129905700684
vertex -70.91175384521486 1.7999999523162842 42.7019100189209
endloop
endfacet
facet normal 0.21110581503807027 0.0 -0.9774632140684948
outer loop
vertex -70.55875701904299 5.800000190734863 42.772125244140625
vertex -70.55875701904299 1.7999999523162842 42.772125244140625
vertex -70.73468322753908 1.7999999523162842 42.734129905700684
endloop
endfacet
facet normal 0.24298444354147558 0.0 -0.9700301851988111
outer loop
vertex -70.38417358398439 5.800000190734863 42.81585693359375
vertex -70.38417358398439 1.7999999523162842 42.81585693359375
vertex -70.55875701904299 1.7999999523162842 42.772125244140625
endloop
endfacet
facet normal 0.28386811717835364 0.0 -0.9588633333534118
outer loop
vertex -70.13928527832033 5.800000190734863 42.88835525512695
vertex -70.13928527832033 1.7999999523162842 42.88835525512695
vertex -70.38417358398439 1.7999999523162842 42.81585693359375
endloop
endfacet
facet normal -0.0 -1.0 0.0
outer loop
vertex -86.32500000000002 1.7999999523162842 42.29496765136719
vertex -87.54999847412111 1.7999999523162842 44.41672992706299
vertex -87.69314880371095 1.7999999523162842 44.33093070983887
endloop
endfacet
facet normal -0.0 -0.9999999999999999 0.0
outer loop
vertex -86.32500000000002 1.7999999523162842 42.29496765136719
vertex -87.40412445068361 1.7999999523162842 44.497798919677734
vertex -87.54999847412111 1.7999999523162842 44.41672992706299
endloop
endfacet
facet normal -0.0 -1.0 0.0
outer loop
vertex -86.17206878662111 1.7999999523162842 42.376712799072266
vertex -87.25567169189455 1.7999999523162842 44.57405090332031
vertex -87.40412445068361 1.7999999523162842 44.497798919677734
endloop
endfacet
facet normal -0.0 -1.0 0.0
outer loop
vertex -86.17206878662111 1.7999999523162842 42.376712799072266
vertex -87.10480804443361 1.7999999523162842 44.645405769348145
vertex -87.25567169189455 1.7999999523162842 44.57405090332031
endloop
endfacet
facet normal -0.0 -1.0 0.0
outer loop
vertex -86.01410980224611 1.7999999523162842 42.448280334472656
vertex -86.95168609619142 1.7999999523162842 44.711785316467285
vertex -87.10480804443361 1.7999999523162842 44.645405769348145
endloop
endfacet
facet normal -0.0 -1.0 0.0
outer loop
vertex -86.01410980224611 1.7999999523162842 42.448280334472656
vertex -86.79647369384767 1.7999999523162842 44.77311992645264
vertex -86.95168609619142 1.7999999523162842 44.711785316467285
endloop
endfacet
facet normal -0.0 -1.0 0.0
outer loop
vertex -85.85181732177736 1.7999999523162842 42.50936508178711
vertex -86.63933868408205 1.7999999523162842 44.82934379577637
vertex -86.79647369384767 1.7999999523162842 44.77311992645264
endloop
endfacet
facet normal -0.0 -1.0 0.0
outer loop
vertex -85.85181732177736 1.7999999523162842 42.50936508178711
vertex -86.48044891357424 1.7999999523162842 44.88039588928223
vertex -86.63933868408205 1.7999999523162842 44.82934379577637
endloop
endfacet
facet normal -0.0 -1.0 0.0
outer loop
vertex -85.68587036132814 1.7999999523162842 42.5597038269043
vertex -86.31997985839845 1.7999999523162842 44.92622184753418
vertex -86.48044891357424 1.7999999523162842 44.88039588928223
endloop
endfacet
facet normal -0.0 -1.0 0.0
outer loop
vertex -85.68587036132814 1.7999999523162842 42.5597038269043
vertex -86.15809173583986 1.7999999523162842 44.96677303314209
vertex -86.31997985839845 1.7999999523162842 44.92622184753418
endloop
endfacet
facet normal -0.0 -1.0 0.0
outer loop
vertex -85.51698608398439 1.7999999523162842 42.59908103942871
vertex -85.99496002197267 1.7999999523162842 45.002004623413086
vertex -86.15809173583986 1.7999999523162842 44.96677303314209
endloop
endfacet
facet normal -0.0 -1.0 0.0
outer loop
vertex -85.51698608398439 1.7999999523162842 42.59908103942871
vertex -85.83076782226564 1.7999999523162842 45.03188133239746
vertex -85.99496002197267 1.7999999523162842 45.002004623413086
endloop
endfacet
facet normal -0.0 -1.0 0.0
outer loop
vertex -85.34589691162111 1.7999999523162842 42.627328872680664
vertex -85.66568298339845 1.7999999523162842 45.056368827819824
vertex -85.83076782226564 1.7999999523162842 45.03188133239746
endloop
endfacet
facet normal -0.0 -1.0 0.0
outer loop
vertex -85.34589691162111 1.7999999523162842 42.627328872680664
vertex -85.49988861083986 1.7999999523162842 45.07544231414795
vertex -85.66568298339845 1.7999999523162842 45.056368827819824
endloop
endfacet
facet normal -0.0 -0.9999999999999999 0.0
outer loop
vertex -85.17332000732424 1.7999999523162842 42.64432621002197
vertex -85.33355255126955 1.7999999523162842 45.089080810546875
vertex -85.49988861083986 1.7999999523162842 45.07544231414795
endloop
endfacet
facet normal -0.0 -1.0 0.0
outer loop
vertex -85.17332000732424 1.7999999523162842 42.64432621002197
vertex -85.1668655395508 1.7999999523162842 45.09726905822754
vertex -85.33355255126955 1.7999999523162842 45.089080810546875
endloop
endfacet
facet normal -0.0 -1.0 0.0
outer loop
vertex -85.00000305175783 1.7999999523162842 42.64999961853027
vertex -85.00000305175783 1.7999999523162842 45.10000038146973
vertex -85.1668655395508 1.7999999523162842 45.09726905822754
endloop
endfacet
facet normal 0.0 -1.0 0.0
outer loop
vertex -85.00000305175783 1.7999999523162842 42.64999961853027
vertex -84.74056549072267 1.7999999523162842 45.092721939086914
vertex -85.00000305175783 1.7999999523162842 45.10000038146973
endloop
endfacet
facet normal 0.0 -1.0 0.0
outer loop
vertex -84.1481887817383 1.7999999523162842 42.50936508178711
vertex -83.98588867187502 1.7999999523162842 42.448280334472656
vertex -77.03342742919924 1.7999999523162842 49.84147262573242
endloop
endfacet
facet normal -0.0 -1.0 0.0
outer loop
vertex -83.52773590087892 1.7999999523162842 42.20339488983154
vertex -77.03342742919924 1.7999999523162842 49.84147262573242
vertex -83.67499847412111 1.7999999523162842 42.29496765136719
endloop
endfacet
facet normal -0.0 -1.0 0.0
outer loop
vertex -83.38678283691408 1.7999999523162842 42.102386474609375
vertex -77.03342742919924 1.7999999523162842 49.84147262573242
vertex -83.52773590087892 1.7999999523162842 42.20339488983154
endloop
endfacet
facet normal 0.0 -1.0 0.0
outer loop
vertex -83.82793731689455 1.7999999523162842 42.376712799072266
vertex -83.67499847412111 1.7999999523162842 42.29496765136719
vertex -77.03342742919924 1.7999999523162842 49.84147262573242
endloop
endfacet
facet normal -0.0 -0.9999999999999999 0.0
outer loop
vertex -83.82793731689455 1.7999999523162842 42.376712799072266
vertex -77.03342742919924 1.7999999523162842 49.84147262573242
vertex -83.98588867187502 1.7999999523162842 42.448280334472656
endloop
endfacet
facet normal 0.0 -0.9999999999999999 0.0
outer loop
vertex -84.31412811279299 1.7999999523162842 42.5597038269043
vertex -84.1481887817383 1.7999999523162842 42.50936508178711
vertex -77.03342742919924 1.7999999523162842 49.84147262573242
endloop
endfacet
facet normal -0.0 -1.0 0.0
outer loop
vertex -84.31412811279299 1.7999999523162842 42.5597038269043
vertex -77.03342742919924 1.7999999523162842 49.84147262573242
vertex -84.74056549072267 1.7999999523162842 45.092721939086914
endloop
endfacet
facet normal -0.0 -1.0 0.0
outer loop
vertex -83.00762481689455 1.7999999523162842 41.74726676940918
vertex -74.31704254150392 1.7999999523162842 47.276634216308594
vertex -83.12617034912111 1.7999999523162842 41.87383270263672
endloop
endfacet
facet normal -0.0 -0.9999999999999999 0.0
outer loop
vertex -83.25273437500002 1.7999999523162842 41.99237537384033
vertex -74.40675659179689 1.7999999523162842 47.611459732055664
vertex -83.38678283691408 1.7999999523162842 42.102386474609375
endloop
endfacet
facet normal 0.0 -1.0 0.0
outer loop
vertex -83.25273437500002 1.7999999523162842 41.99237537384033
vertex -83.12617034912111 1.7999999523162842 41.87383270263672
vertex -74.36738128662111 1.7999999523162842 47.44257831573486
endloop
endfacet
facet normal 0.0 -1.0 0.0
outer loop
vertex -83.38678283691408 1.7999999523162842 42.102386474609375
vertex -74.43500823974611 1.7999999523162842 47.782554626464844
vertex -77.03342742919924 1.7999999523162842 49.84147262573242
endloop
endfacet
facet normal -0.6954575991742169 0.0 0.7185671351730709
outer loop
vertex -88.60624237060549 5.800000190734863 43.606245040893555
vertex -88.60624237060549 1.7999999523162842 43.606245040893555
vertex -88.4863235473633 1.7999999523162842 43.722307205200195
endloop
endfacet
facet normal -0.6715570746116392 0.0 0.7409528294966268
outer loop
vertex -88.4863235473633 5.800000190734863 43.722307205200195
vertex -88.4863235473633 1.7999999523162842 43.722307205200195
vertex -88.3626663208008 1.7999999523162842 43.83438301086426
endloop
endfacet
facet normal -0.6469547947572412 0.0 0.7625283558928257
outer loop
vertex -88.3626663208008 5.800000190734863 43.83438301086426
vertex -88.3626663208008 1.7999999523162842 43.83438301086426
vertex -88.23540802001955 1.7999999523162842 43.94235324859619
endloop
endfacet
facet normal -0.6216603082194764 0.0 0.7832869596670595
outer loop
vertex -88.23540802001955 5.800000190734863 43.94235324859619
vertex -88.23540802001955 1.7999999523162842 43.94235324859619
vertex -88.10468597412111 1.7999999523162842 44.046101570129395
endloop
endfacet
facet normal -0.5956978269742681 0.0 0.803208627280693
outer loop
vertex -88.10468597412111 5.800000190734863 44.046101570129395
vertex -88.10468597412111 1.7999999523162842 44.046101570129395
vertex -87.97063751220705 1.7999999523162842 44.14551830291748
endloop
endfacet
facet normal -0.5690928972961626 0.0 0.8222732357599019
outer loop
vertex -87.97063751220705 5.800000190734863 44.14551830291748
vertex -87.97063751220705 1.7999999523162842 44.14551830291748
vertex -87.83340759277345 1.7999999523162842 44.24049472808838
endloop
endfacet
facet normal -0.5419002393565714 0.0 0.8404428181531987
outer loop
vertex -87.83340759277345 5.800000190734863 44.24049472808838
vertex -87.83340759277345 1.7999999523162842 44.24049472808838
vertex -87.69314880371095 1.7999999523162842 44.33093070983887
endloop
endfacet
facet normal -0.5140948606587294 0.0 0.8577333351597578
outer loop
vertex -87.69314880371095 5.800000190734863 44.33093070983887
vertex -87.69314880371095 1.7999999523162842 44.33093070983887
vertex -87.54999847412111 1.7999999523162842 44.41672992706299
endloop
endfacet
facet normal -0.4857705313500787 0.0 0.8740863749492165
outer loop
vertex -87.54999847412111 5.800000190734863 44.41672992706299
vertex -87.54999847412111 1.7999999523162842 44.41672992706299
vertex -87.40412445068361 1.7999999523162842 44.497798919677734
endloop
endfacet
facet normal -0.4568970767344345 0.0 0.8895195676720824
outer loop
vertex -87.40412445068361 5.800000190734863 44.497798919677734
vertex -87.40412445068361 1.7999999523162842 44.497798919677734
vertex -87.25567169189455 1.7999999523162842 44.57405090332031
endloop
endfacet
facet normal -0.42756329448380426 0.0 0.9039854142684802
outer loop
vertex -87.25567169189455 5.800000190734863 44.57405090332031
vertex -87.25567169189455 1.7999999523162842 44.57405090332031
vertex -87.10480804443361 1.7999999523162842 44.645405769348145
endloop
endfacet
facet normal -0.3977421403740469 0.0 0.9174972423776934
outer loop
vertex -87.10480804443361 5.800000190734863 44.645405769348145
vertex -87.10480804443361 1.7999999523162842 44.645405769348145
vertex -86.95168609619142 1.7999999523162842 44.711785316467285
endloop
endfacet
facet normal -0.3675115469341046 0.0 0.9300189583390768
outer loop
vertex -86.95168609619142 5.800000190734863 44.711785316467285
vertex -86.95168609619142 1.7999999523162842 44.711785316467285
vertex -86.79647369384767 1.7999999523162842 44.77311992645264
endloop
endfacet
facet normal -0.33689019234791695 0.0 0.9415439439026644
outer loop
vertex -86.79647369384767 5.800000190734863 44.77311992645264
vertex -86.79647369384767 1.7999999523162842 44.77311992645264
vertex -86.63933868408205 1.7999999523162842 44.82934379577637
endloop
endfacet
facet normal -0.30590263323189204 0.0 0.9520628020155995
outer loop
vertex -86.63933868408205 5.800000190734863 44.82934379577637
vertex -86.63933868408205 1.7999999523162842 44.82934379577637
vertex -86.48044891357424 1.7999999523162842 44.88039588928223
endloop
endfacet
facet normal -0.2745973455051861 0.0 0.9615593054208905
outer loop
vertex -86.48044891357424 5.800000190734863 44.88039588928223
vertex -86.48044891357424 1.7999999523162842 44.88039588928223
vertex -86.31997985839845 1.7999999523162842 44.92622184753418
endloop
endfacet
facet normal -0.2429819948295646 0.0 0.9700307985773676
outer loop
vertex -86.31997985839845 5.800000190734863 44.92622184753418
vertex -86.31997985839845 1.7999999523162842 44.92622184753418
vertex -86.15809173583986 1.7999999523162842 44.96677303314209
endloop
endfacet
facet normal -0.21110306261086043 0.0 0.9774638085148294
outer loop
vertex -86.15809173583986 5.800000190734863 44.96677303314209
vertex -86.15809173583986 1.7999999523162842 44.96677303314209
vertex -85.99496002197267 1.7999999523162842 45.002004623413086
endloop
endfacet
facet normal -0.17902221749138225 0.0 0.9838450313156377
outer loop
vertex -85.99496002197267 5.800000190734863 45.002004623413086
vertex -85.99496002197267 1.7999999523162842 45.002004623413086
vertex -85.83076782226564 1.7999999523162842 45.03188133239746
endloop
endfacet
facet normal -0.1467273836455932 0.0 0.9891769684381653
outer loop
vertex -85.83076782226564 5.800000190734863 45.03188133239746
vertex -85.83076782226564 1.7999999523162842 45.03188133239746
vertex -85.66568298339845 1.7999999523162842 45.056368827819824
endloop
endfacet
facet normal -0.11428920906245263 0.0 0.9934475208544632
outer loop
vertex -85.66568298339845 5.800000190734863 45.056368827819824
vertex -85.66568298339845 1.7999999523162842 45.056368827819824
vertex -85.49988861083986 1.7999999523162842 45.07544231414795
endloop
endfacet
facet normal -0.08171938673065796 0.0 0.9966553776669071
outer loop
vertex -85.49988861083986 5.800000190734863 45.07544231414795
vertex -85.49988861083986 1.7999999523162842 45.07544231414795
vertex -85.33355255126955 1.7999999523162842 45.089080810546875
endloop
endfacet
facet normal -0.04906432624930856 0.0 0.9987956206800777
outer loop
vertex -85.33355255126955 5.800000190734863 45.089080810546875
vertex -85.33355255126955 1.7999999523162842 45.089080810546875
vertex -85.1668655395508 1.7999999523162842 45.09726905822754
endloop
endfacet
facet normal -0.01636651498995124 0.0 0.9998660596235296
outer loop
vertex -85.1668655395508 5.800000190734863 45.09726905822754
vertex -85.1668655395508 1.7999999523162842 45.09726905822754
vertex -85.00000305175783 1.7999999523162842 45.10000038146973
endloop
endfacet
facet normal 0.028043663901056677 0.0 0.999606699114709
outer loop
vertex -85.00000305175783 5.800000190734863 45.10000038146973
vertex -85.00000305175783 1.7999999523162842 45.10000038146973
vertex -84.74056549072267 1.7999999523162842 45.092721939086914
endloop
endfacet
facet normal -0.5245697871536765 0.0 0.8513674520473203
outer loop
vertex -84.74056549072267 5.800000190734863 45.092721939086914
vertex -84.74056549072267 1.7999999523162842 45.092721939086914
vertex -77.03342742919924 1.7999999523162842 49.84147262573242
endloop
endfacet
facet normal 0.0 -1.0 0.0
outer loop
vertex -82.49063415527345 1.7999999523162842 40.85181427001953
vertex -73.27994079589845 1.7999999523162842 45.9250545501709
vertex -73.4208938598633 1.7999999523162842 46.02606201171875
endloop
endfacet
facet normal 0.0 -1.0 0.0
outer loop
vertex -82.49063415527345 1.7999999523162842 40.85181427001953
vertex -73.13267822265627 1.7999999523162842 45.833481788635254
vertex -73.27994079589845 1.7999999523162842 45.9250545501709
endloop
endfacet
facet normal 0.0 -1.0 0.0
outer loop
vertex -82.49063415527345 1.7999999523162842 40.85181427001953
vertex -73.68150634765627 1.7999999523162842 46.254615783691406
vertex -73.80005187988283 1.7999999523162842 46.38118267059326
endloop
endfacet
facet normal 0.0 -1.0 0.0
outer loop
vertex -82.49063415527345 1.7999999523162842 40.85181427001953
vertex -73.4208938598633 1.7999999523162842 46.02606201171875
vertex -73.55494232177736 1.7999999523162842 46.13607311248779
endloop
endfacet
facet normal 0.0 -1.0 0.0
outer loop
vertex -82.49063415527345 1.7999999523162842 40.85181427001953
vertex -73.55494232177736 1.7999999523162842 46.13607311248779
vertex -73.68150634765627 1.7999999523162842 46.254615783691406
endloop
endfacet
facet normal 0.0 -1.0 0.0
outer loop
vertex -82.6232864379883 1.7999999523162842 41.172064781188965
vertex -73.91006011962892 1.7999999523162842 46.515231132507324
vertex -74.01107330322267 1.7999999523162842 46.656188011169434
endloop
endfacet
facet normal 0.0 -1.0 0.0
outer loop
vertex -82.55172271728517 1.7999999523162842 41.01411151885986
vertex -73.80005187988283 1.7999999523162842 46.38118267059326
vertex -73.91006011962892 1.7999999523162842 46.515231132507324
endloop
endfacet
facet normal 0.0 -1.0 0.0
outer loop
vertex -82.70503540039064 1.7999999523162842 41.32499980926514
vertex -74.01107330322267 1.7999999523162842 46.656188011169434
vertex -74.10264129638674 1.7999999523162842 46.80344867706299
endloop
endfacet
facet normal 0.0 -1.0 0.0
outer loop
vertex -82.49063415527345 1.7999999523162842 40.85181427001953
vertex -72.82178802490236 1.7999999523162842 45.68016815185547
vertex -72.97973937988283 1.7999999523162842 45.75173568725586
endloop
endfacet
facet normal 0.0 -0.9999999999999999 0.0
outer loop
vertex -82.49063415527345 1.7999999523162842 40.85181427001953
vertex -72.97973937988283 1.7999999523162842 45.75173568725586
vertex -73.13267822265627 1.7999999523162842 45.833481788635254
endloop
endfacet
facet normal 0.0 -1.0 0.0
outer loop
vertex -82.7966033935547 1.7999999523162842 41.47226142883301
vertex -74.10264129638674 1.7999999523162842 46.80344867706299
vertex -74.18439025878908 1.7999999523162842 46.95638370513916
endloop
endfacet
facet normal 0.0 -0.9999999999999999 0.0
outer loop
vertex -82.89761657714845 1.7999999523162842 41.6132173538208
vertex -74.18439025878908 1.7999999523162842 46.95638370513916
vertex -74.2559539794922 1.7999999523162842 47.11433792114258
endloop
endfacet
facet normal 0.0 -0.9999999999999999 0.0
outer loop
vertex -83.00762481689455 1.7999999523162842 41.74726676940918
vertex -74.2559539794922 1.7999999523162842 47.11433792114258
vertex -74.31704254150392 1.7999999523162842 47.276634216308594
endloop
endfacet
facet normal 0.0 -1.0 0.0
outer loop
vertex -83.12617034912111 1.7999999523162842 41.87383270263672
vertex -74.31704254150392 1.7999999523162842 47.276634216308594
vertex -74.36738128662111 1.7999999523162842 47.44257831573486
endloop
endfacet
facet normal 0.0 -1.0 0.0
outer loop
vertex -83.38678283691408 1.7999999523162842 42.102386474609375
vertex -74.40675659179689 1.7999999523162842 47.611459732055664
vertex -74.43500823974611 1.7999999523162842 47.782554626464844
endloop
endfacet
facet normal 0.0 -1.0 0.0
outer loop
vertex -83.25273437500002 1.7999999523162842 41.99237537384033
vertex -74.36738128662111 1.7999999523162842 47.44257831573486
vertex -74.40675659179689 1.7999999523162842 47.611459732055664
endloop
endfacet
facet normal 0.0 -1.0 0.0
outer loop
vertex -72.62726898193361 1.7999999523162842 42.69058704376221
vertex -72.3467742919922 1.7999999523162842 42.65493297576904
vertex -72.15356750488283 1.7999999523162842 45.50111961364746
endloop
endfacet
facet normal 0.0 -1.0 0.0
outer loop
vertex -72.62726898193361 1.7999999523162842 42.69058704376221
vertex -72.32466430664064 1.7999999523162842 45.529367446899414
vertex -72.49354858398439 1.7999999523162842 45.568745613098145
endloop
endfacet
facet normal 0.0 -1.0 0.0
outer loop
vertex -72.62726898193361 1.7999999523162842 42.69058704376221
vertex -72.65948791503908 1.7999999523162842 45.619083404541016
vertex -72.82178802490236 1.7999999523162842 45.68016815185547
endloop
endfacet
facet normal 0.0 -0.9999999999999999 0.0
outer loop
vertex -72.62726898193361 1.7999999523162842 42.69058704376221
vertex -72.49354858398439 1.7999999523162842 45.568745613098145
vertex -72.65948791503908 1.7999999523162842 45.619083404541016
endloop
endfacet
facet normal 0.0 -1.0 0.0
outer loop
vertex -72.62726898193361 1.7999999523162842 42.69058704376221
vertex -72.15356750488283 1.7999999523162842 45.50111961364746
vertex -72.32466430664064 1.7999999523162842 45.529367446899414
endloop
endfacet
facet normal 0.0 -1.0 0.0
outer loop
vertex -72.3467742919922 1.7999999523162842 42.65493297576904
vertex -71.98099822998049 1.7999999523162842 45.48412227630615
vertex -72.15356750488283 1.7999999523162842 45.50111961364746
endloop
endfacet
facet normal 0.0 -1.0 0.0
outer loop
vertex -71.98762817382814 1.7999999523162842 42.63139343261719
vertex -71.80767364501955 1.7999999523162842 45.47844886779785
vertex -71.98099822998049 1.7999999523162842 45.48412227630615
endloop
endfacet
facet normal -0.0 -1.0 0.0
outer loop
vertex -71.62771911621095 1.7999999523162842 42.63139343261719
vertex -71.63435668945314 1.7999999523162842 45.48412227630615
vertex -71.80767364501955 1.7999999523162842 45.47844886779785
endloop
endfacet
facet normal 0.0 -0.9999999999999999 0.0
outer loop
vertex -77.03342742919924 1.7999999523162842 49.84147262573242
vertex -74.43500823974611 1.7999999523162842 47.782554626464844
vertex -74.4519989013672 1.7999999523162842 47.9551305770874
endloop
endfacet
facet normal 0.0 -0.9999999999999999 0.0
outer loop
vertex -77.03342742919924 1.7999999523162842 49.84147262573242
vertex -74.4519989013672 1.7999999523162842 47.9551305770874
vertex -74.45767517089845 1.7999999523162842 48.128448486328125
endloop
endfacet
facet normal 0.0 -0.9999999999999999 0.0
outer loop
vertex -77.03342742919924 1.7999999523162842 49.84147262573242
vertex -74.45767517089845 1.7999999523162842 48.128448486328125
vertex -74.4519989013672 1.7999999523162842 48.301767349243164
endloop
endfacet
facet normal 0.0 -1.0 0.0
outer loop
vertex -77.03342742919924 1.7999999523162842 49.84147262573242
vertex -74.4519989013672 1.7999999523162842 48.301767349243164
vertex -74.43500823974611 1.7999999523162842 48.474342346191406
endloop
endfacet
facet normal 0.0 -1.0 0.0
outer loop
vertex -77.03342742919924 1.7999999523162842 49.84147262573242
vertex -74.43500823974611 1.7999999523162842 48.474342346191406
vertex -74.40675659179689 1.7999999523162842 48.645437240600586
endloop
endfacet
facet normal 0.0 -1.0 0.0
outer loop
vertex -71.26858062744142 1.7999999523162842 42.65493297576904
vertex -71.08978576660158 1.7999999523162842 42.67550182342529
vertex -71.46177978515627 1.7999999523162842 45.50111961364746
endloop
endfacet
facet normal 0.0 -1.0 0.0
outer loop
vertex -71.08978576660158 1.7999999523162842 42.67550182342529
vertex -70.91175384521486 1.7999999523162842 42.7019100189209
vertex -71.46177978515627 1.7999999523162842 45.50111961364746
endloop
endfacet
facet normal 0.0 -1.0 0.0
outer loop
vertex -70.91175384521486 1.7999999523162842 42.7019100189209
vertex -70.73468322753908 1.7999999523162842 42.734129905700684
vertex -71.29069061279299 1.7999999523162842 45.529367446899414
endloop
endfacet
facet normal 0.0 -1.0 0.0
outer loop
vertex -70.73468322753908 1.7999999523162842 42.734129905700684
vertex -70.55875701904299 1.7999999523162842 42.772125244140625
vertex -71.29069061279299 1.7999999523162842 45.529367446899414
endloop
endfacet
facet normal 0.0 -1.0 0.0
outer loop
vertex -70.55875701904299 1.7999999523162842 42.772125244140625
vertex -70.38417358398439 1.7999999523162842 42.81585693359375
vertex -71.12180633544924 1.7999999523162842 45.568745613098145
endloop
endfacet
facet normal 0.0 -1.0 0.0
outer loop
vertex -70.38417358398439 1.7999999523162842 42.81585693359375
vertex -70.13928527832033 1.7999999523162842 42.88835525512695
vertex -70.95585937500002 1.7999999523162842 45.619083404541016
endloop
endfacet
facet normal -0.0 -0.9999999999999999 0.0
outer loop
vertex -71.26858062744142 1.7999999523162842 42.65493297576904
vertex -71.46177978515627 1.7999999523162842 45.50111961364746
vertex -71.63435668945314 1.7999999523162842 45.48412227630615
endloop
endfacet
facet normal -0.0 -1.0 0.0
outer loop
vertex -70.91175384521486 1.7999999523162842 42.7019100189209
vertex -71.29069061279299 1.7999999523162842 45.529367446899414
vertex -71.46177978515627 1.7999999523162842 45.50111961364746
endloop
endfacet
facet normal -0.0 -1.0 0.0
outer loop
vertex -70.55875701904299 1.7999999523162842 42.772125244140625
vertex -71.12180633544924 1.7999999523162842 45.568745613098145
vertex -71.29069061279299 1.7999999523162842 45.529367446899414
endloop
endfacet
facet normal -0.0 -1.0 0.0
outer loop
vertex -70.38417358398439 1.7999999523162842 42.81585693359375
vertex -70.95585937500002 1.7999999523162842 45.619083404541016
vertex -71.12180633544924 1.7999999523162842 45.568745613098145
endloop
endfacet
facet normal 0.0 -1.0 0.0
outer loop
vertex -70.95585937500002 1.7999999523162842 45.619083404541016
vertex -70.13928527832033 1.7999999523162842 42.88835525512695
vertex -70.79356689453127 1.7999999523162842 45.68016815185547
endloop
endfacet
facet normal 0.0 -0.9999999999999999 0.0
outer loop
vertex -70.79356689453127 1.7999999523162842 45.68016815185547
vertex -70.13928527832033 1.7999999523162842 42.88835525512695
vertex -70.63560791015627 1.7999999523162842 45.75173568725586
endloop
endfacet
facet normal 0.0 -1.0 0.0
outer loop
vertex -70.63560791015627 1.7999999523162842 45.75173568725586
vertex -70.13928527832033 1.7999999523162842 42.88835525512695
vertex -70.48267669677736 1.7999999523162842 45.833481788635254
endloop
endfacet
facet normal 0.0 -0.9999999999999999 0.0
outer loop
vertex -77.03342742919924 1.7999999523162842 49.84147262573242
vertex -74.31704254150392 1.7999999523162842 48.980262756347656
vertex -76.95515747070314 1.7999999523162842 50.06582450866699
endloop
endfacet
facet normal 0.0 -1.0 0.0
outer loop
vertex -77.03342742919924 1.7999999523162842 49.84147262573242
vertex -74.40675659179689 1.7999999523162842 48.645437240600586
vertex -74.36738128662111 1.7999999523162842 48.8143196105957
endloop
endfacet
facet normal 0.0 -0.9999999999999999 0.0
outer loop
vertex -77.03342742919924 1.7999999523162842 49.84147262573242
vertex -74.36738128662111 1.7999999523162842 48.8143196105957
vertex -74.31704254150392 1.7999999523162842 48.980262756347656
endloop
endfacet
facet normal 0.0 -1.0 0.0
outer loop
vertex -76.95515747070314 1.7999999523162842 50.06582450866699
vertex -74.31704254150392 1.7999999523162842 48.980262756347656
vertex -74.2559539794922 1.7999999523162842 49.14255905151367
endloop
endfacet
facet normal 0.0 -0.9999999999999999 0.0
outer loop
vertex -76.81742401123049 1.7999999523162842 50.39833641052246
vertex -74.2559539794922 1.7999999523162842 49.14255905151367
vertex -74.18439025878908 1.7999999523162842 49.300514221191406
endloop
endfacet
facet normal 0.0 -1.0 0.0
outer loop
vertex -76.95515747070314 1.7999999523162842 50.06582450866699
vertex -74.2559539794922 1.7999999523162842 49.14255905151367
vertex -76.8890106201172 1.7999999523162842 50.23320770263672
endloop
endfacet
facet normal 0.0 -1.0 0.0
outer loop
vertex -76.8890106201172 1.7999999523162842 50.23320770263672
vertex -74.2559539794922 1.7999999523162842 49.14255905151367
vertex -76.81742401123049 1.7999999523162842 50.39833641052246
endloop
endfacet
facet normal 0.0 -1.0 0.0
outer loop
vertex -76.81742401123049 1.7999999523162842 50.39833641052246
vertex -74.18439025878908 1.7999999523162842 49.300514221191406
vertex -76.7404739379883 1.7999999523162842 50.56103706359863
endloop
endfacet
facet normal 0.0 -1.0 0.0
outer loop
vertex -76.7404739379883 1.7999999523162842 50.56103706359863
vertex -74.18439025878908 1.7999999523162842 49.300514221191406
vertex -76.65824432373049 1.7999999523162842 50.72113037109375
endloop
endfacet
facet normal 0.0 -1.0 0.0
outer loop
vertex -76.65824432373049 1.7999999523162842 50.72113037109375
vertex -74.18439025878908 1.7999999523162842 49.300514221191406
vertex -74.10264129638674 1.7999999523162842 49.45344924926758
endloop
endfacet
facet normal 0.0 -0.9999999999999999 0.0
outer loop
vertex -76.47828979492189 1.7999999523162842 51.03282165527344
vertex -74.10264129638674 1.7999999523162842 49.45344924926758
vertex -74.01107330322267 1.7999999523162842 49.60070991516113
endloop
endfacet
facet normal 0.0 -1.0 0.0
outer loop
vertex -76.27833099365236 1.7999999523162842 51.332075119018555
vertex -74.01107330322267 1.7999999523162842 49.60070991516113
vertex -73.91006011962892 1.7999999523162842 49.74166679382324
endloop
endfacet
facet normal 0.0 -1.0 0.0
outer loop
vertex -76.65824432373049 1.7999999523162842 50.72113037109375
vertex -74.10264129638674 1.7999999523162842 49.45344924926758
vertex -76.57081909179689 1.7999999523162842 50.878448486328125
endloop
endfacet
facet normal 0.0 -1.0 0.0
outer loop
vertex -76.57081909179689 1.7999999523162842 50.878448486328125
vertex -74.10264129638674 1.7999999523162842 49.45344924926758
vertex -76.47828979492189 1.7999999523162842 51.03282165527344
endloop
endfacet
facet normal 0.0 -1.0 0.0
outer loop
vertex -76.47828979492189 1.7999999523162842 51.03282165527344
vertex -74.01107330322267 1.7999999523162842 49.60070991516113
vertex -76.38075561523439 1.7999999523162842 51.184085845947266
endloop
endfacet
facet normal 0.0 -1.0 0.0
outer loop
vertex -76.38075561523439 1.7999999523162842 51.184085845947266
vertex -74.01107330322267 1.7999999523162842 49.60070991516113
vertex -76.27833099365236 1.7999999523162842 51.332075119018555
endloop
endfacet
facet normal 0.0 -1.0 0.0
outer loop
vertex -76.27833099365236 1.7999999523162842 51.332075119018555
vertex -73.91006011962892 1.7999999523162842 49.74166679382324
vertex -76.17112274169924 1.7999999523162842 51.47663688659668
endloop
endfacet
facet normal 0.0 -1.0 0.0
outer loop
vertex -76.17112274169924 1.7999999523162842 51.47663688659668
vertex -73.91006011962892 1.7999999523162842 49.74166679382324
vertex -76.05923767089845 1.7999999523162842 51.617610931396484
endloop
endfacet
facet normal 0.0 -1.0 0.0
outer loop
vertex -76.05923767089845 1.7999999523162842 51.617610931396484
vertex -73.80005187988283 1.7999999523162842 49.875715255737305
vertex -75.94279785156252 1.7999999523162842 51.75485038757324
endloop
endfacet
facet normal 0.0 -1.0 0.0
outer loop
vertex -75.94279785156252 1.7999999523162842 51.75485038757324
vertex -73.80005187988283 1.7999999523162842 49.875715255737305
vertex -75.82192535400392 1.7999999523162842 51.888206481933594
endloop
endfacet
facet normal -0.0 -1.0 0.0
outer loop
vertex -73.68150634765627 1.7999999523162842 50.002281188964844
vertex -75.69676513671877 1.7999999523162842 52.01753616333008
vertex -75.82192535400392 1.7999999523162842 51.888206481933594
endloop
endfacet
facet normal -0.0 -1.0 0.0
outer loop
vertex -73.68150634765627 1.7999999523162842 50.002281188964844
vertex -75.56743164062502 1.7999999523162842 52.1427001953125
vertex -75.69676513671877 1.7999999523162842 52.01753616333008
endloop
endfacet
facet normal -0.0 -1.0 0.0
outer loop
vertex -73.55494232177736 1.7999999523162842 50.12082481384277
vertex -75.4340774536133 1.7999999523162842 52.263566970825195
vertex -75.56743164062502 1.7999999523162842 52.1427001953125
endloop
endfacet
facet normal -0.0 -1.0 0.0
outer loop
vertex -73.55494232177736 1.7999999523162842 50.12082481384277
vertex -75.29683990478517 1.7999999523162842 52.38000679016113
vertex -75.4340774536133 1.7999999523162842 52.263566970825195
endloop
endfacet
facet normal 0.0 -1.0 0.0
outer loop
vertex -76.05923767089845 1.7999999523162842 51.617610931396484
vertex -73.91006011962892 1.7999999523162842 49.74166679382324
vertex -73.80005187988283 1.7999999523162842 49.875715255737305
endloop
endfacet
facet normal 0.0 -1.0 0.0
outer loop
vertex -73.80005187988283 1.7999999523162842 49.875715255737305
vertex -73.68150634765627 1.7999999523162842 50.002281188964844
vertex -75.82192535400392 1.7999999523162842 51.888206481933594
endloop
endfacet
facet normal 0.0 -0.9999999999999999 0.0
outer loop
vertex -73.68150634765627 1.7999999523162842 50.002281188964844
vertex -73.55494232177736 1.7999999523162842 50.12082481384277
vertex -75.56743164062502 1.7999999523162842 52.1427001953125
endloop
endfacet
facet normal 0.0 -1.0 0.0
outer loop
vertex -73.55494232177736 1.7999999523162842 50.12082481384277
vertex -73.4208938598633 1.7999999523162842 50.2308349609375
vertex -75.29683990478517 1.7999999523162842 52.38000679016113
endloop
endfacet
facet normal 0.0 -1.0 0.0
outer loop
vertex -73.4208938598633 1.7999999523162842 50.2308349609375
vertex -73.27994079589845 1.7999999523162842 50.33184242248535
vertex -75.01130218505861 1.7999999523162842 52.59910583496094
endloop
endfacet
facet normal 0.0 -1.0 0.0
outer loop
vertex -73.27994079589845 1.7999999523162842 50.33184242248535
vertex -73.13267822265627 1.7999999523162842 50.42341613769531
vertex -74.71204681396486 1.7999999523162842 52.7990608215332
endloop
endfacet
facet normal 0.0 -1.0 0.0
outer loop
vertex -73.13267822265627 1.7999999523162842 50.42341613769531
vertex -72.97973937988283 1.7999999523162842 50.50516128540039
vertex -74.40035552978517 1.7999999523162842 52.9790153503418
endloop
endfacet
facet normal 0.0 -0.9999999999999999 0.0
outer loop
vertex -72.97973937988283 1.7999999523162842 50.50516128540039
vertex -72.82178802490236 1.7999999523162842 50.57672882080078
vertex -74.07756347656252 1.7999999523162842 53.13819885253906
endloop
endfacet
facet normal 0.0 -1.0 0.0
outer loop
vertex -72.82178802490236 1.7999999523162842 50.57672882080078
vertex -72.65948791503908 1.7999999523162842 50.637813568115234
vertex -73.74505157470705 1.7999999523162842 53.275930404663086
endloop
endfacet
facet normal 0.0 -1.0 0.0
outer loop
vertex -72.65948791503908 1.7999999523162842 50.637813568115234
vertex -72.49354858398439 1.7999999523162842 50.68815231323242
vertex -73.40423889160158 1.7999999523162842 53.39162063598633
endloop
endfacet
facet normal 0.0 -0.9999999999999999 0.0
outer loop
vertex -72.49354858398439 1.7999999523162842 50.68815231323242
vertex -72.32466430664064 1.7999999523162842 50.727529525756836
vertex -73.05659790039064 1.7999999523162842 53.484771728515625
endloop
endfacet
facet normal 0.0 -0.9999999999999999 0.0
outer loop
vertex -72.32466430664064 1.7999999523162842 50.727529525756836
vertex -72.15356750488283 1.7999999523162842 50.75577735900879
vertex -72.70360107421877 1.7999999523162842 53.55498695373535
endloop
endfacet
facet normal -0.0 -1.0 0.0
outer loop
vertex -73.4208938598633 1.7999999523162842 50.2308349609375
vertex -75.15586395263674 1.7999999523162842 52.491891860961914
vertex -75.29683990478517 1.7999999523162842 52.38000679016113
endloop
endfacet
facet normal -0.0 -1.0 0.0
outer loop
vertex -73.4208938598633 1.7999999523162842 50.2308349609375
vertex -75.01130218505861 1.7999999523162842 52.59910583496094
vertex -75.15586395263674 1.7999999523162842 52.491891860961914
endloop
endfacet
facet normal -0.0 -1.0 0.0
outer loop
vertex -73.27994079589845 1.7999999523162842 50.33184242248535
vertex -74.86331481933595 1.7999999523162842 52.7015323638916
vertex -75.01130218505861 1.7999999523162842 52.59910583496094
endloop
endfacet
facet normal -0.0 -1.0 0.0
outer loop
vertex -73.27994079589845 1.7999999523162842 50.33184242248535
vertex -74.71204681396486 1.7999999523162842 52.7990608215332
vertex -74.86331481933595 1.7999999523162842 52.7015323638916
endloop
endfacet
facet normal -0.0 -1.0 0.0
outer loop
vertex -73.13267822265627 1.7999999523162842 50.42341613769531
vertex -74.55767364501955 1.7999999523162842 52.89158821105957
vertex -74.71204681396486 1.7999999523162842 52.7990608215332
endloop
endfacet
facet normal -0.0 -1.0 0.0
outer loop
vertex -73.13267822265627 1.7999999523162842 50.42341613769531
vertex -74.40035552978517 1.7999999523162842 52.9790153503418
vertex -74.55767364501955 1.7999999523162842 52.89158821105957
endloop
endfacet
facet normal -0.0 -1.0 0.0
outer loop
vertex -72.97973937988283 1.7999999523162842 50.50516128540039
vertex -74.24026794433595 1.7999999523162842 53.061248779296875
vertex -74.40035552978517 1.7999999523162842 52.9790153503418
endloop
endfacet
facet normal -0.0 -1.0 0.0
outer loop
vertex -72.97973937988283 1.7999999523162842 50.50516128540039
vertex -74.07756347656252 1.7999999523162842 53.13819885253906
vertex -74.24026794433595 1.7999999523162842 53.061248779296875
endloop
endfacet
facet normal -0.0 -1.0 0.0
outer loop
vertex -72.82178802490236 1.7999999523162842 50.57672882080078
vertex -73.91243286132814 1.7999999523162842 53.20978546142578
vertex -74.07756347656252 1.7999999523162842 53.13819885253906
endloop
endfacet
facet normal -0.0 -1.0 0.0
outer loop
vertex -72.82178802490236 1.7999999523162842 50.57672882080078
vertex -73.74505157470705 1.7999999523162842 53.275930404663086
vertex -73.91243286132814 1.7999999523162842 53.20978546142578
endloop
endfacet
facet normal -0.0 -1.0 0.0
outer loop
vertex -72.65948791503908 1.7999999523162842 50.637813568115234
vertex -73.57559509277345 1.7999999523162842 53.336565017700195
vertex -73.74505157470705 1.7999999523162842 53.275930404663086
endloop
endfacet
facet normal -0.0 -1.0 0.0
outer loop
vertex -72.65948791503908 1.7999999523162842 50.637813568115234
vertex -73.40423889160158 1.7999999523162842 53.39162063598633
vertex -73.57559509277345 1.7999999523162842 53.336565017700195
endloop
endfacet
facet normal 0.0 -0.9999999999999999 0.0
outer loop
vertex -72.15356750488283 1.7999999523162842 50.75577735900879
vertex -71.98099822998049 1.7999999523162842 50.772775650024414
vertex -72.3467742919922 1.7999999523162842 53.60196495056152
endloop
endfacet
facet normal 0.0 -1.0 0.0
outer loop
vertex -71.98099822998049 1.7999999523162842 50.772775650024414
vertex -71.80767364501955 1.7999999523162842 50.7784481048584
vertex -71.98762817382814 1.7999999523162842 53.62550354003906
endloop
endfacet
facet normal 0.0 -1.0 0.0
outer loop
vertex -71.80767364501955 1.7999999523162842 50.7784481048584
vertex -71.63435668945314 1.7999999523162842 50.772775650024414
vertex -71.62771911621095 1.7999999523162842 53.62550354003906
endloop
endfacet
facet normal -0.0 -1.0 0.0
outer loop
vertex -72.49354858398439 1.7999999523162842 50.68815231323242
vertex -73.23118133544924 1.7999999523162842 53.4410400390625
vertex -73.40423889160158 1.7999999523162842 53.39162063598633
endloop
endfacet
facet normal -0.0 -1.0 0.0
outer loop
vertex -72.49354858398439 1.7999999523162842 50.68815231323242
vertex -73.05659790039064 1.7999999523162842 53.484771728515625
vertex -73.23118133544924 1.7999999523162842 53.4410400390625
endloop
endfacet
facet normal -0.0 -1.0 0.0
outer loop
vertex -72.32466430664064 1.7999999523162842 50.727529525756836
vertex -72.88067169189455 1.7999999523162842 53.52276802062988
vertex -73.05659790039064 1.7999999523162842 53.484771728515625
endloop
endfacet
facet normal -0.0 -1.0 0.0
outer loop
vertex -72.32466430664064 1.7999999523162842 50.727529525756836
vertex -72.70360107421877 1.7999999523162842 53.55498695373535
vertex -72.88067169189455 1.7999999523162842 53.52276802062988
endloop
endfacet
facet normal -0.0 -1.0 0.0
outer loop
vertex -72.15356750488283 1.7999999523162842 50.75577735900879
vertex -72.52556915283205 1.7999999523162842 53.58139610290527
vertex -72.70360107421877 1.7999999523162842 53.55498695373535
endloop
endfacet
facet normal -0.0 -1.0 0.0
outer loop
vertex -72.15356750488283 1.7999999523162842 50.75577735900879
vertex -72.3467742919922 1.7999999523162842 53.60196495056152
vertex -72.52556915283205 1.7999999523162842 53.58139610290527
endloop
endfacet
facet normal -0.0 -1.0 0.0
outer loop
vertex -71.98099822998049 1.7999999523162842 50.772775650024414
vertex -72.16739196777345 1.7999999523162842 53.61667251586914
vertex -72.3467742919922 1.7999999523162842 53.60196495056152
endloop
endfacet
facet normal -0.0 -1.0 0.0
outer loop
vertex -71.98099822998049 1.7999999523162842 50.772775650024414
vertex -71.98762817382814 1.7999999523162842 53.62550354003906
vertex -72.16739196777345 1.7999999523162842 53.61667251586914
endloop
endfacet
facet normal -0.0 -1.0 0.0
outer loop
vertex -71.80767364501955 1.7999999523162842 50.7784481048584
vertex -71.80767364501955 1.7999999523162842 53.628448486328125
vertex -71.98762817382814 1.7999999523162842 53.62550354003906
endloop
endfacet
facet normal 0.0 -1.0 0.0
outer loop
vertex -71.80767364501955 1.7999999523162842 50.7784481048584
vertex -71.62771911621095 1.7999999523162842 53.62550354003906
vertex -71.80767364501955 1.7999999523162842 53.628448486328125
endloop
endfacet
facet normal -0.0 -1.0 0.0
outer loop
vertex -69.35939331054689 1.7999999523162842 49.14255905151367
vertex -66.91875000000002 1.7999999523162842 50.64645767211914
vertex -69.43096466064455 1.7999999523162842 49.300514221191406
endloop
endfacet
facet normal -0.0 -1.0 0.0
outer loop
vertex -69.43096466064455 1.7999999523162842 49.300514221191406
vertex -66.91875000000002 1.7999999523162842 50.64645767211914
vertex -69.51270599365236 1.7999999523162842 49.45344924926758
endloop
endfacet
facet normal -0.0 -1.0 0.0
outer loop
vertex -69.51270599365236 1.7999999523162842 49.45344924926758
vertex -67.13706512451174 1.7999999523162842 51.03282165527344
vertex -69.60428161621095 1.7999999523162842 49.60070991516113
endloop
endfacet
facet normal -0.0 -1.0 0.0
outer loop
vertex -69.60428161621095 1.7999999523162842 49.60070991516113
vertex -67.33701629638674 1.7999999523162842 51.332075119018555
vertex -69.70528717041017 1.7999999523162842 49.74166679382324
endloop
endfacet
facet normal 0.0 -1.0 0.0
outer loop
vertex -71.46177978515627 1.7999999523162842 50.75577735900879
vertex -71.29069061279299 1.7999999523162842 50.727529525756836
vertex -70.91175384521486 1.7999999523162842 53.55498695373535
endloop
endfacet
facet normal -0.0 -0.9999999999999999 0.0
outer loop
vertex -71.12180633544924 1.7999999523162842 50.68815231323242
vertex -70.55875701904299 1.7999999523162842 53.484771728515625
vertex -71.29069061279299 1.7999999523162842 50.727529525756836
endloop
endfacet
facet normal 0.0 -1.0 0.0
outer loop
vertex -70.63560791015627 1.7999999523162842 50.50516128540039
vertex -70.48267669677736 1.7999999523162842 50.42341613769531
vertex -69.21499176025392 1.7999999523162842 52.9790153503418
endloop
endfacet
facet normal 0.0 -1.0 0.0
outer loop
vertex -70.95585937500002 1.7999999523162842 50.637813568115234
vertex -70.79356689453127 1.7999999523162842 50.57672882080078
vertex -69.87030334472658 1.7999999523162842 53.275930404663086
endloop
endfacet
facet normal 0.0 -0.9999999999999999 0.0
outer loop
vertex -71.12180633544924 1.7999999523162842 50.68815231323242
vertex -70.95585937500002 1.7999999523162842 50.637813568115234
vertex -70.21110839843752 1.7999999523162842 53.39162063598633
endloop
endfacet
facet normal -0.0 -0.9999999999999999 0.0
outer loop
vertex -70.63560791015627 1.7999999523162842 50.50516128540039
vertex -69.53779144287111 1.7999999523162842 53.13819885253906
vertex -70.79356689453127 1.7999999523162842 50.57672882080078
endloop
endfacet
facet normal -0.0 -0.9999999999999999 0.0
outer loop
vertex -69.93384094238283 1.7999999523162842 50.002281188964844
vertex -68.04791564941408 1.7999999523162842 52.1427001953125
vertex -70.06041259765627 1.7999999523162842 50.12082481384277
endloop
endfacet
facet normal 0.0 -1.0 0.0
outer loop
vertex -70.19446105957033 1.7999999523162842 50.2308349609375
vertex -70.06041259765627 1.7999999523162842 50.12082481384277
vertex -68.31851501464845 1.7999999523162842 52.38000679016113
endloop
endfacet
facet normal 0.0 -0.9999999999999999 0.0
outer loop
vertex -69.8153030395508 1.7999999523162842 49.875715255737305
vertex -69.70528717041017 1.7999999523162842 49.74166679382324
vertex -67.55611724853517 1.7999999523162842 51.617610931396484
endloop
endfacet
facet normal -0.0 -1.0 0.0
outer loop
vertex -69.8153030395508 1.7999999523162842 49.875715255737305
vertex -67.79342193603517 1.7999999523162842 51.888206481933594
vertex -69.93384094238283 1.7999999523162842 50.002281188964844
endloop
endfacet
facet normal -0.0 -1.0 0.0
outer loop
vertex -70.33541412353517 1.7999999523162842 50.33184242248535
vertex -68.90330047607424 1.7999999523162842 52.7990608215332
vertex -70.48267669677736 1.7999999523162842 50.42341613769531
endloop
endfacet
facet normal 0.0 -1.0 0.0
outer loop
vertex -70.33541412353517 1.7999999523162842 50.33184242248535
vertex -70.19446105957033 1.7999999523162842 50.2308349609375
vertex -68.60405273437502 1.7999999523162842 52.59910583496094
endloop
endfacet
facet normal 0.0 -1.0 0.0
outer loop
vertex -69.93384094238283 1.7999999523162842 50.002281188964844
vertex -67.79342193603517 1.7999999523162842 51.888206481933594
vertex -67.91858978271486 1.7999999523162842 52.01753616333008
endloop
endfacet
facet normal 0.0 -1.0 0.0
outer loop
vertex -70.06041259765627 1.7999999523162842 50.12082481384277
vertex -68.04791564941408 1.7999999523162842 52.1427001953125
vertex -68.18127746582033 1.7999999523162842 52.263566970825195
endloop
endfacet
facet normal 0.0 -1.0 0.0
outer loop
vertex -69.93384094238283 1.7999999523162842 50.002281188964844
vertex -67.91858978271486 1.7999999523162842 52.01753616333008
vertex -68.04791564941408 1.7999999523162842 52.1427001953125
endloop
endfacet
facet normal 0.0 -1.0 0.0
outer loop
vertex -70.06041259765627 1.7999999523162842 50.12082481384277
vertex -68.18127746582033 1.7999999523162842 52.263566970825195
vertex -68.31851501464845 1.7999999523162842 52.38000679016113
endloop
endfacet
facet normal -0.0 -1.0 0.0
outer loop
vertex -69.20859832763674 1.7999999523162842 48.645437240600586
vertex -66.91875000000002 1.7999999523162842 50.64645767211914
vertex -69.24797363281252 1.7999999523162842 48.8143196105957
endloop
endfacet
facet normal -0.0 -1.0 0.0
outer loop
vertex -69.24797363281252 1.7999999523162842 48.8143196105957
vertex -66.91875000000002 1.7999999523162842 50.64645767211914
vertex -69.2983123779297 1.7999999523162842 48.980262756347656
endloop
endfacet
facet normal -0.0 -1.0 0.0
outer loop
vertex -69.2983123779297 1.7999999523162842 48.980262756347656
vertex -66.91875000000002 1.7999999523162842 50.64645767211914
vertex -69.35939331054689 1.7999999523162842 49.14255905151367
endloop
endfacet
facet normal 0.0 -1.0 0.0
outer loop
vertex -69.51270599365236 1.7999999523162842 49.45344924926758
vertex -66.91875000000002 1.7999999523162842 50.64645767211914
vertex -67.04453582763674 1.7999999523162842 50.878448486328125
endloop
endfacet
facet normal 0.0 -1.0 0.0
outer loop
vertex -69.51270599365236 1.7999999523162842 49.45344924926758
vertex -67.04453582763674 1.7999999523162842 50.878448486328125
vertex -67.13706512451174 1.7999999523162842 51.03282165527344
endloop
endfacet
facet normal 0.0 -1.0 0.0
outer loop
vertex -69.60428161621095 1.7999999523162842 49.60070991516113
vertex -67.13706512451174 1.7999999523162842 51.03282165527344
vertex -67.2345916748047 1.7999999523162842 51.184085845947266
endloop
endfacet
facet normal 0.0 -1.0 0.0
outer loop
vertex -69.70528717041017 1.7999999523162842 49.74166679382324
vertex -67.33701629638674 1.7999999523162842 51.332075119018555
vertex -67.44423217773439 1.7999999523162842 51.47663688659668
endloop
endfacet
facet normal 0.0 -1.0 0.0
outer loop
vertex -69.70528717041017 1.7999999523162842 49.74166679382324
vertex -67.44423217773439 1.7999999523162842 51.47663688659668
vertex -67.55611724853517 1.7999999523162842 51.617610931396484
endloop
endfacet
facet normal 0.0 -1.0 0.0
outer loop
vertex -69.60428161621095 1.7999999523162842 49.60070991516113
vertex -67.2345916748047 1.7999999523162842 51.184085845947266
vertex -67.33701629638674 1.7999999523162842 51.332075119018555
endloop
endfacet
facet normal 0.0 -1.0 0.0
outer loop
vertex -69.8153030395508 1.7999999523162842 49.875715255737305
vertex -67.55611724853517 1.7999999523162842 51.617610931396484
vertex -67.67255706787111 1.7999999523162842 51.75485038757324
endloop
endfacet
facet normal 0.0 -1.0 0.0
outer loop
vertex -69.8153030395508 1.7999999523162842 49.875715255737305
vertex -67.67255706787111 1.7999999523162842 51.75485038757324
vertex -67.79342193603517 1.7999999523162842 51.888206481933594
endloop
endfacet
facet normal 0.0 -1.0 0.0
outer loop
vertex -71.63435668945314 1.7999999523162842 50.772775650024414
vertex -71.46177978515627 1.7999999523162842 50.75577735900879
vertex -71.26858062744142 1.7999999523162842 53.60196495056152
endloop
endfacet
facet normal 0.0 -1.0 0.0
outer loop
vertex -70.79356689453127 1.7999999523162842 50.57672882080078
vertex -69.70291442871095 1.7999999523162842 53.20978546142578
vertex -69.87030334472658 1.7999999523162842 53.275930404663086
endloop
endfacet
facet normal 0.0 -1.0 -0.0
outer loop
vertex -71.62771911621095 1.7999999523162842 53.62550354003906
vertex -71.63435668945314 1.7999999523162842 50.772775650024414
vertex -71.44796295166017 1.7999999523162842 53.61667251586914
endloop
endfacet
facet normal 0.0 -1.0 0.0
outer loop
vertex -71.63435668945314 1.7999999523162842 50.772775650024414
vertex -71.26858062744142 1.7999999523162842 53.60196495056152
vertex -71.44796295166017 1.7999999523162842 53.61667251586914
endloop
endfacet
facet normal 0.0 -1.0 0.0
outer loop
vertex -71.46177978515627 1.7999999523162842 50.75577735900879
vertex -71.08978576660158 1.7999999523162842 53.58139610290527
vertex -71.26858062744142 1.7999999523162842 53.60196495056152
endloop
endfacet
facet normal 0.0 -1.0 0.0
outer loop
vertex -71.46177978515627 1.7999999523162842 50.75577735900879
vertex -70.91175384521486 1.7999999523162842 53.55498695373535
vertex -71.08978576660158 1.7999999523162842 53.58139610290527
endloop
endfacet
facet normal 0.0 -1.0 0.0
outer loop
vertex -71.29069061279299 1.7999999523162842 50.727529525756836
vertex -70.73468322753908 1.7999999523162842 53.52276802062988
vertex -70.91175384521486 1.7999999523162842 53.55498695373535
endloop
endfacet
facet normal 0.0 -1.0 0.0
outer loop
vertex -71.29069061279299 1.7999999523162842 50.727529525756836
vertex -70.55875701904299 1.7999999523162842 53.484771728515625
vertex -70.73468322753908 1.7999999523162842 53.52276802062988
endloop
endfacet
facet normal 0.0 -1.0 0.0
outer loop
vertex -71.12180633544924 1.7999999523162842 50.68815231323242
vertex -70.38417358398439 1.7999999523162842 53.4410400390625
vertex -70.55875701904299 1.7999999523162842 53.484771728515625
endloop
endfacet
facet normal 0.0 -1.0 0.0
outer loop
vertex -71.12180633544924 1.7999999523162842 50.68815231323242
vertex -70.21110839843752 1.7999999523162842 53.39162063598633
vertex -70.38417358398439 1.7999999523162842 53.4410400390625
endloop
endfacet
facet normal 0.0 -1.0 0.0
outer loop
vertex -70.95585937500002 1.7999999523162842 50.637813568115234
vertex -70.03975982666017 1.7999999523162842 53.336565017700195
vertex -70.21110839843752 1.7999999523162842 53.39162063598633
endloop
endfacet
facet normal 0.0 -1.0 0.0
outer loop
vertex -70.95585937500002 1.7999999523162842 50.637813568115234
vertex -69.87030334472658 1.7999999523162842 53.275930404663086
vertex -70.03975982666017 1.7999999523162842 53.336565017700195
endloop
endfacet
facet normal 0.0 -1.0 0.0
outer loop
vertex -70.33541412353517 1.7999999523162842 50.33184242248535
vertex -68.75204010009767 1.7999999523162842 52.7015323638916
vertex -68.90330047607424 1.7999999523162842 52.7990608215332
endloop
endfacet
facet normal 0.0 -1.0 0.0
outer loop
vertex -70.63560791015627 1.7999999523162842 50.50516128540039
vertex -69.21499176025392 1.7999999523162842 52.9790153503418
vertex -69.37508697509767 1.7999999523162842 53.061248779296875
endloop
endfacet
facet normal 0.0 -1.0 0.0
outer loop
vertex -70.79356689453127 1.7999999523162842 50.57672882080078
vertex -69.53779144287111 1.7999999523162842 53.13819885253906
vertex -69.70291442871095 1.7999999523162842 53.20978546142578
endloop
endfacet
facet normal 0.0 -1.0 0.0
outer loop
vertex -70.63560791015627 1.7999999523162842 50.50516128540039
vertex -69.37508697509767 1.7999999523162842 53.061248779296875
vertex -69.53779144287111 1.7999999523162842 53.13819885253906
endloop
endfacet
facet normal 0.0 -1.0 0.0
outer loop
vertex -70.48267669677736 1.7999999523162842 50.42341613769531
vertex -69.05767364501955 1.7999999523162842 52.89158821105957
vertex -69.21499176025392 1.7999999523162842 52.9790153503418
endloop
endfacet
facet normal 0.0 -1.0 0.0
outer loop
vertex -70.48267669677736 1.7999999523162842 50.42341613769531
vertex -68.90330047607424 1.7999999523162842 52.7990608215332
vertex -69.05767364501955 1.7999999523162842 52.89158821105957
endloop
endfacet
facet normal 0.0 -1.0 0.0
outer loop
vertex -70.19446105957033 1.7999999523162842 50.2308349609375
vertex -68.45949096679689 1.7999999523162842 52.491891860961914
vertex -68.60405273437502 1.7999999523162842 52.59910583496094
endloop
endfacet
facet normal 0.0 -1.0 0.0
outer loop
vertex -70.19446105957033 1.7999999523162842 50.2308349609375
vertex -68.31851501464845 1.7999999523162842 52.38000679016113
vertex -68.45949096679689 1.7999999523162842 52.491891860961914
endloop
endfacet
facet normal 0.0 -1.0 0.0
outer loop
vertex -70.33541412353517 1.7999999523162842 50.33184242248535
vertex -68.60405273437502 1.7999999523162842 52.59910583496094
vertex -68.75204010009767 1.7999999523162842 52.7015323638916
endloop
endfacet
facet normal 0.5280637289825028 0.0 0.8492047445304896
outer loop
vertex -73.13267822265627 5.800000190734863 45.833481788635254
vertex -73.27994079589845 1.7999999523162842 45.9250545501709
vertex -73.13267822265627 1.7999999523162842 45.833481788635254
endloop
endfacet
facet normal 0.5824850288848353 0.0 0.8128414304924624
outer loop
vertex -73.27994079589845 5.800000190734863 45.9250545501709
vertex -73.4208938598633 1.7999999523162842 46.02606201171875
vertex -73.27994079589845 1.7999999523162842 45.9250545501709
endloop
endfacet
facet normal 0.6836000589555464 0.0 0.7298568074601851
outer loop
vertex -73.55494232177736 5.800000190734863 46.13607311248779
vertex -73.68150634765627 1.7999999523162842 46.254615783691406
vertex -73.55494232177736 1.7999999523162842 46.13607311248779
endloop
endfacet
facet normal 0.7298562857660357 0.0 0.6836006159504299
outer loop
vertex -73.68150634765627 5.800000190734863 46.254615783691406
vertex -73.80005187988283 1.7999999523162842 46.38118267059326
vertex -73.68150634765627 1.7999999523162842 46.254615783691406
endloop
endfacet
facet normal 0.6343945630233877 0.0 0.7730094038278997
outer loop
vertex -73.4208938598633 5.800000190734863 46.02606201171875
vertex -73.55494232177736 1.7999999523162842 46.13607311248779
vertex -73.4208938598633 1.7999999523162842 46.02606201171875
endloop
endfacet
facet normal 0.29028808703841175 0.0 0.9569393013789221
outer loop
vertex -72.49354858398439 5.800000190734863 45.568745613098145
vertex -72.65948791503908 1.7999999523162842 45.619083404541016
vertex -72.49354858398439 1.7999999523162842 45.568745613098145
endloop
endfacet
facet normal 0.1628934354239541 0.0 0.9866436685530303
outer loop
vertex -72.15356750488283 5.800000190734863 45.50111961364746
vertex -72.32466430664064 1.7999999523162842 45.529367446899414
vertex -72.15356750488283 1.7999999523162842 45.50111961364746
endloop
endfacet
facet normal 0.22707558330099442 0.0 0.9738771377686783
outer loop
vertex -72.32466430664064 5.800000190734863 45.529367446899414
vertex -72.49354858398439 1.7999999523162842 45.568745613098145
vertex -72.32466430664064 1.7999999523162842 45.529367446899414
endloop
endfacet
facet normal 0.09802140839066154 0.0 0.9951843062956285
outer loop
vertex -71.98099822998049 5.800000190734863 45.48412227630615
vertex -72.15356750488283 1.7999999523162842 45.50111961364746
vertex -71.98099822998049 1.7999999523162842 45.48412227630615
endloop
endfacet
facet normal 0.03271533344180343 0.0 0.9994647102113168
outer loop
vertex -71.80767364501955 5.800000190734863 45.47844886779785
vertex -71.98099822998049 1.7999999523162842 45.48412227630615
vertex -71.80767364501955 1.7999999523162842 45.47844886779785
endloop
endfacet
facet normal -0.032716772025953564 0.0 0.999464663121314
outer loop
vertex -71.63435668945314 5.800000190734863 45.48412227630615
vertex -71.80767364501955 1.7999999523162842 45.47844886779785
vertex -71.63435668945314 1.7999999523162842 45.48412227630615
endloop
endfacet
facet normal 0.4713903984423513 0.0 0.8819246522557136
outer loop
vertex -72.97973937988283 5.800000190734863 45.75173568725586
vertex -73.13267822265627 1.7999999523162842 45.833481788635254
vertex -72.97973937988283 1.7999999523162842 45.75173568725586
endloop
endfacet
facet normal 0.4127104149972697 0.0 0.9108622911026569
outer loop
vertex -72.82178802490236 5.800000190734863 45.68016815185547
vertex -72.97973937988283 1.7999999523162842 45.75173568725586
vertex -72.82178802490236 1.7999999523162842 45.68016815185547
endloop
endfacet
facet normal 0.3522465699751645 0.0 0.9359072357561574
outer loop
vertex -72.65948791503908 5.800000190734863 45.619083404541016
vertex -72.82178802490236 1.7999999523162842 45.68016815185547
vertex -72.65948791503908 1.7999999523162842 45.619083404541016
endloop
endfacet
facet normal 0.8128332712143542 0.0 0.5824964147588996
outer loop
vertex -73.91006011962892 5.800000190734863 46.515231132507324
vertex -74.01107330322267 1.7999999523162842 46.656188011169434
vertex -73.91006011962892 1.7999999523162842 46.515231132507324
endloop
endfacet
facet normal 0.8492140082894919 0.0 0.5280488311935696
outer loop
vertex -74.01107330322267 5.800000190734863 46.656188011169434
vertex -74.10264129638674 1.7999999523162842 46.80344867706299
vertex -74.01107330322267 1.7999999523162842 46.656188011169434
endloop
endfacet
facet normal 0.8819129050142221 0.0 0.4714123757066369
outer loop
vertex -74.10264129638674 5.800000190734863 46.80344867706299
vertex -74.18439025878908 1.7999999523162842 46.95638370513916
vertex -74.10264129638674 1.7999999523162842 46.80344867706299
endloop
endfacet
facet normal 0.7730174945947054 0.0 0.6343847043005724
outer loop
vertex -73.80005187988283 5.800000190734863 46.38118267059326
vertex -73.91006011962892 1.7999999523162842 46.515231132507324
vertex -73.80005187988283 1.7999999523162842 46.38118267059326
endloop
endfacet
facet normal 0.9108733705954634 0.0 0.4126859614041405
outer loop
vertex -74.18439025878908 5.800000190734863 46.95638370513916
vertex -74.2559539794922 1.7999999523162842 47.11433792114258
vertex -74.18439025878908 1.7999999523162842 46.95638370513916
endloop
endfacet
facet normal 0.9358972539188445 0.0 0.352273090239896
outer loop
vertex -74.2559539794922 5.800000190734863 47.11433792114258
vertex -74.31704254150392 1.7999999523162842 47.276634216308594
vertex -74.2559539794922 1.7999999523162842 47.11433792114258
endloop
endfacet
facet normal 0.956940090816109 0.0 0.2902854846334157
outer loop
vertex -74.31704254150392 5.800000190734863 47.276634216308594
vertex -74.36738128662111 1.7999999523162842 47.44257831573486
vertex -74.31704254150392 1.7999999523162842 47.276634216308594
endloop
endfacet
facet normal 0.973879935519772 0.0 0.2270635840288017
outer loop
vertex -74.36738128662111 5.800000190734863 47.44257831573486
vertex -74.40675659179689 1.7999999523162842 47.611459732055664
vertex -74.36738128662111 1.7999999523162842 47.44257831573486
endloop
endfacet
facet normal 0.9866398409739957 0.0 0.16291661733171492
outer loop
vertex -74.40675659179689 5.800000190734863 47.611459732055664
vertex -74.43500823974611 1.7999999523162842 47.782554626464844
vertex -74.40675659179689 1.7999999523162842 47.611459732055664
endloop
endfacet
facet normal 0.9951884306237647 0.0 0.09797952619097693
outer loop
vertex -74.43500823974611 5.800000190734863 47.782554626464844
vertex -74.4519989013672 1.7999999523162842 47.9551305770874
vertex -74.43500823974611 1.7999999523162842 47.782554626464844
endloop
endfacet
facet normal 0.9994641293854751 0.0 0.03273307305668272
outer loop
vertex -74.4519989013672 5.800000190734863 47.9551305770874
vertex -74.45767517089845 1.7999999523162842 48.128448486328125
vertex -74.4519989013672 1.7999999523162842 47.9551305770874
endloop
endfacet
facet normal 0.999464135277897 0.0 -0.03273289313833124
outer loop
vertex -74.45767517089845 5.800000190734863 48.128448486328125
vertex -74.4519989013672 1.7999999523162842 48.301767349243164
vertex -74.45767517089845 1.7999999523162842 48.128448486328125
endloop
endfacet
facet normal 0.9951883778279658 0.0 -0.0979800624420199
outer loop
vertex -74.4519989013672 5.800000190734863 48.301767349243164
vertex -74.43500823974611 1.7999999523162842 48.474342346191406
vertex -74.4519989013672 1.7999999523162842 48.301767349243164
endloop
endfacet
facet normal 0.9866398409739957 0.0 -0.16291661733171492
outer loop
vertex -74.43500823974611 5.800000190734863 48.474342346191406
vertex -74.40675659179689 1.7999999523162842 48.645437240600586
vertex -74.43500823974611 1.7999999523162842 48.474342346191406
endloop
endfacet
facet normal 0.9738802190602915 0.0 -0.22706236791480588
outer loop
vertex -74.40675659179689 5.800000190734863 48.645437240600586
vertex -74.36738128662111 1.7999999523162842 48.8143196105957
vertex -74.40675659179689 1.7999999523162842 48.645437240600586
endloop
endfacet
facet normal 0.9569396273936362 0.0 -0.29028701232354254
outer loop
vertex -74.36738128662111 5.800000190734863 48.8143196105957
vertex -74.31704254150392 1.7999999523162842 48.980262756347656
vertex -74.36738128662111 1.7999999523162842 48.8143196105957
endloop
endfacet
facet normal -0.0980171166284471 0.0 0.9951847290065526
outer loop
vertex -71.46177978515627 5.800000190734863 45.50111961364746
vertex -71.63435668945314 1.7999999523162842 45.48412227630615
vertex -71.46177978515627 1.7999999523162842 45.50111961364746
endloop
endfacet
facet normal -0.16290050658985683 0.0 0.9866425010877892
outer loop
vertex -71.29069061279299 5.800000190734863 45.529367446899414
vertex -71.46177978515627 1.7999999523162842 45.50111961364746
vertex -71.29069061279299 1.7999999523162842 45.529367446899414
endloop
endfacet
facet normal -0.22707558330099442 0.0 0.9738771377686783
outer loop
vertex -71.12180633544924 5.800000190734863 45.568745613098145
vertex -71.29069061279299 1.7999999523162842 45.529367446899414
vertex -71.12180633544924 1.7999999523162842 45.568745613098145
endloop
endfacet
facet normal -0.290275865629041 0.0 0.9569430086652552
outer loop
vertex -70.95585937500002 5.800000190734863 45.619083404541016
vertex -71.12180633544924 1.7999999523162842 45.568745613098145
vertex -70.95585937500002 1.7999999523162842 45.619083404541016
endloop
endfacet
facet normal -0.3522610743915423 0.0 0.9359017766136125
outer loop
vertex -70.79356689453127 5.800000190734863 45.68016815185547
vertex -70.95585937500002 1.7999999523162842 45.619083404541016
vertex -70.79356689453127 1.7999999523162842 45.68016815185547
endloop
endfacet
facet normal -0.412693876274207 0.0 0.9108697845936977
outer loop
vertex -70.63560791015627 5.800000190734863 45.75173568725586
vertex -70.79356689453127 1.7999999523162842 45.68016815185547
vertex -70.63560791015627 1.7999999523162842 45.75173568725586
endloop
endfacet
facet normal -0.4714086891460808 0.0 0.8819148755960372
outer loop
vertex -70.48267669677736 5.800000190734863 45.833481788635254
vertex -70.63560791015627 1.7999999523162842 45.75173568725586
vertex -70.48267669677736 1.7999999523162842 45.833481788635254
endloop
endfacet
facet normal -0.5280637289825028 0.0 0.8492047445304896
outer loop
vertex -70.33541412353517 5.800000190734863 45.9250545501709
vertex -70.48267669677736 1.7999999523162842 45.833481788635254
vertex -70.33541412353517 1.7999999523162842 45.9250545501709
endloop
endfacet
facet normal -0.5824850288848353 0.0 0.8128414304924624
outer loop
vertex -70.19446105957033 5.800000190734863 46.02606201171875
vertex -70.33541412353517 1.7999999523162842 45.9250545501709
vertex -70.19446105957033 1.7999999523162842 46.02606201171875
endloop
endfacet
facet normal -0.6343945630233877 0.0 0.7730094038278997
outer loop
vertex -70.06041259765627 5.800000190734863 46.13607311248779
vertex -70.19446105957033 1.7999999523162842 46.02606201171875
vertex -70.06041259765627 1.7999999523162842 46.13607311248779
endloop
endfacet
facet normal -0.6835781082046307 0.0 0.729877366400259
outer loop
vertex -69.93384094238283 5.800000190734863 46.254615783691406
vertex -70.06041259765627 1.7999999523162842 46.13607311248779
vertex -69.93384094238283 1.7999999523162842 46.254615783691406
endloop
endfacet
facet normal -0.7298782366868469 0.0 0.6835771789716937
outer loop
vertex -69.8153030395508 5.800000190734863 46.38118267059326
vertex -69.93384094238283 1.7999999523162842 46.254615783691406
vertex -69.8153030395508 1.7999999523162842 46.38118267059326
endloop
endfacet
facet normal -0.7729959193135231 0.0 0.6344109935401823
outer loop
vertex -69.70528717041017 5.800000190734863 46.515231132507324
vertex -69.8153030395508 1.7999999523162842 46.38118267059326
vertex -69.70528717041017 1.7999999523162842 46.515231132507324
endloop
endfacet
facet normal -0.8128541017430736 0.0 0.5824673461057375
outer loop
vertex -69.60428161621095 5.800000190734863 46.656188011169434
vertex -69.70528717041017 1.7999999523162842 46.515231132507324
vertex -69.60428161621095 1.7999999523162842 46.656188011169434
endloop
endfacet
facet normal -0.8491942788541563 0.0 0.528080558969339
outer loop
vertex -69.51270599365236 5.800000190734863 46.80344867706299
vertex -69.60428161621095 1.7999999523162842 46.656188011169434
vertex -69.51270599365236 1.7999999523162842 46.80344867706299
endloop
endfacet
facet normal -0.8819311956468066 0.0 0.4713781562026333
outer loop
vertex -69.43096466064455 5.800000190734863 46.95638370513916
vertex -69.51270599365236 1.7999999523162842 46.80344867706299
vertex -69.43096466064455 1.7999999523162842 46.95638370513916
endloop
endfacet
facet normal -0.9108568317237264 0.0 0.41272246377222443
outer loop
vertex -69.35939331054689 5.800000190734863 47.11433792114258
vertex -69.43096466064455 1.7999999523162842 46.95638370513916
vertex -69.35939331054689 1.7999999523162842 47.11433792114258
endloop
endfacet
facet normal -0.9359117583352091 0.0 0.35223455340141896
outer loop
vertex -69.2983123779297 5.800000190734863 47.276634216308594
vertex -69.35939331054689 1.7999999523162842 47.11433792114258
vertex -69.2983123779297 1.7999999523162842 47.276634216308594
endloop
endfacet
facet normal -0.956940090816109 0.0 0.2902854846334157
outer loop
vertex -69.24797363281252 5.800000190734863 47.44257831573486
vertex -69.2983123779297 1.7999999523162842 47.276634216308594
vertex -69.24797363281252 1.7999999523162842 47.44257831573486
endloop
endfacet
facet normal -0.973879935519772 0.0 0.2270635840288017
outer loop
vertex -69.20859832763674 5.800000190734863 47.611459732055664
vertex -69.24797363281252 1.7999999523162842 47.44257831573486
vertex -69.20859832763674 1.7999999523162842 47.611459732055664
endloop
endfacet
facet normal -0.9866398409739957 0.0 0.16291661733171492
outer loop
vertex -69.18034667968752 5.800000190734863 47.782554626464844
vertex -69.20859832763674 1.7999999523162842 47.611459732055664
vertex -69.18034667968752 1.7999999523162842 47.782554626464844
endloop
endfacet
facet normal -0.9951841397033623 0.0 0.09802309974122718
outer loop
vertex -69.16334838867189 5.800000190734863 47.9551305770874
vertex -69.18034667968752 1.7999999523162842 47.782554626464844
vertex -69.16334838867189 1.7999999523162842 47.9551305770874
endloop
endfacet
facet normal -0.9994655677759912 0.0 0.0326891240356146
outer loop
vertex -69.15767974853517 5.800000190734863 48.128448486328125
vertex -69.16334838867189 1.7999999523162842 47.9551305770874
vertex -69.15767974853517 1.7999999523162842 48.128448486328125
endloop
endfacet
facet normal -0.9994655736526091 0.0 -0.03268894435831311
outer loop
vertex -69.16334838867189 5.800000190734863 48.301767349243164
vertex -69.15767974853517 1.7999999523162842 48.128448486328125
vertex -69.16334838867189 1.7999999523162842 48.301767349243164
endloop
endfacet
facet normal -0.995184086860822 0.0 -0.09802363622612591
outer loop
vertex -69.18034667968752 5.800000190734863 48.474342346191406
vertex -69.16334838867189 1.7999999523162842 48.301767349243164
vertex -69.18034667968752 1.7999999523162842 48.474342346191406
endloop
endfacet
facet normal -0.9866398409739957 0.0 -0.16291661733171492
outer loop
vertex -69.20859832763674 5.800000190734863 48.645437240600586
vertex -69.18034667968752 1.7999999523162842 48.474342346191406
vertex -69.20859832763674 1.7999999523162842 48.645437240600586
endloop
endfacet
facet normal -0.9738802190602915 0.0 -0.22706236791480588
outer loop
vertex -69.24797363281252 5.800000190734863 48.8143196105957
vertex -69.20859832763674 1.7999999523162842 48.645437240600586
vertex -69.24797363281252 1.7999999523162842 48.8143196105957
endloop
endfacet
facet normal -0.9569396273936362 0.0 -0.29028701232354254
outer loop
vertex -69.2983123779297 5.800000190734863 48.980262756347656
vertex -69.24797363281252 1.7999999523162842 48.8143196105957
vertex -69.2983123779297 1.7999999523162842 48.980262756347656
endloop
endfacet
facet normal -0.9441901374293438 0.0 0.32940094775388357
outer loop
vertex -77.03342742919924 5.800000190734863 49.84147262573242
vertex -77.03342742919924 1.7999999523162842 49.84147262573242
vertex -76.95515747070314 1.7999999523162842 50.06582450866699
endloop
endfacet
facet normal -0.9300137133879987 0.0 0.36752481944797327
outer loop
vertex -76.95515747070314 5.800000190734863 50.06582450866699
vertex -76.95515747070314 1.7999999523162842 50.06582450866699
vertex -76.8890106201172 1.7999999523162842 50.23320770263672
endloop
endfacet
facet normal -0.9174931085494431 0.0 0.3977516760043627
outer loop
vertex -76.8890106201172 5.800000190734863 50.23320770263672
vertex -76.8890106201172 1.7999999523162842 50.23320770263672
vertex -76.81742401123049 1.7999999523162842 50.39833641052246
endloop
endfacet
facet normal -0.9039927391216009 0.0 0.42754780740336534
outer loop
vertex -76.81742401123049 5.800000190734863 50.39833641052246
vertex -76.81742401123049 1.7999999523162842 50.39833641052246
vertex -76.7404739379883 1.7999999523162842 50.56103706359863
endloop
endfacet
facet normal -0.8895229015897219 0.0 0.4568905859693345
outer loop
vertex -76.7404739379883 5.800000190734863 50.56103706359863
vertex -76.7404739379883 1.7999999523162842 50.56103706359863
vertex -76.65824432373049 1.7999999523162842 50.72113037109375
endloop
endfacet
facet normal -0.8740952826674458 0.0 0.4857545026230001
outer loop
vertex -76.65824432373049 5.800000190734863 50.72113037109375
vertex -76.65824432373049 1.7999999523162842 50.72113037109375
vertex -76.57081909179689 1.7999999523162842 50.878448486328125
endloop
endfacet
facet normal -0.8577247383251291 0.0 0.5141092036377961
outer loop
vertex -76.57081909179689 5.800000190734863 50.878448486328125
vertex -76.57081909179689 1.7999999523162842 50.878448486328125
vertex -76.47828979492189 1.7999999523162842 51.03282165527344
endloop
endfacet
facet normal -0.8404373994591992 0.0 0.5419086432142033
outer loop
vertex -76.47828979492189 5.800000190734863 51.03282165527344
vertex -76.47828979492189 1.7999999523162842 51.03282165527344
vertex -76.38075561523439 1.7999999523162842 51.184085845947266
endloop
endfacet
facet normal -0.8222688695055091 0.0 0.5690992059756645
outer loop
vertex -76.38075561523439 5.800000190734863 51.184085845947266
vertex -76.38075561523439 1.7999999523162842 51.184085845947266
vertex -76.27833099365236 1.7999999523162842 51.332075119018555
endloop
endfacet
facet normal -0.8032236469033862 0.0 0.5956775747459565
outer loop
vertex -76.27833099365236 5.800000190734863 51.332075119018555
vertex -76.27833099365236 1.7999999523162842 51.332075119018555
vertex -76.17112274169924 1.7999999523162842 51.47663688659668
endloop
endfacet
facet normal -0.7832864457023201 0.0 0.6216609558103408
outer loop
vertex -76.17112274169924 5.800000190734863 51.47663688659668
vertex -76.17112274169924 1.7999999523162842 51.47663688659668
vertex -76.05923767089845 1.7999999523162842 51.617610931396484
endloop
endfacet
facet normal -0.762524977706431 0.0 0.6469587764099093
outer loop
vertex -76.05923767089845 5.800000190734863 51.617610931396484
vertex -76.05923767089845 1.7999999523162842 51.617610931396484
vertex -75.94279785156252 1.7999999523162842 51.75485038757324
endloop
endfacet
facet normal 0.9358972539188445 0.0 -0.352273090239896
outer loop
vertex -74.31704254150392 5.800000190734863 48.980262756347656
vertex -74.2559539794922 1.7999999523162842 49.14255905151367
vertex -74.31704254150392 1.7999999523162842 48.980262756347656
endloop
endfacet
facet normal 0.9108743072145372 0.0 -0.4126838941083565
outer loop
vertex -74.2559539794922 5.800000190734863 49.14255905151367
vertex -74.18439025878908 1.7999999523162842 49.300514221191406
vertex -74.2559539794922 1.7999999523162842 49.14255905151367
endloop
endfacet
facet normal 0.8819129050142221 0.0 -0.4714123757066369
outer loop
vertex -74.18439025878908 5.800000190734863 49.300514221191406
vertex -74.10264129638674 1.7999999523162842 49.45344924926758
vertex -74.18439025878908 1.7999999523162842 49.300514221191406
endloop
endfacet
facet normal 0.8492140082894919 0.0 -0.5280488311935696
outer loop
vertex -74.10264129638674 5.800000190734863 49.45344924926758
vertex -74.01107330322267 1.7999999523162842 49.60070991516113
vertex -74.10264129638674 1.7999999523162842 49.45344924926758
endloop
endfacet
facet normal 0.8128332712143542 0.0 -0.5824964147588996
outer loop
vertex -74.01107330322267 5.800000190734863 49.60070991516113
vertex -73.91006011962892 1.7999999523162842 49.74166679382324
vertex -74.01107330322267 1.7999999523162842 49.60070991516113
endloop
endfacet
facet normal 0.7730174945947054 0.0 -0.6343847043005724
outer loop
vertex -73.91006011962892 5.800000190734863 49.74166679382324
vertex -73.80005187988283 1.7999999523162842 49.875715255737305
vertex -73.91006011962892 1.7999999523162842 49.74166679382324
endloop
endfacet
facet normal 0.729853715815013 0.0 -0.6836033597862273
outer loop
vertex -73.80005187988283 5.800000190734863 49.875715255737305
vertex -73.68150634765627 1.7999999523162842 50.002281188964844
vertex -73.80005187988283 1.7999999523162842 49.875715255737305
endloop
endfacet
facet normal 0.6836029885017105 0.0 -0.7298540635712941
outer loop
vertex -73.68150634765627 5.800000190734863 50.002281188964844
vertex -73.55494232177736 1.7999999523162842 50.12082481384277
vertex -73.68150634765627 1.7999999523162842 50.002281188964844
endloop
endfacet
facet normal 0.6343912768168447 0.0 -0.7730121007453203
outer loop
vertex -73.55494232177736 5.800000190734863 50.12082481384277
vertex -73.4208938598633 1.7999999523162842 50.2308349609375
vertex -73.55494232177736 1.7999999523162842 50.12082481384277
endloop
endfacet
facet normal 0.5824850288848353 0.0 -0.8128414304924624
outer loop
vertex -73.4208938598633 5.800000190734863 50.2308349609375
vertex -73.27994079589845 1.7999999523162842 50.33184242248535
vertex -73.4208938598633 1.7999999523162842 50.2308349609375
endloop
endfacet
facet normal 0.5280676948942493 0.0 -0.8492022783819375
outer loop
vertex -73.27994079589845 5.800000190734863 50.33184242248535
vertex -73.13267822265627 1.7999999523162842 50.42341613769531
vertex -73.27994079589845 1.7999999523162842 50.33184242248535
endloop
endfacet
facet normal 0.4713861210565517 0.0 -0.8819269385131957
outer loop
vertex -73.13267822265627 5.800000190734863 50.42341613769531
vertex -72.97973937988283 1.7999999523162842 50.50516128540039
vertex -73.13267822265627 1.7999999523162842 50.42341613769531
endloop
endfacet
facet normal 0.4127104149972697 0.0 -0.9108622911026569
outer loop
vertex -72.97973937988283 5.800000190734863 50.50516128540039
vertex -72.82178802490236 1.7999999523162842 50.57672882080078
vertex -72.97973937988283 1.7999999523162842 50.50516128540039
endloop
endfacet
facet normal 0.3522465699751645 0.0 -0.9359072357561574
outer loop
vertex -72.82178802490236 5.800000190734863 50.57672882080078
vertex -72.65948791503908 1.7999999523162842 50.637813568115234
vertex -72.82178802490236 1.7999999523162842 50.57672882080078
endloop
endfacet
facet normal 0.29029312323745055 0.0 -0.9569377736305774
outer loop
vertex -72.65948791503908 5.800000190734863 50.637813568115234
vertex -72.49354858398439 1.7999999523162842 50.68815231323242
vertex -72.65948791503908 1.7999999523162842 50.637813568115234
endloop
endfacet
facet normal 0.2270703674618132 0.0 -0.9738783539132374
outer loop
vertex -72.49354858398439 5.800000190734863 50.68815231323242
vertex -72.32466430664064 1.7999999523162842 50.727529525756836
vertex -72.49354858398439 1.7999999523162842 50.68815231323242
endloop
endfacet
facet normal 0.1628934354239541 0.0 -0.9866436685530303
outer loop
vertex -72.32466430664064 5.800000190734863 50.727529525756836
vertex -72.15356750488283 1.7999999523162842 50.75577735900879
vertex -72.32466430664064 1.7999999523162842 50.727529525756836
endloop
endfacet
facet normal 0.09802685525824466 0.0 -0.995183769787359
outer loop
vertex -72.15356750488283 5.800000190734863 50.75577735900879
vertex -71.98099822998049 1.7999999523162842 50.772775650024414
vertex -72.15356750488283 1.7999999523162842 50.75577735900879
endloop
endfacet
facet normal 0.03270984002656274 0.0 -0.9994648900113683
outer loop
vertex -71.98099822998049 5.800000190734863 50.772775650024414
vertex -71.80767364501955 1.7999999523162842 50.7784481048584
vertex -71.98099822998049 1.7999999523162842 50.772775650024414
endloop
endfacet
facet normal -0.03271127836966967 0.0 -0.9994648429371701
outer loop
vertex -71.80767364501955 5.800000190734863 50.7784481048584
vertex -71.63435668945314 1.7999999523162842 50.772775650024414
vertex -71.80767364501955 1.7999999523162842 50.7784481048584
endloop
endfacet
facet normal -0.7409357012350216 0.0 0.6715759723481527
outer loop
vertex -75.94279785156252 5.800000190734863 51.75485038757324
vertex -75.94279785156252 1.7999999523162842 51.75485038757324
vertex -75.82192535400392 1.7999999523162842 51.888206481933594
endloop
endfacet
facet normal -0.7185953081071796 0.0 0.6954284888946867
outer loop
vertex -75.82192535400392 5.800000190734863 51.888206481933594
vertex -75.82192535400392 1.7999999523162842 51.888206481933594
vertex -75.69676513671877 1.7999999523162842 52.01753616333008
endloop
endfacet
facet normal -0.695428841739644 0.0 0.7185949666374354
outer loop
vertex -75.69676513671877 5.800000190734863 52.01753616333008
vertex -75.69676513671877 1.7999999523162842 52.01753616333008
vertex -75.56743164062502 1.7999999523162842 52.1427001953125
endloop
endfacet
facet normal -0.6715637916918905 0.0 0.7409467414655465
outer loop
vertex -75.56743164062502 5.800000190734863 52.1427001953125
vertex -75.56743164062502 1.7999999523162842 52.1427001953125
vertex -75.4340774536133 1.7999999523162842 52.263566970825195
endloop
endfacet
facet normal -0.6469640044402275 0.0 0.7625205419912733
outer loop
vertex -75.4340774536133 5.800000190734863 52.263566970825195
vertex -75.4340774536133 1.7999999523162842 52.263566970825195
vertex -75.29683990478517 1.7999999523162842 52.38000679016113
endloop
endfacet
facet normal -0.6216557954115272 0.0 0.7832905412624752
outer loop
vertex -75.29683990478517 5.800000190734863 52.38000679016113
vertex -75.29683990478517 1.7999999523162842 52.38000679016113
vertex -75.15586395263674 1.7999999523162842 52.491891860961914
endloop
endfacet
facet normal -0.595698086131921 0.0 0.8032084350769522
outer loop
vertex -75.15586395263674 5.800000190734863 52.491891860961914
vertex -75.15586395263674 1.7999999523162842 52.491891860961914
vertex -75.01130218505861 1.7999999523162842 52.59910583496094
endloop
endfacet
facet normal -0.5691113306065461 0.0 0.8222604778142063
outer loop
vertex -75.01130218505861 5.800000190734863 52.59910583496094
vertex -75.01130218505861 1.7999999523162842 52.59910583496094
vertex -74.86331481933595 1.7999999523162842 52.7015323638916
endloop
endfacet
facet normal -0.5418765339275147 0.0 0.8404581024528843
outer loop
vertex -74.86331481933595 5.800000190734863 52.7015323638916
vertex -74.86331481933595 1.7999999523162842 52.7015323638916
vertex -74.71204681396486 1.7999999523162842 52.7990608215332
endloop
endfacet
facet normal -0.5141014070312081 0.0 0.8577294114629229
outer loop
vertex -74.71204681396486 5.800000190734863 52.7990608215332
vertex -74.71204681396486 1.7999999523162842 52.7990608215332
vertex -74.55767364501955 1.7999999523162842 52.89158821105957
endloop
endfacet
facet normal -0.4857625996264345 0.0 0.8740907829305652
outer loop
vertex -74.55767364501955 5.800000190734863 52.89158821105957
vertex -74.55767364501955 1.7999999523162842 52.89158821105957
vertex -74.40035552978517 1.7999999523162842 52.9790153503418
endloop
endfacet
facet normal -0.4569202784948298 0.0 0.8895076498266933
outer loop
vertex -74.40035552978517 5.800000190734863 52.9790153503418
vertex -74.40035552978517 1.7999999523162842 52.9790153503418
vertex -74.24026794433595 1.7999999523162842 53.061248779296875
endloop
endfacet
facet normal -0.4275396156294175 0.0 0.9039966134159189
outer loop
vertex -74.24026794433595 5.800000190734863 53.061248779296875
vertex -74.24026794433595 1.7999999523162842 53.061248779296875
vertex -74.07756347656252 1.7999999523162842 53.13819885253906
endloop
endfacet
facet normal -0.39774780858458464 0.0 0.9174947851438505
outer loop
vertex -74.07756347656252 5.800000190734863 53.13819885253906
vertex -74.07756347656252 1.7999999523162842 53.13819885253906
vertex -73.91243286132814 1.7999999523162842 53.20978546142578
endloop
endfacet
facet normal -0.3675192755226469 0.0 0.9300159042292282
outer loop
vertex -73.91243286132814 5.800000190734863 53.20978546142578
vertex -73.91243286132814 1.7999999523162842 53.20978546142578
vertex -73.74505157470705 1.7999999523162842 53.275930404663086
endloop
endfacet
facet normal -0.3369002675754905 0.0 0.9415403388636955
outer loop
vertex -73.74505157470705 5.800000190734863 53.275930404663086
vertex -73.74505157470705 1.7999999523162842 53.275930404663086
vertex -73.57559509277345 1.7999999523162842 53.336565017700195
endloop
endfacet
facet normal -0.30589254599581506 0.0 0.9520660430370353
outer loop
vertex -73.57559509277345 5.800000190734863 53.336565017700195
vertex -73.57559509277345 1.7999999523162842 53.336565017700195
vertex -73.40423889160158 1.7999999523162842 53.39162063598633
endloop
endfacet
facet normal -0.27458955237292654 0.0 0.9615615309108595
outer loop
vertex -73.40423889160158 5.800000190734863 53.39162063598633
vertex -73.40423889160158 1.7999999523162842 53.39162063598633
vertex -73.23118133544924 1.7999999523162842 53.4410400390625
endloop
endfacet
facet normal -0.24298444354147558 0.0 0.9700301851988111
outer loop
vertex -73.23118133544924 5.800000190734863 53.4410400390625
vertex -73.23118133544924 1.7999999523162842 53.4410400390625
vertex -73.05659790039064 1.7999999523162842 53.484771728515625
endloop
endfacet
facet normal -0.21111087759688024 0.0 0.9774621206779703
outer loop
vertex -73.05659790039064 5.800000190734863 53.484771728515625
vertex -73.05659790039064 1.7999999523162842 53.484771728515625
vertex -72.88067169189455 1.7999999523162842 53.52276802062988
endloop
endfacet
facet normal -0.1790160000347905 0.0 0.9838461626349639
outer loop
vertex -72.88067169189455 5.800000190734863 53.52276802062988
vertex -72.88067169189455 1.7999999523162842 53.52276802062988
vertex -72.70360107421877 1.7999999523162842 53.55498695373535
endloop
endfacet
facet normal -0.14673378149451907 0.0 0.989176019406212
outer loop
vertex -72.70360107421877 5.800000190734863 53.55498695373535
vertex -72.70360107421877 1.7999999523162842 53.55498695373535
vertex -72.52556915283205 1.7999999523162842 53.58139610290527
endloop
endfacet
facet normal -0.11428781517152102 0.0 0.9934476812109032
outer loop
vertex -72.52556915283205 5.800000190734863 53.58139610290527
vertex -72.52556915283205 1.7999999523162842 53.58139610290527
vertex -72.3467742919922 1.7999999523162842 53.60196495056152
endloop
endfacet
facet normal -0.08171584569549824 0.0 0.9966556680028814
outer loop
vertex -72.3467742919922 5.800000190734863 53.60196495056152
vertex -72.3467742919922 1.7999999523162842 53.60196495056152
vertex -72.16739196777345 1.7999999523162842 53.61667251586914
endloop
endfacet
facet normal -0.04906653955880631 0.0 0.9987955119521333
outer loop
vertex -72.16739196777345 5.800000190734863 53.61667251586914
vertex -72.16739196777345 1.7999999523162842 53.61667251586914
vertex -71.98762817382814 1.7999999523162842 53.62550354003906
endloop
endfacet
facet normal -0.01636275587244098 0.0 0.9998661211483559
outer loop
vertex -71.98762817382814 5.800000190734863 53.62550354003906
vertex -71.98762817382814 1.7999999523162842 53.62550354003906
vertex -71.80767364501955 1.7999999523162842 53.628448486328125
endloop
endfacet
facet normal 0.01636275587244098 0.0 0.9998661211483559
outer loop
vertex -71.80767364501955 5.800000190734863 53.628448486328125
vertex -71.80767364501955 1.7999999523162842 53.628448486328125
vertex -71.62771911621095 1.7999999523162842 53.62550354003906
endloop
endfacet
facet normal -0.5824850288848353 0.0 -0.8128414304924624
outer loop
vertex -70.33541412353517 5.800000190734863 50.33184242248535
vertex -70.19446105957033 1.7999999523162842 50.2308349609375
vertex -70.33541412353517 1.7999999523162842 50.33184242248535
endloop
endfacet
facet normal -0.6343912768168447 0.0 -0.7730121007453203
outer loop
vertex -70.19446105957033 5.800000190734863 50.2308349609375
vertex -70.06041259765627 1.7999999523162842 50.12082481384277
vertex -70.19446105957033 1.7999999523162842 50.2308349609375
endloop
endfacet
facet normal -0.9359117583352091 0.0 -0.35223455340141896
outer loop
vertex -69.35939331054689 5.800000190734863 49.14255905151367
vertex -69.2983123779297 1.7999999523162842 48.980262756347656
vertex -69.35939331054689 1.7999999523162842 49.14255905151367
endloop
endfacet
facet normal -0.9108577684914877 0.0 -0.41272039636866453
outer loop
vertex -69.43096466064455 5.800000190734863 49.300514221191406
vertex -69.35939331054689 1.7999999523162842 49.14255905151367
vertex -69.43096466064455 1.7999999523162842 49.300514221191406
endloop
endfacet
facet normal -0.8819311956468066 0.0 -0.4713781562026333
outer loop
vertex -69.51270599365236 5.800000190734863 49.45344924926758
vertex -69.43096466064455 1.7999999523162842 49.300514221191406
vertex -69.51270599365236 1.7999999523162842 49.45344924926758
endloop
endfacet
facet normal -0.8491942788541563 0.0 -0.528080558969339
outer loop
vertex -69.60428161621095 5.800000190734863 49.60070991516113
vertex -69.51270599365236 1.7999999523162842 49.45344924926758
vertex -69.60428161621095 1.7999999523162842 49.60070991516113
endloop
endfacet
facet normal -0.7729959193135231 0.0 -0.6344109935401823
outer loop
vertex -69.8153030395508 5.800000190734863 49.875715255737305
vertex -69.70528717041017 1.7999999523162842 49.74166679382324
vertex -69.8153030395508 1.7999999523162842 49.875715255737305
endloop
endfacet
facet normal -0.7298756668347521 0.0 -0.6835799228784631
outer loop
vertex -69.93384094238283 5.800000190734863 50.002281188964844
vertex -69.8153030395508 1.7999999523162842 49.875715255737305
vertex -69.93384094238283 1.7999999523162842 50.002281188964844
endloop
endfacet
facet normal -0.8128541017430736 0.0 -0.5824673461057375
outer loop
vertex -69.70528717041017 5.800000190734863 49.74166679382324
vertex -69.60428161621095 1.7999999523162842 49.60070991516113
vertex -69.70528717041017 1.7999999523162842 49.74166679382324
endloop
endfacet
facet normal -0.6835810378217654 0.0 -0.7298746226102935
outer loop
vertex -70.06041259765627 5.800000190734863 50.12082481384277
vertex -69.93384094238283 1.7999999523162842 50.002281188964844
vertex -70.06041259765627 1.7999999523162842 50.12082481384277
endloop
endfacet
facet normal -0.29028090165507203 0.0 -0.9569414810396288
outer loop
vertex -71.12180633544924 5.800000190734863 50.68815231323242
vertex -70.95585937500002 1.7999999523162842 50.637813568115234
vertex -71.12180633544924 1.7999999523162842 50.68815231323242
endloop
endfacet
facet normal -0.3522610743915423 0.0 -0.9359017766136125
outer loop
vertex -70.95585937500002 5.800000190734863 50.637813568115234
vertex -70.79356689453127 1.7999999523162842 50.57672882080078
vertex -70.95585937500002 1.7999999523162842 50.637813568115234
endloop
endfacet
facet normal -0.09802256326217235 0.0 -0.9951841925450352
outer loop
vertex -71.63435668945314 5.800000190734863 50.772775650024414
vertex -71.46177978515627 1.7999999523162842 50.75577735900879
vertex -71.63435668945314 1.7999999523162842 50.772775650024414
endloop
endfacet
facet normal -0.16290050658985683 0.0 -0.9866425010877892
outer loop
vertex -71.46177978515627 5.800000190734863 50.75577735900879
vertex -71.29069061279299 1.7999999523162842 50.727529525756836
vertex -71.46177978515627 1.7999999523162842 50.75577735900879
endloop
endfacet
facet normal -0.2270703674618132 0.0 -0.9738783539132374
outer loop
vertex -71.29069061279299 5.800000190734863 50.727529525756836
vertex -71.12180633544924 1.7999999523162842 50.68815231323242
vertex -71.29069061279299 1.7999999523162842 50.727529525756836
endloop
endfacet
facet normal -0.4714044116891484 0.0 -0.8819171620055979
outer loop
vertex -70.63560791015627 5.800000190734863 50.50516128540039
vertex -70.48267669677736 1.7999999523162842 50.42341613769531
vertex -70.63560791015627 1.7999999523162842 50.50516128540039
endloop
endfacet
facet normal -0.412693876274207 0.0 -0.9108697845936977
outer loop
vertex -70.79356689453127 5.800000190734863 50.57672882080078
vertex -70.63560791015627 1.7999999523162842 50.50516128540039
vertex -70.79356689453127 1.7999999523162842 50.57672882080078
endloop
endfacet
facet normal -0.5280676948942493 0.0 -0.8492022783819375
outer loop
vertex -70.48267669677736 5.800000190734863 50.42341613769531
vertex -70.33541412353517 1.7999999523162842 50.33184242248535
vertex -70.48267669677736 1.7999999523162842 50.42341613769531
endloop
endfacet
facet normal 0.8790948927138714 0.0 0.47664679753921235
outer loop
vertex -67.04453582763674 5.800000190734863 50.878448486328125
vertex -67.04453582763674 1.7999999523162842 50.878448486328125
vertex -66.91875000000002 1.7999999523162842 50.64645767211914
endloop
endfacet
facet normal 0.8577247383251291 0.0 0.5141092036377961
outer loop
vertex -67.13706512451174 5.800000190734863 51.03282165527344
vertex -67.13706512451174 1.7999999523162842 51.03282165527344
vertex -67.04453582763674 1.7999999523162842 50.878448486328125
endloop
endfacet
facet normal 0.8404567053009534 0.0 0.5418787009236168
outer loop
vertex -67.2345916748047 5.800000190734863 51.184085845947266
vertex -67.2345916748047 1.7999999523162842 51.184085845947266
vertex -67.13706512451174 1.7999999523162842 51.03282165527344
endloop
endfacet
facet normal 0.8222688695055091 0.0 0.5690992059756645
outer loop
vertex -67.33701629638674 5.800000190734863 51.332075119018555
vertex -67.33701629638674 1.7999999523162842 51.332075119018555
vertex -67.2345916748047 1.7999999523162842 51.184085845947266
endloop
endfacet
facet normal 0.8032033644797869 0.0 0.5957049230016068
outer loop
vertex -67.44423217773439 5.800000190734863 51.47663688659668
vertex -67.44423217773439 1.7999999523162842 51.47663688659668
vertex -67.33701629638674 1.7999999523162842 51.332075119018555
endloop
endfacet
facet normal 0.7832864457023201 0.0 0.6216609558103408
outer loop
vertex -67.55611724853517 5.800000190734863 51.617610931396484
vertex -67.55611724853517 1.7999999523162842 51.617610931396484
vertex -67.44423217773439 1.7999999523162842 51.47663688659668
endloop
endfacet
facet normal 0.456903049576537 0.0 0.8895164997276107
outer loop
vertex -69.37508697509767 5.800000190734863 53.061248779296875
vertex -69.37508697509767 1.7999999523162842 53.061248779296875
vertex -69.21499176025392 1.7999999523162842 52.9790153503418
endloop
endfacet
facet normal 0.595698086131921 0.0 0.8032084350769522
outer loop
vertex -68.60405273437502 5.800000190734863 52.59910583496094
vertex -68.60405273437502 1.7999999523162842 52.59910583496094
vertex -68.45949096679689 1.7999999523162842 52.491891860961914
endloop
endfacet
facet normal 0.5691113306065461 0.0 0.8222604778142063
outer loop
vertex -68.75204010009767 5.800000190734863 52.7015323638916
vertex -68.75204010009767 1.7999999523162842 52.7015323638916
vertex -68.60405273437502 1.7999999523162842 52.59910583496094
endloop
endfacet
facet normal 0.5141014070312081 0.0 0.8577294114629229
outer loop
vertex -69.05767364501955 5.800000190734863 52.89158821105957
vertex -69.05767364501955 1.7999999523162842 52.89158821105957
vertex -68.90330047607424 1.7999999523162842 52.7990608215332
endloop
endfacet
facet normal 0.4857625996264345 0.0 0.8740907829305652
outer loop
vertex -69.21499176025392 5.800000190734863 52.9790153503418
vertex -69.21499176025392 1.7999999523162842 52.9790153503418
vertex -69.05767364501955 1.7999999523162842 52.89158821105957
endloop
endfacet
facet normal 0.5418958397243238 0.0 0.8404456549292585
outer loop
vertex -68.90330047607424 5.800000190734863 52.7990608215332
vertex -68.90330047607424 1.7999999523162842 52.7990608215332
vertex -68.75204010009767 1.7999999523162842 52.7015323638916
endloop
endfacet
facet normal 0.049068617076870935 0.0 0.9987954098904156
outer loop
vertex -71.62771911621095 5.800000190734863 53.62550354003906
vertex -71.62771911621095 1.7999999523162842 53.62550354003906
vertex -71.44796295166017 1.7999999523162842 53.61667251586914
endloop
endfacet
facet normal 0.08171584569549824 0.0 0.9966556680028814
outer loop
vertex -71.44796295166017 5.800000190734863 53.61667251586914
vertex -71.44796295166017 1.7999999523162842 53.61667251586914
vertex -71.26858062744142 1.7999999523162842 53.60196495056152
endloop
endfacet
facet normal 0.1790160000347905 0.0 0.9838461626349639
outer loop
vertex -70.91175384521486 5.800000190734863 53.55498695373535
vertex -70.91175384521486 1.7999999523162842 53.55498695373535
vertex -70.73468322753908 1.7999999523162842 53.52276802062988
endloop
endfacet
facet normal 0.11428781517152102 0.0 0.9934476812109032
outer loop
vertex -71.26858062744142 5.800000190734863 53.60196495056152
vertex -71.26858062744142 1.7999999523162842 53.60196495056152
vertex -71.08978576660158 1.7999999523162842 53.58139610290527
endloop
endfacet
facet normal 0.14673378149451907 0.0 0.989176019406212
outer loop
vertex -71.08978576660158 5.800000190734863 53.58139610290527
vertex -71.08978576660158 1.7999999523162842 53.58139610290527
vertex -70.91175384521486 1.7999999523162842 53.55498695373535
endloop
endfacet
facet normal 0.3059048915308478 0.0 0.9520620764096741
outer loop
vertex -70.21110839843752 5.800000190734863 53.39162063598633
vertex -70.21110839843752 1.7999999523162842 53.39162063598633
vertex -70.03975982666017 1.7999999523162842 53.336565017700195
endloop
endfacet
facet normal 0.21111087759688024 0.0 0.9774621206779703
outer loop
vertex -70.73468322753908 5.800000190734863 53.52276802062988
vertex -70.73468322753908 1.7999999523162842 53.52276802062988
vertex -70.55875701904299 1.7999999523162842 53.484771728515625
endloop
endfacet
facet normal 0.24298444354147558 0.0 0.9700301851988111
outer loop
vertex -70.55875701904299 5.800000190734863 53.484771728515625
vertex -70.55875701904299 1.7999999523162842 53.484771728515625
vertex -70.38417358398439 1.7999999523162842 53.4410400390625
endloop
endfacet
facet normal 0.2745783600380391 0.0 0.9615647269938832
outer loop
vertex -70.38417358398439 5.800000190734863 53.4410400390625
vertex -70.38417358398439 1.7999999523162842 53.4410400390625
vertex -70.21110839843752 1.7999999523162842 53.39162063598633
endloop
endfacet
facet normal 0.3369002675754905 0.0 0.9415403388636955
outer loop
vertex -70.03975982666017 5.800000190734863 53.336565017700195
vertex -70.03975982666017 1.7999999523162842 53.336565017700195
vertex -69.87030334472658 1.7999999523162842 53.275930404663086
endloop
endfacet
facet normal 0.3675047868613506 0.0 0.930021629659221
outer loop
vertex -69.87030334472658 5.800000190734863 53.275930404663086
vertex -69.87030334472658 1.7999999523162842 53.275930404663086
vertex -69.70291442871095 1.7999999523162842 53.20978546142578
endloop
endfacet
facet normal 0.39776327867255157 0.0 0.9174880784727735
outer loop
vertex -69.70291442871095 5.800000190734863 53.20978546142578
vertex -69.70291442871095 1.7999999523162842 53.20978546142578
vertex -69.53779144287111 1.7999999523162842 53.13819885253906
endloop
endfacet
facet normal 0.4275396156294175 0.0 0.9039966134159189
outer loop
vertex -69.53779144287111 5.800000190734863 53.13819885253906
vertex -69.53779144287111 1.7999999523162842 53.13819885253906
vertex -69.37508697509767 1.7999999523162842 53.061248779296875
endloop
endfacet
facet normal 0.7185741241480261 0.0 0.6954503778882409
outer loop
vertex -67.91858978271486 5.800000190734863 52.01753616333008
vertex -67.91858978271486 1.7999999523162842 52.01753616333008
vertex -67.79342193603517 1.7999999523162842 51.888206481933594
endloop
endfacet
facet normal 0.6469640044402275 0.0 0.7625205419912733
outer loop
vertex -68.31851501464845 5.800000190734863 52.38000679016113
vertex -68.31851501464845 1.7999999523162842 52.38000679016113
vertex -68.18127746582033 1.7999999523162842 52.263566970825195
endloop
endfacet
facet normal 0.6954500256987984 0.0 0.7185744650038299
outer loop
vertex -68.04791564941408 5.800000190734863 52.1427001953125
vertex -68.04791564941408 1.7999999523162842 52.1427001953125
vertex -67.91858978271486 1.7999999523162842 52.01753616333008
endloop
endfacet
facet normal 0.6715426987752237 0.0 0.7409658586748038
outer loop
vertex -68.18127746582033 5.800000190734863 52.263566970825195
vertex -68.18127746582033 1.7999999523162842 52.263566970825195
vertex -68.04791564941408 1.7999999523162842 52.1427001953125
endloop
endfacet
facet normal 0.762524977706431 0.0 0.6469587764099093
outer loop
vertex -67.67255706787111 5.800000190734863 51.75485038757324
vertex -67.67255706787111 1.7999999523162842 51.75485038757324
vertex -67.55611724853517 1.7999999523162842 51.617610931396484
endloop
endfacet
facet normal 0.7409567942293936 0.0 0.6715527001548725
outer loop
vertex -67.79342193603517 5.800000190734863 51.888206481933594
vertex -67.79342193603517 1.7999999523162842 51.888206481933594
vertex -67.67255706787111 1.7999999523162842 51.75485038757324
endloop
endfacet
facet normal 0.6216557954115272 0.0 0.7832905412624752
outer loop
vertex -68.45949096679689 5.800000190734863 52.491891860961914
vertex -68.45949096679689 1.7999999523162842 52.491891860961914
vertex -68.31851501464845 1.7999999523162842 52.38000679016113
endloop
endfacet
facet normal -0.45689933745812983 0.0 -0.8895184064595414
outer loop
vertex -87.25567169189455 5.800000190734863 35.42594909667969
vertex -87.40412445068361 1.7999999523162842 35.502201557159424
vertex -87.40412445068361 5.800000190734863 35.502201557159424
endloop
endfacet
facet normal -0.4275621270287775 0.0 -0.9039859664456233
outer loop
vertex -87.25567169189455 5.800000190734863 35.42594909667969
vertex -87.10480804443361 5.800000190734863 35.354594469070435
vertex -87.25567169189455 1.7999999523162842 35.42594909667969
endloop
endfacet
facet normal -0.3977445455464238 0.0 -0.917496199713148
outer loop
vertex -87.10480804443361 5.800000190734863 35.354594469070435
vertex -86.95168609619142 5.800000190734863 35.288214445114136
vertex -87.10480804443361 1.7999999523162842 35.354594469070435
endloop
endfacet
facet normal -0.17901945183644785 0.0 -0.9838455345551849
outer loop
vertex -85.99496002197267 5.708767890930176 34.997995138168335
vertex -85.83076782226564 5.690189838409424 34.96811890602112
vertex -85.99496002197267 1.7999999523162842 34.997995138168335
endloop
endfacet
facet normal -0.2111071573328473 0.0 -0.9774629241678912
outer loop
vertex -85.99496002197267 5.708767890930176 34.997995138168335
vertex -86.15809173583986 1.7999999523162842 35.03322744369507
vertex -86.15809173583986 5.7338175773620605 35.03322744369507
endloop
endfacet
facet normal -0.1467287814768785 0.0 -0.9891767610929355
outer loop
vertex -85.66568298339845 5.674962520599365 34.943631172180176
vertex -85.83076782226564 1.7999999523162842 34.96811890602112
vertex -85.83076782226564 5.690189838409424 34.96811890602112
endloop
endfacet
facet normal -0.11428779910759793 0.0 -0.9934476830589225
outer loop
vertex -85.66568298339845 5.674962520599365 34.943631172180176
vertex -85.49988861083986 5.663101673126221 34.92455792427063
vertex -85.66568298339845 1.7999999523162842 34.943631172180176
endloop
endfacet
facet normal -0.2429806505738074 0.0 -0.970031135297589
outer loop
vertex -86.31997985839845 5.762876033782959 35.0737783908844
vertex -86.15809173583986 5.7338175773620605 35.03322744369507
vertex -86.31997985839845 1.7999999523162842 35.0737783908844
endloop
endfacet
facet normal -0.27786184257599705 0.00014303950369032122 -0.9606210366111977
outer loop
vertex -86.48044891357424 1.7999999523162842 35.11960434913635
vertex -86.49906463623049 5.800000190734863 35.12558460235596
vertex -86.31997985839845 5.762876033782959 35.0737783908844
endloop
endfacet
facet normal -0.30590923680673177 0.0 -0.9520606802280634
outer loop
vertex -86.63933868408205 1.7999999523162842 35.17065644264221
vertex -86.63933868408205 5.800000190734863 35.17065644264221
vertex -86.49906463623049 5.800000190734863 35.12558460235596
endloop
endfacet
facet normal -0.3675115469341046 0.0 -0.9300189583390768
outer loop
vertex -86.95168609619142 5.800000190734863 35.288214445114136
vertex -86.79647369384767 5.800000190734863 35.226879835128784
vertex -86.95168609619142 1.7999999523162842 35.288214445114136
endloop
endfacet
facet normal -0.3368876594391679 0.0 -0.9415448501890917
outer loop
vertex -86.79647369384767 5.800000190734863 35.226879835128784
vertex -86.63933868408205 5.800000190734863 35.17065644264221
vertex -86.79647369384767 1.7999999523162842 35.226879835128784
endloop
endfacet
facet normal -0.08171938673065794 0.0 -0.9966553776669069
outer loop
vertex -85.49988861083986 5.663101673126221 34.92455792427063
vertex -85.33355255126955 5.654621124267578 34.910919427871704
vertex -85.49988861083986 1.7999999523162842 34.92455792427063
endloop
endfacet
facet normal -0.04906717659888962 0.0 -0.9987954806568827
outer loop
vertex -85.33355255126955 5.654621124267578 34.910919427871704
vertex -85.1668655395508 5.649528980255127 34.90273070335388
vertex -85.33355255126955 1.7999999523162842 34.910919427871704
endloop
endfacet
facet normal -0.016362230213572755 0.0 -0.9998661297505973
outer loop
vertex -85.1668655395508 5.649528980255127 34.90273070335388
vertex -85.00000305175783 5.647830963134766 34.90000009536743
vertex -85.1668655395508 1.7999999523162842 34.90273070335388
endloop
endfacet
facet normal 0.016361482323577533 0.0 -0.9998661419891041
outer loop
vertex -85.00000305175783 5.647830963134766 34.90000009536743
vertex -84.83313293457033 5.649528980255127 34.90273070335388
vertex -85.00000305175783 1.7999999523162842 34.90000009536743
endloop
endfacet
facet normal 0.04906717659888962 0.0 -0.9987954806568827
outer loop
vertex -84.83313293457033 5.649528980255127 34.90273070335388
vertex -84.66644592285158 5.654621124267578 34.910919427871704
vertex -84.83313293457033 1.7999999523162842 34.90273070335388
endloop
endfacet
facet normal 0.08171938673065796 0.0 -0.996655377666907
outer loop
vertex -84.66644592285158 5.654621124267578 34.910919427871704
vertex -84.50010986328127 5.663101673126221 34.92455792427063
vertex -84.66644592285158 1.7999999523162842 34.910919427871704
endloop
endfacet
facet normal 0.11428779910759794 0.0 -0.9934476830589225
outer loop
vertex -84.50010986328127 5.663101673126221 34.92455792427063
vertex -84.33431549072267 5.674962520599365 34.943631172180176
vertex -84.50010986328127 1.7999999523162842 34.92455792427063
endloop
endfacet
facet normal 0.1467287814768785 0.0 -0.9891767610929355
outer loop
vertex -84.33431549072267 5.674962520599365 34.943631172180176
vertex -84.16923065185549 5.690189838409424 34.96811890602112
vertex -84.33431549072267 1.7999999523162842 34.943631172180176
endloop
endfacet
facet normal 0.17901945183644788 0.0 -0.983845534555185
outer loop
vertex -84.16923065185549 5.690189838409424 34.96811890602112
vertex -84.00503845214845 5.708767890930176 34.997995138168335
vertex -84.16923065185549 1.7999999523162842 34.96811890602112
endloop
endfacet
facet normal 0.21111659086150233 0.0 -0.9774608867177331
outer loop
vertex -84.00503845214845 5.708767890930176 34.997995138168335
vertex -83.8419143676758 5.7338175773620605 35.03322744369507
vertex -84.00503845214845 1.7999999523162842 34.997995138168335
endloop
endfacet
facet normal -0.6954575991742169 0.0 -0.7185671351730709
outer loop
vertex -88.60624237060549 5.800000190734863 36.3937554359436
vertex -88.4863235473633 5.800000190734863 36.27769327163696
vertex -88.60624237060549 1.7999999523162842 36.3937554359436
endloop
endfacet
facet normal -0.718569531607036 0.0 -0.6954551231000065
outer loop
vertex -88.60624237060549 5.800000190734863 36.3937554359436
vertex -88.72230834960939 1.7999999523162842 36.51367902755737
vertex -88.72230834960939 5.800000190734863 36.51367902755737
endloop
endfacet
facet normal -0.7409528294966268 0.0 -0.6715570746116392
outer loop
vertex -88.83438415527345 5.800000190734863 36.63733625411987
vertex -88.72230834960939 5.800000190734863 36.51367902755737
vertex -88.83438415527345 1.7999999523162842 36.63733625411987
endloop
endfacet
facet normal -0.7625243409722735 0.0 -0.6469595268830962
outer loop
vertex -88.83438415527345 5.800000190734863 36.63733625411987
vertex -88.9423553466797 1.7999999523162842 36.764594078063965
vertex -88.9423553466797 5.800000190734863 36.764594078063965
endloop
endfacet
facet normal -0.5690948291251893 0.0 -0.8222718987433364
outer loop
vertex -87.83340759277345 5.800000190734863 35.75950503349304
vertex -87.97063751220705 1.7999999523162842 35.8544819355011
vertex -87.97063751220705 5.800000190734863 35.8544819355011
endloop
endfacet
facet normal -0.621662061222991 0.0 -0.7832855683822997
outer loop
vertex -88.23540802001955 5.800000190734863 36.05764675140381
vertex -88.10468597412111 5.800000190734863 35.95389795303345
vertex -88.23540802001955 1.7999999523162842 36.05764675140381
endloop
endfacet
facet normal -0.6469547947572412 0.0 -0.7625283558928257
outer loop
vertex -88.23540802001955 5.800000190734863 36.05764675140381
vertex -88.3626663208008 1.7999999523162842 36.16561698913574
vertex -88.3626663208008 5.800000190734863 36.16561698913574
endloop
endfacet
facet normal -0.5956950620307003 0.0 -0.80321067788734
outer loop
vertex -88.10468597412111 5.800000190734863 35.95389795303345
vertex -87.97063751220705 5.800000190734863 35.8544819355011
vertex -88.10468597412111 1.7999999523162842 35.95389795303345
endloop
endfacet
facet normal -0.5140906566218715 0.0 -0.857735854895954
outer loop
vertex -87.54999847412111 5.800000190734863 35.58327054977417
vertex -87.69314880371095 1.7999999523162842 35.669068813323975
vertex -87.69314880371095 5.800000190734863 35.669068813323975
endloop
endfacet
facet normal -0.4857705313500787 0.0 -0.8740863749492165
outer loop
vertex -87.54999847412111 5.800000190734863 35.58327054977417
vertex -87.40412445068361 5.800000190734863 35.502201557159424
vertex -87.54999847412111 1.7999999523162842 35.58327054977417
endloop
endfacet
facet normal -0.5419012484561321 0.0 -0.8404421675057037
outer loop
vertex -87.83340759277345 5.800000190734863 35.75950503349304
vertex -87.69314880371095 5.800000190734863 35.669068813323975
vertex -87.83340759277345 1.7999999523162842 35.75950503349304
endloop
endfacet
facet normal -0.671558643243464 0.0 -0.7409514077758392
outer loop
vertex -88.3626663208008 5.800000190734863 36.16561698913574
vertex -88.4863235473633 1.7999999523162842 36.27769327163696
vertex -88.4863235473633 5.800000190734863 36.27769327163696
endloop
endfacet
facet normal -0.857724019012663 0.0 -0.5141104037157437
outer loop
vertex -89.3309280395508 5.800000190734863 37.30685377120972
vertex -89.41672821044924 1.7999999523162842 37.44999980926514
vertex -89.41672821044924 5.800000190734863 37.44999980926514
endloop
endfacet
facet normal -0.7832991941457351 0.0 -0.6216448925637866
outer loop
vertex -88.9423553466797 5.800000190734863 36.764594078063965
vertex -89.04609985351564 1.7999999523162842 36.89531660079956
vertex -89.04609985351564 5.800000190734863 36.89531660079956
endloop
endfacet
facet normal -0.8032001172602802 0.0 -0.5957093012813148
outer loop
vertex -89.04609985351564 5.800000190734863 36.89531660079956
vertex -89.14551849365236 1.7999999523162842 37.02936363220215
vertex -89.14551849365236 5.800000190734863 37.02936363220215
endloop
endfacet
facet normal -0.8222641861831504 0.0 -0.569105972662879
outer loop
vertex -89.14551849365236 5.800000190734863 37.02936363220215
vertex -89.24049682617189 1.7999999523162842 37.16659164428711
vertex -89.24049682617189 5.800000190734863 37.16659164428711
endloop
endfacet
facet normal -0.8404617039023261 0.0 -0.5418709479881705
outer loop
vertex -89.3309280395508 5.800000190734863 37.30685377120972
vertex -89.24049682617189 5.800000190734863 37.16659164428711
vertex -89.3309280395508 1.7999999523162842 37.30685377120972
endloop
endfacet
facet normal -0.8740879939047496 0.0 -0.48576761822045167
outer loop
vertex -89.41672821044924 5.800000190734863 37.44999980926514
vertex -89.4977981567383 1.7999999523162842 37.595876693725586
vertex -89.4977981567383 5.800000190734863 37.595876693725586
endloop
endfacet
facet normal -0.8895078918952039 0.0 -0.4569198072486574
outer loop
vertex -89.4977981567383 5.800000190734863 37.595876693725586
vertex -89.57405395507814 1.7999999523162842 37.744327545166016
vertex -89.57405395507814 5.800000190734863 37.744327545166016
endloop
endfacet
facet normal -0.9039995912761701 0.0 -0.42753331913725434
outer loop
vertex -89.57405395507814 5.800000190734863 37.744327545166016
vertex -89.64540405273439 1.7999999523162842 37.8951940536499
vertex -89.64540405273439 5.800000190734863 37.8951940536499
endloop
endfacet
facet normal -0.9300209350823042 0.0 -0.3675065445793268
outer loop
vertex -89.7117874145508 5.800000190734863 38.048314571380615
vertex -89.77312011718752 1.7999999523162842 38.203524589538574
vertex -89.77312011718752 5.800000190734863 38.203524589538574
endloop
endfacet
facet normal -0.9174875448094403 0.0 -0.39776450962792703
outer loop
vertex -89.64540405273439 5.800000190734863 37.8951940536499
vertex -89.7117874145508 1.7999999523162842 38.048314571380615
vertex -89.7117874145508 5.800000190734863 38.048314571380615
endloop
endfacet
facet normal 0.29028090165507203 0.0 0.9569414810396288
outer loop
vertex -85.68587036132814 5.800000190734863 37.44029664993286
vertex -85.85181732177736 5.800000190734863 37.49063539505005
vertex -85.85181732177736 1.7999999523162842 37.49063539505005
endloop
endfacet
facet normal 0.22707297538384627 0.0 0.9738777458440699
outer loop
vertex -85.68587036132814 5.800000190734863 37.44029664993286
vertex -85.68587036132814 1.7999999523162842 37.44029664993286
vertex -85.51698608398439 5.800000190734863 37.40091896057129
endloop
endfacet
facet normal 0.47140655042177315 0.0 0.8819160188019289
outer loop
vertex -86.32500000000002 5.800000190734863 37.70503282546997
vertex -86.32500000000002 1.7999999523162842 37.70503282546997
vertex -86.17206878662111 5.800000190734863 37.623287200927734
endloop
endfacet
facet normal 0.5280637289825028 0.0 0.8492047445304896
outer loop
vertex -86.4722625732422 5.800000190734863 37.796605587005615
vertex -86.4722625732422 1.7999999523162842 37.796605587005615
vertex -86.32500000000002 5.800000190734863 37.70503282546997
endloop
endfacet
facet normal 0.6343945630233877 0.0 0.7730094038278997
outer loop
vertex -86.74726409912111 5.800000190734863 38.00762462615967
vertex -86.74726409912111 1.7999999523162842 38.00762462615967
vertex -86.61321563720705 5.800000190734863 37.897613525390625
endloop
endfacet
facet normal 0.6835766433836737 0.0 0.7298787382985683
outer loop
vertex -86.74726409912111 5.800000190734863 38.00762462615967
vertex -86.87383575439455 5.800000190734863 38.12616682052612
vertex -86.87383575439455 1.7999999523162842 38.12616682052612
endloop
endfacet
facet normal 0.582486845705334 0.0 0.8128401285494278
outer loop
vertex -86.4722625732422 5.800000190734863 37.796605587005615
vertex -86.61321563720705 5.800000190734863 37.897613525390625
vertex -86.61321563720705 1.7999999523162842 37.897613525390625
endloop
endfacet
facet normal 0.412696157634649 0.0 0.9108687509589934
outer loop
vertex -86.17206878662111 5.800000190734863 37.623287200927734
vertex -86.17206878662111 1.7999999523162842 37.623287200927734
vertex -86.01410980224611 5.800000190734863 37.551719188690186
endloop
endfacet
facet normal 0.3522562572016569 0.0 0.9359035897261426
outer loop
vertex -85.85181732177736 5.800000190734863 37.49063539505005
vertex -86.01410980224611 5.800000190734863 37.551719188690186
vertex -86.01410980224611 1.7999999523162842 37.551719188690186
endloop
endfacet
facet normal 0.03271951885298353 0.0 0.9994645732020867
outer loop
vertex -85.17332000732424 5.800000190734863 37.35567378997803
vertex -85.17332000732424 1.7999999523162842 37.35567378997803
vertex -85.00000305175783 5.800000190734863 37.34999990463257
endloop
endfacet
facet normal 0.16290050658985683 0.0 0.9866425010877892
outer loop
vertex -85.51698608398439 5.800000190734863 37.40091896057129
vertex -85.51698608398439 1.7999999523162842 37.40091896057129
vertex -85.34589691162111 5.800000190734863 37.372671127319336
endloop
endfacet
facet normal 0.0980171166284471 0.0 0.9951847290065526
outer loop
vertex -85.17332000732424 5.800000190734863 37.35567378997803
vertex -85.34589691162111 5.800000190734863 37.372671127319336
vertex -85.34589691162111 1.7999999523162842 37.372671127319336
endloop
endfacet
facet normal -0.03271808014831195 0.0 0.9994646202999927
outer loop
vertex -85.00000305175783 5.800000190734863 37.34999990463257
vertex -85.00000305175783 1.7999999523162842 37.34999990463257
vertex -84.82667846679689 5.800000190734863 37.35567378997803
endloop
endfacet
facet normal -0.09802140839066154 0.0 0.9951843062956285
outer loop
vertex -84.82667846679689 5.800000190734863 37.35567378997803
vertex -84.82667846679689 1.7999999523162842 37.35567378997803
vertex -84.65410919189455 5.800000190734863 37.372671127319336
endloop
endfacet
facet normal -0.1628934354239541 0.0 0.9866436685530303
outer loop
vertex -84.65410919189455 5.800000190734863 37.372671127319336
vertex -84.65410919189455 1.7999999523162842 37.372671127319336
vertex -84.48301239013674 5.800000190734863 37.40091896057129
endloop
endfacet
facet normal -0.22707297538384627 0.0 0.9738777458440699
outer loop
vertex -84.48301239013674 5.800000190734863 37.40091896057129
vertex -84.48301239013674 1.7999999523162842 37.40091896057129
vertex -84.31412811279299 5.800000190734863 37.44029664993286
endloop
endfacet
facet normal -0.29029312323745055 0.0 0.9569377736305774
outer loop
vertex -84.31412811279299 5.800000190734863 37.44029664993286
vertex -84.31412811279299 1.7999999523162842 37.44029664993286
vertex -84.1481887817383 5.800000190734863 37.49063539505005
endloop
endfacet
facet normal -0.3522417529274335 0.0 0.9359090487299548
outer loop
vertex -84.1481887817383 5.800000190734863 37.49063539505005
vertex -84.1481887817383 1.7999999523162842 37.49063539505005
vertex -83.98588867187502 5.800000190734863 37.551719188690186
endloop
endfacet
facet normal 0.24298065057380744 0.0 -0.970031135297589
outer loop
vertex -83.8419143676758 5.7338175773620605 35.03322744369507
vertex -83.6800262451172 5.762876033782959 35.0737783908844
vertex -83.8419143676758 1.7999999523162842 35.03322744369507
endloop
endfacet
facet normal 0.27458527490262447 0.0 -0.9615627524018651
outer loop
vertex -83.6800262451172 5.762876033782959 35.0737783908844
vertex -83.51954956054689 5.795714378356934 35.11960434913635
vertex -83.6800262451172 1.7999999523162842 35.0737783908844
endloop
endfacet
facet normal 0.3058528722519144 0.0 -0.9520787890375743
outer loop
vertex -83.51954956054689 5.795714378356934 35.11960434913635
vertex -83.50093383789064 5.800000190734863 35.12558460235596
vertex -83.51954956054689 1.7999999523162842 35.11960434913635
endloop
endfacet
facet normal 0.305909236806719 -2.8939052937692155e-07 -0.9520606802280236
outer loop
vertex -83.50093383789064 5.800000190734863 35.12558460235596
vertex -83.36065979003908 5.800000190734863 35.17065644264221
vertex -83.51954956054689 1.7999999523162842 35.11960434913635
endloop
endfacet
facet normal 0.3368876594391679 0.0 -0.9415448501890917
outer loop
vertex -83.36065979003908 5.800000190734863 35.17065644264221
vertex -83.20352478027345 5.800000190734863 35.226879835128784
vertex -83.36065979003908 1.7999999523162842 35.17065644264221
endloop
endfacet
facet normal 0.3675115469341046 0.0 -0.9300189583390768
outer loop
vertex -83.20352478027345 5.800000190734863 35.226879835128784
vertex -83.0483123779297 5.800000190734863 35.288214445114136
vertex -83.20352478027345 1.7999999523162842 35.226879835128784
endloop
endfacet
facet normal 0.3977445455464238 0.0 -0.917496199713148
outer loop
vertex -83.0483123779297 5.800000190734863 35.288214445114136
vertex -82.89519042968752 5.800000190734863 35.354594469070435
vertex -83.0483123779297 1.7999999523162842 35.288214445114136
endloop
endfacet
facet normal 0.4275621270287775 0.0 -0.9039859664456233
outer loop
vertex -82.89519042968752 5.800000190734863 35.354594469070435
vertex -82.74432678222658 5.800000190734863 35.42594909667969
vertex -82.89519042968752 1.7999999523162842 35.354594469070435
endloop
endfacet
facet normal 0.45689933745812983 0.0 -0.8895184064595414
outer loop
vertex -82.74432678222658 5.800000190734863 35.42594909667969
vertex -82.59587402343752 5.800000190734863 35.502201557159424
vertex -82.74432678222658 1.7999999523162842 35.42594909667969
endloop
endfacet
facet normal 0.4857705313500787 0.0 -0.8740863749492165
outer loop
vertex -82.59587402343752 5.800000190734863 35.502201557159424
vertex -82.45000000000002 5.800000190734863 35.58327054977417
vertex -82.59587402343752 1.7999999523162842 35.502201557159424
endloop
endfacet
facet normal 0.5141108151366864 0.0 -0.8577237724113118
outer loop
vertex -82.45000000000002 5.800000190734863 35.58327054977417
vertex -82.3068572998047 5.800000190734863 35.669068813323975
vertex -82.45000000000002 1.7999999523162842 35.58327054977417
endloop
endfacet
facet normal 0.5418804283666923 0.0 -0.8404555915413556
outer loop
vertex -82.3068572998047 5.800000190734863 35.669068813323975
vertex -82.16659088134767 5.800000190734863 35.75950503349304
vertex -82.3068572998047 1.7999999523162842 35.669068813323975
endloop
endfacet
facet normal 0.5690948291251893 0.0 -0.8222718987433364
outer loop
vertex -82.16659088134767 5.800000190734863 35.75950503349304
vertex -82.02936096191408 5.800000190734863 35.8544819355011
vertex -82.16659088134767 1.7999999523162842 35.75950503349304
endloop
endfacet
facet normal 0.5957169357556267 0.0 -0.8031944549447081
outer loop
vertex -82.02936096191408 5.800000190734863 35.8544819355011
vertex -81.89532012939455 5.800000190734863 35.95389795303345
vertex -82.02936096191408 1.7999999523162842 35.8544819355011
endloop
endfacet
facet normal 0.6216398012210476 0.0 -0.7833032347296011
outer loop
vertex -81.89532012939455 5.800000190734863 35.95389795303345
vertex -81.76459045410158 5.800000190734863 36.05764675140381
vertex -81.89532012939455 1.7999999523162842 35.95389795303345
endloop
endfacet
facet normal 0.6469773475109034 0.0 -0.7625092208017918
outer loop
vertex -81.76459045410158 5.800000190734863 36.05764675140381
vertex -81.63733978271486 5.800000190734863 36.16561698913574
vertex -81.76459045410158 1.7999999523162842 36.05764675140381
endloop
endfacet
facet normal 0.671558643243464 0.0 -0.7409514077758392
outer loop
vertex -81.63733978271486 5.800000190734863 36.16561698913574
vertex -81.51368255615236 5.800000190734863 36.27769327163696
vertex -81.63733978271486 1.7999999523162842 36.16561698913574
endloop
endfacet
facet normal 0.6954347536836696 0.0 -0.7185892452360626
outer loop
vertex -81.51368255615236 5.800000190734863 36.27769327163696
vertex -81.39375610351564 5.800000190734863 36.3937554359436
vertex -81.51368255615236 1.7999999523162842 36.27769327163696
endloop
endfacet
facet normal 0.718569531607036 0.0 -0.6954551231000065
outer loop
vertex -81.39375610351564 5.800000190734863 36.3937554359436
vertex -81.27769012451174 5.800000190734863 36.51367902755737
vertex -81.39375610351564 1.7999999523162842 36.3937554359436
endloop
endfacet
facet normal 0.7409528294966268 0.0 -0.6715570746116392
outer loop
vertex -81.27769012451174 5.800000190734863 36.51367902755737
vertex -81.16561431884767 5.800000190734863 36.63733625411987
vertex -81.27769012451174 1.7999999523162842 36.51367902755737
endloop
endfacet
facet normal 0.7625243409722735 0.0 -0.6469595268830962
outer loop
vertex -81.16561431884767 5.800000190734863 36.63733625411987
vertex -81.05764312744142 5.800000190734863 36.764594078063965
vertex -81.16561431884767 1.7999999523162842 36.63733625411987
endloop
endfacet
facet normal 0.7832991941457351 0.0 -0.6216448925637866
outer loop
vertex -81.05764312744142 5.800000190734863 36.764594078063965
vertex -80.95389862060549 5.800000190734863 36.89531660079956
vertex -81.05764312744142 1.7999999523162842 36.764594078063965
endloop
endfacet
facet normal -0.41271269641159924 0.0 0.9108612573936093
outer loop
vertex -83.98588867187502 5.800000190734863 37.551719188690186
vertex -83.98588867187502 1.7999999523162842 37.551719188690186
vertex -83.82793731689455 5.800000190734863 37.623287200927734
endloop
endfacet
facet normal -0.4713882597536097 0.0 0.8819257953855661
outer loop
vertex -83.82793731689455 5.800000190734863 37.623287200927734
vertex -83.82793731689455 1.7999999523162842 37.623287200927734
vertex -83.67499847412111 5.800000190734863 37.70503282546997
endloop
endfacet
facet normal -0.5280637289825028 0.0 0.8492047445304896
outer loop
vertex -83.67499847412111 5.800000190734863 37.70503282546997
vertex -83.67499847412111 1.7999999523162842 37.70503282546997
vertex -83.52773590087892 5.800000190734863 37.796605587005615
endloop
endfacet
facet normal -0.582486845705334 0.0 0.8128401285494278
outer loop
vertex -83.52773590087892 5.800000190734863 37.796605587005615
vertex -83.52773590087892 1.7999999523162842 37.796605587005615
vertex -83.38678283691408 5.800000190734863 37.897613525390625
endloop
endfacet
facet normal -0.6343945630233877 0.0 0.7730094038278997
outer loop
vertex -83.38678283691408 5.800000190734863 37.897613525390625
vertex -83.38678283691408 1.7999999523162842 37.897613525390625
vertex -83.25273437500002 5.800000190734863 38.00762462615967
endloop
endfacet
facet normal -0.6835985941700738 0.0 0.7298581794079576
outer loop
vertex -83.25273437500002 5.800000190734863 38.00762462615967
vertex -83.25273437500002 1.7999999523162842 38.00762462615967
vertex -83.12617034912111 5.800000190734863 38.12616682052612
endloop
endfacet
facet normal -0.7298562857660357 0.0 0.6836006159504299
outer loop
vertex -83.12617034912111 5.800000190734863 38.12616682052612
vertex -83.12617034912111 1.7999999523162842 38.12616682052612
vertex -83.00762481689455 5.800000190734863 38.25273370742798
endloop
endfacet
facet normal 0.8032001172602802 0.0 -0.5957093012813148
outer loop
vertex -80.95389862060549 5.800000190734863 36.89531660079956
vertex -80.85447998046877 5.800000190734863 37.02936363220215
vertex -80.95389862060549 1.7999999523162842 36.89531660079956
endloop
endfacet
facet normal 0.8222641861831504 0.0 -0.569105972662879
outer loop
vertex -80.85447998046877 5.800000190734863 37.02936363220215
vertex -80.75950164794924 5.800000190734863 37.16659164428711
vertex -80.85447998046877 1.7999999523162842 37.02936363220215
endloop
endfacet
facet normal 0.8404617039023261 0.0 -0.5418709479881705
outer loop
vertex -80.75950164794924 5.800000190734863 37.16659164428711
vertex -80.66907043457033 5.800000190734863 37.30685377120972
vertex -80.75950164794924 1.7999999523162842 37.16659164428711
endloop
endfacet
facet normal 0.857724019012663 0.0 -0.5141104037157437
outer loop
vertex -80.66907043457033 5.800000190734863 37.30685377120972
vertex -80.58327026367189 5.800000190734863 37.44999980926514
vertex -80.66907043457033 1.7999999523162842 37.30685377120972
endloop
endfacet
facet normal 0.8740879939047496 0.0 -0.48576761822045167
outer loop
vertex -80.58327026367189 5.800000190734863 37.44999980926514
vertex -80.50220031738283 5.800000190734863 37.595876693725586
vertex -80.58327026367189 1.7999999523162842 37.44999980926514
endloop
endfacet
facet normal 0.889526471602067 0.0 -0.4568836354250136
outer loop
vertex -80.50220031738283 5.800000190734863 37.595876693725586
vertex -80.42595214843752 5.800000190734863 37.744327545166016
vertex -80.50220031738283 1.7999999523162842 37.595876693725586
endloop
endfacet
facet normal 0.9072209880891292 0.0 -0.42065434595470913
outer loop
vertex -80.42595214843752 5.800000190734863 37.744327545166016
vertex -80.33436126708986 5.800000190734863 37.94186067581177
vertex -80.42595214843752 1.7999999523162842 37.744327545166016
endloop
endfacet
facet normal -0.9415487330432349 0.0 -0.3368768073119301
outer loop
vertex -89.77312011718752 5.800000190734863 38.203524589538574
vertex -89.8293411254883 1.7999999523162842 38.36065864562988
vertex -89.8293411254883 5.800000190734863 38.36065864562988
endloop
endfacet
facet normal -0.9520558774353771 0.0 -0.3059241838115352
outer loop
vertex -89.8293411254883 5.800000190734863 38.36065864562988
vertex -89.88039703369142 1.7999999523162842 38.51954793930054
vertex -89.88039703369142 5.800000190734863 38.51954793930054
endloop
endfacet
facet normal -0.9615679256788962 0.0 -0.2745671580972223
outer loop
vertex -89.88039703369142 5.800000190734863 38.51954793930054
vertex -89.92621917724611 1.7999999523162842 38.68002271652222
vertex -89.92621917724611 5.800000190734863 38.68002271652222
endloop
endfacet
facet normal -0.9700321454484784 0.0 -0.2429766177981367
outer loop
vertex -89.92621917724611 5.800000190734863 38.68002271652222
vertex -89.9667694091797 1.7999999523162842 38.84191083908081
vertex -89.9667694091797 5.800000190734863 38.84191083908081
endloop
endfacet
facet normal -0.9774617380200286 0.0 -0.21111264932936924
outer loop
vertex -89.9667694091797 5.800000190734863 38.84191083908081
vertex -90.00200195312502 1.7999999523162842 39.00503921508789
vertex -90.00200195312502 5.800000190734863 39.00503921508789
endloop
endfacet
facet normal -0.9838453975936068 0.0 -0.17902020454093345
outer loop
vertex -90.00200195312502 5.800000190734863 39.00503921508789
vertex -90.03187866210939 1.7999999523162842 39.169233322143555
vertex -90.03187866210939 5.800000190734863 39.169233322143555
endloop
endfacet
facet normal -0.9891742340633045 0.0 -0.1467458165171151
outer loop
vertex -90.03187866210939 5.800000190734863 39.169233322143555
vertex -90.0563690185547 1.7999999523162842 39.33431625366211
vertex -90.0563690185547 5.800000190734863 39.33431625366211
endloop
endfacet
facet normal -0.9934476701367521 0.0 -0.11428791143362117
outer loop
vertex -90.0563690185547 5.800000190734863 39.33431625366211
vertex -90.07544250488283 1.7999999523162842 39.500112533569336
vertex -90.07544250488283 5.800000190734863 39.500112533569336
endloop
endfacet
facet normal 0.7729959193135231 0.0 0.6344109935401823
outer loop
vertex -87.1023895263672 5.800000190734863 38.38678216934204
vertex -87.1023895263672 1.7999999523162842 38.38678216934204
vertex -86.99237365722658 5.800000190734863 38.25273370742798
endloop
endfacet
facet normal 0.8128541017430736 0.0 0.5824673461057375
outer loop
vertex -87.1023895263672 5.800000190734863 38.38678216934204
vertex -87.20339508056642 5.800000190734863 38.52773904800415
vertex -87.20339508056642 1.7999999523162842 38.52773904800415
endloop
endfacet
facet normal 0.849195045666735 0.0 0.5280793258735583
outer loop
vertex -87.20339508056642 5.800000190734863 38.52773904800415
vertex -87.29497070312502 5.800000190734863 38.67500019073486
vertex -87.29497070312502 1.7999999523162842 38.67500019073486
endloop
endfacet
facet normal 0.8819305846508796 0.0 0.4713792993517614
outer loop
vertex -87.29497070312502 5.800000190734863 38.67500019073486
vertex -87.37671203613283 5.800000190734863 38.82793474197388
vertex -87.37671203613283 1.7999999523162842 38.82793474197388
endloop
endfacet
facet normal 0.9108568317237264 0.0 0.41272246377222443
outer loop
vertex -87.37671203613283 5.800000190734863 38.82793474197388
vertex -87.44828338623049 5.800000190734863 38.985888957977295
vertex -87.44828338623049 1.7999999523162842 38.985888957977295
endloop
endfacet
facet normal 0.9359117583352091 0.0 0.35223455340141896
outer loop
vertex -87.44828338623049 5.800000190734863 38.985888957977295
vertex -87.50936431884767 5.800000190734863 39.14818525314331
vertex -87.50936431884767 1.7999999523162842 39.14818525314331
endloop
endfacet
facet normal 0.956940090816109 0.0 0.2902854846334157
outer loop
vertex -87.50936431884767 5.800000190734863 39.14818525314331
vertex -87.55970306396486 5.800000190734863 39.31412935256958
vertex -87.55970306396486 1.7999999523162842 39.31412935256958
endloop
endfacet
facet normal 0.973879935519772 0.0 0.2270635840288017
outer loop
vertex -87.55970306396486 5.800000190734863 39.31412935256958
vertex -87.59907836914064 5.800000190734863 39.48301076889038
vertex -87.59907836914064 1.7999999523162842 39.48301076889038
endloop
endfacet
facet normal -0.996653790427956 0.0 -0.08173874250065352
outer loop
vertex -90.07544250488283 5.800000190734863 39.500112533569336
vertex -90.0890838623047 1.7999999523162842 39.666443824768066
vertex -90.0890838623047 5.800000190734863 39.666443824768066
endloop
endfacet
facet normal -0.9987962081915822 0.0 -0.049052364898313036
outer loop
vertex -90.0890838623047 5.800000190734863 39.666443824768066
vertex -90.09727020263674 1.7999999523162842 39.83313274383545
vertex -90.09727020263674 5.800000190734863 39.83313274383545
endloop
endfacet
facet normal -0.9998660672767993 0.0 -0.01636604742835039
outer loop
vertex -90.09727020263674 5.800000190734863 39.83313274383545
vertex -90.10000152587892 1.7999999523162842 40.0
vertex -90.10000152587892 5.800000190734863 40.0
endloop
endfacet
facet normal -0.9998660672767993 0.0 0.01636604742835039
outer loop
vertex -90.10000152587892 5.800000190734863 40.0
vertex -90.09727020263674 1.7999999523162842 40.16686725616455
vertex -90.09727020263674 5.800000190734863 40.16686725616455
endloop
endfacet
facet normal -0.9987962081915822 0.0 0.049052364898313036
outer loop
vertex -90.09727020263674 5.800000190734863 40.16686725616455
vertex -90.0890838623047 1.7999999523162842 40.333556175231934
vertex -90.0890838623047 5.800000190734863 40.333556175231934
endloop
endfacet
facet normal -0.996653790427956 0.0 0.08173874250065352
outer loop
vertex -90.0890838623047 5.800000190734863 40.333556175231934
vertex -90.07544250488283 1.7999999523162842 40.499887466430664
vertex -90.07544250488283 5.800000190734863 40.499887466430664
endloop
endfacet
facet normal -0.9934476701367521 0.0 0.11428791143362117
outer loop
vertex -90.07544250488283 5.800000190734863 40.499887466430664
vertex -90.0563690185547 1.7999999523162842 40.66568374633789
vertex -90.0563690185547 5.800000190734863 40.66568374633789
endloop
endfacet
facet normal -0.9891742340633045 0.0 0.1467458165171151
outer loop
vertex -90.0563690185547 5.800000190734863 40.66568374633789
vertex -90.03187866210939 1.7999999523162842 40.830766677856445
vertex -90.03187866210939 5.800000190734863 40.830766677856445
endloop
endfacet
facet normal 0.9866398409739957 0.0 0.16291661733171492
outer loop
vertex -87.59907836914064 5.800000190734863 39.48301076889038
vertex -87.62733001708986 5.800000190734863 39.65410566329956
vertex -87.62733001708986 1.7999999523162842 39.65410566329956
endloop
endfacet
facet normal 0.9951841397033623 0.0 0.09802309974122718
outer loop
vertex -87.62733001708986 5.800000190734863 39.65410566329956
vertex -87.64432830810549 5.800000190734863 39.82668161392212
vertex -87.64432830810549 1.7999999523162842 39.82668161392212
endloop
endfacet
facet normal 0.9994655707143123 0.0 0.03268903419671709
outer loop
vertex -87.64432830810549 5.800000190734863 39.82668161392212
vertex -87.6499969482422 5.800000190734863 40.0
vertex -87.6499969482422 1.7999999523162842 40.0
endloop
endfacet
facet normal 0.9994655677759912 0.0 -0.0326891240356146
outer loop
vertex -87.6499969482422 5.800000190734863 40.0
vertex -87.64432830810549 5.800000190734863 40.17331790924072
vertex -87.64432830810549 1.7999999523162842 40.17331790924072
endloop
endfacet
facet normal 0.9951841925450352 0.0 -0.09802256326217235
outer loop
vertex -87.64432830810549 5.800000190734863 40.17331790924072
vertex -87.62733001708986 5.800000190734863 40.3458948135376
vertex -87.62733001708986 1.7999999523162842 40.3458948135376
endloop
endfacet
facet normal 0.9866398409739957 0.0 -0.16291661733171492
outer loop
vertex -87.62733001708986 5.800000190734863 40.3458948135376
vertex -87.59907836914064 5.800000190734863 40.51698970794678
vertex -87.59907836914064 1.7999999523162842 40.51698970794678
endloop
endfacet
facet normal 0.9738796519746966 0.0 -0.22706480015547015
outer loop
vertex -87.59907836914064 5.800000190734863 40.51698970794678
vertex -87.55970306396486 5.800000190734863 40.68587017059326
vertex -87.55970306396486 1.7999999523162842 40.68587017059326
endloop
endfacet
facet normal 0.956940090816109 0.0 -0.2902854846334157
outer loop
vertex -87.55970306396486 5.800000190734863 40.68587017059326
vertex -87.50936431884767 5.800000190734863 40.85181427001953
vertex -87.50936431884767 1.7999999523162842 40.85181427001953
endloop
endfacet
facet normal 0.7298782366868469 0.0 0.6835771789716937
outer loop
vertex -86.87383575439455 5.800000190734863 38.12616682052612
vertex -86.99237365722658 5.800000190734863 38.25273370742798
vertex -86.99237365722658 1.7999999523162842 38.25273370742798
endloop
endfacet
facet normal -0.9838453975936068 0.0 0.17902020454093345
outer loop
vertex -90.03187866210939 5.800000190734863 40.830766677856445
vertex -90.00200195312502 1.7999999523162842 40.99496078491211
vertex -90.00200195312502 5.800000190734863 40.99496078491211
endloop
endfacet
facet normal -0.9774616106783189 0.0 0.21111323892675804
outer loop
vertex -90.00200195312502 5.800000190734863 40.99496078491211
vertex -89.9667694091797 1.7999999523162842 41.15808868408203
vertex -89.9667694091797 5.800000190734863 41.15808868408203
endloop
endfacet
facet normal -0.9700321454484784 0.0 0.2429766177981367
outer loop
vertex -89.9667694091797 5.800000190734863 41.15808868408203
vertex -89.92621917724611 1.7999999523162842 41.319976806640625
vertex -89.92621917724611 5.800000190734863 41.319976806640625
endloop
endfacet
facet normal -0.9615679256788962 0.0 0.2745671580972223
outer loop
vertex -89.92621917724611 5.800000190734863 41.319976806640625
vertex -89.88039703369142 1.7999999523162842 41.480451583862305
vertex -89.88039703369142 5.800000190734863 41.480451583862305
endloop
endfacet
facet normal -0.952056144836818 0.0 0.3059233516396805
outer loop
vertex -89.88039703369142 5.800000190734863 41.480451583862305
vertex -89.8293411254883 1.7999999523162842 41.63934135437012
vertex -89.8293411254883 5.800000190734863 41.63934135437012
endloop
endfacet
facet normal -0.9415487330432349 0.0 0.3368768073119301
outer loop
vertex -89.8293411254883 5.800000190734863 41.63934135437012
vertex -89.77312011718752 1.7999999523162842 41.796475410461426
vertex -89.77312011718752 5.800000190734863 41.796475410461426
endloop
endfacet
facet normal -0.9300213209793818 0.0 0.36750556801736406
outer loop
vertex -89.77312011718752 5.800000190734863 41.796475410461426
vertex -89.7117874145508 1.7999999523162842 41.95168590545654
vertex -89.7117874145508 5.800000190734863 41.95168590545654
endloop
endfacet
facet normal -0.9174870927550944 0.0 0.3977655523393204
outer loop
vertex -89.7117874145508 5.800000190734863 41.95168590545654
vertex -89.64540405273439 1.7999999523162842 42.1048059463501
vertex -89.64540405273439 5.800000190734863 42.1048059463501
endloop
endfacet
facet normal -0.9039995912761701 0.0 0.42753331913725434
outer loop
vertex -89.64540405273439 5.800000190734863 42.1048059463501
vertex -89.57405395507814 1.7999999523162842 42.255672454833984
vertex -89.57405395507814 5.800000190734863 42.255672454833984
endloop
endfacet
facet normal 0.9359124406533927 0.0 -0.3522327404291225
outer loop
vertex -87.50936431884767 5.800000190734863 40.85181427001953
vertex -87.44828338623049 5.800000190734863 41.01411151885986
vertex -87.44828338623049 1.7999999523162842 41.01411151885986
endloop
endfacet
facet normal 0.9108558949418877 0.0 -0.41272453119437036
outer loop
vertex -87.44828338623049 5.800000190734863 41.01411151885986
vertex -87.37671203613283 5.800000190734863 41.172064781188965
vertex -87.37671203613283 1.7999999523162842 41.172064781188965
endloop
endfacet
facet normal 0.8819311956468066 0.0 -0.4713781562026333
outer loop
vertex -87.37671203613283 5.800000190734863 41.172064781188965
vertex -87.29497070312502 5.800000190734863 41.32499980926514
vertex -87.29497070312502 1.7999999523162842 41.32499980926514
endloop
endfacet
facet normal 0.8491958124739423 0.0 -0.5280780927824229
outer loop
vertex -87.29497070312502 5.800000190734863 41.32499980926514
vertex -87.20339508056642 5.800000190734863 41.47226142883301
vertex -87.20339508056642 1.7999999523162842 41.47226142883301
endloop
endfacet
facet normal 0.8128522359112644 0.0 -0.582469949932233
outer loop
vertex -87.20339508056642 5.800000190734863 41.47226142883301
vertex -87.1023895263672 5.800000190734863 41.6132173538208
vertex -87.1023895263672 1.7999999523162842 41.6132173538208
endloop
endfacet
facet normal 0.7729981326838521 0.0 -0.6344082966570327
outer loop
vertex -87.1023895263672 5.800000190734863 41.6132173538208
vertex -86.99237365722658 5.800000190734863 41.74726676940918
vertex -86.99237365722658 1.7999999523162842 41.74726676940918
endloop
endfacet
facet normal -0.8895078918952039 0.0 0.4569198072486574
outer loop
vertex -89.57405395507814 5.800000190734863 42.255672454833984
vertex -89.4977981567383 1.7999999523162842 42.404123306274414
vertex -89.4977981567383 5.800000190734863 42.404123306274414
endloop
endfacet
facet normal -0.8740879939047496 0.0 0.48576761822045167
outer loop
vertex -89.4977981567383 5.800000190734863 42.404123306274414
vertex -89.41672821044924 1.7999999523162842 42.55000019073486
vertex -89.41672821044924 5.800000190734863 42.55000019073486
endloop
endfacet
facet normal -0.8577232638287812 0.0 0.5141116636363187
outer loop
vertex -89.41672821044924 5.800000190734863 42.55000019073486
vertex -89.3309280395508 1.7999999523162842 42.693145751953125
vertex -89.3309280395508 5.800000190734863 42.693145751953125
endloop
endfacet
facet normal -0.8404625428555946 0.0 0.5418696467386854
outer loop
vertex -89.3309280395508 5.800000190734863 42.693145751953125
vertex -89.24049682617189 1.7999999523162842 42.83340835571289
vertex -89.24049682617189 5.800000190734863 42.83340835571289
endloop
endfacet
facet normal -0.8222641861831504 0.0 0.569105972662879
outer loop
vertex -89.24049682617189 5.800000190734863 42.83340835571289
vertex -89.14551849365236 1.7999999523162842 42.97063636779785
vertex -89.14551849365236 5.800000190734863 42.97063636779785
endloop
endfacet
facet normal -0.8031991033327598 0.0 0.5957106683663225
outer loop
vertex -89.14551849365236 5.800000190734863 42.97063636779785
vertex -89.04609985351564 1.7999999523162842 43.10468292236328
vertex -89.04609985351564 5.800000190734863 43.10468292236328
endloop
endfacet
facet normal -0.7833002983022317 0.0 0.6216435012767647
outer loop
vertex -89.04609985351564 5.800000190734863 43.10468292236328
vertex -88.9423553466797 1.7999999523162842 43.235405921936035
vertex -88.9423553466797 5.800000190734863 43.235405921936035
endloop
endfacet
facet normal -0.7625231450720303 0.0 0.6469609364014642
outer loop
vertex -88.9423553466797 5.800000190734863 43.235405921936035
vertex -88.83438415527345 1.7999999523162842 43.36266326904297
vertex -88.83438415527345 5.800000190734863 43.36266326904297
endloop
endfacet
facet normal -0.7409528294966268 0.0 0.6715570746116392
outer loop
vertex -88.83438415527345 5.800000190734863 43.36266326904297
vertex -88.72230834960939 1.7999999523162842 43.48632049560547
vertex -88.72230834960939 5.800000190734863 43.48632049560547
endloop
endfacet
facet normal -0.7185722953637141 0.0 0.6954522674747154
outer loop
vertex -88.72230834960939 5.800000190734863 43.48632049560547
vertex -88.60624237060549 1.7999999523162842 43.606245040893555
vertex -88.60624237060549 5.800000190734863 43.606245040893555
endloop
endfacet
facet normal 0.7298756668347521 0.0 -0.6835799228784631
outer loop
vertex -86.99237365722658 5.800000190734863 41.74726676940918
vertex -86.87383575439455 5.800000190734863 41.87383270263672
vertex -86.87383575439455 1.7999999523162842 41.87383270263672
endloop
endfacet
facet normal 0.6835781082046307 0.0 -0.729877366400259
outer loop
vertex -86.87383575439455 5.800000190734863 41.87383270263672
vertex -86.74726409912111 5.800000190734863 41.99237537384033
vertex -86.74726409912111 1.7999999523162842 41.99237537384033
endloop
endfacet
facet normal 0.6343945630233877 0.0 -0.7730094038278997
outer loop
vertex -86.74726409912111 5.800000190734863 41.99237537384033
vertex -86.61321563720705 5.800000190734863 42.102386474609375
vertex -86.61321563720705 1.7999999523162842 42.102386474609375
endloop
endfacet
facet normal 0.5824886625171027 0.0 -0.8128388266065032
outer loop
vertex -86.61321563720705 5.800000190734863 42.102386474609375
vertex -86.4722625732422 5.800000190734863 42.20339488983154
vertex -86.4722625732422 1.7999999523162842 42.20339488983154
endloop
endfacet
facet normal 0.5280637289825028 0.0 -0.8492047445304896
outer loop
vertex -86.4722625732422 5.800000190734863 42.20339488983154
vertex -86.32500000000002 5.800000190734863 42.29496765136719
vertex -86.32500000000002 1.7999999523162842 42.29496765136719
endloop
endfacet
facet normal 0.4714044116891484 0.0 -0.8819171620055979
outer loop
vertex -86.32500000000002 5.800000190734863 42.29496765136719
vertex -86.17206878662111 5.800000190734863 42.376712799072266
vertex -86.17206878662111 1.7999999523162842 42.376712799072266
endloop
endfacet
facet normal 0.412693876274207 0.0 -0.9108697845936977
outer loop
vertex -86.17206878662111 5.800000190734863 42.376712799072266
vertex -86.01410980224611 5.800000190734863 42.448280334472656
vertex -86.01410980224611 1.7999999523162842 42.448280334472656
endloop
endfacet
facet normal 0.3522610743915423 0.0 -0.9359017766136125
outer loop
vertex -86.01410980224611 5.800000190734863 42.448280334472656
vertex -85.85181732177736 5.800000190734863 42.50936508178711
vertex -85.85181732177736 1.7999999523162842 42.50936508178711
endloop
endfacet
facet normal 0.29028090165507203 0.0 -0.9569414810396288
outer loop
vertex -85.85181732177736 5.800000190734863 42.50936508178711
vertex -85.68587036132814 5.800000190734863 42.5597038269043
vertex -85.68587036132814 1.7999999523162842 42.5597038269043
endloop
endfacet
facet normal 0.2270703674618132 0.0 -0.9738783539132374
outer loop
vertex -85.68587036132814 5.800000190734863 42.5597038269043
vertex -85.51698608398439 5.800000190734863 42.59908103942871
vertex -85.51698608398439 1.7999999523162842 42.59908103942871
endloop
endfacet
facet normal 0.16290050658985683 0.0 -0.9866425010877892
outer loop
vertex -85.51698608398439 5.800000190734863 42.59908103942871
vertex -85.34589691162111 5.800000190734863 42.627328872680664
vertex -85.34589691162111 1.7999999523162842 42.627328872680664
endloop
endfacet
facet normal 0.0980171166284471 0.0 -0.9951847290065526
outer loop
vertex -85.34589691162111 5.800000190734863 42.627328872680664
vertex -85.17332000732424 5.800000190734863 42.64432621002197
vertex -85.17332000732424 1.7999999523162842 42.64432621002197
endloop
endfacet
facet normal 0.032716772025953564 0.0 -0.999464663121314
outer loop
vertex -85.17332000732424 5.800000190734863 42.64432621002197
vertex -85.00000305175783 5.800000190734863 42.64999961853027
vertex -85.00000305175783 1.7999999523162842 42.64999961853027
endloop
endfacet
facet normal -0.03271533344180343 -0.0 -0.9994647102113168
outer loop
vertex -85.00000305175783 5.800000190734863 42.64999961853027
vertex -84.82667846679689 5.800000190734863 42.64432621002197
vertex -84.82667846679689 1.7999999523162842 42.64432621002197
endloop
endfacet
facet normal -0.09802140839066154 -0.0 -0.9951843062956285
outer loop
vertex -84.82667846679689 5.800000190734863 42.64432621002197
vertex -84.65410919189455 5.800000190734863 42.627328872680664
vertex -84.65410919189455 1.7999999523162842 42.627328872680664
endloop
endfacet
facet normal -0.2270703674618132 -0.0 -0.9738783539132374
outer loop
vertex -84.31412811279299 5.800000190734863 42.5597038269043
vertex -84.31412811279299 1.7999999523162842 42.5597038269043
vertex -84.48301239013674 5.800000190734863 42.59908103942871
endloop
endfacet
facet normal -0.29029312323745055 -0.0 -0.9569377736305774
outer loop
vertex -84.31412811279299 5.800000190734863 42.5597038269043
vertex -84.1481887817383 5.800000190734863 42.50936508178711
vertex -84.1481887817383 1.7999999523162842 42.50936508178711
endloop
endfacet
facet normal -0.3522465699751645 -0.0 -0.9359072357561574
outer loop
vertex -84.1481887817383 5.800000190734863 42.50936508178711
vertex -83.98588867187502 5.800000190734863 42.448280334472656
vertex -83.98588867187502 1.7999999523162842 42.448280334472656
endloop
endfacet
facet normal -0.1628934354239541 -0.0 -0.9866436685530303
outer loop
vertex -84.65410919189455 5.800000190734863 42.627328872680664
vertex -84.48301239013674 5.800000190734863 42.59908103942871
vertex -84.48301239013674 1.7999999523162842 42.59908103942871
endloop
endfacet
facet normal -0.7730174945947054 0.0 0.6343847043005724
outer loop
vertex -83.00762481689455 5.800000190734863 38.25273370742798
vertex -83.00762481689455 1.7999999523162842 38.25273370742798
vertex -82.89761657714845 5.800000190734863 38.38678216934204
endloop
endfacet
facet normal -0.8128332712143542 0.0 0.5824964147588996
outer loop
vertex -82.89761657714845 5.800000190734863 38.38678216934204
vertex -82.89761657714845 1.7999999523162842 38.38678216934204
vertex -82.7966033935547 5.800000190734863 38.52773904800415
endloop
endfacet
facet normal -0.8492147750277442 0.0 0.5280475981145806
outer loop
vertex -82.7966033935547 5.800000190734863 38.52773904800415
vertex -82.7966033935547 1.7999999523162842 38.52773904800415
vertex -82.70503540039064 5.800000190734863 38.67500019073486
endloop
endfacet
facet normal -0.8819122939422557 0.0 0.4714135188913322
outer loop
vertex -82.70503540039064 5.800000190734863 38.67500019073486
vertex -82.70503540039064 1.7999999523162842 38.67500019073486
vertex -82.6232864379883 5.800000190734863 38.82793474197388
endloop
endfacet
facet normal -0.9108733705954634 0.0 0.4126859614041405
outer loop
vertex -82.6232864379883 5.800000190734863 38.82793474197388
vertex -82.6232864379883 1.7999999523162842 38.82793474197388
vertex -82.55172271728517 5.800000190734863 38.985888957977295
endloop
endfacet
facet normal -0.9358972539188445 0.0 0.352273090239896
outer loop
vertex -82.55172271728517 5.800000190734863 38.985888957977295
vertex -82.55172271728517 1.7999999523162842 38.985888957977295
vertex -82.49063415527345 5.800000190734863 39.14818525314331
endloop
endfacet
facet normal -0.956940090816109 0.0 0.2902854846334157
outer loop
vertex -82.49063415527345 5.800000190734863 39.14818525314331
vertex -82.49063415527345 1.7999999523162842 39.14818525314331
vertex -82.44029541015627 5.800000190734863 39.31412935256958
endloop
endfacet
facet normal -0.973879935519772 0.0 0.2270635840288017
outer loop
vertex -82.44029541015627 5.800000190734863 39.31412935256958
vertex -82.44029541015627 1.7999999523162842 39.31412935256958
vertex -82.40092010498049 5.800000190734863 39.48301076889038
endloop
endfacet
facet normal -0.9866398409739957 0.0 0.16291661733171492
outer loop
vertex -82.40092010498049 5.800000190734863 39.48301076889038
vertex -82.40092010498049 1.7999999523162842 39.48301076889038
vertex -82.37266845703127 5.800000190734863 39.65410566329956
endloop
endfacet
facet normal -0.9738796519746966 -0.0 -0.22706480015547015
outer loop
vertex -82.40092010498049 5.800000190734863 40.51698970794678
vertex -82.40092010498049 1.7999999523162842 40.51698970794678
vertex -82.44029541015627 5.800000190734863 40.68587017059326
endloop
endfacet
facet normal -0.956940090816109 -0.0 -0.2902854846334157
outer loop
vertex -82.44029541015627 5.800000190734863 40.68587017059326
vertex -82.44029541015627 1.7999999523162842 40.68587017059326
vertex -82.49063415527345 5.800000190734863 40.85181427001953
endloop
endfacet
facet normal -0.9951841397033623 0.0 0.09802309974122718
outer loop
vertex -82.37266845703127 5.800000190734863 39.65410566329956
vertex -82.37266845703127 1.7999999523162842 39.65410566329956
vertex -82.35567016601564 5.800000190734863 39.82668161392212
endloop
endfacet
facet normal -0.9994655707143123 0.0 0.03268903419671709
outer loop
vertex -82.35567016601564 5.800000190734863 39.82668161392212
vertex -82.35567016601564 1.7999999523162842 39.82668161392212
vertex -82.35000152587892 5.800000190734863 40.0
endloop
endfacet
facet normal -0.9994655677759912 -0.0 -0.0326891240356146
outer loop
vertex -82.35000152587892 5.800000190734863 40.0
vertex -82.35000152587892 1.7999999523162842 40.0
vertex -82.35567016601564 5.800000190734863 40.17331790924072
endloop
endfacet
facet normal -0.9951841925450352 -0.0 -0.09802256326217235
outer loop
vertex -82.35567016601564 5.800000190734863 40.17331790924072
vertex -82.35567016601564 1.7999999523162842 40.17331790924072
vertex -82.37266845703127 5.800000190734863 40.3458948135376
endloop
endfacet
facet normal -0.9866398409739957 -0.0 -0.16291661733171492
outer loop
vertex -82.40092010498049 5.800000190734863 40.51698970794678
vertex -82.37266845703127 5.800000190734863 40.3458948135376
vertex -82.37266845703127 1.7999999523162842 40.3458948135376
endloop
endfacet
facet normal -0.9358979363757601 -0.0 -0.352271277125447
outer loop
vertex -82.49063415527345 5.800000190734863 40.85181427001953
vertex -82.49063415527345 1.7999999523162842 40.85181427001953
vertex -82.55172271728517 5.800000190734863 41.01411151885986
endloop
endfacet
facet normal -0.9108724339623138 -0.0 -0.41268802871851057
outer loop
vertex -82.55172271728517 5.800000190734863 41.01411151885986
vertex -82.55172271728517 1.7999999523162842 41.01411151885986
vertex -82.6232864379883 5.800000190734863 41.172064781188965
endloop
endfacet
facet normal -0.8819129050142221 -0.0 -0.4714123757066369
outer loop
vertex -82.6232864379883 5.800000190734863 41.172064781188965
vertex -82.6232864379883 1.7999999523162842 41.172064781188965
vertex -82.70503540039064 5.800000190734863 41.32499980926514
endloop
endfacet
facet normal -0.8128314052441278 -0.0 -0.5824990185818827
outer loop
vertex -82.7966033935547 5.800000190734863 41.47226142883301
vertex -82.7966033935547 1.7999999523162842 41.47226142883301
vertex -82.89761657714845 5.800000190734863 41.6132173538208
endloop
endfacet
facet normal -0.8492155417606254 -0.0 -0.528046365040237
outer loop
vertex -82.7966033935547 5.800000190734863 41.47226142883301
vertex -82.70503540039064 5.800000190734863 41.32499980926514
vertex -82.70503540039064 1.7999999523162842 41.32499980926514
endloop
endfacet
facet normal -0.5280637289825028 -0.0 -0.8492047445304896
outer loop
vertex -83.52773590087892 5.800000190734863 42.20339488983154
vertex -83.52773590087892 1.7999999523162842 42.20339488983154
vertex -83.67499847412111 5.800000190734863 42.29496765136719
endloop
endfacet
facet normal -0.6836000589555464 -0.0 -0.7298568074601851
outer loop
vertex -83.25273437500002 5.800000190734863 41.99237537384033
vertex -83.12617034912111 5.800000190734863 41.87383270263672
vertex -83.12617034912111 1.7999999523162842 41.87383270263672
endloop
endfacet
facet normal -0.6343945630233877 -0.0 -0.7730094038278997
outer loop
vertex -83.25273437500002 5.800000190734863 41.99237537384033
vertex -83.25273437500002 1.7999999523162842 41.99237537384033
vertex -83.38678283691408 5.800000190734863 42.102386474609375
endloop
endfacet
facet normal -0.5824886625171027 -0.0 -0.8128388266065032
outer loop
vertex -83.38678283691408 5.800000190734863 42.102386474609375
vertex -83.38678283691408 1.7999999523162842 42.102386474609375
vertex -83.52773590087892 5.800000190734863 42.20339488983154
endloop
endfacet
facet normal -0.7730197078433714 -0.0 -0.6343820073786369
outer loop
vertex -82.89761657714845 5.800000190734863 41.6132173538208
vertex -82.89761657714845 1.7999999523162842 41.6132173538208
vertex -83.00762481689455 5.800000190734863 41.74726676940918
endloop
endfacet
facet normal -0.729853715815013 -0.0 -0.6836033597862273
outer loop
vertex -83.00762481689455 5.800000190734863 41.74726676940918
vertex -83.00762481689455 1.7999999523162842 41.74726676940918
vertex -83.12617034912111 5.800000190734863 41.87383270263672
endloop
endfacet
facet normal -0.4127104149972697 -0.0 -0.9108622911026569
outer loop
vertex -83.98588867187502 5.800000190734863 42.448280334472656
vertex -83.82793731689455 5.800000190734863 42.376712799072266
vertex -83.82793731689455 1.7999999523162842 42.376712799072266
endloop
endfacet
facet normal -0.4713861210565517 -0.0 -0.8819269385131957
outer loop
vertex -83.82793731689455 5.800000190734863 42.376712799072266
vertex -83.67499847412111 5.800000190734863 42.29496765136719
vertex -83.67499847412111 1.7999999523162842 42.29496765136719
endloop
endfacet
facet normal 0.0 0.9999999999999999 0.0
outer loop
vertex -86.49906463623049 5.800000190734863 35.12558460235596
vertex -87.54999847412111 5.800000190734863 35.58327054977417
vertex -87.69314880371095 5.800000190734863 35.669068813323975
endloop
endfacet
facet normal 0.0 1.0 0.0
outer loop
vertex -86.49906463623049 5.800000190734863 35.12558460235596
vertex -87.40412445068361 5.800000190734863 35.502201557159424
vertex -87.54999847412111 5.800000190734863 35.58327054977417
endloop
endfacet
facet normal -0.0 1.0 -0.0
outer loop
vertex -87.25567169189455 5.800000190734863 35.42594909667969
vertex -87.40412445068361 5.800000190734863 35.502201557159424
vertex -86.49906463623049 5.800000190734863 35.12558460235596
endloop
endfacet
facet normal -8.086463790187548e-06 0.8128308432530369 -0.5824998027391649
outer loop
vertex -86.49906463623049 5.800000190734863 35.12558460235596
vertex -86.15809173583986 5.7338175773620605 35.03322744369507
vertex -86.31997985839845 5.762876033782959 35.0737783908844
endloop
endfacet
facet normal 0.0 1.0 0.0
outer loop
vertex -87.25567169189455 5.800000190734863 35.42594909667969
vertex -86.49906463623049 5.800000190734863 35.12558460235596
vertex -87.10480804443361 5.800000190734863 35.354594469070435
endloop
endfacet
facet normal 0.0 1.0 0.0
outer loop
vertex -87.10480804443361 5.800000190734863 35.354594469070435
vertex -86.63933868408205 5.800000190734863 35.17065644264221
vertex -86.95168609619142 5.800000190734863 35.288214445114136
endloop
endfacet
facet normal 0.0 1.0 0.0
outer loop
vertex -86.95168609619142 5.800000190734863 35.288214445114136
vertex -86.63933868408205 5.800000190734863 35.17065644264221
vertex -86.79647369384767 5.800000190734863 35.226879835128784
endloop
endfacet
facet normal 0.0 1.0 0.0
outer loop
vertex -87.10480804443361 5.800000190734863 35.354594469070435
vertex -86.49906463623049 5.800000190734863 35.12558460235596
vertex -86.63933868408205 5.800000190734863 35.17065644264221
endloop
endfacet
facet normal -7.937639645142938e-05 0.8127062040491708 -0.5826736819175679
outer loop
vertex -86.49906463623049 5.800000190734863 35.12558460235596
vertex -84.00503845214845 5.708767890930176 34.997995138168335
vertex -86.15809173583986 5.7338175773620605 35.03322744369507
endloop
endfacet
facet normal 0.0 0.8491999558531472 -0.5280714298075714
outer loop
vertex -85.1668655395508 5.649528980255127 34.90273070335388
vertex -84.83313293457033 5.649528980255127 34.90273070335388
vertex -85.00000305175783 5.647830963134766 34.90000009536743
endloop
endfacet
facet normal 4.0222992147927316e-07 0.8492026961934027 -0.5280670229977381
outer loop
vertex -85.33355255126955 5.654621124267578 34.910919427871704
vertex -84.50010986328127 5.663101673126221 34.92455792427063
vertex -85.1668655395508 5.649528980255127 34.90273070335388
endloop
endfacet
facet normal -5.573201610973822e-07 0.849210670728636 -0.5280541986579689
outer loop
vertex -85.49988861083986 5.663101673126221 34.92455792427063
vertex -84.33431549072267 5.674962520599365 34.943631172180176
vertex -85.33355255126955 5.654621124267578 34.910919427871704
endloop
endfacet
facet normal 0.0 0.8491990245471864 -0.5280729274523615
outer loop
vertex -85.1668655395508 5.649528980255127 34.90273070335388
vertex -84.66644592285158 5.654621124267578 34.910919427871704
vertex -84.83313293457033 5.649528980255127 34.90273070335388
endloop
endfacet
facet normal -6.699069553300627e-07 0.8492173824808921 -0.5280434047423126
outer loop
vertex -85.1668655395508 5.649528980255127 34.90273070335388
vertex -84.50010986328127 5.663101673126221 34.92455792427063
vertex -84.66644592285158 5.654621124267578 34.910919427871704
endloop
endfacet
facet normal 7.794078784107703e-07 0.8491923598139735 -0.5280836449209232
outer loop
vertex -85.33355255126955 5.654621124267578 34.910919427871704
vertex -84.33431549072267 5.674962520599365 34.943631172180176
vertex -84.50010986328127 5.663101673126221 34.92455792427063
endloop
endfacet
facet normal 2.8309372087790494e-07 0.8491965015494531 -0.5280769846869767
outer loop
vertex -85.66568298339845 5.674962520599365 34.943631172180176
vertex -84.16923065185549 5.690189838409424 34.96811890602112
vertex -85.49988861083986 5.663101673126221 34.92455792427063
endloop
endfacet
facet normal 0.0 0.849204507539523 -0.5280641100989124
outer loop
vertex -85.99496002197267 5.708767890930176 34.997995138168335
vertex -84.00503845214845 5.708767890930176 34.997995138168335
vertex -85.83076782226564 5.690189838409424 34.96811890602112
endloop
endfacet
facet normal 8.150935985174552e-09 0.8492042841734808 -0.5280644693040861
outer loop
vertex -85.66568298339845 5.674962520599365 34.943631172180176
vertex -85.83076782226564 5.690189838409424 34.96811890602112
vertex -84.00503845214845 5.708767890930176 34.997995138168335
endloop
endfacet
facet normal 0.0 0.8150033646534552 -0.5794562240614444
outer loop
vertex -85.99496002197267 5.708767890930176 34.997995138168335
vertex -86.15809173583986 5.7338175773620605 35.03322744369507
vertex -84.00503845214845 5.708767890930176 34.997995138168335
endloop
endfacet
facet normal 0.0001367909275610029 0.8147041498760405 -0.5798768226640899
outer loop
vertex -86.49906463623049 5.800000190734863 35.12558460235596
vertex -83.8419143676758 5.7338175773620605 35.03322744369507
vertex -84.00503845214845 5.708767890930176 34.997995138168335
endloop
endfacet
facet normal -3.6346077777812434e-07 0.849205358321691 -0.5280627419138718
outer loop
vertex -85.49988861083986 5.663101673126221 34.92455792427063
vertex -84.16923065185549 5.690189838409424 34.96811890602112
vertex -84.33431549072267 5.674962520599365 34.943631172180176
endloop
endfacet
facet normal -9.94437313214148e-09 0.8492045320472498 -0.5280640706868922
outer loop
vertex -85.66568298339845 5.674962520599365 34.943631172180176
vertex -84.00503845214845 5.708767890930176 34.997995138168335
vertex -84.16923065185549 5.690189838409424 34.96811890602112
endloop
endfacet
facet normal 7.412659475102091e-08 0.8128459882855276 -0.5824786685605907
outer loop
vertex -86.49906463623049 5.800000190734863 35.12558460235596
vertex -83.6800262451172 5.762876033782959 35.0737783908844
vertex -83.8419143676758 5.7338175773620605 35.03322744369507
endloop
endfacet
facet normal 1.1730661361278403e-07 0.8128471007564688 -0.5824771161099717
outer loop
vertex -86.49906463623049 5.800000190734863 35.12558460235596
vertex -83.51954956054689 5.795714378356934 35.11960434913635
vertex -83.6800262451172 5.762876033782959 35.0737783908844
endloop
endfacet
facet normal 0.0 0.812819429055835 -0.5825157300445597
outer loop
vertex -86.49906463623049 5.800000190734863 35.12558460235596
vertex -83.50093383789064 5.800000190734863 35.12558460235596
vertex -83.51954956054689 5.795714378356934 35.11960434913635
endloop
endfacet
facet normal -0.0 1.0 0.0
outer loop
vertex -86.49906463623049 5.800000190734863 35.12558460235596
vertex -83.36065979003908 5.800000190734863 35.17065644264221
vertex -83.50093383789064 5.800000190734863 35.12558460235596
endloop
endfacet
facet normal 0.0 1.0 0.0
outer loop
vertex -86.49906463623049 5.800000190734863 35.12558460235596
vertex -88.4863235473633 5.800000190734863 36.27769327163696
vertex -88.60624237060549 5.800000190734863 36.3937554359436
endloop
endfacet
facet normal 0.0 1.0 0.0
outer loop
vertex -86.49906463623049 5.800000190734863 35.12558460235596
vertex -88.72230834960939 5.800000190734863 36.51367902755737
vertex -88.83438415527345 5.800000190734863 36.63733625411987
endloop
endfacet
facet normal 0.0 1.0 0.0
outer loop
vertex -86.49906463623049 5.800000190734863 35.12558460235596
vertex -88.60624237060549 5.800000190734863 36.3937554359436
vertex -88.72230834960939 5.800000190734863 36.51367902755737
endloop
endfacet
facet normal 0.0 1.0 0.0
outer loop
vertex -86.49906463623049 5.800000190734863 35.12558460235596
vertex -87.83340759277345 5.800000190734863 35.75950503349304
vertex -87.97063751220705 5.800000190734863 35.8544819355011
endloop
endfacet
facet normal 0.0 1.0 0.0
outer loop
vertex -86.49906463623049 5.800000190734863 35.12558460235596
vertex -87.97063751220705 5.800000190734863 35.8544819355011
vertex -88.10468597412111 5.800000190734863 35.95389795303345
endloop
endfacet
facet normal 0.0 1.0 0.0
outer loop
vertex -86.49906463623049 5.800000190734863 35.12558460235596
vertex -88.10468597412111 5.800000190734863 35.95389795303345
vertex -88.23540802001955 5.800000190734863 36.05764675140381
endloop
endfacet
facet normal 0.0 1.0 0.0
outer loop
vertex -86.49906463623049 5.800000190734863 35.12558460235596
vertex -88.23540802001955 5.800000190734863 36.05764675140381
vertex -88.3626663208008 5.800000190734863 36.16561698913574
endloop
endfacet
facet normal 0.0 1.0 0.0
outer loop
vertex -86.49906463623049 5.800000190734863 35.12558460235596
vertex -87.69314880371095 5.800000190734863 35.669068813323975
vertex -87.83340759277345 5.800000190734863 35.75950503349304
endloop
endfacet
facet normal 0.0 1.0 0.0
outer loop
vertex -86.49906463623049 5.800000190734863 35.12558460235596
vertex -88.3626663208008 5.800000190734863 36.16561698913574
vertex -88.4863235473633 5.800000190734863 36.27769327163696
endloop
endfacet
facet normal 0.0 1.0 0.0
outer loop
vertex -86.49906463623049 5.800000190734863 35.12558460235596
vertex -89.04609985351564 5.800000190734863 36.89531660079956
vertex -89.14551849365236 5.800000190734863 37.02936363220215
endloop
endfacet
facet normal 0.0 1.0 0.0
outer loop
vertex -86.49906463623049 5.800000190734863 35.12558460235596
vertex -89.14551849365236 5.800000190734863 37.02936363220215
vertex -89.24049682617189 5.800000190734863 37.16659164428711
endloop
endfacet
facet normal 0.0 1.0 0.0
outer loop
vertex -86.49906463623049 5.800000190734863 35.12558460235596
vertex -88.83438415527345 5.800000190734863 36.63733625411987
vertex -88.9423553466797 5.800000190734863 36.764594078063965
endloop
endfacet
facet normal 0.0 1.0 0.0
outer loop
vertex -86.49906463623049 5.800000190734863 35.12558460235596
vertex -88.9423553466797 5.800000190734863 36.764594078063965
vertex -89.04609985351564 5.800000190734863 36.89531660079956
endloop
endfacet
facet normal 0.0 1.0 0.0
outer loop
vertex -86.49906463623049 5.800000190734863 35.12558460235596
vertex -89.3309280395508 5.800000190734863 37.30685377120972
vertex -89.41672821044924 5.800000190734863 37.44999980926514
endloop
endfacet
facet normal 0.0 1.0 0.0
outer loop
vertex -86.49906463623049 5.800000190734863 35.12558460235596
vertex -89.24049682617189 5.800000190734863 37.16659164428711
vertex -89.3309280395508 5.800000190734863 37.30685377120972
endloop
endfacet
facet normal -0.0 1.0 -0.0
outer loop
vertex -89.41672821044924 5.800000190734863 37.44999980926514
vertex -89.4977981567383 5.800000190734863 37.595876693725586
vertex -83.36065979003908 5.800000190734863 35.17065644264221
endloop
endfacet
facet normal -0.0 1.0 -0.0
outer loop
vertex -89.4977981567383 5.800000190734863 37.595876693725586
vertex -89.57405395507814 5.800000190734863 37.744327545166016
vertex -83.36065979003908 5.800000190734863 35.17065644264221
endloop
endfacet
facet normal -0.0 1.0 -0.0
outer loop
vertex -89.57405395507814 5.800000190734863 37.744327545166016
vertex -89.64540405273439 5.800000190734863 37.8951940536499
vertex -83.20352478027345 5.800000190734863 35.226879835128784
endloop
endfacet
facet normal -0.0 1.0 -0.0
outer loop
vertex -89.64540405273439 5.800000190734863 37.8951940536499
vertex -89.7117874145508 5.800000190734863 38.048314571380615
vertex -82.89519042968752 5.800000190734863 35.354594469070435
endloop
endfacet
facet normal -0.0 1.0 -0.0
outer loop
vertex -89.7117874145508 5.800000190734863 38.048314571380615
vertex -89.77312011718752 5.800000190734863 38.203524589538574
vertex -82.89519042968752 5.800000190734863 35.354594469070435
endloop
endfacet
facet normal 0.0 1.0 0.0
outer loop
vertex -82.59587402343752 5.800000190734863 35.502201557159424
vertex -89.8293411254883 5.800000190734863 38.36065864562988
vertex -89.88039703369142 5.800000190734863 38.51954793930054
endloop
endfacet
facet normal 0.0 1.0 0.0
outer loop
vertex -82.59587402343752 5.800000190734863 35.502201557159424
vertex -89.77312011718752 5.800000190734863 38.203524589538574
vertex -89.8293411254883 5.800000190734863 38.36065864562988
endloop
endfacet
facet normal 0.0 1.0 0.0
outer loop
vertex -82.3068572998047 5.800000190734863 35.669068813323975
vertex -89.88039703369142 5.800000190734863 38.51954793930054
vertex -89.92621917724611 5.800000190734863 38.68002271652222
endloop
endfacet
facet normal 0.0 1.0 0.0
outer loop
vertex -82.3068572998047 5.800000190734863 35.669068813323975
vertex -89.92621917724611 5.800000190734863 38.68002271652222
vertex -89.9667694091797 5.800000190734863 38.84191083908081
endloop
endfacet
facet normal 0.0 1.0 0.0
outer loop
vertex -86.32500000000002 5.800000190734863 37.70503282546997
vertex -86.17206878662111 5.800000190734863 37.623287200927734
vertex -90.03187866210939 5.800000190734863 39.169233322143555
endloop
endfacet
facet normal 0.0 1.0 0.0
outer loop
vertex -82.02936096191408 5.800000190734863 35.8544819355011
vertex -89.9667694091797 5.800000190734863 38.84191083908081
vertex -90.00200195312502 5.800000190734863 39.00503921508789
endloop
endfacet
facet normal -0.0 1.0 -0.0
outer loop
vertex -85.85181732177736 5.800000190734863 37.49063539505005
vertex -90.00200195312502 5.800000190734863 39.00503921508789
vertex -86.01410980224611 5.800000190734863 37.551719188690186
endloop
endfacet
facet normal 0.0 1.0 0.0
outer loop
vertex -86.17206878662111 5.800000190734863 37.623287200927734
vertex -86.01410980224611 5.800000190734863 37.551719188690186
vertex -90.00200195312502 5.800000190734863 39.00503921508789
endloop
endfacet
facet normal -0.0 0.9999999999999999 -0.0
outer loop
vertex -86.49906463623049 5.800000190734863 35.12558460235596
vertex -89.41672821044924 5.800000190734863 37.44999980926514
vertex -83.36065979003908 5.800000190734863 35.17065644264221
endloop
endfacet
facet normal 0.0 1.0 0.0
outer loop
vertex -89.57405395507814 5.800000190734863 37.744327545166016
vertex -83.20352478027345 5.800000190734863 35.226879835128784
vertex -83.36065979003908 5.800000190734863 35.17065644264221
endloop
endfacet
facet normal 0.0 1.0 0.0
outer loop
vertex -89.64540405273439 5.800000190734863 37.8951940536499
vertex -83.0483123779297 5.800000190734863 35.288214445114136
vertex -83.20352478027345 5.800000190734863 35.226879835128784
endloop
endfacet
facet normal 0.0 1.0 0.0
outer loop
vertex -89.64540405273439 5.800000190734863 37.8951940536499
vertex -82.89519042968752 5.800000190734863 35.354594469070435
vertex -83.0483123779297 5.800000190734863 35.288214445114136
endloop
endfacet
facet normal -0.0 1.0 -0.0
outer loop
vertex -82.89519042968752 5.800000190734863 35.354594469070435
vertex -89.77312011718752 5.800000190734863 38.203524589538574
vertex -82.74432678222658 5.800000190734863 35.42594909667969
endloop
endfacet
facet normal -0.0 0.9999999999999999 -0.0
outer loop
vertex -82.74432678222658 5.800000190734863 35.42594909667969
vertex -89.77312011718752 5.800000190734863 38.203524589538574
vertex -82.59587402343752 5.800000190734863 35.502201557159424
endloop
endfacet
facet normal -0.0 1.0 -0.0
outer loop
vertex -82.59587402343752 5.800000190734863 35.502201557159424
vertex -89.88039703369142 5.800000190734863 38.51954793930054
vertex -82.45000000000002 5.800000190734863 35.58327054977417
endloop
endfacet
facet normal -0.0 1.0 -0.0
outer loop
vertex -82.45000000000002 5.800000190734863 35.58327054977417
vertex -89.88039703369142 5.800000190734863 38.51954793930054
vertex -82.3068572998047 5.800000190734863 35.669068813323975
endloop
endfacet
facet normal -0.0 1.0 -0.0
outer loop
vertex -82.3068572998047 5.800000190734863 35.669068813323975
vertex -89.9667694091797 5.800000190734863 38.84191083908081
vertex -82.16659088134767 5.800000190734863 35.75950503349304
endloop
endfacet
facet normal -0.0 1.0 -0.0
outer loop
vertex -82.16659088134767 5.800000190734863 35.75950503349304
vertex -89.9667694091797 5.800000190734863 38.84191083908081
vertex -82.02936096191408 5.800000190734863 35.8544819355011
endloop
endfacet
facet normal 0.0 1.0 0.0
outer loop
vertex -85.85181732177736 5.800000190734863 37.49063539505005
vertex -81.89532012939455 5.800000190734863 35.95389795303345
vertex -90.00200195312502 5.800000190734863 39.00503921508789
endloop
endfacet
facet normal -0.0 1.0 -0.0
outer loop
vertex -82.02936096191408 5.800000190734863 35.8544819355011
vertex -90.00200195312502 5.800000190734863 39.00503921508789
vertex -81.89532012939455 5.800000190734863 35.95389795303345
endloop
endfacet
facet normal 0.0 1.0 0.0
outer loop
vertex -85.68587036132814 5.800000190734863 37.44029664993286
vertex -85.51698608398439 5.800000190734863 37.40091896057129
vertex -81.89532012939455 5.800000190734863 35.95389795303345
endloop
endfacet
facet normal 0.0 0.9999999999999999 0.0
outer loop
vertex -85.68587036132814 5.800000190734863 37.44029664993286
vertex -81.89532012939455 5.800000190734863 35.95389795303345
vertex -85.85181732177736 5.800000190734863 37.49063539505005
endloop
endfacet
facet normal 0.0 1.0 0.0
outer loop
vertex -85.51698608398439 5.800000190734863 37.40091896057129
vertex -85.34589691162111 5.800000190734863 37.372671127319336
vertex -81.89532012939455 5.800000190734863 35.95389795303345
endloop
endfacet
facet normal 0.0 1.0 0.0
outer loop
vertex -85.17332000732424 5.800000190734863 37.35567378997803
vertex -81.89532012939455 5.800000190734863 35.95389795303345
vertex -85.34589691162111 5.800000190734863 37.372671127319336
endloop
endfacet
facet normal 0.0 0.9999999999999999 0.0
outer loop
vertex -85.17332000732424 5.800000190734863 37.35567378997803
vertex -85.00000305175783 5.800000190734863 37.34999990463257
vertex -81.89532012939455 5.800000190734863 35.95389795303345
endloop
endfacet
facet normal 0.0 1.0 0.0
outer loop
vertex -85.00000305175783 5.800000190734863 37.34999990463257
vertex -81.76459045410158 5.800000190734863 36.05764675140381
vertex -81.89532012939455 5.800000190734863 35.95389795303345
endloop
endfacet
facet normal 0.0 1.0 0.0
outer loop
vertex -84.65410919189455 5.800000190734863 37.372671127319336
vertex -81.63733978271486 5.800000190734863 36.16561698913574
vertex -81.76459045410158 5.800000190734863 36.05764675140381
endloop
endfacet
facet normal 0.0 1.0 0.0
outer loop
vertex -84.48301239013674 5.800000190734863 37.40091896057129
vertex -81.51368255615236 5.800000190734863 36.27769327163696
vertex -81.63733978271486 5.800000190734863 36.16561698913574
endloop
endfacet
facet normal 0.0 1.0 0.0
outer loop
vertex -84.1481887817383 5.800000190734863 37.49063539505005
vertex -81.39375610351564 5.800000190734863 36.3937554359436
vertex -81.51368255615236 5.800000190734863 36.27769327163696
endloop
endfacet
facet normal 0.0 1.0 0.0
outer loop
vertex -83.98588867187502 5.800000190734863 37.551719188690186
vertex -81.27769012451174 5.800000190734863 36.51367902755737
vertex -81.39375610351564 5.800000190734863 36.3937554359436
endloop
endfacet
facet normal -0.0 0.9999999999999999 0.0
outer loop
vertex -85.00000305175783 5.800000190734863 37.34999990463257
vertex -84.82667846679689 5.800000190734863 37.35567378997803
vertex -81.76459045410158 5.800000190734863 36.05764675140381
endloop
endfacet
facet normal -0.0 1.0 0.0
outer loop
vertex -84.82667846679689 5.800000190734863 37.35567378997803
vertex -84.65410919189455 5.800000190734863 37.372671127319336
vertex -81.76459045410158 5.800000190734863 36.05764675140381
endloop
endfacet
facet normal -0.0 1.0 0.0
outer loop
vertex -84.65410919189455 5.800000190734863 37.372671127319336
vertex -84.48301239013674 5.800000190734863 37.40091896057129
vertex -81.63733978271486 5.800000190734863 36.16561698913574
endloop
endfacet
facet normal -0.0 0.9999999999999999 0.0
outer loop
vertex -84.48301239013674 5.800000190734863 37.40091896057129
vertex -84.31412811279299 5.800000190734863 37.44029664993286
vertex -81.51368255615236 5.800000190734863 36.27769327163696
endloop
endfacet
facet normal -0.0 1.0 0.0
outer loop
vertex -84.31412811279299 5.800000190734863 37.44029664993286
vertex -84.1481887817383 5.800000190734863 37.49063539505005
vertex -81.51368255615236 5.800000190734863 36.27769327163696
endloop
endfacet
facet normal -0.0 1.0 0.0
outer loop
vertex -84.1481887817383 5.800000190734863 37.49063539505005
vertex -83.98588867187502 5.800000190734863 37.551719188690186
vertex -81.39375610351564 5.800000190734863 36.3937554359436
endloop
endfacet
facet normal -0.0 1.0 0.0
outer loop
vertex -83.98588867187502 5.800000190734863 37.551719188690186
vertex -83.82793731689455 5.800000190734863 37.623287200927734
vertex -81.27769012451174 5.800000190734863 36.51367902755737
endloop
endfacet
facet normal 0.0 1.0 -0.0
outer loop
vertex -81.27769012451174 5.800000190734863 36.51367902755737
vertex -83.82793731689455 5.800000190734863 37.623287200927734
vertex -83.67499847412111 5.800000190734863 37.70503282546997
endloop
endfacet
facet normal 0.0 1.0 -0.0
outer loop
vertex -81.16561431884767 5.800000190734863 36.63733625411987
vertex -83.67499847412111 5.800000190734863 37.70503282546997
vertex -83.52773590087892 5.800000190734863 37.796605587005615
endloop
endfacet
facet normal 0.0 1.0 -0.0
outer loop
vertex -81.05764312744142 5.800000190734863 36.764594078063965
vertex -83.52773590087892 5.800000190734863 37.796605587005615
vertex -83.38678283691408 5.800000190734863 37.897613525390625
endloop
endfacet
facet normal -0.0 1.0 0.0
outer loop
vertex -83.38678283691408 5.800000190734863 37.897613525390625
vertex -83.25273437500002 5.800000190734863 38.00762462615967
vertex -80.95389862060549 5.800000190734863 36.89531660079956
endloop
endfacet
facet normal -0.0 0.9999999999999999 0.0
outer loop
vertex -83.25273437500002 5.800000190734863 38.00762462615967
vertex -83.12617034912111 5.800000190734863 38.12616682052612
vertex -80.85447998046877 5.800000190734863 37.02936363220215
endloop
endfacet
facet normal -0.0 1.0 -0.0
outer loop
vertex -81.27769012451174 5.800000190734863 36.51367902755737
vertex -83.67499847412111 5.800000190734863 37.70503282546997
vertex -81.16561431884767 5.800000190734863 36.63733625411987
endloop
endfacet
facet normal -0.0 0.9999999999999999 -0.0
outer loop
vertex -81.16561431884767 5.800000190734863 36.63733625411987
vertex -83.52773590087892 5.800000190734863 37.796605587005615
vertex -81.05764312744142 5.800000190734863 36.764594078063965
endloop
endfacet
facet normal -0.0 1.0 -0.0
outer loop
vertex -81.05764312744142 5.800000190734863 36.764594078063965
vertex -83.38678283691408 5.800000190734863 37.897613525390625
vertex -80.95389862060549 5.800000190734863 36.89531660079956
endloop
endfacet
facet normal 0.0 0.9999999999999999 0.0
outer loop
vertex -83.25273437500002 5.800000190734863 38.00762462615967
vertex -80.85447998046877 5.800000190734863 37.02936363220215
vertex -80.95389862060549 5.800000190734863 36.89531660079956
endloop
endfacet
facet normal 0.0 0.9999999999999999 0.0
outer loop
vertex -83.12617034912111 5.800000190734863 38.12616682052612
vertex -80.75950164794924 5.800000190734863 37.16659164428711
vertex -80.85447998046877 5.800000190734863 37.02936363220215
endloop
endfacet
facet normal -0.0 1.0 0.0
outer loop
vertex -83.12617034912111 5.800000190734863 38.12616682052612
vertex -83.00762481689455 5.800000190734863 38.25273370742798
vertex -80.75950164794924 5.800000190734863 37.16659164428711
endloop
endfacet
facet normal 0.0 1.0 -0.0
outer loop
vertex -80.66907043457033 5.800000190734863 37.30685377120972
vertex -83.00762481689455 5.800000190734863 38.25273370742798
vertex -82.89761657714845 5.800000190734863 38.38678216934204
endloop
endfacet
facet normal 0.0 0.9999999999999999 -0.0
outer loop
vertex -80.58327026367189 5.800000190734863 37.44999980926514
vertex -82.89761657714845 5.800000190734863 38.38678216934204
vertex -82.7966033935547 5.800000190734863 38.52773904800415
endloop
endfacet
facet normal -0.0 1.0 -0.0
outer loop
vertex -80.75950164794924 5.800000190734863 37.16659164428711
vertex -83.00762481689455 5.800000190734863 38.25273370742798
vertex -80.66907043457033 5.800000190734863 37.30685377120972
endloop
endfacet
facet normal -0.0 1.0 -0.0
outer loop
vertex -80.66907043457033 5.800000190734863 37.30685377120972
vertex -82.89761657714845 5.800000190734863 38.38678216934204
vertex -80.58327026367189 5.800000190734863 37.44999980926514
endloop
endfacet
facet normal -0.0 0.9999999999999999 -0.0
outer loop
vertex -80.58327026367189 5.800000190734863 37.44999980926514
vertex -82.7966033935547 5.800000190734863 38.52773904800415
vertex -80.50220031738283 5.800000190734863 37.595876693725586
endloop
endfacet
facet normal -0.0 1.0 -0.0
outer loop
vertex -80.50220031738283 5.800000190734863 37.595876693725586
vertex -82.70503540039064 5.800000190734863 38.67500019073486
vertex -80.42595214843752 5.800000190734863 37.744327545166016
endloop
endfacet
facet normal -0.0 1.0 -0.0
outer loop
vertex -80.42595214843752 5.800000190734863 37.744327545166016
vertex -82.6232864379883 5.800000190734863 38.82793474197388
vertex -80.33436126708986 5.800000190734863 37.94186067581177
endloop
endfacet
facet normal 0.0 1.0 0.0
outer loop
vertex -86.17206878662111 5.800000190734863 37.623287200927734
vertex -90.00200195312502 5.800000190734863 39.00503921508789
vertex -90.03187866210939 5.800000190734863 39.169233322143555
endloop
endfacet
facet normal 0.0 1.0 0.0
outer loop
vertex -86.61321563720705 5.800000190734863 37.897613525390625
vertex -90.03187866210939 5.800000190734863 39.169233322143555
vertex -90.0563690185547 5.800000190734863 39.33431625366211
endloop
endfacet
facet normal -0.0 1.0 -0.0
outer loop
vertex -90.0563690185547 5.800000190734863 39.33431625366211
vertex -90.07544250488283 5.800000190734863 39.500112533569336
vertex -86.99237365722658 5.800000190734863 38.25273370742798
endloop
endfacet
facet normal -0.0 1.0 -0.0
outer loop
vertex -90.07544250488283 5.800000190734863 39.500112533569336
vertex -90.0890838623047 5.800000190734863 39.666443824768066
vertex -87.1023895263672 5.800000190734863 38.38678216934204
endloop
endfacet
facet normal 0.0 1.0 0.0
outer loop
vertex -87.20339508056642 5.800000190734863 38.52773904800415
vertex -90.0890838623047 5.800000190734863 39.666443824768066
vertex -90.09727020263674 5.800000190734863 39.83313274383545
endloop
endfacet
facet normal 0.0 1.0 0.0
outer loop
vertex -86.74726409912111 5.800000190734863 38.00762462615967
vertex -86.61321563720705 5.800000190734863 37.897613525390625
vertex -90.0563690185547 5.800000190734863 39.33431625366211
endloop
endfacet
facet normal -0.0 1.0 -0.0
outer loop
vertex -86.74726409912111 5.800000190734863 38.00762462615967
vertex -90.0563690185547 5.800000190734863 39.33431625366211
vertex -86.87383575439455 5.800000190734863 38.12616682052612
endloop
endfacet
facet normal -0.0 1.0 -0.0
outer loop
vertex -86.87383575439455 5.800000190734863 38.12616682052612
vertex -90.0563690185547 5.800000190734863 39.33431625366211
vertex -86.99237365722658 5.800000190734863 38.25273370742798
endloop
endfacet
facet normal 0.0 1.0 0.0
outer loop
vertex -90.07544250488283 5.800000190734863 39.500112533569336
vertex -87.1023895263672 5.800000190734863 38.38678216934204
vertex -86.99237365722658 5.800000190734863 38.25273370742798
endloop
endfacet
facet normal -0.0 1.0 -0.0
outer loop
vertex -87.1023895263672 5.800000190734863 38.38678216934204
vertex -90.0890838623047 5.800000190734863 39.666443824768066
vertex -87.20339508056642 5.800000190734863 38.52773904800415
endloop
endfacet
facet normal 0.0 1.0 0.0
outer loop
vertex -86.4722625732422 5.800000190734863 37.796605587005615
vertex -86.32500000000002 5.800000190734863 37.70503282546997
vertex -90.03187866210939 5.800000190734863 39.169233322143555
endloop
endfacet
facet normal -0.0 1.0 -0.0
outer loop
vertex -86.4722625732422 5.800000190734863 37.796605587005615
vertex -90.03187866210939 5.800000190734863 39.169233322143555
vertex -86.61321563720705 5.800000190734863 37.897613525390625
endloop
endfacet
facet normal -0.0 1.0 -0.0
outer loop
vertex -87.20339508056642 5.800000190734863 38.52773904800415
vertex -90.09727020263674 5.800000190734863 39.83313274383545
vertex -87.29497070312502 5.800000190734863 38.67500019073486
endloop
endfacet
facet normal -0.0 1.0 -0.0
outer loop
vertex -87.29497070312502 5.800000190734863 38.67500019073486
vertex -90.09727020263674 5.800000190734863 39.83313274383545
vertex -87.37671203613283 5.800000190734863 38.82793474197388
endloop
endfacet
facet normal -0.0 1.0 -0.0
outer loop
vertex -87.37671203613283 5.800000190734863 38.82793474197388
vertex -90.10000152587892 5.800000190734863 40.0
vertex -87.44828338623049 5.800000190734863 38.985888957977295
endloop
endfacet
facet normal -0.0 1.0 -0.0
outer loop
vertex -87.50936431884767 5.800000190734863 39.14818525314331
vertex -90.09727020263674 5.800000190734863 40.16686725616455
vertex -87.55970306396486 5.800000190734863 39.31412935256958
endloop
endfacet
facet normal -0.0 1.0 -0.0
outer loop
vertex -87.44828338623049 5.800000190734863 38.985888957977295
vertex -90.09727020263674 5.800000190734863 40.16686725616455
vertex -87.50936431884767 5.800000190734863 39.14818525314331
endloop
endfacet
facet normal 0.0 1.0 0.0
outer loop
vertex -87.37671203613283 5.800000190734863 38.82793474197388
vertex -90.09727020263674 5.800000190734863 39.83313274383545
vertex -90.10000152587892 5.800000190734863 40.0
endloop
endfacet
facet normal 0.0 1.0 -0.0
outer loop
vertex -87.44828338623049 5.800000190734863 38.985888957977295
vertex -90.10000152587892 5.800000190734863 40.0
vertex -90.09727020263674 5.800000190734863 40.16686725616455
endloop
endfacet
facet normal 0.0 1.0 -0.0
outer loop
vertex -87.55970306396486 5.800000190734863 39.31412935256958
vertex -90.09727020263674 5.800000190734863 40.16686725616455
vertex -90.0890838623047 5.800000190734863 40.333556175231934
endloop
endfacet
facet normal 0.0 1.0 -0.0
outer loop
vertex -87.55970306396486 5.800000190734863 39.31412935256958
vertex -90.0890838623047 5.800000190734863 40.333556175231934
vertex -90.07544250488283 5.800000190734863 40.499887466430664
endloop
endfacet
facet normal -0.0 0.9999999999999999 0.0
outer loop
vertex -90.07544250488283 5.800000190734863 40.499887466430664
vertex -90.0563690185547 5.800000190734863 40.66568374633789
vertex -87.62733001708986 5.800000190734863 39.65410566329956
endloop
endfacet
facet normal -0.0 0.9999999999999999 0.0
outer loop
vertex -90.0563690185547 5.800000190734863 40.66568374633789
vertex -90.03187866210939 5.800000190734863 40.830766677856445
vertex -87.64432830810549 5.800000190734863 39.82668161392212
endloop
endfacet
facet normal -0.0 1.0 0.0
outer loop
vertex -90.03187866210939 5.800000190734863 40.830766677856445
vertex -90.00200195312502 5.800000190734863 40.99496078491211
vertex -87.6499969482422 5.800000190734863 40.0
endloop
endfacet
facet normal 0.0 1.0 -0.0
outer loop
vertex -87.64432830810549 5.800000190734863 40.17331790924072
vertex -90.00200195312502 5.800000190734863 40.99496078491211
vertex -89.9667694091797 5.800000190734863 41.15808868408203
endloop
endfacet
facet normal -0.0 1.0 -0.0
outer loop
vertex -87.55970306396486 5.800000190734863 39.31412935256958
vertex -90.07544250488283 5.800000190734863 40.499887466430664
vertex -87.59907836914064 5.800000190734863 39.48301076889038
endloop
endfacet
facet normal -0.0 0.9999999999999999 -0.0
outer loop
vertex -87.59907836914064 5.800000190734863 39.48301076889038
vertex -90.07544250488283 5.800000190734863 40.499887466430664
vertex -87.62733001708986 5.800000190734863 39.65410566329956
endloop
endfacet
facet normal 0.0 1.0 0.0
outer loop
vertex -90.0563690185547 5.800000190734863 40.66568374633789
vertex -87.64432830810549 5.800000190734863 39.82668161392212
vertex -87.62733001708986 5.800000190734863 39.65410566329956
endloop
endfacet
facet normal 0.0 1.0 0.0
outer loop
vertex -90.03187866210939 5.800000190734863 40.830766677856445
vertex -87.6499969482422 5.800000190734863 40.0
vertex -87.64432830810549 5.800000190734863 39.82668161392212
endloop
endfacet
facet normal -0.0 1.0 -0.0
outer loop
vertex -87.6499969482422 5.800000190734863 40.0
vertex -90.00200195312502 5.800000190734863 40.99496078491211
vertex -87.64432830810549 5.800000190734863 40.17331790924072
endloop
endfacet
facet normal -0.0 1.0 -0.0
outer loop
vertex -87.64432830810549 5.800000190734863 40.17331790924072
vertex -89.9667694091797 5.800000190734863 41.15808868408203
vertex -87.62733001708986 5.800000190734863 40.3458948135376
endloop
endfacet
facet normal -0.0 1.0 -0.0
outer loop
vertex -87.62733001708986 5.800000190734863 40.3458948135376
vertex -89.92621917724611 5.800000190734863 41.319976806640625
vertex -87.59907836914064 5.800000190734863 40.51698970794678
endloop
endfacet
facet normal -0.0 1.0 -0.0
outer loop
vertex -87.59907836914064 5.800000190734863 40.51698970794678
vertex -89.88039703369142 5.800000190734863 41.480451583862305
vertex -87.55970306396486 5.800000190734863 40.68587017059326
endloop
endfacet
facet normal 0.0 1.0 -0.0
outer loop
vertex -87.62733001708986 5.800000190734863 40.3458948135376
vertex -89.9667694091797 5.800000190734863 41.15808868408203
vertex -89.92621917724611 5.800000190734863 41.319976806640625
endloop
endfacet
facet normal 0.0 1.0 -0.0
outer loop
vertex -87.59907836914064 5.800000190734863 40.51698970794678
vertex -89.92621917724611 5.800000190734863 41.319976806640625
vertex -89.88039703369142 5.800000190734863 41.480451583862305
endloop
endfacet
facet normal 0.0 1.0 -0.0
outer loop
vertex -87.55970306396486 5.800000190734863 40.68587017059326
vertex -89.88039703369142 5.800000190734863 41.480451583862305
vertex -89.8293411254883 5.800000190734863 41.63934135437012
endloop
endfacet
facet normal 0.0 1.0 -0.0
outer loop
vertex -87.50936431884767 5.800000190734863 40.85181427001953
vertex -89.8293411254883 5.800000190734863 41.63934135437012
vertex -89.77312011718752 5.800000190734863 41.796475410461426
endloop
endfacet
facet normal 0.0 1.0 -0.0
outer loop
vertex -87.50936431884767 5.800000190734863 40.85181427001953
vertex -89.77312011718752 5.800000190734863 41.796475410461426
vertex -89.7117874145508 5.800000190734863 41.95168590545654
endloop
endfacet
facet normal -0.0 1.0 0.0
outer loop
vertex -89.7117874145508 5.800000190734863 41.95168590545654
vertex -89.64540405273439 5.800000190734863 42.1048059463501
vertex -87.44828338623049 5.800000190734863 41.01411151885986
endloop
endfacet
facet normal -0.0 1.0 0.0
outer loop
vertex -89.64540405273439 5.800000190734863 42.1048059463501
vertex -89.57405395507814 5.800000190734863 42.255672454833984
vertex -87.37671203613283 5.800000190734863 41.172064781188965
endloop
endfacet
facet normal 0.0 0.9999999999999999 -0.0
outer loop
vertex -87.37671203613283 5.800000190734863 41.172064781188965
vertex -89.57405395507814 5.800000190734863 42.255672454833984
vertex -89.4977981567383 5.800000190734863 42.404123306274414
endloop
endfacet
facet normal 0.0 1.0 -0.0
outer loop
vertex -87.29497070312502 5.800000190734863 41.32499980926514
vertex -89.4977981567383 5.800000190734863 42.404123306274414
vertex -89.41672821044924 5.800000190734863 42.55000019073486
endloop
endfacet
facet normal 0.0 1.0 -0.0
outer loop
vertex -87.29497070312502 5.800000190734863 41.32499980926514
vertex -89.41672821044924 5.800000190734863 42.55000019073486
vertex -89.3309280395508 5.800000190734863 42.693145751953125
endloop
endfacet
facet normal -0.0 1.0 -0.0
outer loop
vertex -87.55970306396486 5.800000190734863 40.68587017059326
vertex -89.8293411254883 5.800000190734863 41.63934135437012
vertex -87.50936431884767 5.800000190734863 40.85181427001953
endloop
endfacet
facet normal -0.0 1.0 -0.0
outer loop
vertex -87.50936431884767 5.800000190734863 40.85181427001953
vertex -89.7117874145508 5.800000190734863 41.95168590545654
vertex -87.44828338623049 5.800000190734863 41.01411151885986
endloop
endfacet
facet normal 0.0 1.0 0.0
outer loop
vertex -89.64540405273439 5.800000190734863 42.1048059463501
vertex -87.37671203613283 5.800000190734863 41.172064781188965
vertex -87.44828338623049 5.800000190734863 41.01411151885986
endloop
endfacet
facet normal -0.0 0.9999999999999999 -0.0
outer loop
vertex -87.37671203613283 5.800000190734863 41.172064781188965
vertex -89.4977981567383 5.800000190734863 42.404123306274414
vertex -87.29497070312502 5.800000190734863 41.32499980926514
endloop
endfacet
facet normal -0.0 1.0 -0.0
outer loop
vertex -87.29497070312502 5.800000190734863 41.32499980926514
vertex -89.3309280395508 5.800000190734863 42.693145751953125
vertex -87.20339508056642 5.800000190734863 41.47226142883301
endloop
endfacet
facet normal -0.0 1.0 -0.0
outer loop
vertex -87.20339508056642 5.800000190734863 41.47226142883301
vertex -89.24049682617189 5.800000190734863 42.83340835571289
vertex -87.1023895263672 5.800000190734863 41.6132173538208
endloop
endfacet
facet normal -0.0 1.0 -0.0
outer loop
vertex -87.1023895263672 5.800000190734863 41.6132173538208
vertex -89.04609985351564 5.800000190734863 43.10468292236328
vertex -86.99237365722658 5.800000190734863 41.74726676940918
endloop
endfacet
facet normal 0.0 1.0 -0.0
outer loop
vertex -87.20339508056642 5.800000190734863 41.47226142883301
vertex -89.3309280395508 5.800000190734863 42.693145751953125
vertex -89.24049682617189 5.800000190734863 42.83340835571289
endloop
endfacet
facet normal 0.0 1.0 -0.0
outer loop
vertex -87.1023895263672 5.800000190734863 41.6132173538208
vertex -89.24049682617189 5.800000190734863 42.83340835571289
vertex -89.14551849365236 5.800000190734863 42.97063636779785
endloop
endfacet
facet normal 0.0 0.9999999999999999 -0.0
outer loop
vertex -87.1023895263672 5.800000190734863 41.6132173538208
vertex -89.14551849365236 5.800000190734863 42.97063636779785
vertex -89.04609985351564 5.800000190734863 43.10468292236328
endloop
endfacet
facet normal -0.0 0.9999999999999999 0.0
outer loop
vertex -89.04609985351564 5.800000190734863 43.10468292236328
vertex -88.9423553466797 5.800000190734863 43.235405921936035
vertex -86.99237365722658 5.800000190734863 41.74726676940918
endloop
endfacet
facet normal -0.0 1.0 0.0
outer loop
vertex -88.9423553466797 5.800000190734863 43.235405921936035
vertex -88.83438415527345 5.800000190734863 43.36266326904297
vertex -86.87383575439455 5.800000190734863 41.87383270263672
endloop
endfacet
facet normal 0.0 1.0 0.0
outer loop
vertex -88.9423553466797 5.800000190734863 43.235405921936035
vertex -86.87383575439455 5.800000190734863 41.87383270263672
vertex -86.99237365722658 5.800000190734863 41.74726676940918
endloop
endfacet
facet normal 0.0 1.0 0.0
outer loop
vertex -88.83438415527345 5.800000190734863 43.36266326904297
vertex -86.74726409912111 5.800000190734863 41.99237537384033
vertex -86.87383575439455 5.800000190734863 41.87383270263672
endloop
endfacet
facet normal -0.0 1.0 -0.0
outer loop
vertex -86.74726409912111 5.800000190734863 41.99237537384033
vertex -88.60624237060549 5.800000190734863 43.606245040893555
vertex -86.61321563720705 5.800000190734863 42.102386474609375
endloop
endfacet
facet normal -0.0 1.0 -0.0
outer loop
vertex -86.61321563720705 5.800000190734863 42.102386474609375
vertex -88.4863235473633 5.800000190734863 43.722307205200195
vertex -86.4722625732422 5.800000190734863 42.20339488983154
endloop
endfacet
facet normal -0.0 1.0 -0.0
outer loop
vertex -86.4722625732422 5.800000190734863 42.20339488983154
vertex -88.3626663208008 5.800000190734863 43.83438301086426
vertex -86.32500000000002 5.800000190734863 42.29496765136719
endloop
endfacet
facet normal -0.0 1.0 0.0
outer loop
vertex -88.83438415527345 5.800000190734863 43.36266326904297
vertex -88.72230834960939 5.800000190734863 43.48632049560547
vertex -86.74726409912111 5.800000190734863 41.99237537384033
endloop
endfacet
facet normal -0.0 1.0 0.0
outer loop
vertex -88.72230834960939 5.800000190734863 43.48632049560547
vertex -88.60624237060549 5.800000190734863 43.606245040893555
vertex -86.74726409912111 5.800000190734863 41.99237537384033
endloop
endfacet
facet normal 0.0 1.0 -0.0
outer loop
vertex -86.61321563720705 5.800000190734863 42.102386474609375
vertex -88.60624237060549 5.800000190734863 43.606245040893555
vertex -88.4863235473633 5.800000190734863 43.722307205200195
endloop
endfacet
facet normal 0.0 0.9999999999999999 -0.0
outer loop
vertex -86.4722625732422 5.800000190734863 42.20339488983154
vertex -88.4863235473633 5.800000190734863 43.722307205200195
vertex -88.3626663208008 5.800000190734863 43.83438301086426
endloop
endfacet
facet normal 0.0 1.0 -0.0
outer loop
vertex -86.32500000000002 5.800000190734863 42.29496765136719
vertex -88.3626663208008 5.800000190734863 43.83438301086426
vertex -88.23540802001955 5.800000190734863 43.94235324859619
endloop
endfacet
facet normal 0.0 1.0 -0.0
outer loop
vertex -86.32500000000002 5.800000190734863 42.29496765136719
vertex -88.23540802001955 5.800000190734863 43.94235324859619
vertex -88.10468597412111 5.800000190734863 44.046101570129395
endloop
endfacet
facet normal 0.0 1.0 -0.0
outer loop
vertex -86.17206878662111 5.800000190734863 42.376712799072266
vertex -88.10468597412111 5.800000190734863 44.046101570129395
vertex -87.97063751220705 5.800000190734863 44.14551830291748
endloop
endfacet
facet normal -0.0 1.0 -0.0
outer loop
vertex -86.32500000000002 5.800000190734863 42.29496765136719
vertex -88.10468597412111 5.800000190734863 44.046101570129395
vertex -86.17206878662111 5.800000190734863 42.376712799072266
endloop
endfacet
facet normal -0.0 1.0 -0.0
outer loop
vertex -86.17206878662111 5.800000190734863 42.376712799072266
vertex -87.97063751220705 5.800000190734863 44.14551830291748
vertex -86.01410980224611 5.800000190734863 42.448280334472656
endloop
endfacet
facet normal -0.0 1.0 -0.0
outer loop
vertex -86.01410980224611 5.800000190734863 42.448280334472656
vertex -87.83340759277345 5.800000190734863 44.24049472808838
vertex -85.85181732177736 5.800000190734863 42.50936508178711
endloop
endfacet
facet normal -0.0 0.9999999999999999 -0.0
outer loop
vertex -85.85181732177736 5.800000190734863 42.50936508178711
vertex -87.69314880371095 5.800000190734863 44.33093070983887
vertex -85.68587036132814 5.800000190734863 42.5597038269043
endloop
endfacet
facet normal -0.0 0.9999999999999999 -0.0
outer loop
vertex -85.68587036132814 5.800000190734863 42.5597038269043
vertex -87.40412445068361 5.800000190734863 44.497798919677734
vertex -85.51698608398439 5.800000190734863 42.59908103942871
endloop
endfacet
facet normal -0.0 1.0 -0.0
outer loop
vertex -85.51698608398439 5.800000190734863 42.59908103942871
vertex -87.25567169189455 5.800000190734863 44.57405090332031
vertex -85.34589691162111 5.800000190734863 42.627328872680664
endloop
endfacet
facet normal -0.0 0.9999999999999999 -0.0
outer loop
vertex -85.34589691162111 5.800000190734863 42.627328872680664
vertex -87.10480804443361 5.800000190734863 44.645405769348145
vertex -85.17332000732424 5.800000190734863 42.64432621002197
endloop
endfacet
facet normal -0.0 1.0 -0.0
outer loop
vertex -85.17332000732424 5.800000190734863 42.64432621002197
vertex -86.95168609619142 5.800000190734863 44.711785316467285
vertex -85.00000305175783 5.800000190734863 42.64999961853027
endloop
endfacet
facet normal -0.0 1.0 -0.0
outer loop
vertex -85.00000305175783 5.800000190734863 42.64999961853027
vertex -86.79647369384767 5.800000190734863 44.77311992645264
vertex -84.82667846679689 5.800000190734863 42.64432621002197
endloop
endfacet
facet normal -0.0 1.0 -0.0
outer loop
vertex -84.82667846679689 5.800000190734863 42.64432621002197
vertex -86.63933868408205 5.800000190734863 44.82934379577637
vertex -84.65410919189455 5.800000190734863 42.627328872680664
endloop
endfacet
facet normal -0.0 1.0 -0.0
outer loop
vertex -84.65410919189455 5.800000190734863 42.627328872680664
vertex -86.48044891357424 5.800000190734863 44.88039588928223
vertex -84.48301239013674 5.800000190734863 42.59908103942871
endloop
endfacet
facet normal 0.0 1.0 0.0
outer loop
vertex -84.31412811279299 5.800000190734863 42.5597038269043
vertex -84.48301239013674 5.800000190734863 42.59908103942871
vertex -86.31997985839845 5.800000190734863 44.92622184753418
endloop
endfacet
facet normal -0.0 1.0 -0.0
outer loop
vertex -84.31412811279299 5.800000190734863 42.5597038269043
vertex -86.15809173583986 5.800000190734863 44.96677303314209
vertex -84.1481887817383 5.800000190734863 42.50936508178711
endloop
endfacet
facet normal -0.0 1.0 -0.0
outer loop
vertex -84.1481887817383 5.800000190734863 42.50936508178711
vertex -85.99496002197267 5.800000190734863 45.002004623413086
vertex -83.98588867187502 5.800000190734863 42.448280334472656
endloop
endfacet
facet normal -0.0 1.0 -0.0
outer loop
vertex -83.82793731689455 5.800000190734863 42.376712799072266
vertex -85.66568298339845 5.800000190734863 45.056368827819824
vertex -83.67499847412111 5.800000190734863 42.29496765136719
endloop
endfacet
facet normal 0.0 1.0 0.0
outer loop
vertex -83.25273437500002 5.800000190734863 41.99237537384033
vertex -83.38678283691408 5.800000190734863 42.102386474609375
vertex -85.33355255126955 5.800000190734863 45.089080810546875
endloop
endfacet
facet normal 0.0 1.0 0.0
outer loop
vertex -83.38678283691408 5.800000190734863 42.102386474609375
vertex -83.52773590087892 5.800000190734863 42.20339488983154
vertex -85.49988861083986 5.800000190734863 45.07544231414795
endloop
endfacet
facet normal 0.0 0.9999999999999999 0.0
outer loop
vertex -83.52773590087892 5.800000190734863 42.20339488983154
vertex -83.67499847412111 5.800000190734863 42.29496765136719
vertex -85.49988861083986 5.800000190734863 45.07544231414795
endloop
endfacet
facet normal -0.0 1.0 -0.0
outer loop
vertex -83.98588867187502 5.800000190734863 42.448280334472656
vertex -85.83076782226564 5.800000190734863 45.03188133239746
vertex -83.82793731689455 5.800000190734863 42.376712799072266
endloop
endfacet
facet normal 0.0 1.0 -0.0
outer loop
vertex -80.50220031738283 5.800000190734863 37.595876693725586
vertex -82.7966033935547 5.800000190734863 38.52773904800415
vertex -82.70503540039064 5.800000190734863 38.67500019073486
endloop
endfacet
facet normal 0.0 1.0 -0.0
outer loop
vertex -80.42595214843752 5.800000190734863 37.744327545166016
vertex -82.70503540039064 5.800000190734863 38.67500019073486
vertex -82.6232864379883 5.800000190734863 38.82793474197388
endloop
endfacet
facet normal 0.0 1.0 -0.0
outer loop
vertex -80.33436126708986 5.800000190734863 37.94186067581177
vertex -82.6232864379883 5.800000190734863 38.82793474197388
vertex -82.55172271728517 5.800000190734863 38.985888957977295
endloop
endfacet
facet normal 0.0 1.0 -0.0
outer loop
vertex -80.33436126708986 5.800000190734863 37.94186067581177
vertex -82.55172271728517 5.800000190734863 38.985888957977295
vertex -82.49063415527345 5.800000190734863 39.14818525314331
endloop
endfacet
facet normal 0.0 1.0 -0.0
outer loop
vertex -80.33436126708986 5.800000190734863 37.94186067581177
vertex -82.49063415527345 5.800000190734863 39.14818525314331
vertex -82.44029541015627 5.800000190734863 39.31412935256958
endloop
endfacet
facet normal 0.0 1.0 -0.0
outer loop
vertex -80.33436126708986 5.800000190734863 37.94186067581177
vertex -82.44029541015627 5.800000190734863 39.31412935256958
vertex -82.40092010498049 5.800000190734863 39.48301076889038
endloop
endfacet
facet normal 0.0 1.0 -0.0
outer loop
vertex -80.33436126708986 5.800000190734863 37.94186067581177
vertex -82.40092010498049 5.800000190734863 39.48301076889038
vertex -82.37266845703127 5.800000190734863 39.65410566329956
endloop
endfacet
facet normal 0.0 1.0 -0.0
outer loop
vertex -80.33436126708986 5.800000190734863 37.94186067581177
vertex -82.37266845703127 5.800000190734863 39.65410566329956
vertex -82.35567016601564 5.800000190734863 39.82668161392212
endloop
endfacet
facet normal 0.0 1.0 -0.0
outer loop
vertex -80.33436126708986 5.800000190734863 37.94186067581177
vertex -82.35567016601564 5.800000190734863 39.82668161392212
vertex -82.35000152587892 5.800000190734863 40.0
endloop
endfacet
facet normal 0.0 1.0 0.0
outer loop
vertex -80.33436126708986 5.800000190734863 37.94186067581177
vertex -82.35000152587892 5.800000190734863 40.0
vertex -82.35567016601564 5.800000190734863 40.17331790924072
endloop
endfacet
facet normal 0.0 1.0 0.0
outer loop
vertex -80.33436126708986 5.800000190734863 37.94186067581177
vertex -82.35567016601564 5.800000190734863 40.17331790924072
vertex -82.37266845703127 5.800000190734863 40.3458948135376
endloop
endfacet
facet normal 0.0 1.0 0.0
outer loop
vertex -80.33436126708986 5.800000190734863 37.94186067581177
vertex -82.37266845703127 5.800000190734863 40.3458948135376
vertex -82.40092010498049 5.800000190734863 40.51698970794678
endloop
endfacet
facet normal 0.0 1.0 0.0
outer loop
vertex -80.33436126708986 5.800000190734863 37.94186067581177
vertex -82.40092010498049 5.800000190734863 40.51698970794678
vertex -82.44029541015627 5.800000190734863 40.68587017059326
endloop
endfacet
facet normal 0.0 1.0 0.0
outer loop
vertex -80.33436126708986 5.800000190734863 37.94186067581177
vertex -82.44029541015627 5.800000190734863 40.68587017059326
vertex -82.49063415527345 5.800000190734863 40.85181427001953
endloop
endfacet
facet normal 0.0 1.0 0.0
outer loop
vertex -80.33436126708986 5.800000190734863 37.94186067581177
vertex -82.55172271728517 5.800000190734863 41.01411151885986
vertex -82.6232864379883 5.800000190734863 41.172064781188965
endloop
endfacet
facet normal 0.0 1.0 0.0
outer loop
vertex -80.33436126708986 5.800000190734863 37.94186067581177
vertex -82.49063415527345 5.800000190734863 40.85181427001953
vertex -82.55172271728517 5.800000190734863 41.01411151885986
endloop
endfacet
facet normal 0.0 0.9999999999999999 0.0
outer loop
vertex -80.33436126708986 5.800000190734863 37.94186067581177
vertex -82.6232864379883 5.800000190734863 41.172064781188965
vertex -82.70503540039064 5.800000190734863 41.32499980926514
endloop
endfacet
facet normal 0.0 1.0 0.0
outer loop
vertex -80.33436126708986 5.800000190734863 37.94186067581177
vertex -82.70503540039064 5.800000190734863 41.32499980926514
vertex -82.7966033935547 5.800000190734863 41.47226142883301
endloop
endfacet
facet normal 0.0 1.0 0.0
outer loop
vertex -80.33436126708986 5.800000190734863 37.94186067581177
vertex -82.7966033935547 5.800000190734863 41.47226142883301
vertex -85.1668655395508 5.800000190734863 45.09726905822754
endloop
endfacet
facet normal 0.0 1.0 0.0
outer loop
vertex -82.7966033935547 5.800000190734863 41.47226142883301
vertex -82.89761657714845 5.800000190734863 41.6132173538208
vertex -85.1668655395508 5.800000190734863 45.09726905822754
endloop
endfacet
facet normal 0.0 1.0 0.0
outer loop
vertex -83.00762481689455 5.800000190734863 41.74726676940918
vertex -83.12617034912111 5.800000190734863 41.87383270263672
vertex -85.33355255126955 5.800000190734863 45.089080810546875
endloop
endfacet
facet normal 0.0 1.0 0.0
outer loop
vertex -82.89761657714845 5.800000190734863 41.6132173538208
vertex -83.00762481689455 5.800000190734863 41.74726676940918
vertex -85.1668655395508 5.800000190734863 45.09726905822754
endloop
endfacet
facet normal 0.0 1.0 -0.0
outer loop
vertex -80.33436126708986 5.800000190734863 37.94186067581177
vertex -85.1668655395508 5.800000190734863 45.09726905822754
vertex -85.00000305175783 5.800000190734863 45.10000038146973
endloop
endfacet
facet normal -0.0 1.0 -0.0
outer loop
vertex -80.33436126708986 5.800000190734863 37.94186067581177
vertex -85.00000305175783 5.800000190734863 45.10000038146973
vertex -84.74056549072267 5.800000190734863 45.092721939086914
endloop
endfacet
facet normal -0.0 1.0 -0.0
outer loop
vertex -83.25273437500002 5.800000190734863 41.99237537384033
vertex -85.33355255126955 5.800000190734863 45.089080810546875
vertex -83.12617034912111 5.800000190734863 41.87383270263672
endloop
endfacet
facet normal 0.5245700983309166 0.0 -0.8513672603154836
outer loop
vertex -80.33436126708986 5.800000190734863 37.94186067581177
vertex -72.62726898193361 5.800000190734863 42.69058704376221
vertex -80.33436126708986 1.7999999523162842 37.94186067581177
endloop
endfacet
facet normal -0.12609677309707348 0.0 -0.9920179453087051
outer loop
vertex -72.62726898193361 5.800000190734863 42.69058704376221
vertex -72.3467742919922 5.800000190734863 42.65493297576904
vertex -72.62726898193361 1.7999999523162842 42.69058704376221
endloop
endfacet
facet normal -0.08172110896466547 0.0 -0.9966552364532008
outer loop
vertex -72.3467742919922 5.800000190734863 42.65493297576904
vertex -72.16739196777345 5.800000190734863 42.64022445678711
vertex -72.3467742919922 1.7999999523162842 42.65493297576904
endloop
endfacet
facet normal -0.04906653955880631 0.0 -0.9987955119521333
outer loop
vertex -72.16739196777345 5.800000190734863 42.64022445678711
vertex -71.98762817382814 5.800000190734863 42.63139343261719
vertex -72.16739196777345 1.7999999523162842 42.64022445678711
endloop
endfacet
facet normal -0.01636275587244098 0.0 -0.9998661211483559
outer loop
vertex -71.98762817382814 5.800000190734863 42.63139343261719
vertex -71.80767364501955 5.800000190734863 42.628448486328125
vertex -71.98762817382814 1.7999999523162842 42.63139343261719
endloop
endfacet
facet normal 0.01636275587244098 0.0 -0.9998661211483559
outer loop
vertex -71.80767364501955 5.800000190734863 42.628448486328125
vertex -71.62771911621095 5.800000190734863 42.63139343261719
vertex -71.80767364501955 1.7999999523162842 42.628448486328125
endloop
endfacet
facet normal 0.049068617076870935 0.0 -0.9987954098904156
outer loop
vertex -71.62771911621095 5.800000190734863 42.63139343261719
vertex -71.44796295166017 5.800000190734863 42.64022445678711
vertex -71.62771911621095 1.7999999523162842 42.63139343261719
endloop
endfacet
facet normal 0.08172110896466547 0.0 -0.9966552364532008
outer loop
vertex -71.44796295166017 5.800000190734863 42.64022445678711
vertex -71.26858062744142 5.800000190734863 42.65493297576904
vertex -71.44796295166017 1.7999999523162842 42.64022445678711
endloop
endfacet
facet normal 0.11428781517152102 0.0 -0.9934476812109032
outer loop
vertex -71.26858062744142 5.800000190734863 42.65493297576904
vertex -71.08978576660158 5.800000190734863 42.67550182342529
vertex -71.26858062744142 1.7999999523162842 42.65493297576904
endloop
endfacet
facet normal 0.14672859679666955 0.0 -0.9891767884873162
outer loop
vertex -71.08978576660158 5.800000190734863 42.67550182342529
vertex -70.91175384521486 5.800000190734863 42.7019100189209
vertex -71.08978576660158 1.7999999523162842 42.67550182342529
endloop
endfacet
facet normal 0.17902112905670534 0.0 -0.9838452293685539
outer loop
vertex -70.91175384521486 5.800000190734863 42.7019100189209
vertex -70.73468322753908 5.800000190734863 42.734129905700684
vertex -70.91175384521486 1.7999999523162842 42.7019100189209
endloop
endfacet
facet normal 0.21110581503807027 0.0 -0.9774632140684948
outer loop
vertex -70.73468322753908 5.800000190734863 42.734129905700684
vertex -70.55875701904299 5.800000190734863 42.772125244140625
vertex -70.73468322753908 1.7999999523162842 42.734129905700684
endloop
endfacet
facet normal 0.24298444354147558 0.0 -0.9700301851988111
outer loop
vertex -70.55875701904299 5.800000190734863 42.772125244140625
vertex -70.38417358398439 5.800000190734863 42.81585693359375
vertex -70.55875701904299 1.7999999523162842 42.772125244140625
endloop
endfacet
facet normal 0.28386811717835364 0.0 -0.9588633333534118
outer loop
vertex -70.38417358398439 5.800000190734863 42.81585693359375
vertex -70.13928527832033 5.800000190734863 42.88835525512695
vertex -70.38417358398439 1.7999999523162842 42.81585693359375
endloop
endfacet
facet normal -0.0 1.0 0.0
outer loop
vertex -80.33436126708986 5.800000190734863 37.94186067581177
vertex -77.03342742919924 5.800000190734863 49.84147262573242
vertex -72.62726898193361 5.800000190734863 42.69058704376221
endloop
endfacet
facet normal -0.6954575991742169 0.0 0.7185671351730709
outer loop
vertex -88.60624237060549 5.800000190734863 43.606245040893555
vertex -88.4863235473633 1.7999999523162842 43.722307205200195
vertex -88.4863235473633 5.800000190734863 43.722307205200195
endloop
endfacet
facet normal -0.6715570746116392 0.0 0.7409528294966268
outer loop
vertex -88.4863235473633 5.800000190734863 43.722307205200195
vertex -88.3626663208008 1.7999999523162842 43.83438301086426
vertex -88.3626663208008 5.800000190734863 43.83438301086426
endloop
endfacet
facet normal -0.6469547947572412 0.0 0.7625283558928257
outer loop
vertex -88.3626663208008 5.800000190734863 43.83438301086426
vertex -88.23540802001955 1.7999999523162842 43.94235324859619
vertex -88.23540802001955 5.800000190734863 43.94235324859619
endloop
endfacet
facet normal -0.6216603082194764 0.0 0.7832869596670595
outer loop
vertex -88.23540802001955 5.800000190734863 43.94235324859619
vertex -88.10468597412111 1.7999999523162842 44.046101570129395
vertex -88.10468597412111 5.800000190734863 44.046101570129395
endloop
endfacet
facet normal -0.5956978269742681 0.0 0.803208627280693
outer loop
vertex -88.10468597412111 5.800000190734863 44.046101570129395
vertex -87.97063751220705 1.7999999523162842 44.14551830291748
vertex -87.97063751220705 5.800000190734863 44.14551830291748
endloop
endfacet
facet normal -0.5690928972961626 0.0 0.8222732357599019
outer loop
vertex -87.97063751220705 5.800000190734863 44.14551830291748
vertex -87.83340759277345 1.7999999523162842 44.24049472808838
vertex -87.83340759277345 5.800000190734863 44.24049472808838
endloop
endfacet
facet normal -0.5419002393565714 0.0 0.8404428181531987
outer loop
vertex -87.83340759277345 5.800000190734863 44.24049472808838
vertex -87.69314880371095 1.7999999523162842 44.33093070983887
vertex -87.69314880371095 5.800000190734863 44.33093070983887
endloop
endfacet
facet normal -0.5140948606587294 0.0 0.8577333351597578
outer loop
vertex -87.69314880371095 5.800000190734863 44.33093070983887
vertex -87.54999847412111 1.7999999523162842 44.41672992706299
vertex -87.54999847412111 5.800000190734863 44.41672992706299
endloop
endfacet
facet normal -0.4857705313500787 0.0 0.8740863749492165
outer loop
vertex -87.54999847412111 5.800000190734863 44.41672992706299
vertex -87.40412445068361 1.7999999523162842 44.497798919677734
vertex -87.40412445068361 5.800000190734863 44.497798919677734
endloop
endfacet
facet normal -0.4568970767344345 0.0 0.8895195676720824
outer loop
vertex -87.40412445068361 5.800000190734863 44.497798919677734
vertex -87.25567169189455 1.7999999523162842 44.57405090332031
vertex -87.25567169189455 5.800000190734863 44.57405090332031
endloop
endfacet
facet normal -0.42756329448380426 0.0 0.9039854142684802
outer loop
vertex -87.25567169189455 5.800000190734863 44.57405090332031
vertex -87.10480804443361 1.7999999523162842 44.645405769348145
vertex -87.10480804443361 5.800000190734863 44.645405769348145
endloop
endfacet
facet normal -0.3977421403740469 0.0 0.9174972423776934
outer loop
vertex -87.10480804443361 5.800000190734863 44.645405769348145
vertex -86.95168609619142 1.7999999523162842 44.711785316467285
vertex -86.95168609619142 5.800000190734863 44.711785316467285
endloop
endfacet
facet normal -0.3675115469341046 0.0 0.9300189583390768
outer loop
vertex -86.95168609619142 5.800000190734863 44.711785316467285
vertex -86.79647369384767 1.7999999523162842 44.77311992645264
vertex -86.79647369384767 5.800000190734863 44.77311992645264
endloop
endfacet
facet normal -0.33689019234791695 0.0 0.9415439439026644
outer loop
vertex -86.79647369384767 5.800000190734863 44.77311992645264
vertex -86.63933868408205 1.7999999523162842 44.82934379577637
vertex -86.63933868408205 5.800000190734863 44.82934379577637
endloop
endfacet
facet normal -0.30590263323189204 0.0 0.9520628020155995
outer loop
vertex -86.63933868408205 5.800000190734863 44.82934379577637
vertex -86.48044891357424 1.7999999523162842 44.88039588928223
vertex -86.48044891357424 5.800000190734863 44.88039588928223
endloop
endfacet
facet normal -0.2745973455051861 0.0 0.9615593054208905
outer loop
vertex -86.48044891357424 5.800000190734863 44.88039588928223
vertex -86.31997985839845 1.7999999523162842 44.92622184753418
vertex -86.31997985839845 5.800000190734863 44.92622184753418
endloop
endfacet
facet normal -0.2429819948295646 0.0 0.9700307985773676
outer loop
vertex -86.31997985839845 5.800000190734863 44.92622184753418
vertex -86.15809173583986 1.7999999523162842 44.96677303314209
vertex -86.15809173583986 5.800000190734863 44.96677303314209
endloop
endfacet
facet normal -0.21110306261086043 0.0 0.9774638085148294
outer loop
vertex -86.15809173583986 5.800000190734863 44.96677303314209
vertex -85.99496002197267 1.7999999523162842 45.002004623413086
vertex -85.99496002197267 5.800000190734863 45.002004623413086
endloop
endfacet
facet normal -0.17902221749138225 0.0 0.9838450313156377
outer loop
vertex -85.99496002197267 5.800000190734863 45.002004623413086
vertex -85.83076782226564 1.7999999523162842 45.03188133239746
vertex -85.83076782226564 5.800000190734863 45.03188133239746
endloop
endfacet
facet normal -0.1467273836455932 0.0 0.9891769684381653
outer loop
vertex -85.83076782226564 5.800000190734863 45.03188133239746
vertex -85.66568298339845 1.7999999523162842 45.056368827819824
vertex -85.66568298339845 5.800000190734863 45.056368827819824
endloop
endfacet
facet normal -0.11428920906245263 0.0 0.9934475208544632
outer loop
vertex -85.66568298339845 5.800000190734863 45.056368827819824
vertex -85.49988861083986 1.7999999523162842 45.07544231414795
vertex -85.49988861083986 5.800000190734863 45.07544231414795
endloop
endfacet
facet normal -0.08171938673065796 0.0 0.9966553776669071
outer loop
vertex -85.49988861083986 5.800000190734863 45.07544231414795
vertex -85.33355255126955 1.7999999523162842 45.089080810546875
vertex -85.33355255126955 5.800000190734863 45.089080810546875
endloop
endfacet
facet normal -0.04906432624930856 0.0 0.9987956206800777
outer loop
vertex -85.33355255126955 5.800000190734863 45.089080810546875
vertex -85.1668655395508 1.7999999523162842 45.09726905822754
vertex -85.1668655395508 5.800000190734863 45.09726905822754
endloop
endfacet
facet normal -0.01636651498995124 0.0 0.9998660596235296
outer loop
vertex -85.1668655395508 5.800000190734863 45.09726905822754
vertex -85.00000305175783 1.7999999523162842 45.10000038146973
vertex -85.00000305175783 5.800000190734863 45.10000038146973
endloop
endfacet
facet normal 0.028043663901056677 -0.0 0.999606699114709
outer loop
vertex -85.00000305175783 5.800000190734863 45.10000038146973
vertex -84.74056549072267 1.7999999523162842 45.092721939086914
vertex -84.74056549072267 5.800000190734863 45.092721939086914
endloop
endfacet
facet normal -0.5245697871536765 0.0 0.8513674520473203
outer loop
vertex -84.74056549072267 5.800000190734863 45.092721939086914
vertex -77.03342742919924 1.7999999523162842 49.84147262573242
vertex -77.03342742919924 5.800000190734863 49.84147262573242
endloop
endfacet
facet normal 0.0 1.0 -0.0
outer loop
vertex -86.01410980224611 5.800000190734863 42.448280334472656
vertex -87.97063751220705 5.800000190734863 44.14551830291748
vertex -87.83340759277345 5.800000190734863 44.24049472808838
endloop
endfacet
facet normal 0.0 1.0 -0.0
outer loop
vertex -85.85181732177736 5.800000190734863 42.50936508178711
vertex -87.83340759277345 5.800000190734863 44.24049472808838
vertex -87.69314880371095 5.800000190734863 44.33093070983887
endloop
endfacet
facet normal 0.0 1.0 -0.0
outer loop
vertex -85.68587036132814 5.800000190734863 42.5597038269043
vertex -87.69314880371095 5.800000190734863 44.33093070983887
vertex -87.54999847412111 5.800000190734863 44.41672992706299
endloop
endfacet
facet normal 0.0 0.9999999999999999 -0.0
outer loop
vertex -85.68587036132814 5.800000190734863 42.5597038269043
vertex -87.54999847412111 5.800000190734863 44.41672992706299
vertex -87.40412445068361 5.800000190734863 44.497798919677734
endloop
endfacet
facet normal 0.0 1.0 -0.0
outer loop
vertex -85.51698608398439 5.800000190734863 42.59908103942871
vertex -87.40412445068361 5.800000190734863 44.497798919677734
vertex -87.25567169189455 5.800000190734863 44.57405090332031
endloop
endfacet
facet normal 0.0 1.0 -0.0
outer loop
vertex -85.34589691162111 5.800000190734863 42.627328872680664
vertex -87.25567169189455 5.800000190734863 44.57405090332031
vertex -87.10480804443361 5.800000190734863 44.645405769348145
endloop
endfacet
facet normal 0.0 0.9999999999999999 -0.0
outer loop
vertex -85.17332000732424 5.800000190734863 42.64432621002197
vertex -87.10480804443361 5.800000190734863 44.645405769348145
vertex -86.95168609619142 5.800000190734863 44.711785316467285
endloop
endfacet
facet normal 0.0 0.9999999999999999 -0.0
outer loop
vertex -85.00000305175783 5.800000190734863 42.64999961853027
vertex -86.95168609619142 5.800000190734863 44.711785316467285
vertex -86.79647369384767 5.800000190734863 44.77311992645264
endloop
endfacet
facet normal 0.0 0.9999999999999999 -0.0
outer loop
vertex -84.82667846679689 5.800000190734863 42.64432621002197
vertex -86.79647369384767 5.800000190734863 44.77311992645264
vertex -86.63933868408205 5.800000190734863 44.82934379577637
endloop
endfacet
facet normal 0.0 1.0 -0.0
outer loop
vertex -84.65410919189455 5.800000190734863 42.627328872680664
vertex -86.63933868408205 5.800000190734863 44.82934379577637
vertex -86.48044891357424 5.800000190734863 44.88039588928223
endloop
endfacet
facet normal 0.0 0.9999999999999999 -0.0
outer loop
vertex -84.48301239013674 5.800000190734863 42.59908103942871
vertex -86.48044891357424 5.800000190734863 44.88039588928223
vertex -86.31997985839845 5.800000190734863 44.92622184753418
endloop
endfacet
facet normal 0.0 1.0 -0.0
outer loop
vertex -84.31412811279299 5.800000190734863 42.5597038269043
vertex -86.31997985839845 5.800000190734863 44.92622184753418
vertex -86.15809173583986 5.800000190734863 44.96677303314209
endloop
endfacet
facet normal 0.0 1.0 -0.0
outer loop
vertex -84.1481887817383 5.800000190734863 42.50936508178711
vertex -86.15809173583986 5.800000190734863 44.96677303314209
vertex -85.99496002197267 5.800000190734863 45.002004623413086
endloop
endfacet
facet normal 0.0 1.0 -0.0
outer loop
vertex -83.98588867187502 5.800000190734863 42.448280334472656
vertex -85.99496002197267 5.800000190734863 45.002004623413086
vertex -85.83076782226564 5.800000190734863 45.03188133239746
endloop
endfacet
facet normal 0.0 1.0 -0.0
outer loop
vertex -83.82793731689455 5.800000190734863 42.376712799072266
vertex -85.83076782226564 5.800000190734863 45.03188133239746
vertex -85.66568298339845 5.800000190734863 45.056368827819824
endloop
endfacet
facet normal 0.0 1.0 -0.0
outer loop
vertex -83.38678283691408 5.800000190734863 42.102386474609375
vertex -85.49988861083986 5.800000190734863 45.07544231414795
vertex -85.33355255126955 5.800000190734863 45.089080810546875
endloop
endfacet
facet normal 0.0 1.0 -0.0
outer loop
vertex -83.67499847412111 5.800000190734863 42.29496765136719
vertex -85.66568298339845 5.800000190734863 45.056368827819824
vertex -85.49988861083986 5.800000190734863 45.07544231414795
endloop
endfacet
facet normal 0.0 1.0 -0.0
outer loop
vertex -83.00762481689455 5.800000190734863 41.74726676940918
vertex -85.33355255126955 5.800000190734863 45.089080810546875
vertex -85.1668655395508 5.800000190734863 45.09726905822754
endloop
endfacet
facet normal 0.0 1.0 -0.0
outer loop
vertex -80.33436126708986 5.800000190734863 37.94186067581177
vertex -84.74056549072267 5.800000190734863 45.092721939086914
vertex -77.03342742919924 5.800000190734863 49.84147262573242
endloop
endfacet
facet normal 0.5280637289825028 0.0 0.8492047445304896
outer loop
vertex -73.27994079589845 5.800000190734863 45.9250545501709
vertex -73.27994079589845 1.7999999523162842 45.9250545501709
vertex -73.13267822265627 5.800000190734863 45.833481788635254
endloop
endfacet
facet normal 0.6836000589555464 0.0 0.7298568074601851
outer loop
vertex -73.55494232177736 5.800000190734863 46.13607311248779
vertex -73.68150634765627 5.800000190734863 46.254615783691406
vertex -73.68150634765627 1.7999999523162842 46.254615783691406
endloop
endfacet
facet normal 0.5824850288848353 0.0 0.8128414304924624
outer loop
vertex -73.27994079589845 5.800000190734863 45.9250545501709
vertex -73.4208938598633 5.800000190734863 46.02606201171875
vertex -73.4208938598633 1.7999999523162842 46.02606201171875
endloop
endfacet
facet normal 0.6343945630233877 0.0 0.7730094038278997
outer loop
vertex -73.55494232177736 5.800000190734863 46.13607311248779
vertex -73.55494232177736 1.7999999523162842 46.13607311248779
vertex -73.4208938598633 5.800000190734863 46.02606201171875
endloop
endfacet
facet normal 0.29028808703841175 0.0 0.9569393013789221
outer loop
vertex -72.65948791503908 5.800000190734863 45.619083404541016
vertex -72.65948791503908 1.7999999523162842 45.619083404541016
vertex -72.49354858398439 5.800000190734863 45.568745613098145
endloop
endfacet
facet normal 0.22707558330099442 0.0 0.9738771377686783
outer loop
vertex -72.49354858398439 5.800000190734863 45.568745613098145
vertex -72.49354858398439 1.7999999523162842 45.568745613098145
vertex -72.32466430664064 5.800000190734863 45.529367446899414
endloop
endfacet
facet normal 0.1628934354239541 0.0 0.9866436685530303
outer loop
vertex -72.32466430664064 5.800000190734863 45.529367446899414
vertex -72.32466430664064 1.7999999523162842 45.529367446899414
vertex -72.15356750488283 5.800000190734863 45.50111961364746
endloop
endfacet
facet normal 0.09802140839066154 0.0 0.9951843062956285
outer loop
vertex -72.15356750488283 5.800000190734863 45.50111961364746
vertex -72.15356750488283 1.7999999523162842 45.50111961364746
vertex -71.98099822998049 5.800000190734863 45.48412227630615
endloop
endfacet
facet normal 0.03271533344180343 0.0 0.9994647102113168
outer loop
vertex -71.98099822998049 5.800000190734863 45.48412227630615
vertex -71.98099822998049 1.7999999523162842 45.48412227630615
vertex -71.80767364501955 5.800000190734863 45.47844886779785
endloop
endfacet
facet normal -0.032716772025953564 0.0 0.999464663121314
outer loop
vertex -71.80767364501955 5.800000190734863 45.47844886779785
vertex -71.80767364501955 1.7999999523162842 45.47844886779785
vertex -71.63435668945314 5.800000190734863 45.48412227630615
endloop
endfacet
facet normal 0.4127104149972697 0.0 0.9108622911026569
outer loop
vertex -72.97973937988283 5.800000190734863 45.75173568725586
vertex -72.97973937988283 1.7999999523162842 45.75173568725586
vertex -72.82178802490236 5.800000190734863 45.68016815185547
endloop
endfacet
facet normal 0.4713903984423513 0.0 0.8819246522557136
outer loop
vertex -72.97973937988283 5.800000190734863 45.75173568725586
vertex -73.13267822265627 5.800000190734863 45.833481788635254
vertex -73.13267822265627 1.7999999523162842 45.833481788635254
endloop
endfacet
facet normal 0.3522465699751645 0.0 0.9359072357561574
outer loop
vertex -72.65948791503908 5.800000190734863 45.619083404541016
vertex -72.82178802490236 5.800000190734863 45.68016815185547
vertex -72.82178802490236 1.7999999523162842 45.68016815185547
endloop
endfacet
facet normal 0.8128332712143542 0.0 0.5824964147588996
outer loop
vertex -74.01107330322267 5.800000190734863 46.656188011169434
vertex -74.01107330322267 1.7999999523162842 46.656188011169434
vertex -73.91006011962892 5.800000190734863 46.515231132507324
endloop
endfacet
facet normal 0.8492140082894919 0.0 0.5280488311935696
outer loop
vertex -74.01107330322267 5.800000190734863 46.656188011169434
vertex -74.10264129638674 5.800000190734863 46.80344867706299
vertex -74.10264129638674 1.7999999523162842 46.80344867706299
endloop
endfacet
facet normal 0.8819129050142221 0.0 0.4714123757066369
outer loop
vertex -74.10264129638674 5.800000190734863 46.80344867706299
vertex -74.18439025878908 5.800000190734863 46.95638370513916
vertex -74.18439025878908 1.7999999523162842 46.95638370513916
endloop
endfacet
facet normal 0.7298562857660357 0.0 0.6836006159504299
outer loop
vertex -73.68150634765627 5.800000190734863 46.254615783691406
vertex -73.80005187988283 5.800000190734863 46.38118267059326
vertex -73.80005187988283 1.7999999523162842 46.38118267059326
endloop
endfacet
facet normal 0.7730174945947054 0.0 0.6343847043005724
outer loop
vertex -73.80005187988283 5.800000190734863 46.38118267059326
vertex -73.91006011962892 5.800000190734863 46.515231132507324
vertex -73.91006011962892 1.7999999523162842 46.515231132507324
endloop
endfacet
facet normal 0.9108733705954634 0.0 0.4126859614041405
outer loop
vertex -74.18439025878908 5.800000190734863 46.95638370513916
vertex -74.2559539794922 5.800000190734863 47.11433792114258
vertex -74.2559539794922 1.7999999523162842 47.11433792114258
endloop
endfacet
facet normal 0.9358972539188445 0.0 0.352273090239896
outer loop
vertex -74.31704254150392 5.800000190734863 47.276634216308594
vertex -74.31704254150392 1.7999999523162842 47.276634216308594
vertex -74.2559539794922 5.800000190734863 47.11433792114258
endloop
endfacet
facet normal 0.956940090816109 0.0 0.2902854846334157
outer loop
vertex -74.31704254150392 5.800000190734863 47.276634216308594
vertex -74.36738128662111 5.800000190734863 47.44257831573486
vertex -74.36738128662111 1.7999999523162842 47.44257831573486
endloop
endfacet
facet normal 0.973879935519772 0.0 0.2270635840288017
outer loop
vertex -74.36738128662111 5.800000190734863 47.44257831573486
vertex -74.40675659179689 5.800000190734863 47.611459732055664
vertex -74.40675659179689 1.7999999523162842 47.611459732055664
endloop
endfacet
facet normal 0.9866398409739957 0.0 0.16291661733171492
outer loop
vertex -74.40675659179689 5.800000190734863 47.611459732055664
vertex -74.43500823974611 5.800000190734863 47.782554626464844
vertex -74.43500823974611 1.7999999523162842 47.782554626464844
endloop
endfacet
facet normal 0.9951884306237647 0.0 0.09797952619097693
outer loop
vertex -74.43500823974611 5.800000190734863 47.782554626464844
vertex -74.4519989013672 5.800000190734863 47.9551305770874
vertex -74.4519989013672 1.7999999523162842 47.9551305770874
endloop
endfacet
facet normal 0.9994641293854751 0.0 0.03273307305668272
outer loop
vertex -74.4519989013672 5.800000190734863 47.9551305770874
vertex -74.45767517089845 5.800000190734863 48.128448486328125
vertex -74.45767517089845 1.7999999523162842 48.128448486328125
endloop
endfacet
facet normal 0.999464135277897 0.0 -0.03273289313833124
outer loop
vertex -74.45767517089845 5.800000190734863 48.128448486328125
vertex -74.4519989013672 5.800000190734863 48.301767349243164
vertex -74.4519989013672 1.7999999523162842 48.301767349243164
endloop
endfacet
facet normal 0.9951883778279658 0.0 -0.0979800624420199
outer loop
vertex -74.4519989013672 5.800000190734863 48.301767349243164
vertex -74.43500823974611 5.800000190734863 48.474342346191406
vertex -74.43500823974611 1.7999999523162842 48.474342346191406
endloop
endfacet
facet normal 0.9866398409739957 0.0 -0.16291661733171492
outer loop
vertex -74.43500823974611 5.800000190734863 48.474342346191406
vertex -74.40675659179689 5.800000190734863 48.645437240600586
vertex -74.40675659179689 1.7999999523162842 48.645437240600586
endloop
endfacet
facet normal 0.9738802190602915 0.0 -0.22706236791480588
outer loop
vertex -74.40675659179689 5.800000190734863 48.645437240600586
vertex -74.36738128662111 5.800000190734863 48.8143196105957
vertex -74.36738128662111 1.7999999523162842 48.8143196105957
endloop
endfacet
facet normal 0.9569396273936362 0.0 -0.29028701232354254
outer loop
vertex -74.36738128662111 5.800000190734863 48.8143196105957
vertex -74.31704254150392 5.800000190734863 48.980262756347656
vertex -74.31704254150392 1.7999999523162842 48.980262756347656
endloop
endfacet
facet normal -0.0980171166284471 0.0 0.9951847290065526
outer loop
vertex -71.63435668945314 5.800000190734863 45.48412227630615
vertex -71.63435668945314 1.7999999523162842 45.48412227630615
vertex -71.46177978515627 5.800000190734863 45.50111961364746
endloop
endfacet
facet normal -0.16290050658985683 0.0 0.9866425010877892
outer loop
vertex -71.46177978515627 5.800000190734863 45.50111961364746
vertex -71.46177978515627 1.7999999523162842 45.50111961364746
vertex -71.29069061279299 5.800000190734863 45.529367446899414
endloop
endfacet
facet normal -0.22707558330099442 0.0 0.9738771377686783
outer loop
vertex -71.29069061279299 5.800000190734863 45.529367446899414
vertex -71.29069061279299 1.7999999523162842 45.529367446899414
vertex -71.12180633544924 5.800000190734863 45.568745613098145
endloop
endfacet
facet normal -0.290275865629041 0.0 0.9569430086652552
outer loop
vertex -71.12180633544924 5.800000190734863 45.568745613098145
vertex -71.12180633544924 1.7999999523162842 45.568745613098145
vertex -70.95585937500002 5.800000190734863 45.619083404541016
endloop
endfacet
facet normal -0.3522610743915423 0.0 0.9359017766136125
outer loop
vertex -70.95585937500002 5.800000190734863 45.619083404541016
vertex -70.95585937500002 1.7999999523162842 45.619083404541016
vertex -70.79356689453127 5.800000190734863 45.68016815185547
endloop
endfacet
facet normal -0.412693876274207 0.0 0.9108697845936977
outer loop
vertex -70.79356689453127 5.800000190734863 45.68016815185547
vertex -70.79356689453127 1.7999999523162842 45.68016815185547
vertex -70.63560791015627 5.800000190734863 45.75173568725586
endloop
endfacet
facet normal -0.4714086891460808 0.0 0.8819148755960372
outer loop
vertex -70.63560791015627 5.800000190734863 45.75173568725586
vertex -70.63560791015627 1.7999999523162842 45.75173568725586
vertex -70.48267669677736 5.800000190734863 45.833481788635254
endloop
endfacet
facet normal -0.5280637289825028 0.0 0.8492047445304896
outer loop
vertex -70.48267669677736 5.800000190734863 45.833481788635254
vertex -70.48267669677736 1.7999999523162842 45.833481788635254
vertex -70.33541412353517 5.800000190734863 45.9250545501709
endloop
endfacet
facet normal -0.5824850288848353 0.0 0.8128414304924624
outer loop
vertex -70.33541412353517 5.800000190734863 45.9250545501709
vertex -70.33541412353517 1.7999999523162842 45.9250545501709
vertex -70.19446105957033 5.800000190734863 46.02606201171875
endloop
endfacet
facet normal -0.6343945630233877 0.0 0.7730094038278997
outer loop
vertex -70.19446105957033 5.800000190734863 46.02606201171875
vertex -70.19446105957033 1.7999999523162842 46.02606201171875
vertex -70.06041259765627 5.800000190734863 46.13607311248779
endloop
endfacet
facet normal -0.6835781082046307 0.0 0.729877366400259
outer loop
vertex -70.06041259765627 5.800000190734863 46.13607311248779
vertex -70.06041259765627 1.7999999523162842 46.13607311248779
vertex -69.93384094238283 5.800000190734863 46.254615783691406
endloop
endfacet
facet normal -0.7298782366868469 0.0 0.6835771789716937
outer loop
vertex -69.93384094238283 5.800000190734863 46.254615783691406
vertex -69.93384094238283 1.7999999523162842 46.254615783691406
vertex -69.8153030395508 5.800000190734863 46.38118267059326
endloop
endfacet
facet normal -0.7729959193135231 0.0 0.6344109935401823
outer loop
vertex -69.8153030395508 5.800000190734863 46.38118267059326
vertex -69.8153030395508 1.7999999523162842 46.38118267059326
vertex -69.70528717041017 5.800000190734863 46.515231132507324
endloop
endfacet
facet normal -0.8128541017430736 0.0 0.5824673461057375
outer loop
vertex -69.70528717041017 5.800000190734863 46.515231132507324
vertex -69.70528717041017 1.7999999523162842 46.515231132507324
vertex -69.60428161621095 5.800000190734863 46.656188011169434
endloop
endfacet
facet normal -0.8491942788541563 0.0 0.528080558969339
outer loop
vertex -69.60428161621095 5.800000190734863 46.656188011169434
vertex -69.60428161621095 1.7999999523162842 46.656188011169434
vertex -69.51270599365236 5.800000190734863 46.80344867706299
endloop
endfacet
facet normal -0.8819311956468066 0.0 0.4713781562026333
outer loop
vertex -69.51270599365236 5.800000190734863 46.80344867706299
vertex -69.51270599365236 1.7999999523162842 46.80344867706299
vertex -69.43096466064455 5.800000190734863 46.95638370513916
endloop
endfacet
facet normal -0.9108568317237264 0.0 0.41272246377222443
outer loop
vertex -69.43096466064455 5.800000190734863 46.95638370513916
vertex -69.43096466064455 1.7999999523162842 46.95638370513916
vertex -69.35939331054689 5.800000190734863 47.11433792114258
endloop
endfacet
facet normal -0.9359117583352091 0.0 0.35223455340141896
outer loop
vertex -69.35939331054689 5.800000190734863 47.11433792114258
vertex -69.35939331054689 1.7999999523162842 47.11433792114258
vertex -69.2983123779297 5.800000190734863 47.276634216308594
endloop
endfacet
facet normal -0.956940090816109 0.0 0.2902854846334157
outer loop
vertex -69.2983123779297 5.800000190734863 47.276634216308594
vertex -69.2983123779297 1.7999999523162842 47.276634216308594
vertex -69.24797363281252 5.800000190734863 47.44257831573486
endloop
endfacet
facet normal -0.973879935519772 0.0 0.2270635840288017
outer loop
vertex -69.24797363281252 5.800000190734863 47.44257831573486
vertex -69.24797363281252 1.7999999523162842 47.44257831573486
vertex -69.20859832763674 5.800000190734863 47.611459732055664
endloop
endfacet
facet normal -0.9866398409739957 0.0 0.16291661733171492
outer loop
vertex -69.20859832763674 5.800000190734863 47.611459732055664
vertex -69.20859832763674 1.7999999523162842 47.611459732055664
vertex -69.18034667968752 5.800000190734863 47.782554626464844
endloop
endfacet
facet normal -0.9951841397033623 0.0 0.09802309974122718
outer loop
vertex -69.18034667968752 5.800000190734863 47.782554626464844
vertex -69.18034667968752 1.7999999523162842 47.782554626464844
vertex -69.16334838867189 5.800000190734863 47.9551305770874
endloop
endfacet
facet normal -0.9994655677759912 0.0 0.0326891240356146
outer loop
vertex -69.16334838867189 5.800000190734863 47.9551305770874
vertex -69.16334838867189 1.7999999523162842 47.9551305770874
vertex -69.15767974853517 5.800000190734863 48.128448486328125
endloop
endfacet
facet normal -0.9994655736526091 -0.0 -0.03268894435831311
outer loop
vertex -69.15767974853517 5.800000190734863 48.128448486328125
vertex -69.15767974853517 1.7999999523162842 48.128448486328125
vertex -69.16334838867189 5.800000190734863 48.301767349243164
endloop
endfacet
facet normal -0.995184086860822 -0.0 -0.09802363622612591
outer loop
vertex -69.16334838867189 5.800000190734863 48.301767349243164
vertex -69.16334838867189 1.7999999523162842 48.301767349243164
vertex -69.18034667968752 5.800000190734863 48.474342346191406
endloop
endfacet
facet normal -0.9866398409739957 -0.0 -0.16291661733171492
outer loop
vertex -69.18034667968752 5.800000190734863 48.474342346191406
vertex -69.18034667968752 1.7999999523162842 48.474342346191406
vertex -69.20859832763674 5.800000190734863 48.645437240600586
endloop
endfacet
facet normal -0.9738802190602915 -0.0 -0.22706236791480588
outer loop
vertex -69.20859832763674 5.800000190734863 48.645437240600586
vertex -69.20859832763674 1.7999999523162842 48.645437240600586
vertex -69.24797363281252 5.800000190734863 48.8143196105957
endloop
endfacet
facet normal -0.9569396273936362 -0.0 -0.29028701232354254
outer loop
vertex -69.24797363281252 5.800000190734863 48.8143196105957
vertex -69.24797363281252 1.7999999523162842 48.8143196105957
vertex -69.2983123779297 5.800000190734863 48.980262756347656
endloop
endfacet
facet normal -0.9441901374293438 0.0 0.32940094775388357
outer loop
vertex -77.03342742919924 5.800000190734863 49.84147262573242
vertex -76.95515747070314 1.7999999523162842 50.06582450866699
vertex -76.95515747070314 5.800000190734863 50.06582450866699
endloop
endfacet
facet normal -0.9300137133879987 0.0 0.36752481944797327
outer loop
vertex -76.95515747070314 5.800000190734863 50.06582450866699
vertex -76.8890106201172 1.7999999523162842 50.23320770263672
vertex -76.8890106201172 5.800000190734863 50.23320770263672
endloop
endfacet
facet normal -0.9174931085494431 0.0 0.3977516760043627
outer loop
vertex -76.8890106201172 5.800000190734863 50.23320770263672
vertex -76.81742401123049 1.7999999523162842 50.39833641052246
vertex -76.81742401123049 5.800000190734863 50.39833641052246
endloop
endfacet
facet normal -0.9039927391216009 0.0 0.42754780740336534
outer loop
vertex -76.81742401123049 5.800000190734863 50.39833641052246
vertex -76.7404739379883 1.7999999523162842 50.56103706359863
vertex -76.7404739379883 5.800000190734863 50.56103706359863
endloop
endfacet
facet normal -0.8895229015897219 0.0 0.4568905859693345
outer loop
vertex -76.7404739379883 5.800000190734863 50.56103706359863
vertex -76.65824432373049 1.7999999523162842 50.72113037109375
vertex -76.65824432373049 5.800000190734863 50.72113037109375
endloop
endfacet
facet normal -0.8740952826674458 0.0 0.4857545026230001
outer loop
vertex -76.65824432373049 5.800000190734863 50.72113037109375
vertex -76.57081909179689 1.7999999523162842 50.878448486328125
vertex -76.57081909179689 5.800000190734863 50.878448486328125
endloop
endfacet
facet normal -0.8577247383251291 0.0 0.5141092036377961
outer loop
vertex -76.57081909179689 5.800000190734863 50.878448486328125
vertex -76.47828979492189 1.7999999523162842 51.03282165527344
vertex -76.47828979492189 5.800000190734863 51.03282165527344
endloop
endfacet
facet normal -0.8404373994591992 0.0 0.5419086432142033
outer loop
vertex -76.47828979492189 5.800000190734863 51.03282165527344
vertex -76.38075561523439 1.7999999523162842 51.184085845947266
vertex -76.38075561523439 5.800000190734863 51.184085845947266
endloop
endfacet
facet normal -0.8222688695055091 0.0 0.5690992059756645
outer loop
vertex -76.38075561523439 5.800000190734863 51.184085845947266
vertex -76.27833099365236 1.7999999523162842 51.332075119018555
vertex -76.27833099365236 5.800000190734863 51.332075119018555
endloop
endfacet
facet normal -0.8032236469033862 0.0 0.5956775747459565
outer loop
vertex -76.27833099365236 5.800000190734863 51.332075119018555
vertex -76.17112274169924 1.7999999523162842 51.47663688659668
vertex -76.17112274169924 5.800000190734863 51.47663688659668
endloop
endfacet
facet normal -0.7832864457023201 0.0 0.6216609558103408
outer loop
vertex -76.17112274169924 5.800000190734863 51.47663688659668
vertex -76.05923767089845 1.7999999523162842 51.617610931396484
vertex -76.05923767089845 5.800000190734863 51.617610931396484
endloop
endfacet
facet normal 0.9358972539188445 0.0 -0.352273090239896
outer loop
vertex -74.31704254150392 5.800000190734863 48.980262756347656
vertex -74.2559539794922 5.800000190734863 49.14255905151367
vertex -74.2559539794922 1.7999999523162842 49.14255905151367
endloop
endfacet
facet normal 0.9108743072145372 0.0 -0.4126838941083565
outer loop
vertex -74.2559539794922 5.800000190734863 49.14255905151367
vertex -74.18439025878908 5.800000190734863 49.300514221191406
vertex -74.18439025878908 1.7999999523162842 49.300514221191406
endloop
endfacet
facet normal 0.8819129050142221 0.0 -0.4714123757066369
outer loop
vertex -74.18439025878908 5.800000190734863 49.300514221191406
vertex -74.10264129638674 5.800000190734863 49.45344924926758
vertex -74.10264129638674 1.7999999523162842 49.45344924926758
endloop
endfacet
facet normal 0.8492140082894919 0.0 -0.5280488311935696
outer loop
vertex -74.10264129638674 5.800000190734863 49.45344924926758
vertex -74.01107330322267 5.800000190734863 49.60070991516113
vertex -74.01107330322267 1.7999999523162842 49.60070991516113
endloop
endfacet
facet normal 0.8128332712143542 0.0 -0.5824964147588996
outer loop
vertex -74.01107330322267 5.800000190734863 49.60070991516113
vertex -73.91006011962892 5.800000190734863 49.74166679382324
vertex -73.91006011962892 1.7999999523162842 49.74166679382324
endloop
endfacet
facet normal 0.7730174945947054 0.0 -0.6343847043005724
outer loop
vertex -73.91006011962892 5.800000190734863 49.74166679382324
vertex -73.80005187988283 5.800000190734863 49.875715255737305
vertex -73.80005187988283 1.7999999523162842 49.875715255737305
endloop
endfacet
facet normal 0.729853715815013 0.0 -0.6836033597862273
outer loop
vertex -73.80005187988283 5.800000190734863 49.875715255737305
vertex -73.68150634765627 5.800000190734863 50.002281188964844
vertex -73.68150634765627 1.7999999523162842 50.002281188964844
endloop
endfacet
facet normal 0.6836029885017105 0.0 -0.7298540635712941
outer loop
vertex -73.68150634765627 5.800000190734863 50.002281188964844
vertex -73.55494232177736 5.800000190734863 50.12082481384277
vertex -73.55494232177736 1.7999999523162842 50.12082481384277
endloop
endfacet
facet normal 0.6343912768168447 0.0 -0.7730121007453203
outer loop
vertex -73.55494232177736 5.800000190734863 50.12082481384277
vertex -73.4208938598633 5.800000190734863 50.2308349609375
vertex -73.4208938598633 1.7999999523162842 50.2308349609375
endloop
endfacet
facet normal 0.5824850288848353 0.0 -0.8128414304924624
outer loop
vertex -73.4208938598633 5.800000190734863 50.2308349609375
vertex -73.27994079589845 5.800000190734863 50.33184242248535
vertex -73.27994079589845 1.7999999523162842 50.33184242248535
endloop
endfacet
facet normal 0.5280676948942493 0.0 -0.8492022783819375
outer loop
vertex -73.27994079589845 5.800000190734863 50.33184242248535
vertex -73.13267822265627 5.800000190734863 50.42341613769531
vertex -73.13267822265627 1.7999999523162842 50.42341613769531
endloop
endfacet
facet normal 0.4713861210565517 0.0 -0.8819269385131957
outer loop
vertex -73.13267822265627 5.800000190734863 50.42341613769531
vertex -72.97973937988283 5.800000190734863 50.50516128540039
vertex -72.97973937988283 1.7999999523162842 50.50516128540039
endloop
endfacet
facet normal 0.4127104149972697 0.0 -0.9108622911026569
outer loop
vertex -72.97973937988283 5.800000190734863 50.50516128540039
vertex -72.82178802490236 5.800000190734863 50.57672882080078
vertex -72.82178802490236 1.7999999523162842 50.57672882080078
endloop
endfacet
facet normal 0.3522465699751645 0.0 -0.9359072357561574
outer loop
vertex -72.82178802490236 5.800000190734863 50.57672882080078
vertex -72.65948791503908 5.800000190734863 50.637813568115234
vertex -72.65948791503908 1.7999999523162842 50.637813568115234
endloop
endfacet
facet normal 0.29029312323745055 0.0 -0.9569377736305774
outer loop
vertex -72.65948791503908 5.800000190734863 50.637813568115234
vertex -72.49354858398439 5.800000190734863 50.68815231323242
vertex -72.49354858398439 1.7999999523162842 50.68815231323242
endloop
endfacet
facet normal 0.2270703674618132 0.0 -0.9738783539132374
outer loop
vertex -72.49354858398439 5.800000190734863 50.68815231323242
vertex -72.32466430664064 5.800000190734863 50.727529525756836
vertex -72.32466430664064 1.7999999523162842 50.727529525756836
endloop
endfacet
facet normal 0.1628934354239541 0.0 -0.9866436685530303
outer loop
vertex -72.32466430664064 5.800000190734863 50.727529525756836
vertex -72.15356750488283 5.800000190734863 50.75577735900879
vertex -72.15356750488283 1.7999999523162842 50.75577735900879
endloop
endfacet
facet normal 0.09802685525824466 0.0 -0.995183769787359
outer loop
vertex -72.15356750488283 5.800000190734863 50.75577735900879
vertex -71.98099822998049 5.800000190734863 50.772775650024414
vertex -71.98099822998049 1.7999999523162842 50.772775650024414
endloop
endfacet
facet normal 0.03270984002656274 0.0 -0.9994648900113683
outer loop
vertex -71.98099822998049 5.800000190734863 50.772775650024414
vertex -71.80767364501955 5.800000190734863 50.7784481048584
vertex -71.80767364501955 1.7999999523162842 50.7784481048584
endloop
endfacet
facet normal -0.03271127836966967 -0.0 -0.9994648429371701
outer loop
vertex -71.80767364501955 5.800000190734863 50.7784481048584
vertex -71.63435668945314 5.800000190734863 50.772775650024414
vertex -71.63435668945314 1.7999999523162842 50.772775650024414
endloop
endfacet
facet normal -0.762524977706431 0.0 0.6469587764099093
outer loop
vertex -76.05923767089845 5.800000190734863 51.617610931396484
vertex -75.94279785156252 1.7999999523162842 51.75485038757324
vertex -75.94279785156252 5.800000190734863 51.75485038757324
endloop
endfacet
facet normal -0.7409357012350216 0.0 0.6715759723481527
outer loop
vertex -75.94279785156252 5.800000190734863 51.75485038757324
vertex -75.82192535400392 1.7999999523162842 51.888206481933594
vertex -75.82192535400392 5.800000190734863 51.888206481933594
endloop
endfacet
facet normal -0.7185953081071796 0.0 0.6954284888946867
outer loop
vertex -75.82192535400392 5.800000190734863 51.888206481933594
vertex -75.69676513671877 1.7999999523162842 52.01753616333008
vertex -75.69676513671877 5.800000190734863 52.01753616333008
endloop
endfacet
facet normal -0.695428841739644 0.0 0.7185949666374354
outer loop
vertex -75.69676513671877 5.800000190734863 52.01753616333008
vertex -75.56743164062502 1.7999999523162842 52.1427001953125
vertex -75.56743164062502 5.800000190734863 52.1427001953125
endloop
endfacet
facet normal -0.6715637916918905 0.0 0.7409467414655465
outer loop
vertex -75.56743164062502 5.800000190734863 52.1427001953125
vertex -75.4340774536133 1.7999999523162842 52.263566970825195
vertex -75.4340774536133 5.800000190734863 52.263566970825195
endloop
endfacet
facet normal -0.6469640044402275 0.0 0.7625205419912733
outer loop
vertex -75.4340774536133 5.800000190734863 52.263566970825195
vertex -75.29683990478517 1.7999999523162842 52.38000679016113
vertex -75.29683990478517 5.800000190734863 52.38000679016113
endloop
endfacet
facet normal -0.6216557954115272 0.0 0.7832905412624752
outer loop
vertex -75.29683990478517 5.800000190734863 52.38000679016113
vertex -75.15586395263674 1.7999999523162842 52.491891860961914
vertex -75.15586395263674 5.800000190734863 52.491891860961914
endloop
endfacet
facet normal -0.595698086131921 0.0 0.8032084350769522
outer loop
vertex -75.15586395263674 5.800000190734863 52.491891860961914
vertex -75.01130218505861 1.7999999523162842 52.59910583496094
vertex -75.01130218505861 5.800000190734863 52.59910583496094
endloop
endfacet
facet normal -0.5691113306065461 0.0 0.8222604778142063
outer loop
vertex -75.01130218505861 5.800000190734863 52.59910583496094
vertex -74.86331481933595 1.7999999523162842 52.7015323638916
vertex -74.86331481933595 5.800000190734863 52.7015323638916
endloop
endfacet
facet normal -0.5418765339275147 0.0 0.8404581024528843
outer loop
vertex -74.86331481933595 5.800000190734863 52.7015323638916
vertex -74.71204681396486 1.7999999523162842 52.7990608215332
vertex -74.71204681396486 5.800000190734863 52.7990608215332
endloop
endfacet
facet normal -0.5141014070312081 0.0 0.8577294114629229
outer loop
vertex -74.71204681396486 5.800000190734863 52.7990608215332
vertex -74.55767364501955 1.7999999523162842 52.89158821105957
vertex -74.55767364501955 5.800000190734863 52.89158821105957
endloop
endfacet
facet normal -0.4857625996264345 0.0 0.8740907829305652
outer loop
vertex -74.55767364501955 5.800000190734863 52.89158821105957
vertex -74.40035552978517 1.7999999523162842 52.9790153503418
vertex -74.40035552978517 5.800000190734863 52.9790153503418
endloop
endfacet
facet normal -0.4569202784948298 0.0 0.8895076498266933
outer loop
vertex -74.40035552978517 5.800000190734863 52.9790153503418
vertex -74.24026794433595 1.7999999523162842 53.061248779296875
vertex -74.24026794433595 5.800000190734863 53.061248779296875
endloop
endfacet
facet normal -0.4275396156294175 0.0 0.9039966134159189
outer loop
vertex -74.24026794433595 5.800000190734863 53.061248779296875
vertex -74.07756347656252 1.7999999523162842 53.13819885253906
vertex -74.07756347656252 5.800000190734863 53.13819885253906
endloop
endfacet
facet normal -0.39774780858458464 0.0 0.9174947851438505
outer loop
vertex -74.07756347656252 5.800000190734863 53.13819885253906
vertex -73.91243286132814 1.7999999523162842 53.20978546142578
vertex -73.91243286132814 5.800000190734863 53.20978546142578
endloop
endfacet
facet normal -0.3675192755226469 0.0 0.9300159042292282
outer loop
vertex -73.91243286132814 5.800000190734863 53.20978546142578
vertex -73.74505157470705 1.7999999523162842 53.275930404663086
vertex -73.74505157470705 5.800000190734863 53.275930404663086
endloop
endfacet
facet normal -0.3369002675754905 0.0 0.9415403388636955
outer loop
vertex -73.74505157470705 5.800000190734863 53.275930404663086
vertex -73.57559509277345 1.7999999523162842 53.336565017700195
vertex -73.57559509277345 5.800000190734863 53.336565017700195
endloop
endfacet
facet normal -0.30589254599581506 0.0 0.9520660430370353
outer loop
vertex -73.57559509277345 5.800000190734863 53.336565017700195
vertex -73.40423889160158 1.7999999523162842 53.39162063598633
vertex -73.40423889160158 5.800000190734863 53.39162063598633
endloop
endfacet
facet normal -0.27458955237292654 0.0 0.9615615309108595
outer loop
vertex -73.40423889160158 5.800000190734863 53.39162063598633
vertex -73.23118133544924 1.7999999523162842 53.4410400390625
vertex -73.23118133544924 5.800000190734863 53.4410400390625
endloop
endfacet
facet normal -0.24298444354147558 0.0 0.9700301851988111
outer loop
vertex -73.23118133544924 5.800000190734863 53.4410400390625
vertex -73.05659790039064 1.7999999523162842 53.484771728515625
vertex -73.05659790039064 5.800000190734863 53.484771728515625
endloop
endfacet
facet normal -0.21111087759688024 0.0 0.9774621206779703
outer loop
vertex -73.05659790039064 5.800000190734863 53.484771728515625
vertex -72.88067169189455 1.7999999523162842 53.52276802062988
vertex -72.88067169189455 5.800000190734863 53.52276802062988
endloop
endfacet
facet normal -0.1790160000347905 0.0 0.9838461626349639
outer loop
vertex -72.88067169189455 5.800000190734863 53.52276802062988
vertex -72.70360107421877 1.7999999523162842 53.55498695373535
vertex -72.70360107421877 5.800000190734863 53.55498695373535
endloop
endfacet
facet normal -0.14673378149451907 0.0 0.989176019406212
outer loop
vertex -72.70360107421877 5.800000190734863 53.55498695373535
vertex -72.52556915283205 1.7999999523162842 53.58139610290527
vertex -72.52556915283205 5.800000190734863 53.58139610290527
endloop
endfacet
facet normal -0.11428781517152102 0.0 0.9934476812109032
outer loop
vertex -72.52556915283205 5.800000190734863 53.58139610290527
vertex -72.3467742919922 1.7999999523162842 53.60196495056152
vertex -72.3467742919922 5.800000190734863 53.60196495056152
endloop
endfacet
facet normal -0.08171584569549824 0.0 0.9966556680028814
outer loop
vertex -72.3467742919922 5.800000190734863 53.60196495056152
vertex -72.16739196777345 1.7999999523162842 53.61667251586914
vertex -72.16739196777345 5.800000190734863 53.61667251586914
endloop
endfacet
facet normal -0.04906653955880631 0.0 0.9987955119521333
outer loop
vertex -72.16739196777345 5.800000190734863 53.61667251586914
vertex -71.98762817382814 1.7999999523162842 53.62550354003906
vertex -71.98762817382814 5.800000190734863 53.62550354003906
endloop
endfacet
facet normal -0.01636275587244098 0.0 0.9998661211483559
outer loop
vertex -71.98762817382814 5.800000190734863 53.62550354003906
vertex -71.80767364501955 1.7999999523162842 53.628448486328125
vertex -71.80767364501955 5.800000190734863 53.628448486328125
endloop
endfacet
facet normal 0.01636275587244098 -0.0 0.9998661211483559
outer loop
vertex -71.80767364501955 5.800000190734863 53.628448486328125
vertex -71.62771911621095 1.7999999523162842 53.62550354003906
vertex -71.62771911621095 5.800000190734863 53.62550354003906
endloop
endfacet
facet normal -0.6343912768168447 -0.0 -0.7730121007453203
outer loop
vertex -70.19446105957033 5.800000190734863 50.2308349609375
vertex -70.06041259765627 5.800000190734863 50.12082481384277
vertex -70.06041259765627 1.7999999523162842 50.12082481384277
endloop
endfacet
facet normal -0.5824850288848353 -0.0 -0.8128414304924624
outer loop
vertex -70.33541412353517 5.800000190734863 50.33184242248535
vertex -70.19446105957033 5.800000190734863 50.2308349609375
vertex -70.19446105957033 1.7999999523162842 50.2308349609375
endloop
endfacet
facet normal -0.9359117583352091 -0.0 -0.35223455340141896
outer loop
vertex -69.2983123779297 5.800000190734863 48.980262756347656
vertex -69.2983123779297 1.7999999523162842 48.980262756347656
vertex -69.35939331054689 5.800000190734863 49.14255905151367
endloop
endfacet
facet normal -0.9108577684914877 -0.0 -0.41272039636866453
outer loop
vertex -69.35939331054689 5.800000190734863 49.14255905151367
vertex -69.35939331054689 1.7999999523162842 49.14255905151367
vertex -69.43096466064455 5.800000190734863 49.300514221191406
endloop
endfacet
facet normal -0.8491942788541563 -0.0 -0.528080558969339
outer loop
vertex -69.51270599365236 5.800000190734863 49.45344924926758
vertex -69.51270599365236 1.7999999523162842 49.45344924926758
vertex -69.60428161621095 5.800000190734863 49.60070991516113
endloop
endfacet
facet normal -0.8819311956468066 -0.0 -0.4713781562026333
outer loop
vertex -69.43096466064455 5.800000190734863 49.300514221191406
vertex -69.43096466064455 1.7999999523162842 49.300514221191406
vertex -69.51270599365236 5.800000190734863 49.45344924926758
endloop
endfacet
facet normal -0.8128541017430736 -0.0 -0.5824673461057375
outer loop
vertex -69.60428161621095 5.800000190734863 49.60070991516113
vertex -69.60428161621095 1.7999999523162842 49.60070991516113
vertex -69.70528717041017 5.800000190734863 49.74166679382324
endloop
endfacet
facet normal -0.7729959193135231 -0.0 -0.6344109935401823
outer loop
vertex -69.70528717041017 5.800000190734863 49.74166679382324
vertex -69.70528717041017 1.7999999523162842 49.74166679382324
vertex -69.8153030395508 5.800000190734863 49.875715255737305
endloop
endfacet
facet normal -0.7298756668347521 -0.0 -0.6835799228784631
outer loop
vertex -69.93384094238283 5.800000190734863 50.002281188964844
vertex -69.8153030395508 5.800000190734863 49.875715255737305
vertex -69.8153030395508 1.7999999523162842 49.875715255737305
endloop
endfacet
facet normal -0.6835810378217654 -0.0 -0.7298746226102935
outer loop
vertex -69.93384094238283 5.800000190734863 50.002281188964844
vertex -69.93384094238283 1.7999999523162842 50.002281188964844
vertex -70.06041259765627 5.800000190734863 50.12082481384277
endloop
endfacet
facet normal -0.3522610743915423 -0.0 -0.9359017766136125
outer loop
vertex -70.95585937500002 5.800000190734863 50.637813568115234
vertex -70.79356689453127 5.800000190734863 50.57672882080078
vertex -70.79356689453127 1.7999999523162842 50.57672882080078
endloop
endfacet
facet normal -0.29028090165507203 -0.0 -0.9569414810396288
outer loop
vertex -70.95585937500002 5.800000190734863 50.637813568115234
vertex -70.95585937500002 1.7999999523162842 50.637813568115234
vertex -71.12180633544924 5.800000190734863 50.68815231323242
endloop
endfacet
facet normal -0.09802256326217235 -0.0 -0.9951841925450352
outer loop
vertex -71.63435668945314 5.800000190734863 50.772775650024414
vertex -71.46177978515627 5.800000190734863 50.75577735900879
vertex -71.46177978515627 1.7999999523162842 50.75577735900879
endloop
endfacet
facet normal -0.16290050658985683 -0.0 -0.9866425010877892
outer loop
vertex -71.46177978515627 5.800000190734863 50.75577735900879
vertex -71.29069061279299 5.800000190734863 50.727529525756836
vertex -71.29069061279299 1.7999999523162842 50.727529525756836
endloop
endfacet
facet normal -0.2270703674618132 -0.0 -0.9738783539132374
outer loop
vertex -71.29069061279299 5.800000190734863 50.727529525756836
vertex -71.12180633544924 5.800000190734863 50.68815231323242
vertex -71.12180633544924 1.7999999523162842 50.68815231323242
endloop
endfacet
facet normal -0.4714044116891484 -0.0 -0.8819171620055979
outer loop
vertex -70.48267669677736 5.800000190734863 50.42341613769531
vertex -70.48267669677736 1.7999999523162842 50.42341613769531
vertex -70.63560791015627 5.800000190734863 50.50516128540039
endloop
endfacet
facet normal -0.412693876274207 -0.0 -0.9108697845936977
outer loop
vertex -70.63560791015627 5.800000190734863 50.50516128540039
vertex -70.63560791015627 1.7999999523162842 50.50516128540039
vertex -70.79356689453127 5.800000190734863 50.57672882080078
endloop
endfacet
facet normal -0.5280676948942493 -0.0 -0.8492022783819375
outer loop
vertex -70.33541412353517 5.800000190734863 50.33184242248535
vertex -70.33541412353517 1.7999999523162842 50.33184242248535
vertex -70.48267669677736 5.800000190734863 50.42341613769531
endloop
endfacet
facet normal 0.8577247383251291 0.0 0.5141092036377961
outer loop
vertex -67.04453582763674 5.800000190734863 50.878448486328125
vertex -67.13706512451174 5.800000190734863 51.03282165527344
vertex -67.04453582763674 1.7999999523162842 50.878448486328125
endloop
endfacet
facet normal 0.8404567053009534 -0.0 0.5418787009236168
outer loop
vertex -67.2345916748047 5.800000190734863 51.184085845947266
vertex -67.13706512451174 1.7999999523162842 51.03282165527344
vertex -67.13706512451174 5.800000190734863 51.03282165527344
endloop
endfacet
facet normal 0.8222688695055091 0.0 0.5690992059756645
outer loop
vertex -67.2345916748047 5.800000190734863 51.184085845947266
vertex -67.33701629638674 5.800000190734863 51.332075119018555
vertex -67.2345916748047 1.7999999523162842 51.184085845947266
endloop
endfacet
facet normal 0.7832864457023201 0.0 0.6216609558103408
outer loop
vertex -67.44423217773439 5.800000190734863 51.47663688659668
vertex -67.55611724853517 5.800000190734863 51.617610931396484
vertex -67.44423217773439 1.7999999523162842 51.47663688659668
endloop
endfacet
facet normal 0.762524977706431 0.0 0.6469587764099093
outer loop
vertex -67.55611724853517 5.800000190734863 51.617610931396484
vertex -67.67255706787111 5.800000190734863 51.75485038757324
vertex -67.55611724853517 1.7999999523162842 51.617610931396484
endloop
endfacet
facet normal 0.8032033644797869 0.0 0.5957049230016068
outer loop
vertex -67.33701629638674 5.800000190734863 51.332075119018555
vertex -67.44423217773439 5.800000190734863 51.47663688659668
vertex -67.33701629638674 1.7999999523162842 51.332075119018555
endloop
endfacet
facet normal 0.8790948927138714 0.0 0.47664679753921235
outer loop
vertex -66.91875000000002 5.800000190734863 50.64645767211914
vertex -67.04453582763674 5.800000190734863 50.878448486328125
vertex -66.91875000000002 1.7999999523162842 50.64645767211914
endloop
endfacet
facet normal 0.5691113306065461 -0.0 0.8222604778142063
outer loop
vertex -68.75204010009767 5.800000190734863 52.7015323638916
vertex -68.60405273437502 1.7999999523162842 52.59910583496094
vertex -68.60405273437502 5.800000190734863 52.59910583496094
endloop
endfacet
facet normal 0.5141014070312081 -0.0 0.8577294114629229
outer loop
vertex -69.05767364501955 5.800000190734863 52.89158821105957
vertex -68.90330047607424 1.7999999523162842 52.7990608215332
vertex -68.90330047607424 5.800000190734863 52.7990608215332
endloop
endfacet
facet normal 0.4857625996264345 -0.0 0.8740907829305652
outer loop
vertex -69.21499176025392 5.800000190734863 52.9790153503418
vertex -69.05767364501955 1.7999999523162842 52.89158821105957
vertex -69.05767364501955 5.800000190734863 52.89158821105957
endloop
endfacet
facet normal 0.456903049576537 0.0 0.8895164997276107
outer loop
vertex -69.21499176025392 5.800000190734863 52.9790153503418
vertex -69.37508697509767 5.800000190734863 53.061248779296875
vertex -69.21499176025392 1.7999999523162842 52.9790153503418
endloop
endfacet
facet normal 0.5418958397243238 0.0 0.8404456549292585
outer loop
vertex -68.75204010009767 5.800000190734863 52.7015323638916
vertex -68.90330047607424 5.800000190734863 52.7990608215332
vertex -68.75204010009767 1.7999999523162842 52.7015323638916
endloop
endfacet
facet normal 0.049068617076870935 -0.0 0.9987954098904156
outer loop
vertex -71.62771911621095 5.800000190734863 53.62550354003906
vertex -71.44796295166017 1.7999999523162842 53.61667251586914
vertex -71.44796295166017 5.800000190734863 53.61667251586914
endloop
endfacet
facet normal 0.08171584569549824 -0.0 0.9966556680028814
outer loop
vertex -71.44796295166017 5.800000190734863 53.61667251586914
vertex -71.26858062744142 1.7999999523162842 53.60196495056152
vertex -71.26858062744142 5.800000190734863 53.60196495056152
endloop
endfacet
facet normal 0.11428781517152102 -0.0 0.9934476812109032
outer loop
vertex -71.26858062744142 5.800000190734863 53.60196495056152
vertex -71.08978576660158 1.7999999523162842 53.58139610290527
vertex -71.08978576660158 5.800000190734863 53.58139610290527
endloop
endfacet
facet normal 0.14673378149451907 0.0 0.989176019406212
outer loop
vertex -70.91175384521486 5.800000190734863 53.55498695373535
vertex -71.08978576660158 5.800000190734863 53.58139610290527
vertex -70.91175384521486 1.7999999523162842 53.55498695373535
endloop
endfacet
facet normal 0.3059048915308478 -0.0 0.9520620764096741
outer loop
vertex -70.21110839843752 5.800000190734863 53.39162063598633
vertex -70.03975982666017 1.7999999523162842 53.336565017700195
vertex -70.03975982666017 5.800000190734863 53.336565017700195
endloop
endfacet
facet normal 0.1790160000347905 -0.0 0.9838461626349639
outer loop
vertex -70.91175384521486 5.800000190734863 53.55498695373535
vertex -70.73468322753908 1.7999999523162842 53.52276802062988
vertex -70.73468322753908 5.800000190734863 53.52276802062988
endloop
endfacet
facet normal 0.21111087759688024 -0.0 0.9774621206779703
outer loop
vertex -70.73468322753908 5.800000190734863 53.52276802062988
vertex -70.55875701904299 1.7999999523162842 53.484771728515625
vertex -70.55875701904299 5.800000190734863 53.484771728515625
endloop
endfacet
facet normal 0.24298444354147558 -0.0 0.9700301851988111
outer loop
vertex -70.55875701904299 5.800000190734863 53.484771728515625
vertex -70.38417358398439 1.7999999523162842 53.4410400390625
vertex -70.38417358398439 5.800000190734863 53.4410400390625
endloop
endfacet
facet normal 0.2745783600380391 -0.0 0.9615647269938832
outer loop
vertex -70.38417358398439 5.800000190734863 53.4410400390625
vertex -70.21110839843752 1.7999999523162842 53.39162063598633
vertex -70.21110839843752 5.800000190734863 53.39162063598633
endloop
endfacet
facet normal 0.3369002675754905 -0.0 0.9415403388636955
outer loop
vertex -70.03975982666017 5.800000190734863 53.336565017700195
vertex -69.87030334472658 1.7999999523162842 53.275930404663086
vertex -69.87030334472658 5.800000190734863 53.275930404663086
endloop
endfacet
facet normal 0.3675047868613506 0.0 0.930021629659221
outer loop
vertex -69.70291442871095 5.800000190734863 53.20978546142578
vertex -69.87030334472658 5.800000190734863 53.275930404663086
vertex -69.70291442871095 1.7999999523162842 53.20978546142578
endloop
endfacet
facet normal 0.39776327867255157 -0.0 0.9174880784727735
outer loop
vertex -69.70291442871095 5.800000190734863 53.20978546142578
vertex -69.53779144287111 1.7999999523162842 53.13819885253906
vertex -69.53779144287111 5.800000190734863 53.13819885253906
endloop
endfacet
facet normal 0.4275396156294175 -0.0 0.9039966134159189
outer loop
vertex -69.53779144287111 5.800000190734863 53.13819885253906
vertex -69.37508697509767 1.7999999523162842 53.061248779296875
vertex -69.37508697509767 5.800000190734863 53.061248779296875
endloop
endfacet
facet normal 0.7185741241480261 0.0 0.6954503778882409
outer loop
vertex -67.79342193603517 5.800000190734863 51.888206481933594
vertex -67.91858978271486 5.800000190734863 52.01753616333008
vertex -67.79342193603517 1.7999999523162842 51.888206481933594
endloop
endfacet
facet normal 0.6469640044402275 0.0 0.7625205419912733
outer loop
vertex -68.18127746582033 5.800000190734863 52.263566970825195
vertex -68.31851501464845 5.800000190734863 52.38000679016113
vertex -68.18127746582033 1.7999999523162842 52.263566970825195
endloop
endfacet
facet normal 0.6954500256987984 0.0 0.7185744650038299
outer loop
vertex -67.91858978271486 5.800000190734863 52.01753616333008
vertex -68.04791564941408 5.800000190734863 52.1427001953125
vertex -67.91858978271486 1.7999999523162842 52.01753616333008
endloop
endfacet
facet normal 0.6715426987752237 -0.0 0.7409658586748038
outer loop
vertex -68.18127746582033 5.800000190734863 52.263566970825195
vertex -68.04791564941408 1.7999999523162842 52.1427001953125
vertex -68.04791564941408 5.800000190734863 52.1427001953125
endloop
endfacet
facet normal 0.7409567942293936 -0.0 0.6715527001548725
outer loop
vertex -67.79342193603517 5.800000190734863 51.888206481933594
vertex -67.67255706787111 1.7999999523162842 51.75485038757324
vertex -67.67255706787111 5.800000190734863 51.75485038757324
endloop
endfacet
facet normal 0.6216557954115272 -0.0 0.7832905412624752
outer loop
vertex -68.45949096679689 5.800000190734863 52.491891860961914
vertex -68.31851501464845 1.7999999523162842 52.38000679016113
vertex -68.31851501464845 5.800000190734863 52.38000679016113
endloop
endfacet
facet normal 0.595698086131921 -0.0 0.8032084350769522
outer loop
vertex -68.60405273437502 5.800000190734863 52.59910583496094
vertex -68.45949096679689 1.7999999523162842 52.491891860961914
vertex -68.45949096679689 5.800000190734863 52.491891860961914
endloop
endfacet
facet normal -0.0 1.0 -0.0
outer loop
vertex -71.44796295166017 5.800000190734863 42.64022445678711
vertex -73.27994079589845 5.800000190734863 45.9250545501709
vertex -71.26858062744142 5.800000190734863 42.65493297576904
endloop
endfacet
facet normal -0.0 1.0 -0.0
outer loop
vertex -71.62771911621095 5.800000190734863 42.63139343261719
vertex -73.68150634765627 5.800000190734863 46.254615783691406
vertex -71.44796295166017 5.800000190734863 42.64022445678711
endloop
endfacet
facet normal -0.0 1.0 -0.0
outer loop
vertex -71.26858062744142 5.800000190734863 42.65493297576904
vertex -72.97973937988283 5.800000190734863 45.75173568725586
vertex -71.08978576660158 5.800000190734863 42.67550182342529
endloop
endfacet
facet normal -0.0 0.9999999999999999 -0.0
outer loop
vertex -71.44796295166017 5.800000190734863 42.64022445678711
vertex -73.55494232177736 5.800000190734863 46.13607311248779
vertex -73.4208938598633 5.800000190734863 46.02606201171875
endloop
endfacet
facet normal -0.0 0.9999999999999999 -0.0
outer loop
vertex -71.26858062744142 5.800000190734863 42.65493297576904
vertex -73.13267822265627 5.800000190734863 45.833481788635254
vertex -72.97973937988283 5.800000190734863 45.75173568725586
endloop
endfacet
facet normal -0.0 1.0 -0.0
outer loop
vertex -71.44796295166017 5.800000190734863 42.64022445678711
vertex -73.4208938598633 5.800000190734863 46.02606201171875
vertex -73.27994079589845 5.800000190734863 45.9250545501709
endloop
endfacet
facet normal -0.0 1.0 -0.0
outer loop
vertex -71.26858062744142 5.800000190734863 42.65493297576904
vertex -73.27994079589845 5.800000190734863 45.9250545501709
vertex -73.13267822265627 5.800000190734863 45.833481788635254
endloop
endfacet
facet normal -0.0 1.0 -0.0
outer loop
vertex -70.73468322753908 5.800000190734863 42.734129905700684
vertex -72.49354858398439 5.800000190734863 45.568745613098145
vertex -72.32466430664064 5.800000190734863 45.529367446899414
endloop
endfacet
facet normal -0.0 1.0 -0.0
outer loop
vertex -70.73468322753908 5.800000190734863 42.734129905700684
vertex -72.32466430664064 5.800000190734863 45.529367446899414
vertex -72.15356750488283 5.800000190734863 45.50111961364746
endloop
endfacet
facet normal -0.0 1.0 -0.0
outer loop
vertex -71.08978576660158 5.800000190734863 42.67550182342529
vertex -72.82178802490236 5.800000190734863 45.68016815185547
vertex -72.65948791503908 5.800000190734863 45.619083404541016
endloop
endfacet
facet normal -0.0 1.0 -0.0
outer loop
vertex -71.08978576660158 5.800000190734863 42.67550182342529
vertex -72.97973937988283 5.800000190734863 45.75173568725586
vertex -72.82178802490236 5.800000190734863 45.68016815185547
endloop
endfacet
facet normal -0.0 1.0 -0.0
outer loop
vertex -70.91175384521486 5.800000190734863 42.7019100189209
vertex -72.65948791503908 5.800000190734863 45.619083404541016
vertex -72.49354858398439 5.800000190734863 45.568745613098145
endloop
endfacet
facet normal -0.0 1.0 -0.0
outer loop
vertex -72.62726898193361 5.800000190734863 42.69058704376221
vertex -77.03342742919924 5.800000190734863 49.84147262573242
vertex -72.3467742919922 5.800000190734863 42.65493297576904
endloop
endfacet
facet normal -0.0 0.9999999999999999 -0.0
outer loop
vertex -72.3467742919922 5.800000190734863 42.65493297576904
vertex -76.8890106201172 5.800000190734863 50.23320770263672
vertex -72.16739196777345 5.800000190734863 42.64022445678711
endloop
endfacet
facet normal -0.0 1.0 -0.0
outer loop
vertex -72.16739196777345 5.800000190734863 42.64022445678711
vertex -76.81742401123049 5.800000190734863 50.39833641052246
vertex -71.98762817382814 5.800000190734863 42.63139343261719
endloop
endfacet
facet normal -0.0 1.0 -0.0
outer loop
vertex -71.98762817382814 5.800000190734863 42.63139343261719
vertex -76.7404739379883 5.800000190734863 50.56103706359863
vertex -71.80767364501955 5.800000190734863 42.628448486328125
endloop
endfacet
facet normal -0.0 1.0 -0.0
outer loop
vertex -71.62771911621095 5.800000190734863 42.63139343261719
vertex -74.01107330322267 5.800000190734863 46.656188011169434
vertex -73.91006011962892 5.800000190734863 46.515231132507324
endloop
endfacet
facet normal -0.0 1.0 -0.0
outer loop
vertex -71.80767364501955 5.800000190734863 42.628448486328125
vertex -76.65824432373049 5.800000190734863 50.72113037109375
vertex -71.62771911621095 5.800000190734863 42.63139343261719
endloop
endfacet
facet normal -0.0 1.0 -0.0
outer loop
vertex -71.62771911621095 5.800000190734863 42.63139343261719
vertex -74.10264129638674 5.800000190734863 46.80344867706299
vertex -74.01107330322267 5.800000190734863 46.656188011169434
endloop
endfacet
facet normal -0.0 0.9999999999999999 -0.0
outer loop
vertex -71.62771911621095 5.800000190734863 42.63139343261719
vertex -73.80005187988283 5.800000190734863 46.38118267059326
vertex -73.68150634765627 5.800000190734863 46.254615783691406
endloop
endfacet
facet normal -0.0 1.0 -0.0
outer loop
vertex -71.44796295166017 5.800000190734863 42.64022445678711
vertex -73.68150634765627 5.800000190734863 46.254615783691406
vertex -73.55494232177736 5.800000190734863 46.13607311248779
endloop
endfacet
facet normal -0.0 0.9999999999999999 -0.0
outer loop
vertex -71.62771911621095 5.800000190734863 42.63139343261719
vertex -73.91006011962892 5.800000190734863 46.515231132507324
vertex -73.80005187988283 5.800000190734863 46.38118267059326
endloop
endfacet
facet normal 0.0 1.0 -0.0
outer loop
vertex -72.3467742919922 5.800000190734863 42.65493297576904
vertex -77.03342742919924 5.800000190734863 49.84147262573242
vertex -76.95515747070314 5.800000190734863 50.06582450866699
endloop
endfacet
facet normal 0.0 0.9999999999999999 -0.0
outer loop
vertex -72.3467742919922 5.800000190734863 42.65493297576904
vertex -76.95515747070314 5.800000190734863 50.06582450866699
vertex -76.8890106201172 5.800000190734863 50.23320770263672
endloop
endfacet
facet normal 0.0 0.9999999999999999 -0.0
outer loop
vertex -72.16739196777345 5.800000190734863 42.64022445678711
vertex -76.8890106201172 5.800000190734863 50.23320770263672
vertex -76.81742401123049 5.800000190734863 50.39833641052246
endloop
endfacet
facet normal 0.0 1.0 -0.0
outer loop
vertex -71.98762817382814 5.800000190734863 42.63139343261719
vertex -76.81742401123049 5.800000190734863 50.39833641052246
vertex -76.7404739379883 5.800000190734863 50.56103706359863
endloop
endfacet
facet normal 0.0 1.0 -0.0
outer loop
vertex -71.80767364501955 5.800000190734863 42.628448486328125
vertex -76.7404739379883 5.800000190734863 50.56103706359863
vertex -76.65824432373049 5.800000190734863 50.72113037109375
endloop
endfacet
facet normal 0.0 1.0 -0.0
outer loop
vertex -71.62771911621095 5.800000190734863 42.63139343261719
vertex -76.65824432373049 5.800000190734863 50.72113037109375
vertex -76.57081909179689 5.800000190734863 50.878448486328125
endloop
endfacet
facet normal -0.0 1.0 -0.0
outer loop
vertex -74.10264129638674 5.800000190734863 46.80344867706299
vertex -76.57081909179689 5.800000190734863 50.878448486328125
vertex -74.18439025878908 5.800000190734863 46.95638370513916
endloop
endfacet
facet normal -0.0 1.0 -0.0
outer loop
vertex -74.18439025878908 5.800000190734863 46.95638370513916
vertex -76.57081909179689 5.800000190734863 50.878448486328125
vertex -74.2559539794922 5.800000190734863 47.11433792114258
endloop
endfacet
facet normal -0.0 1.0 -0.0
outer loop
vertex -74.31704254150392 5.800000190734863 47.276634216308594
vertex -76.57081909179689 5.800000190734863 50.878448486328125
vertex -74.36738128662111 5.800000190734863 47.44257831573486
endloop
endfacet
facet normal 0.0 1.0 0.0
outer loop
vertex -74.31704254150392 5.800000190734863 47.276634216308594
vertex -74.2559539794922 5.800000190734863 47.11433792114258
vertex -76.57081909179689 5.800000190734863 50.878448486328125
endloop
endfacet
facet normal -0.0 1.0 -0.0
outer loop
vertex -74.36738128662111 5.800000190734863 47.44257831573486
vertex -76.47828979492189 5.800000190734863 51.03282165527344
vertex -74.40675659179689 5.800000190734863 47.611459732055664
endloop
endfacet
facet normal -0.0 1.0 -0.0
outer loop
vertex -74.40675659179689 5.800000190734863 47.611459732055664
vertex -76.47828979492189 5.800000190734863 51.03282165527344
vertex -74.43500823974611 5.800000190734863 47.782554626464844
endloop
endfacet
facet normal -0.0 1.0 -0.0
outer loop
vertex -74.43500823974611 5.800000190734863 47.782554626464844
vertex -76.47828979492189 5.800000190734863 51.03282165527344
vertex -74.4519989013672 5.800000190734863 47.9551305770874
endloop
endfacet
facet normal -0.0 0.9999999999999999 -0.0
outer loop
vertex -71.62771911621095 5.800000190734863 42.63139343261719
vertex -76.57081909179689 5.800000190734863 50.878448486328125
vertex -74.10264129638674 5.800000190734863 46.80344867706299
endloop
endfacet
facet normal -0.0 1.0 -0.0
outer loop
vertex -71.08978576660158 5.800000190734863 42.67550182342529
vertex -72.65948791503908 5.800000190734863 45.619083404541016
vertex -70.91175384521486 5.800000190734863 42.7019100189209
endloop
endfacet
facet normal -0.0 0.9999999999999999 -0.0
outer loop
vertex -70.91175384521486 5.800000190734863 42.7019100189209
vertex -72.49354858398439 5.800000190734863 45.568745613098145
vertex -70.73468322753908 5.800000190734863 42.734129905700684
endloop
endfacet
facet normal -0.0 1.0 -0.0
outer loop
vertex -70.73468322753908 5.800000190734863 42.734129905700684
vertex -72.15356750488283 5.800000190734863 45.50111961364746
vertex -70.55875701904299 5.800000190734863 42.772125244140625
endloop
endfacet
facet normal -0.0 0.9999999999999999 -0.0
outer loop
vertex -70.55875701904299 5.800000190734863 42.772125244140625
vertex -71.98099822998049 5.800000190734863 45.48412227630615
vertex -70.38417358398439 5.800000190734863 42.81585693359375
endloop
endfacet
facet normal -0.0 1.0 -0.0
outer loop
vertex -70.38417358398439 5.800000190734863 42.81585693359375
vertex -71.80767364501955 5.800000190734863 45.47844886779785
vertex -70.13928527832033 5.800000190734863 42.88835525512695
endloop
endfacet
facet normal -0.0 1.0 -0.0
outer loop
vertex -70.55875701904299 5.800000190734863 42.772125244140625
vertex -72.15356750488283 5.800000190734863 45.50111961364746
vertex -71.98099822998049 5.800000190734863 45.48412227630615
endloop
endfacet
facet normal -0.0 1.0 -0.0
outer loop
vertex -70.38417358398439 5.800000190734863 42.81585693359375
vertex -71.98099822998049 5.800000190734863 45.48412227630615
vertex -71.80767364501955 5.800000190734863 45.47844886779785
endloop
endfacet
facet normal 0.0 1.0 -0.0
outer loop
vertex -70.13928527832033 5.800000190734863 42.88835525512695
vertex -71.80767364501955 5.800000190734863 45.47844886779785
vertex -71.63435668945314 5.800000190734863 45.48412227630615
endloop
endfacet
facet normal 0.0 1.0 -0.0
outer loop
vertex -70.13928527832033 5.800000190734863 42.88835525512695
vertex -71.63435668945314 5.800000190734863 45.48412227630615
vertex -71.46177978515627 5.800000190734863 45.50111961364746
endloop
endfacet
facet normal 0.0 0.9999999999999999 -0.0
outer loop
vertex -70.13928527832033 5.800000190734863 42.88835525512695
vertex -71.46177978515627 5.800000190734863 45.50111961364746
vertex -71.29069061279299 5.800000190734863 45.529367446899414
endloop
endfacet
facet normal 0.0 1.0 -0.0
outer loop
vertex -70.13928527832033 5.800000190734863 42.88835525512695
vertex -71.29069061279299 5.800000190734863 45.529367446899414
vertex -71.12180633544924 5.800000190734863 45.568745613098145
endloop
endfacet
facet normal 0.0 1.0 -0.0
outer loop
vertex -70.13928527832033 5.800000190734863 42.88835525512695
vertex -71.12180633544924 5.800000190734863 45.568745613098145
vertex -70.95585937500002 5.800000190734863 45.619083404541016
endloop
endfacet
facet normal 0.0 1.0 -0.0
outer loop
vertex -70.13928527832033 5.800000190734863 42.88835525512695
vertex -70.95585937500002 5.800000190734863 45.619083404541016
vertex -70.79356689453127 5.800000190734863 45.68016815185547
endloop
endfacet
facet normal 0.0 0.9999999999999999 -0.0
outer loop
vertex -70.13928527832033 5.800000190734863 42.88835525512695
vertex -70.79356689453127 5.800000190734863 45.68016815185547
vertex -70.63560791015627 5.800000190734863 45.75173568725586
endloop
endfacet
facet normal 0.0 1.0 -0.0
outer loop
vertex -70.13928527832033 5.800000190734863 42.88835525512695
vertex -70.63560791015627 5.800000190734863 45.75173568725586
vertex -70.48267669677736 5.800000190734863 45.833481788635254
endloop
endfacet
facet normal 0.0 1.0 -0.0
outer loop
vertex -70.13928527832033 5.800000190734863 42.88835525512695
vertex -70.48267669677736 5.800000190734863 45.833481788635254
vertex -70.33541412353517 5.800000190734863 45.9250545501709
endloop
endfacet
facet normal 0.0 1.0 -0.0
outer loop
vertex -70.13928527832033 5.800000190734863 42.88835525512695
vertex -70.33541412353517 5.800000190734863 45.9250545501709
vertex -70.19446105957033 5.800000190734863 46.02606201171875
endloop
endfacet
facet normal 0.0 1.0 -0.0
outer loop
vertex -70.13928527832033 5.800000190734863 42.88835525512695
vertex -70.19446105957033 5.800000190734863 46.02606201171875
vertex -70.06041259765627 5.800000190734863 46.13607311248779
endloop
endfacet
facet normal 0.0 0.9999999999999999 0.0
outer loop
vertex -70.13928527832033 5.800000190734863 42.88835525512695
vertex -70.06041259765627 5.800000190734863 46.13607311248779
vertex -69.93384094238283 5.800000190734863 46.254615783691406
endloop
endfacet
facet normal 0.0 1.0 0.0
outer loop
vertex -70.13928527832033 5.800000190734863 42.88835525512695
vertex -69.93384094238283 5.800000190734863 46.254615783691406
vertex -69.8153030395508 5.800000190734863 46.38118267059326
endloop
endfacet
facet normal 0.0 1.0 0.0
outer loop
vertex -70.13928527832033 5.800000190734863 42.88835525512695
vertex -69.8153030395508 5.800000190734863 46.38118267059326
vertex -69.70528717041017 5.800000190734863 46.515231132507324
endloop
endfacet
facet normal 0.0 1.0 0.0
outer loop
vertex -70.13928527832033 5.800000190734863 42.88835525512695
vertex -69.70528717041017 5.800000190734863 46.515231132507324
vertex -69.60428161621095 5.800000190734863 46.656188011169434
endloop
endfacet
facet normal 0.0 1.0 0.0
outer loop
vertex -70.13928527832033 5.800000190734863 42.88835525512695
vertex -69.60428161621095 5.800000190734863 46.656188011169434
vertex -69.51270599365236 5.800000190734863 46.80344867706299
endloop
endfacet
facet normal 0.0 1.0 0.0
outer loop
vertex -70.13928527832033 5.800000190734863 42.88835525512695
vertex -69.51270599365236 5.800000190734863 46.80344867706299
vertex -69.43096466064455 5.800000190734863 46.95638370513916
endloop
endfacet
facet normal 0.0 1.0 0.0
outer loop
vertex -70.13928527832033 5.800000190734863 42.88835525512695
vertex -69.43096466064455 5.800000190734863 46.95638370513916
vertex -69.35939331054689 5.800000190734863 47.11433792114258
endloop
endfacet
facet normal 0.0 1.0 0.0
outer loop
vertex -70.13928527832033 5.800000190734863 42.88835525512695
vertex -69.35939331054689 5.800000190734863 47.11433792114258
vertex -69.2983123779297 5.800000190734863 47.276634216308594
endloop
endfacet
facet normal 0.0 1.0 0.0
outer loop
vertex -70.13928527832033 5.800000190734863 42.88835525512695
vertex -69.2983123779297 5.800000190734863 47.276634216308594
vertex -69.24797363281252 5.800000190734863 47.44257831573486
endloop
endfacet
facet normal 0.0 0.9999999999999999 0.0
outer loop
vertex -70.13928527832033 5.800000190734863 42.88835525512695
vertex -69.24797363281252 5.800000190734863 47.44257831573486
vertex -69.20859832763674 5.800000190734863 47.611459732055664
endloop
endfacet
facet normal 0.0 1.0 0.0
outer loop
vertex -70.13928527832033 5.800000190734863 42.88835525512695
vertex -69.20859832763674 5.800000190734863 47.611459732055664
vertex -68.18127746582033 5.800000190734863 52.263566970825195
endloop
endfacet
facet normal -0.0 1.0 0.0
outer loop
vertex -70.13928527832033 5.800000190734863 42.88835525512695
vertex -67.79342193603517 5.800000190734863 51.888206481933594
vertex -67.67255706787111 5.800000190734863 51.75485038757324
endloop
endfacet
facet normal -0.0 1.0 0.0
outer loop
vertex -70.13928527832033 5.800000190734863 42.88835525512695
vertex -67.91858978271486 5.800000190734863 52.01753616333008
vertex -67.79342193603517 5.800000190734863 51.888206481933594
endloop
endfacet
facet normal -0.0 1.0 0.0
outer loop
vertex -70.13928527832033 5.800000190734863 42.88835525512695
vertex -67.04453582763674 5.800000190734863 50.878448486328125
vertex -66.91875000000002 5.800000190734863 50.64645767211914
endloop
endfacet
facet normal -0.0 1.0 0.0
outer loop
vertex -70.13928527832033 5.800000190734863 42.88835525512695
vertex -67.13706512451174 5.800000190734863 51.03282165527344
vertex -67.04453582763674 5.800000190734863 50.878448486328125
endloop
endfacet
facet normal -0.0 1.0 0.0
outer loop
vertex -70.13928527832033 5.800000190734863 42.88835525512695
vertex -67.2345916748047 5.800000190734863 51.184085845947266
vertex -67.13706512451174 5.800000190734863 51.03282165527344
endloop
endfacet
facet normal -0.0 1.0 0.0
outer loop
vertex -70.13928527832033 5.800000190734863 42.88835525512695
vertex -67.33701629638674 5.800000190734863 51.332075119018555
vertex -67.2345916748047 5.800000190734863 51.184085845947266
endloop
endfacet
facet normal -0.0 1.0 0.0
outer loop
vertex -70.13928527832033 5.800000190734863 42.88835525512695
vertex -67.55611724853517 5.800000190734863 51.617610931396484
vertex -67.44423217773439 5.800000190734863 51.47663688659668
endloop
endfacet
facet normal -0.0 1.0 0.0
outer loop
vertex -70.13928527832033 5.800000190734863 42.88835525512695
vertex -67.44423217773439 5.800000190734863 51.47663688659668
vertex -67.33701629638674 5.800000190734863 51.332075119018555
endloop
endfacet
facet normal -0.0 1.0 0.0
outer loop
vertex -70.13928527832033 5.800000190734863 42.88835525512695
vertex -67.67255706787111 5.800000190734863 51.75485038757324
vertex -67.55611724853517 5.800000190734863 51.617610931396484
endloop
endfacet
facet normal -0.0 1.0 -0.0
outer loop
vertex -74.4519989013672 5.800000190734863 47.9551305770874
vertex -76.38075561523439 5.800000190734863 51.184085845947266
vertex -74.45767517089845 5.800000190734863 48.128448486328125
endloop
endfacet
facet normal -0.0 1.0 -0.0
outer loop
vertex -74.45767517089845 5.800000190734863 48.128448486328125
vertex -76.27833099365236 5.800000190734863 51.332075119018555
vertex -74.4519989013672 5.800000190734863 48.301767349243164
endloop
endfacet
facet normal -0.0 1.0 -0.0
outer loop
vertex -74.4519989013672 5.800000190734863 48.301767349243164
vertex -76.27833099365236 5.800000190734863 51.332075119018555
vertex -74.43500823974611 5.800000190734863 48.474342346191406
endloop
endfacet
facet normal -0.0 1.0 -0.0
outer loop
vertex -74.43500823974611 5.800000190734863 48.474342346191406
vertex -76.17112274169924 5.800000190734863 51.47663688659668
vertex -74.40675659179689 5.800000190734863 48.645437240600586
endloop
endfacet
facet normal 0.0 1.0 -0.0
outer loop
vertex -74.36738128662111 5.800000190734863 47.44257831573486
vertex -76.57081909179689 5.800000190734863 50.878448486328125
vertex -76.47828979492189 5.800000190734863 51.03282165527344
endloop
endfacet
facet normal 0.0 1.0 -0.0
outer loop
vertex -74.4519989013672 5.800000190734863 47.9551305770874
vertex -76.47828979492189 5.800000190734863 51.03282165527344
vertex -76.38075561523439 5.800000190734863 51.184085845947266
endloop
endfacet
facet normal 0.0 1.0 -0.0
outer loop
vertex -74.45767517089845 5.800000190734863 48.128448486328125
vertex -76.38075561523439 5.800000190734863 51.184085845947266
vertex -76.27833099365236 5.800000190734863 51.332075119018555
endloop
endfacet
facet normal -0.0 1.0 -0.0
outer loop
vertex -74.40675659179689 5.800000190734863 48.645437240600586
vertex -76.05923767089845 5.800000190734863 51.617610931396484
vertex -74.36738128662111 5.800000190734863 48.8143196105957
endloop
endfacet
facet normal -0.0 1.0 -0.0
outer loop
vertex -74.36738128662111 5.800000190734863 48.8143196105957
vertex -76.05923767089845 5.800000190734863 51.617610931396484
vertex -74.31704254150392 5.800000190734863 48.980262756347656
endloop
endfacet
facet normal -0.0 1.0 -0.0
outer loop
vertex -74.31704254150392 5.800000190734863 48.980262756347656
vertex -75.94279785156252 5.800000190734863 51.75485038757324
vertex -74.2559539794922 5.800000190734863 49.14255905151367
endloop
endfacet
facet normal -0.0 0.9999999999999999 -0.0
outer loop
vertex -74.2559539794922 5.800000190734863 49.14255905151367
vertex -75.82192535400392 5.800000190734863 51.888206481933594
vertex -74.18439025878908 5.800000190734863 49.300514221191406
endloop
endfacet
facet normal 0.0 0.9999999999999999 -0.0
outer loop
vertex -74.43500823974611 5.800000190734863 48.474342346191406
vertex -76.27833099365236 5.800000190734863 51.332075119018555
vertex -76.17112274169924 5.800000190734863 51.47663688659668
endloop
endfacet
facet normal 0.0 1.0 -0.0
outer loop
vertex -74.40675659179689 5.800000190734863 48.645437240600586
vertex -76.17112274169924 5.800000190734863 51.47663688659668
vertex -76.05923767089845 5.800000190734863 51.617610931396484
endloop
endfacet
facet normal 0.0 1.0 -0.0
outer loop
vertex -74.31704254150392 5.800000190734863 48.980262756347656
vertex -76.05923767089845 5.800000190734863 51.617610931396484
vertex -75.94279785156252 5.800000190734863 51.75485038757324
endloop
endfacet
facet normal 0.0 1.0 -0.0
outer loop
vertex -74.2559539794922 5.800000190734863 49.14255905151367
vertex -75.94279785156252 5.800000190734863 51.75485038757324
vertex -75.82192535400392 5.800000190734863 51.888206481933594
endloop
endfacet
facet normal 0.0 1.0 -0.0
outer loop
vertex -74.18439025878908 5.800000190734863 49.300514221191406
vertex -75.82192535400392 5.800000190734863 51.888206481933594
vertex -75.69676513671877 5.800000190734863 52.01753616333008
endloop
endfacet
facet normal 0.0 1.0 -0.0
outer loop
vertex -74.10264129638674 5.800000190734863 49.45344924926758
vertex -75.69676513671877 5.800000190734863 52.01753616333008
vertex -75.56743164062502 5.800000190734863 52.1427001953125
endloop
endfacet
facet normal 0.0 1.0 -0.0
outer loop
vertex -74.01107330322267 5.800000190734863 49.60070991516113
vertex -75.56743164062502 5.800000190734863 52.1427001953125
vertex -75.4340774536133 5.800000190734863 52.263566970825195
endloop
endfacet
facet normal 0.0 1.0 -0.0
outer loop
vertex -73.91006011962892 5.800000190734863 49.74166679382324
vertex -75.4340774536133 5.800000190734863 52.263566970825195
vertex -75.29683990478517 5.800000190734863 52.38000679016113
endloop
endfacet
facet normal 0.0 1.0 -0.0
outer loop
vertex -73.91006011962892 5.800000190734863 49.74166679382324
vertex -75.29683990478517 5.800000190734863 52.38000679016113
vertex -75.15586395263674 5.800000190734863 52.491891860961914
endloop
endfacet
facet normal -0.0 0.9999999999999999 -0.0
outer loop
vertex -74.18439025878908 5.800000190734863 49.300514221191406
vertex -75.69676513671877 5.800000190734863 52.01753616333008
vertex -74.10264129638674 5.800000190734863 49.45344924926758
endloop
endfacet
facet normal -0.0 1.0 -0.0
outer loop
vertex -74.10264129638674 5.800000190734863 49.45344924926758
vertex -75.56743164062502 5.800000190734863 52.1427001953125
vertex -74.01107330322267 5.800000190734863 49.60070991516113
endloop
endfacet
facet normal -0.0 1.0 -0.0
outer loop
vertex -74.01107330322267 5.800000190734863 49.60070991516113
vertex -75.4340774536133 5.800000190734863 52.263566970825195
vertex -73.91006011962892 5.800000190734863 49.74166679382324
endloop
endfacet
facet normal -0.0 0.9999999999999999 -0.0
outer loop
vertex -73.91006011962892 5.800000190734863 49.74166679382324
vertex -75.15586395263674 5.800000190734863 52.491891860961914
vertex -73.80005187988283 5.800000190734863 49.875715255737305
endloop
endfacet
facet normal -0.0 0.9999999999999999 -0.0
outer loop
vertex -73.80005187988283 5.800000190734863 49.875715255737305
vertex -75.01130218505861 5.800000190734863 52.59910583496094
vertex -73.68150634765627 5.800000190734863 50.002281188964844
endloop
endfacet
facet normal -0.0 1.0 -0.0
outer loop
vertex -73.68150634765627 5.800000190734863 50.002281188964844
vertex -74.86331481933595 5.800000190734863 52.7015323638916
vertex -73.55494232177736 5.800000190734863 50.12082481384277
endloop
endfacet
facet normal 0.0 1.0 -0.0
outer loop
vertex -73.80005187988283 5.800000190734863 49.875715255737305
vertex -75.15586395263674 5.800000190734863 52.491891860961914
vertex -75.01130218505861 5.800000190734863 52.59910583496094
endloop
endfacet
facet normal -0.0 1.0 -0.0
outer loop
vertex -73.55494232177736 5.800000190734863 50.12082481384277
vertex -74.71204681396486 5.800000190734863 52.7990608215332
vertex -73.4208938598633 5.800000190734863 50.2308349609375
endloop
endfacet
facet normal -0.0 1.0 -0.0
outer loop
vertex -73.4208938598633 5.800000190734863 50.2308349609375
vertex -74.40035552978517 5.800000190734863 52.9790153503418
vertex -73.27994079589845 5.800000190734863 50.33184242248535
endloop
endfacet
facet normal -0.0 0.9999999999999999 -0.0
outer loop
vertex -73.27994079589845 5.800000190734863 50.33184242248535
vertex -74.24026794433595 5.800000190734863 53.061248779296875
vertex -73.13267822265627 5.800000190734863 50.42341613769531
endloop
endfacet
facet normal -0.0 1.0 -0.0
outer loop
vertex -73.13267822265627 5.800000190734863 50.42341613769531
vertex -74.07756347656252 5.800000190734863 53.13819885253906
vertex -72.97973937988283 5.800000190734863 50.50516128540039
endloop
endfacet
facet normal -0.0 1.0 -0.0
outer loop
vertex -72.97973937988283 5.800000190734863 50.50516128540039
vertex -73.74505157470705 5.800000190734863 53.275930404663086
vertex -72.82178802490236 5.800000190734863 50.57672882080078
endloop
endfacet
facet normal -0.0 0.9999999999999999 -0.0
outer loop
vertex -72.82178802490236 5.800000190734863 50.57672882080078
vertex -73.57559509277345 5.800000190734863 53.336565017700195
vertex -72.65948791503908 5.800000190734863 50.637813568115234
endloop
endfacet
facet normal -0.0 1.0 -0.0
outer loop
vertex -72.65948791503908 5.800000190734863 50.637813568115234
vertex -73.40423889160158 5.800000190734863 53.39162063598633
vertex -72.49354858398439 5.800000190734863 50.68815231323242
endloop
endfacet
facet normal -0.0 0.9999999999999999 -0.0
outer loop
vertex -72.49354858398439 5.800000190734863 50.68815231323242
vertex -73.05659790039064 5.800000190734863 53.484771728515625
vertex -72.32466430664064 5.800000190734863 50.727529525756836
endloop
endfacet
facet normal -0.0 0.9999999999999999 -0.0
outer loop
vertex -72.32466430664064 5.800000190734863 50.727529525756836
vertex -72.70360107421877 5.800000190734863 53.55498695373535
vertex -72.15356750488283 5.800000190734863 50.75577735900879
endloop
endfacet
facet normal 0.0 1.0 -0.0
outer loop
vertex -73.68150634765627 5.800000190734863 50.002281188964844
vertex -75.01130218505861 5.800000190734863 52.59910583496094
vertex -74.86331481933595 5.800000190734863 52.7015323638916
endloop
endfacet
facet normal 0.0 1.0 -0.0
outer loop
vertex -73.55494232177736 5.800000190734863 50.12082481384277
vertex -74.86331481933595 5.800000190734863 52.7015323638916
vertex -74.71204681396486 5.800000190734863 52.7990608215332
endloop
endfacet
facet normal 0.0 1.0 -0.0
outer loop
vertex -73.4208938598633 5.800000190734863 50.2308349609375
vertex -74.71204681396486 5.800000190734863 52.7990608215332
vertex -74.55767364501955 5.800000190734863 52.89158821105957
endloop
endfacet
facet normal 0.0 1.0 -0.0
outer loop
vertex -73.4208938598633 5.800000190734863 50.2308349609375
vertex -74.55767364501955 5.800000190734863 52.89158821105957
vertex -74.40035552978517 5.800000190734863 52.9790153503418
endloop
endfacet
facet normal 0.0 1.0 -0.0
outer loop
vertex -73.27994079589845 5.800000190734863 50.33184242248535
vertex -74.40035552978517 5.800000190734863 52.9790153503418
vertex -74.24026794433595 5.800000190734863 53.061248779296875
endloop
endfacet
facet normal 0.0 1.0 -0.0
outer loop
vertex -73.13267822265627 5.800000190734863 50.42341613769531
vertex -74.24026794433595 5.800000190734863 53.061248779296875
vertex -74.07756347656252 5.800000190734863 53.13819885253906
endloop
endfacet
facet normal 0.0 1.0 -0.0
outer loop
vertex -72.97973937988283 5.800000190734863 50.50516128540039
vertex -74.07756347656252 5.800000190734863 53.13819885253906
vertex -73.91243286132814 5.800000190734863 53.20978546142578
endloop
endfacet
facet normal 0.0 1.0 -0.0
outer loop
vertex -72.97973937988283 5.800000190734863 50.50516128540039
vertex -73.91243286132814 5.800000190734863 53.20978546142578
vertex -73.74505157470705 5.800000190734863 53.275930404663086
endloop
endfacet
facet normal 0.0 1.0 -0.0
outer loop
vertex -72.82178802490236 5.800000190734863 50.57672882080078
vertex -73.74505157470705 5.800000190734863 53.275930404663086
vertex -73.57559509277345 5.800000190734863 53.336565017700195
endloop
endfacet
facet normal 0.0 1.0 -0.0
outer loop
vertex -72.65948791503908 5.800000190734863 50.637813568115234
vertex -73.57559509277345 5.800000190734863 53.336565017700195
vertex -73.40423889160158 5.800000190734863 53.39162063598633
endloop
endfacet
facet normal -0.0 0.9999999999999999 -0.0
outer loop
vertex -72.15356750488283 5.800000190734863 50.75577735900879
vertex -72.52556915283205 5.800000190734863 53.58139610290527
vertex -71.98099822998049 5.800000190734863 50.772775650024414
endloop
endfacet
facet normal -0.0 1.0 -0.0
outer loop
vertex -71.98099822998049 5.800000190734863 50.772775650024414
vertex -72.3467742919922 5.800000190734863 53.60196495056152
vertex -71.80767364501955 5.800000190734863 50.7784481048584
endloop
endfacet
facet normal -0.0 1.0 -0.0
outer loop
vertex -71.80767364501955 5.800000190734863 50.7784481048584
vertex -72.16739196777345 5.800000190734863 53.61667251586914
vertex -71.63435668945314 5.800000190734863 50.772775650024414
endloop
endfacet
facet normal -0.0 1.0 -0.0
outer loop
vertex -71.63435668945314 5.800000190734863 50.772775650024414
vertex -71.80767364501955 5.800000190734863 53.628448486328125
vertex -71.46177978515627 5.800000190734863 50.75577735900879
endloop
endfacet
facet normal 0.0 1.0 -0.0
outer loop
vertex -72.49354858398439 5.800000190734863 50.68815231323242
vertex -73.40423889160158 5.800000190734863 53.39162063598633
vertex -73.23118133544924 5.800000190734863 53.4410400390625
endloop
endfacet
facet normal 0.0 1.0 -0.0
outer loop
vertex -72.49354858398439 5.800000190734863 50.68815231323242
vertex -73.23118133544924 5.800000190734863 53.4410400390625
vertex -73.05659790039064 5.800000190734863 53.484771728515625
endloop
endfacet
facet normal 0.0 1.0 -0.0
outer loop
vertex -72.32466430664064 5.800000190734863 50.727529525756836
vertex -73.05659790039064 5.800000190734863 53.484771728515625
vertex -72.88067169189455 5.800000190734863 53.52276802062988
endloop
endfacet
facet normal 0.0 1.0 -0.0
outer loop
vertex -72.32466430664064 5.800000190734863 50.727529525756836
vertex -72.88067169189455 5.800000190734863 53.52276802062988
vertex -72.70360107421877 5.800000190734863 53.55498695373535
endloop
endfacet
facet normal 0.0 1.0 -0.0
outer loop
vertex -72.15356750488283 5.800000190734863 50.75577735900879
vertex -72.70360107421877 5.800000190734863 53.55498695373535
vertex -72.52556915283205 5.800000190734863 53.58139610290527
endloop
endfacet
facet normal 0.0 1.0 -0.0
outer loop
vertex -71.98099822998049 5.800000190734863 50.772775650024414
vertex -72.52556915283205 5.800000190734863 53.58139610290527
vertex -72.3467742919922 5.800000190734863 53.60196495056152
endloop
endfacet
facet normal 0.0 1.0 -0.0
outer loop
vertex -71.80767364501955 5.800000190734863 50.7784481048584
vertex -72.3467742919922 5.800000190734863 53.60196495056152
vertex -72.16739196777345 5.800000190734863 53.61667251586914
endloop
endfacet
facet normal 0.0 1.0 -0.0
outer loop
vertex -71.63435668945314 5.800000190734863 50.772775650024414
vertex -72.16739196777345 5.800000190734863 53.61667251586914
vertex -71.98762817382814 5.800000190734863 53.62550354003906
endloop
endfacet
facet normal 0.0 1.0 -0.0
outer loop
vertex -71.63435668945314 5.800000190734863 50.772775650024414
vertex -71.98762817382814 5.800000190734863 53.62550354003906
vertex -71.80767364501955 5.800000190734863 53.628448486328125
endloop
endfacet
facet normal 0.0 1.0 0.0
outer loop
vertex -71.80767364501955 5.800000190734863 53.628448486328125
vertex -71.62771911621095 5.800000190734863 53.62550354003906
vertex -71.46177978515627 5.800000190734863 50.75577735900879
endloop
endfacet
facet normal -0.0 1.0 0.0
outer loop
vertex -70.13928527832033 5.800000190734863 42.88835525512695
vertex -68.18127746582033 5.800000190734863 52.263566970825195
vertex -68.04791564941408 5.800000190734863 52.1427001953125
endloop
endfacet
facet normal -0.0 1.0 0.0
outer loop
vertex -70.13928527832033 5.800000190734863 42.88835525512695
vertex -68.04791564941408 5.800000190734863 52.1427001953125
vertex -67.91858978271486 5.800000190734863 52.01753616333008
endloop
endfacet
facet normal 0.0 1.0 0.0
outer loop
vertex -69.20859832763674 5.800000190734863 47.611459732055664
vertex -69.18034667968752 5.800000190734863 47.782554626464844
vertex -68.18127746582033 5.800000190734863 52.263566970825195
endloop
endfacet
facet normal 0.0 1.0 0.0
outer loop
vertex -69.18034667968752 5.800000190734863 47.782554626464844
vertex -69.16334838867189 5.800000190734863 47.9551305770874
vertex -68.18127746582033 5.800000190734863 52.263566970825195
endloop
endfacet
facet normal 0.0 1.0 0.0
outer loop
vertex -69.16334838867189 5.800000190734863 47.9551305770874
vertex -69.15767974853517 5.800000190734863 48.128448486328125
vertex -68.18127746582033 5.800000190734863 52.263566970825195
endloop
endfacet
facet normal 0.0 1.0 -0.0
outer loop
vertex -69.15767974853517 5.800000190734863 48.128448486328125
vertex -69.16334838867189 5.800000190734863 48.301767349243164
vertex -68.31851501464845 5.800000190734863 52.38000679016113
endloop
endfacet
facet normal 0.0 1.0 -0.0
outer loop
vertex -69.18034667968752 5.800000190734863 48.474342346191406
vertex -69.20859832763674 5.800000190734863 48.645437240600586
vertex -68.45949096679689 5.800000190734863 52.491891860961914
endloop
endfacet
facet normal 0.0 1.0 -0.0
outer loop
vertex -69.20859832763674 5.800000190734863 48.645437240600586
vertex -69.24797363281252 5.800000190734863 48.8143196105957
vertex -68.45949096679689 5.800000190734863 52.491891860961914
endloop
endfacet
facet normal 0.0 1.0 -0.0
outer loop
vertex -69.16334838867189 5.800000190734863 48.301767349243164
vertex -69.18034667968752 5.800000190734863 48.474342346191406
vertex -68.31851501464845 5.800000190734863 52.38000679016113
endloop
endfacet
facet normal 0.0 1.0 -0.0
outer loop
vertex -69.24797363281252 5.800000190734863 48.8143196105957
vertex -69.2983123779297 5.800000190734863 48.980262756347656
vertex -68.60405273437502 5.800000190734863 52.59910583496094
endloop
endfacet
facet normal 0.0 1.0 -0.0
outer loop
vertex -69.2983123779297 5.800000190734863 48.980262756347656
vertex -69.35939331054689 5.800000190734863 49.14255905151367
vertex -68.75204010009767 5.800000190734863 52.7015323638916
endloop
endfacet
facet normal -0.0 0.9999999999999999 -0.0
outer loop
vertex -71.29069061279299 5.800000190734863 50.727529525756836
vertex -71.44796295166017 5.800000190734863 53.61667251586914
vertex -71.12180633544924 5.800000190734863 50.68815231323242
endloop
endfacet
facet normal 0.0 0.9999999999999999 -0.0
outer loop
vertex -70.95585937500002 5.800000190734863 50.637813568115234
vertex -71.12180633544924 5.800000190734863 50.68815231323242
vertex -71.08978576660158 5.800000190734863 53.58139610290527
endloop
endfacet
facet normal -0.0 0.9999999999999999 0.0
outer loop
vertex -70.95585937500002 5.800000190734863 50.637813568115234
vertex -70.91175384521486 5.800000190734863 53.55498695373535
vertex -70.79356689453127 5.800000190734863 50.57672882080078
endloop
endfacet
facet normal -0.0 1.0 0.0
outer loop
vertex -70.33541412353517 5.800000190734863 50.33184242248535
vertex -70.21110839843752 5.800000190734863 53.39162063598633
vertex -70.19446105957033 5.800000190734863 50.2308349609375
endloop
endfacet
facet normal 0.0 1.0 -0.0
outer loop
vertex -70.48267669677736 5.800000190734863 50.42341613769531
vertex -70.63560791015627 5.800000190734863 50.50516128540039
vertex -70.55875701904299 5.800000190734863 53.484771728515625
endloop
endfacet
facet normal 0.0 1.0 -0.0
outer loop
vertex -70.63560791015627 5.800000190734863 50.50516128540039
vertex -70.79356689453127 5.800000190734863 50.57672882080078
vertex -70.73468322753908 5.800000190734863 53.52276802062988
endloop
endfacet
facet normal 0.0 1.0 -0.0
outer loop
vertex -70.33541412353517 5.800000190734863 50.33184242248535
vertex -70.48267669677736 5.800000190734863 50.42341613769531
vertex -70.38417358398439 5.800000190734863 53.4410400390625
endloop
endfacet
facet normal 0.0 1.0 -0.0
outer loop
vertex -69.51270599365236 5.800000190734863 49.45344924926758
vertex -69.60428161621095 5.800000190734863 49.60070991516113
vertex -69.05767364501955 5.800000190734863 52.89158821105957
endloop
endfacet
facet normal -0.0 1.0 0.0
outer loop
vertex -69.93384094238283 5.800000190734863 50.002281188964844
vertex -69.53779144287111 5.800000190734863 53.13819885253906
vertex -69.8153030395508 5.800000190734863 49.875715255737305
endloop
endfacet
facet normal 0.0 1.0 -0.0
outer loop
vertex -69.60428161621095 5.800000190734863 49.60070991516113
vertex -69.70528717041017 5.800000190734863 49.74166679382324
vertex -69.21499176025392 5.800000190734863 52.9790153503418
endloop
endfacet
facet normal 0.0 1.0 -0.0
outer loop
vertex -69.70528717041017 5.800000190734863 49.74166679382324
vertex -69.8153030395508 5.800000190734863 49.875715255737305
vertex -69.37508697509767 5.800000190734863 53.061248779296875
endloop
endfacet
facet normal 0.0 0.9999999999999999 -0.0
outer loop
vertex -69.35939331054689 5.800000190734863 49.14255905151367
vertex -69.43096466064455 5.800000190734863 49.300514221191406
vertex -68.90330047607424 5.800000190734863 52.7990608215332
endloop
endfacet
facet normal 0.0 1.0 -0.0
outer loop
vertex -69.43096466064455 5.800000190734863 49.300514221191406
vertex -69.51270599365236 5.800000190734863 49.45344924926758
vertex -68.90330047607424 5.800000190734863 52.7990608215332
endloop
endfacet
facet normal -0.0 1.0 0.0
outer loop
vertex -69.15767974853517 5.800000190734863 48.128448486328125
vertex -68.31851501464845 5.800000190734863 52.38000679016113
vertex -68.18127746582033 5.800000190734863 52.263566970825195
endloop
endfacet
facet normal 0.0 1.0 -0.0
outer loop
vertex -69.93384094238283 5.800000190734863 50.002281188964844
vertex -70.06041259765627 5.800000190734863 50.12082481384277
vertex -69.70291442871095 5.800000190734863 53.20978546142578
endloop
endfacet
facet normal -0.0 1.0 0.0
outer loop
vertex -70.19446105957033 5.800000190734863 50.2308349609375
vertex -69.87030334472658 5.800000190734863 53.275930404663086
vertex -70.06041259765627 5.800000190734863 50.12082481384277
endloop
endfacet
facet normal -0.0 1.0 0.0
outer loop
vertex -69.18034667968752 5.800000190734863 48.474342346191406
vertex -68.45949096679689 5.800000190734863 52.491891860961914
vertex -68.31851501464845 5.800000190734863 52.38000679016113
endloop
endfacet
facet normal -0.0 0.9999999999999999 0.0
outer loop
vertex -69.24797363281252 5.800000190734863 48.8143196105957
vertex -68.60405273437502 5.800000190734863 52.59910583496094
vertex -68.45949096679689 5.800000190734863 52.491891860961914
endloop
endfacet
facet normal -0.0 1.0 0.0
outer loop
vertex -69.35939331054689 5.800000190734863 49.14255905151367
vertex -68.90330047607424 5.800000190734863 52.7990608215332
vertex -68.75204010009767 5.800000190734863 52.7015323638916
endloop
endfacet
facet normal -0.0 1.0 0.0
outer loop
vertex -69.2983123779297 5.800000190734863 48.980262756347656
vertex -68.75204010009767 5.800000190734863 52.7015323638916
vertex -68.60405273437502 5.800000190734863 52.59910583496094
endloop
endfacet
facet normal 0.0 0.9999999999999999 0.0
outer loop
vertex -71.62771911621095 5.800000190734863 53.62550354003906
vertex -71.29069061279299 5.800000190734863 50.727529525756836
vertex -71.46177978515627 5.800000190734863 50.75577735900879
endloop
endfacet
facet normal -0.0 1.0 -0.0
outer loop
vertex -70.19446105957033 5.800000190734863 50.2308349609375
vertex -70.21110839843752 5.800000190734863 53.39162063598633
vertex -70.03975982666017 5.800000190734863 53.336565017700195
endloop
endfacet
facet normal 0.0 1.0 0.0
outer loop
vertex -71.62771911621095 5.800000190734863 53.62550354003906
vertex -71.44796295166017 5.800000190734863 53.61667251586914
vertex -71.29069061279299 5.800000190734863 50.727529525756836
endloop
endfacet
facet normal -0.0 1.0 -0.0
outer loop
vertex -71.12180633544924 5.800000190734863 50.68815231323242
vertex -71.44796295166017 5.800000190734863 53.61667251586914
vertex -71.26858062744142 5.800000190734863 53.60196495056152
endloop
endfacet
facet normal -0.0 1.0 -0.0
outer loop
vertex -71.12180633544924 5.800000190734863 50.68815231323242
vertex -71.26858062744142 5.800000190734863 53.60196495056152
vertex -71.08978576660158 5.800000190734863 53.58139610290527
endloop
endfacet
facet normal -0.0 1.0 -0.0
outer loop
vertex -70.95585937500002 5.800000190734863 50.637813568115234
vertex -71.08978576660158 5.800000190734863 53.58139610290527
vertex -70.91175384521486 5.800000190734863 53.55498695373535
endloop
endfacet
facet normal -0.0 1.0 -0.0
outer loop
vertex -70.48267669677736 5.800000190734863 50.42341613769531
vertex -70.55875701904299 5.800000190734863 53.484771728515625
vertex -70.38417358398439 5.800000190734863 53.4410400390625
endloop
endfacet
facet normal -0.0 1.0 -0.0
outer loop
vertex -70.63560791015627 5.800000190734863 50.50516128540039
vertex -70.73468322753908 5.800000190734863 53.52276802062988
vertex -70.55875701904299 5.800000190734863 53.484771728515625
endloop
endfacet
facet normal -0.0 1.0 -0.0
outer loop
vertex -70.79356689453127 5.800000190734863 50.57672882080078
vertex -70.91175384521486 5.800000190734863 53.55498695373535
vertex -70.73468322753908 5.800000190734863 53.52276802062988
endloop
endfacet
facet normal -0.0 1.0 -0.0
outer loop
vertex -70.33541412353517 5.800000190734863 50.33184242248535
vertex -70.38417358398439 5.800000190734863 53.4410400390625
vertex -70.21110839843752 5.800000190734863 53.39162063598633
endloop
endfacet
facet normal -0.0 1.0 0.0
outer loop
vertex -69.8153030395508 5.800000190734863 49.875715255737305
vertex -69.53779144287111 5.800000190734863 53.13819885253906
vertex -69.37508697509767 5.800000190734863 53.061248779296875
endloop
endfacet
facet normal -0.0 1.0 0.0
outer loop
vertex -69.70528717041017 5.800000190734863 49.74166679382324
vertex -69.37508697509767 5.800000190734863 53.061248779296875
vertex -69.21499176025392 5.800000190734863 52.9790153503418
endloop
endfacet
facet normal -0.0 1.0 0.0
outer loop
vertex -69.93384094238283 5.800000190734863 50.002281188964844
vertex -69.70291442871095 5.800000190734863 53.20978546142578
vertex -69.53779144287111 5.800000190734863 53.13819885253906
endloop
endfacet
facet normal -0.0 1.0 0.0
outer loop
vertex -70.06041259765627 5.800000190734863 50.12082481384277
vertex -69.87030334472658 5.800000190734863 53.275930404663086
vertex -69.70291442871095 5.800000190734863 53.20978546142578
endloop
endfacet
facet normal -0.0 1.0 0.0
outer loop
vertex -70.19446105957033 5.800000190734863 50.2308349609375
vertex -70.03975982666017 5.800000190734863 53.336565017700195
vertex -69.87030334472658 5.800000190734863 53.275930404663086
endloop
endfacet
facet normal -0.0 1.0 0.0
outer loop
vertex -69.51270599365236 5.800000190734863 49.45344924926758
vertex -69.05767364501955 5.800000190734863 52.89158821105957
vertex -68.90330047607424 5.800000190734863 52.7990608215332
endloop
endfacet
facet normal -0.0 1.0 0.0
outer loop
vertex -69.60428161621095 5.800000190734863 49.60070991516113
vertex -69.21499176025392 5.800000190734863 52.9790153503418
vertex -69.05767364501955 5.800000190734863 52.89158821105957
endloop
endfacet
facet normal -0.0 -1.0 -0.0
outer loop
vertex -47.03710098266603 1.7999999523162842 35.638852834701545
vertex -70.13928527832033 1.7999999523162842 42.88835525512695
vertex -46.94371719360353 1.7999999523162842 35.50853443145753
endloop
endfacet
facet normal -0.0 -1.0 -0.0
outer loop
vertex -47.12176055908205 1.7999999523162842 35.77500009536744
vertex -70.13928527832033 1.7999999523162842 42.88835525512695
vertex -47.03710098266603 1.7999999523162842 35.638852834701545
endloop
endfacet
facet normal -0.0 -1.0 -0.0
outer loop
vertex -47.19733734130861 1.7999999523162842 35.916392803192146
vertex -70.13928527832033 1.7999999523162842 42.88835525512695
vertex -47.12176055908205 1.7999999523162842 35.77500009536744
endloop
endfacet
facet normal -0.0 -1.0 -0.0
outer loop
vertex -46.36114807128908 1.7999999523162842 34.962899446487434
vertex -70.13928527832033 1.7999999523162842 42.88835525512695
vertex -46.60726852416994 1.7999999523162842 33.11970591545106
endloop
endfacet
facet normal -0.0 -1.0 -0.0
outer loop
vertex -46.49146575927736 1.7999999523162842 35.05628442764283
vertex -70.13928527832033 1.7999999523162842 42.88835525512695
vertex -46.36114807128908 1.7999999523162842 34.962899446487434
endloop
endfacet
facet normal -0.0 -0.9999999999999999 -0.0
outer loop
vertex -46.73241348266603 1.7999999523162842 35.26758837699891
vertex -70.13928527832033 1.7999999523162842 42.88835525512695
vertex -46.615397644042986 1.7999999523162842 35.15799236297608
endloop
endfacet
facet normal -0.0 -0.9999999999999999 -0.0
outer loop
vertex -46.84200592041017 1.7999999523162842 35.38460278511048
vertex -70.13928527832033 1.7999999523162842 42.88835525512695
vertex -46.73241348266603 1.7999999523162842 35.26758837699891
endloop
endfacet
facet normal -0.0 -1.0 -0.0
outer loop
vertex -46.615397644042986 1.7999999523162842 35.15799236297608
vertex -70.13928527832033 1.7999999523162842 42.88835525512695
vertex -46.49146575927736 1.7999999523162842 35.05628442764283
endloop
endfacet
facet normal -0.0 -1.0 -0.0
outer loop
vertex -46.94371719360353 1.7999999523162842 35.50853443145753
vertex -70.13928527832033 1.7999999523162842 42.88835525512695
vertex -46.84200592041017 1.7999999523162842 35.38460278511048
endloop
endfacet
facet normal 0.0 -1.0 0.0
outer loop
vertex -70.48267669677736 1.7999999523162842 45.833481788635254
vertex -70.13928527832033 1.7999999523162842 42.88835525512695
vertex -47.03710098266603 1.7999999523162842 38.36114692687989
endloop
endfacet
facet normal 0.0 -1.0 0.0
outer loop
vertex -70.48267669677736 1.7999999523162842 45.833481788635254
vertex -47.03710098266603 1.7999999523162842 38.36114692687989
vertex -70.33541412353517 1.7999999523162842 45.9250545501709
endloop
endfacet
facet normal 0.0 -0.9999999999999999 0.0
outer loop
vertex -70.33541412353517 1.7999999523162842 45.9250545501709
vertex -47.03710098266603 1.7999999523162842 38.36114692687989
vertex -70.19446105957033 1.7999999523162842 46.02606201171875
endloop
endfacet
facet normal 0.0 -1.0 0.0
outer loop
vertex -70.19446105957033 1.7999999523162842 46.02606201171875
vertex -47.03710098266603 1.7999999523162842 38.36114692687989
vertex -70.06041259765627 1.7999999523162842 46.13607311248779
endloop
endfacet
facet normal 0.0 -0.9999999999999999 0.0
outer loop
vertex -70.06041259765627 1.7999999523162842 46.13607311248779
vertex -47.03710098266603 1.7999999523162842 38.36114692687989
vertex -69.93384094238283 1.7999999523162842 46.254615783691406
endloop
endfacet
facet normal -0.0 -1.0 -0.0
outer loop
vertex -47.263503265380876 1.7999999523162842 36.06242561340333
vertex -70.13928527832033 1.7999999523162842 42.88835525512695
vertex -47.19733734130861 1.7999999523162842 35.916392803192146
endloop
endfacet
facet normal -0.0 -1.0 -0.0
outer loop
vertex -47.319979858398455 1.7999999523162842 36.21247339248658
vertex -70.13928527832033 1.7999999523162842 42.88835525512695
vertex -47.263503265380876 1.7999999523162842 36.06242561340333
endloop
endfacet
facet normal -0.0 -1.0 -0.0
outer loop
vertex -47.36651916503908 1.7999999523162842 36.365893363952644
vertex -70.13928527832033 1.7999999523162842 42.88835525512695
vertex -47.319979858398455 1.7999999523162842 36.21247339248658
endloop
endfacet
facet normal -0.0 -0.9999999999999999 -0.0
outer loop
vertex -47.40292282104494 1.7999999523162842 36.522028923034675
vertex -70.13928527832033 1.7999999523162842 42.88835525512695
vertex -47.36651916503908 1.7999999523162842 36.365893363952644
endloop
endfacet
facet normal -0.0 -1.0 -0.0
outer loop
vertex -47.42903823852541 1.7999999523162842 36.680211067199714
vertex -70.13928527832033 1.7999999523162842 42.88835525512695
vertex -47.40292282104494 1.7999999523162842 36.522028923034675
endloop
endfacet
facet normal -0.0 -1.0 -0.0
outer loop
vertex -47.44475479125978 1.7999999523162842 36.839762210845954
vertex -70.13928527832033 1.7999999523162842 42.88835525512695
vertex -47.42903823852541 1.7999999523162842 36.680211067199714
endloop
endfacet
facet normal -0.0 -0.9999999999999999 -0.0
outer loop
vertex -47.45000000000002 1.7999999523162842 37.00000000000001
vertex -70.13928527832033 1.7999999523162842 42.88835525512695
vertex -47.44475479125978 1.7999999523162842 36.839762210845954
endloop
endfacet
facet normal -0.0 -1.0 -0.0
outer loop
vertex -47.44475479125978 1.7999999523162842 37.16023778915406
vertex -70.13928527832033 1.7999999523162842 42.88835525512695
vertex -47.45000000000002 1.7999999523162842 37.00000000000001
endloop
endfacet
facet normal -0.0 -1.0 -0.0
outer loop
vertex -47.42903823852541 1.7999999523162842 37.3197889328003
vertex -70.13928527832033 1.7999999523162842 42.88835525512695
vertex -47.44475479125978 1.7999999523162842 37.16023778915406
endloop
endfacet
facet normal -0.0 -1.0 -0.0
outer loop
vertex -47.40292282104494 1.7999999523162842 37.47797107696534
vertex -70.13928527832033 1.7999999523162842 42.88835525512695
vertex -47.42903823852541 1.7999999523162842 37.3197889328003
endloop
endfacet
facet normal -0.0 -1.0 -0.0
outer loop
vertex -47.36651916503908 1.7999999523162842 37.63410663604737
vertex -70.13928527832033 1.7999999523162842 42.88835525512695
vertex -47.40292282104494 1.7999999523162842 37.47797107696534
endloop
endfacet
facet normal -0.0 -1.0 -0.0
outer loop
vertex -47.319979858398455 1.7999999523162842 37.787526607513435
vertex -70.13928527832033 1.7999999523162842 42.88835525512695
vertex -47.36651916503908 1.7999999523162842 37.63410663604737
endloop
endfacet
facet normal -0.0 -1.0 -0.0
outer loop
vertex -47.263503265380876 1.7999999523162842 37.93757438659669
vertex -70.13928527832033 1.7999999523162842 42.88835525512695
vertex -47.319979858398455 1.7999999523162842 37.787526607513435
endloop
endfacet
facet normal -0.0 -1.0 -0.0
outer loop
vertex -47.19733734130861 1.7999999523162842 38.08360719680787
vertex -70.13928527832033 1.7999999523162842 42.88835525512695
vertex -47.263503265380876 1.7999999523162842 37.93757438659669
endloop
endfacet
facet normal -0.0 -1.0 -0.0
outer loop
vertex -47.12176055908205 1.7999999523162842 38.224999904632575
vertex -70.13928527832033 1.7999999523162842 42.88835525512695
vertex -47.19733734130861 1.7999999523162842 38.08360719680787
endloop
endfacet
facet normal -0.0 -1.0 -0.0
outer loop
vertex -47.03710098266603 1.7999999523162842 38.36114692687989
vertex -70.13928527832033 1.7999999523162842 42.88835525512695
vertex -47.12176055908205 1.7999999523162842 38.224999904632575
endloop
endfacet
facet normal 0.0 -1.0 0.0
outer loop
vertex -69.2983123779297 1.7999999523162842 47.276634216308594
vertex -47.03710098266603 1.7999999523162842 38.36114692687989
vertex -49.20000000000002 1.7999999523162842 43.291018486022956
endloop
endfacet
facet normal -0.3833991781565233 -0.0 -0.9235827359738285
outer loop
vertex -46.60726852416994 5.800000190734863 33.11970591545106
vertex -46.60726852416994 1.7999999523162842 33.11970591545106
vertex -70.13928527832033 1.7999999523162842 42.88835525512695
endloop
endfacet
facet normal 0.0 -1.0 -0.0
outer loop
vertex -45.477973175048845 1.7999999523162842 34.59707617759705
vertex -45.81938095092775 1.7999999523162842 32.880701839923866
vertex -45.54820938110353 1.7999999523162842 32.835931599140174
endloop
endfacet
facet normal 0.0 -1.0 -0.0
outer loop
vertex -45.937575531005876 1.7999999523162842 34.73649525642396
vertex -46.60726852416994 1.7999999523162842 33.11970591545106
vertex -46.35004730224611 1.7999999523162842 33.0228934288025
endloop
endfacet
facet normal -0.0 -1.0 0.0
outer loop
vertex -46.08703918457033 1.7999999523162842 32.94311153888703
vertex -45.78752822875978 1.7999999523162842 34.68002128601075
vertex -46.35004730224611 1.7999999523162842 33.0228934288025
endloop
endfacet
facet normal 0.0 -1.0 0.0
outer loop
vertex -46.08703918457033 1.7999999523162842 32.94311153888703
vertex -45.81938095092775 1.7999999523162842 32.880701839923866
vertex -45.63410491943361 1.7999999523162842 34.633481740951545
endloop
endfacet
facet normal 0.0 -1.0 -0.0
outer loop
vertex -45.937575531005876 1.7999999523162842 34.73649525642396
vertex -46.35004730224611 1.7999999523162842 33.0228934288025
vertex -45.78752822875978 1.7999999523162842 34.68002128601075
endloop
endfacet
facet normal 0.0 -0.9999999999999999 -0.0
outer loop
vertex -45.78752822875978 1.7999999523162842 34.68002128601075
vertex -46.08703918457033 1.7999999523162842 32.94311153888703
vertex -45.63410491943361 1.7999999523162842 34.633481740951545
endloop
endfacet
facet normal 0.0 -1.0 -0.0
outer loop
vertex -45.63410491943361 1.7999999523162842 34.633481740951545
vertex -45.81938095092775 1.7999999523162842 32.880701839923866
vertex -45.477973175048845 1.7999999523162842 34.59707617759705
endloop
endfacet
facet normal 0.0 -1.0 -0.0
outer loop
vertex -45.477973175048845 1.7999999523162842 34.59707617759705
vertex -45.54820938110353 1.7999999523162842 32.835931599140174
vertex -45.31978912353517 1.7999999523162842 34.57096004486085
endloop
endfacet
facet normal -0.0 -1.0 0.0
outer loop
vertex -45.274691772460955 1.7999999523162842 32.808992505073554
vertex -45.31978912353517 1.7999999523162842 34.57096004486085
vertex -45.54820938110353 1.7999999523162842 32.835931599140174
endloop
endfacet
facet normal 0.0 -1.0 0.0
outer loop
vertex -45.274691772460955 1.7999999523162842 32.808992505073554
vertex -44.999999237060564 1.7999999523162842 32.800000011920936
vertex -45.16023941040041 1.7999999523162842 34.555245637893684
endloop
endfacet
facet normal -0.0 -1.0 0.0
outer loop
vertex -44.72530670166017 1.7999999523162842 32.808992505073554
vertex -44.839762878417986 1.7999999523162842 34.555245637893684
vertex -44.999999237060564 1.7999999523162842 32.800000011920936
endloop
endfacet
facet normal -0.0 -1.0 -0.0
outer loop
vertex -44.451789093017595 1.7999999523162842 32.835931599140174
vertex -44.839762878417986 1.7999999523162842 34.555245637893684
vertex -44.72530670166017 1.7999999523162842 32.808992505073554
endloop
endfacet
facet normal 0.0 -1.0 0.0
outer loop
vertex -44.451789093017595 1.7999999523162842 32.835931599140174
vertex -44.18062133789064 1.7999999523162842 32.880701839923866
vertex -44.680209350585955 1.7999999523162842 34.57096004486085
endloop
endfacet
facet normal 0.0 -1.0 0.0
outer loop
vertex -45.31978912353517 1.7999999523162842 34.57096004486085
vertex -45.274691772460955 1.7999999523162842 32.808992505073554
vertex -45.16023941040041 1.7999999523162842 34.555245637893684
endloop
endfacet
facet normal 0.0 -1.0 0.0
outer loop
vertex -45.16023941040041 1.7999999523162842 34.555245637893684
vertex -44.999999237060564 1.7999999523162842 32.800000011920936
vertex -44.999999237060564 1.7999999523162842 34.54999995231629
endloop
endfacet
facet normal 0.0 -1.0 0.0
outer loop
vertex -44.999999237060564 1.7999999523162842 34.54999995231629
vertex -44.999999237060564 1.7999999523162842 32.800000011920936
vertex -44.839762878417986 1.7999999523162842 34.555245637893684
endloop
endfacet
facet normal 0.0 -1.0 0.0
outer loop
vertex -44.839762878417986 1.7999999523162842 34.555245637893684
vertex -44.451789093017595 1.7999999523162842 32.835931599140174
vertex -44.680209350585955 1.7999999523162842 34.57096004486085
endloop
endfacet
facet normal -0.0 -0.9999999999999999 -0.0
outer loop
vertex -43.9129592895508 1.7999999523162842 32.94311153888703
vertex -44.36589355468752 1.7999999523162842 34.633481740951545
vertex -44.18062133789064 1.7999999523162842 32.880701839923866
endloop
endfacet
facet normal -0.0 -1.0 -0.0
outer loop
vertex -43.64995498657228 1.7999999523162842 33.0228934288025
vertex -44.36589355468752 1.7999999523162842 34.633481740951545
vertex -43.9129592895508 1.7999999523162842 32.94311153888703
endloop
endfacet
facet normal 0.0 -1.0 0.0
outer loop
vertex -44.680209350585955 1.7999999523162842 34.57096004486085
vertex -44.18062133789064 1.7999999523162842 32.880701839923866
vertex -44.52202911376955 1.7999999523162842 34.59707617759705
endloop
endfacet
facet normal 0.0 -1.0 0.0
outer loop
vertex -44.52202911376955 1.7999999523162842 34.59707617759705
vertex -44.18062133789064 1.7999999523162842 32.880701839923866
vertex -44.36589355468752 1.7999999523162842 34.633481740951545
endloop
endfacet
facet normal 0.0 -1.0 0.0
outer loop
vertex -44.36589355468752 1.7999999523162842 34.633481740951545
vertex -43.64995498657228 1.7999999523162842 33.0228934288025
vertex -44.21247406005861 1.7999999523162842 34.68002128601075
endloop
endfacet
facet normal 0.0 -1.0 -0.0
outer loop
vertex -46.08360595703127 1.7999999523162842 34.80266189575196
vertex -46.60726852416994 1.7999999523162842 33.11970591545106
vertex -45.937575531005876 1.7999999523162842 34.73649525642396
endloop
endfacet
facet normal 0.0 -1.0 -0.0
outer loop
vertex -46.22500152587892 1.7999999523162842 34.878237724304206
vertex -46.60726852416994 1.7999999523162842 33.11970591545106
vertex -46.08360595703127 1.7999999523162842 34.80266189575196
endloop
endfacet
facet normal 0.0 -1.0 -0.0
outer loop
vertex -46.36114807128908 1.7999999523162842 34.962899446487434
vertex -46.60726852416994 1.7999999523162842 33.11970591545106
vertex -46.22500152587892 1.7999999523162842 34.878237724304206
endloop
endfacet
facet normal 0.0 -1.0 0.0
outer loop
vertex -44.21247406005861 1.7999999523162842 34.68002128601075
vertex -43.39272994995119 1.7999999523162842 33.11970591545106
vertex -44.06242675781252 1.7999999523162842 34.73649525642396
endloop
endfacet
facet normal 0.0 -1.0 0.0
outer loop
vertex -44.21247406005861 1.7999999523162842 34.68002128601075
vertex -43.64995498657228 1.7999999523162842 33.0228934288025
vertex -43.39272994995119 1.7999999523162842 33.11970591545106
endloop
endfacet
facet normal 0.0 -0.9999999999999999 0.0
outer loop
vertex -43.91639251708986 1.7999999523162842 34.80266189575196
vertex -43.39272994995119 1.7999999523162842 33.11970591545106
vertex -43.14238662719728 1.7999999523162842 33.23313450813294
endloop
endfacet
facet normal 0.0 -1.0 0.0
outer loop
vertex -43.91639251708986 1.7999999523162842 34.80266189575196
vertex -43.14238662719728 1.7999999523162842 33.23313450813294
vertex -42.90000076293947 1.7999999523162842 33.36269330978394
endloop
endfacet
facet normal 0.0 -1.0 0.0
outer loop
vertex -42.90000076293947 1.7999999523162842 33.36269330978394
vertex -42.666606140136736 1.7999999523162842 33.50782763957978
vertex -43.77500076293947 1.7999999523162842 34.878237724304206
endloop
endfacet
facet normal -0.0 -0.9999999999999999 -0.0
outer loop
vertex -42.44320220947267 1.7999999523162842 33.667915940284736
vertex -43.50853271484377 1.7999999523162842 35.05628442764283
vertex -42.666606140136736 1.7999999523162842 33.50782763957978
endloop
endfacet
facet normal 0.0 -1.0 0.0
outer loop
vertex -44.06242675781252 1.7999999523162842 34.73649525642396
vertex -43.39272994995119 1.7999999523162842 33.11970591545106
vertex -43.91639251708986 1.7999999523162842 34.80266189575196
endloop
endfacet
facet normal 0.0 -1.0 0.0
outer loop
vertex -43.91639251708986 1.7999999523162842 34.80266189575196
vertex -42.90000076293947 1.7999999523162842 33.36269330978394
vertex -43.77500076293947 1.7999999523162842 34.878237724304206
endloop
endfacet
facet normal 0.0 -1.0 0.0
outer loop
vertex -43.77500076293947 1.7999999523162842 34.878237724304206
vertex -42.666606140136736 1.7999999523162842 33.50782763957978
vertex -43.638854217529314 1.7999999523162842 34.962899446487434
endloop
endfacet
facet normal 0.0 -1.0 0.0
outer loop
vertex -43.638854217529314 1.7999999523162842 34.962899446487434
vertex -42.666606140136736 1.7999999523162842 33.50782763957978
vertex -43.50853271484377 1.7999999523162842 35.05628442764283
endloop
endfacet
facet normal -0.0 -0.9999999999999999 -0.0
outer loop
vertex -42.230746459960955 1.7999999523162842 33.842272758483894
vertex -43.50853271484377 1.7999999523162842 35.05628442764283
vertex -42.44320220947267 1.7999999523162842 33.667915940284736
endloop
endfacet
facet normal 0.0 -1.0 0.0
outer loop
vertex -42.230746459960955 1.7999999523162842 33.842272758483894
vertex -42.030150604248064 1.7999999523162842 34.030151605606086
vertex -43.38460464477541 1.7999999523162842 35.15799236297608
endloop
endfacet
facet normal 0.0 -1.0 0.0
outer loop
vertex -43.50853271484377 1.7999999523162842 35.05628442764283
vertex -42.230746459960955 1.7999999523162842 33.842272758483894
vertex -43.38460464477541 1.7999999523162842 35.15799236297608
endloop
endfacet
facet normal 0.0 -1.0 0.0
outer loop
vertex -43.38460464477541 1.7999999523162842 35.15799236297608
vertex -42.030150604248064 1.7999999523162842 34.030151605606086
vertex -43.26758880615236 1.7999999523162842 35.26758837699891
endloop
endfacet
facet normal -0.0 -1.0 -0.0
outer loop
vertex -41.84227294921877 1.7999999523162842 34.23074746131898
vertex -43.157992553710955 1.7999999523162842 35.38460278511048
vertex -42.030150604248064 1.7999999523162842 34.030151605606086
endloop
endfacet
facet normal 0.0 -1.0 0.0
outer loop
vertex -43.26758880615236 1.7999999523162842 35.26758837699891
vertex -42.030150604248064 1.7999999523162842 34.030151605606086
vertex -43.157992553710955 1.7999999523162842 35.38460278511048
endloop
endfacet
facet normal 0.0 -1.0 0.0
outer loop
vertex -43.157992553710955 1.7999999523162842 35.38460278511048
vertex -41.667914581298845 1.7999999523162842 34.4432020187378
vertex -43.05628509521486 1.7999999523162842 35.50853443145753
endloop
endfacet
facet normal 0.0 -1.0 0.0
outer loop
vertex -43.05628509521486 1.7999999523162842 35.50853443145753
vertex -41.507826995849626 1.7999999523162842 34.666604995727546
vertex -42.96290130615236 1.7999999523162842 35.638852834701545
endloop
endfacet
facet normal 0.0 -1.0 0.0
outer loop
vertex -42.96290130615236 1.7999999523162842 35.638852834701545
vertex -41.507826995849626 1.7999999523162842 34.666604995727546
vertex -42.87823791503908 1.7999999523162842 35.77500009536744
endloop
endfacet
facet normal -0.0 -1.0 -0.0
outer loop
vertex -41.667914581298845 1.7999999523162842 34.4432020187378
vertex -43.157992553710955 1.7999999523162842 35.38460278511048
vertex -41.84227294921877 1.7999999523162842 34.23074746131898
endloop
endfacet
facet normal 0.0 -1.0 0.0
outer loop
vertex -41.667914581298845 1.7999999523162842 34.4432020187378
vertex -41.507826995849626 1.7999999523162842 34.666604995727546
vertex -43.05628509521486 1.7999999523162842 35.50853443145753
endloop
endfacet
facet normal -0.0 -1.0 -0.0
outer loop
vertex -41.36269302368166 1.7999999523162842 34.90000009536744
vertex -42.87823791503908 1.7999999523162842 35.77500009536744
vertex -41.507826995849626 1.7999999523162842 34.666604995727546
endloop
endfacet
facet normal -0.0 -1.0 -0.0
outer loop
vertex -41.233134460449236 1.7999999523162842 35.142387390136726
vertex -42.87823791503908 1.7999999523162842 35.77500009536744
vertex -41.36269302368166 1.7999999523162842 34.90000009536744
endloop
endfacet
facet normal 0.0 -1.0 0.0
outer loop
vertex -41.233134460449236 1.7999999523162842 35.142387390136726
vertex -41.119704437255876 1.7999999523162842 35.39272952079774
vertex -42.80266113281252 1.7999999523162842 35.916392803192146
endloop
endfacet
facet normal 0.0 -0.9999999999999999 0.0
outer loop
vertex -42.87823791503908 1.7999999523162842 35.77500009536744
vertex -41.233134460449236 1.7999999523162842 35.142387390136726
vertex -42.80266113281252 1.7999999523162842 35.916392803192146
endloop
endfacet
facet normal 0.0 -1.0 0.0
outer loop
vertex -42.80266113281252 1.7999999523162842 35.916392803192146
vertex -41.119704437255876 1.7999999523162842 35.39272952079774
vertex -42.73649520874025 1.7999999523162842 36.06242561340333
endloop
endfacet
facet normal -0.0 -1.0 -0.0
outer loop
vertex -41.022895050048845 1.7999999523162842 35.64995431900025
vertex -42.68002243041994 1.7999999523162842 36.21247339248658
vertex -41.119704437255876 1.7999999523162842 35.39272952079774
endloop
endfacet
facet normal 0.0 -1.0 0.0
outer loop
vertex -42.73649520874025 1.7999999523162842 36.06242561340333
vertex -41.119704437255876 1.7999999523162842 35.39272952079774
vertex -42.68002243041994 1.7999999523162842 36.21247339248658
endloop
endfacet
facet normal 0.0 -1.0 0.0
outer loop
vertex -42.68002243041994 1.7999999523162842 36.21247339248658
vertex -40.9431106567383 1.7999999523162842 35.91296005249024
vertex -42.633483123779314 1.7999999523162842 36.365893363952644
endloop
endfacet
facet normal -0.0 -1.0 -0.0
outer loop
vertex -40.9431106567383 1.7999999523162842 35.91296005249024
vertex -42.68002243041994 1.7999999523162842 36.21247339248658
vertex -41.022895050048845 1.7999999523162842 35.64995431900025
endloop
endfacet
facet normal 0.0 -1.0 0.0
outer loop
vertex -40.9431106567383 1.7999999523162842 35.91296005249024
vertex -40.88070220947267 1.7999999523162842 36.18062114715577
vertex -42.633483123779314 1.7999999523162842 36.365893363952644
endloop
endfacet
facet normal 0.0 -1.0 0.0
outer loop
vertex -42.633483123779314 1.7999999523162842 36.365893363952644
vertex -40.88070220947267 1.7999999523162842 36.18062114715577
vertex -42.59707565307619 1.7999999523162842 36.522028923034675
endloop
endfacet
facet normal 0.0 -1.0 0.0
outer loop
vertex -42.59707565307619 1.7999999523162842 36.522028923034675
vertex -40.88070220947267 1.7999999523162842 36.18062114715577
vertex -42.57096023559572 1.7999999523162842 36.680211067199714
endloop
endfacet
facet normal 0.0 -1.0 0.0
outer loop
vertex -42.57096023559572 1.7999999523162842 36.680211067199714
vertex -40.808993530273455 1.7999999523162842 36.72530698776246
vertex -42.55524749755861 1.7999999523162842 36.839762210845954
endloop
endfacet
facet normal -0.0 -1.0 -0.0
outer loop
vertex -40.8359329223633 1.7999999523162842 36.45178985595704
vertex -42.57096023559572 1.7999999523162842 36.680211067199714
vertex -40.88070220947267 1.7999999523162842 36.18062114715577
endloop
endfacet
facet normal 0.0 -1.0 -0.0
outer loop
vertex -40.808993530273455 1.7999999523162842 36.72530698776246
vertex -42.57096023559572 1.7999999523162842 36.680211067199714
vertex -40.8359329223633 1.7999999523162842 36.45178985595704
endloop
endfacet
facet normal 0.0 -1.0 0.0
outer loop
vertex -42.55524749755861 1.7999999523162842 36.839762210845954
vertex -40.79999847412111 1.7999999523162842 37.00000000000001
vertex -42.54999847412111 1.7999999523162842 37.00000000000001
endloop
endfacet
facet normal 0.0 -1.0 0.0
outer loop
vertex -42.54999847412111 1.7999999523162842 37.00000000000001
vertex -40.79999847412111 1.7999999523162842 37.00000000000001
vertex -42.55524749755861 1.7999999523162842 37.16023778915406
endloop
endfacet
facet normal 0.0 -1.0 0.0
outer loop
vertex -42.55524749755861 1.7999999523162842 37.16023778915406
vertex -40.79999847412111 1.7999999523162842 37.00000000000001
vertex -42.57096023559572 1.7999999523162842 37.3197889328003
endloop
endfacet
facet normal 0.0 -1.0 0.0
outer loop
vertex -42.57096023559572 1.7999999523162842 37.3197889328003
vertex -40.79999847412111 1.7999999523162842 37.00000000000001
vertex -42.59707565307619 1.7999999523162842 37.47797107696534
endloop
endfacet
facet normal -0.0 -1.0 0.0
outer loop
vertex -40.808993530273455 1.7999999523162842 36.72530698776246
vertex -40.79999847412111 1.7999999523162842 37.00000000000001
vertex -42.55524749755861 1.7999999523162842 36.839762210845954
endloop
endfacet
facet normal -0.0 -1.0 -0.0
outer loop
vertex -46.94371719360353 1.7999999523162842 38.49146556854249
vertex -49.20000000000002 1.7999999523162842 43.291018486022956
vertex -47.03710098266603 1.7999999523162842 38.36114692687989
endloop
endfacet
facet normal -0.0 -1.0 -0.0
outer loop
vertex -46.84200592041017 1.7999999523162842 38.61539745330811
vertex -49.20000000000002 1.7999999523162842 43.291018486022956
vertex -46.94371719360353 1.7999999523162842 38.49146556854249
endloop
endfacet
facet normal -0.0 -0.9999999999999999 -0.0
outer loop
vertex -46.73241348266603 1.7999999523162842 38.73241138458253
vertex -49.20000000000002 1.7999999523162842 43.291018486022956
vertex -46.84200592041017 1.7999999523162842 38.61539745330811
endloop
endfacet
facet normal -0.0 -1.0 -0.0
outer loop
vertex -46.615397644042986 1.7999999523162842 38.84200763702393
vertex -49.20000000000002 1.7999999523162842 43.291018486022956
vertex -46.73241348266603 1.7999999523162842 38.73241138458253
endloop
endfacet
facet normal -0.0 -1.0 -0.0
outer loop
vertex -46.49146575927736 1.7999999523162842 38.943715572357185
vertex -49.20000000000002 1.7999999523162842 43.291018486022956
vertex -46.615397644042986 1.7999999523162842 38.84200763702393
endloop
endfacet
facet normal -0.0 -0.9999999999999999 -0.0
outer loop
vertex -46.36114807128908 1.7999999523162842 39.037100315094
vertex -49.20000000000002 1.7999999523162842 43.291018486022956
vertex -46.49146575927736 1.7999999523162842 38.943715572357185
endloop
endfacet
facet normal -0.0 -0.9999999999999999 -0.0
outer loop
vertex -46.22500152587892 1.7999999523162842 39.12176227569581
vertex -49.20000000000002 1.7999999523162842 43.291018486022956
vertex -46.36114807128908 1.7999999523162842 39.037100315094
endloop
endfacet
facet normal -0.0 -1.0 -0.0
outer loop
vertex -46.08360595703127 1.7999999523162842 39.197338104248054
vertex -49.20000000000002 1.7999999523162842 43.291018486022956
vertex -46.22500152587892 1.7999999523162842 39.12176227569581
endloop
endfacet
facet normal -0.0 -1.0 -0.0
outer loop
vertex -45.937575531005876 1.7999999523162842 39.263504981994636
vertex -49.20000000000002 1.7999999523162842 43.291018486022956
vertex -46.08360595703127 1.7999999523162842 39.197338104248054
endloop
endfacet
facet normal -0.0 -1.0 -0.0
outer loop
vertex -45.78752822875978 1.7999999523162842 39.319978713989265
vertex -49.20000000000002 1.7999999523162842 43.291018486022956
vertex -45.937575531005876 1.7999999523162842 39.263504981994636
endloop
endfacet
facet normal -0.0 -1.0 0.0
outer loop
vertex -45.78752822875978 1.7999999523162842 39.319978713989265
vertex -46.08360595703127 1.7999999523162842 48.00266265869141
vertex -49.20000000000002 1.7999999523162842 43.291018486022956
endloop
endfacet
facet normal -0.0 -1.0 -0.0
outer loop
vertex -45.63410491943361 1.7999999523162842 39.36651849746705
vertex -45.78752822875978 1.7999999523162842 47.880021095275886
vertex -45.78752822875978 1.7999999523162842 39.319978713989265
endloop
endfacet
facet normal -0.0 -1.0 -0.0
outer loop
vertex -45.477973175048845 1.7999999523162842 39.40292406082154
vertex -45.63410491943361 1.7999999523162842 47.83348178863526
vertex -45.63410491943361 1.7999999523162842 39.36651849746705
endloop
endfacet
facet normal -0.0 -1.0 -0.0
outer loop
vertex -45.31978912353517 1.7999999523162842 39.42903995513917
vertex -45.477973175048845 1.7999999523162842 47.79707622528077
vertex -45.477973175048845 1.7999999523162842 39.40292406082154
endloop
endfacet
facet normal -0.0 -1.0 -0.0
outer loop
vertex -45.16023941040041 1.7999999523162842 39.44475412368775
vertex -45.31978912353517 1.7999999523162842 47.770959854125984
vertex -45.31978912353517 1.7999999523162842 39.42903995513917
endloop
endfacet
facet normal -0.0 -1.0 -0.0
outer loop
vertex -44.999999237060564 1.7999999523162842 39.449999809265144
vertex -45.16023941040041 1.7999999523162842 47.75524520874024
vertex -45.16023941040041 1.7999999523162842 39.44475412368775
endloop
endfacet
facet normal -0.0 -1.0 -0.0
outer loop
vertex -44.839762878417986 1.7999999523162842 39.44475412368775
vertex -44.999999237060564 1.7999999523162842 47.75000000000001
vertex -44.999999237060564 1.7999999523162842 39.449999809265144
endloop
endfacet
facet normal -0.0 -1.0 -0.0
outer loop
vertex -44.680209350585955 1.7999999523162842 39.42903995513917
vertex -44.839762878417986 1.7999999523162842 47.75524520874024
vertex -44.839762878417986 1.7999999523162842 39.44475412368775
endloop
endfacet
facet normal -0.0 -1.0 -0.0
outer loop
vertex -44.52202911376955 1.7999999523162842 39.40292406082154
vertex -44.680209350585955 1.7999999523162842 47.770959854125984
vertex -44.680209350585955 1.7999999523162842 39.42903995513917
endloop
endfacet
facet normal -0.0 -1.0 -0.0
outer loop
vertex -44.36589355468752 1.7999999523162842 39.36651849746705
vertex -44.52202911376955 1.7999999523162842 47.79707622528077
vertex -44.52202911376955 1.7999999523162842 39.40292406082154
endloop
endfacet
facet normal -0.0 -1.0 -0.0
outer loop
vertex -44.21247406005861 1.7999999523162842 39.319978713989265
vertex -44.36589355468752 1.7999999523162842 47.83348178863526
vertex -44.36589355468752 1.7999999523162842 39.36651849746705
endloop
endfacet
facet normal -0.0 -1.0 -0.0
outer loop
vertex -44.06242675781252 1.7999999523162842 39.263504981994636
vertex -44.21247406005861 1.7999999523162842 47.880021095275886
vertex -44.21247406005861 1.7999999523162842 39.319978713989265
endloop
endfacet
facet normal -0.0 -0.9999999999999999 -0.0
outer loop
vertex -43.91639251708986 1.7999999523162842 39.197338104248054
vertex -44.06242675781252 1.7999999523162842 47.936494827270515
vertex -44.06242675781252 1.7999999523162842 39.263504981994636
endloop
endfacet
facet normal -0.0 -1.0 -0.0
outer loop
vertex -43.638854217529314 1.7999999523162842 39.037100315094
vertex -43.77500076293947 1.7999999523162842 48.07823753356934
vertex -43.77500076293947 1.7999999523162842 39.12176227569581
endloop
endfacet
facet normal -0.0 -1.0 -0.0
outer loop
vertex -43.77500076293947 1.7999999523162842 39.12176227569581
vertex -43.91639251708986 1.7999999523162842 48.00266265869141
vertex -43.91639251708986 1.7999999523162842 39.197338104248054
endloop
endfacet
facet normal 0.0 -1.0 0.0
outer loop
vertex -42.59707565307619 1.7999999523162842 37.47797107696534
vertex -40.79999847412111 1.7999999523162842 37.00000000000001
vertex -40.79999847412111 1.7999999523162842 50.20000076293946
endloop
endfacet
facet normal -0.0 -1.0 0.0
outer loop
vertex -42.59707565307619 1.7999999523162842 37.47797107696534
vertex -40.79999847412111 1.7999999523162842 50.20000076293946
vertex -42.633483123779314 1.7999999523162842 37.63410663604737
endloop
endfacet
facet normal -0.0 -1.0 0.0
outer loop
vertex -42.633483123779314 1.7999999523162842 37.63410663604737
vertex -40.79999847412111 1.7999999523162842 50.20000076293946
vertex -42.68002243041994 1.7999999523162842 37.787526607513435
endloop
endfacet
facet normal -0.0 -1.0 0.0
outer loop
vertex -42.68002243041994 1.7999999523162842 37.787526607513435
vertex -40.79999847412111 1.7999999523162842 50.20000076293946
vertex -42.73649520874025 1.7999999523162842 37.93757438659669
endloop
endfacet
facet normal -0.0 -1.0 0.0
outer loop
vertex -42.73649520874025 1.7999999523162842 37.93757438659669
vertex -40.79999847412111 1.7999999523162842 50.20000076293946
vertex -42.80266113281252 1.7999999523162842 38.08360719680787
endloop
endfacet
facet normal -0.0 -1.0 0.0
outer loop
vertex -42.80266113281252 1.7999999523162842 38.08360719680787
vertex -40.79999847412111 1.7999999523162842 50.20000076293946
vertex -42.87823791503908 1.7999999523162842 38.224999904632575
endloop
endfacet
facet normal -0.0 -1.0 0.0
outer loop
vertex -43.157992553710955 1.7999999523162842 38.61539745330811
vertex -40.79999847412111 1.7999999523162842 50.20000076293946
vertex -43.26758880615236 1.7999999523162842 38.73241138458253
endloop
endfacet
facet normal -0.0 -0.9999999999999999 0.0
outer loop
vertex -43.38460464477541 1.7999999523162842 38.84200763702393
vertex -40.79999847412111 1.7999999523162842 50.20000076293946
vertex -43.50853271484377 1.7999999523162842 38.943715572357185
endloop
endfacet
facet normal -0.0 -1.0 0.0
outer loop
vertex -43.50853271484377 1.7999999523162842 38.943715572357185
vertex -40.79999847412111 1.7999999523162842 50.20000076293946
vertex -43.638854217529314 1.7999999523162842 39.037100315094
endloop
endfacet
facet normal -0.0 -1.0 0.0
outer loop
vertex -43.26758880615236 1.7999999523162842 38.73241138458253
vertex -40.79999847412111 1.7999999523162842 50.20000076293946
vertex -43.38460464477541 1.7999999523162842 38.84200763702393
endloop
endfacet
facet normal -0.0 -1.0 0.0
outer loop
vertex -42.87823791503908 1.7999999523162842 38.224999904632575
vertex -40.79999847412111 1.7999999523162842 50.20000076293946
vertex -42.96290130615236 1.7999999523162842 38.36114692687989
endloop
endfacet
facet normal -0.0 -1.0 0.0
outer loop
vertex -42.96290130615236 1.7999999523162842 38.36114692687989
vertex -40.79999847412111 1.7999999523162842 50.20000076293946
vertex -43.05628509521486 1.7999999523162842 38.49146556854249
endloop
endfacet
facet normal -0.0 -1.0 0.0
outer loop
vertex -43.05628509521486 1.7999999523162842 38.49146556854249
vertex -40.79999847412111 1.7999999523162842 50.20000076293946
vertex -43.157992553710955 1.7999999523162842 38.61539745330811
endloop
endfacet
facet normal 0.8128498092635271 0.0 0.5824733363684964
outer loop
vertex -46.94371719360353 4.849999904632568 35.50853443145753
vertex -47.03710098266603 1.7999999523162842 35.638852834701545
vertex -46.94371719360353 1.7999999523162842 35.50853443145753
endloop
endfacet
facet normal 0.8492084209882709 0.0 0.5280578166475784
outer loop
vertex -47.03710098266603 4.849999904632568 35.638852834701545
vertex -47.12176055908205 1.7999999523162842 35.77500009536744
vertex -47.03710098266603 1.7999999523162842 35.638852834701545
endloop
endfacet
facet normal 0.8819191759866919 0.0 0.4714006438550486
outer loop
vertex -47.12176055908205 4.849999904632568 35.77500009536744
vertex -47.19733734130861 1.7999999523162842 35.916392803192146
vertex -47.12176055908205 1.7999999523162842 35.77500009536744
endloop
endfacet
facet normal 0.9108654226717173 0.0 0.41270350347564755
outer loop
vertex -47.19733734130861 4.849999904632568 35.916392803192146
vertex -47.263503265380876 1.7999999523162842 36.06242561340333
vertex -47.19733734130861 1.7999999523162842 35.916392803192146
endloop
endfacet
facet normal 0.9359005640476363 0.0 0.35226429597010883
outer loop
vertex -47.263503265380876 4.849999904632568 36.06242561340333
vertex -47.319979858398455 1.7999999523162842 36.21247339248658
vertex -47.263503265380876 1.7999999523162842 36.06242561340333
endloop
endfacet
facet normal 0.9738798073114922 0.0 0.22706413391579697
outer loop
vertex -47.36651916503908 4.849999904632568 36.365893363952644
vertex -47.40292282104494 1.7999999523162842 36.522028923034675
vertex -47.36651916503908 1.7999999523162842 36.365893363952644
endloop
endfacet
facet normal 0.9569405660064733 0.0 0.29028391814086246
outer loop
vertex -47.319979858398455 4.849999904632568 36.21247339248658
vertex -47.36651916503908 1.7999999523162842 36.365893363952644
vertex -47.319979858398455 1.7999999523162842 36.21247339248658
endloop
endfacet
facet normal 0.9866438936810282 0.0 0.16289207182039284
outer loop
vertex -47.40292282104494 4.849999904632568 36.522028923034675
vertex -47.42903823852541 1.7999999523162842 36.680211067199714
vertex -47.40292282104494 1.7999999523162842 36.522028923034675
endloop
endfacet
facet normal 0.9951834265637413 0.0 0.09803033965487731
outer loop
vertex -47.42903823852541 4.849999904632568 36.680211067199714
vertex -47.44475479125978 1.7999999523162842 36.839762210845954
vertex -47.42903823852541 1.7999999523162842 36.680211067199714
endloop
endfacet
facet normal 0.999464675861378 0.0 0.03271638282742136
outer loop
vertex -47.44475479125978 4.849999904632568 36.839762210845954
vertex -47.45000000000002 1.7999999523162842 37.00000000000001
vertex -47.44475479125978 1.7999999523162842 36.839762210845954
endloop
endfacet
facet normal 0.999464675861378 0.0 -0.03271638282742136
outer loop
vertex -47.45000000000002 4.849999904632568 37.00000000000001
vertex -47.44475479125978 1.7999999523162842 37.16023778915406
vertex -47.45000000000002 1.7999999523162842 37.00000000000001
endloop
endfacet
facet normal 0.9951834265637413 0.0 -0.09803033965487731
outer loop
vertex -47.44475479125978 4.849999904632568 37.16023778915406
vertex -47.42903823852541 1.7999999523162842 37.3197889328003
vertex -47.44475479125978 1.7999999523162842 37.16023778915406
endloop
endfacet
facet normal 0.9866438936810282 0.0 -0.16289207182039284
outer loop
vertex -47.42903823852541 4.849999904632568 37.3197889328003
vertex -47.40292282104494 1.7999999523162842 37.47797107696534
vertex -47.42903823852541 1.7999999523162842 37.3197889328003
endloop
endfacet
facet normal 0.9738798073114922 0.0 -0.22706413391579697
outer loop
vertex -47.40292282104494 4.849999904632568 37.47797107696534
vertex -47.36651916503908 1.7999999523162842 37.63410663604737
vertex -47.40292282104494 1.7999999523162842 37.47797107696534
endloop
endfacet
facet normal 0.9569405660064733 0.0 -0.29028391814086246
outer loop
vertex -47.36651916503908 4.849999904632568 37.63410663604737
vertex -47.319979858398455 1.7999999523162842 37.787526607513435
vertex -47.36651916503908 1.7999999523162842 37.63410663604737
endloop
endfacet
facet normal 0.9359005640476363 0.0 -0.35226429597010883
outer loop
vertex -47.319979858398455 4.849999904632568 37.787526607513435
vertex -47.263503265380876 1.7999999523162842 37.93757438659669
vertex -47.319979858398455 1.7999999523162842 37.787526607513435
endloop
endfacet
facet normal 0.9108654226717173 0.0 -0.41270350347564755
outer loop
vertex -47.263503265380876 4.849999904632568 37.93757438659669
vertex -47.19733734130861 1.7999999523162842 38.08360719680787
vertex -47.263503265380876 1.7999999523162842 37.93757438659669
endloop
endfacet
facet normal 0.8819191759866919 0.0 -0.4714006438550486
outer loop
vertex -47.19733734130861 4.849999904632568 38.08360719680787
vertex -47.12176055908205 1.7999999523162842 38.224999904632575
vertex -47.19733734130861 1.7999999523162842 38.08360719680787
endloop
endfacet
facet normal 0.3522509481444253 0.0 0.935905587936814
outer loop
vertex -45.78752822875978 4.849999904632568 34.68002128601075
vertex -45.937575531005876 1.7999999523162842 34.73649525642396
vertex -45.78752822875978 1.7999999523162842 34.68002128601075
endloop
endfacet
facet normal 0.4127127953416445 0.0 0.9108612125682408
outer loop
vertex -45.937575531005876 4.849999904632568 34.73649525642396
vertex -46.08360595703127 1.7999999523162842 34.80266189575196
vertex -45.937575531005876 1.7999999523162842 34.73649525642396
endloop
endfacet
facet normal 0.29027949668148934 0.0 0.9569419072265261
outer loop
vertex -45.63410491943361 4.849999904632568 34.633481740951545
vertex -45.78752822875978 1.7999999523162842 34.68002128601075
vertex -45.63410491943361 1.7999999523162842 34.633481740951545
endloop
endfacet
facet normal 0.2270806793312075 0.0 0.9738759495307793
outer loop
vertex -45.477973175048845 4.849999904632568 34.59707617759705
vertex -45.63410491943361 1.7999999523162842 34.633481740951545
vertex -45.477973175048845 1.7999999523162842 34.59707617759705
endloop
endfacet
facet normal 0.5280694691535268 0.0 0.8492011750745007
outer loop
vertex -46.22500152587892 4.849999904632568 34.878237724304206
vertex -46.36114807128908 1.7999999523162842 34.962899446487434
vertex -46.22500152587892 1.7999999523162842 34.878237724304206
endloop
endfacet
facet normal 0.5824803614956017 0.0 0.8128447751397267
outer loop
vertex -46.36114807128908 4.849999904632568 34.962899446487434
vertex -46.49146575927736 1.7999999523162842 35.05628442764283
vertex -46.36114807128908 1.7999999523162842 34.962899446487434
endloop
endfacet
facet normal 0.6343920392991298 0.0 0.7730114749949649
outer loop
vertex -46.49146575927736 4.849999904632568 35.05628442764283
vertex -46.615397644042986 1.7999999523162842 35.15799236297608
vertex -46.49146575927736 1.7999999523162842 35.05628442764283
endloop
endfacet
facet normal 0.6835880530102714 0.0 0.729868052309201
outer loop
vertex -46.615397644042986 4.849999904632568 35.15799236297608
vertex -46.73241348266603 1.7999999523162842 35.26758837699891
vertex -46.615397644042986 1.7999999523162842 35.15799236297608
endloop
endfacet
facet normal 0.7298750123131946 0.0 0.683580621727104
outer loop
vertex -46.73241348266603 4.849999904632568 35.26758837699891
vertex -46.84200592041017 1.7999999523162842 35.38460278511048
vertex -46.73241348266603 1.7999999523162842 35.26758837699891
endloop
endfacet
facet normal 0.7730006667809872 0.0 0.6344052089604476
outer loop
vertex -46.84200592041017 4.849999904632568 35.38460278511048
vertex -46.94371719360353 1.7999999523162842 35.50853443145753
vertex -46.84200592041017 1.7999999523162842 35.38460278511048
endloop
endfacet
facet normal 0.47138859845008235 0.0 0.8819256143526318
outer loop
vertex -46.08360595703127 4.849999904632568 34.80266189575196
vertex -46.22500152587892 1.7999999523162842 34.878237724304206
vertex -46.08360595703127 1.7999999523162842 34.80266189575196
endloop
endfacet
facet normal 0.16289450271876918 0.0 0.9866434923436148
outer loop
vertex -45.31978912353517 4.849999904632568 34.57096004486085
vertex -45.477973175048845 1.7999999523162842 34.59707617759705
vertex -45.31978912353517 1.7999999523162842 34.57096004486085
endloop
endfacet
facet normal 0.09801795462275675 0.0 0.9951846464709809
outer loop
vertex -45.16023941040041 4.849999904632568 34.555245637893684
vertex -45.31978912353517 1.7999999523162842 34.57096004486085
vertex -45.16023941040041 1.7999999523162842 34.555245637893684
endloop
endfacet
facet normal 0.0327188675556831 0.0 0.9994645945234247
outer loop
vertex -44.999999237060564 4.849999904632568 34.54999995231629
vertex -45.16023941040041 1.7999999523162842 34.555245637893684
vertex -44.999999237060564 1.7999999523162842 34.54999995231629
endloop
endfacet
facet normal -0.03271964564971866 0.0 0.9994645690511279
outer loop
vertex -44.839762878417986 4.849999904632568 34.555245637893684
vertex -44.999999237060564 1.7999999523162842 34.54999995231629
vertex -44.839762878417986 1.7999999523162842 34.555245637893684
endloop
endfacet
facet normal -0.09801563366740203 0.0 0.9951848750643157
outer loop
vertex -44.680209350585955 4.849999904632568 34.57096004486085
vertex -44.839762878417986 1.7999999523162842 34.555245637893684
vertex -44.680209350585955 1.7999999523162842 34.57096004486085
endloop
endfacet
facet normal -0.16289832686401925 0.0 0.9866428609709306
outer loop
vertex -44.52202911376955 4.849999904632568 34.59707617759705
vertex -44.680209350585955 1.7999999523162842 34.57096004486085
vertex -44.52202911376955 1.7999999523162842 34.59707617759705
endloop
endfacet
facet normal -0.2270754173833228 0.0 0.9738771764551163
outer loop
vertex -44.36589355468752 4.849999904632568 34.633481740951545
vertex -44.52202911376955 1.7999999523162842 34.59707617759705
vertex -44.36589355468752 1.7999999523162842 34.633481740951545
endloop
endfacet
facet normal -0.2902861061368647 0.0 0.9569399022843058
outer loop
vertex -44.21247406005861 4.849999904632568 34.68002128601075
vertex -44.36589355468752 1.7999999523162842 34.633481740951545
vertex -44.21247406005861 1.7999999523162842 34.68002128601075
endloop
endfacet
facet normal -0.3522509481444253 0.0 0.935905587936814
outer loop
vertex -44.06242675781252 4.849999904632568 34.73649525642396
vertex -44.21247406005861 1.7999999523162842 34.68002128601075
vertex -44.06242675781252 1.7999999523162842 34.73649525642396
endloop
endfacet
facet normal -0.4127038507476811 0.0 0.9108652653263465
outer loop
vertex -43.91639251708986 4.849999904632568 34.80266189575196
vertex -44.06242675781252 1.7999999523162842 34.73649525642396
vertex -43.91639251708986 1.7999999523162842 34.80266189575196
endloop
endfacet
facet normal -0.3522541080353885 -0.0 -0.9359043986285098
outer loop
vertex -46.35004730224611 5.800000190734863 33.0228934288025
vertex -46.35004730224611 1.7999999523162842 33.0228934288025
vertex -46.60726852416994 1.7999999523162842 33.11970591545106
endloop
endfacet
facet normal -0.290282177220263 0.0 -0.956941094105726
outer loop
vertex -46.35004730224611 5.800000190734863 33.0228934288025
vertex -46.08703918457033 1.7999999523162842 32.94311153888703
vertex -46.35004730224611 1.7999999523162842 33.0228934288025
endloop
endfacet
facet normal -0.22707816813177792 0.0 -0.9738765350689564
outer loop
vertex -46.08703918457033 5.800000190734863 32.94311153888703
vertex -45.81938095092775 1.7999999523162842 32.880701839923866
vertex -46.08703918457033 1.7999999523162842 32.94311153888703
endloop
endfacet
facet normal -0.16289417497222336 -0.0 -0.9866435464544014
outer loop
vertex -45.54820938110353 5.800000190734863 32.835931599140174
vertex -45.54820938110353 1.7999999523162842 32.835931599140174
vertex -45.81938095092775 1.7999999523162842 32.880701839923866
endloop
endfacet
facet normal -0.09801699960711986 0.0 -0.9951847405321376
outer loop
vertex -45.54820938110353 5.800000190734863 32.835931599140174
vertex -45.274691772460955 1.7999999523162842 32.808992505073554
vertex -45.54820938110353 1.7999999523162842 32.835931599140174
endloop
endfacet
facet normal -0.032719048794254794 0.0 -0.9994645885903107
outer loop
vertex -45.274691772460955 5.800000190734863 32.808992505073554
vertex -44.999999237060564 1.7999999523162842 32.800000011920936
vertex -45.274691772460955 1.7999999523162842 32.808992505073554
endloop
endfacet
facet normal 0.032719048794254794 0.0 -0.9994645885903107
outer loop
vertex -44.72530670166017 5.800000190734863 32.808992505073554
vertex -44.72530670166017 1.7999999523162842 32.808992505073554
vertex -44.999999237060564 1.7999999523162842 32.800000011920936
endloop
endfacet
facet normal 0.09801699960711986 0.0 -0.9951847405321376
outer loop
vertex -44.72530670166017 5.800000190734863 32.808992505073554
vertex -44.451789093017595 1.7999999523162842 32.835931599140174
vertex -44.72530670166017 1.7999999523162842 32.808992505073554
endloop
endfacet
facet normal 0.16289640570681863 0.0 -0.9866431781590544
outer loop
vertex -44.451789093017595 5.800000190734863 32.835931599140174
vertex -44.18062133789064 1.7999999523162842 32.880701839923866
vertex -44.451789093017595 1.7999999523162842 32.835931599140174
endloop
endfacet
facet normal 0.22707509870734724 0.0 -0.9738772507595855
outer loop
vertex -43.9129592895508 5.800000190734863 32.94311153888703
vertex -43.9129592895508 1.7999999523162842 32.94311153888703
vertex -44.18062133789064 1.7999999523162842 32.880701839923866
endloop
endfacet
facet normal -0.4713984902443827 0.0 0.8819203271244611
outer loop
vertex -43.77500076293947 4.849999904632568 34.878237724304206
vertex -43.91639251708986 1.7999999523162842 34.80266189575196
vertex -43.77500076293947 1.7999999523162842 34.878237724304206
endloop
endfacet
facet normal -0.5280694691535268 0.0 0.8492011750745007
outer loop
vertex -43.638854217529314 4.849999904632568 34.962899446487434
vertex -43.77500076293947 1.7999999523162842 34.878237724304206
vertex -43.638854217529314 1.7999999523162842 34.962899446487434
endloop
endfacet
facet normal -0.5824690960858367 0.0 0.8128528477559444
outer loop
vertex -43.50853271484377 4.849999904632568 35.05628442764283
vertex -43.638854217529314 1.7999999523162842 34.962899446487434
vertex -43.50853271484377 1.7999999523162842 35.05628442764283
endloop
endfacet
facet normal -0.6344037077157648 0.0 0.773001898856976
outer loop
vertex -43.38460464477541 4.849999904632568 35.15799236297608
vertex -43.50853271484377 1.7999999523162842 35.05628442764283
vertex -43.38460464477541 1.7999999523162842 35.15799236297608
endloop
endfacet
facet normal -0.6835880530102714 0.0 0.729868052309201
outer loop
vertex -43.26758880615236 4.849999904632568 35.26758837699891
vertex -43.38460464477541 1.7999999523162842 35.15799236297608
vertex -43.26758880615236 1.7999999523162842 35.26758837699891
endloop
endfacet
facet normal -0.7298631408449716 0.0 0.6835932969506893
outer loop
vertex -43.157992553710955 4.849999904632568 35.38460278511048
vertex -43.26758880615236 1.7999999523162842 35.26758837699891
vertex -43.157992553710955 1.7999999523162842 35.38460278511048
endloop
endfacet
facet normal -0.7730123350390408 0.0 0.6343909913275013
outer loop
vertex -43.05628509521486 4.849999904632568 35.50853443145753
vertex -43.157992553710955 1.7999999523162842 35.38460278511048
vertex -43.05628509521486 1.7999999523162842 35.50853443145753
endloop
endfacet
facet normal 0.29028603277798704 0.0 -0.9569399245375948
outer loop
vertex -43.9129592895508 5.800000190734863 32.94311153888703
vertex -43.64995498657228 1.7999999523162842 33.0228934288025
vertex -43.9129592895508 1.7999999523162842 32.94311153888703
endloop
endfacet
facet normal 0.35224953223487704 0.0 -0.9359061208477646
outer loop
vertex -43.64995498657228 5.800000190734863 33.0228934288025
vertex -43.39272994995119 1.7999999523162842 33.11970591545106
vertex -43.64995498657228 1.7999999523162842 33.0228934288025
endloop
endfacet
facet normal 0.4127055471243677 0.0 -0.9108644967133016
outer loop
vertex -43.14238662719728 5.800000190734863 33.23313450813294
vertex -43.14238662719728 1.7999999523162842 33.23313450813294
vertex -43.39272994995119 1.7999999523162842 33.11970591545106
endloop
endfacet
facet normal 0.47139916495974477 0.0 -0.8819199664795301
outer loop
vertex -43.14238662719728 5.800000190734863 33.23313450813294
vertex -42.90000076293947 1.7999999523162842 33.36269330978394
vertex -43.14238662719728 1.7999999523162842 33.23313450813294
endloop
endfacet
facet normal 0.52806844593291 0.0 -0.8492018113558172
outer loop
vertex -42.90000076293947 5.800000190734863 33.36269330978394
vertex -42.666606140136736 1.7999999523162842 33.50782763957978
vertex -42.90000076293947 1.7999999523162842 33.36269330978394
endloop
endfacet
facet normal 0.5824760331618268 0.0 -0.8128478767838805
outer loop
vertex -42.44320220947267 5.800000190734863 33.667915940284736
vertex -42.44320220947267 1.7999999523162842 33.667915940284736
vertex -42.666606140136736 1.7999999523162842 33.50782763957978
endloop
endfacet
facet normal 0.6343908721308812 0.0 -0.7730124328605716
outer loop
vertex -42.44320220947267 5.800000190734863 33.667915940284736
vertex -42.230746459960955 1.7999999523162842 33.842272758483894
vertex -42.44320220947267 1.7999999523162842 33.667915940284736
endloop
endfacet
facet normal 0.6835929333936656 0.0 -0.7298634813540432
outer loop
vertex -42.230746459960955 5.800000190734863 33.842272758483894
vertex -42.030150604248064 1.7999999523162842 34.030151605606086
vertex -42.230746459960955 1.7999999523162842 33.842272758483894
endloop
endfacet
facet normal 0.7298656454152025 0.0 -0.6835906228457571
outer loop
vertex -41.84227294921877 5.800000190734863 34.23074746131898
vertex -41.84227294921877 1.7999999523162842 34.23074746131898
vertex -42.030150604248064 1.7999999523162842 34.030151605606086
endloop
endfacet
facet normal 0.7730079221277659 0.0 -0.6343963684698342
outer loop
vertex -41.84227294921877 5.800000190734863 34.23074746131898
vertex -41.667914581298845 1.7999999523162842 34.4432020187378
vertex -41.84227294921877 1.7999999523162842 34.23074746131898
endloop
endfacet
facet normal 0.8128479316780506 0.0 -0.582475956556762
outer loop
vertex -41.667914581298845 5.800000190734863 34.4432020187378
vertex -41.507826995849626 1.7999999523162842 34.666604995727546
vertex -41.667914581298845 1.7999999523162842 34.4432020187378
endloop
endfacet
facet normal 0.8492028786742158 0.0 -0.5280667295441221
outer loop
vertex -41.36269302368166 5.800000190734863 34.90000009536744
vertex -41.36269302368166 1.7999999523162842 34.90000009536744
vertex -41.507826995849626 1.7999999523162842 34.666604995727546
endloop
endfacet
facet normal 0.8819214837340649 0.0 -0.4713963263839731
outer loop
vertex -41.36269302368166 5.800000190734863 34.90000009536744
vertex -41.233134460449236 1.7999999523162842 35.142387390136726
vertex -41.36269302368166 1.7999999523162842 34.90000009536744
endloop
endfacet
facet normal 0.9108618013152024 0.0 -0.41271149596882384
outer loop
vertex -41.233134460449236 5.800000190734863 35.142387390136726
vertex -41.119704437255876 1.7999999523162842 35.39272952079774
vertex -41.233134460449236 1.7999999523162842 35.142387390136726
endloop
endfacet
facet normal -0.8128498092635271 0.0 0.5824733363684964
outer loop
vertex -42.96290130615236 4.849999904632568 35.638852834701545
vertex -43.05628509521486 1.7999999523162842 35.50853443145753
vertex -42.96290130615236 1.7999999523162842 35.638852834701545
endloop
endfacet
facet normal -0.849197751027331 0.0 0.5280749754060716
outer loop
vertex -42.87823791503908 4.849999904632568 35.77500009536744
vertex -42.96290130615236 1.7999999523162842 35.638852834701545
vertex -42.87823791503908 1.7999999523162842 35.77500009536744
endloop
endfacet
facet normal -0.8819191759866919 0.0 0.4714006438550486
outer loop
vertex -42.80266113281252 4.849999904632568 35.916392803192146
vertex -42.87823791503908 1.7999999523162842 35.77500009536744
vertex -42.80266113281252 1.7999999523162842 35.916392803192146
endloop
endfacet
facet normal -0.9108654226717173 0.0 0.41270350347564755
outer loop
vertex -42.73649520874025 4.849999904632568 36.06242561340333
vertex -42.80266113281252 1.7999999523162842 35.916392803192146
vertex -42.73649520874025 1.7999999523162842 36.06242561340333
endloop
endfacet
facet normal -0.9359084082600274 0.0 0.3522434546562672
outer loop
vertex -42.68002243041994 4.849999904632568 36.21247339248658
vertex -42.73649520874025 1.7999999523162842 36.06242561340333
vertex -42.68002243041994 1.7999999523162842 36.21247339248658
endloop
endfacet
facet normal -0.9569405660064733 0.0 0.29028391814086246
outer loop
vertex -42.633483123779314 4.849999904632568 36.365893363952644
vertex -42.68002243041994 1.7999999523162842 36.21247339248658
vertex -42.633483123779314 1.7999999523162842 36.365893363952644
endloop
endfacet
facet normal -0.9738745454822245 0.0 0.22708670075940265
outer loop
vertex -42.59707565307619 4.849999904632568 36.522028923034675
vertex -42.633483123779314 1.7999999523162842 36.365893363952644
vertex -42.59707565307619 1.7999999523162842 36.522028923034675
endloop
endfacet
facet normal -0.9866438936810282 0.0 0.16289207182039284
outer loop
vertex -42.57096023559572 4.849999904632568 36.680211067199714
vertex -42.59707565307619 1.7999999523162842 36.522028923034675
vertex -42.57096023559572 1.7999999523162842 36.680211067199714
endloop
endfacet
facet normal -0.9951857475669669 0.0 0.09800677445757118
outer loop
vertex -42.55524749755861 4.849999904632568 36.839762210845954
vertex -42.57096023559572 1.7999999523162842 36.680211067199714
vertex -42.55524749755861 1.7999999523162842 36.839762210845954
endloop
endfacet
facet normal -0.9994638975512117 0.0 0.03274015106472605
outer loop
vertex -42.54999847412111 4.849999904632568 37.00000000000001
vertex -42.55524749755861 1.7999999523162842 36.839762210845954
vertex -42.54999847412111 1.7999999523162842 37.00000000000001
endloop
endfacet
facet normal -0.9994638975512117 0.0 -0.03274015106472605
outer loop
vertex -42.55524749755861 4.849999904632568 37.16023778915406
vertex -42.54999847412111 1.7999999523162842 37.00000000000001
vertex -42.55524749755861 1.7999999523162842 37.16023778915406
endloop
endfacet
facet normal -0.9951857475669669 0.0 -0.09800677445757118
outer loop
vertex -42.57096023559572 4.849999904632568 37.3197889328003
vertex -42.55524749755861 1.7999999523162842 37.16023778915406
vertex -42.57096023559572 1.7999999523162842 37.3197889328003
endloop
endfacet
facet normal -0.9866438936810282 0.0 -0.16289207182039284
outer loop
vertex -42.59707565307619 4.849999904632568 37.47797107696534
vertex -42.57096023559572 1.7999999523162842 37.3197889328003
vertex -42.59707565307619 1.7999999523162842 37.47797107696534
endloop
endfacet
facet normal -0.9738745454822245 0.0 -0.22708670075940265
outer loop
vertex -42.633483123779314 4.849999904632568 37.63410663604737
vertex -42.59707565307619 1.7999999523162842 37.47797107696534
vertex -42.633483123779314 1.7999999523162842 37.63410663604737
endloop
endfacet
facet normal -0.9569405660064733 0.0 -0.29028391814086246
outer loop
vertex -42.68002243041994 4.849999904632568 37.787526607513435
vertex -42.633483123779314 1.7999999523162842 37.63410663604737
vertex -42.68002243041994 1.7999999523162842 37.787526607513435
endloop
endfacet
facet normal -0.9108654226717173 0.0 -0.41270350347564755
outer loop
vertex -42.80266113281252 4.849999904632568 38.08360719680787
vertex -42.73649520874025 1.7999999523162842 37.93757438659669
vertex -42.80266113281252 1.7999999523162842 38.08360719680787
endloop
endfacet
facet normal -0.8819191759866919 0.0 -0.4714006438550486
outer loop
vertex -42.87823791503908 4.849999904632568 38.224999904632575
vertex -42.80266113281252 1.7999999523162842 38.08360719680787
vertex -42.87823791503908 1.7999999523162842 38.224999904632575
endloop
endfacet
facet normal -0.9359084082600274 0.0 -0.3522434546562672
outer loop
vertex -42.73649520874025 4.849999904632568 37.93757438659669
vertex -42.68002243041994 1.7999999523162842 37.787526607513435
vertex -42.73649520874025 1.7999999523162842 37.93757438659669
endloop
endfacet
facet normal 0.9359097309723177 0.0 -0.3522399401988987
outer loop
vertex -41.022895050048845 5.800000190734863 35.64995431900025
vertex -41.022895050048845 1.7999999523162842 35.64995431900025
vertex -41.119704437255876 1.7999999523162842 35.39272952079774
endloop
endfacet
facet normal 0.9569378328836726 0.0 -0.29029292791230754
outer loop
vertex -41.022895050048845 5.800000190734863 35.64995431900025
vertex -40.9431106567383 1.7999999523162842 35.91296005249024
vertex -41.022895050048845 1.7999999523162842 35.64995431900025
endloop
endfacet
facet normal 0.9738780789793811 0.0 -0.22707154661786802
outer loop
vertex -40.9431106567383 5.800000190734863 35.91296005249024
vertex -40.88070220947267 1.7999999523162842 36.18062114715577
vertex -40.9431106567383 1.7999999523162842 35.91296005249024
endloop
endfacet
facet normal 0.9866438279162579 0.0 -0.16289247015977582
outer loop
vertex -40.8359329223633 5.800000190734863 36.45178985595704
vertex -40.8359329223633 1.7999999523162842 36.45178985595704
vertex -40.88070220947267 1.7999999523162842 36.18062114715577
endloop
endfacet
facet normal 0.9951846180901506 0.0 -0.0980182427753168
outer loop
vertex -40.8359329223633 5.800000190734863 36.45178985595704
vertex -40.808993530273455 1.7999999523162842 36.72530698776246
vertex -40.8359329223633 1.7999999523162842 36.45178985595704
endloop
endfacet
facet normal 0.9994642854493783 0.0 -0.0327283074900526
outer loop
vertex -40.808993530273455 5.800000190734863 36.72530698776246
vertex -40.79999847412111 1.7999999523162842 37.00000000000001
vertex -40.808993530273455 1.7999999523162842 36.72530698776246
endloop
endfacet
facet normal 0.8492080063119334 0.0 -0.5280584835183608
outer loop
vertex -47.12176055908205 4.849999904632568 38.224999904632575
vertex -47.03710098266603 1.7999999523162842 38.36114692687989
vertex -47.12176055908205 1.7999999523162842 38.224999904632575
endloop
endfacet
facet normal 0.8128503138039481 0.0 -0.5824726322745326
outer loop
vertex -47.03710098266603 4.849999904632568 38.36114692687989
vertex -46.94371719360353 1.7999999523162842 38.49146556854249
vertex -47.03710098266603 1.7999999523162842 38.36114692687989
endloop
endfacet
facet normal 0.7730012652896991 0.0 -0.6344044796977114
outer loop
vertex -46.94371719360353 4.849999904632568 38.49146556854249
vertex -46.84200592041017 1.7999999523162842 38.61539745330811
vertex -46.94371719360353 1.7999999523162842 38.49146556854249
endloop
endfacet
facet normal 0.729873622488109 0.0 -0.683582105672819
outer loop
vertex -46.84200592041017 4.849999904632568 38.61539745330811
vertex -46.73241348266603 1.7999999523162842 38.73241138458253
vertex -46.84200592041017 1.7999999523162842 38.61539745330811
endloop
endfacet
facet normal 0.6835888451975176 0.0 -0.7298673103527272
outer loop
vertex -46.73241348266603 4.849999904632568 38.73241138458253
vertex -46.615397644042986 1.7999999523162842 38.84200763702393
vertex -46.73241348266603 1.7999999523162842 38.73241138458253
endloop
endfacet
facet normal 0.6343920392991298 0.0 -0.7730114749949649
outer loop
vertex -46.615397644042986 4.849999904632568 38.84200763702393
vertex -46.49146575927736 1.7999999523162842 38.943715572357185
vertex -46.615397644042986 1.7999999523162842 38.84200763702393
endloop
endfacet
facet normal 0.5824793789331839 0.0 -0.8128454792379746
outer loop
vertex -46.49146575927736 4.849999904632568 38.943715572357185
vertex -46.36114807128908 1.7999999523162842 39.037100315094
vertex -46.49146575927736 1.7999999523162842 38.943715572357185
endloop
endfacet
facet normal 0.5280705415730635 0.0 -0.8492005081974052
outer loop
vertex -46.36114807128908 4.849999904632568 39.037100315094
vertex -46.22500152587892 1.7999999523162842 39.12176227569581
vertex -46.36114807128908 1.7999999523162842 39.037100315094
endloop
endfacet
facet normal 0.47138859845008235 0.0 -0.8819256143526318
outer loop
vertex -46.22500152587892 4.849999904632568 39.12176227569581
vertex -46.08360595703127 1.7999999523162842 39.197338104248054
vertex -46.22500152587892 1.7999999523162842 39.12176227569581
endloop
endfacet
facet normal 0.4127140291649512 0.0 -0.9108606535197531
outer loop
vertex -46.08360595703127 4.849999904632568 39.197338104248054
vertex -45.937575531005876 1.7999999523162842 39.263504981994636
vertex -46.08360595703127 1.7999999523162842 39.197338104248054
endloop
endfacet
facet normal 0.35224964555254695 0.0 -0.9359060781980769
outer loop
vertex -45.937575531005876 4.849999904632568 39.263504981994636
vertex -45.78752822875978 1.7999999523162842 39.319978713989265
vertex -45.937575531005876 1.7999999523162842 39.263504981994636
endloop
endfacet
facet normal 0.29028085845596574 0.0 -0.9569414941437473
outer loop
vertex -45.78752822875978 4.849999904632568 39.319978713989265
vertex -45.63410491943361 1.7999999523162842 39.36651849746705
vertex -45.78752822875978 1.7999999523162842 39.319978713989265
endloop
endfacet
facet normal 0.2270806793312075 0.0 -0.9738759495307793
outer loop
vertex -45.63410491943361 4.849999904632568 39.36651849746705
vertex -45.477973175048845 1.7999999523162842 39.40292406082154
vertex -45.63410491943361 1.7999999523162842 39.36651849746705
endloop
endfacet
facet normal 0.16289305508626598 0.0 -0.9866437313461545
outer loop
vertex -45.477973175048845 4.849999904632568 39.40292406082154
vertex -45.31978912353517 1.7999999523162842 39.42903995513917
vertex -45.477973175048845 1.7999999523162842 39.40292406082154
endloop
endfacet
facet normal 0.0980164817841343 0.0 -0.9951847915330402
outer loop
vertex -45.31978912353517 4.849999904632568 39.42903995513917
vertex -45.16023941040041 1.7999999523162842 39.44475412368775
vertex -45.31978912353517 1.7999999523162842 39.42903995513917
endloop
endfacet
facet normal 0.0327188675556831 0.0 -0.9994645945234247
outer loop
vertex -45.16023941040041 4.849999904632568 39.44475412368775
vertex -44.999999237060564 1.7999999523162842 39.449999809265144
vertex -45.16023941040041 1.7999999523162842 39.44475412368775
endloop
endfacet
facet normal -0.03271964564971866 0.0 -0.9994645690511279
outer loop
vertex -44.999999237060564 4.849999904632568 39.449999809265144
vertex -44.839762878417986 1.7999999523162842 39.44475412368775
vertex -44.999999237060564 1.7999999523162842 39.449999809265144
endloop
endfacet
facet normal -0.09801416086297814 0.0 -0.9951850201195385
outer loop
vertex -44.839762878417986 4.849999904632568 39.44475412368775
vertex -44.680209350585955 1.7999999523162842 39.42903995513917
vertex -44.839762878417986 1.7999999523162842 39.44475412368775
endloop
endfacet
facet normal -0.2902874679366413 0.0 -0.9569394891835812
outer loop
vertex -44.36589355468752 4.849999904632568 39.36651849746705
vertex -44.21247406005861 1.7999999523162842 39.319978713989265
vertex -44.36589355468752 1.7999999523162842 39.36651849746705
endloop
endfacet
facet normal -0.16289687919938392 0.0 -0.9866430999845391
outer loop
vertex -44.680209350585955 4.849999904632568 39.42903995513917
vertex -44.52202911376955 1.7999999523162842 39.40292406082154
vertex -44.680209350585955 1.7999999523162842 39.42903995513917
endloop
endfacet
facet normal -0.2270754173833228 0.0 -0.9738771764551163
outer loop
vertex -44.52202911376955 4.849999904632568 39.40292406082154
vertex -44.36589355468752 1.7999999523162842 39.36651849746705
vertex -44.52202911376955 1.7999999523162842 39.40292406082154
endloop
endfacet
facet normal -0.35224964555254695 0.0 -0.9359060781980769
outer loop
vertex -44.21247406005861 4.849999904632568 39.319978713989265
vertex -44.06242675781252 1.7999999523162842 39.263504981994636
vertex -44.21247406005861 1.7999999523162842 39.319978713989265
endloop
endfacet
facet normal -0.412705084555227 0.0 -0.9108647062996036
outer loop
vertex -44.06242675781252 4.849999904632568 39.263504981994636
vertex -43.91639251708986 1.7999999523162842 39.197338104248054
vertex -44.06242675781252 1.7999999523162842 39.263504981994636
endloop
endfacet
facet normal -0.7730129335299606 0.0 -0.6343902620590929
outer loop
vertex -43.157992553710955 4.849999904632568 38.61539745330811
vertex -43.05628509521486 1.7999999523162842 38.49146556854249
vertex -43.157992553710955 1.7999999523162842 38.61539745330811
endloop
endfacet
facet normal -0.729861750990951 0.0 -0.6835947808756465
outer loop
vertex -43.26758880615236 4.849999904632568 38.73241138458253
vertex -43.157992553710955 1.7999999523162842 38.61539745330811
vertex -43.26758880615236 1.7999999523162842 38.73241138458253
endloop
endfacet
facet normal -0.6835888451975176 0.0 -0.7298673103527272
outer loop
vertex -43.38460464477541 4.849999904632568 38.84200763702393
vertex -43.26758880615236 1.7999999523162842 38.73241138458253
vertex -43.38460464477541 1.7999999523162842 38.84200763702393
endloop
endfacet
facet normal -0.8491973363292548 0.0 -0.5280756422817651
outer loop
vertex -42.96290130615236 4.849999904632568 38.36114692687989
vertex -42.87823791503908 1.7999999523162842 38.224999904632575
vertex -42.96290130615236 1.7999999523162842 38.36114692687989
endloop
endfacet
facet normal -0.8128503138039481 0.0 -0.5824726322745326
outer loop
vertex -43.05628509521486 4.849999904632568 38.49146556854249
vertex -42.96290130615236 1.7999999523162842 38.36114692687989
vertex -43.05628509521486 1.7999999523162842 38.49146556854249
endloop
endfacet
facet normal -0.5824681135229061 0.0 -0.8128535518339494
outer loop
vertex -43.638854217529314 4.849999904632568 39.037100315094
vertex -43.50853271484377 1.7999999523162842 38.943715572357185
vertex -43.638854217529314 1.7999999523162842 39.037100315094
endloop
endfacet
facet normal -0.5280705415730635 0.0 -0.8492005081974052
outer loop
vertex -43.77500076293947 4.849999904632568 39.12176227569581
vertex -43.638854217529314 1.7999999523162842 39.037100315094
vertex -43.77500076293947 1.7999999523162842 39.12176227569581
endloop
endfacet
facet normal -0.4713984902443827 0.0 -0.8819203271244611
outer loop
vertex -43.91639251708986 4.849999904632568 39.197338104248054
vertex -43.77500076293947 1.7999999523162842 39.12176227569581
vertex -43.91639251708986 1.7999999523162842 39.197338104248054
endloop
endfacet
facet normal -0.6344037077157648 0.0 -0.773001898856976
outer loop
vertex -43.50853271484377 4.849999904632568 38.943715572357185
vertex -43.38460464477541 1.7999999523162842 38.84200763702393
vertex -43.50853271484377 1.7999999523162842 38.943715572357185
endloop
endfacet
facet normal 0.0 -1.0 0.0
outer loop
vertex -69.2983123779297 1.7999999523162842 47.276634216308594
vertex -49.20000000000002 1.7999999523162842 43.291018486022956
vertex -69.24797363281252 1.7999999523162842 47.44257831573486
endloop
endfacet
facet normal 0.0 -0.9999999999999999 0.0
outer loop
vertex -69.24797363281252 1.7999999523162842 47.44257831573486
vertex -49.20000000000002 1.7999999523162842 43.291018486022956
vertex -69.20859832763674 1.7999999523162842 47.611459732055664
endloop
endfacet
facet normal 0.0 -1.0 0.0
outer loop
vertex -69.20859832763674 1.7999999523162842 47.611459732055664
vertex -49.20000000000002 1.7999999523162842 43.291018486022956
vertex -69.18034667968752 1.7999999523162842 47.782554626464844
endloop
endfacet
facet normal 0.0 -1.0 0.0
outer loop
vertex -69.93384094238283 1.7999999523162842 46.254615783691406
vertex -47.03710098266603 1.7999999523162842 38.36114692687989
vertex -69.8153030395508 1.7999999523162842 46.38118267059326
endloop
endfacet
facet normal 0.0 -1.0 0.0
outer loop
vertex -69.8153030395508 1.7999999523162842 46.38118267059326
vertex -47.03710098266603 1.7999999523162842 38.36114692687989
vertex -69.70528717041017 1.7999999523162842 46.515231132507324
endloop
endfacet
facet normal 0.0 -1.0 0.0
outer loop
vertex -69.70528717041017 1.7999999523162842 46.515231132507324
vertex -47.03710098266603 1.7999999523162842 38.36114692687989
vertex -69.60428161621095 1.7999999523162842 46.656188011169434
endloop
endfacet
facet normal 0.0 -1.0 0.0
outer loop
vertex -69.60428161621095 1.7999999523162842 46.656188011169434
vertex -47.03710098266603 1.7999999523162842 38.36114692687989
vertex -69.51270599365236 1.7999999523162842 46.80344867706299
endloop
endfacet
facet normal 0.0 -1.0 0.0
outer loop
vertex -69.51270599365236 1.7999999523162842 46.80344867706299
vertex -47.03710098266603 1.7999999523162842 38.36114692687989
vertex -69.43096466064455 1.7999999523162842 46.95638370513916
endloop
endfacet
facet normal 0.0 -1.0 0.0
outer loop
vertex -69.43096466064455 1.7999999523162842 46.95638370513916
vertex -47.03710098266603 1.7999999523162842 38.36114692687989
vertex -69.35939331054689 1.7999999523162842 47.11433792114258
endloop
endfacet
facet normal 0.0 -1.0 0.0
outer loop
vertex -69.35939331054689 1.7999999523162842 47.11433792114258
vertex -47.03710098266603 1.7999999523162842 38.36114692687989
vertex -69.2983123779297 1.7999999523162842 47.276634216308594
endloop
endfacet
facet normal 0.0 -1.0 0.0
outer loop
vertex -69.18034667968752 1.7999999523162842 47.782554626464844
vertex -49.20000000000002 1.7999999523162842 43.291018486022956
vertex -69.16334838867189 1.7999999523162842 47.9551305770874
endloop
endfacet
facet normal 0.0 -1.0 0.0
outer loop
vertex -69.16334838867189 1.7999999523162842 47.9551305770874
vertex -49.20000000000002 1.7999999523162842 43.291018486022956
vertex -69.15767974853517 1.7999999523162842 48.128448486328125
endloop
endfacet
facet normal 0.0 -1.0 0.0
outer loop
vertex -69.15767974853517 1.7999999523162842 48.128448486328125
vertex -49.20000000000002 1.7999999523162842 43.291018486022956
vertex -69.16334838867189 1.7999999523162842 48.301767349243164
endloop
endfacet
facet normal 0.0 -1.0 0.0
outer loop
vertex -69.16334838867189 1.7999999523162842 48.301767349243164
vertex -49.20000000000002 1.7999999523162842 43.291018486022956
vertex -69.18034667968752 1.7999999523162842 48.474342346191406
endloop
endfacet
facet normal 0.0 -0.9999999999999999 0.0
outer loop
vertex -69.18034667968752 1.7999999523162842 48.474342346191406
vertex -49.20000000000002 1.7999999523162842 43.291018486022956
vertex -69.20859832763674 1.7999999523162842 48.645437240600586
endloop
endfacet
facet normal 0.0 -1.0 0.0
outer loop
vertex -69.20859832763674 1.7999999523162842 48.645437240600586
vertex -49.20000000000002 1.7999999523162842 43.291018486022956
vertex -66.91875000000002 1.7999999523162842 50.64645767211914
endloop
endfacet
facet normal 0.38339929657578314 0.0 0.9235826868154223
outer loop
vertex -66.91875000000002 5.800000190734863 50.64645767211914
vertex -66.91875000000002 1.7999999523162842 50.64645767211914
vertex -49.20000000000002 1.7999999523162842 43.291018486022956
endloop
endfacet
facet normal 0.0 -0.9999999999999999 0.0
outer loop
vertex -49.20000000000002 1.7999999523162842 43.291018486022956
vertex -47.12176055908205 1.7999999523162842 48.975000381469734
vertex -49.20000000000002 1.7999999523162842 50.20000076293946
endloop
endfacet
facet normal 0.0 -1.0 -0.0
outer loop
vertex -46.49146575927736 1.7999999523162842 48.256284713745124
vertex -49.20000000000002 1.7999999523162842 43.291018486022956
vertex -46.36114807128908 1.7999999523162842 48.16289901733399
endloop
endfacet
facet normal 0.0 -1.0 -0.0
outer loop
vertex -46.615397644042986 1.7999999523162842 48.35799217224122
vertex -49.20000000000002 1.7999999523162842 43.291018486022956
vertex -46.49146575927736 1.7999999523162842 48.256284713745124
endloop
endfacet
facet normal 0.0 -1.0 -0.0
outer loop
vertex -46.22500152587892 1.7999999523162842 48.07823753356934
vertex -49.20000000000002 1.7999999523162842 43.291018486022956
vertex -46.08360595703127 1.7999999523162842 48.00266265869141
endloop
endfacet
facet normal 0.0 -1.0 -0.0
outer loop
vertex -46.36114807128908 1.7999999523162842 48.16289901733399
vertex -49.20000000000002 1.7999999523162842 43.291018486022956
vertex -46.22500152587892 1.7999999523162842 48.07823753356934
endloop
endfacet
facet normal 0.0 -1.0 -0.0
outer loop
vertex -46.84200592041017 1.7999999523162842 48.58460235595704
vertex -49.20000000000002 1.7999999523162842 43.291018486022956
vertex -46.73241348266603 1.7999999523162842 48.467588424682624
endloop
endfacet
facet normal 0.0 -0.9999999999999999 -0.0
outer loop
vertex -46.73241348266603 1.7999999523162842 48.467588424682624
vertex -49.20000000000002 1.7999999523162842 43.291018486022956
vertex -46.615397644042986 1.7999999523162842 48.35799217224122
endloop
endfacet
facet normal 0.0 -1.0 -0.0
outer loop
vertex -46.94371719360353 1.7999999523162842 48.70853424072266
vertex -49.20000000000002 1.7999999523162842 43.291018486022956
vertex -46.84200592041017 1.7999999523162842 48.58460235595704
endloop
endfacet
facet normal 0.0 -1.0 -0.0
outer loop
vertex -47.03710098266603 1.7999999523162842 48.83885383605958
vertex -49.20000000000002 1.7999999523162842 43.291018486022956
vertex -46.94371719360353 1.7999999523162842 48.70853424072266
endloop
endfacet
facet normal 0.0 -1.0 -0.0
outer loop
vertex -47.12176055908205 1.7999999523162842 48.975000381469734
vertex -49.20000000000002 1.7999999523162842 43.291018486022956
vertex -47.03710098266603 1.7999999523162842 48.83885383605958
endloop
endfacet
facet normal 0.0 -1.0 0.0
outer loop
vertex -45.78752822875978 1.7999999523162842 39.319978713989265
vertex -45.937575531005876 1.7999999523162842 47.936494827270515
vertex -46.08360595703127 1.7999999523162842 48.00266265869141
endloop
endfacet
facet normal 0.0 -1.0 0.0
outer loop
vertex -45.78752822875978 1.7999999523162842 39.319978713989265
vertex -45.78752822875978 1.7999999523162842 47.880021095275886
vertex -45.937575531005876 1.7999999523162842 47.936494827270515
endloop
endfacet
facet normal 0.0 -1.0 0.0
outer loop
vertex -45.63410491943361 1.7999999523162842 39.36651849746705
vertex -45.63410491943361 1.7999999523162842 47.83348178863526
vertex -45.78752822875978 1.7999999523162842 47.880021095275886
endloop
endfacet
facet normal 0.0 -1.0 0.0
outer loop
vertex -45.477973175048845 1.7999999523162842 39.40292406082154
vertex -45.477973175048845 1.7999999523162842 47.79707622528077
vertex -45.63410491943361 1.7999999523162842 47.83348178863526
endloop
endfacet
facet normal 0.0 -1.0 0.0
outer loop
vertex -45.477973175048845 1.7999999523162842 47.79707622528077
vertex -45.31978912353517 1.7999999523162842 39.42903995513917
vertex -45.31978912353517 1.7999999523162842 47.770959854125984
endloop
endfacet
facet normal 0.0 -1.0 0.0
outer loop
vertex -45.16023941040041 1.7999999523162842 39.44475412368775
vertex -45.16023941040041 1.7999999523162842 47.75524520874024
vertex -45.31978912353517 1.7999999523162842 47.770959854125984
endloop
endfacet
facet normal 0.0 -1.0 0.0
outer loop
vertex -44.999999237060564 1.7999999523162842 39.449999809265144
vertex -44.999999237060564 1.7999999523162842 47.75000000000001
vertex -45.16023941040041 1.7999999523162842 47.75524520874024
endloop
endfacet
facet normal -0.0 -1.0 0.0
outer loop
vertex -44.839762878417986 1.7999999523162842 39.44475412368775
vertex -44.839762878417986 1.7999999523162842 47.75524520874024
vertex -44.999999237060564 1.7999999523162842 47.75000000000001
endloop
endfacet
facet normal -0.0 -0.9999999999999999 0.0
outer loop
vertex -44.680209350585955 1.7999999523162842 39.42903995513917
vertex -44.680209350585955 1.7999999523162842 47.770959854125984
vertex -44.839762878417986 1.7999999523162842 47.75524520874024
endloop
endfacet
facet normal -0.0 -1.0 0.0
outer loop
vertex -44.52202911376955 1.7999999523162842 39.40292406082154
vertex -44.52202911376955 1.7999999523162842 47.79707622528077
vertex -44.680209350585955 1.7999999523162842 47.770959854125984
endloop
endfacet
facet normal -0.0 -1.0 0.0
outer loop
vertex -44.36589355468752 1.7999999523162842 39.36651849746705
vertex -44.36589355468752 1.7999999523162842 47.83348178863526
vertex -44.52202911376955 1.7999999523162842 47.79707622528077
endloop
endfacet
facet normal -0.0 -1.0 0.0
outer loop
vertex -44.21247406005861 1.7999999523162842 39.319978713989265
vertex -44.21247406005861 1.7999999523162842 47.880021095275886
vertex -44.36589355468752 1.7999999523162842 47.83348178863526
endloop
endfacet
facet normal -0.0 -1.0 0.0
outer loop
vertex -44.06242675781252 1.7999999523162842 39.263504981994636
vertex -44.06242675781252 1.7999999523162842 47.936494827270515
vertex -44.21247406005861 1.7999999523162842 47.880021095275886
endloop
endfacet
facet normal -0.0 -1.0 0.0
outer loop
vertex -43.91639251708986 1.7999999523162842 39.197338104248054
vertex -43.91639251708986 1.7999999523162842 48.00266265869141
vertex -44.06242675781252 1.7999999523162842 47.936494827270515
endloop
endfacet
facet normal -0.0 -0.9999999999999999 0.0
outer loop
vertex -43.77500076293947 1.7999999523162842 39.12176227569581
vertex -43.77500076293947 1.7999999523162842 48.07823753356934
vertex -43.91639251708986 1.7999999523162842 48.00266265869141
endloop
endfacet
facet normal -0.0 -1.0 0.0
outer loop
vertex -43.638854217529314 1.7999999523162842 39.037100315094
vertex -43.638854217529314 1.7999999523162842 48.16289901733399
vertex -43.77500076293947 1.7999999523162842 48.07823753356934
endloop
endfacet
facet normal 0.0 -1.0 0.0
outer loop
vertex -43.638854217529314 1.7999999523162842 48.16289901733399
vertex -43.638854217529314 1.7999999523162842 39.037100315094
vertex -43.50853271484377 1.7999999523162842 48.256284713745124
endloop
endfacet
facet normal 0.0 -1.0 -0.0
outer loop
vertex -43.50853271484377 1.7999999523162842 48.256284713745124
vertex -43.638854217529314 1.7999999523162842 39.037100315094
vertex -43.38460464477541 1.7999999523162842 48.35799217224122
endloop
endfacet
facet normal 0.0 -0.9999999999999999 -0.0
outer loop
vertex -43.38460464477541 1.7999999523162842 48.35799217224122
vertex -43.638854217529314 1.7999999523162842 39.037100315094
vertex -43.26758880615236 1.7999999523162842 48.467588424682624
endloop
endfacet
facet normal 0.0 -1.0 -0.0
outer loop
vertex -43.26758880615236 1.7999999523162842 48.467588424682624
vertex -43.638854217529314 1.7999999523162842 39.037100315094
vertex -43.157992553710955 1.7999999523162842 48.58460235595704
endloop
endfacet
facet normal 0.0 -0.9999999999999999 -0.0
outer loop
vertex -43.157992553710955 1.7999999523162842 48.58460235595704
vertex -43.638854217529314 1.7999999523162842 39.037100315094
vertex -43.05628509521486 1.7999999523162842 48.70853424072266
endloop
endfacet
facet normal 0.0 -1.0 -0.0
outer loop
vertex -43.05628509521486 1.7999999523162842 48.70853424072266
vertex -43.638854217529314 1.7999999523162842 39.037100315094
vertex -42.96290130615236 1.7999999523162842 48.83885383605958
endloop
endfacet
facet normal 0.0 -0.9999999999999999 -0.0
outer loop
vertex -42.96290130615236 1.7999999523162842 48.83885383605958
vertex -43.638854217529314 1.7999999523162842 39.037100315094
vertex -42.87823791503908 1.7999999523162842 48.975000381469734
endloop
endfacet
facet normal 0.0 -1.0 -0.0
outer loop
vertex -42.87823791503908 1.7999999523162842 48.975000381469734
vertex -43.638854217529314 1.7999999523162842 39.037100315094
vertex -42.80266113281252 1.7999999523162842 49.116392135620124
endloop
endfacet
facet normal 0.0 -1.0 -0.0
outer loop
vertex -42.80266113281252 1.7999999523162842 49.116392135620124
vertex -43.638854217529314 1.7999999523162842 39.037100315094
vertex -42.73649520874025 1.7999999523162842 49.26242637634278
endloop
endfacet
facet normal 0.0 -0.9999999999999999 -0.0
outer loop
vertex -42.73649520874025 1.7999999523162842 49.26242637634278
vertex -43.638854217529314 1.7999999523162842 39.037100315094
vertex -42.68002243041994 1.7999999523162842 49.412473678588874
endloop
endfacet
facet normal 0.0 -1.0 -0.0
outer loop
vertex -42.68002243041994 1.7999999523162842 49.412473678588874
vertex -43.638854217529314 1.7999999523162842 39.037100315094
vertex -42.633483123779314 1.7999999523162842 49.56589317321778
endloop
endfacet
facet normal 0.0 -1.0 -0.0
outer loop
vertex -42.633483123779314 1.7999999523162842 49.56589317321778
vertex -43.638854217529314 1.7999999523162842 39.037100315094
vertex -40.79999847412111 1.7999999523162842 50.20000076293946
endloop
endfacet
facet normal -0.0 -1.0 0.0
outer loop
vertex -47.45000000000002 1.7999999523162842 50.20000076293946
vertex -49.19190521240236 1.7999999523162842 50.44721221923829
vertex -49.20000000000002 1.7999999523162842 50.20000076293946
endloop
endfacet
facet normal -0.0 -1.0 -0.0
outer loop
vertex -47.19733734130861 1.7999999523162842 49.116392135620124
vertex -49.20000000000002 1.7999999523162842 50.20000076293946
vertex -47.12176055908205 1.7999999523162842 48.975000381469734
endloop
endfacet
facet normal -0.0 -1.0 -0.0
outer loop
vertex -47.319979858398455 1.7999999523162842 49.412473678588874
vertex -49.20000000000002 1.7999999523162842 50.20000076293946
vertex -47.263503265380876 1.7999999523162842 49.26242637634278
endloop
endfacet
facet normal -0.0 -1.0 -0.0
outer loop
vertex -47.263503265380876 1.7999999523162842 49.26242637634278
vertex -49.20000000000002 1.7999999523162842 50.20000076293946
vertex -47.19733734130861 1.7999999523162842 49.116392135620124
endloop
endfacet
facet normal -0.0 -1.0 -0.0
outer loop
vertex -47.36651916503908 1.7999999523162842 49.56589317321778
vertex -49.20000000000002 1.7999999523162842 50.20000076293946
vertex -47.319979858398455 1.7999999523162842 49.412473678588874
endloop
endfacet
facet normal -0.0 -1.0 -0.0
outer loop
vertex -47.40292282104494 1.7999999523162842 49.72202873229981
vertex -49.20000000000002 1.7999999523162842 50.20000076293946
vertex -47.36651916503908 1.7999999523162842 49.56589317321778
endloop
endfacet
facet normal -0.0 -1.0 -0.0
outer loop
vertex -47.42903823852541 1.7999999523162842 49.88021087646485
vertex -49.20000000000002 1.7999999523162842 50.20000076293946
vertex -47.40292282104494 1.7999999523162842 49.72202873229981
endloop
endfacet
facet normal -0.0 -1.0 -0.0
outer loop
vertex -47.44475479125978 1.7999999523162842 50.03976249694825
vertex -49.20000000000002 1.7999999523162842 50.20000076293946
vertex -47.42903823852541 1.7999999523162842 49.88021087646485
endloop
endfacet
facet normal -0.0 -1.0 -0.0
outer loop
vertex -47.45000000000002 1.7999999523162842 50.20000076293946
vertex -49.20000000000002 1.7999999523162842 50.20000076293946
vertex -47.44475479125978 1.7999999523162842 50.03976249694825
endloop
endfacet
facet normal -0.0 -1.0 -0.0
outer loop
vertex -47.44475479125978 1.7999999523162842 50.36023712158204
vertex -49.19190521240236 1.7999999523162842 50.44721221923829
vertex -47.45000000000002 1.7999999523162842 50.20000076293946
endloop
endfacet
facet normal 0.0 -1.0 -0.0
outer loop
vertex -49.19100875854494 1.7999999523162842 50.47469329833985
vertex -49.19190521240236 1.7999999523162842 50.44721221923829
vertex -47.44475479125978 1.7999999523162842 50.36023712158204
endloop
endfacet
facet normal 0.0 -1.0 -0.0
outer loop
vertex -49.164069366455095 1.7999999523162842 50.74821090698243
vertex -49.19100875854494 1.7999999523162842 50.47469329833985
vertex -47.42903823852541 1.7999999523162842 50.51978874206544
endloop
endfacet
facet normal 0.0 -1.0 -0.0
outer loop
vertex -49.119296264648455 1.7999999523162842 51.019380569458015
vertex -49.164069366455095 1.7999999523162842 50.74821090698243
vertex -47.40292282104494 1.7999999523162842 50.677970886230476
endloop
endfacet
facet normal 0.0 -1.0 -0.0
outer loop
vertex -49.05688781738283 1.7999999523162842 51.287040710449226
vertex -49.119296264648455 1.7999999523162842 51.019380569458015
vertex -47.36651916503908 1.7999999523162842 50.83410644531251
endloop
endfacet
facet normal 0.0 -0.9999999999999999 -0.0
outer loop
vertex -47.42903823852541 1.7999999523162842 50.51978874206544
vertex -49.19100875854494 1.7999999523162842 50.47469329833985
vertex -47.44475479125978 1.7999999523162842 50.36023712158204
endloop
endfacet
facet normal -0.0 -0.9999999999999999 -0.0
outer loop
vertex -47.40292282104494 1.7999999523162842 50.677970886230476
vertex -49.164069366455095 1.7999999523162842 50.74821090698243
vertex -47.42903823852541 1.7999999523162842 50.51978874206544
endloop
endfacet
facet normal -0.0 -1.0 -0.0
outer loop
vertex -47.36651916503908 1.7999999523162842 50.83410644531251
vertex -49.119296264648455 1.7999999523162842 51.019380569458015
vertex -47.40292282104494 1.7999999523162842 50.677970886230476
endloop
endfacet
facet normal 0.0 -1.0 -0.0
outer loop
vertex -48.97710723876955 1.7999999523162842 51.55004501342774
vertex -49.05688781738283 1.7999999523162842 51.287040710449226
vertex -47.319979858398455 1.7999999523162842 50.98752593994141
endloop
endfacet
facet normal -0.0 -1.0 -0.0
outer loop
vertex -47.319979858398455 1.7999999523162842 50.98752593994141
vertex -49.05688781738283 1.7999999523162842 51.287040710449226
vertex -47.36651916503908 1.7999999523162842 50.83410644531251
endloop
endfacet
facet normal -0.0 -1.0 -0.0
outer loop
vertex -47.263503265380876 1.7999999523162842 51.13757514953614
vertex -48.97710723876955 1.7999999523162842 51.55004501342774
vertex -47.319979858398455 1.7999999523162842 50.98752593994141
endloop
endfacet
facet normal -0.0 -1.0 0.0
outer loop
vertex -47.263503265380876 1.7999999523162842 51.13757514953614
vertex -48.88029403686525 1.7999999523162842 51.807270050048835
vertex -48.97710723876955 1.7999999523162842 51.55004501342774
endloop
endfacet
facet normal -0.0 -1.0 -0.0
outer loop
vertex -47.19733734130861 1.7999999523162842 51.28360748291016
vertex -48.88029403686525 1.7999999523162842 51.807270050048835
vertex -47.263503265380876 1.7999999523162842 51.13757514953614
endloop
endfacet
facet normal -0.0 -1.0 -0.0
outer loop
vertex -47.12176055908205 1.7999999523162842 51.424999237060554
vertex -48.76686401367189 1.7999999523162842 52.05761337280274
vertex -47.19733734130861 1.7999999523162842 51.28360748291016
endloop
endfacet
facet normal -0.0 -1.0 0.0
outer loop
vertex -47.19733734130861 1.7999999523162842 51.28360748291016
vertex -48.76686401367189 1.7999999523162842 52.05761337280274
vertex -48.88029403686525 1.7999999523162842 51.807270050048835
endloop
endfacet
facet normal -0.0 -1.0 0.0
outer loop
vertex -47.12176055908205 1.7999999523162842 51.424999237060554
vertex -48.63730545043947 1.7999999523162842 52.299999237060554
vertex -48.76686401367189 1.7999999523162842 52.05761337280274
endloop
endfacet
facet normal -0.0 -1.0 0.0
outer loop
vertex -47.03710098266603 1.7999999523162842 51.56114768981934
vertex -48.4921714782715 1.7999999523162842 52.53339576721192
vertex -48.63730545043947 1.7999999523162842 52.299999237060554
endloop
endfacet
facet normal 0.0 -0.9999999999999999 -0.0
outer loop
vertex -48.33208389282228 1.7999999523162842 52.75679779052735
vertex -48.4921714782715 1.7999999523162842 52.53339576721192
vertex -46.94371719360353 1.7999999523162842 51.691465377807624
endloop
endfacet
facet normal -0.0 -1.0 -0.0
outer loop
vertex -47.03710098266603 1.7999999523162842 51.56114768981934
vertex -48.63730545043947 1.7999999523162842 52.299999237060554
vertex -47.12176055908205 1.7999999523162842 51.424999237060554
endloop
endfacet
facet normal -0.0 -1.0 -0.0
outer loop
vertex -46.94371719360353 1.7999999523162842 51.691465377807624
vertex -48.4921714782715 1.7999999523162842 52.53339576721192
vertex -47.03710098266603 1.7999999523162842 51.56114768981934
endloop
endfacet
facet normal -0.0 -1.0 -0.0
outer loop
vertex -46.84200592041017 1.7999999523162842 51.81539726257325
vertex -48.33208389282228 1.7999999523162842 52.75679779052735
vertex -46.94371719360353 1.7999999523162842 51.691465377807624
endloop
endfacet
facet normal -0.0 -1.0 -0.0
outer loop
vertex -46.73241348266603 1.7999999523162842 51.93241119384766
vertex -48.15772552490236 1.7999999523162842 52.96925163269044
vertex -46.84200592041017 1.7999999523162842 51.81539726257325
endloop
endfacet
facet normal 0.0 -1.0 -0.0
outer loop
vertex -48.15772552490236 1.7999999523162842 52.96925163269044
vertex -48.33208389282228 1.7999999523162842 52.75679779052735
vertex -46.84200592041017 1.7999999523162842 51.81539726257325
endloop
endfacet
facet normal -0.0 -0.9999999999999999 0.0
outer loop
vertex -46.73241348266603 1.7999999523162842 51.93241119384766
vertex -47.969847869873064 1.7999999523162842 53.16984939575196
vertex -48.15772552490236 1.7999999523162842 52.96925163269044
endloop
endfacet
facet normal -0.0 -1.0 -0.0
outer loop
vertex -46.615397644042986 1.7999999523162842 52.04200744628907
vertex -47.969847869873064 1.7999999523162842 53.16984939575196
vertex -46.73241348266603 1.7999999523162842 51.93241119384766
endloop
endfacet
facet normal 0.0 -1.0 -0.0
outer loop
vertex -47.76925201416017 1.7999999523162842 53.35772705078126
vertex -47.969847869873064 1.7999999523162842 53.16984939575196
vertex -46.615397644042986 1.7999999523162842 52.04200744628907
endloop
endfacet
facet normal 0.0 -0.9999999999999999 -0.0
outer loop
vertex -47.556796264648455 1.7999999523162842 53.532083511352546
vertex -47.76925201416017 1.7999999523162842 53.35772705078126
vertex -46.49146575927736 1.7999999523162842 52.14371490478516
endloop
endfacet
facet normal -0.0 -1.0 0.0
outer loop
vertex -46.36114807128908 1.7999999523162842 52.237100601196296
vertex -47.33339614868166 1.7999999523162842 53.6921730041504
vertex -47.556796264648455 1.7999999523162842 53.532083511352546
endloop
endfacet
facet normal -0.0 -1.0 0.0
outer loop
vertex -42.633483123779314 1.7999999523162842 49.56589317321778
vertex -40.79999847412111 1.7999999523162842 50.20000076293946
vertex -42.59707565307619 1.7999999523162842 49.72202873229981
endloop
endfacet
facet normal -0.0 -1.0 0.0
outer loop
vertex -42.59707565307619 1.7999999523162842 49.72202873229981
vertex -40.79999847412111 1.7999999523162842 50.20000076293946
vertex -42.57096023559572 1.7999999523162842 49.88021087646485
endloop
endfacet
facet normal -0.0 -1.0 0.0
outer loop
vertex -42.57096023559572 1.7999999523162842 49.88021087646485
vertex -40.79999847412111 1.7999999523162842 50.20000076293946
vertex -42.55524749755861 1.7999999523162842 50.03976249694825
endloop
endfacet
facet normal 0.0 -1.0 0.0
outer loop
vertex -42.55524749755861 1.7999999523162842 50.03976249694825
vertex -40.79999847412111 1.7999999523162842 50.20000076293946
vertex -42.54999847412111 1.7999999523162842 50.20000076293946
endloop
endfacet
facet normal -0.0 -1.0 0.0
outer loop
vertex -42.54999847412111 1.7999999523162842 50.20000076293946
vertex -40.808993530273455 1.7999999523162842 50.47469329833985
vertex -42.55524749755861 1.7999999523162842 50.36023712158204
endloop
endfacet
facet normal 0.0 -1.0 0.0
outer loop
vertex -42.54999847412111 1.7999999523162842 50.20000076293946
vertex -40.79999847412111 1.7999999523162842 50.20000076293946
vertex -40.808993530273455 1.7999999523162842 50.47469329833985
endloop
endfacet
facet normal -0.0 -1.0 0.0
outer loop
vertex -42.80266113281252 1.7999999523162842 51.28360748291016
vertex -41.36269302368166 1.7999999523162842 52.299999237060554
vertex -42.87823791503908 1.7999999523162842 51.424999237060554
endloop
endfacet
facet normal -0.0 -1.0 0.0
outer loop
vertex -42.55524749755861 1.7999999523162842 50.36023712158204
vertex -40.8359329223633 1.7999999523162842 50.74821090698243
vertex -42.57096023559572 1.7999999523162842 50.51978874206544
endloop
endfacet
facet normal -0.0 -1.0 0.0
outer loop
vertex -42.57096023559572 1.7999999523162842 50.51978874206544
vertex -40.88070220947267 1.7999999523162842 51.019380569458015
vertex -42.59707565307619 1.7999999523162842 50.677970886230476
endloop
endfacet
facet normal -0.0 -1.0 0.0
outer loop
vertex -42.59707565307619 1.7999999523162842 50.677970886230476
vertex -40.9431106567383 1.7999999523162842 51.287040710449226
vertex -42.633483123779314 1.7999999523162842 50.83410644531251
endloop
endfacet
facet normal -0.0 -1.0 0.0
outer loop
vertex -40.808993530273455 1.7999999523162842 50.47469329833985
vertex -40.8359329223633 1.7999999523162842 50.74821090698243
vertex -42.55524749755861 1.7999999523162842 50.36023712158204
endloop
endfacet
facet normal -0.0 -0.9999999999999999 0.0
outer loop
vertex -40.8359329223633 1.7999999523162842 50.74821090698243
vertex -40.88070220947267 1.7999999523162842 51.019380569458015
vertex -42.57096023559572 1.7999999523162842 50.51978874206544
endloop
endfacet
facet normal 0.0 -1.0 0.0
outer loop
vertex -42.59707565307619 1.7999999523162842 50.677970886230476
vertex -40.88070220947267 1.7999999523162842 51.019380569458015
vertex -40.9431106567383 1.7999999523162842 51.287040710449226
endloop
endfacet
facet normal -0.0 -1.0 0.0
outer loop
vertex -42.633483123779314 1.7999999523162842 50.83410644531251
vertex -41.022895050048845 1.7999999523162842 51.55004501342774
vertex -42.68002243041994 1.7999999523162842 50.98752593994141
endloop
endfacet
facet normal -0.0 -1.0 0.0
outer loop
vertex -42.68002243041994 1.7999999523162842 50.98752593994141
vertex -41.119704437255876 1.7999999523162842 51.807270050048835
vertex -42.73649520874025 1.7999999523162842 51.13757514953614
endloop
endfacet
facet normal -0.0 -1.0 0.0
outer loop
vertex -42.73649520874025 1.7999999523162842 51.13757514953614
vertex -41.233134460449236 1.7999999523162842 52.05761337280274
vertex -42.80266113281252 1.7999999523162842 51.28360748291016
endloop
endfacet
facet normal -0.0 -1.0 0.0
outer loop
vertex -41.022895050048845 1.7999999523162842 51.55004501342774
vertex -41.119704437255876 1.7999999523162842 51.807270050048835
vertex -42.68002243041994 1.7999999523162842 50.98752593994141
endloop
endfacet
facet normal 0.0 -0.9999999999999999 0.0
outer loop
vertex -42.73649520874025 1.7999999523162842 51.13757514953614
vertex -41.119704437255876 1.7999999523162842 51.807270050048835
vertex -41.233134460449236 1.7999999523162842 52.05761337280274
endloop
endfacet
facet normal -0.0 -1.0 0.0
outer loop
vertex -40.9431106567383 1.7999999523162842 51.287040710449226
vertex -41.022895050048845 1.7999999523162842 51.55004501342774
vertex -42.633483123779314 1.7999999523162842 50.83410644531251
endloop
endfacet
facet normal -0.0 -1.0 -0.0
outer loop
vertex -46.49146575927736 1.7999999523162842 52.14371490478516
vertex -47.76925201416017 1.7999999523162842 53.35772705078126
vertex -46.615397644042986 1.7999999523162842 52.04200744628907
endloop
endfacet
facet normal -0.0 -1.0 -0.0
outer loop
vertex -46.36114807128908 1.7999999523162842 52.237100601196296
vertex -47.556796264648455 1.7999999523162842 53.532083511352546
vertex -46.49146575927736 1.7999999523162842 52.14371490478516
endloop
endfacet
facet normal -0.0 -1.0 -0.0
outer loop
vertex -46.22500152587892 1.7999999523162842 52.321762084960945
vertex -47.33339614868166 1.7999999523162842 53.6921730041504
vertex -46.36114807128908 1.7999999523162842 52.237100601196296
endloop
endfacet
facet normal -0.0 -1.0 -0.0
outer loop
vertex -46.08360595703127 1.7999999523162842 52.39733886718751
vertex -47.10000152587892 1.7999999523162842 53.83730697631837
vertex -46.22500152587892 1.7999999523162842 52.321762084960945
endloop
endfacet
facet normal -0.0 -1.0 -0.0
outer loop
vertex -45.937575531005876 1.7999999523162842 52.46350479125977
vertex -46.857611846923845 1.7999999523162842 53.96686553955079
vertex -46.08360595703127 1.7999999523162842 52.39733886718751
endloop
endfacet
facet normal -0.0 -1.0 -0.0
outer loop
vertex -45.78752822875978 1.7999999523162842 52.51997947692872
vertex -46.60726852416994 1.7999999523162842 54.080293655395515
vertex -45.937575531005876 1.7999999523162842 52.46350479125977
endloop
endfacet
facet normal 0.0 -1.0 -0.0
outer loop
vertex -47.10000152587892 1.7999999523162842 53.83730697631837
vertex -47.33339614868166 1.7999999523162842 53.6921730041504
vertex -46.22500152587892 1.7999999523162842 52.321762084960945
endloop
endfacet
facet normal 0.0 -0.9999999999999999 -0.0
outer loop
vertex -46.857611846923845 1.7999999523162842 53.96686553955079
vertex -47.10000152587892 1.7999999523162842 53.83730697631837
vertex -46.08360595703127 1.7999999523162842 52.39733886718751
endloop
endfacet
facet normal -0.0 -1.0 0.0
outer loop
vertex -45.937575531005876 1.7999999523162842 52.46350479125977
vertex -46.60726852416994 1.7999999523162842 54.080293655395515
vertex -46.857611846923845 1.7999999523162842 53.96686553955079
endloop
endfacet
facet normal 0.0 -1.0 -0.0
outer loop
vertex -46.35004730224611 1.7999999523162842 54.17710685729981
vertex -46.60726852416994 1.7999999523162842 54.080293655395515
vertex -45.78752822875978 1.7999999523162842 52.51997947692872
endloop
endfacet
facet normal -0.0 -1.0 -0.0
outer loop
vertex -45.63410491943361 1.7999999523162842 52.56651878356934
vertex -46.35004730224611 1.7999999523162842 54.17710685729981
vertex -45.78752822875978 1.7999999523162842 52.51997947692872
endloop
endfacet
facet normal -0.0 -1.0 -0.0
outer loop
vertex -45.477973175048845 1.7999999523162842 52.602924346923835
vertex -46.08703918457033 1.7999999523162842 54.256889343261726
vertex -45.63410491943361 1.7999999523162842 52.56651878356934
endloop
endfacet
facet normal -0.0 -1.0 -0.0
outer loop
vertex -45.31978912353517 1.7999999523162842 52.629039764404304
vertex -45.81938095092775 1.7999999523162842 54.31929779052735
vertex -45.477973175048845 1.7999999523162842 52.602924346923835
endloop
endfacet
facet normal 0.0 -0.9999999999999999 -0.0
outer loop
vertex -46.08703918457033 1.7999999523162842 54.256889343261726
vertex -46.35004730224611 1.7999999523162842 54.17710685729981
vertex -45.63410491943361 1.7999999523162842 52.56651878356934
endloop
endfacet
facet normal -0.0 -0.9999999999999999 0.0
outer loop
vertex -45.477973175048845 1.7999999523162842 52.602924346923835
vertex -45.81938095092775 1.7999999523162842 54.31929779052735
vertex -46.08703918457033 1.7999999523162842 54.256889343261726
endloop
endfacet
facet normal 0.0 -0.9999999999999999 -0.0
outer loop
vertex -45.54820938110353 1.7999999523162842 54.36406898498536
vertex -45.81938095092775 1.7999999523162842 54.31929779052735
vertex -45.31978912353517 1.7999999523162842 52.629039764404304
endloop
endfacet
facet normal -0.0 -1.0 -0.0
outer loop
vertex -45.16023941040041 1.7999999523162842 52.644754409790046
vertex -45.54820938110353 1.7999999523162842 54.36406898498536
vertex -45.31978912353517 1.7999999523162842 52.629039764404304
endloop
endfacet
facet normal -0.0 -1.0 -0.0
outer loop
vertex -44.999999237060564 1.7999999523162842 52.64999961853028
vertex -45.274691772460955 1.7999999523162842 54.3910083770752
vertex -45.16023941040041 1.7999999523162842 52.644754409790046
endloop
endfacet
facet normal -0.0 -1.0 -0.0
outer loop
vertex -44.839762878417986 1.7999999523162842 52.644754409790046
vertex -44.999999237060564 1.7999999523162842 54.39999961853028
vertex -44.999999237060564 1.7999999523162842 52.64999961853028
endloop
endfacet
facet normal -0.0 -1.0 0.0
outer loop
vertex -44.680209350585955 1.7999999523162842 52.629039764404304
vertex -44.72530670166017 1.7999999523162842 54.3910083770752
vertex -44.839762878417986 1.7999999523162842 52.644754409790046
endloop
endfacet
facet normal -0.0 -1.0 0.0
outer loop
vertex -44.52202911376955 1.7999999523162842 52.602924346923835
vertex -44.451789093017595 1.7999999523162842 54.36406898498536
vertex -44.680209350585955 1.7999999523162842 52.629039764404304
endloop
endfacet
facet normal -0.0 -1.0 0.0
outer loop
vertex -44.36589355468752 1.7999999523162842 52.56651878356934
vertex -44.18062133789064 1.7999999523162842 54.31929779052735
vertex -44.52202911376955 1.7999999523162842 52.602924346923835
endloop
endfacet
facet normal -0.0 -1.0 0.0
outer loop
vertex -44.21247406005861 1.7999999523162842 52.51997947692872
vertex -43.9129592895508 1.7999999523162842 54.256889343261726
vertex -44.36589355468752 1.7999999523162842 52.56651878356934
endloop
endfacet
facet normal -0.0 -1.0 0.0
outer loop
vertex -44.06242675781252 1.7999999523162842 52.46350479125977
vertex -43.64995498657228 1.7999999523162842 54.17710685729981
vertex -44.21247406005861 1.7999999523162842 52.51997947692872
endloop
endfacet
facet normal -0.0 -1.0 0.0
outer loop
vertex -43.9129592895508 1.7999999523162842 54.256889343261726
vertex -44.18062133789064 1.7999999523162842 54.31929779052735
vertex -44.36589355468752 1.7999999523162842 52.56651878356934
endloop
endfacet
facet normal 0.0 -1.0 0.0
outer loop
vertex -44.21247406005861 1.7999999523162842 52.51997947692872
vertex -43.64995498657228 1.7999999523162842 54.17710685729981
vertex -43.9129592895508 1.7999999523162842 54.256889343261726
endloop
endfacet
facet normal 0.0 -1.0 -0.0
outer loop
vertex -45.274691772460955 1.7999999523162842 54.3910083770752
vertex -45.54820938110353 1.7999999523162842 54.36406898498536
vertex -45.16023941040041 1.7999999523162842 52.644754409790046
endloop
endfacet
facet normal -0.0 -1.0 0.0
outer loop
vertex -44.999999237060564 1.7999999523162842 52.64999961853028
vertex -44.999999237060564 1.7999999523162842 54.39999961853028
vertex -45.274691772460955 1.7999999523162842 54.3910083770752
endloop
endfacet
facet normal -0.0 -1.0 -0.0
outer loop
vertex -44.72530670166017 1.7999999523162842 54.3910083770752
vertex -44.999999237060564 1.7999999523162842 54.39999961853028
vertex -44.839762878417986 1.7999999523162842 52.644754409790046
endloop
endfacet
facet normal -0.0 -1.0 -0.0
outer loop
vertex -44.451789093017595 1.7999999523162842 54.36406898498536
vertex -44.72530670166017 1.7999999523162842 54.3910083770752
vertex -44.680209350585955 1.7999999523162842 52.629039764404304
endloop
endfacet
facet normal -0.0 -1.0 0.0
outer loop
vertex -44.18062133789064 1.7999999523162842 54.31929779052735
vertex -44.451789093017595 1.7999999523162842 54.36406898498536
vertex -44.52202911376955 1.7999999523162842 52.602924346923835
endloop
endfacet
facet normal -0.0 -1.0 0.0
outer loop
vertex -42.87823791503908 1.7999999523162842 51.424999237060554
vertex -41.507826995849626 1.7999999523162842 52.53339576721192
vertex -42.96290130615236 1.7999999523162842 51.56114768981934
endloop
endfacet
facet normal -0.0 -1.0 0.0
outer loop
vertex -42.96290130615236 1.7999999523162842 51.56114768981934
vertex -41.667914581298845 1.7999999523162842 52.75679779052735
vertex -43.05628509521486 1.7999999523162842 51.691465377807624
endloop
endfacet
facet normal -0.0 -1.0 0.0
outer loop
vertex -43.157992553710955 1.7999999523162842 51.81539726257325
vertex -42.030150604248064 1.7999999523162842 53.16984939575196
vertex -43.26758880615236 1.7999999523162842 51.93241119384766
endloop
endfacet
facet normal -0.0 -1.0 0.0
outer loop
vertex -43.05628509521486 1.7999999523162842 51.691465377807624
vertex -41.84227294921877 1.7999999523162842 52.96925163269044
vertex -43.157992553710955 1.7999999523162842 51.81539726257325
endloop
endfacet
facet normal -0.0 -1.0 0.0
outer loop
vertex -43.38460464477541 1.7999999523162842 52.04200744628907
vertex -42.44320220947267 1.7999999523162842 53.532083511352546
vertex -43.50853271484377 1.7999999523162842 52.14371490478516
endloop
endfacet
facet normal -0.0 -1.0 0.0
outer loop
vertex -43.50853271484377 1.7999999523162842 52.14371490478516
vertex -42.666606140136736 1.7999999523162842 53.6921730041504
vertex -43.638854217529314 1.7999999523162842 52.237100601196296
endloop
endfacet
facet normal -0.0 -1.0 0.0
outer loop
vertex -43.91639251708986 1.7999999523162842 52.39733886718751
vertex -43.39272994995119 1.7999999523162842 54.080293655395515
vertex -44.06242675781252 1.7999999523162842 52.46350479125977
endloop
endfacet
facet normal -0.0 -1.0 0.0
outer loop
vertex -43.77500076293947 1.7999999523162842 52.321762084960945
vertex -43.14238662719728 1.7999999523162842 53.96686553955079
vertex -43.91639251708986 1.7999999523162842 52.39733886718751
endloop
endfacet
facet normal -0.0 -1.0 0.0
outer loop
vertex -43.638854217529314 1.7999999523162842 52.237100601196296
vertex -42.90000076293947 1.7999999523162842 53.83730697631837
vertex -43.77500076293947 1.7999999523162842 52.321762084960945
endloop
endfacet
facet normal -0.0 -1.0 0.0
outer loop
vertex -43.26758880615236 1.7999999523162842 51.93241119384766
vertex -42.230746459960955 1.7999999523162842 53.35772705078126
vertex -43.38460464477541 1.7999999523162842 52.04200744628907
endloop
endfacet
facet normal -0.0 -1.0 0.0
outer loop
vertex -41.84227294921877 1.7999999523162842 52.96925163269044
vertex -42.030150604248064 1.7999999523162842 53.16984939575196
vertex -43.157992553710955 1.7999999523162842 51.81539726257325
endloop
endfacet
facet normal 0.0 -1.0 0.0
outer loop
vertex -43.26758880615236 1.7999999523162842 51.93241119384766
vertex -42.030150604248064 1.7999999523162842 53.16984939575196
vertex -42.230746459960955 1.7999999523162842 53.35772705078126
endloop
endfacet
facet normal -0.0 -0.9999999999999999 0.0
outer loop
vertex -42.230746459960955 1.7999999523162842 53.35772705078126
vertex -42.44320220947267 1.7999999523162842 53.532083511352546
vertex -43.38460464477541 1.7999999523162842 52.04200744628907
endloop
endfacet
facet normal 0.0 -1.0 0.0
outer loop
vertex -42.80266113281252 1.7999999523162842 51.28360748291016
vertex -41.233134460449236 1.7999999523162842 52.05761337280274
vertex -41.36269302368166 1.7999999523162842 52.299999237060554
endloop
endfacet
facet normal 0.0 -0.9999999999999999 0.0
outer loop
vertex -42.96290130615236 1.7999999523162842 51.56114768981934
vertex -41.507826995849626 1.7999999523162842 52.53339576721192
vertex -41.667914581298845 1.7999999523162842 52.75679779052735
endloop
endfacet
facet normal 0.0 -1.0 0.0
outer loop
vertex -42.87823791503908 1.7999999523162842 51.424999237060554
vertex -41.36269302368166 1.7999999523162842 52.299999237060554
vertex -41.507826995849626 1.7999999523162842 52.53339576721192
endloop
endfacet
facet normal 0.0 -0.9999999999999999 0.0
outer loop
vertex -43.05628509521486 1.7999999523162842 51.691465377807624
vertex -41.667914581298845 1.7999999523162842 52.75679779052735
vertex -41.84227294921877 1.7999999523162842 52.96925163269044
endloop
endfacet
facet normal -0.0 -1.0 0.0
outer loop
vertex -42.90000076293947 1.7999999523162842 53.83730697631837
vertex -43.14238662719728 1.7999999523162842 53.96686553955079
vertex -43.77500076293947 1.7999999523162842 52.321762084960945
endloop
endfacet
facet normal 0.0 -0.9999999999999999 0.0
outer loop
vertex -44.06242675781252 1.7999999523162842 52.46350479125977
vertex -43.39272994995119 1.7999999523162842 54.080293655395515
vertex -43.64995498657228 1.7999999523162842 54.17710685729981
endloop
endfacet
facet normal -0.0 -1.0 0.0
outer loop
vertex -43.14238662719728 1.7999999523162842 53.96686553955079
vertex -43.39272994995119 1.7999999523162842 54.080293655395515
vertex -43.91639251708986 1.7999999523162842 52.39733886718751
endloop
endfacet
facet normal -0.0 -0.9999999999999999 0.0
outer loop
vertex -42.44320220947267 1.7999999523162842 53.532083511352546
vertex -42.666606140136736 1.7999999523162842 53.6921730041504
vertex -43.50853271484377 1.7999999523162842 52.14371490478516
endloop
endfacet
facet normal 0.0 -1.0 0.0
outer loop
vertex -43.638854217529314 1.7999999523162842 52.237100601196296
vertex -42.666606140136736 1.7999999523162842 53.6921730041504
vertex -42.90000076293947 1.7999999523162842 53.83730697631837
endloop
endfacet
facet normal -1.0 0.0 0.0
outer loop
vertex -49.20000000000002 5.800000190734863 43.291018486022956
vertex -49.20000000000002 1.7999999523162842 43.291018486022956
vertex -49.20000000000002 1.7999999523162842 50.20000076293946
endloop
endfacet
facet normal 0.8128523319473361 0.0 0.5824698159113293
outer loop
vertex -46.94371719360353 4.849999904632568 48.70853424072266
vertex -47.03710098266603 1.7999999523162842 48.83885383605958
vertex -46.94371719360353 1.7999999523162842 48.70853424072266
endloop
endfacet
facet normal 0.8492071769545455 0.0 0.528059817264002
outer loop
vertex -47.03710098266603 4.849999904632568 48.83885383605958
vertex -47.12176055908205 1.7999999523162842 48.975000381469734
vertex -47.03710098266603 1.7999999523162842 48.83885383605958
endloop
endfacet
facet normal 1.0 0.0 0.0
outer loop
vertex -40.79999847412111 5.800000190734863 50.20000076293946
vertex -40.79999847412111 1.7999999523162842 50.20000076293946
vertex -40.79999847412111 1.7999999523162842 37.00000000000001
endloop
endfacet
facet normal 0.5280683967314634 0.0 0.8492018419512889
outer loop
vertex -46.22500152587892 4.849999904632568 48.07823753356934
vertex -46.36114807128908 1.7999999523162842 48.16289901733399
vertex -46.22500152587892 1.7999999523162842 48.07823753356934
endloop
endfacet
facet normal 0.5824833091675354 0.0 0.8128426628451765
outer loop
vertex -46.36114807128908 4.849999904632568 48.16289901733399
vertex -46.49146575927736 1.7999999523162842 48.256284713745124
vertex -46.36114807128908 1.7999999523162842 48.16289901733399
endloop
endfacet
facet normal 0.6343902620590929 0.0 0.7730129335299606
outer loop
vertex -46.49146575927736 4.849999904632568 48.256284713745124
vertex -46.615397644042986 1.7999999523162842 48.35799217224122
vertex -46.49146575927736 1.7999999523162842 48.256284713745124
endloop
endfacet
facet normal 0.35224964555254695 0.0 0.9359060781980769
outer loop
vertex -45.78752822875978 4.849999904632568 47.880021095275886
vertex -45.937575531005876 1.7999999523162842 47.936494827270515
vertex -45.78752822875978 1.7999999523162842 47.880021095275886
endloop
endfacet
facet normal 0.41271896443546013 0.0 0.9108584173159523
outer loop
vertex -45.937575531005876 4.849999904632568 47.936494827270515
vertex -46.08360595703127 1.7999999523162842 48.00266265869141
vertex -45.937575531005876 1.7999999523162842 47.936494827270515
endloop
endfacet
facet normal 0.2270806793312075 0.0 0.9738759495307793
outer loop
vertex -45.477973175048845 4.849999904632568 47.79707622528077
vertex -45.63410491943361 1.7999999523162842 47.83348178863526
vertex -45.477973175048845 1.7999999523162842 47.79707622528077
endloop
endfacet
facet normal 0.29027813490524945 0.0 0.9569423203077236
outer loop
vertex -45.63410491943361 4.849999904632568 47.83348178863526
vertex -45.78752822875978 1.7999999523162842 47.880021095275886
vertex -45.63410491943361 1.7999999523162842 47.83348178863526
endloop
endfacet
facet normal 0.4713839718497707 0.0 0.8819280872515257
outer loop
vertex -46.08360595703127 4.849999904632568 48.00266265869141
vertex -46.22500152587892 1.7999999523162842 48.07823753356934
vertex -46.08360595703127 1.7999999523162842 48.00266265869141
endloop
endfacet
facet normal 0.6835888451975176 0.0 0.7298673103527272
outer loop
vertex -46.615397644042986 4.849999904632568 48.35799217224122
vertex -46.73241348266603 1.7999999523162842 48.467588424682624
vertex -46.615397644042986 1.7999999523162842 48.35799217224122
endloop
endfacet
facet normal 0.7730012652896991 0.0 0.6344044796977114
outer loop
vertex -46.84200592041017 4.849999904632568 48.58460235595704
vertex -46.94371719360353 1.7999999523162842 48.70853424072266
vertex -46.84200592041017 1.7999999523162842 48.58460235595704
endloop
endfacet
facet normal 0.729873622488109 0.0 0.683582105672819
outer loop
vertex -46.73241348266603 4.849999904632568 48.467588424682624
vertex -46.84200592041017 1.7999999523162842 48.58460235595704
vertex -46.73241348266603 1.7999999523162842 48.467588424682624
endloop
endfacet
facet normal 0.16289595035022036 0.0 0.9866432533390671
outer loop
vertex -45.31978912353517 4.849999904632568 47.770959854125984
vertex -45.477973175048845 1.7999999523162842 47.79707622528077
vertex -45.31978912353517 1.7999999523162842 47.770959854125984
endloop
endfacet
facet normal 0.09801942746073515 0.0 0.9951845014067842
outer loop
vertex -45.16023941040041 4.849999904632568 47.75524520874024
vertex -45.31978912353517 1.7999999523162842 47.770959854125984
vertex -45.16023941040041 1.7999999523162842 47.75524520874024
endloop
endfacet
facet normal 0.03271589656704718 0.0 0.9994646917784611
outer loop
vertex -44.999999237060564 4.849999904632568 47.75000000000001
vertex -45.16023941040041 1.7999999523162842 47.75524520874024
vertex -44.999999237060564 1.7999999523162842 47.75000000000001
endloop
endfacet
facet normal -0.032716674590580475 0.0 0.9994646663107876
outer loop
vertex -44.839762878417986 4.849999904632568 47.75524520874024
vertex -44.999999237060564 1.7999999523162842 47.75000000000001
vertex -44.839762878417986 1.7999999523162842 47.75524520874024
endloop
endfacet
facet normal -0.09801710647118189 0.0 0.9951847300069556
outer loop
vertex -44.680209350585955 4.849999904632568 47.770959854125984
vertex -44.839762878417986 1.7999999523162842 47.75524520874024
vertex -44.680209350585955 1.7999999523162842 47.770959854125984
endloop
endfacet
facet normal -0.16289977452760254 0.0 0.9866426219553138
outer loop
vertex -44.52202911376955 4.849999904632568 47.79707622528077
vertex -44.680209350585955 1.7999999523162842 47.770959854125984
vertex -44.52202911376955 1.7999999523162842 47.79707622528077
endloop
endfacet
facet normal -0.2270754173833228 0.0 0.9738771764551163
outer loop
vertex -44.36589355468752 4.849999904632568 47.83348178863526
vertex -44.52202911376955 1.7999999523162842 47.79707622528077
vertex -44.36589355468752 1.7999999523162842 47.83348178863526
endloop
endfacet
facet normal -0.2902847443353245 0.0 0.9569403153834493
outer loop
vertex -44.21247406005861 4.849999904632568 47.880021095275886
vertex -44.36589355468752 1.7999999523162842 47.83348178863526
vertex -44.21247406005861 1.7999999523162842 47.880021095275886
endloop
endfacet
facet normal -0.35224964555254695 0.0 0.9359060781980769
outer loop
vertex -44.06242675781252 4.849999904632568 47.936494827270515
vertex -44.21247406005861 1.7999999523162842 47.880021095275886
vertex -44.06242675781252 1.7999999523162842 47.936494827270515
endloop
endfacet
facet normal -0.4127100197626933 0.0 0.9108624701827809
outer loop
vertex -43.91639251708986 4.849999904632568 48.00266265869141
vertex -44.06242675781252 1.7999999523162842 47.936494827270515
vertex -43.91639251708986 1.7999999523162842 48.00266265869141
endloop
endfacet
facet normal -0.4713938636024587 0.0 0.8819228001123152
outer loop
vertex -43.77500076293947 4.849999904632568 48.07823753356934
vertex -43.91639251708986 1.7999999523162842 48.00266265869141
vertex -43.77500076293947 1.7999999523162842 48.07823753356934
endloop
endfacet
facet normal -0.5280683967314634 0.0 0.8492018419512889
outer loop
vertex -43.638854217529314 4.849999904632568 48.16289901733399
vertex -43.77500076293947 1.7999999523162842 48.07823753356934
vertex -43.638854217529314 1.7999999523162842 48.16289901733399
endloop
endfacet
facet normal -0.5824720437593093 0.0 0.8128507355221211
outer loop
vertex -43.50853271484377 4.849999904632568 48.256284713745124
vertex -43.638854217529314 1.7999999523162842 48.16289901733399
vertex -43.50853271484377 1.7999999523162842 48.256284713745124
endloop
endfacet
facet normal -0.6344019304870725 0.0 0.773003357427557
outer loop
vertex -43.38460464477541 4.849999904632568 48.35799217224122
vertex -43.50853271484377 1.7999999523162842 48.256284713745124
vertex -43.38460464477541 1.7999999523162842 48.35799217224122
endloop
endfacet
facet normal -0.6835888451975176 0.0 0.7298673103527272
outer loop
vertex -43.26758880615236 4.849999904632568 48.467588424682624
vertex -43.38460464477541 1.7999999523162842 48.35799217224122
vertex -43.26758880615236 1.7999999523162842 48.467588424682624
endloop
endfacet
facet normal -0.729861750990951 0.0 0.6835947808756465
outer loop
vertex -43.157992553710955 4.849999904632568 48.58460235595704
vertex -43.26758880615236 1.7999999523162842 48.467588424682624
vertex -43.157992553710955 1.7999999523162842 48.58460235595704
endloop
endfacet
facet normal -0.7730129335299606 0.0 0.6343902620590929
outer loop
vertex -43.05628509521486 4.849999904632568 48.70853424072266
vertex -43.157992553710955 1.7999999523162842 48.58460235595704
vertex -43.05628509521486 1.7999999523162842 48.70853424072266
endloop
endfacet
facet normal -0.8128523319473361 0.0 0.5824698159113293
outer loop
vertex -42.96290130615236 4.849999904632568 48.83885383605958
vertex -43.05628509521486 1.7999999523162842 48.70853424072266
vertex -42.96290130615236 1.7999999523162842 48.83885383605958
endloop
endfacet
facet normal -0.8491965069283888 0.0 0.5280769760372278
outer loop
vertex -42.87823791503908 4.849999904632568 48.975000381469734
vertex -42.96290130615236 1.7999999523162842 48.83885383605958
vertex -42.87823791503908 1.7999999523162842 48.975000381469734
endloop
endfacet
facet normal 0.9108669424006652 0.0 0.4127001493114137
outer loop
vertex -47.19733734130861 4.849999904632568 49.116392135620124
vertex -47.263503265380876 1.7999999523162842 49.26242637634278
vertex -47.19733734130861 1.7999999523162842 49.116392135620124
endloop
endfacet
facet normal 0.8819178541262046 0.0 0.4714031168473861
outer loop
vertex -47.12176055908205 4.849999904632568 48.975000381469734
vertex -47.19733734130861 1.7999999523162842 49.116392135620124
vertex -47.12176055908205 1.7999999523162842 48.975000381469734
endloop
endfacet
facet normal 0.9359001949771678 0.0 0.35226527651998196
outer loop
vertex -47.263503265380876 4.849999904632568 49.26242637634278
vertex -47.319979858398455 1.7999999523162842 49.412473678588874
vertex -47.263503265380876 1.7999999523162842 49.26242637634278
endloop
endfacet
facet normal 0.9738798073114922 0.0 0.22706413391579697
outer loop
vertex -47.36651916503908 4.849999904632568 49.56589317321778
vertex -47.40292282104494 1.7999999523162842 49.72202873229981
vertex -47.36651916503908 1.7999999523162842 49.56589317321778
endloop
endfacet
facet normal 0.9569403153834493 0.0 0.2902847443353245
outer loop
vertex -47.319979858398455 4.849999904632568 49.412473678588874
vertex -47.36651916503908 1.7999999523162842 49.56589317321778
vertex -47.319979858398455 1.7999999523162842 49.412473678588874
endloop
endfacet
facet normal 0.9866438936810282 0.0 0.16289207182039284
outer loop
vertex -47.40292282104494 4.849999904632568 49.72202873229981
vertex -47.42903823852541 1.7999999523162842 49.88021087646485
vertex -47.40292282104494 1.7999999523162842 49.72202873229981
endloop
endfacet
facet normal 0.9951834551457265 0.0 0.09803004949613019
outer loop
vertex -47.42903823852541 4.849999904632568 49.88021087646485
vertex -47.44475479125978 1.7999999523162842 50.03976249694825
vertex -47.42903823852541 1.7999999523162842 49.88021087646485
endloop
endfacet
facet normal 0.9994646790448514 0.0 0.032716285574190776
outer loop
vertex -47.44475479125978 4.849999904632568 50.03976249694825
vertex -47.45000000000002 1.7999999523162842 50.20000076293946
vertex -47.44475479125978 1.7999999523162842 50.03976249694825
endloop
endfacet
facet normal 0.9994646663107876 0.0 -0.032716674590580475
outer loop
vertex -47.45000000000002 4.849999904632568 50.20000076293946
vertex -47.44475479125978 1.7999999523162842 50.36023712158204
vertex -47.45000000000002 1.7999999523162842 50.20000076293946
endloop
endfacet
facet normal 0.9951834551457265 0.0 -0.09803004949613019
outer loop
vertex -47.44475479125978 4.849999904632568 50.36023712158204
vertex -47.42903823852541 1.7999999523162842 50.51978874206544
vertex -47.44475479125978 1.7999999523162842 50.36023712158204
endloop
endfacet
facet normal 0.9866438936810282 0.0 -0.16289207182039284
outer loop
vertex -47.42903823852541 4.849999904632568 50.51978874206544
vertex -47.40292282104494 1.7999999523162842 50.677970886230476
vertex -47.42903823852541 1.7999999523162842 50.51978874206544
endloop
endfacet
facet normal 0.9738798073114922 0.0 -0.22706413391579697
outer loop
vertex -47.40292282104494 4.849999904632568 50.677970886230476
vertex -47.36651916503908 1.7999999523162842 50.83410644531251
vertex -47.40292282104494 1.7999999523162842 50.677970886230476
endloop
endfacet
facet normal 0.9569403153834493 0.0 -0.2902847443353245
outer loop
vertex -47.36651916503908 4.849999904632568 50.83410644531251
vertex -47.319979858398455 1.7999999523162842 50.98752593994141
vertex -47.36651916503908 1.7999999523162842 50.83410644531251
endloop
endfacet
facet normal 0.9359016712405498 0.0 -0.352261354350922
outer loop
vertex -47.319979858398455 4.849999904632568 50.98752593994141
vertex -47.263503265380876 1.7999999523162842 51.13757514953614
vertex -47.319979858398455 1.7999999523162842 50.98752593994141
endloop
endfacet
facet normal 0.910864916087167 0.0 -0.41270462154126436
outer loop
vertex -47.263503265380876 4.849999904632568 51.13757514953614
vertex -47.19733734130861 1.7999999523162842 51.28360748291016
vertex -47.263503265380876 1.7999999523162842 51.13757514953614
endloop
endfacet
facet normal 0.8819178541262046 0.0 -0.4714031168473861
outer loop
vertex -47.19733734130861 4.849999904632568 51.28360748291016
vertex -47.12176055908205 1.7999999523162842 51.424999237060554
vertex -47.19733734130861 1.7999999523162842 51.28360748291016
endloop
endfacet
facet normal 0.8492104943463924 0.0 -0.5280544823140467
outer loop
vertex -47.12176055908205 4.849999904632568 51.424999237060554
vertex -47.03710098266603 1.7999999523162842 51.56114768981934
vertex -47.12176055908205 1.7999999523162842 51.424999237060554
endloop
endfacet
facet normal 0.8128482956312858 0.0 -0.582475448657979
outer loop
vertex -47.03710098266603 4.849999904632568 51.56114768981934
vertex -46.94371719360353 1.7999999523162842 51.691465377807624
vertex -47.03710098266603 1.7999999523162842 51.56114768981934
endloop
endfacet
facet normal -0.9994643332756346 0.0 0.032726846928645886
outer loop
vertex -49.20000000000002 5.800000190734863 50.20000076293946
vertex -49.20000000000002 1.7999999523162842 50.20000076293946
vertex -49.19190521240236 1.7999999523162842 50.44721221923829
endloop
endfacet
facet normal -0.9994683670560209 0.0 0.03260342396698569
outer loop
vertex -49.19100875854494 5.800000190734863 50.47469329833985
vertex -49.19190521240236 1.7999999523162842 50.44721221923829
vertex -49.19100875854494 1.7999999523162842 50.47469329833985
endloop
endfacet
facet normal -0.9951846347588577 0.0 0.09801807353686912
outer loop
vertex -49.164069366455095 5.800000190734863 50.74821090698243
vertex -49.19100875854494 1.7999999523162842 50.47469329833985
vertex -49.164069366455095 1.7999999523162842 50.74821090698243
endloop
endfacet
facet normal -0.9866416892084708 0.0 0.16290542383805168
outer loop
vertex -49.164069366455095 1.7999999523162842 50.74821090698243
vertex -49.119296264648455 1.7999999523162842 51.019380569458015
vertex -49.119296264648455 5.800000190734863 51.019380569458015
endloop
endfacet
facet normal -0.9738779000642525 0.0 0.22707231395844352
outer loop
vertex -49.05688781738283 5.800000190734863 51.287040710449226
vertex -49.119296264648455 1.7999999523162842 51.019380569458015
vertex -49.05688781738283 1.7999999523162842 51.287040710449226
endloop
endfacet
facet normal -0.9569412498942174 0.0 0.2902816636491067
outer loop
vertex -48.97710723876955 5.800000190734863 51.55004501342774
vertex -49.05688781738283 1.7999999523162842 51.287040710449226
vertex -48.97710723876955 1.7999999523162842 51.55004501342774
endloop
endfacet
facet normal -0.9359052628935347 0.0 0.35225181175997355
outer loop
vertex -48.97710723876955 5.800000190734863 51.55004501342774
vertex -48.97710723876955 1.7999999523162842 51.55004501342774
vertex -48.88029403686525 1.7999999523162842 51.807270050048835
endloop
endfacet
facet normal -0.9108625401021327 0.0 0.4127098654487081
outer loop
vertex -48.76686401367189 5.800000190734863 52.05761337280274
vertex -48.88029403686525 1.7999999523162842 51.807270050048835
vertex -48.76686401367189 1.7999999523162842 52.05761337280274
endloop
endfacet
facet normal -0.8819203271244611 0.0 0.47139849024438263
outer loop
vertex -48.63730545043947 5.800000190734863 52.299999237060554
vertex -48.76686401367189 1.7999999523162842 52.05761337280274
vertex -48.63730545043947 1.7999999523162842 52.299999237060554
endloop
endfacet
facet normal -0.8492043300698175 0.0 0.5280643954961105
outer loop
vertex -48.63730545043947 5.800000190734863 52.299999237060554
vertex -48.63730545043947 1.7999999523162842 52.299999237060554
vertex -48.4921714782715 1.7999999523162842 52.53339576721192
endloop
endfacet
facet normal -0.8128467544020804 0.0 0.5824775994473983
outer loop
vertex -48.33208389282228 5.800000190734863 52.75679779052735
vertex -48.4921714782715 1.7999999523162842 52.53339576721192
vertex -48.33208389282228 1.7999999523162842 52.75679779052735
endloop
endfacet
facet normal -0.7730068747534248 0.0 0.6343976446866293
outer loop
vertex -48.15772552490236 5.800000190734863 52.96925163269044
vertex -48.33208389282228 1.7999999523162842 52.75679779052735
vertex -48.15772552490236 1.7999999523162842 52.96925163269044
endloop
endfacet
facet normal -0.72986888836288 0.0 0.6835871603533332
outer loop
vertex -48.15772552490236 5.800000190734863 52.96925163269044
vertex -48.15772552490236 1.7999999523162842 52.96925163269044
vertex -47.969847869873064 1.7999999523162842 53.16984939575196
endloop
endfacet
facet normal -0.6835906228457571 0.0 0.7298656454152025
outer loop
vertex -47.76925201416017 5.800000190734863 53.35772705078126
vertex -47.969847869873064 1.7999999523162842 53.16984939575196
vertex -47.76925201416017 1.7999999523162842 53.35772705078126
endloop
endfacet
facet normal -0.6343900945907014 0.0 0.7730130709665917
outer loop
vertex -47.556796264648455 5.800000190734863 53.532083511352546
vertex -47.76925201416017 1.7999999523162842 53.35772705078126
vertex -47.556796264648455 1.7999999523162842 53.532083511352546
endloop
endfacet
facet normal -0.5824854705340619 0.0 0.8128411140048912
outer loop
vertex -47.556796264648455 5.800000190734863 53.532083511352546
vertex -47.556796264648455 1.7999999523162842 53.532083511352546
vertex -47.33339614868166 1.7999999523162842 53.6921730041504
endloop
endfacet
facet normal -0.5280675075638247 0.0 0.8492023948714053
outer loop
vertex -47.10000152587892 5.800000190734863 53.83730697631837
vertex -47.33339614868166 1.7999999523162842 53.6921730041504
vertex -47.10000152587892 1.7999999523162842 53.83730697631837
endloop
endfacet
facet normal -0.8819178541262046 0.0 0.4714031168473861
outer loop
vertex -42.80266113281252 4.849999904632568 49.116392135620124
vertex -42.87823791503908 1.7999999523162842 48.975000381469734
vertex -42.80266113281252 1.7999999523162842 49.116392135620124
endloop
endfacet
facet normal -0.9108669424006652 0.0 0.4127001493114137
outer loop
vertex -42.73649520874025 4.849999904632568 49.26242637634278
vertex -42.80266113281252 1.7999999523162842 49.116392135620124
vertex -42.73649520874025 1.7999999523162842 49.26242637634278
endloop
endfacet
facet normal -0.935908039230136 0.0 0.35224443516456333
outer loop
vertex -42.68002243041994 4.849999904632568 49.412473678588874
vertex -42.73649520874025 1.7999999523162842 49.26242637634278
vertex -42.68002243041994 1.7999999523162842 49.412473678588874
endloop
endfacet
facet normal -0.9569403153834493 0.0 0.2902847443353245
outer loop
vertex -42.633483123779314 4.849999904632568 49.56589317321778
vertex -42.68002243041994 1.7999999523162842 49.412473678588874
vertex -42.633483123779314 1.7999999523162842 49.56589317321778
endloop
endfacet
facet normal -0.9738745454822245 0.0 0.22708670075940265
outer loop
vertex -42.59707565307619 4.849999904632568 49.72202873229981
vertex -42.633483123779314 1.7999999523162842 49.56589317321778
vertex -42.59707565307619 1.7999999523162842 49.72202873229981
endloop
endfacet
facet normal -0.9866438936810282 0.0 0.16289207182039284
outer loop
vertex -42.57096023559572 4.849999904632568 49.88021087646485
vertex -42.59707565307619 1.7999999523162842 49.72202873229981
vertex -42.57096023559572 1.7999999523162842 49.88021087646485
endloop
endfacet
facet normal -0.995185776135279 0.0 0.0980064843672213
outer loop
vertex -42.55524749755861 4.849999904632568 50.03976249694825
vertex -42.57096023559572 1.7999999523162842 49.88021087646485
vertex -42.55524749755861 1.7999999523162842 50.03976249694825
endloop
endfacet
facet normal -0.9994639007393098 0.0 0.03274005374099321
outer loop
vertex -42.54999847412111 4.849999904632568 50.20000076293946
vertex -42.55524749755861 1.7999999523162842 50.03976249694825
vertex -42.54999847412111 1.7999999523162842 50.20000076293946
endloop
endfacet
facet normal -0.9994638879867467 0.0 -0.03274044303939444
outer loop
vertex -42.55524749755861 4.849999904632568 50.36023712158204
vertex -42.54999847412111 1.7999999523162842 50.20000076293946
vertex -42.55524749755861 1.7999999523162842 50.36023712158204
endloop
endfacet
facet normal -0.995185776135279 0.0 -0.0980064843672213
outer loop
vertex -42.57096023559572 4.849999904632568 50.51978874206544
vertex -42.55524749755861 1.7999999523162842 50.36023712158204
vertex -42.57096023559572 1.7999999523162842 50.51978874206544
endloop
endfacet
facet normal -0.9866438936810282 0.0 -0.16289207182039284
outer loop
vertex -42.59707565307619 4.849999904632568 50.677970886230476
vertex -42.57096023559572 1.7999999523162842 50.51978874206544
vertex -42.59707565307619 1.7999999523162842 50.677970886230476
endloop
endfacet
facet normal -0.9738745454822245 0.0 -0.22708670075940265
outer loop
vertex -42.633483123779314 4.849999904632568 50.83410644531251
vertex -42.59707565307619 1.7999999523162842 50.677970886230476
vertex -42.633483123779314 1.7999999523162842 50.83410644531251
endloop
endfacet
facet normal -0.9569403153834493 0.0 -0.2902847443353245
outer loop
vertex -42.68002243041994 4.849999904632568 50.98752593994141
vertex -42.633483123779314 1.7999999523162842 50.83410644531251
vertex -42.68002243041994 1.7999999523162842 50.98752593994141
endloop
endfacet
facet normal -0.910864916087167 0.0 -0.41270462154126436
outer loop
vertex -42.80266113281252 4.849999904632568 51.28360748291016
vertex -42.73649520874025 1.7999999523162842 51.13757514953614
vertex -42.80266113281252 1.7999999523162842 51.28360748291016
endloop
endfacet
facet normal -0.9359095153312119 0.0 -0.3522405131618112
outer loop
vertex -42.73649520874025 4.849999904632568 51.13757514953614
vertex -42.68002243041994 1.7999999523162842 50.98752593994141
vertex -42.73649520874025 1.7999999523162842 51.13757514953614
endloop
endfacet
facet normal -0.8491998244941462 0.0 -0.5280716410479842
outer loop
vertex -42.96290130615236 4.849999904632568 51.56114768981934
vertex -42.87823791503908 1.7999999523162842 51.424999237060554
vertex -42.96290130615236 1.7999999523162842 51.56114768981934
endloop
endfacet
facet normal -0.8819178541262046 0.0 -0.4714031168473861
outer loop
vertex -42.87823791503908 4.849999904632568 51.424999237060554
vertex -42.80266113281252 1.7999999523162842 51.28360748291016
vertex -42.87823791503908 1.7999999523162842 51.424999237060554
endloop
endfacet
facet normal -0.8128482956312858 0.0 -0.582475448657979
outer loop
vertex -43.05628509521486 4.849999904632568 51.691465377807624
vertex -42.96290130615236 1.7999999523162842 51.56114768981934
vertex -43.05628509521486 1.7999999523162842 51.691465377807624
endloop
endfacet
facet normal 0.9994642835909835 0.0 0.032728364242074454
outer loop
vertex -40.808993530273455 5.800000190734863 50.47469329833985
vertex -40.808993530273455 1.7999999523162842 50.47469329833985
vertex -40.79999847412111 1.7999999523162842 50.20000076293946
endloop
endfacet
facet normal 0.9951846347588577 0.0 0.09801807353686912
outer loop
vertex -40.808993530273455 5.800000190734863 50.47469329833985
vertex -40.8359329223633 1.7999999523162842 50.74821090698243
vertex -40.808993530273455 1.7999999523162842 50.47469329833985
endloop
endfacet
facet normal 0.9866439199868012 0.0 0.1628919124851777
outer loop
vertex -40.8359329223633 5.800000190734863 50.74821090698243
vertex -40.88070220947267 1.7999999523162842 51.019380569458015
vertex -40.8359329223633 1.7999999523162842 50.74821090698243
endloop
endfacet
facet normal 0.9738779000642525 0.0 0.22707231395844352
outer loop
vertex -40.9431106567383 5.800000190734863 51.287040710449226
vertex -40.9431106567383 1.7999999523162842 51.287040710449226
vertex -40.88070220947267 1.7999999523162842 51.019380569458015
endloop
endfacet
facet normal 0.9569373942661167 0.0 0.2902943737918026
outer loop
vertex -40.9431106567383 5.800000190734863 51.287040710449226
vertex -41.022895050048845 1.7999999523162842 51.55004501342774
vertex -40.9431106567383 1.7999999523162842 51.287040710449226
endloop
endfacet
facet normal 0.9359098386034457 0.0 0.3522396542203507
outer loop
vertex -41.022895050048845 5.800000190734863 51.55004501342774
vertex -41.119704437255876 1.7999999523162842 51.807270050048835
vertex -41.022895050048845 1.7999999523162842 51.55004501342774
endloop
endfacet
facet normal 0.7730012652896991 0.0 -0.6344044796977114
outer loop
vertex -46.94371719360353 4.849999904632568 51.691465377807624
vertex -46.84200592041017 1.7999999523162842 51.81539726257325
vertex -46.94371719360353 1.7999999523162842 51.691465377807624
endloop
endfacet
facet normal 0.729873622488109 0.0 -0.683582105672819
outer loop
vertex -46.84200592041017 4.849999904632568 51.81539726257325
vertex -46.73241348266603 1.7999999523162842 51.93241119384766
vertex -46.84200592041017 1.7999999523162842 51.81539726257325
endloop
endfacet
facet normal 0.6835888451975176 0.0 -0.7298673103527272
outer loop
vertex -46.73241348266603 4.849999904632568 51.93241119384766
vertex -46.615397644042986 1.7999999523162842 52.04200744628907
vertex -46.73241348266603 1.7999999523162842 51.93241119384766
endloop
endfacet
facet normal 0.6343902620590929 0.0 -0.7730129335299606
outer loop
vertex -46.615397644042986 4.849999904632568 52.04200744628907
vertex -46.49146575927736 1.7999999523162842 52.14371490478516
vertex -46.615397644042986 1.7999999523162842 52.04200744628907
endloop
endfacet
facet normal 0.5824833091675354 0.0 -0.8128426628451765
outer loop
vertex -46.49146575927736 4.849999904632568 52.14371490478516
vertex -46.36114807128908 1.7999999523162842 52.237100601196296
vertex -46.49146575927736 1.7999999523162842 52.14371490478516
endloop
endfacet
facet normal 0.5280683967314634 0.0 -0.8492018419512889
outer loop
vertex -46.36114807128908 4.849999904632568 52.237100601196296
vertex -46.22500152587892 1.7999999523162842 52.321762084960945
vertex -46.36114807128908 1.7999999523162842 52.237100601196296
endloop
endfacet
facet normal 0.4713932250114755 0.0 -0.8819231414433348
outer loop
vertex -46.22500152587892 4.849999904632568 52.321762084960945
vertex -46.08360595703127 1.7999999523162842 52.39733886718751
vertex -46.22500152587892 1.7999999523162842 52.321762084960945
endloop
endfacet
facet normal 0.4127090938580934 0.0 -0.9108628897077933
outer loop
vertex -46.08360595703127 4.849999904632568 52.39733886718751
vertex -45.937575531005876 1.7999999523162842 52.46350479125977
vertex -46.08360595703127 1.7999999523162842 52.39733886718751
endloop
endfacet
facet normal 0.35225485590777805 0.0 -0.935904117145229
outer loop
vertex -45.937575531005876 4.849999904632568 52.46350479125977
vertex -45.78752822875978 1.7999999523162842 52.51997947692872
vertex -45.937575531005876 1.7999999523162842 52.46350479125977
endloop
endfacet
facet normal 0.29027813490524945 0.0 -0.9569423203077236
outer loop
vertex -45.78752822875978 4.849999904632568 52.51997947692872
vertex -45.63410491943361 1.7999999523162842 52.56651878356934
vertex -45.78752822875978 1.7999999523162842 52.51997947692872
endloop
endfacet
facet normal 0.2270806793312075 0.0 -0.9738759495307793
outer loop
vertex -45.63410491943361 4.849999904632568 52.56651878356934
vertex -45.477973175048845 1.7999999523162842 52.602924346923835
vertex -45.63410491943361 1.7999999523162842 52.56651878356934
endloop
endfacet
facet normal 0.1628901598181036 0.0 -0.9866442093452091
outer loop
vertex -45.477973175048845 4.849999904632568 52.602924346923835
vertex -45.31978912353517 1.7999999523162842 52.629039764404304
vertex -45.477973175048845 1.7999999523162842 52.602924346923835
endloop
endfacet
facet normal 0.09801942746073515 0.0 -0.9951845014067842
outer loop
vertex -45.31978912353517 4.849999904632568 52.629039764404304
vertex -45.16023941040041 1.7999999523162842 52.644754409790046
vertex -45.31978912353517 1.7999999523162842 52.629039764404304
endloop
endfacet
facet normal 0.03271589656704718 0.0 -0.9994646917784611
outer loop
vertex -45.16023941040041 4.849999904632568 52.644754409790046
vertex -44.999999237060564 1.7999999523162842 52.64999961853028
vertex -45.16023941040041 1.7999999523162842 52.644754409790046
endloop
endfacet
facet normal -0.032716674590580475 0.0 -0.9994646663107876
outer loop
vertex -44.999999237060564 4.849999904632568 52.64999961853028
vertex -44.839762878417986 1.7999999523162842 52.644754409790046
vertex -44.999999237060564 1.7999999523162842 52.64999961853028
endloop
endfacet
facet normal -0.09801710647118189 0.0 -0.9951847300069556
outer loop
vertex -44.839762878417986 4.849999904632568 52.644754409790046
vertex -44.680209350585955 1.7999999523162842 52.629039764404304
vertex -44.839762878417986 1.7999999523162842 52.644754409790046
endloop
endfacet
facet normal -0.16289398386695692 0.0 -0.9866435780057312
outer loop
vertex -44.680209350585955 4.849999904632568 52.629039764404304
vertex -44.52202911376955 1.7999999523162842 52.602924346923835
vertex -44.680209350585955 1.7999999523162842 52.629039764404304
endloop
endfacet
facet normal -0.2270754173833228 0.0 -0.9738771764551163
outer loop
vertex -44.52202911376955 4.849999904632568 52.602924346923835
vertex -44.36589355468752 1.7999999523162842 52.56651878356934
vertex -44.52202911376955 1.7999999523162842 52.602924346923835
endloop
endfacet
facet normal -0.2902847443353245 0.0 -0.9569403153834493
outer loop
vertex -44.36589355468752 4.849999904632568 52.56651878356934
vertex -44.21247406005861 1.7999999523162842 52.51997947692872
vertex -44.36589355468752 1.7999999523162842 52.56651878356934
endloop
endfacet
facet normal -0.35225485590777805 0.0 -0.935904117145229
outer loop
vertex -44.21247406005861 4.849999904632568 52.51997947692872
vertex -44.06242675781252 1.7999999523162842 52.46350479125977
vertex -44.21247406005861 1.7999999523162842 52.51997947692872
endloop
endfacet
facet normal -0.4127001493114137 0.0 -0.9108669424006652
outer loop
vertex -44.06242675781252 4.849999904632568 52.46350479125977
vertex -43.91639251708986 1.7999999523162842 52.39733886718751
vertex -44.06242675781252 1.7999999523162842 52.46350479125977
endloop
endfacet
facet normal -0.47139271998779647 0.0 0.8819234113813437
outer loop
vertex -46.857611846923845 5.800000190734863 53.96686553955079
vertex -47.10000152587892 1.7999999523162842 53.83730697631837
vertex -46.857611846923845 1.7999999523162842 53.96686553955079
endloop
endfacet
facet normal -0.4127041076767369 0.0 0.910865148914343
outer loop
vertex -46.857611846923845 5.800000190734863 53.96686553955079
vertex -46.857611846923845 1.7999999523162842 53.96686553955079
vertex -46.60726852416994 1.7999999523162842 54.080293655395515
endloop
endfacet
facet normal -0.35225638758170696 0.0 0.9359035406535686
outer loop
vertex -46.35004730224611 5.800000190734863 54.17710685729981
vertex -46.60726852416994 1.7999999523162842 54.080293655395515
vertex -46.35004730224611 1.7999999523162842 54.17710685729981
endloop
endfacet
facet normal -0.2902841631604117 0.0 0.9569404916807834
outer loop
vertex -46.08703918457033 5.800000190734863 54.256889343261726
vertex -46.35004730224611 1.7999999523162842 54.17710685729981
vertex -46.08703918457033 1.7999999523162842 54.256889343261726
endloop
endfacet
facet normal -0.22707384865473018 0.0 0.9738775422285539
outer loop
vertex -46.08703918457033 5.800000190734863 54.256889343261726
vertex -46.08703918457033 1.7999999523162842 54.256889343261726
vertex -45.81938095092775 1.7999999523162842 54.31929779052735
endloop
endfacet
facet normal -0.16289755279143836 0.0 0.9866429887728188
outer loop
vertex -45.54820938110353 5.800000190734863 54.36406898498536
vertex -45.81938095092775 1.7999999523162842 54.31929779052735
vertex -45.54820938110353 1.7999999523162842 54.36406898498536
endloop
endfacet
facet normal -0.09801807353686912 0.0 0.9951846347588577
outer loop
vertex -45.274691772460955 5.800000190734863 54.3910083770752
vertex -45.54820938110353 1.7999999523162842 54.36406898498536
vertex -45.274691772460955 1.7999999523162842 54.3910083770752
endloop
endfacet
facet normal -0.03271449938640647 0.0 0.999464737511983
outer loop
vertex -45.274691772460955 5.800000190734863 54.3910083770752
vertex -45.274691772460955 1.7999999523162842 54.3910083770752
vertex -44.999999237060564 1.7999999523162842 54.39999961853028
endloop
endfacet
facet normal 0.03271449938640647 0.0 0.999464737511983
outer loop
vertex -44.72530670166017 5.800000190734863 54.3910083770752
vertex -44.999999237060564 1.7999999523162842 54.39999961853028
vertex -44.72530670166017 1.7999999523162842 54.3910083770752
endloop
endfacet
facet normal 0.09801807353686912 0.0 0.9951846347588577
outer loop
vertex -44.451789093017595 5.800000190734863 54.36406898498536
vertex -44.72530670166017 1.7999999523162842 54.3910083770752
vertex -44.451789093017595 1.7999999523162842 54.36406898498536
endloop
endfacet
facet normal 0.1628997835697689 -0.0 0.9866426204624055
outer loop
vertex -44.451789093017595 1.7999999523162842 54.36406898498536
vertex -44.18062133789064 1.7999999523162842 54.31929779052735
vertex -44.18062133789064 5.800000190734863 54.31929779052735
endloop
endfacet
facet normal 0.22707077928233765 0.0 0.9738782578926958
outer loop
vertex -43.9129592895508 5.800000190734863 54.256889343261726
vertex -44.18062133789064 1.7999999523162842 54.31929779052735
vertex -43.9129592895508 1.7999999523162842 54.256889343261726
endloop
endfacet
facet normal -0.7730129335299606 0.0 -0.6343902620590929
outer loop
vertex -43.157992553710955 4.849999904632568 51.81539726257325
vertex -43.05628509521486 1.7999999523162842 51.691465377807624
vertex -43.157992553710955 1.7999999523162842 51.81539726257325
endloop
endfacet
facet normal -0.6835888451975176 0.0 -0.7298673103527272
outer loop
vertex -43.38460464477541 4.849999904632568 52.04200744628907
vertex -43.26758880615236 1.7999999523162842 51.93241119384766
vertex -43.38460464477541 1.7999999523162842 52.04200744628907
endloop
endfacet
facet normal -0.729861750990951 0.0 -0.6835947808756465
outer loop
vertex -43.26758880615236 4.849999904632568 51.93241119384766
vertex -43.157992553710955 1.7999999523162842 51.81539726257325
vertex -43.26758880615236 1.7999999523162842 51.93241119384766
endloop
endfacet
facet normal -0.5824720437593093 0.0 -0.8128507355221211
outer loop
vertex -43.638854217529314 4.849999904632568 52.237100601196296
vertex -43.50853271484377 1.7999999523162842 52.14371490478516
vertex -43.638854217529314 1.7999999523162842 52.237100601196296
endloop
endfacet
facet normal -0.4714031168473861 0.0 -0.8819178541262046
outer loop
vertex -43.91639251708986 4.849999904632568 52.39733886718751
vertex -43.77500076293947 1.7999999523162842 52.321762084960945
vertex -43.91639251708986 1.7999999523162842 52.39733886718751
endloop
endfacet
facet normal -0.5280683967314634 0.0 -0.8492018419512889
outer loop
vertex -43.77500076293947 4.849999904632568 52.321762084960945
vertex -43.638854217529314 1.7999999523162842 52.237100601196296
vertex -43.77500076293947 1.7999999523162842 52.321762084960945
endloop
endfacet
facet normal -0.6344019304870725 0.0 -0.773003357427557
outer loop
vertex -43.50853271484377 4.849999904632568 52.14371490478516
vertex -43.38460464477541 1.7999999523162842 52.04200744628907
vertex -43.50853271484377 1.7999999523162842 52.14371490478516
endloop
endfacet
facet normal 0.9108625401021327 0.0 0.4127098654487081
outer loop
vertex -41.233134460449236 5.800000190734863 52.05761337280274
vertex -41.233134460449236 1.7999999523162842 52.05761337280274
vertex -41.119704437255876 1.7999999523162842 51.807270050048835
endloop
endfacet
facet normal 0.8819203271244611 0.0 0.47139849024438263
outer loop
vertex -41.233134460449236 5.800000190734863 52.05761337280274
vertex -41.36269302368166 1.7999999523162842 52.299999237060554
vertex -41.233134460449236 1.7999999523162842 52.05761337280274
endloop
endfacet
facet normal 0.8128467544020804 0.0 0.5824775994473983
outer loop
vertex -41.667914581298845 5.800000190734863 52.75679779052735
vertex -41.667914581298845 1.7999999523162842 52.75679779052735
vertex -41.507826995849626 1.7999999523162842 52.53339576721192
endloop
endfacet
facet normal 0.7730068747534248 0.0 0.6343976446866293
outer loop
vertex -41.667914581298845 5.800000190734863 52.75679779052735
vertex -41.84227294921877 1.7999999523162842 52.96925163269044
vertex -41.667914581298845 1.7999999523162842 52.75679779052735
endloop
endfacet
facet normal 0.72986888836288 0.0 0.6835871603533332
outer loop
vertex -41.84227294921877 5.800000190734863 52.96925163269044
vertex -42.030150604248064 1.7999999523162842 53.16984939575196
vertex -41.84227294921877 1.7999999523162842 52.96925163269044
endloop
endfacet
facet normal 0.8492043300698175 0.0 0.5280643954961105
outer loop
vertex -41.36269302368166 5.800000190734863 52.299999237060554
vertex -41.507826995849626 1.7999999523162842 52.53339576721192
vertex -41.36269302368166 1.7999999523162842 52.299999237060554
endloop
endfacet
facet normal 0.5824788989591381 0.0 0.8128458231838005
outer loop
vertex -42.44320220947267 5.800000190734863 53.532083511352546
vertex -42.666606140136736 1.7999999523162842 53.6921730041504
vertex -42.44320220947267 1.7999999523162842 53.532083511352546
endloop
endfacet
facet normal 0.4127041076767369 0.0 0.910865148914343
outer loop
vertex -43.14238662719728 5.800000190734863 53.96686553955079
vertex -43.39272994995119 1.7999999523162842 54.080293655395515
vertex -43.14238662719728 1.7999999523162842 53.96686553955079
endloop
endfacet
facet normal 0.2902880187396587 0.0 0.9569393220973855
outer loop
vertex -43.64995498657228 5.800000190734863 54.17710685729981
vertex -43.9129592895508 1.7999999523162842 54.256889343261726
vertex -43.64995498657228 1.7999999523162842 54.17710685729981
endloop
endfacet
facet normal 0.35225181175997355 0.0 0.9359052628935347
outer loop
vertex -43.64995498657228 5.800000190734863 54.17710685729981
vertex -43.64995498657228 1.7999999523162842 54.17710685729981
vertex -43.39272994995119 1.7999999523162842 54.080293655395515
endloop
endfacet
facet normal 0.47139849024438263 0.0 0.8819203271244611
outer loop
vertex -42.90000076293947 5.800000190734863 53.83730697631837
vertex -43.14238662719728 1.7999999523162842 53.96686553955079
vertex -42.90000076293947 1.7999999523162842 53.83730697631837
endloop
endfacet
facet normal 0.5280675075638247 0.0 0.8492023948714053
outer loop
vertex -42.90000076293947 5.800000190734863 53.83730697631837
vertex -42.90000076293947 1.7999999523162842 53.83730697631837
vertex -42.666606140136736 1.7999999523162842 53.6921730041504
endloop
endfacet
facet normal 0.6835906228457571 0.0 0.7298656454152025
outer loop
vertex -42.230746459960955 5.800000190734863 53.35772705078126
vertex -42.230746459960955 1.7999999523162842 53.35772705078126
vertex -42.030150604248064 1.7999999523162842 53.16984939575196
endloop
endfacet
facet normal 0.6343900945907014 0.0 0.7730130709665917
outer loop
vertex -42.230746459960955 5.800000190734863 53.35772705078126
vertex -42.44320220947267 1.7999999523162842 53.532083511352546
vertex -42.230746459960955 1.7999999523162842 53.35772705078126
endloop
endfacet
facet normal -0.3833991781565233 0.0 -0.9235827359738285
outer loop
vertex -70.13928527832033 5.800000190734863 42.88835525512695
vertex -46.60726852416994 5.800000190734863 33.11970591545106
vertex -70.13928527832033 1.7999999523162842 42.88835525512695
endloop
endfacet
facet normal 0.0 1.0 0.0
outer loop
vertex -70.13928527832033 5.800000190734863 42.88835525512695
vertex -46.72500152587892 5.800000190734863 34.01221227645875
vertex -46.60726852416994 5.800000190734863 33.11970591545106
endloop
endfacet
facet normal 0.0 1.0 0.0
outer loop
vertex -70.13928527832033 5.800000190734863 42.88835525512695
vertex -47.100226593017595 5.800000190734863 34.26293087005616
vertex -46.91671676635744 5.800000190734863 34.1314299106598
endloop
endfacet
facet normal 0.0 1.0 0.0
outer loop
vertex -70.13928527832033 5.800000190734863 42.88835525512695
vertex -47.27474136352541 5.800000190734863 34.406152725219734
vertex -47.100226593017595 5.800000190734863 34.26293087005616
endloop
endfacet
facet normal 0.0 1.0 0.0
outer loop
vertex -70.13928527832033 5.800000190734863 42.88835525512695
vertex -47.59384841918947 5.800000190734863 34.72525691986085
vertex -47.43951721191408 5.800000190734863 34.56048154830933
endloop
endfacet
facet normal 0.0 0.9999999999999999 0.0
outer loop
vertex -70.13928527832033 5.800000190734863 42.88835525512695
vertex -47.737067413330095 5.800000190734863 34.899773120880134
vertex -47.59384841918947 5.800000190734863 34.72525691986085
endloop
endfacet
facet normal 0.0 1.0 0.0
outer loop
vertex -70.13928527832033 5.800000190734863 42.88835525512695
vertex -47.43951721191408 5.800000190734863 34.56048154830933
vertex -47.27474136352541 5.800000190734863 34.406152725219734
endloop
endfacet
facet normal 0.0 1.0 0.0
outer loop
vertex -70.13928527832033 5.800000190734863 42.88835525512695
vertex -48.187384796142595 5.800000190734863 35.67974209785462
vertex -48.094210815429705 5.800000190734863 35.47410392761231
endloop
endfacet
facet normal 0.0 0.9999999999999999 0.0
outer loop
vertex -70.13928527832033 5.800000190734863 42.88835525512695
vertex -48.26690979003908 5.800000190734863 35.891033887863166
vertex -48.187384796142595 5.800000190734863 35.67974209785462
endloop
endfacet
facet normal 0.0 1.0 0.0
outer loop
vertex -70.13928527832033 5.800000190734863 42.88835525512695
vertex -47.868571472167986 5.800000190734863 35.08328270912171
vertex -47.737067413330095 5.800000190734863 34.899773120880134
endloop
endfacet
facet normal 0.0 0.9999999999999999 0.0
outer loop
vertex -70.13928527832033 5.800000190734863 42.88835525512695
vertex -47.9877883911133 5.800000190734863 35.27500009536744
vertex -47.868571472167986 5.800000190734863 35.08328270912171
endloop
endfacet
facet normal 0.0 1.0 0.0
outer loop
vertex -70.13928527832033 5.800000190734863 42.88835525512695
vertex -48.094210815429705 5.800000190734863 35.47410392761231
vertex -47.9877883911133 5.800000190734863 35.27500009536744
endloop
endfacet
facet normal 0.0 1.0 0.0
outer loop
vertex -70.13928527832033 5.800000190734863 42.88835525512695
vertex -46.91671676635744 5.800000190734863 34.1314299106598
vertex -46.72500152587892 5.800000190734863 34.01221227645875
endloop
endfacet
facet normal 0.0 1.0 0.0
outer loop
vertex -70.13928527832033 5.800000190734863 42.88835525512695
vertex -48.33244247436525 5.800000190734863 36.10707426071168
vertex -48.26690979003908 5.800000190734863 35.891033887863166
endloop
endfacet
facet normal 0.0 1.0 0.0
outer loop
vertex -70.13928527832033 5.800000190734863 42.88835525512695
vertex -48.383708190917986 5.800000190734863 36.32693815231324
vertex -48.33244247436525 5.800000190734863 36.10707426071168
endloop
endfacet
facet normal 0.0 1.0 0.0
outer loop
vertex -70.13928527832033 5.800000190734863 42.88835525512695
vertex -48.420485687255876 5.800000190734863 36.54968452453614
vertex -48.383708190917986 5.800000190734863 36.32693815231324
endloop
endfacet
facet normal 0.0 1.0 0.0
outer loop
vertex -70.13928527832033 5.800000190734863 42.88835525512695
vertex -48.44261474609377 5.800000190734863 36.774359226226814
vertex -48.420485687255876 5.800000190734863 36.54968452453614
endloop
endfacet
facet normal 0.0 1.0 0.0
outer loop
vertex -70.13928527832033 5.800000190734863 42.88835525512695
vertex -48.45000000000002 5.800000190734863 37.00000000000001
vertex -48.44261474609377 5.800000190734863 36.774359226226814
endloop
endfacet
facet normal 0.0 0.9999999999999999 0.0
outer loop
vertex -70.13928527832033 5.800000190734863 42.88835525512695
vertex -48.44261474609377 5.800000190734863 37.2256407737732
vertex -48.45000000000002 5.800000190734863 37.00000000000001
endloop
endfacet
facet normal 0.0 1.0 0.0
outer loop
vertex -70.13928527832033 5.800000190734863 42.88835525512695
vertex -48.420485687255876 5.800000190734863 37.450315475463874
vertex -48.44261474609377 5.800000190734863 37.2256407737732
endloop
endfacet
facet normal 0.0 1.0 0.0
outer loop
vertex -70.13928527832033 5.800000190734863 42.88835525512695
vertex -48.383708190917986 5.800000190734863 37.673061847686775
vertex -48.420485687255876 5.800000190734863 37.450315475463874
endloop
endfacet
facet normal 0.0 1.0 0.0
outer loop
vertex -70.13928527832033 5.800000190734863 42.88835525512695
vertex -48.33244247436525 5.800000190734863 37.89292573928834
vertex -48.383708190917986 5.800000190734863 37.673061847686775
endloop
endfacet
facet normal 0.0 1.0 0.0
outer loop
vertex -70.13928527832033 5.800000190734863 42.88835525512695
vertex -48.26690979003908 5.800000190734863 38.10896635055543
vertex -48.33244247436525 5.800000190734863 37.89292573928834
endloop
endfacet
facet normal 0.0 1.0 0.0
outer loop
vertex -70.13928527832033 5.800000190734863 42.88835525512695
vertex -48.187384796142595 5.800000190734863 38.320257663726814
vertex -48.26690979003908 5.800000190734863 38.10896635055543
endloop
endfacet
facet normal -0.0 0.9999999999999999 0.0
outer loop
vertex -70.13928527832033 5.800000190734863 42.88835525512695
vertex -49.20000000000002 5.800000190734863 43.291018486022956
vertex -48.187384796142595 5.800000190734863 38.320257663726814
endloop
endfacet
facet normal 0.8128498092635271 0.0 0.5824733363684964
outer loop
vertex -47.03710098266603 4.849999904632568 35.638852834701545
vertex -47.03710098266603 1.7999999523162842 35.638852834701545
vertex -46.94371719360353 4.849999904632568 35.50853443145753
endloop
endfacet
facet normal 0.8492084209882709 0.0 0.5280578166475784
outer loop
vertex -47.03710098266603 4.849999904632568 35.638852834701545
vertex -47.12176055908205 4.849999904632568 35.77500009536744
vertex -47.12176055908205 1.7999999523162842 35.77500009536744
endloop
endfacet
facet normal 0.8819191759866919 0.0 0.4714006438550486
outer loop
vertex -47.12176055908205 4.849999904632568 35.77500009536744
vertex -47.19733734130861 4.849999904632568 35.916392803192146
vertex -47.19733734130861 1.7999999523162842 35.916392803192146
endloop
endfacet
facet normal 0.9108654226717173 0.0 0.41270350347564755
outer loop
vertex -47.19733734130861 4.849999904632568 35.916392803192146
vertex -47.263503265380876 4.849999904632568 36.06242561340333
vertex -47.263503265380876 1.7999999523162842 36.06242561340333
endloop
endfacet
facet normal 0.9359005640476363 0.0 0.35226429597010883
outer loop
vertex -47.263503265380876 4.849999904632568 36.06242561340333
vertex -47.319979858398455 4.849999904632568 36.21247339248658
vertex -47.319979858398455 1.7999999523162842 36.21247339248658
endloop
endfacet
facet normal 0.9569405660064733 0.0 0.29028391814086246
outer loop
vertex -47.36651916503908 4.849999904632568 36.365893363952644
vertex -47.36651916503908 1.7999999523162842 36.365893363952644
vertex -47.319979858398455 4.849999904632568 36.21247339248658
endloop
endfacet
facet normal 0.9738798073114922 0.0 0.22706413391579697
outer loop
vertex -47.36651916503908 4.849999904632568 36.365893363952644
vertex -47.40292282104494 4.849999904632568 36.522028923034675
vertex -47.40292282104494 1.7999999523162842 36.522028923034675
endloop
endfacet
facet normal 0.9866438936810282 0.0 0.16289207182039284
outer loop
vertex -47.40292282104494 4.849999904632568 36.522028923034675
vertex -47.42903823852541 4.849999904632568 36.680211067199714
vertex -47.42903823852541 1.7999999523162842 36.680211067199714
endloop
endfacet
facet normal 0.9951834265637413 0.0 0.09803033965487731
outer loop
vertex -47.42903823852541 4.849999904632568 36.680211067199714
vertex -47.44475479125978 4.849999904632568 36.839762210845954
vertex -47.44475479125978 1.7999999523162842 36.839762210845954
endloop
endfacet
facet normal 0.999464675861378 0.0 0.03271638282742136
outer loop
vertex -47.44475479125978 4.849999904632568 36.839762210845954
vertex -47.45000000000002 4.849999904632568 37.00000000000001
vertex -47.45000000000002 1.7999999523162842 37.00000000000001
endloop
endfacet
facet normal 0.999464675861378 0.0 -0.03271638282742136
outer loop
vertex -47.45000000000002 4.849999904632568 37.00000000000001
vertex -47.44475479125978 4.849999904632568 37.16023778915406
vertex -47.44475479125978 1.7999999523162842 37.16023778915406
endloop
endfacet
facet normal 0.9951834265637413 0.0 -0.09803033965487731
outer loop
vertex -47.44475479125978 4.849999904632568 37.16023778915406
vertex -47.42903823852541 4.849999904632568 37.3197889328003
vertex -47.42903823852541 1.7999999523162842 37.3197889328003
endloop
endfacet
facet normal 0.9866438936810282 0.0 -0.16289207182039284
outer loop
vertex -47.42903823852541 4.849999904632568 37.3197889328003
vertex -47.40292282104494 4.849999904632568 37.47797107696534
vertex -47.40292282104494 1.7999999523162842 37.47797107696534
endloop
endfacet
facet normal 0.9738798073114922 0.0 -0.22706413391579697
outer loop
vertex -47.40292282104494 4.849999904632568 37.47797107696534
vertex -47.36651916503908 4.849999904632568 37.63410663604737
vertex -47.36651916503908 1.7999999523162842 37.63410663604737
endloop
endfacet
facet normal 0.9569405660064733 0.0 -0.29028391814086246
outer loop
vertex -47.36651916503908 4.849999904632568 37.63410663604737
vertex -47.319979858398455 4.849999904632568 37.787526607513435
vertex -47.319979858398455 1.7999999523162842 37.787526607513435
endloop
endfacet
facet normal 0.9359005640476363 0.0 -0.35226429597010883
outer loop
vertex -47.319979858398455 4.849999904632568 37.787526607513435
vertex -47.263503265380876 4.849999904632568 37.93757438659669
vertex -47.263503265380876 1.7999999523162842 37.93757438659669
endloop
endfacet
facet normal 0.9108654226717173 0.0 -0.41270350347564755
outer loop
vertex -47.263503265380876 4.849999904632568 37.93757438659669
vertex -47.19733734130861 4.849999904632568 38.08360719680787
vertex -47.19733734130861 1.7999999523162842 38.08360719680787
endloop
endfacet
facet normal 0.8819191759866919 0.0 -0.4714006438550486
outer loop
vertex -47.19733734130861 4.849999904632568 38.08360719680787
vertex -47.12176055908205 4.849999904632568 38.224999904632575
vertex -47.12176055908205 1.7999999523162842 38.224999904632575
endloop
endfacet
facet normal 0.4127127953416445 0.0 0.9108612125682408
outer loop
vertex -46.08360595703127 4.849999904632568 34.80266189575196
vertex -46.08360595703127 1.7999999523162842 34.80266189575196
vertex -45.937575531005876 4.849999904632568 34.73649525642396
endloop
endfacet
facet normal 0.3522509481444253 0.0 0.935905587936814
outer loop
vertex -45.937575531005876 4.849999904632568 34.73649525642396
vertex -45.937575531005876 1.7999999523162842 34.73649525642396
vertex -45.78752822875978 4.849999904632568 34.68002128601075
endloop
endfacet
facet normal 0.2270806793312075 0.0 0.9738759495307793
outer loop
vertex -45.63410491943361 4.849999904632568 34.633481740951545
vertex -45.63410491943361 1.7999999523162842 34.633481740951545
vertex -45.477973175048845 4.849999904632568 34.59707617759705
endloop
endfacet
facet normal 0.16289450271876918 0.0 0.9866434923436148
outer loop
vertex -45.477973175048845 4.849999904632568 34.59707617759705
vertex -45.477973175048845 1.7999999523162842 34.59707617759705
vertex -45.31978912353517 4.849999904632568 34.57096004486085
endloop
endfacet
facet normal 0.29027949668148934 0.0 0.9569419072265261
outer loop
vertex -45.63410491943361 4.849999904632568 34.633481740951545
vertex -45.78752822875978 4.849999904632568 34.68002128601075
vertex -45.78752822875978 1.7999999523162842 34.68002128601075
endloop
endfacet
facet normal 0.5280694691535268 0.0 0.8492011750745007
outer loop
vertex -46.22500152587892 4.849999904632568 34.878237724304206
vertex -46.36114807128908 4.849999904632568 34.962899446487434
vertex -46.36114807128908 1.7999999523162842 34.962899446487434
endloop
endfacet
facet normal 0.5824803614956017 0.0 0.8128447751397267
outer loop
vertex -46.36114807128908 4.849999904632568 34.962899446487434
vertex -46.49146575927736 4.849999904632568 35.05628442764283
vertex -46.49146575927736 1.7999999523162842 35.05628442764283
endloop
endfacet
facet normal 0.6343920392991298 0.0 0.7730114749949649
outer loop
vertex -46.615397644042986 4.849999904632568 35.15799236297608
vertex -46.615397644042986 1.7999999523162842 35.15799236297608
vertex -46.49146575927736 4.849999904632568 35.05628442764283
endloop
endfacet
facet normal 0.6835880530102714 0.0 0.729868052309201
outer loop
vertex -46.615397644042986 4.849999904632568 35.15799236297608
vertex -46.73241348266603 4.849999904632568 35.26758837699891
vertex -46.73241348266603 1.7999999523162842 35.26758837699891
endloop
endfacet
facet normal 0.7298750123131946 0.0 0.683580621727104
outer loop
vertex -46.73241348266603 4.849999904632568 35.26758837699891
vertex -46.84200592041017 4.849999904632568 35.38460278511048
vertex -46.84200592041017 1.7999999523162842 35.38460278511048
endloop
endfacet
facet normal 0.7730006667809872 0.0 0.6344052089604476
outer loop
vertex -46.84200592041017 4.849999904632568 35.38460278511048
vertex -46.94371719360353 4.849999904632568 35.50853443145753
vertex -46.94371719360353 1.7999999523162842 35.50853443145753
endloop
endfacet
facet normal 0.47138859845008235 0.0 0.8819256143526318
outer loop
vertex -46.08360595703127 4.849999904632568 34.80266189575196
vertex -46.22500152587892 4.849999904632568 34.878237724304206
vertex -46.22500152587892 1.7999999523162842 34.878237724304206
endloop
endfacet
facet normal 0.09801795462275675 0.0 0.9951846464709809
outer loop
vertex -45.31978912353517 4.849999904632568 34.57096004486085
vertex -45.31978912353517 1.7999999523162842 34.57096004486085
vertex -45.16023941040041 4.849999904632568 34.555245637893684
endloop
endfacet
facet normal 0.0327188675556831 0.0 0.9994645945234247
outer loop
vertex -45.16023941040041 4.849999904632568 34.555245637893684
vertex -45.16023941040041 1.7999999523162842 34.555245637893684
vertex -44.999999237060564 4.849999904632568 34.54999995231629
endloop
endfacet
facet normal -0.03271964564971866 0.0 0.9994645690511279
outer loop
vertex -44.999999237060564 4.849999904632568 34.54999995231629
vertex -44.999999237060564 1.7999999523162842 34.54999995231629
vertex -44.839762878417986 4.849999904632568 34.555245637893684
endloop
endfacet
facet normal -0.09801563366740203 0.0 0.9951848750643157
outer loop
vertex -44.839762878417986 4.849999904632568 34.555245637893684
vertex -44.839762878417986 1.7999999523162842 34.555245637893684
vertex -44.680209350585955 4.849999904632568 34.57096004486085
endloop
endfacet
facet normal -0.16289832686401925 0.0 0.9866428609709306
outer loop
vertex -44.680209350585955 4.849999904632568 34.57096004486085
vertex -44.680209350585955 1.7999999523162842 34.57096004486085
vertex -44.52202911376955 4.849999904632568 34.59707617759705
endloop
endfacet
facet normal -0.2270754173833228 0.0 0.9738771764551163
outer loop
vertex -44.52202911376955 4.849999904632568 34.59707617759705
vertex -44.52202911376955 1.7999999523162842 34.59707617759705
vertex -44.36589355468752 4.849999904632568 34.633481740951545
endloop
endfacet
facet normal -0.2902861061368647 0.0 0.9569399022843058
outer loop
vertex -44.36589355468752 4.849999904632568 34.633481740951545
vertex -44.36589355468752 1.7999999523162842 34.633481740951545
vertex -44.21247406005861 4.849999904632568 34.68002128601075
endloop
endfacet
facet normal -0.3522509481444253 0.0 0.935905587936814
outer loop
vertex -44.21247406005861 4.849999904632568 34.68002128601075
vertex -44.21247406005861 1.7999999523162842 34.68002128601075
vertex -44.06242675781252 4.849999904632568 34.73649525642396
endloop
endfacet
facet normal -0.4127038507476811 0.0 0.9108652653263465
outer loop
vertex -44.06242675781252 4.849999904632568 34.73649525642396
vertex -44.06242675781252 1.7999999523162842 34.73649525642396
vertex -43.91639251708986 4.849999904632568 34.80266189575196
endloop
endfacet
facet normal -0.4713984902443827 0.0 0.8819203271244611
outer loop
vertex -43.91639251708986 4.849999904632568 34.80266189575196
vertex -43.91639251708986 1.7999999523162842 34.80266189575196
vertex -43.77500076293947 4.849999904632568 34.878237724304206
endloop
endfacet
facet normal -0.5280694691535268 0.0 0.8492011750745007
outer loop
vertex -43.77500076293947 4.849999904632568 34.878237724304206
vertex -43.77500076293947 1.7999999523162842 34.878237724304206
vertex -43.638854217529314 4.849999904632568 34.962899446487434
endloop
endfacet
facet normal -0.5824690960858367 0.0 0.8128528477559444
outer loop
vertex -43.638854217529314 4.849999904632568 34.962899446487434
vertex -43.638854217529314 1.7999999523162842 34.962899446487434
vertex -43.50853271484377 4.849999904632568 35.05628442764283
endloop
endfacet
facet normal -0.6344037077157648 0.0 0.773001898856976
outer loop
vertex -43.50853271484377 4.849999904632568 35.05628442764283
vertex -43.50853271484377 1.7999999523162842 35.05628442764283
vertex -43.38460464477541 4.849999904632568 35.15799236297608
endloop
endfacet
facet normal -0.6835880530102714 0.0 0.729868052309201
outer loop
vertex -43.38460464477541 4.849999904632568 35.15799236297608
vertex -43.38460464477541 1.7999999523162842 35.15799236297608
vertex -43.26758880615236 4.849999904632568 35.26758837699891
endloop
endfacet
facet normal -0.7298631408449716 0.0 0.6835932969506893
outer loop
vertex -43.26758880615236 4.849999904632568 35.26758837699891
vertex -43.26758880615236 1.7999999523162842 35.26758837699891
vertex -43.157992553710955 4.849999904632568 35.38460278511048
endloop
endfacet
facet normal -0.7730123350390408 0.0 0.6343909913275013
outer loop
vertex -43.157992553710955 4.849999904632568 35.38460278511048
vertex -43.157992553710955 1.7999999523162842 35.38460278511048
vertex -43.05628509521486 4.849999904632568 35.50853443145753
endloop
endfacet
facet normal -0.8128498092635271 0.0 0.5824733363684964
outer loop
vertex -43.05628509521486 4.849999904632568 35.50853443145753
vertex -43.05628509521486 1.7999999523162842 35.50853443145753
vertex -42.96290130615236 4.849999904632568 35.638852834701545
endloop
endfacet
facet normal -0.849197751027331 0.0 0.5280749754060716
outer loop
vertex -42.96290130615236 4.849999904632568 35.638852834701545
vertex -42.96290130615236 1.7999999523162842 35.638852834701545
vertex -42.87823791503908 4.849999904632568 35.77500009536744
endloop
endfacet
facet normal -0.8819191759866919 0.0 0.4714006438550486
outer loop
vertex -42.87823791503908 4.849999904632568 35.77500009536744
vertex -42.87823791503908 1.7999999523162842 35.77500009536744
vertex -42.80266113281252 4.849999904632568 35.916392803192146
endloop
endfacet
facet normal -0.9108654226717173 0.0 0.41270350347564755
outer loop
vertex -42.80266113281252 4.849999904632568 35.916392803192146
vertex -42.80266113281252 1.7999999523162842 35.916392803192146
vertex -42.73649520874025 4.849999904632568 36.06242561340333
endloop
endfacet
facet normal -0.9359084082600274 0.0 0.3522434546562672
outer loop
vertex -42.73649520874025 4.849999904632568 36.06242561340333
vertex -42.73649520874025 1.7999999523162842 36.06242561340333
vertex -42.68002243041994 4.849999904632568 36.21247339248658
endloop
endfacet
facet normal -0.9569405660064733 0.0 0.29028391814086246
outer loop
vertex -42.68002243041994 4.849999904632568 36.21247339248658
vertex -42.68002243041994 1.7999999523162842 36.21247339248658
vertex -42.633483123779314 4.849999904632568 36.365893363952644
endloop
endfacet
facet normal -0.9738745454822245 0.0 0.22708670075940265
outer loop
vertex -42.633483123779314 4.849999904632568 36.365893363952644
vertex -42.633483123779314 1.7999999523162842 36.365893363952644
vertex -42.59707565307619 4.849999904632568 36.522028923034675
endloop
endfacet
facet normal -0.9866438936810282 0.0 0.16289207182039284
outer loop
vertex -42.59707565307619 4.849999904632568 36.522028923034675
vertex -42.59707565307619 1.7999999523162842 36.522028923034675
vertex -42.57096023559572 4.849999904632568 36.680211067199714
endloop
endfacet
facet normal -0.9951857475669669 0.0 0.09800677445757118
outer loop
vertex -42.57096023559572 4.849999904632568 36.680211067199714
vertex -42.57096023559572 1.7999999523162842 36.680211067199714
vertex -42.55524749755861 4.849999904632568 36.839762210845954
endloop
endfacet
facet normal -0.9994638975512117 0.0 0.03274015106472605
outer loop
vertex -42.55524749755861 4.849999904632568 36.839762210845954
vertex -42.55524749755861 1.7999999523162842 36.839762210845954
vertex -42.54999847412111 4.849999904632568 37.00000000000001
endloop
endfacet
facet normal -0.9994638975512117 -0.0 -0.03274015106472605
outer loop
vertex -42.54999847412111 4.849999904632568 37.00000000000001
vertex -42.54999847412111 1.7999999523162842 37.00000000000001
vertex -42.55524749755861 4.849999904632568 37.16023778915406
endloop
endfacet
facet normal -0.9951857475669669 -0.0 -0.09800677445757118
outer loop
vertex -42.55524749755861 4.849999904632568 37.16023778915406
vertex -42.55524749755861 1.7999999523162842 37.16023778915406
vertex -42.57096023559572 4.849999904632568 37.3197889328003
endloop
endfacet
facet normal -0.9866438936810282 -0.0 -0.16289207182039284
outer loop
vertex -42.57096023559572 4.849999904632568 37.3197889328003
vertex -42.57096023559572 1.7999999523162842 37.3197889328003
vertex -42.59707565307619 4.849999904632568 37.47797107696534
endloop
endfacet
facet normal -0.9738745454822245 -0.0 -0.22708670075940265
outer loop
vertex -42.59707565307619 4.849999904632568 37.47797107696534
vertex -42.59707565307619 1.7999999523162842 37.47797107696534
vertex -42.633483123779314 4.849999904632568 37.63410663604737
endloop
endfacet
facet normal -0.9569405660064733 -0.0 -0.29028391814086246
outer loop
vertex -42.633483123779314 4.849999904632568 37.63410663604737
vertex -42.633483123779314 1.7999999523162842 37.63410663604737
vertex -42.68002243041994 4.849999904632568 37.787526607513435
endloop
endfacet
facet normal -0.9359084082600274 -0.0 -0.3522434546562672
outer loop
vertex -42.68002243041994 4.849999904632568 37.787526607513435
vertex -42.68002243041994 1.7999999523162842 37.787526607513435
vertex -42.73649520874025 4.849999904632568 37.93757438659669
endloop
endfacet
facet normal -0.9108654226717173 -0.0 -0.41270350347564755
outer loop
vertex -42.73649520874025 4.849999904632568 37.93757438659669
vertex -42.73649520874025 1.7999999523162842 37.93757438659669
vertex -42.80266113281252 4.849999904632568 38.08360719680787
endloop
endfacet
facet normal -0.8819191759866919 -0.0 -0.4714006438550486
outer loop
vertex -42.80266113281252 4.849999904632568 38.08360719680787
vertex -42.80266113281252 1.7999999523162842 38.08360719680787
vertex -42.87823791503908 4.849999904632568 38.224999904632575
endloop
endfacet
facet normal -0.3522541080353885 0.0 -0.9359043986285098
outer loop
vertex -46.60726852416994 5.800000190734863 33.11970591545106
vertex -46.35004730224611 5.800000190734863 33.0228934288025
vertex -46.60726852416994 1.7999999523162842 33.11970591545106
endloop
endfacet
facet normal -0.22707816813177792 -0.0 -0.9738765350689564
outer loop
vertex -46.08703918457033 5.800000190734863 32.94311153888703
vertex -45.81938095092775 5.800000190734863 32.880701839923866
vertex -45.81938095092775 1.7999999523162842 32.880701839923866
endloop
endfacet
facet normal -0.290282177220263 -0.0 -0.956941094105726
outer loop
vertex -46.08703918457033 5.800000190734863 32.94311153888703
vertex -46.08703918457033 1.7999999523162842 32.94311153888703
vertex -46.35004730224611 5.800000190734863 33.0228934288025
endloop
endfacet
facet normal -0.16289417497222336 0.0 -0.9866435464544014
outer loop
vertex -45.81938095092775 5.800000190734863 32.880701839923866
vertex -45.54820938110353 5.800000190734863 32.835931599140174
vertex -45.81938095092775 1.7999999523162842 32.880701839923866
endloop
endfacet
facet normal -0.09801699960711986 -0.0 -0.9951847405321376
outer loop
vertex -45.54820938110353 5.800000190734863 32.835931599140174
vertex -45.274691772460955 5.800000190734863 32.808992505073554
vertex -45.274691772460955 1.7999999523162842 32.808992505073554
endloop
endfacet
facet normal -0.032719048794254794 -0.0 -0.9994645885903107
outer loop
vertex -45.274691772460955 5.800000190734863 32.808992505073554
vertex -44.999999237060564 5.800000190734863 32.800000011920936
vertex -44.999999237060564 1.7999999523162842 32.800000011920936
endloop
endfacet
facet normal 0.032719048794254794 0.0 -0.9994645885903107
outer loop
vertex -44.999999237060564 5.800000190734863 32.800000011920936
vertex -44.72530670166017 5.800000190734863 32.808992505073554
vertex -44.999999237060564 1.7999999523162842 32.800000011920936
endloop
endfacet
facet normal 0.09801699960711986 0.0 -0.9951847405321376
outer loop
vertex -44.72530670166017 5.800000190734863 32.808992505073554
vertex -44.451789093017595 5.800000190734863 32.835931599140174
vertex -44.451789093017595 1.7999999523162842 32.835931599140174
endloop
endfacet
facet normal 0.16289640570681863 0.0 -0.9866431781590544
outer loop
vertex -44.451789093017595 5.800000190734863 32.835931599140174
vertex -44.18062133789064 5.800000190734863 32.880701839923866
vertex -44.18062133789064 1.7999999523162842 32.880701839923866
endloop
endfacet
facet normal 0.22707509870734724 0.0 -0.9738772507595855
outer loop
vertex -44.18062133789064 5.800000190734863 32.880701839923866
vertex -43.9129592895508 5.800000190734863 32.94311153888703
vertex -44.18062133789064 1.7999999523162842 32.880701839923866
endloop
endfacet
facet normal 0.29028603277798704 0.0 -0.9569399245375948
outer loop
vertex -43.9129592895508 5.800000190734863 32.94311153888703
vertex -43.64995498657228 5.800000190734863 33.0228934288025
vertex -43.64995498657228 1.7999999523162842 33.0228934288025
endloop
endfacet
facet normal 0.35224953223487704 0.0 -0.9359061208477646
outer loop
vertex -43.64995498657228 5.800000190734863 33.0228934288025
vertex -43.39272994995119 5.800000190734863 33.11970591545106
vertex -43.39272994995119 1.7999999523162842 33.11970591545106
endloop
endfacet
facet normal 0.4127055471243677 0.0 -0.9108644967133016
outer loop
vertex -43.39272994995119 5.800000190734863 33.11970591545106
vertex -43.14238662719728 5.800000190734863 33.23313450813294
vertex -43.39272994995119 1.7999999523162842 33.11970591545106
endloop
endfacet
facet normal 0.47139916495974477 0.0 -0.8819199664795301
outer loop
vertex -43.14238662719728 5.800000190734863 33.23313450813294
vertex -42.90000076293947 5.800000190734863 33.36269330978394
vertex -42.90000076293947 1.7999999523162842 33.36269330978394
endloop
endfacet
facet normal 0.52806844593291 0.0 -0.8492018113558172
outer loop
vertex -42.90000076293947 5.800000190734863 33.36269330978394
vertex -42.666606140136736 5.800000190734863 33.50782763957978
vertex -42.666606140136736 1.7999999523162842 33.50782763957978
endloop
endfacet
facet normal 0.5824760331618268 0.0 -0.8128478767838805
outer loop
vertex -42.666606140136736 5.800000190734863 33.50782763957978
vertex -42.44320220947267 5.800000190734863 33.667915940284736
vertex -42.666606140136736 1.7999999523162842 33.50782763957978
endloop
endfacet
facet normal 0.6343908721308812 0.0 -0.7730124328605716
outer loop
vertex -42.44320220947267 5.800000190734863 33.667915940284736
vertex -42.230746459960955 5.800000190734863 33.842272758483894
vertex -42.230746459960955 1.7999999523162842 33.842272758483894
endloop
endfacet
facet normal 0.6835929333936656 0.0 -0.7298634813540432
outer loop
vertex -42.230746459960955 5.800000190734863 33.842272758483894
vertex -42.030150604248064 5.800000190734863 34.030151605606086
vertex -42.030150604248064 1.7999999523162842 34.030151605606086
endloop
endfacet
facet normal 0.7298656454152025 0.0 -0.6835906228457571
outer loop
vertex -42.030150604248064 5.800000190734863 34.030151605606086
vertex -41.84227294921877 5.800000190734863 34.23074746131898
vertex -42.030150604248064 1.7999999523162842 34.030151605606086
endloop
endfacet
facet normal 0.7730079221277659 0.0 -0.6343963684698342
outer loop
vertex -41.84227294921877 5.800000190734863 34.23074746131898
vertex -41.667914581298845 5.800000190734863 34.4432020187378
vertex -41.667914581298845 1.7999999523162842 34.4432020187378
endloop
endfacet
facet normal 0.8128479316780506 0.0 -0.582475956556762
outer loop
vertex -41.667914581298845 5.800000190734863 34.4432020187378
vertex -41.507826995849626 5.800000190734863 34.666604995727546
vertex -41.507826995849626 1.7999999523162842 34.666604995727546
endloop
endfacet
facet normal 0.8492028786742158 0.0 -0.5280667295441221
outer loop
vertex -41.507826995849626 5.800000190734863 34.666604995727546
vertex -41.36269302368166 5.800000190734863 34.90000009536744
vertex -41.507826995849626 1.7999999523162842 34.666604995727546
endloop
endfacet
facet normal 0.8819214837340649 0.0 -0.4713963263839731
outer loop
vertex -41.36269302368166 5.800000190734863 34.90000009536744
vertex -41.233134460449236 5.800000190734863 35.142387390136726
vertex -41.233134460449236 1.7999999523162842 35.142387390136726
endloop
endfacet
facet normal 0.9108618013152024 0.0 -0.41271149596882384
outer loop
vertex -41.233134460449236 5.800000190734863 35.142387390136726
vertex -41.119704437255876 5.800000190734863 35.39272952079774
vertex -41.119704437255876 1.7999999523162842 35.39272952079774
endloop
endfacet
facet normal 0.9359097309723177 0.0 -0.3522399401988987
outer loop
vertex -41.119704437255876 5.800000190734863 35.39272952079774
vertex -41.022895050048845 5.800000190734863 35.64995431900025
vertex -41.119704437255876 1.7999999523162842 35.39272952079774
endloop
endfacet
facet normal 0.9569378328836726 0.0 -0.29029292791230754
outer loop
vertex -41.022895050048845 5.800000190734863 35.64995431900025
vertex -40.9431106567383 5.800000190734863 35.91296005249024
vertex -40.9431106567383 1.7999999523162842 35.91296005249024
endloop
endfacet
facet normal 0.9738780789793811 0.0 -0.22707154661786802
outer loop
vertex -40.9431106567383 5.800000190734863 35.91296005249024
vertex -40.88070220947267 5.800000190734863 36.18062114715577
vertex -40.88070220947267 1.7999999523162842 36.18062114715577
endloop
endfacet
facet normal 0.9866438279162579 0.0 -0.16289247015977582
outer loop
vertex -40.88070220947267 5.800000190734863 36.18062114715577
vertex -40.8359329223633 5.800000190734863 36.45178985595704
vertex -40.88070220947267 1.7999999523162842 36.18062114715577
endloop
endfacet
facet normal 0.9951846180901506 0.0 -0.0980182427753168
outer loop
vertex -40.8359329223633 5.800000190734863 36.45178985595704
vertex -40.808993530273455 5.800000190734863 36.72530698776246
vertex -40.808993530273455 1.7999999523162842 36.72530698776246
endloop
endfacet
facet normal 0.9994642854493783 0.0 -0.0327283074900526
outer loop
vertex -40.808993530273455 5.800000190734863 36.72530698776246
vertex -40.79999847412111 5.800000190734863 37.00000000000001
vertex -40.79999847412111 1.7999999523162842 37.00000000000001
endloop
endfacet
facet normal 0.8492080063119334 0.0 -0.5280584835183608
outer loop
vertex -47.12176055908205 4.849999904632568 38.224999904632575
vertex -47.03710098266603 4.849999904632568 38.36114692687989
vertex -47.03710098266603 1.7999999523162842 38.36114692687989
endloop
endfacet
facet normal 0.8128503138039481 0.0 -0.5824726322745326
outer loop
vertex -47.03710098266603 4.849999904632568 38.36114692687989
vertex -46.94371719360353 4.849999904632568 38.49146556854249
vertex -46.94371719360353 1.7999999523162842 38.49146556854249
endloop
endfacet
facet normal 0.7730012652896991 0.0 -0.6344044796977114
outer loop
vertex -46.94371719360353 4.849999904632568 38.49146556854249
vertex -46.84200592041017 4.849999904632568 38.61539745330811
vertex -46.84200592041017 1.7999999523162842 38.61539745330811
endloop
endfacet
facet normal 0.729873622488109 0.0 -0.683582105672819
outer loop
vertex -46.84200592041017 4.849999904632568 38.61539745330811
vertex -46.73241348266603 4.849999904632568 38.73241138458253
vertex -46.73241348266603 1.7999999523162842 38.73241138458253
endloop
endfacet
facet normal 0.6835888451975176 0.0 -0.7298673103527272
outer loop
vertex -46.73241348266603 4.849999904632568 38.73241138458253
vertex -46.615397644042986 4.849999904632568 38.84200763702393
vertex -46.615397644042986 1.7999999523162842 38.84200763702393
endloop
endfacet
facet normal 0.6343920392991298 0.0 -0.7730114749949649
outer loop
vertex -46.615397644042986 4.849999904632568 38.84200763702393
vertex -46.49146575927736 4.849999904632568 38.943715572357185
vertex -46.49146575927736 1.7999999523162842 38.943715572357185
endloop
endfacet
facet normal 0.5824793789331839 0.0 -0.8128454792379746
outer loop
vertex -46.49146575927736 4.849999904632568 38.943715572357185
vertex -46.36114807128908 4.849999904632568 39.037100315094
vertex -46.36114807128908 1.7999999523162842 39.037100315094
endloop
endfacet
facet normal 0.5280705415730635 0.0 -0.8492005081974052
outer loop
vertex -46.36114807128908 4.849999904632568 39.037100315094
vertex -46.22500152587892 4.849999904632568 39.12176227569581
vertex -46.22500152587892 1.7999999523162842 39.12176227569581
endloop
endfacet
facet normal 0.47138859845008235 0.0 -0.8819256143526318
outer loop
vertex -46.22500152587892 4.849999904632568 39.12176227569581
vertex -46.08360595703127 4.849999904632568 39.197338104248054
vertex -46.08360595703127 1.7999999523162842 39.197338104248054
endloop
endfacet
facet normal 0.4127140291649512 0.0 -0.9108606535197531
outer loop
vertex -46.08360595703127 4.849999904632568 39.197338104248054
vertex -45.937575531005876 4.849999904632568 39.263504981994636
vertex -45.937575531005876 1.7999999523162842 39.263504981994636
endloop
endfacet
facet normal 0.35224964555254695 0.0 -0.9359060781980769
outer loop
vertex -45.937575531005876 4.849999904632568 39.263504981994636
vertex -45.78752822875978 4.849999904632568 39.319978713989265
vertex -45.78752822875978 1.7999999523162842 39.319978713989265
endloop
endfacet
facet normal 0.29028085845596574 0.0 -0.9569414941437473
outer loop
vertex -45.78752822875978 4.849999904632568 39.319978713989265
vertex -45.63410491943361 4.849999904632568 39.36651849746705
vertex -45.63410491943361 1.7999999523162842 39.36651849746705
endloop
endfacet
facet normal 0.2270806793312075 0.0 -0.9738759495307793
outer loop
vertex -45.63410491943361 4.849999904632568 39.36651849746705
vertex -45.477973175048845 4.849999904632568 39.40292406082154
vertex -45.477973175048845 1.7999999523162842 39.40292406082154
endloop
endfacet
facet normal 0.16289305508626598 0.0 -0.9866437313461545
outer loop
vertex -45.477973175048845 4.849999904632568 39.40292406082154
vertex -45.31978912353517 4.849999904632568 39.42903995513917
vertex -45.31978912353517 1.7999999523162842 39.42903995513917
endloop
endfacet
facet normal 0.0980164817841343 0.0 -0.9951847915330402
outer loop
vertex -45.31978912353517 4.849999904632568 39.42903995513917
vertex -45.16023941040041 4.849999904632568 39.44475412368775
vertex -45.16023941040041 1.7999999523162842 39.44475412368775
endloop
endfacet
facet normal 0.0327188675556831 0.0 -0.9994645945234247
outer loop
vertex -45.16023941040041 4.849999904632568 39.44475412368775
vertex -44.999999237060564 4.849999904632568 39.449999809265144
vertex -44.999999237060564 1.7999999523162842 39.449999809265144
endloop
endfacet
facet normal -0.03271964564971866 -0.0 -0.9994645690511279
outer loop
vertex -44.999999237060564 4.849999904632568 39.449999809265144
vertex -44.839762878417986 4.849999904632568 39.44475412368775
vertex -44.839762878417986 1.7999999523162842 39.44475412368775
endloop
endfacet
facet normal -0.09801416086297814 -0.0 -0.9951850201195385
outer loop
vertex -44.839762878417986 4.849999904632568 39.44475412368775
vertex -44.680209350585955 4.849999904632568 39.42903995513917
vertex -44.680209350585955 1.7999999523162842 39.42903995513917
endloop
endfacet
facet normal -0.2270754173833228 -0.0 -0.9738771764551163
outer loop
vertex -44.36589355468752 4.849999904632568 39.36651849746705
vertex -44.36589355468752 1.7999999523162842 39.36651849746705
vertex -44.52202911376955 4.849999904632568 39.40292406082154
endloop
endfacet
facet normal -0.16289687919938392 -0.0 -0.9866430999845391
outer loop
vertex -44.680209350585955 4.849999904632568 39.42903995513917
vertex -44.52202911376955 4.849999904632568 39.40292406082154
vertex -44.52202911376955 1.7999999523162842 39.40292406082154
endloop
endfacet
facet normal -0.35224964555254695 -0.0 -0.9359060781980769
outer loop
vertex -44.21247406005861 4.849999904632568 39.319978713989265
vertex -44.06242675781252 4.849999904632568 39.263504981994636
vertex -44.06242675781252 1.7999999523162842 39.263504981994636
endloop
endfacet
facet normal -0.2902874679366413 -0.0 -0.9569394891835812
outer loop
vertex -44.36589355468752 4.849999904632568 39.36651849746705
vertex -44.21247406005861 4.849999904632568 39.319978713989265
vertex -44.21247406005861 1.7999999523162842 39.319978713989265
endloop
endfacet
facet normal -0.412705084555227 -0.0 -0.9108647062996036
outer loop
vertex -43.91639251708986 4.849999904632568 39.197338104248054
vertex -43.91639251708986 1.7999999523162842 39.197338104248054
vertex -44.06242675781252 4.849999904632568 39.263504981994636
endloop
endfacet
facet normal -0.729861750990951 -0.0 -0.6835947808756465
outer loop
vertex -43.157992553710955 4.849999904632568 38.61539745330811
vertex -43.157992553710955 1.7999999523162842 38.61539745330811
vertex -43.26758880615236 4.849999904632568 38.73241138458253
endloop
endfacet
facet normal -0.6835888451975176 -0.0 -0.7298673103527272
outer loop
vertex -43.38460464477541 4.849999904632568 38.84200763702393
vertex -43.26758880615236 4.849999904632568 38.73241138458253
vertex -43.26758880615236 1.7999999523162842 38.73241138458253
endloop
endfacet
facet normal -0.8491973363292548 -0.0 -0.5280756422817651
outer loop
vertex -42.96290130615236 4.849999904632568 38.36114692687989
vertex -42.87823791503908 4.849999904632568 38.224999904632575
vertex -42.87823791503908 1.7999999523162842 38.224999904632575
endloop
endfacet
facet normal -0.8128503138039481 -0.0 -0.5824726322745326
outer loop
vertex -42.96290130615236 4.849999904632568 38.36114692687989
vertex -42.96290130615236 1.7999999523162842 38.36114692687989
vertex -43.05628509521486 4.849999904632568 38.49146556854249
endloop
endfacet
facet normal -0.7730129335299606 -0.0 -0.6343902620590929
outer loop
vertex -43.157992553710955 4.849999904632568 38.61539745330811
vertex -43.05628509521486 4.849999904632568 38.49146556854249
vertex -43.05628509521486 1.7999999523162842 38.49146556854249
endloop
endfacet
facet normal -0.5824681135229061 -0.0 -0.8128535518339494
outer loop
vertex -43.50853271484377 4.849999904632568 38.943715572357185
vertex -43.50853271484377 1.7999999523162842 38.943715572357185
vertex -43.638854217529314 4.849999904632568 39.037100315094
endloop
endfacet
facet normal -0.4713984902443827 -0.0 -0.8819203271244611
outer loop
vertex -43.91639251708986 4.849999904632568 39.197338104248054
vertex -43.77500076293947 4.849999904632568 39.12176227569581
vertex -43.77500076293947 1.7999999523162842 39.12176227569581
endloop
endfacet
facet normal -0.5280705415730635 -0.0 -0.8492005081974052
outer loop
vertex -43.638854217529314 4.849999904632568 39.037100315094
vertex -43.638854217529314 1.7999999523162842 39.037100315094
vertex -43.77500076293947 4.849999904632568 39.12176227569581
endloop
endfacet
facet normal -0.6344037077157648 -0.0 -0.773001898856976
outer loop
vertex -43.38460464477541 4.849999904632568 38.84200763702393
vertex -43.38460464477541 1.7999999523162842 38.84200763702393
vertex -43.50853271484377 4.849999904632568 38.943715572357185
endloop
endfacet
facet normal 1.0 0.0 -0.0
outer loop
vertex -40.79999847412111 5.800000190734863 37.00000000000001
vertex -40.79999847412111 5.800000190734863 50.20000076293946
vertex -40.79999847412111 1.7999999523162842 37.00000000000001
endloop
endfacet
facet normal -0.0 1.0 0.0
outer loop
vertex -47.100226593017595 4.849999904632568 34.26293087005616
vertex -47.03710098266603 4.849999904632568 35.638852834701545
vertex -46.91671676635744 4.849999904632568 34.1314299106598
endloop
endfacet
facet normal 0.0 0.9999999999999999 -0.0
outer loop
vertex -47.27474136352541 4.849999904632568 34.406152725219734
vertex -47.43951721191408 4.849999904632568 34.56048154830933
vertex -47.36651916503908 4.849999904632568 36.365893363952644
endloop
endfacet
facet normal 0.0 1.0 -0.0
outer loop
vertex -47.100226593017595 4.849999904632568 34.26293087005616
vertex -47.27474136352541 4.849999904632568 34.406152725219734
vertex -47.19733734130861 4.849999904632568 35.916392803192146
endloop
endfacet
facet normal 0.0 1.0 0.0
outer loop
vertex -47.03710098266603 4.849999904632568 35.638852834701545
vertex -46.94371719360353 4.849999904632568 35.50853443145753
vertex -46.91671676635744 4.849999904632568 34.1314299106598
endloop
endfacet
facet normal -0.0 1.0 -0.0
outer loop
vertex -47.100226593017595 4.849999904632568 34.26293087005616
vertex -47.12176055908205 4.849999904632568 35.77500009536744
vertex -47.03710098266603 4.849999904632568 35.638852834701545
endloop
endfacet
facet normal -0.0 1.0 -0.0
outer loop
vertex -47.100226593017595 4.849999904632568 34.26293087005616
vertex -47.19733734130861 4.849999904632568 35.916392803192146
vertex -47.12176055908205 4.849999904632568 35.77500009536744
endloop
endfacet
facet normal -0.0 1.0 0.0
outer loop
vertex -47.27474136352541 4.849999904632568 34.406152725219734
vertex -47.263503265380876 4.849999904632568 36.06242561340333
vertex -47.19733734130861 4.849999904632568 35.916392803192146
endloop
endfacet
facet normal 0.6343966835091333 -0.0 0.7730076635794839
outer loop
vertex -47.100226593017595 4.849999904632568 34.26293087005616
vertex -47.100226593017595 5.800000190734863 34.26293087005616
vertex -47.27474136352541 4.849999904632568 34.406152725219734
endloop
endfacet
facet normal 0.5824767523952344 -0.0 0.8128473613902556
outer loop
vertex -47.100226593017595 4.849999904632568 34.26293087005616
vertex -46.91671676635744 4.849999904632568 34.1314299106598
vertex -46.91671676635744 5.800000190734863 34.1314299106598
endloop
endfacet
facet normal 0.6835908854880756 -0.0 0.7298653994248724
outer loop
vertex -47.27474136352541 4.849999904632568 34.406152725219734
vertex -47.27474136352541 5.800000190734863 34.406152725219734
vertex -47.43951721191408 4.849999904632568 34.56048154830933
endloop
endfacet
facet normal 0.7298591434400244 -0.0 0.6835975648998421
outer loop
vertex -47.43951721191408 4.849999904632568 34.56048154830933
vertex -47.43951721191408 5.800000190734863 34.56048154830933
vertex -47.59384841918947 4.849999904632568 34.72525691986085
endloop
endfacet
facet normal 0.7730164283415923 -0.0 0.6343860035609296
outer loop
vertex -47.59384841918947 4.849999904632568 34.72525691986085
vertex -47.59384841918947 5.800000190734863 34.72525691986085
vertex -47.737067413330095 4.849999904632568 34.899773120880134
endloop
endfacet
facet normal 0.8128405029725327 -0.0 0.5824863232105625
outer loop
vertex -47.737067413330095 4.849999904632568 34.899773120880134
vertex -47.737067413330095 5.800000190734863 34.899773120880134
vertex -47.868571472167986 4.849999904632568 35.08328270912171
endloop
endfacet
facet normal 0.8492033988697645 -0.0 0.5280658929982504
outer loop
vertex -47.868571472167986 4.849999904632568 35.08328270912171
vertex -47.868571472167986 5.800000190734863 35.08328270912171
vertex -47.9877883911133 4.849999904632568 35.27500009536744
endloop
endfacet
facet normal 0.8819227213774213 -0.0 0.47139401090620886
outer loop
vertex -47.9877883911133 4.849999904632568 35.27500009536744
vertex -47.9877883911133 5.800000190734863 35.27500009536744
vertex -48.094210815429705 4.849999904632568 35.47410392761231
endloop
endfacet
facet normal -0.0 0.9999999999999999 0.0
outer loop
vertex -47.43951721191408 4.849999904632568 34.56048154830933
vertex -47.40292282104494 4.849999904632568 36.522028923034675
vertex -47.36651916503908 4.849999904632568 36.365893363952644
endloop
endfacet
facet normal -0.0 1.0 -0.0
outer loop
vertex -47.27474136352541 4.849999904632568 34.406152725219734
vertex -47.319979858398455 4.849999904632568 36.21247339248658
vertex -47.263503265380876 4.849999904632568 36.06242561340333
endloop
endfacet
facet normal -0.0 1.0 -0.0
outer loop
vertex -47.27474136352541 4.849999904632568 34.406152725219734
vertex -47.36651916503908 4.849999904632568 36.365893363952644
vertex -47.319979858398455 4.849999904632568 36.21247339248658
endloop
endfacet
facet normal -0.0 1.0 0.0
outer loop
vertex -47.43951721191408 4.849999904632568 34.56048154830933
vertex -47.42903823852541 4.849999904632568 36.680211067199714
vertex -47.40292282104494 4.849999904632568 36.522028923034675
endloop
endfacet
facet normal -0.0 1.0 -0.0
outer loop
vertex -47.43951721191408 4.849999904632568 34.56048154830933
vertex -47.44475479125978 4.849999904632568 36.839762210845954
vertex -47.42903823852541 4.849999904632568 36.680211067199714
endloop
endfacet
facet normal 0.0 1.0 -0.0
outer loop
vertex -48.094210815429705 4.849999904632568 35.47410392761231
vertex -48.187384796142595 4.849999904632568 35.67974209785462
vertex -48.187384796142595 4.849999904632568 38.320257663726814
endloop
endfacet
facet normal 0.0 1.0 -0.0
outer loop
vertex -47.737067413330095 4.849999904632568 34.899773120880134
vertex -47.868571472167986 4.849999904632568 35.08328270912171
vertex -47.868571472167986 4.849999904632568 38.91671752929688
endloop
endfacet
facet normal 0.0 1.0 -0.0
outer loop
vertex -47.9877883911133 4.849999904632568 35.27500009536744
vertex -48.094210815429705 4.849999904632568 35.47410392761231
vertex -48.094210815429705 4.849999904632568 38.5258960723877
endloop
endfacet
facet normal 0.0 1.0 -0.0
outer loop
vertex -47.868571472167986 4.849999904632568 35.08328270912171
vertex -47.9877883911133 4.849999904632568 35.27500009536744
vertex -47.9877883911133 4.849999904632568 38.724999904632575
endloop
endfacet
facet normal 0.0 0.9999999999999999 -0.0
outer loop
vertex -48.26690979003908 4.849999904632568 35.891033887863166
vertex -48.33244247436525 4.849999904632568 36.10707426071168
vertex -48.33244247436525 4.849999904632568 37.89292573928834
endloop
endfacet
facet normal 0.0 1.0 -0.0
outer loop
vertex -48.187384796142595 4.849999904632568 35.67974209785462
vertex -48.26690979003908 4.849999904632568 35.891033887863166
vertex -48.26690979003908 4.849999904632568 38.10896635055543
endloop
endfacet
facet normal 0.0 1.0 -0.0
outer loop
vertex -48.33244247436525 4.849999904632568 36.10707426071168
vertex -48.383708190917986 4.849999904632568 36.32693815231324
vertex -48.383708190917986 4.849999904632568 37.673061847686775
endloop
endfacet
facet normal 0.0 1.0 -0.0
outer loop
vertex -48.383708190917986 4.849999904632568 36.32693815231324
vertex -48.420485687255876 4.849999904632568 36.54968452453614
vertex -48.420485687255876 4.849999904632568 37.450315475463874
endloop
endfacet
facet normal 0.0 1.0 -0.0
outer loop
vertex -48.420485687255876 4.849999904632568 36.54968452453614
vertex -48.44261474609377 4.849999904632568 36.774359226226814
vertex -48.44261474609377 4.849999904632568 37.2256407737732
endloop
endfacet
facet normal 0.0 1.0 -0.0
outer loop
vertex -47.59384841918947 4.849999904632568 34.72525691986085
vertex -47.737067413330095 4.849999904632568 34.899773120880134
vertex -47.737067413330095 4.849999904632568 39.10022687911988
endloop
endfacet
facet normal 0.0 1.0 -0.0
outer loop
vertex -47.43951721191408 4.849999904632568 34.56048154830933
vertex -47.59384841918947 4.849999904632568 34.72525691986085
vertex -47.59384841918947 4.849999904632568 39.27474308013917
endloop
endfacet
facet normal 0.0 1.0 -0.0
outer loop
vertex -48.44261474609377 4.849999904632568 36.774359226226814
vertex -48.45000000000002 4.849999904632568 37.00000000000001
vertex -48.44261474609377 4.849999904632568 37.2256407737732
endloop
endfacet
facet normal 0.0 1.0 -0.0
outer loop
vertex -48.420485687255876 4.849999904632568 36.54968452453614
vertex -48.44261474609377 4.849999904632568 37.2256407737732
vertex -48.420485687255876 4.849999904632568 37.450315475463874
endloop
endfacet
facet normal 0.0 1.0 -0.0
outer loop
vertex -48.383708190917986 4.849999904632568 36.32693815231324
vertex -48.420485687255876 4.849999904632568 37.450315475463874
vertex -48.383708190917986 4.849999904632568 37.673061847686775
endloop
endfacet
facet normal 0.0 0.9999999999999999 -0.0
outer loop
vertex -48.33244247436525 4.849999904632568 36.10707426071168
vertex -48.383708190917986 4.849999904632568 37.673061847686775
vertex -48.33244247436525 4.849999904632568 37.89292573928834
endloop
endfacet
facet normal 0.0 1.0 -0.0
outer loop
vertex -48.26690979003908 4.849999904632568 35.891033887863166
vertex -48.33244247436525 4.849999904632568 37.89292573928834
vertex -48.26690979003908 4.849999904632568 38.10896635055543
endloop
endfacet
facet normal 0.0 1.0 -0.0
outer loop
vertex -48.187384796142595 4.849999904632568 35.67974209785462
vertex -48.26690979003908 4.849999904632568 38.10896635055543
vertex -48.187384796142595 4.849999904632568 38.320257663726814
endloop
endfacet
facet normal 0.0 1.0 -0.0
outer loop
vertex -48.094210815429705 4.849999904632568 35.47410392761231
vertex -48.187384796142595 4.849999904632568 38.320257663726814
vertex -48.094210815429705 4.849999904632568 38.5258960723877
endloop
endfacet
facet normal 0.0 1.0 -0.0
outer loop
vertex -47.9877883911133 4.849999904632568 35.27500009536744
vertex -48.094210815429705 4.849999904632568 38.5258960723877
vertex -47.9877883911133 4.849999904632568 38.724999904632575
endloop
endfacet
facet normal -0.0 1.0 -0.0
outer loop
vertex -47.43951721191408 4.849999904632568 34.56048154830933
vertex -47.59384841918947 4.849999904632568 39.27474308013917
vertex -47.44475479125978 4.849999904632568 36.839762210845954
endloop
endfacet
facet normal 0.0 0.9999999999999999 -0.0
outer loop
vertex -47.868571472167986 4.849999904632568 35.08328270912171
vertex -47.9877883911133 4.849999904632568 38.724999904632575
vertex -47.868571472167986 4.849999904632568 38.91671752929688
endloop
endfacet
facet normal 0.0 1.0 -0.0
outer loop
vertex -47.737067413330095 4.849999904632568 34.899773120880134
vertex -47.868571472167986 4.849999904632568 38.91671752929688
vertex -47.737067413330095 4.849999904632568 39.10022687911988
endloop
endfacet
facet normal 0.0 1.0 -0.0
outer loop
vertex -47.59384841918947 4.849999904632568 34.72525691986085
vertex -47.737067413330095 4.849999904632568 39.10022687911988
vertex -47.59384841918947 4.849999904632568 39.27474308013917
endloop
endfacet
facet normal -0.0 1.0 -0.0
outer loop
vertex -47.44475479125978 4.849999904632568 36.839762210845954
vertex -47.59384841918947 4.849999904632568 39.27474308013917
vertex -47.45000000000002 4.849999904632568 37.00000000000001
endloop
endfacet
facet normal -0.0 1.0 -0.0
outer loop
vertex -47.45000000000002 4.849999904632568 37.00000000000001
vertex -47.59384841918947 4.849999904632568 39.27474308013917
vertex -47.44475479125978 4.849999904632568 37.16023778915406
endloop
endfacet
facet normal -0.0 1.0 -0.0
outer loop
vertex -47.44475479125978 4.849999904632568 37.16023778915406
vertex -47.59384841918947 4.849999904632568 39.27474308013917
vertex -47.42903823852541 4.849999904632568 37.3197889328003
endloop
endfacet
facet normal -0.0 1.0 -0.0
outer loop
vertex -47.42903823852541 4.849999904632568 37.3197889328003
vertex -47.43951721191408 4.849999904632568 39.43951845169068
vertex -47.40292282104494 4.849999904632568 37.47797107696534
endloop
endfacet
facet normal -0.0 0.9999999999999999 -0.0
outer loop
vertex -47.40292282104494 4.849999904632568 37.47797107696534
vertex -47.43951721191408 4.849999904632568 39.43951845169068
vertex -47.36651916503908 4.849999904632568 37.63410663604737
endloop
endfacet
facet normal 0.9108629291678567 -0.0 0.4127090067683913
outer loop
vertex -48.094210815429705 4.849999904632568 35.47410392761231
vertex -48.094210815429705 5.800000190734863 35.47410392761231
vertex -48.187384796142595 4.849999904632568 35.67974209785462
endloop
endfacet
facet normal 0.9359053495221586 -0.0 0.35225158159447073
outer loop
vertex -48.187384796142595 4.849999904632568 35.67974209785462
vertex -48.187384796142595 5.800000190734863 35.67974209785462
vertex -48.26690979003908 4.849999904632568 35.891033887863166
endloop
endfacet
facet normal 0.9569433457083741 -0.0 0.2902747545076269
outer loop
vertex -48.26690979003908 4.849999904632568 35.891033887863166
vertex -48.26690979003908 5.800000190734863 35.891033887863166
vertex -48.33244247436525 4.849999904632568 36.10707426071168
endloop
endfacet
facet normal 0.9738763453074175 -0.0 0.22707898196589604
outer loop
vertex -48.33244247436525 4.849999904632568 36.10707426071168
vertex -48.33244247436525 5.800000190734863 36.10707426071168
vertex -48.383708190917986 4.849999904632568 36.32693815231324
endloop
endfacet
facet normal 0.9866419641749994 -0.0 0.16290375848610428
outer loop
vertex -48.383708190917986 4.849999904632568 36.32693815231324
vertex -48.383708190917986 5.800000190734863 36.32693815231324
vertex -48.420485687255876 4.849999904632568 36.54968452453614
endloop
endfacet
facet normal 0.9951844967344191 -0.0 0.09801947489892529
outer loop
vertex -48.420485687255876 4.849999904632568 36.54968452453614
vertex -48.420485687255876 5.800000190734863 36.54968452453614
vertex -48.44261474609377 4.849999904632568 36.774359226226814
endloop
endfacet
facet normal 0.9994647989651474 -0.0 0.03271262186920244
outer loop
vertex -48.44261474609377 4.849999904632568 36.774359226226814
vertex -48.44261474609377 5.800000190734863 36.774359226226814
vertex -48.45000000000002 4.849999904632568 37.00000000000001
endloop
endfacet
facet normal 0.9994647989651474 0.0 -0.03271262186920244
outer loop
vertex -48.45000000000002 4.849999904632568 37.00000000000001
vertex -48.45000000000002 5.800000190734863 37.00000000000001
vertex -48.44261474609377 4.849999904632568 37.2256407737732
endloop
endfacet
facet normal 0.9951844967344191 0.0 -0.09801947489892529
outer loop
vertex -48.44261474609377 4.849999904632568 37.2256407737732
vertex -48.44261474609377 5.800000190734863 37.2256407737732
vertex -48.420485687255876 4.849999904632568 37.450315475463874
endloop
endfacet
facet normal 0.9866419641749994 0.0 -0.16290375848610428
outer loop
vertex -48.420485687255876 4.849999904632568 37.450315475463874
vertex -48.420485687255876 5.800000190734863 37.450315475463874
vertex -48.383708190917986 4.849999904632568 37.673061847686775
endloop
endfacet
facet normal 0.9738763453074175 0.0 -0.22707898196589604
outer loop
vertex -48.383708190917986 4.849999904632568 37.673061847686775
vertex -48.383708190917986 5.800000190734863 37.673061847686775
vertex -48.33244247436525 4.849999904632568 37.89292573928834
endloop
endfacet
facet normal 0.9569434346918322 0.0 -0.29027446115736616
outer loop
vertex -48.33244247436525 4.849999904632568 37.89292573928834
vertex -48.33244247436525 5.800000190734863 37.89292573928834
vertex -48.26690979003908 4.849999904632568 38.10896635055543
endloop
endfacet
facet normal 0.9359050874465581 0.0 -0.3522522779083911
outer loop
vertex -48.26690979003908 4.849999904632568 38.10896635055543
vertex -48.26690979003908 5.800000190734863 38.10896635055543
vertex -48.187384796142595 4.849999904632568 38.320257663726814
endloop
endfacet
facet normal 0.5824767523952344 0.0 0.8128473613902556
outer loop
vertex -47.100226593017595 4.849999904632568 34.26293087005616
vertex -46.91671676635744 5.800000190734863 34.1314299106598
vertex -47.100226593017595 5.800000190734863 34.26293087005616
endloop
endfacet
facet normal 0.6343966835091333 0.0 0.7730076635794839
outer loop
vertex -47.27474136352541 4.849999904632568 34.406152725219734
vertex -47.100226593017595 5.800000190734863 34.26293087005616
vertex -47.27474136352541 5.800000190734863 34.406152725219734
endloop
endfacet
facet normal 0.6835908854880756 0.0 0.7298653994248724
outer loop
vertex -47.43951721191408 4.849999904632568 34.56048154830933
vertex -47.27474136352541 5.800000190734863 34.406152725219734
vertex -47.43951721191408 5.800000190734863 34.56048154830933
endloop
endfacet
facet normal 0.7298591434400244 0.0 0.6835975648998421
outer loop
vertex -47.59384841918947 4.849999904632568 34.72525691986085
vertex -47.43951721191408 5.800000190734863 34.56048154830933
vertex -47.59384841918947 5.800000190734863 34.72525691986085
endloop
endfacet
facet normal 0.8128405029725327 0.0 0.5824863232105625
outer loop
vertex -47.868571472167986 4.849999904632568 35.08328270912171
vertex -47.737067413330095 5.800000190734863 34.899773120880134
vertex -47.868571472167986 5.800000190734863 35.08328270912171
endloop
endfacet
facet normal 0.8492033988697645 0.0 0.5280658929982504
outer loop
vertex -47.9877883911133 4.849999904632568 35.27500009536744
vertex -47.868571472167986 5.800000190734863 35.08328270912171
vertex -47.9877883911133 5.800000190734863 35.27500009536744
endloop
endfacet
facet normal 0.8819227213774213 0.0 0.47139401090620886
outer loop
vertex -48.094210815429705 4.849999904632568 35.47410392761231
vertex -47.9877883911133 5.800000190734863 35.27500009536744
vertex -48.094210815429705 5.800000190734863 35.47410392761231
endloop
endfacet
facet normal 0.7730164283415923 0.0 0.6343860035609296
outer loop
vertex -47.737067413330095 4.849999904632568 34.899773120880134
vertex -47.59384841918947 5.800000190734863 34.72525691986085
vertex -47.737067413330095 5.800000190734863 34.899773120880134
endloop
endfacet
facet normal 0.9108629291678567 0.0 0.4127090067683913
outer loop
vertex -48.094210815429705 5.800000190734863 35.47410392761231
vertex -48.187384796142595 5.800000190734863 35.67974209785462
vertex -48.187384796142595 4.849999904632568 35.67974209785462
endloop
endfacet
facet normal 0.9359053495221586 0.0 0.35225158159447073
outer loop
vertex -48.26690979003908 4.849999904632568 35.891033887863166
vertex -48.187384796142595 5.800000190734863 35.67974209785462
vertex -48.26690979003908 5.800000190734863 35.891033887863166
endloop
endfacet
facet normal 0.9569433457083741 0.0 0.2902747545076269
outer loop
vertex -48.33244247436525 4.849999904632568 36.10707426071168
vertex -48.26690979003908 5.800000190734863 35.891033887863166
vertex -48.33244247436525 5.800000190734863 36.10707426071168
endloop
endfacet
facet normal 0.9738763453074175 0.0 0.22707898196589604
outer loop
vertex -48.383708190917986 4.849999904632568 36.32693815231324
vertex -48.33244247436525 5.800000190734863 36.10707426071168
vertex -48.383708190917986 5.800000190734863 36.32693815231324
endloop
endfacet
facet normal 0.9866419641749994 0.0 0.16290375848610428
outer loop
vertex -48.420485687255876 4.849999904632568 36.54968452453614
vertex -48.383708190917986 5.800000190734863 36.32693815231324
vertex -48.420485687255876 5.800000190734863 36.54968452453614
endloop
endfacet
facet normal 0.9951844967344191 0.0 0.09801947489892529
outer loop
vertex -48.44261474609377 4.849999904632568 36.774359226226814
vertex -48.420485687255876 5.800000190734863 36.54968452453614
vertex -48.44261474609377 5.800000190734863 36.774359226226814
endloop
endfacet
facet normal 0.9994647989651474 0.0 0.03271262186920244
outer loop
vertex -48.45000000000002 4.849999904632568 37.00000000000001
vertex -48.44261474609377 5.800000190734863 36.774359226226814
vertex -48.45000000000002 5.800000190734863 37.00000000000001
endloop
endfacet
facet normal 0.9994647989651474 0.0 -0.03271262186920244
outer loop
vertex -48.44261474609377 4.849999904632568 37.2256407737732
vertex -48.45000000000002 5.800000190734863 37.00000000000001
vertex -48.44261474609377 5.800000190734863 37.2256407737732
endloop
endfacet
facet normal 0.9951844967344191 0.0 -0.09801947489892529
outer loop
vertex -48.420485687255876 4.849999904632568 37.450315475463874
vertex -48.44261474609377 5.800000190734863 37.2256407737732
vertex -48.420485687255876 5.800000190734863 37.450315475463874
endloop
endfacet
facet normal 0.9866419641749994 0.0 -0.16290375848610428
outer loop
vertex -48.383708190917986 4.849999904632568 37.673061847686775
vertex -48.420485687255876 5.800000190734863 37.450315475463874
vertex -48.383708190917986 5.800000190734863 37.673061847686775
endloop
endfacet
facet normal 0.9738763453074175 0.0 -0.22707898196589604
outer loop
vertex -48.33244247436525 4.849999904632568 37.89292573928834
vertex -48.383708190917986 5.800000190734863 37.673061847686775
vertex -48.33244247436525 5.800000190734863 37.89292573928834
endloop
endfacet
facet normal 0.9569434346918322 0.0 -0.29027446115736616
outer loop
vertex -48.26690979003908 4.849999904632568 38.10896635055543
vertex -48.33244247436525 5.800000190734863 37.89292573928834
vertex -48.26690979003908 5.800000190734863 38.10896635055543
endloop
endfacet
facet normal -0.0 1.0 0.0
outer loop
vertex -46.320258331298845 4.849999904632568 33.81261563301087
vertex -46.22500152587892 4.849999904632568 34.878237724304206
vertex -46.10896606445314 4.849999904632568 33.733090996742256
endloop
endfacet
facet normal -0.0 1.0 0.0
outer loop
vertex -46.10896606445314 4.849999904632568 33.733090996742256
vertex -45.937575531005876 4.849999904632568 34.73649525642396
vertex -45.892924499511736 4.849999904632568 33.66755592823029
endloop
endfacet
facet normal -0.0 1.0 0.0
outer loop
vertex -45.67306060791017 4.849999904632568 33.616290807724006
vertex -45.63410491943361 4.849999904632568 34.633481740951545
vertex -45.450316619873064 4.849999904632568 33.57951521873475
endloop
endfacet
facet normal -0.0 1.0 0.0
outer loop
vertex -45.892924499511736 4.849999904632568 33.66755592823029
vertex -45.78752822875978 4.849999904632568 34.68002128601075
vertex -45.67306060791017 4.849999904632568 33.616290807724006
endloop
endfacet
facet normal -0.0 1.0 0.0
outer loop
vertex -45.450316619873064 4.849999904632568 33.57951521873475
vertex -45.31978912353517 4.849999904632568 34.57096004486085
vertex -45.22564239501955 4.849999904632568 33.557386755943305
endloop
endfacet
facet normal -0.0 1.0 0.0
outer loop
vertex -45.22564239501955 4.849999904632568 33.557386755943305
vertex -45.16023941040041 4.849999904632568 34.555245637893684
vertex -44.999999237060564 4.849999904632568 33.54999995231629
endloop
endfacet
facet normal -0.0 1.0 0.0
outer loop
vertex -44.999999237060564 4.849999904632568 33.54999995231629
vertex -44.839762878417986 4.849999904632568 34.555245637893684
vertex -44.774359893798845 4.849999904632568 33.557386755943305
endloop
endfacet
facet normal -0.0 1.0 -0.0
outer loop
vertex -44.774359893798845 4.849999904632568 33.557386755943305
vertex -44.839762878417986 4.849999904632568 34.555245637893684
vertex -44.54968566894533 4.849999904632568 33.57951521873475
endloop
endfacet
facet normal -0.0 0.9999999999999999 -0.0
outer loop
vertex -44.54968566894533 4.849999904632568 33.57951521873475
vertex -44.680209350585955 4.849999904632568 34.57096004486085
vertex -44.326937866210955 4.849999904632568 33.616290807724006
endloop
endfacet
facet normal -0.0 0.9999999999999999 -0.0
outer loop
vertex -44.326937866210955 4.849999904632568 33.616290807724006
vertex -44.36589355468752 4.849999904632568 34.633481740951545
vertex -44.10707397460939 4.849999904632568 33.66755592823029
endloop
endfacet
facet normal -0.0 1.0 -0.0
outer loop
vertex -44.10707397460939 4.849999904632568 33.66755592823029
vertex -44.21247406005861 4.849999904632568 34.68002128601075
vertex -43.891032409667986 4.849999904632568 33.733090996742256
endloop
endfacet
facet normal -0.0 1.0 0.0
outer loop
vertex -46.72500152587892 4.849999904632568 34.01221227645875
vertex -46.615397644042986 4.849999904632568 35.15799236297608
vertex -46.52589721679689 4.849999904632568 33.905789017677314
endloop
endfacet
facet normal -0.0 0.9999999999999999 0.0
outer loop
vertex -46.52589721679689 4.849999904632568 33.905789017677314
vertex -46.36114807128908 4.849999904632568 34.962899446487434
vertex -46.320258331298845 4.849999904632568 33.81261563301087
endloop
endfacet
facet normal -0.0 0.9999999999999999 0.0
outer loop
vertex -46.91671676635744 4.849999904632568 34.1314299106598
vertex -46.84200592041017 4.849999904632568 35.38460278511048
vertex -46.72500152587892 4.849999904632568 34.01221227645875
endloop
endfacet
facet normal -0.0 0.9999999999999999 -0.0
outer loop
vertex -46.72500152587892 4.849999904632568 34.01221227645875
vertex -46.73241348266603 4.849999904632568 35.26758837699891
vertex -46.615397644042986 4.849999904632568 35.15799236297608
endloop
endfacet
facet normal -0.0 1.0 0.0
outer loop
vertex -46.52589721679689 4.849999904632568 33.905789017677314
vertex -46.49146575927736 4.849999904632568 35.05628442764283
vertex -46.36114807128908 4.849999904632568 34.962899446487434
endloop
endfacet
facet normal -0.0 1.0 -0.0
outer loop
vertex -46.320258331298845 4.849999904632568 33.81261563301087
vertex -46.36114807128908 4.849999904632568 34.962899446487434
vertex -46.22500152587892 4.849999904632568 34.878237724304206
endloop
endfacet
facet normal -0.0 1.0 -0.0
outer loop
vertex -46.52589721679689 4.849999904632568 33.905789017677314
vertex -46.615397644042986 4.849999904632568 35.15799236297608
vertex -46.49146575927736 4.849999904632568 35.05628442764283
endloop
endfacet
facet normal -0.0 1.0 -0.0
outer loop
vertex -46.10896606445314 4.849999904632568 33.733090996742256
vertex -46.22500152587892 4.849999904632568 34.878237724304206
vertex -46.08360595703127 4.849999904632568 34.80266189575196
endloop
endfacet
facet normal -0.0 0.9999999999999999 0.0
outer loop
vertex -46.10896606445314 4.849999904632568 33.733090996742256
vertex -46.08360595703127 4.849999904632568 34.80266189575196
vertex -45.937575531005876 4.849999904632568 34.73649525642396
endloop
endfacet
facet normal -0.0 1.0 -0.0
outer loop
vertex -45.892924499511736 4.849999904632568 33.66755592823029
vertex -45.937575531005876 4.849999904632568 34.73649525642396
vertex -45.78752822875978 4.849999904632568 34.68002128601075
endloop
endfacet
facet normal -0.0 1.0 -0.0
outer loop
vertex -45.67306060791017 4.849999904632568 33.616290807724006
vertex -45.78752822875978 4.849999904632568 34.68002128601075
vertex -45.63410491943361 4.849999904632568 34.633481740951545
endloop
endfacet
facet normal -0.0 1.0 -0.0
outer loop
vertex -45.450316619873064 4.849999904632568 33.57951521873475
vertex -45.63410491943361 4.849999904632568 34.633481740951545
vertex -45.477973175048845 4.849999904632568 34.59707617759705
endloop
endfacet
facet normal -0.0 1.0 -0.0
outer loop
vertex -46.72500152587892 4.849999904632568 34.01221227645875
vertex -46.84200592041017 4.849999904632568 35.38460278511048
vertex -46.73241348266603 4.849999904632568 35.26758837699891
endloop
endfacet
facet normal -0.0 1.0 -0.0
outer loop
vertex -46.91671676635744 4.849999904632568 34.1314299106598
vertex -46.94371719360353 4.849999904632568 35.50853443145753
vertex -46.84200592041017 4.849999904632568 35.38460278511048
endloop
endfacet
facet normal -0.0 1.0 -0.0
outer loop
vertex -45.22564239501955 4.849999904632568 33.557386755943305
vertex -45.31978912353517 4.849999904632568 34.57096004486085
vertex -45.16023941040041 4.849999904632568 34.555245637893684
endloop
endfacet
facet normal -0.0 1.0 -0.0
outer loop
vertex -45.450316619873064 4.849999904632568 33.57951521873475
vertex -45.477973175048845 4.849999904632568 34.59707617759705
vertex -45.31978912353517 4.849999904632568 34.57096004486085
endloop
endfacet
facet normal -0.0 1.0 -0.0
outer loop
vertex -44.999999237060564 4.849999904632568 33.54999995231629
vertex -45.16023941040041 4.849999904632568 34.555245637893684
vertex -44.999999237060564 4.849999904632568 34.54999995231629
endloop
endfacet
facet normal 0.0 1.0 0.0
outer loop
vertex -44.999999237060564 4.849999904632568 33.54999995231629
vertex -44.999999237060564 4.849999904632568 34.54999995231629
vertex -44.839762878417986 4.849999904632568 34.555245637893684
endloop
endfacet
facet normal 0.0 1.0 -0.0
outer loop
vertex -44.54968566894533 4.849999904632568 33.57951521873475
vertex -44.839762878417986 4.849999904632568 34.555245637893684
vertex -44.680209350585955 4.849999904632568 34.57096004486085
endloop
endfacet
facet normal 0.0 1.0 -0.0
outer loop
vertex -44.326937866210955 4.849999904632568 33.616290807724006
vertex -44.680209350585955 4.849999904632568 34.57096004486085
vertex -44.52202911376955 4.849999904632568 34.59707617759705
endloop
endfacet
facet normal 0.0 1.0 -0.0
outer loop
vertex -44.326937866210955 4.849999904632568 33.616290807724006
vertex -44.52202911376955 4.849999904632568 34.59707617759705
vertex -44.36589355468752 4.849999904632568 34.633481740951545
endloop
endfacet
facet normal 0.0 1.0 -0.0
outer loop
vertex -44.10707397460939 4.849999904632568 33.66755592823029
vertex -44.36589355468752 4.849999904632568 34.633481740951545
vertex -44.21247406005861 4.849999904632568 34.68002128601075
endloop
endfacet
facet normal 0.0 0.9999999999999999 -0.0
outer loop
vertex -43.891032409667986 4.849999904632568 33.733090996742256
vertex -44.21247406005861 4.849999904632568 34.68002128601075
vertex -44.06242675781252 4.849999904632568 34.73649525642396
endloop
endfacet
facet normal 0.0 1.0 -0.0
outer loop
vertex -43.891032409667986 4.849999904632568 33.733090996742256
vertex -44.06242675781252 4.849999904632568 34.73649525642396
vertex -43.91639251708986 4.849999904632568 34.80266189575196
endloop
endfacet
facet normal 0.47139600769735646 -0.0 0.8819216540753457
outer loop
vertex -46.72500152587892 4.849999904632568 34.01221227645875
vertex -46.52589721679689 4.849999904632568 33.905789017677314
vertex -46.52589721679689 5.800000190734863 33.905789017677314
endloop
endfacet
facet normal 0.5280724399438447 -0.0 0.8491993277033104
outer loop
vertex -46.91671676635744 4.849999904632568 34.1314299106598
vertex -46.72500152587892 4.849999904632568 34.01221227645875
vertex -46.72500152587892 5.800000190734863 34.01221227645875
endloop
endfacet
facet normal 0.4127056253223312 -0.0 0.9108644612824148
outer loop
vertex -46.52589721679689 4.849999904632568 33.905789017677314
vertex -46.320258331298845 4.849999904632568 33.81261563301087
vertex -46.320258331298845 5.800000190734863 33.81261563301087
endloop
endfacet
facet normal 0.352249497747078 -0.0 0.9359061338280303
outer loop
vertex -46.320258331298845 4.849999904632568 33.81261563301087
vertex -46.10896606445314 4.849999904632568 33.733090996742256
vertex -46.10896606445314 5.800000190734863 33.733090996742256
endloop
endfacet
facet normal 0.2902829585100577 -0.0 0.9569408571059383
outer loop
vertex -46.10896606445314 4.849999904632568 33.733090996742256
vertex -45.892924499511736 4.849999904632568 33.66755592823029
vertex -45.892924499511736 5.800000190734863 33.66755592823029
endloop
endfacet
facet normal 0.2270764779444983 -0.0 0.9738769291672957
outer loop
vertex -45.892924499511736 4.849999904632568 33.66755592823029
vertex -45.67306060791017 4.849999904632568 33.616290807724006
vertex -45.67306060791017 5.800000190734863 33.616290807724006
endloop
endfacet
facet normal 0.16289723150230945 -0.0 0.9866430418185105
outer loop
vertex -45.67306060791017 4.849999904632568 33.616290807724006
vertex -45.450316619873064 4.849999904632568 33.57951521873475
vertex -45.450316619873064 5.800000190734863 33.57951521873475
endloop
endfacet
facet normal 0.0980170661358169 -0.0 0.9951847339796401
outer loop
vertex -45.450316619873064 4.849999904632568 33.57951521873475
vertex -45.22564239501955 4.849999904632568 33.557386755943305
vertex -45.22564239501955 5.800000190734863 33.557386755943305
endloop
endfacet
facet normal 0.032719133583963396 -0.0 0.9994645858145825
outer loop
vertex -45.22564239501955 4.849999904632568 33.557386755943305
vertex -44.999999237060564 4.849999904632568 33.54999995231629
vertex -44.999999237060564 5.800000190734863 33.54999995231629
endloop
endfacet
facet normal -0.03271968614703186 0.0 0.9994645677253595
outer loop
vertex -44.999999237060564 4.849999904632568 33.54999995231629
vertex -44.774359893798845 4.849999904632568 33.557386755943305
vertex -44.774359893798845 5.800000190734863 33.557386755943305
endloop
endfacet
facet normal -0.0980170661358169 0.0 0.9951847339796401
outer loop
vertex -44.774359893798845 4.849999904632568 33.557386755943305
vertex -44.54968566894533 4.849999904632568 33.57951521873475
vertex -44.54968566894533 5.800000190734863 33.57951521873475
endloop
endfacet
facet normal -0.1628945158087418 0.0 0.9866434901824648
outer loop
vertex -44.54968566894533 4.849999904632568 33.57951521873475
vertex -44.326937866210955 4.849999904632568 33.616290807724006
vertex -44.326937866210955 5.800000190734863 33.616290807724006
endloop
endfacet
facet normal -0.2270764779444983 0.0 0.9738769291672957
outer loop
vertex -44.326937866210955 4.849999904632568 33.616290807724006
vertex -44.10707397460939 4.849999904632568 33.66755592823029
vertex -44.10707397460939 5.800000190734863 33.66755592823029
endloop
endfacet
facet normal -0.2902829585100577 0.0 0.9569408571059383
outer loop
vertex -44.10707397460939 4.849999904632568 33.66755592823029
vertex -43.891032409667986 4.849999904632568 33.733090996742256
vertex -43.891032409667986 5.800000190734863 33.733090996742256
endloop
endfacet
facet normal -0.0 0.9999999999999999 -0.0
outer loop
vertex -43.891032409667986 4.849999904632568 33.733090996742256
vertex -43.91639251708986 4.849999904632568 34.80266189575196
vertex -43.67974395751955 4.849999904632568 33.81261563301087
endloop
endfacet
facet normal -0.0 1.0 -0.0
outer loop
vertex -43.67974395751955 4.849999904632568 33.81261563301087
vertex -43.77500076293947 4.849999904632568 34.878237724304206
vertex -43.4741050720215 4.849999904632568 33.905789017677314
endloop
endfacet
facet normal -0.0 1.0 -0.0
outer loop
vertex -43.4741050720215 4.849999904632568 33.905789017677314
vertex -43.50853271484377 4.849999904632568 35.05628442764283
vertex -43.27500076293947 4.849999904632568 34.01221227645875
endloop
endfacet
facet normal -0.0 1.0 -0.0
outer loop
vertex -43.27500076293947 4.849999904632568 34.01221227645875
vertex -43.38460464477541 4.849999904632568 35.15799236297608
vertex -43.08328170776369 4.849999904632568 34.1314299106598
endloop
endfacet
facet normal -0.0 0.9999999999999999 0.0
outer loop
vertex -43.91639251708986 4.849999904632568 34.80266189575196
vertex -43.77500076293947 4.849999904632568 34.878237724304206
vertex -43.67974395751955 4.849999904632568 33.81261563301087
endloop
endfacet
facet normal 0.0 1.0 -0.0
outer loop
vertex -43.4741050720215 4.849999904632568 33.905789017677314
vertex -43.77500076293947 4.849999904632568 34.878237724304206
vertex -43.638854217529314 4.849999904632568 34.962899446487434
endloop
endfacet
facet normal 0.0 1.0 -0.0
outer loop
vertex -43.4741050720215 4.849999904632568 33.905789017677314
vertex -43.638854217529314 4.849999904632568 34.962899446487434
vertex -43.50853271484377 4.849999904632568 35.05628442764283
endloop
endfacet
facet normal 0.0 1.0 -0.0
outer loop
vertex -43.27500076293947 4.849999904632568 34.01221227645875
vertex -43.50853271484377 4.849999904632568 35.05628442764283
vertex -43.38460464477541 4.849999904632568 35.15799236297608
endloop
endfacet
facet normal -0.0 1.0 -0.0
outer loop
vertex -43.08328170776369 4.849999904632568 34.1314299106598
vertex -43.157992553710955 4.849999904632568 35.38460278511048
vertex -42.89977188110353 4.849999904632568 34.26293087005616
endloop
endfacet
facet normal -0.0 1.0 -0.0
outer loop
vertex -42.89977188110353 4.849999904632568 34.26293087005616
vertex -42.96290130615236 4.849999904632568 35.638852834701545
vertex -42.72525711059572 4.849999904632568 34.406152725219734
endloop
endfacet
facet normal 0.0 1.0 -0.0
outer loop
vertex -43.08328170776369 4.849999904632568 34.1314299106598
vertex -43.38460464477541 4.849999904632568 35.15799236297608
vertex -43.26758880615236 4.849999904632568 35.26758837699891
endloop
endfacet
facet normal 0.0 1.0 -0.0
outer loop
vertex -43.08328170776369 4.849999904632568 34.1314299106598
vertex -43.26758880615236 4.849999904632568 35.26758837699891
vertex -43.157992553710955 4.849999904632568 35.38460278511048
endloop
endfacet
facet normal 0.0 1.0 -0.0
outer loop
vertex -42.89977188110353 4.849999904632568 34.26293087005616
vertex -43.157992553710955 4.849999904632568 35.38460278511048
vertex -43.05628509521486 4.849999904632568 35.50853443145753
endloop
endfacet
facet normal 0.0 1.0 -0.0
outer loop
vertex -42.89977188110353 4.849999904632568 34.26293087005616
vertex -43.05628509521486 4.849999904632568 35.50853443145753
vertex -42.96290130615236 4.849999904632568 35.638852834701545
endloop
endfacet
facet normal -0.0 1.0 -0.0
outer loop
vertex -42.72525711059572 4.849999904632568 34.406152725219734
vertex -42.73649520874025 4.849999904632568 36.06242561340333
vertex -42.56048126220705 4.849999904632568 34.56048154830933
endloop
endfacet
facet normal 0.0 1.0 -0.0
outer loop
vertex -42.72525711059572 4.849999904632568 34.406152725219734
vertex -42.96290130615236 4.849999904632568 35.638852834701545
vertex -42.87823791503908 4.849999904632568 35.77500009536744
endloop
endfacet
facet normal 0.0 1.0 -0.0
outer loop
vertex -42.72525711059572 4.849999904632568 34.406152725219734
vertex -42.87823791503908 4.849999904632568 35.77500009536744
vertex -42.80266113281252 4.849999904632568 35.916392803192146
endloop
endfacet
facet normal 0.0 1.0 -0.0
outer loop
vertex -42.72525711059572 4.849999904632568 34.406152725219734
vertex -42.80266113281252 4.849999904632568 35.916392803192146
vertex -42.73649520874025 4.849999904632568 36.06242561340333
endloop
endfacet
facet normal -0.0 0.9999999999999999 -0.0
outer loop
vertex -42.56048126220705 4.849999904632568 34.56048154830933
vertex -42.57096023559572 4.849999904632568 36.680211067199714
vertex -42.40615386962892 4.849999904632568 34.72525691986085
endloop
endfacet
facet normal -0.35225506829387326 0.0 0.9359040372074898
outer loop
vertex -43.891032409667986 4.849999904632568 33.733090996742256
vertex -43.67974395751955 4.849999904632568 33.81261563301087
vertex -43.67974395751955 5.800000190734863 33.81261563301087
endloop
endfacet
facet normal -0.4127056253223312 0.0 0.9108644612824148
outer loop
vertex -43.67974395751955 4.849999904632568 33.81261563301087
vertex -43.4741050720215 4.849999904632568 33.905789017677314
vertex -43.4741050720215 5.800000190734863 33.905789017677314
endloop
endfacet
facet normal -0.47139600769735646 0.0 0.8819216540753457
outer loop
vertex -43.4741050720215 4.849999904632568 33.905789017677314
vertex -43.27500076293947 4.849999904632568 34.01221227645875
vertex -43.27500076293947 5.800000190734863 34.01221227645875
endloop
endfacet
facet normal -0.5280648627011408 0.0 0.8492040395455177
outer loop
vertex -43.27500076293947 4.849999904632568 34.01221227645875
vertex -43.08328170776369 4.849999904632568 34.1314299106598
vertex -43.08328170776369 5.800000190734863 34.1314299106598
endloop
endfacet
facet normal -0.5824767523952344 0.0 0.8128473613902556
outer loop
vertex -43.08328170776369 4.849999904632568 34.1314299106598
vertex -42.89977188110353 4.849999904632568 34.26293087005616
vertex -42.89977188110353 5.800000190734863 34.26293087005616
endloop
endfacet
facet normal -0.6343966835091333 0.0 0.7730076635794839
outer loop
vertex -42.89977188110353 4.849999904632568 34.26293087005616
vertex -42.72525711059572 4.849999904632568 34.406152725219734
vertex -42.72525711059572 5.800000190734863 34.406152725219734
endloop
endfacet
facet normal -0.6835908854880756 0.0 0.7298653994248724
outer loop
vertex -42.72525711059572 4.849999904632568 34.406152725219734
vertex -42.56048126220705 4.849999904632568 34.56048154830933
vertex -42.56048126220705 5.800000190734863 34.56048154830933
endloop
endfacet
facet normal -0.7298675738471602 0.0 0.6835885638645953
outer loop
vertex -42.56048126220705 4.849999904632568 34.56048154830933
vertex -42.40615386962892 4.849999904632568 34.72525691986085
vertex -42.40615386962892 5.800000190734863 34.72525691986085
endloop
endfacet
facet normal -0.773008142165308 0.0 0.6343961003554003
outer loop
vertex -42.40615386962892 4.849999904632568 34.72525691986085
vertex -42.26293106079103 4.849999904632568 34.899773120880134
vertex -42.26293106079103 5.800000190734863 34.899773120880134
endloop
endfacet
facet normal -0.8128485031170847 0.0 0.5824751591100816
outer loop
vertex -42.26293106079103 4.849999904632568 34.899773120880134
vertex -42.13143081665041 4.849999904632568 35.08328270912171
vertex -42.13143081665041 5.800000190734863 35.08328270912171
endloop
endfacet
facet normal -0.8492033988697645 0.0 0.5280658929982504
outer loop
vertex -42.13143081665041 4.849999904632568 35.08328270912171
vertex -42.012213897705095 4.849999904632568 35.27500009536744
vertex -42.012213897705095 5.800000190734863 35.27500009536744
endloop
endfacet
facet normal -0.8819156966710235 0.0 0.47140715306968267
outer loop
vertex -42.012213897705095 4.849999904632568 35.27500009536744
vertex -41.90578765869142 4.849999904632568 35.47410392761231
vertex -41.90578765869142 5.800000190734863 35.47410392761231
endloop
endfacet
facet normal 0.0 1.0 -0.0
outer loop
vertex -42.56048126220705 4.849999904632568 34.56048154830933
vertex -42.73649520874025 4.849999904632568 36.06242561340333
vertex -42.68002243041994 4.849999904632568 36.21247339248658
endloop
endfacet
facet normal 0.0 1.0 -0.0
outer loop
vertex -42.56048126220705 4.849999904632568 34.56048154830933
vertex -42.68002243041994 4.849999904632568 36.21247339248658
vertex -42.633483123779314 4.849999904632568 36.365893363952644
endloop
endfacet
facet normal 0.0 1.0 -0.0
outer loop
vertex -42.56048126220705 4.849999904632568 34.56048154830933
vertex -42.633483123779314 4.849999904632568 36.365893363952644
vertex -42.59707565307619 4.849999904632568 36.522028923034675
endloop
endfacet
facet normal 0.0 1.0 -0.0
outer loop
vertex -42.56048126220705 4.849999904632568 34.56048154830933
vertex -42.59707565307619 4.849999904632568 36.522028923034675
vertex -42.57096023559572 4.849999904632568 36.680211067199714
endloop
endfacet
facet normal 0.0 0.9999999999999999 -0.0
outer loop
vertex -42.40615386962892 4.849999904632568 34.72525691986085
vertex -42.57096023559572 4.849999904632568 36.680211067199714
vertex -42.55524749755861 4.849999904632568 36.839762210845954
endloop
endfacet
facet normal 0.0 1.0 -0.0
outer loop
vertex -42.40615386962892 4.849999904632568 34.72525691986085
vertex -42.55524749755861 4.849999904632568 36.839762210845954
vertex -42.54999847412111 4.849999904632568 37.00000000000001
endloop
endfacet
facet normal 0.0 1.0 0.0
outer loop
vertex -42.40615386962892 4.849999904632568 34.72525691986085
vertex -42.54999847412111 4.849999904632568 37.00000000000001
vertex -42.55524749755861 4.849999904632568 37.16023778915406
endloop
endfacet
facet normal -0.0 1.0 0.0
outer loop
vertex -42.40615386962892 4.849999904632568 34.72525691986085
vertex -42.40615386962892 4.849999904632568 39.27474308013917
vertex -42.26293106079103 4.849999904632568 34.899773120880134
endloop
endfacet
facet normal -0.0 1.0 0.0
outer loop
vertex -42.26293106079103 4.849999904632568 34.899773120880134
vertex -42.26293106079103 4.849999904632568 39.10022687911988
vertex -42.13143081665041 4.849999904632568 35.08328270912171
endloop
endfacet
facet normal -0.0 0.9999999999999999 0.0
outer loop
vertex -42.13143081665041 4.849999904632568 35.08328270912171
vertex -42.13143081665041 4.849999904632568 38.91671752929688
vertex -42.012213897705095 4.849999904632568 35.27500009536744
endloop
endfacet
facet normal -0.0 1.0 0.0
outer loop
vertex -42.012213897705095 4.849999904632568 35.27500009536744
vertex -42.012213897705095 4.849999904632568 38.724999904632575
vertex -41.90578765869142 4.849999904632568 35.47410392761231
endloop
endfacet
facet normal -0.0 1.0 0.0
outer loop
vertex -41.90578765869142 4.849999904632568 35.47410392761231
vertex -41.90578765869142 4.849999904632568 38.5258960723877
vertex -41.8126174926758 4.849999904632568 35.67974209785462
endloop
endfacet
facet normal -0.0 1.0 0.0
outer loop
vertex -41.8126174926758 4.849999904632568 35.67974209785462
vertex -41.8126174926758 4.849999904632568 38.320257663726814
vertex -41.733092498779314 4.849999904632568 35.891033887863166
endloop
endfacet
facet normal -0.0 1.0 0.0
outer loop
vertex -41.733092498779314 4.849999904632568 35.891033887863166
vertex -41.733092498779314 4.849999904632568 38.10896635055543
vertex -41.667555999755876 4.849999904632568 36.10707426071168
endloop
endfacet
facet normal -0.0 0.9999999999999999 0.0
outer loop
vertex -41.667555999755876 4.849999904632568 36.10707426071168
vertex -41.667555999755876 4.849999904632568 37.89292573928834
vertex -41.61629028320314 4.849999904632568 36.32693815231324
endloop
endfacet
facet normal -0.0 1.0 0.0
outer loop
vertex -41.61629028320314 4.849999904632568 36.32693815231324
vertex -41.61629028320314 4.849999904632568 37.673061847686775
vertex -41.57951660156252 4.849999904632568 36.54968452453614
endloop
endfacet
facet normal 0.0 1.0 0.0
outer loop
vertex -42.40615386962892 4.849999904632568 34.72525691986085
vertex -42.55524749755861 4.849999904632568 37.16023778915406
vertex -42.56048126220705 4.849999904632568 39.43951845169068
endloop
endfacet
facet normal -0.0 1.0 -0.0
outer loop
vertex -42.40615386962892 4.849999904632568 34.72525691986085
vertex -42.56048126220705 4.849999904632568 39.43951845169068
vertex -42.40615386962892 4.849999904632568 39.27474308013917
endloop
endfacet
facet normal 0.0 1.0 -0.0
outer loop
vertex -42.55524749755861 4.849999904632568 37.16023778915406
vertex -42.57096023559572 4.849999904632568 37.3197889328003
vertex -42.56048126220705 4.849999904632568 39.43951845169068
endloop
endfacet
facet normal 0.0 1.0 -0.0
outer loop
vertex -42.57096023559572 4.849999904632568 37.3197889328003
vertex -42.59707565307619 4.849999904632568 37.47797107696534
vertex -42.56048126220705 4.849999904632568 39.43951845169068
endloop
endfacet
facet normal 0.0 1.0 -0.0
outer loop
vertex -42.59707565307619 4.849999904632568 37.47797107696534
vertex -42.633483123779314 4.849999904632568 37.63410663604737
vertex -42.56048126220705 4.849999904632568 39.43951845169068
endloop
endfacet
facet normal -0.0 1.0 0.0
outer loop
vertex -41.57951660156252 4.849999904632568 36.54968452453614
vertex -41.57951660156252 4.849999904632568 37.450315475463874
vertex -41.557387542724626 4.849999904632568 36.774359226226814
endloop
endfacet
facet normal -0.0 1.0 -0.0
outer loop
vertex -41.57951660156252 4.849999904632568 36.54968452453614
vertex -41.61629028320314 4.849999904632568 37.673061847686775
vertex -41.57951660156252 4.849999904632568 37.450315475463874
endloop
endfacet
facet normal -0.0 1.0 -0.0
outer loop
vertex -41.61629028320314 4.849999904632568 36.32693815231324
vertex -41.667555999755876 4.849999904632568 37.89292573928834
vertex -41.61629028320314 4.849999904632568 37.673061847686775
endloop
endfacet
facet normal -0.0 1.0 -0.0
outer loop
vertex -41.8126174926758 4.849999904632568 35.67974209785462
vertex -41.90578765869142 4.849999904632568 38.5258960723877
vertex -41.8126174926758 4.849999904632568 38.320257663726814
endloop
endfacet
facet normal -0.0 0.9999999999999999 -0.0
outer loop
vertex -41.667555999755876 4.849999904632568 36.10707426071168
vertex -41.733092498779314 4.849999904632568 38.10896635055543
vertex -41.667555999755876 4.849999904632568 37.89292573928834
endloop
endfacet
facet normal -0.0 1.0 -0.0
outer loop
vertex -41.733092498779314 4.849999904632568 35.891033887863166
vertex -41.8126174926758 4.849999904632568 38.320257663726814
vertex -41.733092498779314 4.849999904632568 38.10896635055543
endloop
endfacet
facet normal -0.0 0.9999999999999999 0.0
outer loop
vertex -41.557387542724626 4.849999904632568 36.774359226226814
vertex -41.557387542724626 4.849999904632568 37.2256407737732
vertex -41.54999847412111 4.849999904632568 37.00000000000001
endloop
endfacet
facet normal -0.0 1.0 -0.0
outer loop
vertex -41.557387542724626 4.849999904632568 36.774359226226814
vertex -41.57951660156252 4.849999904632568 37.450315475463874
vertex -41.557387542724626 4.849999904632568 37.2256407737732
endloop
endfacet
facet normal -0.0 1.0 -0.0
outer loop
vertex -42.012213897705095 4.849999904632568 35.27500009536744
vertex -42.13143081665041 4.849999904632568 38.91671752929688
vertex -42.012213897705095 4.849999904632568 38.724999904632575
endloop
endfacet
facet normal -0.0 1.0 -0.0
outer loop
vertex -42.26293106079103 4.849999904632568 34.899773120880134
vertex -42.40615386962892 4.849999904632568 39.27474308013917
vertex -42.26293106079103 4.849999904632568 39.10022687911988
endloop
endfacet
facet normal -0.0 1.0 -0.0
outer loop
vertex -42.13143081665041 4.849999904632568 35.08328270912171
vertex -42.26293106079103 4.849999904632568 39.10022687911988
vertex -42.13143081665041 4.849999904632568 38.91671752929688
endloop
endfacet
facet normal -0.0 1.0 -0.0
outer loop
vertex -41.90578765869142 4.849999904632568 35.47410392761231
vertex -42.012213897705095 4.849999904632568 38.724999904632575
vertex -41.90578765869142 4.849999904632568 38.5258960723877
endloop
endfacet
facet normal -0.9108692810437039 0.0 0.4126949876736159
outer loop
vertex -41.90578765869142 4.849999904632568 35.47410392761231
vertex -41.8126174926758 4.849999904632568 35.67974209785462
vertex -41.8126174926758 5.800000190734863 35.67974209785462
endloop
endfacet
facet normal -0.9359053495221586 0.0 0.35225158159447073
outer loop
vertex -41.8126174926758 4.849999904632568 35.67974209785462
vertex -41.733092498779314 4.849999904632568 35.891033887863166
vertex -41.733092498779314 5.800000190734863 35.891033887863166
endloop
endfacet
facet normal -0.9569386519976008 0.0 0.2902902277256585
outer loop
vertex -41.733092498779314 4.849999904632568 35.891033887863166
vertex -41.667555999755876 4.849999904632568 36.10707426071168
vertex -41.667555999755876 5.800000190734863 36.10707426071168
endloop
endfacet
facet normal -0.9738763453074175 0.0 0.22707898196589604
outer loop
vertex -41.667555999755876 4.849999904632568 36.10707426071168
vertex -41.61629028320314 4.849999904632568 36.32693815231324
vertex -41.61629028320314 5.800000190734863 36.32693815231324
endloop
endfacet
facet normal -0.9866446798574025 0.0 0.16288730984666652
outer loop
vertex -41.61629028320314 4.849999904632568 36.32693815231324
vertex -41.57951660156252 4.849999904632568 36.54968452453614
vertex -41.57951660156252 5.800000190734863 36.54968452453614
endloop
endfacet
facet normal -0.9951844967344191 0.0 0.09801947489892529
outer loop
vertex -41.57951660156252 4.849999904632568 36.54968452453614
vertex -41.557387542724626 4.849999904632568 36.774359226226814
vertex -41.557387542724626 5.800000190734863 36.774359226226814
endloop
endfacet
facet normal -0.9951844967344191 0.0 -0.09801947489892529
outer loop
vertex -41.57951660156252 4.849999904632568 37.450315475463874
vertex -41.57951660156252 5.800000190734863 37.450315475463874
vertex -41.557387542724626 4.849999904632568 37.2256407737732
endloop
endfacet
facet normal -0.9994642463730812 0.0 0.03272950078887341
outer loop
vertex -41.557387542724626 4.849999904632568 36.774359226226814
vertex -41.54999847412111 4.849999904632568 37.00000000000001
vertex -41.54999847412111 5.800000190734863 37.00000000000001
endloop
endfacet
facet normal -0.9994642463730812 0.0 -0.03272950078887341
outer loop
vertex -41.54999847412111 4.849999904632568 37.00000000000001
vertex -41.557387542724626 4.849999904632568 37.2256407737732
vertex -41.557387542724626 5.800000190734863 37.2256407737732
endloop
endfacet
facet normal -0.9866446798574025 0.0 -0.16288730984666652
outer loop
vertex -41.57951660156252 4.849999904632568 37.450315475463874
vertex -41.61629028320314 4.849999904632568 37.673061847686775
vertex -41.61629028320314 5.800000190734863 37.673061847686775
endloop
endfacet
facet normal -0.9738763453074175 0.0 -0.22707898196589604
outer loop
vertex -41.61629028320314 4.849999904632568 37.673061847686775
vertex -41.667555999755876 4.849999904632568 37.89292573928834
vertex -41.667555999755876 5.800000190734863 37.89292573928834
endloop
endfacet
facet normal -0.956938740990109 0.0 -0.2902899343626384
outer loop
vertex -41.667555999755876 4.849999904632568 37.89292573928834
vertex -41.733092498779314 4.849999904632568 38.10896635055543
vertex -41.733092498779314 5.800000190734863 38.10896635055543
endloop
endfacet
facet normal 0.352249497747078 0.0 0.9359061338280303
outer loop
vertex -46.320258331298845 4.849999904632568 33.81261563301087
vertex -46.10896606445314 5.800000190734863 33.733090996742256
vertex -46.320258331298845 5.800000190734863 33.81261563301087
endloop
endfacet
facet normal 0.47139600769735646 0.0 0.8819216540753457
outer loop
vertex -46.72500152587892 4.849999904632568 34.01221227645875
vertex -46.52589721679689 5.800000190734863 33.905789017677314
vertex -46.72500152587892 5.800000190734863 34.01221227645875
endloop
endfacet
facet normal 0.5280724399438447 0.0 0.8491993277033104
outer loop
vertex -46.91671676635744 4.849999904632568 34.1314299106598
vertex -46.72500152587892 5.800000190734863 34.01221227645875
vertex -46.91671676635744 5.800000190734863 34.1314299106598
endloop
endfacet
facet normal 0.4127056253223312 0.0 0.9108644612824148
outer loop
vertex -46.52589721679689 4.849999904632568 33.905789017677314
vertex -46.320258331298845 5.800000190734863 33.81261563301087
vertex -46.52589721679689 5.800000190734863 33.905789017677314
endloop
endfacet
facet normal 0.2902829585100577 0.0 0.9569408571059383
outer loop
vertex -46.10896606445314 4.849999904632568 33.733090996742256
vertex -45.892924499511736 5.800000190734863 33.66755592823029
vertex -46.10896606445314 5.800000190734863 33.733090996742256
endloop
endfacet
facet normal 0.2270764779444983 0.0 0.9738769291672957
outer loop
vertex -45.892924499511736 4.849999904632568 33.66755592823029
vertex -45.67306060791017 5.800000190734863 33.616290807724006
vertex -45.892924499511736 5.800000190734863 33.66755592823029
endloop
endfacet
facet normal 0.16289723150230945 0.0 0.9866430418185105
outer loop
vertex -45.67306060791017 4.849999904632568 33.616290807724006
vertex -45.450316619873064 5.800000190734863 33.57951521873475
vertex -45.67306060791017 5.800000190734863 33.616290807724006
endloop
endfacet
facet normal 0.0980170661358169 0.0 0.9951847339796401
outer loop
vertex -45.450316619873064 4.849999904632568 33.57951521873475
vertex -45.22564239501955 5.800000190734863 33.557386755943305
vertex -45.450316619873064 5.800000190734863 33.57951521873475
endloop
endfacet
facet normal 0.032719133583963396 0.0 0.9994645858145825
outer loop
vertex -45.22564239501955 4.849999904632568 33.557386755943305
vertex -44.999999237060564 5.800000190734863 33.54999995231629
vertex -45.22564239501955 5.800000190734863 33.557386755943305
endloop
endfacet
facet normal -0.03271968614703186 0.0 0.9994645677253595
outer loop
vertex -44.999999237060564 4.849999904632568 33.54999995231629
vertex -44.774359893798845 5.800000190734863 33.557386755943305
vertex -44.999999237060564 5.800000190734863 33.54999995231629
endloop
endfacet
facet normal -0.0980170661358169 0.0 0.9951847339796401
outer loop
vertex -44.774359893798845 4.849999904632568 33.557386755943305
vertex -44.54968566894533 5.800000190734863 33.57951521873475
vertex -44.774359893798845 5.800000190734863 33.557386755943305
endloop
endfacet
facet normal -0.1628945158087418 0.0 0.9866434901824648
outer loop
vertex -44.54968566894533 4.849999904632568 33.57951521873475
vertex -44.326937866210955 5.800000190734863 33.616290807724006
vertex -44.54968566894533 5.800000190734863 33.57951521873475
endloop
endfacet
facet normal -0.2270764779444983 0.0 0.9738769291672957
outer loop
vertex -44.326937866210955 4.849999904632568 33.616290807724006
vertex -44.10707397460939 5.800000190734863 33.66755592823029
vertex -44.326937866210955 5.800000190734863 33.616290807724006
endloop
endfacet
facet normal -0.2902829585100577 0.0 0.9569408571059383
outer loop
vertex -44.10707397460939 4.849999904632568 33.66755592823029
vertex -43.891032409667986 5.800000190734863 33.733090996742256
vertex -44.10707397460939 5.800000190734863 33.66755592823029
endloop
endfacet
facet normal -0.0 1.0 -0.0
outer loop
vertex -46.35004730224611 5.800000190734863 33.0228934288025
vertex -46.52589721679689 5.800000190734863 33.905789017677314
vertex -46.08703918457033 5.800000190734863 32.94311153888703
endloop
endfacet
facet normal -0.0 0.9999999999999999 0.0
outer loop
vertex -46.60726852416994 5.800000190734863 33.11970591545106
vertex -46.52589721679689 5.800000190734863 33.905789017677314
vertex -46.35004730224611 5.800000190734863 33.0228934288025
endloop
endfacet
facet normal -0.0 0.9999999999999999 0.0
outer loop
vertex -45.81938095092775 5.800000190734863 32.880701839923866
vertex -45.67306060791017 5.800000190734863 33.616290807724006
vertex -45.54820938110353 5.800000190734863 32.835931599140174
endloop
endfacet
facet normal 0.0 1.0 0.0
outer loop
vertex -45.67306060791017 5.800000190734863 33.616290807724006
vertex -45.274691772460955 5.800000190734863 32.808992505073554
vertex -45.54820938110353 5.800000190734863 32.835931599140174
endloop
endfacet
facet normal 0.0 1.0 0.0
outer loop
vertex -46.10896606445314 5.800000190734863 33.733090996742256
vertex -45.81938095092775 5.800000190734863 32.880701839923866
vertex -46.08703918457033 5.800000190734863 32.94311153888703
endloop
endfacet
facet normal -0.0 1.0 -0.0
outer loop
vertex -45.81938095092775 5.800000190734863 32.880701839923866
vertex -46.10896606445314 5.800000190734863 33.733090996742256
vertex -45.892924499511736 5.800000190734863 33.66755592823029
endloop
endfacet
facet normal -0.0 1.0 -0.0
outer loop
vertex -45.81938095092775 5.800000190734863 32.880701839923866
vertex -45.892924499511736 5.800000190734863 33.66755592823029
vertex -45.67306060791017 5.800000190734863 33.616290807724006
endloop
endfacet
facet normal -0.0 1.0 -0.0
outer loop
vertex -45.274691772460955 5.800000190734863 32.808992505073554
vertex -45.67306060791017 5.800000190734863 33.616290807724006
vertex -45.450316619873064 5.800000190734863 33.57951521873475
endloop
endfacet
facet normal -0.0 1.0 -0.0
outer loop
vertex -46.60726852416994 5.800000190734863 33.11970591545106
vertex -46.72500152587892 5.800000190734863 34.01221227645875
vertex -46.52589721679689 5.800000190734863 33.905789017677314
endloop
endfacet
facet normal -0.0 1.0 -0.0
outer loop
vertex -46.08703918457033 5.800000190734863 32.94311153888703
vertex -46.52589721679689 5.800000190734863 33.905789017677314
vertex -46.320258331298845 5.800000190734863 33.81261563301087
endloop
endfacet
facet normal -0.0 1.0 -0.0
outer loop
vertex -46.08703918457033 5.800000190734863 32.94311153888703
vertex -46.320258331298845 5.800000190734863 33.81261563301087
vertex -46.10896606445314 5.800000190734863 33.733090996742256
endloop
endfacet
facet normal 0.0 1.0 0.0
outer loop
vertex -45.450316619873064 5.800000190734863 33.57951521873475
vertex -44.999999237060564 5.800000190734863 32.800000011920936
vertex -45.274691772460955 5.800000190734863 32.808992505073554
endloop
endfacet
facet normal -0.0 0.9999999999999999 0.0
outer loop
vertex -44.999999237060564 5.800000190734863 32.800000011920936
vertex -44.774359893798845 5.800000190734863 33.557386755943305
vertex -44.72530670166017 5.800000190734863 32.808992505073554
endloop
endfacet
facet normal -0.0 1.0 -0.0
outer loop
vertex -44.999999237060564 5.800000190734863 32.800000011920936
vertex -45.22564239501955 5.800000190734863 33.557386755943305
vertex -44.999999237060564 5.800000190734863 33.54999995231629
endloop
endfacet
facet normal 0.0 1.0 0.0
outer loop
vertex -45.450316619873064 5.800000190734863 33.57951521873475
vertex -45.22564239501955 5.800000190734863 33.557386755943305
vertex -44.999999237060564 5.800000190734863 32.800000011920936
endloop
endfacet
facet normal 0.0 1.0 0.0
outer loop
vertex -44.999999237060564 5.800000190734863 32.800000011920936
vertex -44.999999237060564 5.800000190734863 33.54999995231629
vertex -44.774359893798845 5.800000190734863 33.557386755943305
endloop
endfacet
facet normal 0.0 1.0 0.0
outer loop
vertex -44.774359893798845 5.800000190734863 33.557386755943305
vertex -44.451789093017595 5.800000190734863 32.835931599140174
vertex -44.72530670166017 5.800000190734863 32.808992505073554
endloop
endfacet
facet normal 0.0 1.0 0.0
outer loop
vertex -44.54968566894533 5.800000190734863 33.57951521873475
vertex -44.18062133789064 5.800000190734863 32.880701839923866
vertex -44.451789093017595 5.800000190734863 32.835931599140174
endloop
endfacet
facet normal 0.0 1.0 -0.0
outer loop
vertex -44.451789093017595 5.800000190734863 32.835931599140174
vertex -44.774359893798845 5.800000190734863 33.557386755943305
vertex -44.54968566894533 5.800000190734863 33.57951521873475
endloop
endfacet
facet normal 0.0 1.0 -0.0
outer loop
vertex -44.18062133789064 5.800000190734863 32.880701839923866
vertex -44.54968566894533 5.800000190734863 33.57951521873475
vertex -44.326937866210955 5.800000190734863 33.616290807724006
endloop
endfacet
facet normal -0.0 1.0 0.0
outer loop
vertex -44.18062133789064 5.800000190734863 32.880701839923866
vertex -44.10707397460939 5.800000190734863 33.66755592823029
vertex -43.9129592895508 5.800000190734863 32.94311153888703
endloop
endfacet
facet normal 0.0 1.0 0.0
outer loop
vertex -44.10707397460939 5.800000190734863 33.66755592823029
vertex -43.64995498657228 5.800000190734863 33.0228934288025
vertex -43.9129592895508 5.800000190734863 32.94311153888703
endloop
endfacet
facet normal 0.0 1.0 -0.0
outer loop
vertex -44.18062133789064 5.800000190734863 32.880701839923866
vertex -44.326937866210955 5.800000190734863 33.616290807724006
vertex -44.10707397460939 5.800000190734863 33.66755592823029
endloop
endfacet
facet normal 0.0 1.0 -0.0
outer loop
vertex -43.64995498657228 5.800000190734863 33.0228934288025
vertex -44.10707397460939 5.800000190734863 33.66755592823029
vertex -43.891032409667986 5.800000190734863 33.733090996742256
endloop
endfacet
facet normal -0.35225506829387326 0.0 0.9359040372074898
outer loop
vertex -43.891032409667986 4.849999904632568 33.733090996742256
vertex -43.67974395751955 5.800000190734863 33.81261563301087
vertex -43.891032409667986 5.800000190734863 33.733090996742256
endloop
endfacet
facet normal -0.4127056253223312 0.0 0.9108644612824148
outer loop
vertex -43.67974395751955 4.849999904632568 33.81261563301087
vertex -43.4741050720215 5.800000190734863 33.905789017677314
vertex -43.67974395751955 5.800000190734863 33.81261563301087
endloop
endfacet
facet normal -0.47139600769735646 0.0 0.8819216540753457
outer loop
vertex -43.4741050720215 4.849999904632568 33.905789017677314
vertex -43.27500076293947 5.800000190734863 34.01221227645875
vertex -43.4741050720215 5.800000190734863 33.905789017677314
endloop
endfacet
facet normal -0.5280648627011408 0.0 0.8492040395455177
outer loop
vertex -43.27500076293947 4.849999904632568 34.01221227645875
vertex -43.08328170776369 5.800000190734863 34.1314299106598
vertex -43.27500076293947 5.800000190734863 34.01221227645875
endloop
endfacet
facet normal -0.5824767523952344 0.0 0.8128473613902556
outer loop
vertex -43.08328170776369 4.849999904632568 34.1314299106598
vertex -42.89977188110353 5.800000190734863 34.26293087005616
vertex -43.08328170776369 5.800000190734863 34.1314299106598
endloop
endfacet
facet normal -0.6343966835091333 0.0 0.7730076635794839
outer loop
vertex -42.89977188110353 4.849999904632568 34.26293087005616
vertex -42.72525711059572 5.800000190734863 34.406152725219734
vertex -42.89977188110353 5.800000190734863 34.26293087005616
endloop
endfacet
facet normal -0.6835908854880756 0.0 0.7298653994248724
outer loop
vertex -42.72525711059572 4.849999904632568 34.406152725219734
vertex -42.56048126220705 5.800000190734863 34.56048154830933
vertex -42.72525711059572 5.800000190734863 34.406152725219734
endloop
endfacet
facet normal -0.7298675738471602 0.0 0.6835885638645953
outer loop
vertex -42.56048126220705 4.849999904632568 34.56048154830933
vertex -42.40615386962892 5.800000190734863 34.72525691986085
vertex -42.56048126220705 5.800000190734863 34.56048154830933
endloop
endfacet
facet normal -0.773008142165308 0.0 0.6343961003554003
outer loop
vertex -42.40615386962892 4.849999904632568 34.72525691986085
vertex -42.26293106079103 5.800000190734863 34.899773120880134
vertex -42.40615386962892 5.800000190734863 34.72525691986085
endloop
endfacet
facet normal -0.8128485031170847 0.0 0.5824751591100816
outer loop
vertex -42.26293106079103 4.849999904632568 34.899773120880134
vertex -42.13143081665041 5.800000190734863 35.08328270912171
vertex -42.26293106079103 5.800000190734863 34.899773120880134
endloop
endfacet
facet normal -0.8492033988697645 0.0 0.5280658929982504
outer loop
vertex -42.13143081665041 4.849999904632568 35.08328270912171
vertex -42.012213897705095 5.800000190734863 35.27500009536744
vertex -42.13143081665041 5.800000190734863 35.08328270912171
endloop
endfacet
facet normal -0.8819156966710235 0.0 0.47140715306968267
outer loop
vertex -42.012213897705095 4.849999904632568 35.27500009536744
vertex -41.90578765869142 5.800000190734863 35.47410392761231
vertex -42.012213897705095 5.800000190734863 35.27500009536744
endloop
endfacet
facet normal 0.0 0.9999999999999999 0.0
outer loop
vertex -43.891032409667986 5.800000190734863 33.733090996742256
vertex -43.39272994995119 5.800000190734863 33.11970591545106
vertex -43.64995498657228 5.800000190734863 33.0228934288025
endloop
endfacet
facet normal -0.0 1.0 -0.0
outer loop
vertex -43.39272994995119 5.800000190734863 33.11970591545106
vertex -43.4741050720215 5.800000190734863 33.905789017677314
vertex -43.14238662719728 5.800000190734863 33.23313450813294
endloop
endfacet
facet normal -0.0 1.0 0.0
outer loop
vertex -43.891032409667986 5.800000190734863 33.733090996742256
vertex -43.67974395751955 5.800000190734863 33.81261563301087
vertex -43.39272994995119 5.800000190734863 33.11970591545106
endloop
endfacet
facet normal 0.0 1.0 -0.0
outer loop
vertex -43.39272994995119 5.800000190734863 33.11970591545106
vertex -43.67974395751955 5.800000190734863 33.81261563301087
vertex -43.4741050720215 5.800000190734863 33.905789017677314
endloop
endfacet
facet normal 0.0 1.0 0.0
outer loop
vertex -43.4741050720215 5.800000190734863 33.905789017677314
vertex -42.90000076293947 5.800000190734863 33.36269330978394
vertex -43.14238662719728 5.800000190734863 33.23313450813294
endloop
endfacet
facet normal 0.0 1.0 -0.0
outer loop
vertex -42.90000076293947 5.800000190734863 33.36269330978394
vertex -43.4741050720215 5.800000190734863 33.905789017677314
vertex -43.27500076293947 5.800000190734863 34.01221227645875
endloop
endfacet
facet normal 0.0 1.0 0.0
outer loop
vertex -43.27500076293947 5.800000190734863 34.01221227645875
vertex -42.666606140136736 5.800000190734863 33.50782763957978
vertex -42.90000076293947 5.800000190734863 33.36269330978394
endloop
endfacet
facet normal 0.0 1.0 -0.0
outer loop
vertex -42.666606140136736 5.800000190734863 33.50782763957978
vertex -43.27500076293947 5.800000190734863 34.01221227645875
vertex -43.08328170776369 5.800000190734863 34.1314299106598
endloop
endfacet
facet normal 0.0 0.9999999999999999 -0.0
outer loop
vertex -42.666606140136736 5.800000190734863 33.50782763957978
vertex -43.08328170776369 5.800000190734863 34.1314299106598
vertex -42.89977188110353 5.800000190734863 34.26293087005616
endloop
endfacet
facet normal -0.0 1.0 -0.0
outer loop
vertex -42.666606140136736 5.800000190734863 33.50782763957978
vertex -42.89977188110353 5.800000190734863 34.26293087005616
vertex -42.44320220947267 5.800000190734863 33.667915940284736
endloop
endfacet
facet normal 0.0 1.0 0.0
outer loop
vertex -42.72525711059572 5.800000190734863 34.406152725219734
vertex -42.230746459960955 5.800000190734863 33.842272758483894
vertex -42.44320220947267 5.800000190734863 33.667915940284736
endloop
endfacet
facet normal 0.0 1.0 -0.0
outer loop
vertex -42.44320220947267 5.800000190734863 33.667915940284736
vertex -42.89977188110353 5.800000190734863 34.26293087005616
vertex -42.72525711059572 5.800000190734863 34.406152725219734
endloop
endfacet
facet normal -0.0 1.0 -0.0
outer loop
vertex -42.230746459960955 5.800000190734863 33.842272758483894
vertex -42.56048126220705 5.800000190734863 34.56048154830933
vertex -42.030150604248064 5.800000190734863 34.030151605606086
endloop
endfacet
facet normal 0.0 0.9999999999999999 -0.0
outer loop
vertex -42.230746459960955 5.800000190734863 33.842272758483894
vertex -42.72525711059572 5.800000190734863 34.406152725219734
vertex -42.56048126220705 5.800000190734863 34.56048154830933
endloop
endfacet
facet normal 0.0 0.9999999999999999 -0.0
outer loop
vertex -42.030150604248064 5.800000190734863 34.030151605606086
vertex -42.56048126220705 5.800000190734863 34.56048154830933
vertex -42.40615386962892 5.800000190734863 34.72525691986085
endloop
endfacet
facet normal -0.0 0.9999999999999999 -0.0
outer loop
vertex -42.030150604248064 5.800000190734863 34.030151605606086
vertex -42.40615386962892 5.800000190734863 34.72525691986085
vertex -41.84227294921877 5.800000190734863 34.23074746131898
endloop
endfacet
facet normal -0.0 1.0 0.0
outer loop
vertex -42.40615386962892 5.800000190734863 34.72525691986085
vertex -42.26293106079103 5.800000190734863 34.899773120880134
vertex -41.84227294921877 5.800000190734863 34.23074746131898
endloop
endfacet
facet normal 0.0 1.0 -0.0
outer loop
vertex -41.667914581298845 5.800000190734863 34.4432020187378
vertex -42.26293106079103 5.800000190734863 34.899773120880134
vertex -42.13143081665041 5.800000190734863 35.08328270912171
endloop
endfacet
facet normal -0.0 1.0 -0.0
outer loop
vertex -41.84227294921877 5.800000190734863 34.23074746131898
vertex -42.26293106079103 5.800000190734863 34.899773120880134
vertex -41.667914581298845 5.800000190734863 34.4432020187378
endloop
endfacet
facet normal 0.0 1.0 0.0
outer loop
vertex -42.13143081665041 5.800000190734863 35.08328270912171
vertex -41.507826995849626 5.800000190734863 34.666604995727546
vertex -41.667914581298845 5.800000190734863 34.4432020187378
endloop
endfacet
facet normal 0.0 0.9999999999999999 -0.0
outer loop
vertex -41.507826995849626 5.800000190734863 34.666604995727546
vertex -42.13143081665041 5.800000190734863 35.08328270912171
vertex -42.012213897705095 5.800000190734863 35.27500009536744
endloop
endfacet
facet normal 0.0 1.0 -0.0
outer loop
vertex -41.507826995849626 5.800000190734863 34.666604995727546
vertex -42.012213897705095 5.800000190734863 35.27500009536744
vertex -41.90578765869142 5.800000190734863 35.47410392761231
endloop
endfacet
facet normal -0.0 1.0 -0.0
outer loop
vertex -41.507826995849626 5.800000190734863 34.666604995727546
vertex -41.90578765869142 5.800000190734863 35.47410392761231
vertex -41.36269302368166 5.800000190734863 34.90000009536744
endloop
endfacet
facet normal -0.0 1.0 0.0
outer loop
vertex -41.90578765869142 5.800000190734863 35.47410392761231
vertex -41.8126174926758 5.800000190734863 35.67974209785462
vertex -41.36269302368166 5.800000190734863 34.90000009536744
endloop
endfacet
facet normal 0.0 1.0 0.0
outer loop
vertex -41.8126174926758 5.800000190734863 35.67974209785462
vertex -41.233134460449236 5.800000190734863 35.142387390136726
vertex -41.36269302368166 5.800000190734863 34.90000009536744
endloop
endfacet
facet normal 0.0 1.0 0.0
outer loop
vertex -41.733092498779314 5.800000190734863 35.891033887863166
vertex -41.119704437255876 5.800000190734863 35.39272952079774
vertex -41.233134460449236 5.800000190734863 35.142387390136726
endloop
endfacet
facet normal -0.9108692810437039 0.0 0.4126949876736159
outer loop
vertex -41.90578765869142 4.849999904632568 35.47410392761231
vertex -41.8126174926758 5.800000190734863 35.67974209785462
vertex -41.90578765869142 5.800000190734863 35.47410392761231
endloop
endfacet
facet normal -0.9359053495221586 0.0 0.35225158159447073
outer loop
vertex -41.8126174926758 4.849999904632568 35.67974209785462
vertex -41.733092498779314 5.800000190734863 35.891033887863166
vertex -41.8126174926758 5.800000190734863 35.67974209785462
endloop
endfacet
facet normal -0.9569386519976008 0.0 0.2902902277256585
outer loop
vertex -41.733092498779314 4.849999904632568 35.891033887863166
vertex -41.667555999755876 5.800000190734863 36.10707426071168
vertex -41.733092498779314 5.800000190734863 35.891033887863166
endloop
endfacet
facet normal -0.9738763453074175 0.0 0.22707898196589604
outer loop
vertex -41.667555999755876 4.849999904632568 36.10707426071168
vertex -41.61629028320314 5.800000190734863 36.32693815231324
vertex -41.667555999755876 5.800000190734863 36.10707426071168
endloop
endfacet
facet normal -0.9866446798574025 0.0 0.16288730984666652
outer loop
vertex -41.61629028320314 4.849999904632568 36.32693815231324
vertex -41.57951660156252 5.800000190734863 36.54968452453614
vertex -41.61629028320314 5.800000190734863 36.32693815231324
endloop
endfacet
facet normal -0.9951844967344191 0.0 0.09801947489892529
outer loop
vertex -41.57951660156252 4.849999904632568 36.54968452453614
vertex -41.557387542724626 5.800000190734863 36.774359226226814
vertex -41.57951660156252 5.800000190734863 36.54968452453614
endloop
endfacet
facet normal -0.9994642463730812 0.0 0.03272950078887341
outer loop
vertex -41.557387542724626 4.849999904632568 36.774359226226814
vertex -41.54999847412111 5.800000190734863 37.00000000000001
vertex -41.557387542724626 5.800000190734863 36.774359226226814
endloop
endfacet
facet normal -0.9866446798574025 0.0 -0.16288730984666652
outer loop
vertex -41.57951660156252 4.849999904632568 37.450315475463874
vertex -41.61629028320314 5.800000190734863 37.673061847686775
vertex -41.57951660156252 5.800000190734863 37.450315475463874
endloop
endfacet
facet normal -0.9994642463730812 0.0 -0.03272950078887341
outer loop
vertex -41.54999847412111 4.849999904632568 37.00000000000001
vertex -41.557387542724626 5.800000190734863 37.2256407737732
vertex -41.54999847412111 5.800000190734863 37.00000000000001
endloop
endfacet
facet normal -0.9951844967344191 0.0 -0.09801947489892529
outer loop
vertex -41.557387542724626 4.849999904632568 37.2256407737732
vertex -41.57951660156252 5.800000190734863 37.450315475463874
vertex -41.557387542724626 5.800000190734863 37.2256407737732
endloop
endfacet
facet normal -0.9738763453074175 0.0 -0.22707898196589604
outer loop
vertex -41.61629028320314 4.849999904632568 37.673061847686775
vertex -41.667555999755876 5.800000190734863 37.89292573928834
vertex -41.61629028320314 5.800000190734863 37.673061847686775
endloop
endfacet
facet normal -0.956938740990109 0.0 -0.2902899343626384
outer loop
vertex -41.667555999755876 4.849999904632568 37.89292573928834
vertex -41.733092498779314 5.800000190734863 38.10896635055543
vertex -41.667555999755876 5.800000190734863 37.89292573928834
endloop
endfacet
facet normal -0.9359050874465581 0.0 -0.3522522779083911
outer loop
vertex -41.733092498779314 4.849999904632568 38.10896635055543
vertex -41.8126174926758 5.800000190734863 38.320257663726814
vertex -41.733092498779314 5.800000190734863 38.10896635055543
endloop
endfacet
facet normal 0.0 1.0 -0.0
outer loop
vertex -41.233134460449236 5.800000190734863 35.142387390136726
vertex -41.8126174926758 5.800000190734863 35.67974209785462
vertex -41.733092498779314 5.800000190734863 35.891033887863166
endloop
endfacet
facet normal 0.0 1.0 -0.0
outer loop
vertex -41.119704437255876 5.800000190734863 35.39272952079774
vertex -41.733092498779314 5.800000190734863 35.891033887863166
vertex -41.667555999755876 5.800000190734863 36.10707426071168
endloop
endfacet
facet normal -0.0 1.0 -0.0
outer loop
vertex -41.119704437255876 5.800000190734863 35.39272952079774
vertex -41.667555999755876 5.800000190734863 36.10707426071168
vertex -41.022895050048845 5.800000190734863 35.64995431900025
endloop
endfacet
facet normal 0.0 1.0 0.0
outer loop
vertex -41.61629028320314 5.800000190734863 36.32693815231324
vertex -40.9431106567383 5.800000190734863 35.91296005249024
vertex -41.022895050048845 5.800000190734863 35.64995431900025
endloop
endfacet
facet normal -0.0 0.9999999999999999 0.0
outer loop
vertex -41.667555999755876 5.800000190734863 36.10707426071168
vertex -41.61629028320314 5.800000190734863 36.32693815231324
vertex -41.022895050048845 5.800000190734863 35.64995431900025
endloop
endfacet
facet normal 0.0 1.0 -0.0
outer loop
vertex -40.9431106567383 5.800000190734863 35.91296005249024
vertex -41.61629028320314 5.800000190734863 36.32693815231324
vertex -41.57951660156252 5.800000190734863 36.54968452453614
endloop
endfacet
facet normal 0.0 1.0 -0.0
outer loop
vertex -40.9431106567383 5.800000190734863 35.91296005249024
vertex -41.57951660156252 5.800000190734863 36.54968452453614
vertex -41.557387542724626 5.800000190734863 36.774359226226814
endloop
endfacet
facet normal -0.0 1.0 0.0
outer loop
vertex -40.9431106567383 5.800000190734863 35.91296005249024
vertex -40.8359329223633 5.800000190734863 36.45178985595704
vertex -40.88070220947267 5.800000190734863 36.18062114715577
endloop
endfacet
facet normal -0.0 1.0 -0.0
outer loop
vertex -40.9431106567383 5.800000190734863 35.91296005249024
vertex -41.54999847412111 5.800000190734863 37.00000000000001
vertex -40.8359329223633 5.800000190734863 36.45178985595704
endloop
endfacet
facet normal 0.0 1.0 -0.0
outer loop
vertex -40.9431106567383 5.800000190734863 35.91296005249024
vertex -41.557387542724626 5.800000190734863 36.774359226226814
vertex -41.54999847412111 5.800000190734863 37.00000000000001
endloop
endfacet
facet normal 0.0 1.0 0.0
outer loop
vertex -41.557387542724626 5.800000190734863 37.2256407737732
vertex -40.808993530273455 5.800000190734863 36.72530698776246
vertex -40.8359329223633 5.800000190734863 36.45178985595704
endloop
endfacet
facet normal 0.0 1.0 0.0
outer loop
vertex -40.8359329223633 5.800000190734863 36.45178985595704
vertex -41.54999847412111 5.800000190734863 37.00000000000001
vertex -41.557387542724626 5.800000190734863 37.2256407737732
endloop
endfacet
facet normal 0.0 1.0 0.0
outer loop
vertex -40.808993530273455 5.800000190734863 36.72530698776246
vertex -41.557387542724626 5.800000190734863 37.2256407737732
vertex -41.57951660156252 5.800000190734863 37.450315475463874
endloop
endfacet
facet normal 0.0 0.9999999999999999 0.0
outer loop
vertex -41.57951660156252 5.800000190734863 37.450315475463874
vertex -40.79999847412111 5.800000190734863 37.00000000000001
vertex -40.808993530273455 5.800000190734863 36.72530698776246
endloop
endfacet
facet normal -0.0 1.0 -0.0
outer loop
vertex -41.57951660156252 5.800000190734863 37.450315475463874
vertex -41.61629028320314 5.800000190734863 37.673061847686775
vertex -40.79999847412111 5.800000190734863 37.00000000000001
endloop
endfacet
facet normal -0.0 1.0 -0.0
outer loop
vertex -47.36651916503908 4.849999904632568 37.63410663604737
vertex -47.43951721191408 4.849999904632568 39.43951845169068
vertex -47.319979858398455 4.849999904632568 37.787526607513435
endloop
endfacet
facet normal -0.0 1.0 -0.0
outer loop
vertex -47.319979858398455 4.849999904632568 37.787526607513435
vertex -47.43951721191408 4.849999904632568 39.43951845169068
vertex -47.263503265380876 4.849999904632568 37.93757438659669
endloop
endfacet
facet normal 0.0 1.0 -0.0
outer loop
vertex -47.42903823852541 4.849999904632568 37.3197889328003
vertex -47.59384841918947 4.849999904632568 39.27474308013917
vertex -47.43951721191408 4.849999904632568 39.43951845169068
endloop
endfacet
facet normal -0.0 1.0 -0.0
outer loop
vertex -47.263503265380876 4.849999904632568 37.93757438659669
vertex -47.27474136352541 4.849999904632568 39.59384727478028
vertex -47.19733734130861 4.849999904632568 38.08360719680787
endloop
endfacet
facet normal -0.0 1.0 -0.0
outer loop
vertex -47.19733734130861 4.849999904632568 38.08360719680787
vertex -47.27474136352541 4.849999904632568 39.59384727478028
vertex -47.12176055908205 4.849999904632568 38.224999904632575
endloop
endfacet
facet normal -0.0 1.0 -0.0
outer loop
vertex -47.12176055908205 4.849999904632568 38.224999904632575
vertex -47.27474136352541 4.849999904632568 39.59384727478028
vertex -47.03710098266603 4.849999904632568 38.36114692687989
endloop
endfacet
facet normal -0.0 1.0 -0.0
outer loop
vertex -47.03710098266603 4.849999904632568 38.36114692687989
vertex -47.100226593017595 4.849999904632568 39.737069129943855
vertex -46.94371719360353 4.849999904632568 38.49146556854249
endloop
endfacet
facet normal 0.0 1.0 -0.0
outer loop
vertex -47.263503265380876 4.849999904632568 37.93757438659669
vertex -47.43951721191408 4.849999904632568 39.43951845169068
vertex -47.27474136352541 4.849999904632568 39.59384727478028
endloop
endfacet
facet normal 0.0 1.0 -0.0
outer loop
vertex -47.03710098266603 4.849999904632568 38.36114692687989
vertex -47.27474136352541 4.849999904632568 39.59384727478028
vertex -47.100226593017595 4.849999904632568 39.737069129943855
endloop
endfacet
facet normal 0.9108631090452805 0.0 -0.4127086097725193
outer loop
vertex -48.187384796142595 4.849999904632568 38.320257663726814
vertex -48.187384796142595 5.800000190734863 38.320257663726814
vertex -48.094210815429705 4.849999904632568 38.5258960723877
endloop
endfacet
facet normal 0.8819227213774213 0.0 -0.47139401090620886
outer loop
vertex -48.094210815429705 4.849999904632568 38.5258960723877
vertex -48.094210815429705 5.800000190734863 38.5258960723877
vertex -47.9877883911133 4.849999904632568 38.724999904632575
endloop
endfacet
facet normal 0.8492036933566585 0.0 -0.5280654194220735
outer loop
vertex -47.9877883911133 4.849999904632568 38.724999904632575
vertex -47.9877883911133 5.800000190734863 38.724999904632575
vertex -47.868571472167986 4.849999904632568 38.91671752929688
endloop
endfacet
facet normal 0.8128401446627259 0.0 -0.5824868232197866
outer loop
vertex -47.868571472167986 4.849999904632568 38.91671752929688
vertex -47.868571472167986 5.800000190734863 38.91671752929688
vertex -47.737067413330095 4.849999904632568 39.10022687911988
endloop
endfacet
facet normal 0.7730164283415923 0.0 -0.6343860035609296
outer loop
vertex -47.737067413330095 4.849999904632568 39.10022687911988
vertex -47.737067413330095 5.800000190734863 39.10022687911988
vertex -47.59384841918947 4.849999904632568 39.27474308013917
endloop
endfacet
facet normal 0.7298591434400244 0.0 -0.6835975648998421
outer loop
vertex -47.59384841918947 4.849999904632568 39.27474308013917
vertex -47.59384841918947 5.800000190734863 39.27474308013917
vertex -47.43951721191408 4.849999904632568 39.43951845169068
endloop
endfacet
facet normal 0.6835908854880756 0.0 -0.7298653994248724
outer loop
vertex -47.43951721191408 4.849999904632568 39.43951845169068
vertex -47.43951721191408 5.800000190734863 39.43951845169068
vertex -47.27474136352541 4.849999904632568 39.59384727478028
endloop
endfacet
facet normal 0.6343966835091333 0.0 -0.7730076635794839
outer loop
vertex -47.27474136352541 4.849999904632568 39.59384727478028
vertex -47.27474136352541 5.800000190734863 39.59384727478028
vertex -47.100226593017595 4.849999904632568 39.737069129943855
endloop
endfacet
facet normal 0.5824774501573251 0.0 -0.8128468613817862
outer loop
vertex -47.100226593017595 4.849999904632568 39.737069129943855
vertex -47.100226593017595 5.800000190734863 39.737069129943855
vertex -46.91671676635744 4.849999904632568 39.868570327758796
endloop
endfacet
facet normal 0.9359050874465581 0.0 -0.3522522779083911
outer loop
vertex -48.26690979003908 5.800000190734863 38.10896635055543
vertex -48.187384796142595 5.800000190734863 38.320257663726814
vertex -48.187384796142595 4.849999904632568 38.320257663726814
endloop
endfacet
facet normal 0.9108631090452805 0.0 -0.4127086097725193
outer loop
vertex -48.094210815429705 4.849999904632568 38.5258960723877
vertex -48.187384796142595 5.800000190734863 38.320257663726814
vertex -48.094210815429705 5.800000190734863 38.5258960723877
endloop
endfacet
facet normal 0.8819227213774213 0.0 -0.47139401090620886
outer loop
vertex -47.9877883911133 4.849999904632568 38.724999904632575
vertex -48.094210815429705 5.800000190734863 38.5258960723877
vertex -47.9877883911133 5.800000190734863 38.724999904632575
endloop
endfacet
facet normal 0.8492036933566585 0.0 -0.5280654194220735
outer loop
vertex -47.868571472167986 4.849999904632568 38.91671752929688
vertex -47.9877883911133 5.800000190734863 38.724999904632575
vertex -47.868571472167986 5.800000190734863 38.91671752929688
endloop
endfacet
facet normal 0.8128401446627259 0.0 -0.5824868232197866
outer loop
vertex -47.737067413330095 4.849999904632568 39.10022687911988
vertex -47.868571472167986 5.800000190734863 38.91671752929688
vertex -47.737067413330095 5.800000190734863 39.10022687911988
endloop
endfacet
facet normal 0.7730164283415923 0.0 -0.6343860035609296
outer loop
vertex -47.59384841918947 4.849999904632568 39.27474308013917
vertex -47.737067413330095 5.800000190734863 39.10022687911988
vertex -47.59384841918947 5.800000190734863 39.27474308013917
endloop
endfacet
facet normal 0.7298591434400244 0.0 -0.6835975648998421
outer loop
vertex -47.43951721191408 4.849999904632568 39.43951845169068
vertex -47.59384841918947 5.800000190734863 39.27474308013917
vertex -47.43951721191408 5.800000190734863 39.43951845169068
endloop
endfacet
facet normal 0.6835908854880756 0.0 -0.7298653994248724
outer loop
vertex -47.27474136352541 4.849999904632568 39.59384727478028
vertex -47.43951721191408 5.800000190734863 39.43951845169068
vertex -47.27474136352541 5.800000190734863 39.59384727478028
endloop
endfacet
facet normal 0.6343966835091333 0.0 -0.7730076635794839
outer loop
vertex -47.100226593017595 4.849999904632568 39.737069129943855
vertex -47.27474136352541 5.800000190734863 39.59384727478028
vertex -47.100226593017595 5.800000190734863 39.737069129943855
endloop
endfacet
facet normal 0.5824774501573251 0.0 -0.8128468613817862
outer loop
vertex -47.100226593017595 5.800000190734863 39.737069129943855
vertex -46.91671676635744 5.800000190734863 39.868570327758796
vertex -46.91671676635744 4.849999904632568 39.868570327758796
endloop
endfacet
facet normal -0.0 1.0 -0.0
outer loop
vertex -48.187384796142595 5.800000190734863 38.320257663726814
vertex -49.20000000000002 5.800000190734863 43.291018486022956
vertex -48.094210815429705 5.800000190734863 38.5258960723877
endloop
endfacet
facet normal -0.0 1.0 -0.0
outer loop
vertex -48.094210815429705 5.800000190734863 38.5258960723877
vertex -49.20000000000002 5.800000190734863 43.291018486022956
vertex -47.9877883911133 5.800000190734863 38.724999904632575
endloop
endfacet
facet normal -0.0 1.0 -0.0
outer loop
vertex -47.9877883911133 5.800000190734863 38.724999904632575
vertex -49.20000000000002 5.800000190734863 43.291018486022956
vertex -47.868571472167986 5.800000190734863 38.91671752929688
endloop
endfacet
facet normal -0.0 1.0 -0.0
outer loop
vertex -47.868571472167986 5.800000190734863 38.91671752929688
vertex -49.20000000000002 5.800000190734863 43.291018486022956
vertex -47.737067413330095 5.800000190734863 39.10022687911988
endloop
endfacet
facet normal -0.0 1.0 -0.0
outer loop
vertex -47.737067413330095 5.800000190734863 39.10022687911988
vertex -49.20000000000002 5.800000190734863 43.291018486022956
vertex -47.59384841918947 5.800000190734863 39.27474308013917
endloop
endfacet
facet normal -0.0 1.0 -0.0
outer loop
vertex -47.59384841918947 5.800000190734863 39.27474308013917
vertex -49.20000000000002 5.800000190734863 43.291018486022956
vertex -47.43951721191408 5.800000190734863 39.43951845169068
endloop
endfacet
facet normal -0.0 1.0 -0.0
outer loop
vertex -47.43951721191408 5.800000190734863 39.43951845169068
vertex -49.20000000000002 5.800000190734863 43.291018486022956
vertex -47.27474136352541 5.800000190734863 39.59384727478028
endloop
endfacet
facet normal -0.0 1.0 -0.0
outer loop
vertex -47.27474136352541 5.800000190734863 39.59384727478028
vertex -49.20000000000002 5.800000190734863 43.291018486022956
vertex -47.100226593017595 5.800000190734863 39.737069129943855
endloop
endfacet
facet normal -0.0 0.9999999999999999 -0.0
outer loop
vertex -47.100226593017595 5.800000190734863 39.737069129943855
vertex -49.20000000000002 5.800000190734863 43.291018486022956
vertex -46.91671676635744 5.800000190734863 39.868570327758796
endloop
endfacet
facet normal 0.0 0.9999999999999999 0.0
outer loop
vertex -49.20000000000002 5.800000190734863 43.291018486022956
vertex -46.72500152587892 5.800000190734863 39.98778772354127
vertex -46.91671676635744 5.800000190734863 39.868570327758796
endloop
endfacet
facet normal 0.0 1.0 0.0
outer loop
vertex -49.20000000000002 5.800000190734863 43.291018486022956
vertex -46.52589721679689 5.800000190734863 40.09421062469483
vertex -46.72500152587892 5.800000190734863 39.98778772354127
endloop
endfacet
facet normal 0.0 1.0 0.0
outer loop
vertex -49.20000000000002 5.800000190734863 43.291018486022956
vertex -46.320258331298845 5.800000190734863 40.18738460540772
vertex -46.52589721679689 5.800000190734863 40.09421062469483
endloop
endfacet
facet normal 0.0 1.0 0.0
outer loop
vertex -49.20000000000002 5.800000190734863 43.291018486022956
vertex -46.10896606445314 5.800000190734863 40.26690864562989
vertex -46.320258331298845 5.800000190734863 40.18738460540772
endloop
endfacet
facet normal 0.0 1.0 0.0
outer loop
vertex -49.20000000000002 5.800000190734863 43.291018486022956
vertex -45.892924499511736 5.800000190734863 40.33244419097901
vertex -46.10896606445314 5.800000190734863 40.26690864562989
endloop
endfacet
facet normal 0.0 1.0 0.0
outer loop
vertex -47.100226593017595 4.849999904632568 39.737069129943855
vertex -46.84200592041017 4.849999904632568 38.61539745330811
vertex -46.94371719360353 4.849999904632568 38.49146556854249
endloop
endfacet
facet normal -0.0 1.0 -0.0
outer loop
vertex -46.84200592041017 4.849999904632568 38.61539745330811
vertex -46.91671676635744 4.849999904632568 39.868570327758796
vertex -46.73241348266603 4.849999904632568 38.73241138458253
endloop
endfacet
facet normal -0.0 1.0 -0.0
outer loop
vertex -46.73241348266603 4.849999904632568 38.73241138458253
vertex -46.91671676635744 4.849999904632568 39.868570327758796
vertex -46.615397644042986 4.849999904632568 38.84200763702393
endloop
endfacet
facet normal -0.0 0.9999999999999999 -0.0
outer loop
vertex -46.615397644042986 4.849999904632568 38.84200763702393
vertex -46.72500152587892 4.849999904632568 39.98778772354127
vertex -46.49146575927736 4.849999904632568 38.943715572357185
endloop
endfacet
facet normal -0.0 1.0 0.0
outer loop
vertex -47.100226593017595 4.849999904632568 39.737069129943855
vertex -46.91671676635744 4.849999904632568 39.868570327758796
vertex -46.84200592041017 4.849999904632568 38.61539745330811
endloop
endfacet
facet normal -0.0 1.0 -0.0
outer loop
vertex -46.49146575927736 4.849999904632568 38.943715572357185
vertex -46.52589721679689 4.849999904632568 40.09421062469483
vertex -46.36114807128908 4.849999904632568 39.037100315094
endloop
endfacet
facet normal -0.0 1.0 -0.0
outer loop
vertex -46.36114807128908 4.849999904632568 39.037100315094
vertex -46.52589721679689 4.849999904632568 40.09421062469483
vertex -46.22500152587892 4.849999904632568 39.12176227569581
endloop
endfacet
facet normal -0.0 1.0 -0.0
outer loop
vertex -46.22500152587892 4.849999904632568 39.12176227569581
vertex -46.320258331298845 4.849999904632568 40.18738460540772
vertex -46.08360595703127 4.849999904632568 39.197338104248054
endloop
endfacet
facet normal 0.0 0.9999999999999999 -0.0
outer loop
vertex -46.615397644042986 4.849999904632568 38.84200763702393
vertex -46.91671676635744 4.849999904632568 39.868570327758796
vertex -46.72500152587892 4.849999904632568 39.98778772354127
endloop
endfacet
facet normal 0.0 1.0 -0.0
outer loop
vertex -46.49146575927736 4.849999904632568 38.943715572357185
vertex -46.72500152587892 4.849999904632568 39.98778772354127
vertex -46.52589721679689 4.849999904632568 40.09421062469483
endloop
endfacet
facet normal 0.0 1.0 -0.0
outer loop
vertex -46.22500152587892 4.849999904632568 39.12176227569581
vertex -46.52589721679689 4.849999904632568 40.09421062469483
vertex -46.320258331298845 4.849999904632568 40.18738460540772
endloop
endfacet
facet normal -0.0 1.0 -0.0
outer loop
vertex -46.08360595703127 4.849999904632568 39.197338104248054
vertex -46.10896606445314 4.849999904632568 40.26690864562989
vertex -45.937575531005876 4.849999904632568 39.263504981994636
endloop
endfacet
facet normal -0.0 1.0 -0.0
outer loop
vertex -45.937575531005876 4.849999904632568 39.263504981994636
vertex -46.10896606445314 4.849999904632568 40.26690864562989
vertex -45.78752822875978 4.849999904632568 39.319978713989265
endloop
endfacet
facet normal 0.0 0.9999999999999999 -0.0
outer loop
vertex -46.08360595703127 4.849999904632568 39.197338104248054
vertex -46.320258331298845 4.849999904632568 40.18738460540772
vertex -46.10896606445314 4.849999904632568 40.26690864562989
endloop
endfacet
facet normal -0.0 0.9999999999999999 -0.0
outer loop
vertex -45.78752822875978 4.849999904632568 39.319978713989265
vertex -45.892924499511736 4.849999904632568 40.33244419097901
vertex -45.63410491943361 4.849999904632568 39.36651849746705
endloop
endfacet
facet normal -0.0 1.0 -0.0
outer loop
vertex -45.63410491943361 4.849999904632568 39.36651849746705
vertex -45.67306060791017 4.849999904632568 40.38370895385743
vertex -45.477973175048845 4.849999904632568 39.40292406082154
endloop
endfacet
facet normal -0.0 1.0 -0.0
outer loop
vertex -45.477973175048845 4.849999904632568 39.40292406082154
vertex -45.67306060791017 4.849999904632568 40.38370895385743
vertex -45.31978912353517 4.849999904632568 39.42903995513917
endloop
endfacet
facet normal 0.0 1.0 -0.0
outer loop
vertex -45.78752822875978 4.849999904632568 39.319978713989265
vertex -46.10896606445314 4.849999904632568 40.26690864562989
vertex -45.892924499511736 4.849999904632568 40.33244419097901
endloop
endfacet
facet normal 0.0 1.0 -0.0
outer loop
vertex -45.63410491943361 4.849999904632568 39.36651849746705
vertex -45.892924499511736 4.849999904632568 40.33244419097901
vertex -45.67306060791017 4.849999904632568 40.38370895385743
endloop
endfacet
facet normal 0.0 1.0 -0.0
outer loop
vertex -45.31978912353517 4.849999904632568 39.42903995513917
vertex -45.67306060791017 4.849999904632568 40.38370895385743
vertex -45.450316619873064 4.849999904632568 40.42048454284669
endloop
endfacet
facet normal -0.0 0.9999999999999999 -0.0
outer loop
vertex -45.31978912353517 4.849999904632568 39.42903995513917
vertex -45.450316619873064 4.849999904632568 40.42048454284669
vertex -45.16023941040041 4.849999904632568 39.44475412368775
endloop
endfacet
facet normal -0.0 1.0 0.0
outer loop
vertex -45.16023941040041 4.849999904632568 39.44475412368775
vertex -44.999999237060564 4.849999904632568 40.449999809265144
vertex -44.999999237060564 4.849999904632568 39.449999809265144
endloop
endfacet
facet normal -0.0 1.0 0.0
outer loop
vertex -44.999999237060564 4.849999904632568 39.449999809265144
vertex -44.999999237060564 4.849999904632568 40.449999809265144
vertex -44.839762878417986 4.849999904632568 39.44475412368775
endloop
endfacet
facet normal -0.0 1.0 0.0
outer loop
vertex -44.839762878417986 4.849999904632568 39.44475412368775
vertex -44.774359893798845 4.849999904632568 40.44261360168458
vertex -44.680209350585955 4.849999904632568 39.42903995513917
endloop
endfacet
facet normal 0.0 1.0 -0.0
outer loop
vertex -45.16023941040041 4.849999904632568 39.44475412368775
vertex -45.450316619873064 4.849999904632568 40.42048454284669
vertex -45.22564239501955 4.849999904632568 40.44261360168458
endloop
endfacet
facet normal 0.0 1.0 -0.0
outer loop
vertex -45.16023941040041 4.849999904632568 39.44475412368775
vertex -45.22564239501955 4.849999904632568 40.44261360168458
vertex -44.999999237060564 4.849999904632568 40.449999809265144
endloop
endfacet
facet normal -0.0 1.0 -0.0
outer loop
vertex -44.839762878417986 4.849999904632568 39.44475412368775
vertex -44.999999237060564 4.849999904632568 40.449999809265144
vertex -44.774359893798845 4.849999904632568 40.44261360168458
endloop
endfacet
facet normal -0.0 1.0 -0.0
outer loop
vertex -44.680209350585955 4.849999904632568 39.42903995513917
vertex -44.774359893798845 4.849999904632568 40.44261360168458
vertex -44.54968566894533 4.849999904632568 40.42048454284669
endloop
endfacet
facet normal -0.0 0.9999999999999999 0.0
outer loop
vertex -44.36589355468752 4.849999904632568 39.36651849746705
vertex -44.326937866210955 4.849999904632568 40.38370895385743
vertex -44.21247406005861 4.849999904632568 39.319978713989265
endloop
endfacet
facet normal -0.0 0.9999999999999999 0.0
outer loop
vertex -44.680209350585955 4.849999904632568 39.42903995513917
vertex -44.54968566894533 4.849999904632568 40.42048454284669
vertex -44.52202911376955 4.849999904632568 39.40292406082154
endloop
endfacet
facet normal 0.0 1.0 0.0
outer loop
vertex -44.36589355468752 4.849999904632568 39.36651849746705
vertex -44.52202911376955 4.849999904632568 39.40292406082154
vertex -44.54968566894533 4.849999904632568 40.42048454284669
endloop
endfacet
facet normal -0.0 1.0 0.0
outer loop
vertex -44.21247406005861 4.849999904632568 39.319978713989265
vertex -44.10707397460939 4.849999904632568 40.33244419097901
vertex -44.06242675781252 4.849999904632568 39.263504981994636
endloop
endfacet
facet normal 0.0 1.0 -0.0
outer loop
vertex -43.91639251708986 4.849999904632568 39.197338104248054
vertex -44.06242675781252 4.849999904632568 39.263504981994636
vertex -43.891032409667986 4.849999904632568 40.26690864562989
endloop
endfacet
facet normal -0.0 0.9999999999999999 -0.0
outer loop
vertex -44.36589355468752 4.849999904632568 39.36651849746705
vertex -44.54968566894533 4.849999904632568 40.42048454284669
vertex -44.326937866210955 4.849999904632568 40.38370895385743
endloop
endfacet
facet normal -0.0 1.0 -0.0
outer loop
vertex -44.21247406005861 4.849999904632568 39.319978713989265
vertex -44.326937866210955 4.849999904632568 40.38370895385743
vertex -44.10707397460939 4.849999904632568 40.33244419097901
endloop
endfacet
facet normal -0.0 0.9999999999999999 -0.0
outer loop
vertex -44.06242675781252 4.849999904632568 39.263504981994636
vertex -44.10707397460939 4.849999904632568 40.33244419097901
vertex -43.891032409667986 4.849999904632568 40.26690864562989
endloop
endfacet
facet normal 0.5280716783687291 0.0 -0.8491998012863836
outer loop
vertex -46.91671676635744 4.849999904632568 39.868570327758796
vertex -46.91671676635744 5.800000190734863 39.868570327758796
vertex -46.72500152587892 4.849999904632568 39.98778772354127
endloop
endfacet
facet normal 0.47139477561085397 0.0 -0.8819223126368856
outer loop
vertex -46.72500152587892 4.849999904632568 39.98778772354127
vertex -46.72500152587892 5.800000190734863 39.98778772354127
vertex -46.52589721679689 4.849999904632568 40.09421062469483
endloop
endfacet
facet normal 0.4127078157828313 0.0 -0.9108634687985705
outer loop
vertex -46.52589721679689 4.849999904632568 40.09421062469483
vertex -46.52589721679689 5.800000190734863 40.09421062469483
vertex -46.320258331298845 4.849999904632568 40.18738460540772
endloop
endfacet
facet normal 0.352247185181866 0.0 -0.93590700421113
outer loop
vertex -46.320258331298845 4.849999904632568 40.18738460540772
vertex -46.320258331298845 5.800000190734863 40.18738460540772
vertex -46.10896606445314 4.849999904632568 40.26690864562989
endloop
endfacet
facet normal 0.29028489264900087 0.0 -0.9569402703929635
outer loop
vertex -46.10896606445314 4.849999904632568 40.26690864562989
vertex -46.10896606445314 5.800000190734863 40.26690864562989
vertex -45.892924499511736 4.849999904632568 40.33244419097901
endloop
endfacet
facet normal 0.2270749755294979 0.0 -0.9738772794804681
outer loop
vertex -45.892924499511736 4.849999904632568 40.33244419097901
vertex -45.892924499511736 5.800000190734863 40.33244419097901
vertex -45.67306060791017 4.849999904632568 40.38370895385743
endloop
endfacet
facet normal 0.16289723150230945 0.0 -0.9866430418185105
outer loop
vertex -45.67306060791017 4.849999904632568 40.38370895385743
vertex -45.67306060791017 5.800000190734863 40.38370895385743
vertex -45.450316619873064 4.849999904632568 40.42048454284669
endloop
endfacet
facet normal 0.09801968093174256 0.0 -0.9951844764414483
outer loop
vertex -45.450316619873064 4.849999904632568 40.42048454284669
vertex -45.450316619873064 5.800000190734863 40.42048454284669
vertex -45.22564239501955 4.849999904632568 40.44261360168458
endloop
endfacet
facet normal 0.03271649627978992 0.0 -0.9994646721476326
outer loop
vertex -45.22564239501955 4.849999904632568 40.44261360168458
vertex -45.22564239501955 5.800000190734863 40.44261360168458
vertex -44.999999237060564 4.849999904632568 40.449999809265144
endloop
endfacet
facet normal -0.032717048798414854 0.0 -0.9994646540613239
outer loop
vertex -44.999999237060564 4.849999904632568 40.449999809265144
vertex -44.999999237060564 5.800000190734863 40.449999809265144
vertex -44.774359893798845 4.849999904632568 40.44261360168458
endloop
endfacet
facet normal -0.09801968093174256 0.0 -0.9951844764414483
outer loop
vertex -44.774359893798845 4.849999904632568 40.44261360168458
vertex -44.774359893798845 5.800000190734863 40.44261360168458
vertex -44.54968566894533 4.849999904632568 40.42048454284669
endloop
endfacet
facet normal -0.1628945158087418 0.0 -0.9866434901824648
outer loop
vertex -44.326937866210955 4.849999904632568 40.38370895385743
vertex -44.54968566894533 4.849999904632568 40.42048454284669
vertex -44.54968566894533 5.800000190734863 40.42048454284669
endloop
endfacet
facet normal -0.2270749755294979 0.0 -0.9738772794804681
outer loop
vertex -44.326937866210955 4.849999904632568 40.38370895385743
vertex -44.326937866210955 5.800000190734863 40.38370895385743
vertex -44.10707397460939 4.849999904632568 40.33244419097901
endloop
endfacet
facet normal -0.29028489264900087 0.0 -0.9569402703929635
outer loop
vertex -44.10707397460939 4.849999904632568 40.33244419097901
vertex -44.10707397460939 5.800000190734863 40.33244419097901
vertex -43.891032409667986 4.849999904632568 40.26690864562989
endloop
endfacet
facet normal 0.0 1.0 0.0
outer loop
vertex -42.633483123779314 4.849999904632568 37.63410663604737
vertex -42.68002243041994 4.849999904632568 37.787526607513435
vertex -42.72525711059572 4.849999904632568 39.59384727478028
endloop
endfacet
facet normal 0.0 1.0 -0.0
outer loop
vertex -42.68002243041994 4.849999904632568 37.787526607513435
vertex -42.73649520874025 4.849999904632568 37.93757438659669
vertex -42.72525711059572 4.849999904632568 39.59384727478028
endloop
endfacet
facet normal 0.0 1.0 -0.0
outer loop
vertex -42.73649520874025 4.849999904632568 37.93757438659669
vertex -42.80266113281252 4.849999904632568 38.08360719680787
vertex -42.72525711059572 4.849999904632568 39.59384727478028
endloop
endfacet
facet normal 0.0 1.0 0.0
outer loop
vertex -42.80266113281252 4.849999904632568 38.08360719680787
vertex -42.87823791503908 4.849999904632568 38.224999904632575
vertex -42.89977188110353 4.849999904632568 39.737069129943855
endloop
endfacet
facet normal -0.0 1.0 0.0
outer loop
vertex -42.96290130615236 4.849999904632568 38.36114692687989
vertex -42.89977188110353 4.849999904632568 39.737069129943855
vertex -42.87823791503908 4.849999904632568 38.224999904632575
endloop
endfacet
facet normal -0.0 1.0 0.0
outer loop
vertex -43.38460464477541 4.849999904632568 38.84200763702393
vertex -43.27500076293947 4.849999904632568 39.98778772354127
vertex -43.26758880615236 4.849999904632568 38.73241138458253
endloop
endfacet
facet normal 0.0 1.0 0.0
outer loop
vertex -43.157992553710955 4.849999904632568 38.61539745330811
vertex -43.26758880615236 4.849999904632568 38.73241138458253
vertex -43.27500076293947 4.849999904632568 39.98778772354127
endloop
endfacet
facet normal 0.0 1.0 -0.0
outer loop
vertex -43.50853271484377 4.849999904632568 38.943715572357185
vertex -43.638854217529314 4.849999904632568 39.037100315094
vertex -43.4741050720215 4.849999904632568 40.09421062469483
endloop
endfacet
facet normal 0.0 1.0 -0.0
outer loop
vertex -43.638854217529314 4.849999904632568 39.037100315094
vertex -43.77500076293947 4.849999904632568 39.12176227569581
vertex -43.67974395751955 4.849999904632568 40.18738460540772
endloop
endfacet
facet normal -0.0 1.0 0.0
outer loop
vertex -43.91639251708986 4.849999904632568 39.197338104248054
vertex -43.891032409667986 4.849999904632568 40.26690864562989
vertex -43.77500076293947 4.849999904632568 39.12176227569581
endloop
endfacet
facet normal 0.0 1.0 -0.0
outer loop
vertex -43.38460464477541 4.849999904632568 38.84200763702393
vertex -43.50853271484377 4.849999904632568 38.943715572357185
vertex -43.4741050720215 4.849999904632568 40.09421062469483
endloop
endfacet
facet normal -0.0 1.0 -0.0
outer loop
vertex -43.157992553710955 4.849999904632568 38.61539745330811
vertex -43.27500076293947 4.849999904632568 39.98778772354127
vertex -43.08328170776369 4.849999904632568 39.868570327758796
endloop
endfacet
facet normal 0.0 1.0 0.0
outer loop
vertex -42.96290130615236 4.849999904632568 38.36114692687989
vertex -43.05628509521486 4.849999904632568 38.49146556854249
vertex -43.08328170776369 4.849999904632568 39.868570327758796
endloop
endfacet
facet normal -0.0 1.0 0.0
outer loop
vertex -43.157992553710955 4.849999904632568 38.61539745330811
vertex -43.08328170776369 4.849999904632568 39.868570327758796
vertex -43.05628509521486 4.849999904632568 38.49146556854249
endloop
endfacet
facet normal -0.0 1.0 -0.0
outer loop
vertex -42.80266113281252 4.849999904632568 38.08360719680787
vertex -42.89977188110353 4.849999904632568 39.737069129943855
vertex -42.72525711059572 4.849999904632568 39.59384727478028
endloop
endfacet
facet normal -0.0 1.0 -0.0
outer loop
vertex -42.633483123779314 4.849999904632568 37.63410663604737
vertex -42.72525711059572 4.849999904632568 39.59384727478028
vertex -42.56048126220705 4.849999904632568 39.43951845169068
endloop
endfacet
facet normal -0.0 1.0 -0.0
outer loop
vertex -42.96290130615236 4.849999904632568 38.36114692687989
vertex -43.08328170776369 4.849999904632568 39.868570327758796
vertex -42.89977188110353 4.849999904632568 39.737069129943855
endloop
endfacet
facet normal 0.0 1.0 0.0
outer loop
vertex -43.891032409667986 4.849999904632568 40.26690864562989
vertex -43.67974395751955 4.849999904632568 40.18738460540772
vertex -43.77500076293947 4.849999904632568 39.12176227569581
endloop
endfacet
facet normal -0.0 1.0 -0.0
outer loop
vertex -43.638854217529314 4.849999904632568 39.037100315094
vertex -43.67974395751955 4.849999904632568 40.18738460540772
vertex -43.4741050720215 4.849999904632568 40.09421062469483
endloop
endfacet
facet normal -0.0 0.9999999999999999 -0.0
outer loop
vertex -43.38460464477541 4.849999904632568 38.84200763702393
vertex -43.4741050720215 4.849999904632568 40.09421062469483
vertex -43.27500076293947 4.849999904632568 39.98778772354127
endloop
endfacet
facet normal -0.773008142165308 0.0 -0.6343961003554003
outer loop
vertex -42.40615386962892 4.849999904632568 39.27474308013917
vertex -42.40615386962892 5.800000190734863 39.27474308013917
vertex -42.26293106079103 4.849999904632568 39.10022687911988
endloop
endfacet
facet normal -0.6835908854880756 0.0 -0.7298653994248724
outer loop
vertex -42.56048126220705 4.849999904632568 39.43951845169068
vertex -42.72525711059572 4.849999904632568 39.59384727478028
vertex -42.72525711059572 5.800000190734863 39.59384727478028
endloop
endfacet
facet normal -0.7298675738471602 0.0 -0.6835885638645953
outer loop
vertex -42.40615386962892 4.849999904632568 39.27474308013917
vertex -42.56048126220705 4.849999904632568 39.43951845169068
vertex -42.56048126220705 5.800000190734863 39.43951845169068
endloop
endfacet
facet normal -0.9359050874465581 0.0 -0.3522522779083911
outer loop
vertex -41.733092498779314 4.849999904632568 38.10896635055543
vertex -41.8126174926758 4.849999904632568 38.320257663726814
vertex -41.8126174926758 5.800000190734863 38.320257663726814
endloop
endfacet
facet normal -0.9108694609101617 0.0 -0.41269459068569253
outer loop
vertex -41.8126174926758 4.849999904632568 38.320257663726814
vertex -41.90578765869142 4.849999904632568 38.5258960723877
vertex -41.90578765869142 5.800000190734863 38.5258960723877
endloop
endfacet
facet normal -0.8819156966710235 0.0 -0.47140715306968267
outer loop
vertex -41.90578765869142 4.849999904632568 38.5258960723877
vertex -42.012213897705095 4.849999904632568 38.724999904632575
vertex -42.012213897705095 5.800000190734863 38.724999904632575
endloop
endfacet
facet normal -0.8492036933566585 0.0 -0.5280654194220735
outer loop
vertex -42.012213897705095 4.849999904632568 38.724999904632575
vertex -42.13143081665041 4.849999904632568 38.91671752929688
vertex -42.13143081665041 5.800000190734863 38.91671752929688
endloop
endfacet
facet normal -0.8128481448174861 0.0 -0.5824756591195646
outer loop
vertex -42.13143081665041 4.849999904632568 38.91671752929688
vertex -42.26293106079103 4.849999904632568 39.10022687911988
vertex -42.26293106079103 5.800000190734863 39.10022687911988
endloop
endfacet
facet normal -0.4127078157828313 0.0 -0.9108634687985705
outer loop
vertex -43.67974395751955 4.849999904632568 40.18738460540772
vertex -43.67974395751955 5.800000190734863 40.18738460540772
vertex -43.4741050720215 4.849999904632568 40.09421062469483
endloop
endfacet
facet normal -0.5280641011285018 0.0 -0.8492045131176278
outer loop
vertex -43.27500076293947 4.849999904632568 39.98778772354127
vertex -43.27500076293947 5.800000190734863 39.98778772354127
vertex -43.08328170776369 4.849999904632568 39.868570327758796
endloop
endfacet
facet normal -0.47139477561085397 0.0 -0.8819223126368856
outer loop
vertex -43.27500076293947 4.849999904632568 39.98778772354127
vertex -43.4741050720215 4.849999904632568 40.09421062469483
vertex -43.4741050720215 5.800000190734863 40.09421062469483
endloop
endfacet
facet normal -0.6343966835091333 0.0 -0.7730076635794839
outer loop
vertex -42.89977188110353 4.849999904632568 39.737069129943855
vertex -42.89977188110353 5.800000190734863 39.737069129943855
vertex -42.72525711059572 4.849999904632568 39.59384727478028
endloop
endfacet
facet normal -0.5824774501573251 0.0 -0.8128468613817862
outer loop
vertex -43.08328170776369 4.849999904632568 39.868570327758796
vertex -43.08328170776369 5.800000190734863 39.868570327758796
vertex -42.89977188110353 4.849999904632568 39.737069129943855
endloop
endfacet
facet normal -0.3522527557024511 0.0 -0.9359049076161686
outer loop
vertex -43.891032409667986 4.849999904632568 40.26690864562989
vertex -43.891032409667986 5.800000190734863 40.26690864562989
vertex -43.67974395751955 4.849999904632568 40.18738460540772
endloop
endfacet
facet normal 0.5280716783687291 0.0 -0.8491998012863836
outer loop
vertex -46.72500152587892 4.849999904632568 39.98778772354127
vertex -46.91671676635744 5.800000190734863 39.868570327758796
vertex -46.72500152587892 5.800000190734863 39.98778772354127
endloop
endfacet
facet normal 0.47139477561085397 0.0 -0.8819223126368856
outer loop
vertex -46.52589721679689 4.849999904632568 40.09421062469483
vertex -46.72500152587892 5.800000190734863 39.98778772354127
vertex -46.52589721679689 5.800000190734863 40.09421062469483
endloop
endfacet
facet normal 0.4127078157828313 0.0 -0.9108634687985705
outer loop
vertex -46.320258331298845 4.849999904632568 40.18738460540772
vertex -46.52589721679689 5.800000190734863 40.09421062469483
vertex -46.320258331298845 5.800000190734863 40.18738460540772
endloop
endfacet
facet normal 0.352247185181866 0.0 -0.93590700421113
outer loop
vertex -46.10896606445314 4.849999904632568 40.26690864562989
vertex -46.320258331298845 5.800000190734863 40.18738460540772
vertex -46.10896606445314 5.800000190734863 40.26690864562989
endloop
endfacet
facet normal 0.29028489264900087 0.0 -0.9569402703929635
outer loop
vertex -45.892924499511736 4.849999904632568 40.33244419097901
vertex -46.10896606445314 5.800000190734863 40.26690864562989
vertex -45.892924499511736 5.800000190734863 40.33244419097901
endloop
endfacet
facet normal 0.2270749755294979 0.0 -0.9738772794804681
outer loop
vertex -45.67306060791017 4.849999904632568 40.38370895385743
vertex -45.892924499511736 5.800000190734863 40.33244419097901
vertex -45.67306060791017 5.800000190734863 40.38370895385743
endloop
endfacet
facet normal 0.16289723150230945 0.0 -0.9866430418185105
outer loop
vertex -45.450316619873064 4.849999904632568 40.42048454284669
vertex -45.67306060791017 5.800000190734863 40.38370895385743
vertex -45.450316619873064 5.800000190734863 40.42048454284669
endloop
endfacet
facet normal 0.09801968093174256 0.0 -0.9951844764414483
outer loop
vertex -45.22564239501955 4.849999904632568 40.44261360168458
vertex -45.450316619873064 5.800000190734863 40.42048454284669
vertex -45.22564239501955 5.800000190734863 40.44261360168458
endloop
endfacet
facet normal 0.03271649627978992 0.0 -0.9994646721476326
outer loop
vertex -44.999999237060564 4.849999904632568 40.449999809265144
vertex -45.22564239501955 5.800000190734863 40.44261360168458
vertex -44.999999237060564 5.800000190734863 40.449999809265144
endloop
endfacet
facet normal -0.032717048798414854 0.0 -0.9994646540613239
outer loop
vertex -44.774359893798845 4.849999904632568 40.44261360168458
vertex -44.999999237060564 5.800000190734863 40.449999809265144
vertex -44.774359893798845 5.800000190734863 40.44261360168458
endloop
endfacet
facet normal -0.09801968093174256 0.0 -0.9951844764414483
outer loop
vertex -44.54968566894533 4.849999904632568 40.42048454284669
vertex -44.774359893798845 5.800000190734863 40.44261360168458
vertex -44.54968566894533 5.800000190734863 40.42048454284669
endloop
endfacet
facet normal -0.1628945158087418 0.0 -0.9866434901824648
outer loop
vertex -44.326937866210955 4.849999904632568 40.38370895385743
vertex -44.54968566894533 5.800000190734863 40.42048454284669
vertex -44.326937866210955 5.800000190734863 40.38370895385743
endloop
endfacet
facet normal -0.2270749755294979 0.0 -0.9738772794804681
outer loop
vertex -44.10707397460939 4.849999904632568 40.33244419097901
vertex -44.326937866210955 5.800000190734863 40.38370895385743
vertex -44.10707397460939 5.800000190734863 40.33244419097901
endloop
endfacet
facet normal -0.29028489264900087 0.0 -0.9569402703929635
outer loop
vertex -43.891032409667986 4.849999904632568 40.26690864562989
vertex -44.10707397460939 5.800000190734863 40.33244419097901
vertex -43.891032409667986 5.800000190734863 40.26690864562989
endloop
endfacet
facet normal -0.7298675738471602 0.0 -0.6835885638645953
outer loop
vertex -42.40615386962892 4.849999904632568 39.27474308013917
vertex -42.56048126220705 5.800000190734863 39.43951845169068
vertex -42.40615386962892 5.800000190734863 39.27474308013917
endloop
endfacet
facet normal -0.6835908854880756 0.0 -0.7298653994248724
outer loop
vertex -42.56048126220705 4.849999904632568 39.43951845169068
vertex -42.72525711059572 5.800000190734863 39.59384727478028
vertex -42.56048126220705 5.800000190734863 39.43951845169068
endloop
endfacet
facet normal -0.9108694609101617 0.0 -0.41269459068569253
outer loop
vertex -41.8126174926758 4.849999904632568 38.320257663726814
vertex -41.90578765869142 5.800000190734863 38.5258960723877
vertex -41.8126174926758 5.800000190734863 38.320257663726814
endloop
endfacet
facet normal -0.8492036933566585 0.0 -0.5280654194220735
outer loop
vertex -42.012213897705095 4.849999904632568 38.724999904632575
vertex -42.13143081665041 5.800000190734863 38.91671752929688
vertex -42.012213897705095 5.800000190734863 38.724999904632575
endloop
endfacet
facet normal -0.8819156966710235 0.0 -0.47140715306968267
outer loop
vertex -41.90578765869142 4.849999904632568 38.5258960723877
vertex -42.012213897705095 5.800000190734863 38.724999904632575
vertex -41.90578765869142 5.800000190734863 38.5258960723877
endloop
endfacet
facet normal -0.8128481448174861 0.0 -0.5824756591195646
outer loop
vertex -42.13143081665041 4.849999904632568 38.91671752929688
vertex -42.26293106079103 5.800000190734863 39.10022687911988
vertex -42.13143081665041 5.800000190734863 38.91671752929688
endloop
endfacet
facet normal -0.773008142165308 0.0 -0.6343961003554003
outer loop
vertex -42.26293106079103 4.849999904632568 39.10022687911988
vertex -42.40615386962892 5.800000190734863 39.27474308013917
vertex -42.26293106079103 5.800000190734863 39.10022687911988
endloop
endfacet
facet normal -0.3522527557024511 -0.0 -0.9359049076161686
outer loop
vertex -43.891032409667986 5.800000190734863 40.26690864562989
vertex -43.67974395751955 5.800000190734863 40.18738460540772
vertex -43.67974395751955 4.849999904632568 40.18738460540772
endloop
endfacet
facet normal -0.4127078157828313 0.0 -0.9108634687985705
outer loop
vertex -43.4741050720215 4.849999904632568 40.09421062469483
vertex -43.67974395751955 5.800000190734863 40.18738460540772
vertex -43.4741050720215 5.800000190734863 40.09421062469483
endloop
endfacet
facet normal -0.47139477561085397 0.0 -0.8819223126368856
outer loop
vertex -43.27500076293947 4.849999904632568 39.98778772354127
vertex -43.4741050720215 5.800000190734863 40.09421062469483
vertex -43.27500076293947 5.800000190734863 39.98778772354127
endloop
endfacet
facet normal -0.5280641011285018 0.0 -0.8492045131176278
outer loop
vertex -43.08328170776369 4.849999904632568 39.868570327758796
vertex -43.27500076293947 5.800000190734863 39.98778772354127
vertex -43.08328170776369 5.800000190734863 39.868570327758796
endloop
endfacet
facet normal -0.6343966835091333 0.0 -0.7730076635794839
outer loop
vertex -42.72525711059572 4.849999904632568 39.59384727478028
vertex -42.89977188110353 5.800000190734863 39.737069129943855
vertex -42.72525711059572 5.800000190734863 39.59384727478028
endloop
endfacet
facet normal -0.5824774501573251 0.0 -0.8128468613817862
outer loop
vertex -42.89977188110353 4.849999904632568 39.737069129943855
vertex -43.08328170776369 5.800000190734863 39.868570327758796
vertex -42.89977188110353 5.800000190734863 39.737069129943855
endloop
endfacet
facet normal 0.0 1.0 0.0
outer loop
vertex -49.20000000000002 5.800000190734863 43.291018486022956
vertex -45.67306060791017 5.800000190734863 40.38370895385743
vertex -45.892924499511736 5.800000190734863 40.33244419097901
endloop
endfacet
facet normal 0.0 1.0 0.0
outer loop
vertex -49.20000000000002 5.800000190734863 43.291018486022956
vertex -45.450316619873064 5.800000190734863 40.42048454284669
vertex -45.67306060791017 5.800000190734863 40.38370895385743
endloop
endfacet
facet normal -0.0 1.0 0.0
outer loop
vertex -49.20000000000002 5.800000190734863 43.291018486022956
vertex -45.892924499511736 5.800000190734863 46.86755561828614
vertex -45.450316619873064 5.800000190734863 40.42048454284669
endloop
endfacet
facet normal -0.0 1.0 0.0
outer loop
vertex -45.450316619873064 5.800000190734863 40.42048454284669
vertex -43.891032409667986 5.800000190734863 46.93309116363526
vertex -45.22564239501955 5.800000190734863 40.44261360168458
endloop
endfacet
facet normal 0.0 0.9999999999999999 -0.0
outer loop
vertex -40.79999847412111 5.800000190734863 37.00000000000001
vertex -41.61629028320314 5.800000190734863 37.673061847686775
vertex -40.79999847412111 5.800000190734863 50.20000076293946
endloop
endfacet
facet normal 0.0 0.9999999999999999 -0.0
outer loop
vertex -41.667555999755876 5.800000190734863 37.89292573928834
vertex -41.733092498779314 5.800000190734863 38.10896635055543
vertex -40.79999847412111 5.800000190734863 50.20000076293946
endloop
endfacet
facet normal 0.0 1.0 -0.0
outer loop
vertex -41.61629028320314 5.800000190734863 37.673061847686775
vertex -41.667555999755876 5.800000190734863 37.89292573928834
vertex -40.79999847412111 5.800000190734863 50.20000076293946
endloop
endfacet
facet normal 0.0 1.0 -0.0
outer loop
vertex -41.733092498779314 5.800000190734863 38.10896635055543
vertex -41.8126174926758 5.800000190734863 38.320257663726814
vertex -40.79999847412111 5.800000190734863 50.20000076293946
endloop
endfacet
facet normal -0.0 1.0 0.0
outer loop
vertex -44.10707397460939 5.800000190734863 40.33244419097901
vertex -40.79999847412111 5.800000190734863 50.20000076293946
vertex -43.891032409667986 5.800000190734863 40.26690864562989
endloop
endfacet
facet normal -0.0 1.0 0.0
outer loop
vertex -43.891032409667986 5.800000190734863 40.26690864562989
vertex -40.79999847412111 5.800000190734863 50.20000076293946
vertex -43.67974395751955 5.800000190734863 40.18738460540772
endloop
endfacet
facet normal 0.0 1.0 -0.0
outer loop
vertex -43.27500076293947 5.800000190734863 39.98778772354127
vertex -43.4741050720215 5.800000190734863 40.09421062469483
vertex -40.79999847412111 5.800000190734863 50.20000076293946
endloop
endfacet
facet normal -0.0 1.0 0.0
outer loop
vertex -43.27500076293947 5.800000190734863 39.98778772354127
vertex -40.79999847412111 5.800000190734863 50.20000076293946
vertex -43.08328170776369 5.800000190734863 39.868570327758796
endloop
endfacet
facet normal -0.0 1.0 0.0
outer loop
vertex -43.67974395751955 5.800000190734863 40.18738460540772
vertex -40.79999847412111 5.800000190734863 50.20000076293946
vertex -43.4741050720215 5.800000190734863 40.09421062469483
endloop
endfacet
facet normal 0.0 1.0 -0.0
outer loop
vertex -41.90578765869142 5.800000190734863 38.5258960723877
vertex -42.012213897705095 5.800000190734863 38.724999904632575
vertex -40.79999847412111 5.800000190734863 50.20000076293946
endloop
endfacet
facet normal 0.0 0.9999999999999999 -0.0
outer loop
vertex -42.012213897705095 5.800000190734863 38.724999904632575
vertex -42.13143081665041 5.800000190734863 38.91671752929688
vertex -40.79999847412111 5.800000190734863 50.20000076293946
endloop
endfacet
facet normal 0.0 0.9999999999999999 -0.0
outer loop
vertex -42.13143081665041 5.800000190734863 38.91671752929688
vertex -42.26293106079103 5.800000190734863 39.10022687911988
vertex -40.79999847412111 5.800000190734863 50.20000076293946
endloop
endfacet
facet normal -0.0 0.9999999999999999 0.0
outer loop
vertex -42.40615386962892 5.800000190734863 39.27474308013917
vertex -40.79999847412111 5.800000190734863 50.20000076293946
vertex -42.26293106079103 5.800000190734863 39.10022687911988
endloop
endfacet
facet normal 0.0 0.9999999999999999 -0.0
outer loop
vertex -41.8126174926758 5.800000190734863 38.320257663726814
vertex -41.90578765869142 5.800000190734863 38.5258960723877
vertex -40.79999847412111 5.800000190734863 50.20000076293946
endloop
endfacet
facet normal 0.0 1.0 -0.0
outer loop
vertex -42.56048126220705 5.800000190734863 39.43951845169068
vertex -42.72525711059572 5.800000190734863 39.59384727478028
vertex -40.79999847412111 5.800000190734863 50.20000076293946
endloop
endfacet
facet normal -0.0 1.0 0.0
outer loop
vertex -42.89977188110353 5.800000190734863 39.737069129943855
vertex -40.79999847412111 5.800000190734863 50.20000076293946
vertex -42.72525711059572 5.800000190734863 39.59384727478028
endloop
endfacet
facet normal 0.0 0.9999999999999999 -0.0
outer loop
vertex -42.40615386962892 5.800000190734863 39.27474308013917
vertex -42.56048126220705 5.800000190734863 39.43951845169068
vertex -40.79999847412111 5.800000190734863 50.20000076293946
endloop
endfacet
facet normal -0.0 1.0 0.0
outer loop
vertex -43.08328170776369 5.800000190734863 39.868570327758796
vertex -40.79999847412111 5.800000190734863 50.20000076293946
vertex -42.89977188110353 5.800000190734863 39.737069129943855
endloop
endfacet
facet normal 0.38339929657578314 -0.0 0.9235826868154223
outer loop
vertex -66.91875000000002 5.800000190734863 50.64645767211914
vertex -49.20000000000002 1.7999999523162842 43.291018486022956
vertex -49.20000000000002 5.800000190734863 43.291018486022956
endloop
endfacet
facet normal -0.0 1.0 0.0
outer loop
vertex -70.13928527832033 5.800000190734863 42.88835525512695
vertex -66.91875000000002 5.800000190734863 50.64645767211914
vertex -49.20000000000002 5.800000190734863 43.291018486022956
endloop
endfacet
facet normal 0.8128523319473361 0.0 0.5824698159113293
outer loop
vertex -47.03710098266603 4.849999904632568 48.83885383605958
vertex -47.03710098266603 1.7999999523162842 48.83885383605958
vertex -46.94371719360353 4.849999904632568 48.70853424072266
endloop
endfacet
facet normal 0.8492071769545455 0.0 0.528059817264002
outer loop
vertex -47.03710098266603 4.849999904632568 48.83885383605958
vertex -47.12176055908205 4.849999904632568 48.975000381469734
vertex -47.12176055908205 1.7999999523162842 48.975000381469734
endloop
endfacet
facet normal -1.0 0.0 0.0
outer loop
vertex -49.20000000000002 5.800000190734863 43.291018486022956
vertex -49.20000000000002 1.7999999523162842 50.20000076293946
vertex -49.20000000000002 5.800000190734863 50.20000076293946
endloop
endfacet
facet normal 0.5280683967314634 0.0 0.8492018419512889
outer loop
vertex -46.22500152587892 4.849999904632568 48.07823753356934
vertex -46.36114807128908 4.849999904632568 48.16289901733399
vertex -46.36114807128908 1.7999999523162842 48.16289901733399
endloop
endfacet
facet normal 0.5824833091675354 0.0 0.8128426628451765
outer loop
vertex -46.49146575927736 4.849999904632568 48.256284713745124
vertex -46.49146575927736 1.7999999523162842 48.256284713745124
vertex -46.36114807128908 4.849999904632568 48.16289901733399
endloop
endfacet
facet normal 0.6343902620590929 0.0 0.7730129335299606
outer loop
vertex -46.49146575927736 4.849999904632568 48.256284713745124
vertex -46.615397644042986 4.849999904632568 48.35799217224122
vertex -46.615397644042986 1.7999999523162842 48.35799217224122
endloop
endfacet
facet normal 0.41271896443546013 0.0 0.9108584173159523
outer loop
vertex -45.937575531005876 4.849999904632568 47.936494827270515
vertex -46.08360595703127 4.849999904632568 48.00266265869141
vertex -46.08360595703127 1.7999999523162842 48.00266265869141
endloop
endfacet
facet normal 0.35224964555254695 0.0 0.9359060781980769
outer loop
vertex -45.937575531005876 4.849999904632568 47.936494827270515
vertex -45.937575531005876 1.7999999523162842 47.936494827270515
vertex -45.78752822875978 4.849999904632568 47.880021095275886
endloop
endfacet
facet normal 0.16289595035022036 0.0 0.9866432533390671
outer loop
vertex -45.477973175048845 4.849999904632568 47.79707622528077
vertex -45.477973175048845 1.7999999523162842 47.79707622528077
vertex -45.31978912353517 4.849999904632568 47.770959854125984
endloop
endfacet
facet normal 0.29027813490524945 0.0 0.9569423203077236
outer loop
vertex -45.78752822875978 4.849999904632568 47.880021095275886
vertex -45.78752822875978 1.7999999523162842 47.880021095275886
vertex -45.63410491943361 4.849999904632568 47.83348178863526
endloop
endfacet
facet normal 0.2270806793312075 0.0 0.9738759495307793
outer loop
vertex -45.477973175048845 4.849999904632568 47.79707622528077
vertex -45.63410491943361 4.849999904632568 47.83348178863526
vertex -45.63410491943361 1.7999999523162842 47.83348178863526
endloop
endfacet
facet normal 0.4713839718497707 0.0 0.8819280872515257
outer loop
vertex -46.22500152587892 4.849999904632568 48.07823753356934
vertex -46.22500152587892 1.7999999523162842 48.07823753356934
vertex -46.08360595703127 4.849999904632568 48.00266265869141
endloop
endfacet
facet normal 0.6835888451975176 0.0 0.7298673103527272
outer loop
vertex -46.615397644042986 4.849999904632568 48.35799217224122
vertex -46.73241348266603 4.849999904632568 48.467588424682624
vertex -46.73241348266603 1.7999999523162842 48.467588424682624
endloop
endfacet
facet normal 0.729873622488109 0.0 0.683582105672819
outer loop
vertex -46.73241348266603 4.849999904632568 48.467588424682624
vertex -46.84200592041017 4.849999904632568 48.58460235595704
vertex -46.84200592041017 1.7999999523162842 48.58460235595704
endloop
endfacet
facet normal 0.7730012652896991 0.0 0.6344044796977114
outer loop
vertex -46.84200592041017 4.849999904632568 48.58460235595704
vertex -46.94371719360353 4.849999904632568 48.70853424072266
vertex -46.94371719360353 1.7999999523162842 48.70853424072266
endloop
endfacet
facet normal 0.09801942746073515 0.0 0.9951845014067842
outer loop
vertex -45.31978912353517 4.849999904632568 47.770959854125984
vertex -45.31978912353517 1.7999999523162842 47.770959854125984
vertex -45.16023941040041 4.849999904632568 47.75524520874024
endloop
endfacet
facet normal 0.03271589656704718 0.0 0.9994646917784611
outer loop
vertex -45.16023941040041 4.849999904632568 47.75524520874024
vertex -45.16023941040041 1.7999999523162842 47.75524520874024
vertex -44.999999237060564 4.849999904632568 47.75000000000001
endloop
endfacet
facet normal -0.032716674590580475 0.0 0.9994646663107876
outer loop
vertex -44.999999237060564 4.849999904632568 47.75000000000001
vertex -44.999999237060564 1.7999999523162842 47.75000000000001
vertex -44.839762878417986 4.849999904632568 47.75524520874024
endloop
endfacet
facet normal -0.09801710647118189 0.0 0.9951847300069556
outer loop
vertex -44.839762878417986 4.849999904632568 47.75524520874024
vertex -44.839762878417986 1.7999999523162842 47.75524520874024
vertex -44.680209350585955 4.849999904632568 47.770959854125984
endloop
endfacet
facet normal -0.16289977452760254 0.0 0.9866426219553138
outer loop
vertex -44.680209350585955 4.849999904632568 47.770959854125984
vertex -44.680209350585955 1.7999999523162842 47.770959854125984
vertex -44.52202911376955 4.849999904632568 47.79707622528077
endloop
endfacet
facet normal -0.2270754173833228 0.0 0.9738771764551163
outer loop
vertex -44.52202911376955 4.849999904632568 47.79707622528077
vertex -44.52202911376955 1.7999999523162842 47.79707622528077
vertex -44.36589355468752 4.849999904632568 47.83348178863526
endloop
endfacet
facet normal -0.2902847443353245 0.0 0.9569403153834493
outer loop
vertex -44.36589355468752 4.849999904632568 47.83348178863526
vertex -44.36589355468752 1.7999999523162842 47.83348178863526
vertex -44.21247406005861 4.849999904632568 47.880021095275886
endloop
endfacet
facet normal -0.35224964555254695 0.0 0.9359060781980769
outer loop
vertex -44.21247406005861 4.849999904632568 47.880021095275886
vertex -44.21247406005861 1.7999999523162842 47.880021095275886
vertex -44.06242675781252 4.849999904632568 47.936494827270515
endloop
endfacet
facet normal -0.4127100197626933 0.0 0.9108624701827809
outer loop
vertex -44.06242675781252 4.849999904632568 47.936494827270515
vertex -44.06242675781252 1.7999999523162842 47.936494827270515
vertex -43.91639251708986 4.849999904632568 48.00266265869141
endloop
endfacet
facet normal -0.4713938636024587 0.0 0.8819228001123152
outer loop
vertex -43.91639251708986 4.849999904632568 48.00266265869141
vertex -43.91639251708986 1.7999999523162842 48.00266265869141
vertex -43.77500076293947 4.849999904632568 48.07823753356934
endloop
endfacet
facet normal -0.5280683967314634 0.0 0.8492018419512889
outer loop
vertex -43.77500076293947 4.849999904632568 48.07823753356934
vertex -43.77500076293947 1.7999999523162842 48.07823753356934
vertex -43.638854217529314 4.849999904632568 48.16289901733399
endloop
endfacet
facet normal -0.5824720437593093 0.0 0.8128507355221211
outer loop
vertex -43.638854217529314 4.849999904632568 48.16289901733399
vertex -43.638854217529314 1.7999999523162842 48.16289901733399
vertex -43.50853271484377 4.849999904632568 48.256284713745124
endloop
endfacet
facet normal -0.6344019304870725 0.0 0.773003357427557
outer loop
vertex -43.50853271484377 4.849999904632568 48.256284713745124
vertex -43.50853271484377 1.7999999523162842 48.256284713745124
vertex -43.38460464477541 4.849999904632568 48.35799217224122
endloop
endfacet
facet normal -0.6835888451975176 0.0 0.7298673103527272
outer loop
vertex -43.38460464477541 4.849999904632568 48.35799217224122
vertex -43.38460464477541 1.7999999523162842 48.35799217224122
vertex -43.26758880615236 4.849999904632568 48.467588424682624
endloop
endfacet
facet normal -0.729861750990951 0.0 0.6835947808756465
outer loop
vertex -43.26758880615236 4.849999904632568 48.467588424682624
vertex -43.26758880615236 1.7999999523162842 48.467588424682624
vertex -43.157992553710955 4.849999904632568 48.58460235595704
endloop
endfacet
facet normal -0.7730129335299606 0.0 0.6343902620590929
outer loop
vertex -43.157992553710955 4.849999904632568 48.58460235595704
vertex -43.157992553710955 1.7999999523162842 48.58460235595704
vertex -43.05628509521486 4.849999904632568 48.70853424072266
endloop
endfacet
facet normal -0.8128523319473361 0.0 0.5824698159113293
outer loop
vertex -43.05628509521486 4.849999904632568 48.70853424072266
vertex -43.05628509521486 1.7999999523162842 48.70853424072266
vertex -42.96290130615236 4.849999904632568 48.83885383605958
endloop
endfacet
facet normal -0.8491965069283888 0.0 0.5280769760372278
outer loop
vertex -42.96290130615236 4.849999904632568 48.83885383605958
vertex -42.96290130615236 1.7999999523162842 48.83885383605958
vertex -42.87823791503908 4.849999904632568 48.975000381469734
endloop
endfacet
facet normal 0.8819178541262046 0.0 0.4714031168473861
outer loop
vertex -47.12176055908205 4.849999904632568 48.975000381469734
vertex -47.19733734130861 4.849999904632568 49.116392135620124
vertex -47.19733734130861 1.7999999523162842 49.116392135620124
endloop
endfacet
facet normal 0.9108669424006652 0.0 0.4127001493114137
outer loop
vertex -47.19733734130861 4.849999904632568 49.116392135620124
vertex -47.263503265380876 4.849999904632568 49.26242637634278
vertex -47.263503265380876 1.7999999523162842 49.26242637634278
endloop
endfacet
facet normal 0.9569403153834493 0.0 0.2902847443353245
outer loop
vertex -47.36651916503908 4.849999904632568 49.56589317321778
vertex -47.36651916503908 1.7999999523162842 49.56589317321778
vertex -47.319979858398455 4.849999904632568 49.412473678588874
endloop
endfacet
facet normal 0.9738798073114922 0.0 0.22706413391579697
outer loop
vertex -47.36651916503908 4.849999904632568 49.56589317321778
vertex -47.40292282104494 4.849999904632568 49.72202873229981
vertex -47.40292282104494 1.7999999523162842 49.72202873229981
endloop
endfacet
facet normal 0.9359001949771678 0.0 0.35226527651998196
outer loop
vertex -47.263503265380876 4.849999904632568 49.26242637634278
vertex -47.319979858398455 4.849999904632568 49.412473678588874
vertex -47.319979858398455 1.7999999523162842 49.412473678588874
endloop
endfacet
facet normal 0.9866438936810282 0.0 0.16289207182039284
outer loop
vertex -47.40292282104494 4.849999904632568 49.72202873229981
vertex -47.42903823852541 4.849999904632568 49.88021087646485
vertex -47.42903823852541 1.7999999523162842 49.88021087646485
endloop
endfacet
facet normal 0.9951834551457265 0.0 0.09803004949613019
outer loop
vertex -47.42903823852541 4.849999904632568 49.88021087646485
vertex -47.44475479125978 4.849999904632568 50.03976249694825
vertex -47.44475479125978 1.7999999523162842 50.03976249694825
endloop
endfacet
facet normal 0.9994646790448514 0.0 0.032716285574190776
outer loop
vertex -47.44475479125978 4.849999904632568 50.03976249694825
vertex -47.45000000000002 4.849999904632568 50.20000076293946
vertex -47.45000000000002 1.7999999523162842 50.20000076293946
endloop
endfacet
facet normal 0.9994646663107876 0.0 -0.032716674590580475
outer loop
vertex -47.45000000000002 4.849999904632568 50.20000076293946
vertex -47.44475479125978 4.849999904632568 50.36023712158204
vertex -47.44475479125978 1.7999999523162842 50.36023712158204
endloop
endfacet
facet normal 0.9951834551457265 0.0 -0.09803004949613019
outer loop
vertex -47.44475479125978 4.849999904632568 50.36023712158204
vertex -47.42903823852541 4.849999904632568 50.51978874206544
vertex -47.42903823852541 1.7999999523162842 50.51978874206544
endloop
endfacet
facet normal 0.9866438936810282 0.0 -0.16289207182039284
outer loop
vertex -47.42903823852541 4.849999904632568 50.51978874206544
vertex -47.40292282104494 4.849999904632568 50.677970886230476
vertex -47.40292282104494 1.7999999523162842 50.677970886230476
endloop
endfacet
facet normal 0.9738798073114922 0.0 -0.22706413391579697
outer loop
vertex -47.40292282104494 4.849999904632568 50.677970886230476
vertex -47.36651916503908 4.849999904632568 50.83410644531251
vertex -47.36651916503908 1.7999999523162842 50.83410644531251
endloop
endfacet
facet normal 0.9569403153834493 0.0 -0.2902847443353245
outer loop
vertex -47.36651916503908 4.849999904632568 50.83410644531251
vertex -47.319979858398455 4.849999904632568 50.98752593994141
vertex -47.319979858398455 1.7999999523162842 50.98752593994141
endloop
endfacet
facet normal 0.9359016712405498 0.0 -0.352261354350922
outer loop
vertex -47.319979858398455 4.849999904632568 50.98752593994141
vertex -47.263503265380876 4.849999904632568 51.13757514953614
vertex -47.263503265380876 1.7999999523162842 51.13757514953614
endloop
endfacet
facet normal 0.910864916087167 0.0 -0.41270462154126436
outer loop
vertex -47.263503265380876 4.849999904632568 51.13757514953614
vertex -47.19733734130861 4.849999904632568 51.28360748291016
vertex -47.19733734130861 1.7999999523162842 51.28360748291016
endloop
endfacet
facet normal 0.8819178541262046 0.0 -0.4714031168473861
outer loop
vertex -47.19733734130861 4.849999904632568 51.28360748291016
vertex -47.12176055908205 4.849999904632568 51.424999237060554
vertex -47.12176055908205 1.7999999523162842 51.424999237060554
endloop
endfacet
facet normal 0.8492104943463924 0.0 -0.5280544823140467
outer loop
vertex -47.12176055908205 4.849999904632568 51.424999237060554
vertex -47.03710098266603 4.849999904632568 51.56114768981934
vertex -47.03710098266603 1.7999999523162842 51.56114768981934
endloop
endfacet
facet normal 0.8128482956312858 0.0 -0.582475448657979
outer loop
vertex -47.03710098266603 4.849999904632568 51.56114768981934
vertex -46.94371719360353 4.849999904632568 51.691465377807624
vertex -46.94371719360353 1.7999999523162842 51.691465377807624
endloop
endfacet
facet normal -0.9991368448119177 0.0005451150900106487 0.04153634780315698
outer loop
vertex -49.20000000000002 5.800000190734863 50.20000076293946
vertex -49.19190521240236 1.7999999523162842 50.44721221923829
vertex -49.19100875854494 5.800000190734863 50.41628074645997
endloop
endfacet
facet normal -0.9995802881780945 0.0 -0.028969768480218563
outer loop
vertex -49.19190521240236 1.7999999523162842 50.44721221923829
vertex -49.19190521240236 5.800000190734863 50.44721221923829
vertex -49.19100875854494 5.800000190734863 50.41628074645997
endloop
endfacet
facet normal -0.9994683670560209 0.0 0.03260342396698569
outer loop
vertex -49.19190521240236 5.800000190734863 50.44721221923829
vertex -49.19190521240236 1.7999999523162842 50.44721221923829
vertex -49.19100875854494 5.800000190734863 50.47469329833985
endloop
endfacet
facet normal -0.9951846347588577 0.0 0.09801807353686912
outer loop
vertex -49.19100875854494 5.800000190734863 50.47469329833985
vertex -49.19100875854494 1.7999999523162842 50.47469329833985
vertex -49.164069366455095 5.800000190734863 50.74821090698243
endloop
endfacet
facet normal -0.9866416892084708 0.0 0.16290542383805168
outer loop
vertex -49.164069366455095 1.7999999523162842 50.74821090698243
vertex -49.119296264648455 5.800000190734863 51.019380569458015
vertex -49.164069366455095 5.800000190734863 50.74821090698243
endloop
endfacet
facet normal -0.9738779000642525 0.0 0.22707231395844352
outer loop
vertex -49.119296264648455 5.800000190734863 51.019380569458015
vertex -49.119296264648455 1.7999999523162842 51.019380569458015
vertex -49.05688781738283 5.800000190734863 51.287040710449226
endloop
endfacet
facet normal -0.9569412498942174 0.0 0.2902816636491067
outer loop
vertex -49.05688781738283 5.800000190734863 51.287040710449226
vertex -49.05688781738283 1.7999999523162842 51.287040710449226
vertex -48.97710723876955 5.800000190734863 51.55004501342774
endloop
endfacet
facet normal -0.9359052628935347 0.0 0.35225181175997355
outer loop
vertex -48.88029403686525 1.7999999523162842 51.807270050048835
vertex -48.88029403686525 5.800000190734863 51.807270050048835
vertex -48.97710723876955 5.800000190734863 51.55004501342774
endloop
endfacet
facet normal -0.9108625401021327 0.0 0.4127098654487081
outer loop
vertex -48.88029403686525 5.800000190734863 51.807270050048835
vertex -48.88029403686525 1.7999999523162842 51.807270050048835
vertex -48.76686401367189 5.800000190734863 52.05761337280274
endloop
endfacet
facet normal -0.8819203271244611 0.0 0.47139849024438263
outer loop
vertex -48.76686401367189 5.800000190734863 52.05761337280274
vertex -48.76686401367189 1.7999999523162842 52.05761337280274
vertex -48.63730545043947 5.800000190734863 52.299999237060554
endloop
endfacet
facet normal -0.8492043300698175 0.0 0.5280643954961105
outer loop
vertex -48.63730545043947 5.800000190734863 52.299999237060554
vertex -48.4921714782715 1.7999999523162842 52.53339576721192
vertex -48.4921714782715 5.800000190734863 52.53339576721192
endloop
endfacet
facet normal -0.8128467544020804 0.0 0.5824775994473983
outer loop
vertex -48.4921714782715 5.800000190734863 52.53339576721192
vertex -48.4921714782715 1.7999999523162842 52.53339576721192
vertex -48.33208389282228 5.800000190734863 52.75679779052735
endloop
endfacet
facet normal -0.7730068747534248 0.0 0.6343976446866293
outer loop
vertex -48.33208389282228 5.800000190734863 52.75679779052735
vertex -48.33208389282228 1.7999999523162842 52.75679779052735
vertex -48.15772552490236 5.800000190734863 52.96925163269044
endloop
endfacet
facet normal -0.72986888836288 0.0 0.6835871603533332
outer loop
vertex -48.15772552490236 5.800000190734863 52.96925163269044
vertex -47.969847869873064 1.7999999523162842 53.16984939575196
vertex -47.969847869873064 5.800000190734863 53.16984939575196
endloop
endfacet
facet normal -0.6835906228457571 0.0 0.7298656454152025
outer loop
vertex -47.969847869873064 5.800000190734863 53.16984939575196
vertex -47.969847869873064 1.7999999523162842 53.16984939575196
vertex -47.76925201416017 5.800000190734863 53.35772705078126
endloop
endfacet
facet normal -0.6343900945907014 0.0 0.7730130709665917
outer loop
vertex -47.76925201416017 5.800000190734863 53.35772705078126
vertex -47.76925201416017 1.7999999523162842 53.35772705078126
vertex -47.556796264648455 5.800000190734863 53.532083511352546
endloop
endfacet
facet normal -0.5824854705340619 0.0 0.8128411140048912
outer loop
vertex -47.556796264648455 5.800000190734863 53.532083511352546
vertex -47.33339614868166 1.7999999523162842 53.6921730041504
vertex -47.33339614868166 5.800000190734863 53.6921730041504
endloop
endfacet
facet normal -0.5280675075638247 0.0 0.8492023948714053
outer loop
vertex -47.33339614868166 5.800000190734863 53.6921730041504
vertex -47.33339614868166 1.7999999523162842 53.6921730041504
vertex -47.10000152587892 5.800000190734863 53.83730697631837
endloop
endfacet
facet normal -0.47139271998779647 0.0 0.8819234113813437
outer loop
vertex -47.10000152587892 5.800000190734863 53.83730697631837
vertex -47.10000152587892 1.7999999523162842 53.83730697631837
vertex -46.857611846923845 5.800000190734863 53.96686553955079
endloop
endfacet
facet normal -0.8819178541262046 0.0 0.4714031168473861
outer loop
vertex -42.87823791503908 4.849999904632568 48.975000381469734
vertex -42.87823791503908 1.7999999523162842 48.975000381469734
vertex -42.80266113281252 4.849999904632568 49.116392135620124
endloop
endfacet
facet normal -0.9108669424006652 0.0 0.4127001493114137
outer loop
vertex -42.80266113281252 4.849999904632568 49.116392135620124
vertex -42.80266113281252 1.7999999523162842 49.116392135620124
vertex -42.73649520874025 4.849999904632568 49.26242637634278
endloop
endfacet
facet normal -0.935908039230136 0.0 0.35224443516456333
outer loop
vertex -42.73649520874025 4.849999904632568 49.26242637634278
vertex -42.73649520874025 1.7999999523162842 49.26242637634278
vertex -42.68002243041994 4.849999904632568 49.412473678588874
endloop
endfacet
facet normal -0.9569403153834493 0.0 0.2902847443353245
outer loop
vertex -42.68002243041994 4.849999904632568 49.412473678588874
vertex -42.68002243041994 1.7999999523162842 49.412473678588874
vertex -42.633483123779314 4.849999904632568 49.56589317321778
endloop
endfacet
facet normal -0.9738745454822245 0.0 0.22708670075940265
outer loop
vertex -42.633483123779314 4.849999904632568 49.56589317321778
vertex -42.633483123779314 1.7999999523162842 49.56589317321778
vertex -42.59707565307619 4.849999904632568 49.72202873229981
endloop
endfacet
facet normal -0.9866438936810282 0.0 0.16289207182039284
outer loop
vertex -42.59707565307619 4.849999904632568 49.72202873229981
vertex -42.59707565307619 1.7999999523162842 49.72202873229981
vertex -42.57096023559572 4.849999904632568 49.88021087646485
endloop
endfacet
facet normal -0.995185776135279 0.0 0.0980064843672213
outer loop
vertex -42.57096023559572 4.849999904632568 49.88021087646485
vertex -42.57096023559572 1.7999999523162842 49.88021087646485
vertex -42.55524749755861 4.849999904632568 50.03976249694825
endloop
endfacet
facet normal -0.9994639007393098 0.0 0.03274005374099321
outer loop
vertex -42.55524749755861 4.849999904632568 50.03976249694825
vertex -42.55524749755861 1.7999999523162842 50.03976249694825
vertex -42.54999847412111 4.849999904632568 50.20000076293946
endloop
endfacet
facet normal -0.9994638879867467 -0.0 -0.03274044303939444
outer loop
vertex -42.54999847412111 4.849999904632568 50.20000076293946
vertex -42.54999847412111 1.7999999523162842 50.20000076293946
vertex -42.55524749755861 4.849999904632568 50.36023712158204
endloop
endfacet
facet normal -0.995185776135279 -0.0 -0.0980064843672213
outer loop
vertex -42.55524749755861 4.849999904632568 50.36023712158204
vertex -42.55524749755861 1.7999999523162842 50.36023712158204
vertex -42.57096023559572 4.849999904632568 50.51978874206544
endloop
endfacet
facet normal -0.9866438936810282 -0.0 -0.16289207182039284
outer loop
vertex -42.57096023559572 4.849999904632568 50.51978874206544
vertex -42.57096023559572 1.7999999523162842 50.51978874206544
vertex -42.59707565307619 4.849999904632568 50.677970886230476
endloop
endfacet
facet normal -0.9738745454822245 -0.0 -0.22708670075940265
outer loop
vertex -42.59707565307619 4.849999904632568 50.677970886230476
vertex -42.59707565307619 1.7999999523162842 50.677970886230476
vertex -42.633483123779314 4.849999904632568 50.83410644531251
endloop
endfacet
facet normal -0.9569403153834493 -0.0 -0.2902847443353245
outer loop
vertex -42.633483123779314 4.849999904632568 50.83410644531251
vertex -42.633483123779314 1.7999999523162842 50.83410644531251
vertex -42.68002243041994 4.849999904632568 50.98752593994141
endloop
endfacet
facet normal -0.910864916087167 -0.0 -0.41270462154126436
outer loop
vertex -42.73649520874025 4.849999904632568 51.13757514953614
vertex -42.73649520874025 1.7999999523162842 51.13757514953614
vertex -42.80266113281252 4.849999904632568 51.28360748291016
endloop
endfacet
facet normal -0.8819178541262046 -0.0 -0.4714031168473861
outer loop
vertex -42.80266113281252 4.849999904632568 51.28360748291016
vertex -42.80266113281252 1.7999999523162842 51.28360748291016
vertex -42.87823791503908 4.849999904632568 51.424999237060554
endloop
endfacet
facet normal -0.9359095153312119 -0.0 -0.3522405131618112
outer loop
vertex -42.68002243041994 4.849999904632568 50.98752593994141
vertex -42.68002243041994 1.7999999523162842 50.98752593994141
vertex -42.73649520874025 4.849999904632568 51.13757514953614
endloop
endfacet
facet normal -0.8491998244941462 -0.0 -0.5280716410479842
outer loop
vertex -42.87823791503908 4.849999904632568 51.424999237060554
vertex -42.87823791503908 1.7999999523162842 51.424999237060554
vertex -42.96290130615236 4.849999904632568 51.56114768981934
endloop
endfacet
facet normal -0.8128482956312858 -0.0 -0.582475448657979
outer loop
vertex -42.96290130615236 4.849999904632568 51.56114768981934
vertex -42.96290130615236 1.7999999523162842 51.56114768981934
vertex -43.05628509521486 4.849999904632568 51.691465377807624
endloop
endfacet
facet normal 0.7730012652896991 0.0 -0.6344044796977114
outer loop
vertex -46.94371719360353 4.849999904632568 51.691465377807624
vertex -46.84200592041017 4.849999904632568 51.81539726257325
vertex -46.84200592041017 1.7999999523162842 51.81539726257325
endloop
endfacet
facet normal 0.729873622488109 0.0 -0.683582105672819
outer loop
vertex -46.84200592041017 4.849999904632568 51.81539726257325
vertex -46.73241348266603 4.849999904632568 51.93241119384766
vertex -46.73241348266603 1.7999999523162842 51.93241119384766
endloop
endfacet
facet normal 0.6835888451975176 0.0 -0.7298673103527272
outer loop
vertex -46.73241348266603 4.849999904632568 51.93241119384766
vertex -46.615397644042986 4.849999904632568 52.04200744628907
vertex -46.615397644042986 1.7999999523162842 52.04200744628907
endloop
endfacet
facet normal 0.6343902620590929 0.0 -0.7730129335299606
outer loop
vertex -46.615397644042986 4.849999904632568 52.04200744628907
vertex -46.49146575927736 4.849999904632568 52.14371490478516
vertex -46.49146575927736 1.7999999523162842 52.14371490478516
endloop
endfacet
facet normal 0.5824833091675354 0.0 -0.8128426628451765
outer loop
vertex -46.49146575927736 4.849999904632568 52.14371490478516
vertex -46.36114807128908 4.849999904632568 52.237100601196296
vertex -46.36114807128908 1.7999999523162842 52.237100601196296
endloop
endfacet
facet normal 0.5280683967314634 0.0 -0.8492018419512889
outer loop
vertex -46.36114807128908 4.849999904632568 52.237100601196296
vertex -46.22500152587892 4.849999904632568 52.321762084960945
vertex -46.22500152587892 1.7999999523162842 52.321762084960945
endloop
endfacet
facet normal 0.4713932250114755 0.0 -0.8819231414433348
outer loop
vertex -46.22500152587892 4.849999904632568 52.321762084960945
vertex -46.08360595703127 4.849999904632568 52.39733886718751
vertex -46.08360595703127 1.7999999523162842 52.39733886718751
endloop
endfacet
facet normal 0.4127090938580934 0.0 -0.9108628897077933
outer loop
vertex -46.08360595703127 4.849999904632568 52.39733886718751
vertex -45.937575531005876 4.849999904632568 52.46350479125977
vertex -45.937575531005876 1.7999999523162842 52.46350479125977
endloop
endfacet
facet normal 0.35225485590777805 0.0 -0.935904117145229
outer loop
vertex -45.937575531005876 4.849999904632568 52.46350479125977
vertex -45.78752822875978 4.849999904632568 52.51997947692872
vertex -45.78752822875978 1.7999999523162842 52.51997947692872
endloop
endfacet
facet normal 0.29027813490524945 0.0 -0.9569423203077236
outer loop
vertex -45.78752822875978 4.849999904632568 52.51997947692872
vertex -45.63410491943361 4.849999904632568 52.56651878356934
vertex -45.63410491943361 1.7999999523162842 52.56651878356934
endloop
endfacet
facet normal 0.2270806793312075 0.0 -0.9738759495307793
outer loop
vertex -45.63410491943361 4.849999904632568 52.56651878356934
vertex -45.477973175048845 4.849999904632568 52.602924346923835
vertex -45.477973175048845 1.7999999523162842 52.602924346923835
endloop
endfacet
facet normal 0.1628901598181036 0.0 -0.9866442093452091
outer loop
vertex -45.477973175048845 4.849999904632568 52.602924346923835
vertex -45.31978912353517 4.849999904632568 52.629039764404304
vertex -45.31978912353517 1.7999999523162842 52.629039764404304
endloop
endfacet
facet normal 0.09801942746073515 0.0 -0.9951845014067842
outer loop
vertex -45.31978912353517 4.849999904632568 52.629039764404304
vertex -45.16023941040041 4.849999904632568 52.644754409790046
vertex -45.16023941040041 1.7999999523162842 52.644754409790046
endloop
endfacet
facet normal 0.03271589656704718 0.0 -0.9994646917784611
outer loop
vertex -45.16023941040041 4.849999904632568 52.644754409790046
vertex -44.999999237060564 4.849999904632568 52.64999961853028
vertex -44.999999237060564 1.7999999523162842 52.64999961853028
endloop
endfacet
facet normal -0.032716674590580475 -0.0 -0.9994646663107876
outer loop
vertex -44.999999237060564 4.849999904632568 52.64999961853028
vertex -44.839762878417986 4.849999904632568 52.644754409790046
vertex -44.839762878417986 1.7999999523162842 52.644754409790046
endloop
endfacet
facet normal -0.09801710647118189 -0.0 -0.9951847300069556
outer loop
vertex -44.839762878417986 4.849999904632568 52.644754409790046
vertex -44.680209350585955 4.849999904632568 52.629039764404304
vertex -44.680209350585955 1.7999999523162842 52.629039764404304
endloop
endfacet
facet normal -0.16289398386695692 -0.0 -0.9866435780057312
outer loop
vertex -44.680209350585955 4.849999904632568 52.629039764404304
vertex -44.52202911376955 4.849999904632568 52.602924346923835
vertex -44.52202911376955 1.7999999523162842 52.602924346923835
endloop
endfacet
facet normal -0.2270754173833228 -0.0 -0.9738771764551163
outer loop
vertex -44.52202911376955 4.849999904632568 52.602924346923835
vertex -44.36589355468752 4.849999904632568 52.56651878356934
vertex -44.36589355468752 1.7999999523162842 52.56651878356934
endloop
endfacet
facet normal -0.2902847443353245 -0.0 -0.9569403153834493
outer loop
vertex -44.36589355468752 4.849999904632568 52.56651878356934
vertex -44.21247406005861 4.849999904632568 52.51997947692872
vertex -44.21247406005861 1.7999999523162842 52.51997947692872
endloop
endfacet
facet normal -0.35225485590777805 -0.0 -0.935904117145229
outer loop
vertex -44.21247406005861 4.849999904632568 52.51997947692872
vertex -44.06242675781252 4.849999904632568 52.46350479125977
vertex -44.06242675781252 1.7999999523162842 52.46350479125977
endloop
endfacet
facet normal -0.4127001493114137 -0.0 -0.9108669424006652
outer loop
vertex -43.91639251708986 4.849999904632568 52.39733886718751
vertex -43.91639251708986 1.7999999523162842 52.39733886718751
vertex -44.06242675781252 4.849999904632568 52.46350479125977
endloop
endfacet
facet normal -0.729861750990951 -0.0 -0.6835947808756465
outer loop
vertex -43.157992553710955 4.849999904632568 51.81539726257325
vertex -43.157992553710955 1.7999999523162842 51.81539726257325
vertex -43.26758880615236 4.849999904632568 51.93241119384766
endloop
endfacet
facet normal -0.6835888451975176 -0.0 -0.7298673103527272
outer loop
vertex -43.26758880615236 4.849999904632568 51.93241119384766
vertex -43.26758880615236 1.7999999523162842 51.93241119384766
vertex -43.38460464477541 4.849999904632568 52.04200744628907
endloop
endfacet
facet normal -0.5824720437593093 -0.0 -0.8128507355221211
outer loop
vertex -43.50853271484377 4.849999904632568 52.14371490478516
vertex -43.50853271484377 1.7999999523162842 52.14371490478516
vertex -43.638854217529314 4.849999904632568 52.237100601196296
endloop
endfacet
facet normal -0.4714031168473861 -0.0 -0.8819178541262046
outer loop
vertex -43.91639251708986 4.849999904632568 52.39733886718751
vertex -43.77500076293947 4.849999904632568 52.321762084960945
vertex -43.77500076293947 1.7999999523162842 52.321762084960945
endloop
endfacet
facet normal -0.5280683967314634 -0.0 -0.8492018419512889
outer loop
vertex -43.77500076293947 4.849999904632568 52.321762084960945
vertex -43.638854217529314 4.849999904632568 52.237100601196296
vertex -43.638854217529314 1.7999999523162842 52.237100601196296
endloop
endfacet
facet normal -0.6344019304870725 -0.0 -0.773003357427557
outer loop
vertex -43.50853271484377 4.849999904632568 52.14371490478516
vertex -43.38460464477541 4.849999904632568 52.04200744628907
vertex -43.38460464477541 1.7999999523162842 52.04200744628907
endloop
endfacet
facet normal -0.7730129335299606 -0.0 -0.6343902620590929
outer loop
vertex -43.05628509521486 4.849999904632568 51.691465377807624
vertex -43.05628509521486 1.7999999523162842 51.691465377807624
vertex -43.157992553710955 4.849999904632568 51.81539726257325
endloop
endfacet
facet normal 0.9994642835909835 0.0 0.032728364242074454
outer loop
vertex -40.79999847412111 5.800000190734863 50.20000076293946
vertex -40.808993530273455 5.800000190734863 50.47469329833985
vertex -40.79999847412111 1.7999999523162842 50.20000076293946
endloop
endfacet
facet normal 0.9951846347588577 0.0 0.09801807353686912
outer loop
vertex -40.808993530273455 5.800000190734863 50.47469329833985
vertex -40.8359329223633 5.800000190734863 50.74821090698243
vertex -40.8359329223633 1.7999999523162842 50.74821090698243
endloop
endfacet
facet normal 0.9866439199868012 0.0 0.1628919124851777
outer loop
vertex -40.88070220947267 5.800000190734863 51.019380569458015
vertex -40.88070220947267 1.7999999523162842 51.019380569458015
vertex -40.8359329223633 5.800000190734863 50.74821090698243
endloop
endfacet
facet normal 0.9738779000642525 0.0 0.22707231395844352
outer loop
vertex -40.88070220947267 5.800000190734863 51.019380569458015
vertex -40.9431106567383 5.800000190734863 51.287040710449226
vertex -40.88070220947267 1.7999999523162842 51.019380569458015
endloop
endfacet
facet normal 0.9569373942661167 0.0 0.2902943737918026
outer loop
vertex -40.9431106567383 5.800000190734863 51.287040710449226
vertex -41.022895050048845 5.800000190734863 51.55004501342774
vertex -41.022895050048845 1.7999999523162842 51.55004501342774
endloop
endfacet
facet normal -0.4127041076767369 0.0 0.910865148914343
outer loop
vertex -46.857611846923845 5.800000190734863 53.96686553955079
vertex -46.60726852416994 1.7999999523162842 54.080293655395515
vertex -46.60726852416994 5.800000190734863 54.080293655395515
endloop
endfacet
facet normal -0.35225638758170696 0.0 0.9359035406535686
outer loop
vertex -46.60726852416994 5.800000190734863 54.080293655395515
vertex -46.60726852416994 1.7999999523162842 54.080293655395515
vertex -46.35004730224611 5.800000190734863 54.17710685729981
endloop
endfacet
facet normal -0.2902841631604117 0.0 0.9569404916807834
outer loop
vertex -46.35004730224611 5.800000190734863 54.17710685729981
vertex -46.35004730224611 1.7999999523162842 54.17710685729981
vertex -46.08703918457033 5.800000190734863 54.256889343261726
endloop
endfacet
facet normal -0.22707384865473018 0.0 0.9738775422285539
outer loop
vertex -46.08703918457033 5.800000190734863 54.256889343261726
vertex -45.81938095092775 1.7999999523162842 54.31929779052735
vertex -45.81938095092775 5.800000190734863 54.31929779052735
endloop
endfacet
facet normal -0.16289755279143836 0.0 0.9866429887728188
outer loop
vertex -45.81938095092775 5.800000190734863 54.31929779052735
vertex -45.81938095092775 1.7999999523162842 54.31929779052735
vertex -45.54820938110353 5.800000190734863 54.36406898498536
endloop
endfacet
facet normal -0.09801807353686912 0.0 0.9951846347588577
outer loop
vertex -45.54820938110353 5.800000190734863 54.36406898498536
vertex -45.54820938110353 1.7999999523162842 54.36406898498536
vertex -45.274691772460955 5.800000190734863 54.3910083770752
endloop
endfacet
facet normal -0.03271449938640647 0.0 0.999464737511983
outer loop
vertex -45.274691772460955 5.800000190734863 54.3910083770752
vertex -44.999999237060564 1.7999999523162842 54.39999961853028
vertex -44.999999237060564 5.800000190734863 54.39999961853028
endloop
endfacet
facet normal 0.03271449938640647 0.0 0.999464737511983
outer loop
vertex -44.999999237060564 5.800000190734863 54.39999961853028
vertex -44.999999237060564 1.7999999523162842 54.39999961853028
vertex -44.72530670166017 5.800000190734863 54.3910083770752
endloop
endfacet
facet normal 0.09801807353686912 0.0 0.9951846347588577
outer loop
vertex -44.72530670166017 5.800000190734863 54.3910083770752
vertex -44.72530670166017 1.7999999523162842 54.3910083770752
vertex -44.451789093017595 5.800000190734863 54.36406898498536
endloop
endfacet
facet normal 0.1628997835697689 0.0 0.9866426204624055
outer loop
vertex -44.451789093017595 5.800000190734863 54.36406898498536
vertex -44.451789093017595 1.7999999523162842 54.36406898498536
vertex -44.18062133789064 5.800000190734863 54.31929779052735
endloop
endfacet
facet normal 0.22707077928233765 0.0 0.9738782578926958
outer loop
vertex -44.18062133789064 5.800000190734863 54.31929779052735
vertex -44.18062133789064 1.7999999523162842 54.31929779052735
vertex -43.9129592895508 5.800000190734863 54.256889343261726
endloop
endfacet
facet normal 0.9359098386034457 0.0 0.3522396542203507
outer loop
vertex -41.022895050048845 5.800000190734863 51.55004501342774
vertex -41.119704437255876 5.800000190734863 51.807270050048835
vertex -41.119704437255876 1.7999999523162842 51.807270050048835
endloop
endfacet
facet normal 0.9108625401021327 -0.0 0.4127098654487081
outer loop
vertex -41.233134460449236 5.800000190734863 52.05761337280274
vertex -41.119704437255876 1.7999999523162842 51.807270050048835
vertex -41.119704437255876 5.800000190734863 51.807270050048835
endloop
endfacet
facet normal 0.8819203271244611 0.0 0.47139849024438263
outer loop
vertex -41.233134460449236 5.800000190734863 52.05761337280274
vertex -41.36269302368166 5.800000190734863 52.299999237060554
vertex -41.36269302368166 1.7999999523162842 52.299999237060554
endloop
endfacet
facet normal 0.7730068747534248 0.0 0.6343976446866293
outer loop
vertex -41.667914581298845 5.800000190734863 52.75679779052735
vertex -41.84227294921877 5.800000190734863 52.96925163269044
vertex -41.84227294921877 1.7999999523162842 52.96925163269044
endloop
endfacet
facet normal 0.8492043300698175 0.0 0.5280643954961105
outer loop
vertex -41.36269302368166 5.800000190734863 52.299999237060554
vertex -41.507826995849626 5.800000190734863 52.53339576721192
vertex -41.507826995849626 1.7999999523162842 52.53339576721192
endloop
endfacet
facet normal 0.8128467544020804 -0.0 0.5824775994473983
outer loop
vertex -41.667914581298845 5.800000190734863 52.75679779052735
vertex -41.507826995849626 1.7999999523162842 52.53339576721192
vertex -41.507826995849626 5.800000190734863 52.53339576721192
endloop
endfacet
facet normal 0.6343900945907014 0.0 0.7730130709665917
outer loop
vertex -42.44320220947267 5.800000190734863 53.532083511352546
vertex -42.44320220947267 1.7999999523162842 53.532083511352546
vertex -42.230746459960955 5.800000190734863 53.35772705078126
endloop
endfacet
facet normal 0.5824788989591381 0.0 0.8128458231838005
outer loop
vertex -42.44320220947267 5.800000190734863 53.532083511352546
vertex -42.666606140136736 5.800000190734863 53.6921730041504
vertex -42.666606140136736 1.7999999523162842 53.6921730041504
endloop
endfacet
facet normal 0.4127041076767369 0.0 0.910865148914343
outer loop
vertex -43.39272994995119 5.800000190734863 54.080293655395515
vertex -43.39272994995119 1.7999999523162842 54.080293655395515
vertex -43.14238662719728 5.800000190734863 53.96686553955079
endloop
endfacet
facet normal 0.2902880187396587 0.0 0.9569393220973855
outer loop
vertex -43.9129592895508 5.800000190734863 54.256889343261726
vertex -43.9129592895508 1.7999999523162842 54.256889343261726
vertex -43.64995498657228 5.800000190734863 54.17710685729981
endloop
endfacet
facet normal 0.35225181175997355 -0.0 0.9359052628935347
outer loop
vertex -43.64995498657228 5.800000190734863 54.17710685729981
vertex -43.39272994995119 1.7999999523162842 54.080293655395515
vertex -43.39272994995119 5.800000190734863 54.080293655395515
endloop
endfacet
facet normal 0.5280675075638247 0.0 0.8492023948714053
outer loop
vertex -42.666606140136736 5.800000190734863 53.6921730041504
vertex -42.90000076293947 5.800000190734863 53.83730697631837
vertex -42.666606140136736 1.7999999523162842 53.6921730041504
endloop
endfacet
facet normal 0.47139849024438263 0.0 0.8819203271244611
outer loop
vertex -43.14238662719728 5.800000190734863 53.96686553955079
vertex -43.14238662719728 1.7999999523162842 53.96686553955079
vertex -42.90000076293947 5.800000190734863 53.83730697631837
endloop
endfacet
facet normal 0.72986888836288 0.0 0.6835871603533332
outer loop
vertex -42.030150604248064 5.800000190734863 53.16984939575196
vertex -42.030150604248064 1.7999999523162842 53.16984939575196
vertex -41.84227294921877 5.800000190734863 52.96925163269044
endloop
endfacet
facet normal 0.6835906228457571 0.0 0.7298656454152025
outer loop
vertex -42.030150604248064 5.800000190734863 53.16984939575196
vertex -42.230746459960955 5.800000190734863 53.35772705078126
vertex -42.030150604248064 1.7999999523162842 53.16984939575196
endloop
endfacet
facet normal -0.0 1.0 0.0
outer loop
vertex -47.100226593017595 4.849999904632568 47.462930679321296
vertex -47.03710098266603 4.849999904632568 48.83885383605958
vertex -46.91671676635744 4.849999904632568 47.331429481506355
endloop
endfacet
facet normal 0.0 1.0 -0.0
outer loop
vertex -47.27474136352541 4.849999904632568 47.60615253448487
vertex -47.43951721191408 4.849999904632568 47.76048183441163
vertex -47.36651916503908 4.849999904632568 49.56589317321778
endloop
endfacet
facet normal 0.0 1.0 -0.0
outer loop
vertex -47.100226593017595 4.849999904632568 47.462930679321296
vertex -47.27474136352541 4.849999904632568 47.60615253448487
vertex -47.19733734130861 4.849999904632568 49.116392135620124
endloop
endfacet
facet normal 0.0 1.0 0.0
outer loop
vertex -47.03710098266603 4.849999904632568 48.83885383605958
vertex -46.94371719360353 4.849999904632568 48.70853424072266
vertex -46.91671676635744 4.849999904632568 47.331429481506355
endloop
endfacet
facet normal -0.0 1.0 -0.0
outer loop
vertex -47.100226593017595 4.849999904632568 47.462930679321296
vertex -47.12176055908205 4.849999904632568 48.975000381469734
vertex -47.03710098266603 4.849999904632568 48.83885383605958
endloop
endfacet
facet normal -0.0 1.0 0.0
outer loop
vertex -47.27474136352541 4.849999904632568 47.60615253448487
vertex -47.263503265380876 4.849999904632568 49.26242637634278
vertex -47.19733734130861 4.849999904632568 49.116392135620124
endloop
endfacet
facet normal -0.0 0.9999999999999999 -0.0
outer loop
vertex -47.100226593017595 4.849999904632568 47.462930679321296
vertex -47.19733734130861 4.849999904632568 49.116392135620124
vertex -47.12176055908205 4.849999904632568 48.975000381469734
endloop
endfacet
facet normal -0.0 1.0 -0.0
outer loop
vertex -47.27474136352541 4.849999904632568 47.60615253448487
vertex -47.319979858398455 4.849999904632568 49.412473678588874
vertex -47.263503265380876 4.849999904632568 49.26242637634278
endloop
endfacet
facet normal -0.0 1.0 -0.0
outer loop
vertex -47.27474136352541 4.849999904632568 47.60615253448487
vertex -47.36651916503908 4.849999904632568 49.56589317321778
vertex -47.319979858398455 4.849999904632568 49.412473678588874
endloop
endfacet
facet normal 0.5824774501573251 -0.0 0.8128468613817862
outer loop
vertex -47.100226593017595 4.849999904632568 47.462930679321296
vertex -46.91671676635744 4.849999904632568 47.331429481506355
vertex -46.91671676635744 5.800000190734863 47.331429481506355
endloop
endfacet
facet normal 0.6343966835091333 -0.0 0.7730076635794839
outer loop
vertex -47.100226593017595 4.849999904632568 47.462930679321296
vertex -47.100226593017595 5.800000190734863 47.462930679321296
vertex -47.27474136352541 4.849999904632568 47.60615253448487
endloop
endfacet
facet normal 0.8128408612814169 -0.0 0.5824858232019765
outer loop
vertex -47.737067413330095 4.849999904632568 48.09977340698243
vertex -47.737067413330095 5.800000190734863 48.09977340698243
vertex -47.868571472167986 4.849999904632568 48.283283233642585
endloop
endfacet
facet normal 0.7298581564361378 -0.0 0.6835986186964117
outer loop
vertex -47.43951721191408 4.849999904632568 47.76048183441163
vertex -47.43951721191408 5.800000190734863 47.76048183441163
vertex -47.59384841918947 4.849999904632568 47.925256729125984
endloop
endfacet
facet normal 0.7730172783616739 -0.0 0.6343849677871556
outer loop
vertex -47.737067413330095 4.849999904632568 48.09977340698243
vertex -47.59384841918947 4.849999904632568 47.925256729125984
vertex -47.59384841918947 5.800000190734863 47.925256729125984
endloop
endfacet
facet normal 0.6835920106212268 -0.0 0.7298643456251502
outer loop
vertex -47.27474136352541 4.849999904632568 47.60615253448487
vertex -47.27474136352541 5.800000190734863 47.60615253448487
vertex -47.43951721191408 4.849999904632568 47.76048183441163
endloop
endfacet
facet normal 0.8492031043820782 -0.0 0.5280663665751124
outer loop
vertex -47.868571472167986 4.849999904632568 48.283283233642585
vertex -47.868571472167986 5.800000190734863 48.283283233642585
vertex -47.9877883911133 4.849999904632568 48.475000381469734
endloop
endfacet
facet normal 0.8819231907177911 -0.0 0.4713931328245572
outer loop
vertex -47.9877883911133 4.849999904632568 48.475000381469734
vertex -47.9877883911133 5.800000190734863 48.475000381469734
vertex -48.094210815429705 4.849999904632568 48.674104690551765
endloop
endfacet
facet normal 0.9108620297729518 -0.0 0.4127109917580319
outer loop
vertex -48.187384796142595 4.849999904632568 48.87974166870118
vertex -48.094210815429705 4.849999904632568 48.674104690551765
vertex -48.094210815429705 5.800000190734863 48.674104690551765
endloop
endfacet
facet normal 0.9359056115962049 -0.0 0.3522508852831083
outer loop
vertex -48.187384796142595 4.849999904632568 48.87974166870118
vertex -48.187384796142595 5.800000190734863 48.87974166870118
vertex -48.26690979003908 4.849999904632568 49.09103393554688
endloop
endfacet
facet normal -0.0 1.0 0.0
outer loop
vertex -49.20000000000002 5.800000190734863 43.291018486022956
vertex -47.100226593017595 5.800000190734863 47.462930679321296
vertex -46.91671676635744 5.800000190734863 47.331429481506355
endloop
endfacet
facet normal -0.0 1.0 0.0
outer loop
vertex -49.20000000000002 5.800000190734863 43.291018486022956
vertex -47.27474136352541 5.800000190734863 47.60615253448487
vertex -47.100226593017595 5.800000190734863 47.462930679321296
endloop
endfacet
facet normal -0.0 1.0 0.0
outer loop
vertex -49.20000000000002 5.800000190734863 43.291018486022956
vertex -47.43951721191408 5.800000190734863 47.76048183441163
vertex -47.27474136352541 5.800000190734863 47.60615253448487
endloop
endfacet
facet normal -0.0 1.0 0.0
outer loop
vertex -49.20000000000002 5.800000190734863 43.291018486022956
vertex -46.91671676635744 5.800000190734863 47.331429481506355
vertex -46.72500152587892 5.800000190734863 47.21221256256104
endloop
endfacet
facet normal -0.0 1.0 0.0
outer loop
vertex -49.20000000000002 5.800000190734863 43.291018486022956
vertex -46.72500152587892 5.800000190734863 47.21221256256104
vertex -46.52589721679689 5.800000190734863 47.10578918457032
endloop
endfacet
facet normal -0.0 1.0 0.0
outer loop
vertex -49.20000000000002 5.800000190734863 43.291018486022956
vertex -46.52589721679689 5.800000190734863 47.10578918457032
vertex -46.320258331298845 5.800000190734863 47.01261520385743
endloop
endfacet
facet normal -0.0 1.0 0.0
outer loop
vertex -49.20000000000002 5.800000190734863 43.291018486022956
vertex -46.320258331298845 5.800000190734863 47.01261520385743
vertex -46.10896606445314 5.800000190734863 46.93309116363526
endloop
endfacet
facet normal -0.0 1.0 0.0
outer loop
vertex -49.20000000000002 5.800000190734863 43.291018486022956
vertex -46.10896606445314 5.800000190734863 46.93309116363526
vertex -45.892924499511736 5.800000190734863 46.86755561828614
endloop
endfacet
facet normal 0.5824774501573251 0.0 0.8128468613817862
outer loop
vertex -47.100226593017595 4.849999904632568 47.462930679321296
vertex -46.91671676635744 5.800000190734863 47.331429481506355
vertex -47.100226593017595 5.800000190734863 47.462930679321296
endloop
endfacet
facet normal 0.6343966835091333 0.0 0.7730076635794839
outer loop
vertex -47.27474136352541 4.849999904632568 47.60615253448487
vertex -47.100226593017595 5.800000190734863 47.462930679321296
vertex -47.27474136352541 5.800000190734863 47.60615253448487
endloop
endfacet
facet normal 0.8128408612814169 0.0 0.5824858232019765
outer loop
vertex -47.868571472167986 4.849999904632568 48.283283233642585
vertex -47.737067413330095 5.800000190734863 48.09977340698243
vertex -47.868571472167986 5.800000190734863 48.283283233642585
endloop
endfacet
facet normal 0.6835920106212268 0.0 0.7298643456251502
outer loop
vertex -47.43951721191408 4.849999904632568 47.76048183441163
vertex -47.27474136352541 5.800000190734863 47.60615253448487
vertex -47.43951721191408 5.800000190734863 47.76048183441163
endloop
endfacet
facet normal 0.7298581564361378 0.0 0.6835986186964117
outer loop
vertex -47.59384841918947 4.849999904632568 47.925256729125984
vertex -47.43951721191408 5.800000190734863 47.76048183441163
vertex -47.59384841918947 5.800000190734863 47.925256729125984
endloop
endfacet
facet normal 0.7730172783616739 0.0 0.6343849677871556
outer loop
vertex -47.737067413330095 4.849999904632568 48.09977340698243
vertex -47.59384841918947 5.800000190734863 47.925256729125984
vertex -47.737067413330095 5.800000190734863 48.09977340698243
endloop
endfacet
facet normal 0.8492031043820782 0.0 0.5280663665751124
outer loop
vertex -47.9877883911133 4.849999904632568 48.475000381469734
vertex -47.868571472167986 5.800000190734863 48.283283233642585
vertex -47.9877883911133 5.800000190734863 48.475000381469734
endloop
endfacet
facet normal 0.8819231907177911 0.0 0.4713931328245572
outer loop
vertex -48.094210815429705 4.849999904632568 48.674104690551765
vertex -47.9877883911133 5.800000190734863 48.475000381469734
vertex -48.094210815429705 5.800000190734863 48.674104690551765
endloop
endfacet
facet normal 0.9108620297729518 0.0 0.4127109917580319
outer loop
vertex -48.187384796142595 4.849999904632568 48.87974166870118
vertex -48.094210815429705 5.800000190734863 48.674104690551765
vertex -48.187384796142595 5.800000190734863 48.87974166870118
endloop
endfacet
facet normal -0.0 0.9999999999999999 0.0
outer loop
vertex -49.20000000000002 5.800000190734863 43.291018486022956
vertex -48.26690979003908 5.800000190734863 49.09103393554688
vertex -48.187384796142595 5.800000190734863 48.87974166870118
endloop
endfacet
facet normal -0.0 1.0 0.0
outer loop
vertex -49.20000000000002 5.800000190734863 43.291018486022956
vertex -48.33244247436525 5.800000190734863 49.307073593139656
vertex -48.26690979003908 5.800000190734863 49.09103393554688
endloop
endfacet
facet normal -0.0 1.0 0.0
outer loop
vertex -49.20000000000002 5.800000190734863 43.291018486022956
vertex -48.383708190917986 5.800000190734863 49.52693748474122
vertex -48.33244247436525 5.800000190734863 49.307073593139656
endloop
endfacet
facet normal -0.0 1.0 0.0
outer loop
vertex -49.20000000000002 5.800000190734863 43.291018486022956
vertex -48.420485687255876 5.800000190734863 49.74968528747559
vertex -48.383708190917986 5.800000190734863 49.52693748474122
endloop
endfacet
facet normal -0.0 1.0 0.0
outer loop
vertex -49.20000000000002 5.800000190734863 43.291018486022956
vertex -47.737067413330095 5.800000190734863 48.09977340698243
vertex -47.59384841918947 5.800000190734863 47.925256729125984
endloop
endfacet
facet normal -0.0 1.0 0.0
outer loop
vertex -49.20000000000002 5.800000190734863 43.291018486022956
vertex -47.868571472167986 5.800000190734863 48.283283233642585
vertex -47.737067413330095 5.800000190734863 48.09977340698243
endloop
endfacet
facet normal -0.0 1.0 0.0
outer loop
vertex -49.20000000000002 5.800000190734863 43.291018486022956
vertex -47.59384841918947 5.800000190734863 47.925256729125984
vertex -47.43951721191408 5.800000190734863 47.76048183441163
endloop
endfacet
facet normal -0.0 1.0 0.0
outer loop
vertex -49.20000000000002 5.800000190734863 43.291018486022956
vertex -47.9877883911133 5.800000190734863 48.475000381469734
vertex -47.868571472167986 5.800000190734863 48.283283233642585
endloop
endfacet
facet normal -0.0 0.9999999999999999 0.0
outer loop
vertex -49.20000000000002 5.800000190734863 43.291018486022956
vertex -48.094210815429705 5.800000190734863 48.674104690551765
vertex -47.9877883911133 5.800000190734863 48.475000381469734
endloop
endfacet
facet normal -0.0 1.0 0.0
outer loop
vertex -49.20000000000002 5.800000190734863 43.291018486022956
vertex -48.187384796142595 5.800000190734863 48.87974166870118
vertex -48.094210815429705 5.800000190734863 48.674104690551765
endloop
endfacet
facet normal -0.0 1.0 0.0
outer loop
vertex -49.20000000000002 5.800000190734863 50.20000076293946
vertex -49.19100875854494 5.800000190734863 50.41628074645997
vertex -49.20000000000002 5.800000190734863 43.291018486022956
endloop
endfacet
facet normal -0.0 0.9999999999999999 0.0
outer loop
vertex -49.20000000000002 5.800000190734863 43.291018486022956
vertex -49.19100875854494 5.800000190734863 50.41628074645997
vertex -48.420485687255876 5.800000190734863 49.74968528747559
endloop
endfacet
facet normal -0.0 1.0 0.0
outer loop
vertex -46.72500152587892 4.849999904632568 47.21221256256104
vertex -46.615397644042986 4.849999904632568 48.35799217224122
vertex -46.52589721679689 4.849999904632568 47.10578918457032
endloop
endfacet
facet normal -0.0 1.0 0.0
outer loop
vertex -46.52589721679689 4.849999904632568 47.10578918457032
vertex -46.36114807128908 4.849999904632568 48.16289901733399
vertex -46.320258331298845 4.849999904632568 47.01261520385743
endloop
endfacet
facet normal 0.0 1.0 -0.0
outer loop
vertex -46.10896606445314 4.849999904632568 46.93309116363526
vertex -46.320258331298845 4.849999904632568 47.01261520385743
vertex -46.22500152587892 4.849999904632568 48.07823753356934
endloop
endfacet
facet normal -0.0 0.9999999999999999 0.0
outer loop
vertex -46.10896606445314 4.849999904632568 46.93309116363526
vertex -45.937575531005876 4.849999904632568 47.936494827270515
vertex -45.892924499511736 4.849999904632568 46.86755561828614
endloop
endfacet
facet normal 0.0 1.0 -0.0
outer loop
vertex -45.450316619873064 4.849999904632568 46.779515266418464
vertex -45.67306060791017 4.849999904632568 46.81629085540772
vertex -45.63410491943361 4.849999904632568 47.83348178863526
endloop
endfacet
facet normal -0.0 0.9999999999999999 0.0
outer loop
vertex -45.892924499511736 4.849999904632568 46.86755561828614
vertex -45.78752822875978 4.849999904632568 47.880021095275886
vertex -45.67306060791017 4.849999904632568 46.81629085540772
endloop
endfacet
facet normal -0.0 1.0 0.0
outer loop
vertex -46.10896606445314 4.849999904632568 46.93309116363526
vertex -46.08360595703127 4.849999904632568 48.00266265869141
vertex -45.937575531005876 4.849999904632568 47.936494827270515
endloop
endfacet
facet normal -0.0 1.0 -0.0
outer loop
vertex -45.892924499511736 4.849999904632568 46.86755561828614
vertex -45.937575531005876 4.849999904632568 47.936494827270515
vertex -45.78752822875978 4.849999904632568 47.880021095275886
endloop
endfacet
facet normal -0.0 1.0 -0.0
outer loop
vertex -45.450316619873064 4.849999904632568 46.779515266418464
vertex -45.63410491943361 4.849999904632568 47.83348178863526
vertex -45.477973175048845 4.849999904632568 47.79707622528077
endloop
endfacet
facet normal -0.0 1.0 -0.0
outer loop
vertex -45.67306060791017 4.849999904632568 46.81629085540772
vertex -45.78752822875978 4.849999904632568 47.880021095275886
vertex -45.63410491943361 4.849999904632568 47.83348178863526
endloop
endfacet
facet normal -0.0 1.0 0.0
outer loop
vertex -45.450316619873064 4.849999904632568 46.779515266418464
vertex -45.31978912353517 4.849999904632568 47.770959854125984
vertex -45.22564239501955 4.849999904632568 46.75738716125489
endloop
endfacet
facet normal -0.0 1.0 0.0
outer loop
vertex -45.22564239501955 4.849999904632568 46.75738716125489
vertex -45.16023941040041 4.849999904632568 47.75524520874024
vertex -44.999999237060564 4.849999904632568 46.75000000000001
endloop
endfacet
facet normal -0.0 1.0 0.0
outer loop
vertex -44.999999237060564 4.849999904632568 46.75000000000001
vertex -44.839762878417986 4.849999904632568 47.75524520874024
vertex -44.774359893798845 4.849999904632568 46.75738716125489
endloop
endfacet
facet normal -0.0 1.0 -0.0
outer loop
vertex -44.774359893798845 4.849999904632568 46.75738716125489
vertex -44.839762878417986 4.849999904632568 47.75524520874024
vertex -44.54968566894533 4.849999904632568 46.779515266418464
endloop
endfacet
facet normal -0.0 1.0 -0.0
outer loop
vertex -45.450316619873064 4.849999904632568 46.779515266418464
vertex -45.477973175048845 4.849999904632568 47.79707622528077
vertex -45.31978912353517 4.849999904632568 47.770959854125984
endloop
endfacet
facet normal -0.0 1.0 -0.0
outer loop
vertex -45.22564239501955 4.849999904632568 46.75738716125489
vertex -45.31978912353517 4.849999904632568 47.770959854125984
vertex -45.16023941040041 4.849999904632568 47.75524520874024
endloop
endfacet
facet normal -0.0 1.0 -0.0
outer loop
vertex -44.999999237060564 4.849999904632568 46.75000000000001
vertex -45.16023941040041 4.849999904632568 47.75524520874024
vertex -44.999999237060564 4.849999904632568 47.75000000000001
endloop
endfacet
facet normal 0.0 1.0 0.0
outer loop
vertex -44.999999237060564 4.849999904632568 46.75000000000001
vertex -44.999999237060564 4.849999904632568 47.75000000000001
vertex -44.839762878417986 4.849999904632568 47.75524520874024
endloop
endfacet
facet normal 0.0 1.0 -0.0
outer loop
vertex -44.54968566894533 4.849999904632568 46.779515266418464
vertex -44.839762878417986 4.849999904632568 47.75524520874024
vertex -44.680209350585955 4.849999904632568 47.770959854125984
endloop
endfacet
facet normal -0.0 1.0 -0.0
outer loop
vertex -44.54968566894533 4.849999904632568 46.779515266418464
vertex -44.680209350585955 4.849999904632568 47.770959854125984
vertex -44.326937866210955 4.849999904632568 46.81629085540772
endloop
endfacet
facet normal -0.0 1.0 -0.0
outer loop
vertex -44.326937866210955 4.849999904632568 46.81629085540772
vertex -44.36589355468752 4.849999904632568 47.83348178863526
vertex -44.10707397460939 4.849999904632568 46.86755561828614
endloop
endfacet
facet normal -0.0 1.0 -0.0
outer loop
vertex -44.10707397460939 4.849999904632568 46.86755561828614
vertex -44.21247406005861 4.849999904632568 47.880021095275886
vertex -43.891032409667986 4.849999904632568 46.93309116363526
endloop
endfacet
facet normal 0.0 1.0 -0.0
outer loop
vertex -44.326937866210955 4.849999904632568 46.81629085540772
vertex -44.680209350585955 4.849999904632568 47.770959854125984
vertex -44.52202911376955 4.849999904632568 47.79707622528077
endloop
endfacet
facet normal 0.0 1.0 -0.0
outer loop
vertex -44.326937866210955 4.849999904632568 46.81629085540772
vertex -44.52202911376955 4.849999904632568 47.79707622528077
vertex -44.36589355468752 4.849999904632568 47.83348178863526
endloop
endfacet
facet normal 0.0 1.0 -0.0
outer loop
vertex -44.10707397460939 4.849999904632568 46.86755561828614
vertex -44.36589355468752 4.849999904632568 47.83348178863526
vertex -44.21247406005861 4.849999904632568 47.880021095275886
endloop
endfacet
facet normal 0.0 1.0 -0.0
outer loop
vertex -43.891032409667986 4.849999904632568 46.93309116363526
vertex -44.21247406005861 4.849999904632568 47.880021095275886
vertex -44.06242675781252 4.849999904632568 47.936494827270515
endloop
endfacet
facet normal 0.0 1.0 -0.0
outer loop
vertex -43.891032409667986 4.849999904632568 46.93309116363526
vertex -44.06242675781252 4.849999904632568 47.936494827270515
vertex -43.91639251708986 4.849999904632568 48.00266265869141
endloop
endfacet
facet normal 0.0 1.0 -0.0
outer loop
vertex -46.72500152587892 4.849999904632568 47.21221256256104
vertex -46.91671676635744 4.849999904632568 47.331429481506355
vertex -46.84200592041017 4.849999904632568 48.58460235595704
endloop
endfacet
facet normal -0.0 1.0 -0.0
outer loop
vertex -46.320258331298845 4.849999904632568 47.01261520385743
vertex -46.36114807128908 4.849999904632568 48.16289901733399
vertex -46.22500152587892 4.849999904632568 48.07823753356934
endloop
endfacet
facet normal -0.0 1.0 0.0
outer loop
vertex -46.52589721679689 4.849999904632568 47.10578918457032
vertex -46.49146575927736 4.849999904632568 48.256284713745124
vertex -46.36114807128908 4.849999904632568 48.16289901733399
endloop
endfacet
facet normal -0.0 1.0 -0.0
outer loop
vertex -46.52589721679689 4.849999904632568 47.10578918457032
vertex -46.615397644042986 4.849999904632568 48.35799217224122
vertex -46.49146575927736 4.849999904632568 48.256284713745124
endloop
endfacet
facet normal -0.0 1.0 -0.0
outer loop
vertex -46.72500152587892 4.849999904632568 47.21221256256104
vertex -46.73241348266603 4.849999904632568 48.467588424682624
vertex -46.615397644042986 4.849999904632568 48.35799217224122
endloop
endfacet
facet normal -0.0 1.0 -0.0
outer loop
vertex -46.72500152587892 4.849999904632568 47.21221256256104
vertex -46.84200592041017 4.849999904632568 48.58460235595704
vertex -46.73241348266603 4.849999904632568 48.467588424682624
endloop
endfacet
facet normal -0.0 1.0 -0.0
outer loop
vertex -46.91671676635744 4.849999904632568 47.331429481506355
vertex -46.94371719360353 4.849999904632568 48.70853424072266
vertex -46.84200592041017 4.849999904632568 48.58460235595704
endloop
endfacet
facet normal -0.0 1.0 -0.0
outer loop
vertex -46.10896606445314 4.849999904632568 46.93309116363526
vertex -46.22500152587892 4.849999904632568 48.07823753356934
vertex -46.08360595703127 4.849999904632568 48.00266265869141
endloop
endfacet
facet normal 0.352247185181866 -0.0 0.93590700421113
outer loop
vertex -46.10896606445314 4.849999904632568 46.93309116363526
vertex -46.10896606445314 5.800000190734863 46.93309116363526
vertex -46.320258331298845 4.849999904632568 47.01261520385743
endloop
endfacet
facet normal 0.29028489264900087 -0.0 0.9569402703929635
outer loop
vertex -46.10896606445314 4.849999904632568 46.93309116363526
vertex -45.892924499511736 4.849999904632568 46.86755561828614
vertex -45.892924499511736 5.800000190734863 46.86755561828614
endloop
endfacet
facet normal 0.16289723150230945 -0.0 0.9866430418185105
outer loop
vertex -45.450316619873064 4.849999904632568 46.779515266418464
vertex -45.450316619873064 5.800000190734863 46.779515266418464
vertex -45.67306060791017 4.849999904632568 46.81629085540772
endloop
endfacet
facet normal 0.2270749755294979 -0.0 0.9738772794804681
outer loop
vertex -45.892924499511736 4.849999904632568 46.86755561828614
vertex -45.67306060791017 4.849999904632568 46.81629085540772
vertex -45.67306060791017 5.800000190734863 46.81629085540772
endloop
endfacet
facet normal 0.47139641839224394 -0.0 0.8819214345546685
outer loop
vertex -46.72500152587892 4.849999904632568 47.21221256256104
vertex -46.52589721679689 4.849999904632568 47.10578918457032
vertex -46.52589721679689 5.800000190734863 47.10578918457032
endloop
endfacet
facet normal 0.5280701552146756 -0.0 0.8492007484520655
outer loop
vertex -46.72500152587892 4.849999904632568 47.21221256256104
vertex -46.72500152587892 5.800000190734863 47.21221256256104
vertex -46.91671676635744 4.849999904632568 47.331429481506355
endloop
endfacet
facet normal 0.4127078157828313 -0.0 0.9108634687985705
outer loop
vertex -46.52589721679689 4.849999904632568 47.10578918457032
vertex -46.320258331298845 4.849999904632568 47.01261520385743
vertex -46.320258331298845 5.800000190734863 47.01261520385743
endloop
endfacet
facet normal 0.0980154972572871 -0.0 0.9951848884993213
outer loop
vertex -45.450316619873064 4.849999904632568 46.779515266418464
vertex -45.22564239501955 4.849999904632568 46.75738716125489
vertex -45.22564239501955 5.800000190734863 46.75738716125489
endloop
endfacet
facet normal 0.03272071596613943 0.0 0.9994645340114192
outer loop
vertex -45.22564239501955 4.849999904632568 46.75738716125489
vertex -44.999999237060564 4.849999904632568 46.75000000000001
vertex -45.22564239501955 5.800000190734863 46.75738716125489
endloop
endfacet
facet normal -0.03272126855587399 0.0 0.9994645159204474
outer loop
vertex -44.999999237060564 4.849999904632568 46.75000000000001
vertex -44.774359893798845 4.849999904632568 46.75738716125489
vertex -44.774359893798845 5.800000190734863 46.75738716125489
endloop
endfacet
facet normal -0.0980154972572871 0.0 0.9951848884993213
outer loop
vertex -44.774359893798845 4.849999904632568 46.75738716125489
vertex -44.54968566894533 4.849999904632568 46.779515266418464
vertex -44.54968566894533 5.800000190734863 46.779515266418464
endloop
endfacet
facet normal -0.1628945158087418 0.0 0.9866434901824648
outer loop
vertex -44.54968566894533 4.849999904632568 46.779515266418464
vertex -44.326937866210955 4.849999904632568 46.81629085540772
vertex -44.326937866210955 5.800000190734863 46.81629085540772
endloop
endfacet
facet normal -0.2270749755294979 0.0 0.9738772794804681
outer loop
vertex -44.326937866210955 4.849999904632568 46.81629085540772
vertex -44.10707397460939 4.849999904632568 46.86755561828614
vertex -44.10707397460939 5.800000190734863 46.86755561828614
endloop
endfacet
facet normal -0.29028489264900087 0.0 0.9569402703929635
outer loop
vertex -44.10707397460939 4.849999904632568 46.86755561828614
vertex -43.891032409667986 4.849999904632568 46.93309116363526
vertex -43.891032409667986 5.800000190734863 46.93309116363526
endloop
endfacet
facet normal -0.0 0.9999999999999999 -0.0
outer loop
vertex -43.891032409667986 4.849999904632568 46.93309116363526
vertex -43.91639251708986 4.849999904632568 48.00266265869141
vertex -43.67974395751955 4.849999904632568 47.01261520385743
endloop
endfacet
facet normal -0.0 1.0 -0.0
outer loop
vertex -43.67974395751955 4.849999904632568 47.01261520385743
vertex -43.77500076293947 4.849999904632568 48.07823753356934
vertex -43.4741050720215 4.849999904632568 47.10578918457032
endloop
endfacet
facet normal -0.0 1.0 -0.0
outer loop
vertex -43.4741050720215 4.849999904632568 47.10578918457032
vertex -43.50853271484377 4.849999904632568 48.256284713745124
vertex -43.27500076293947 4.849999904632568 47.21221256256104
endloop
endfacet
facet normal -0.0 0.9999999999999999 -0.0
outer loop
vertex -43.27500076293947 4.849999904632568 47.21221256256104
vertex -43.38460464477541 4.849999904632568 48.35799217224122
vertex -43.08328170776369 4.849999904632568 47.331429481506355
endloop
endfacet
facet normal -0.0 1.0 0.0
outer loop
vertex -43.91639251708986 4.849999904632568 48.00266265869141
vertex -43.77500076293947 4.849999904632568 48.07823753356934
vertex -43.67974395751955 4.849999904632568 47.01261520385743
endloop
endfacet
facet normal 0.0 1.0 -0.0
outer loop
vertex -43.4741050720215 4.849999904632568 47.10578918457032
vertex -43.77500076293947 4.849999904632568 48.07823753356934
vertex -43.638854217529314 4.849999904632568 48.16289901733399
endloop
endfacet
facet normal 0.0 1.0 -0.0
outer loop
vertex -43.4741050720215 4.849999904632568 47.10578918457032
vertex -43.638854217529314 4.849999904632568 48.16289901733399
vertex -43.50853271484377 4.849999904632568 48.256284713745124
endloop
endfacet
facet normal 0.0 1.0 -0.0
outer loop
vertex -43.27500076293947 4.849999904632568 47.21221256256104
vertex -43.50853271484377 4.849999904632568 48.256284713745124
vertex -43.38460464477541 4.849999904632568 48.35799217224122
endloop
endfacet
facet normal 0.0 1.0 -0.0
outer loop
vertex -43.08328170776369 4.849999904632568 47.331429481506355
vertex -43.38460464477541 4.849999904632568 48.35799217224122
vertex -43.26758880615236 4.849999904632568 48.467588424682624
endloop
endfacet
facet normal 0.0 1.0 -0.0
outer loop
vertex -43.08328170776369 4.849999904632568 47.331429481506355
vertex -43.26758880615236 4.849999904632568 48.467588424682624
vertex -43.157992553710955 4.849999904632568 48.58460235595704
endloop
endfacet
facet normal -0.0 1.0 -0.0
outer loop
vertex -43.08328170776369 4.849999904632568 47.331429481506355
vertex -43.157992553710955 4.849999904632568 48.58460235595704
vertex -42.89977188110353 4.849999904632568 47.462930679321296
endloop
endfacet
facet normal -0.0 0.9999999999999999 -0.0
outer loop
vertex -42.89977188110353 4.849999904632568 47.462930679321296
vertex -42.96290130615236 4.849999904632568 48.83885383605958
vertex -42.72525711059572 4.849999904632568 47.60615253448487
endloop
endfacet
facet normal 0.0 1.0 -0.0
outer loop
vertex -42.89977188110353 4.849999904632568 47.462930679321296
vertex -43.157992553710955 4.849999904632568 48.58460235595704
vertex -43.05628509521486 4.849999904632568 48.70853424072266
endloop
endfacet
facet normal -0.0 0.9999999999999999 -0.0
outer loop
vertex -42.72525711059572 4.849999904632568 47.60615253448487
vertex -42.73649520874025 4.849999904632568 49.26242637634278
vertex -42.56048126220705 4.849999904632568 47.76048183441163
endloop
endfacet
facet normal 0.0 1.0 -0.0
outer loop
vertex -42.89977188110353 4.849999904632568 47.462930679321296
vertex -43.05628509521486 4.849999904632568 48.70853424072266
vertex -42.96290130615236 4.849999904632568 48.83885383605958
endloop
endfacet
facet normal 0.0 1.0 -0.0
outer loop
vertex -42.72525711059572 4.849999904632568 47.60615253448487
vertex -42.96290130615236 4.849999904632568 48.83885383605958
vertex -42.87823791503908 4.849999904632568 48.975000381469734
endloop
endfacet
facet normal 0.0 1.0 -0.0
outer loop
vertex -42.72525711059572 4.849999904632568 47.60615253448487
vertex -42.87823791503908 4.849999904632568 48.975000381469734
vertex -42.80266113281252 4.849999904632568 49.116392135620124
endloop
endfacet
facet normal 0.0 1.0 -0.0
outer loop
vertex -42.72525711059572 4.849999904632568 47.60615253448487
vertex -42.80266113281252 4.849999904632568 49.116392135620124
vertex -42.73649520874025 4.849999904632568 49.26242637634278
endloop
endfacet
facet normal -0.0 0.9999999999999999 -0.0
outer loop
vertex -42.56048126220705 4.849999904632568 47.76048183441163
vertex -42.57096023559572 4.849999904632568 49.88021087646485
vertex -42.40615386962892 4.849999904632568 47.925256729125984
endloop
endfacet
facet normal 0.0 1.0 -0.0
outer loop
vertex -42.56048126220705 4.849999904632568 47.76048183441163
vertex -42.73649520874025 4.849999904632568 49.26242637634278
vertex -42.68002243041994 4.849999904632568 49.412473678588874
endloop
endfacet
facet normal 0.0 0.9999999999999999 -0.0
outer loop
vertex -42.56048126220705 4.849999904632568 47.76048183441163
vertex -42.68002243041994 4.849999904632568 49.412473678588874
vertex -42.633483123779314 4.849999904632568 49.56589317321778
endloop
endfacet
facet normal -0.3522527557024511 0.0 0.9359049076161686
outer loop
vertex -43.891032409667986 4.849999904632568 46.93309116363526
vertex -43.67974395751955 4.849999904632568 47.01261520385743
vertex -43.67974395751955 5.800000190734863 47.01261520385743
endloop
endfacet
facet normal -0.4127078157828313 0.0 0.9108634687985705
outer loop
vertex -43.67974395751955 4.849999904632568 47.01261520385743
vertex -43.4741050720215 4.849999904632568 47.10578918457032
vertex -43.4741050720215 5.800000190734863 47.10578918457032
endloop
endfacet
facet normal -0.47139641839224394 0.0 0.8819214345546685
outer loop
vertex -43.4741050720215 4.849999904632568 47.10578918457032
vertex -43.27500076293947 4.849999904632568 47.21221256256104
vertex -43.27500076293947 5.800000190734863 47.21221256256104
endloop
endfacet
facet normal -0.5280625779794016 0.0 0.8492054602613838
outer loop
vertex -43.27500076293947 4.849999904632568 47.21221256256104
vertex -43.08328170776369 4.849999904632568 47.331429481506355
vertex -43.08328170776369 5.800000190734863 47.331429481506355
endloop
endfacet
facet normal -0.5824774501573251 0.0 0.8128468613817862
outer loop
vertex -43.08328170776369 4.849999904632568 47.331429481506355
vertex -42.89977188110353 4.849999904632568 47.462930679321296
vertex -42.89977188110353 5.800000190734863 47.462930679321296
endloop
endfacet
facet normal -0.6343966835091333 0.0 0.7730076635794839
outer loop
vertex -42.89977188110353 4.849999904632568 47.462930679321296
vertex -42.72525711059572 4.849999904632568 47.60615253448487
vertex -42.72525711059572 5.800000190734863 47.60615253448487
endloop
endfacet
facet normal -0.6835920106212268 0.0 0.7298643456251502
outer loop
vertex -42.72525711059572 4.849999904632568 47.60615253448487
vertex -42.56048126220705 4.849999904632568 47.76048183441163
vertex -42.56048126220705 5.800000190734863 47.76048183441163
endloop
endfacet
facet normal -0.7298665868578652 0.0 0.6835896176716336
outer loop
vertex -42.56048126220705 4.849999904632568 47.76048183441163
vertex -42.40615386962892 4.849999904632568 47.925256729125984
vertex -42.40615386962892 5.800000190734863 47.925256729125984
endloop
endfacet
facet normal -0.7730089922033355 0.0 0.6343950645873467
outer loop
vertex -42.40615386962892 4.849999904632568 47.925256729125984
vertex -42.26293106079103 4.849999904632568 48.09977340698243
vertex -42.26293106079103 5.800000190734863 48.09977340698243
endloop
endfacet
facet normal -0.8128488614141541 1.9879914723098157e-06 0.5824746591000857
outer loop
vertex -42.26293106079103 4.849999904632568 48.09977340698243
vertex -42.13143081665041 4.849999904632568 48.283283233642585
vertex -42.139968109130876 5.800000190734863 48.27136611938477
endloop
endfacet
facet normal -0.8492031043820782 0.0 0.5280663665751124
outer loop
vertex -42.13143081665041 4.849999904632568 48.283283233642585
vertex -42.012213897705095 4.849999904632568 48.475000381469734
vertex -42.012213897705095 5.800000190734863 48.475000381469734
endloop
endfacet
facet normal -0.8819161660338248 0.0 0.4714062749775392
outer loop
vertex -42.012213897705095 4.849999904632568 48.475000381469734
vertex -41.90578765869142 4.849999904632568 48.674104690551765
vertex -41.90578765869142 5.800000190734863 48.674104690551765
endloop
endfacet
facet normal -0.9108683817036285 0.0 0.41269697262351335
outer loop
vertex -41.90578765869142 4.849999904632568 48.674104690551765
vertex -41.8126174926758 4.849999904632568 48.87974166870118
vertex -41.8126174926758 5.800000190734863 48.87974166870118
endloop
endfacet
facet normal -0.0 1.0 -0.0
outer loop
vertex -45.450316619873064 5.800000190734863 40.42048454284669
vertex -45.892924499511736 5.800000190734863 46.86755561828614
vertex -45.67306060791017 5.800000190734863 46.81629085540772
endloop
endfacet
facet normal -0.0 1.0 -0.0
outer loop
vertex -45.450316619873064 5.800000190734863 40.42048454284669
vertex -45.67306060791017 5.800000190734863 46.81629085540772
vertex -45.450316619873064 5.800000190734863 46.779515266418464
endloop
endfacet
facet normal -0.0 1.0 0.0
outer loop
vertex -45.450316619873064 5.800000190734863 40.42048454284669
vertex -45.450316619873064 5.800000190734863 46.779515266418464
vertex -45.22564239501955 5.800000190734863 46.75738716125489
endloop
endfacet
facet normal -0.0 1.0 0.0
outer loop
vertex -45.450316619873064 5.800000190734863 40.42048454284669
vertex -45.22564239501955 5.800000190734863 46.75738716125489
vertex -44.99431533813478 5.800000190734863 46.750185966491706
endloop
endfacet
facet normal 0.0 1.0 0.0
outer loop
vertex -45.450316619873064 5.800000190734863 40.42048454284669
vertex -44.99431533813478 5.800000190734863 46.750185966491706
vertex -44.774359893798845 5.800000190734863 46.75738716125489
endloop
endfacet
facet normal 0.0 1.0 0.0
outer loop
vertex -45.450316619873064 5.800000190734863 40.42048454284669
vertex -44.774359893798845 5.800000190734863 46.75738716125489
vertex -44.54968566894533 5.800000190734863 46.779515266418464
endloop
endfacet
facet normal 0.0 1.0 0.0
outer loop
vertex -45.450316619873064 5.800000190734863 40.42048454284669
vertex -44.54968566894533 5.800000190734863 46.779515266418464
vertex -44.326937866210955 5.800000190734863 46.81629085540772
endloop
endfacet
facet normal 0.0 0.9999999999999999 0.0
outer loop
vertex -45.450316619873064 5.800000190734863 40.42048454284669
vertex -44.326937866210955 5.800000190734863 46.81629085540772
vertex -44.10707397460939 5.800000190734863 46.86755561828614
endloop
endfacet
facet normal 0.0 1.0 0.0
outer loop
vertex -45.450316619873064 5.800000190734863 40.42048454284669
vertex -44.10707397460939 5.800000190734863 46.86755561828614
vertex -43.891032409667986 5.800000190734863 46.93309116363526
endloop
endfacet
facet normal -0.0 0.9999999999999999 0.0
outer loop
vertex -43.891032409667986 5.800000190734863 46.93309116363526
vertex -43.67974395751955 5.800000190734863 47.01261520385743
vertex -45.22564239501955 5.800000190734863 40.44261360168458
endloop
endfacet
facet normal -0.0 1.0 0.0
outer loop
vertex -43.67974395751955 5.800000190734863 47.01261520385743
vertex -43.4741050720215 5.800000190734863 47.10578918457032
vertex -45.22564239501955 5.800000190734863 40.44261360168458
endloop
endfacet
facet normal -0.0 1.0 0.0
outer loop
vertex -43.4741050720215 5.800000190734863 47.10578918457032
vertex -43.27500076293947 5.800000190734863 47.21221256256104
vertex -45.22564239501955 5.800000190734863 40.44261360168458
endloop
endfacet
facet normal -0.0 1.0 0.0
outer loop
vertex -45.22564239501955 5.800000190734863 40.44261360168458
vertex -40.79999847412111 5.800000190734863 50.20000076293946
vertex -44.999999237060564 5.800000190734863 40.449999809265144
endloop
endfacet
facet normal -0.0 1.0 0.0
outer loop
vertex -44.999999237060564 5.800000190734863 40.449999809265144
vertex -40.79999847412111 5.800000190734863 50.20000076293946
vertex -44.774359893798845 5.800000190734863 40.44261360168458
endloop
endfacet
facet normal -0.0 1.0 0.0
outer loop
vertex -44.774359893798845 5.800000190734863 40.44261360168458
vertex -40.79999847412111 5.800000190734863 50.20000076293946
vertex -44.54968566894533 5.800000190734863 40.42048454284669
endloop
endfacet
facet normal 0.0 1.0 -0.0
outer loop
vertex -44.326937866210955 5.800000190734863 40.38370895385743
vertex -44.54968566894533 5.800000190734863 40.42048454284669
vertex -40.79999847412111 5.800000190734863 50.20000076293946
endloop
endfacet
facet normal -0.0 1.0 0.0
outer loop
vertex -44.326937866210955 5.800000190734863 40.38370895385743
vertex -40.79999847412111 5.800000190734863 50.20000076293946
vertex -44.10707397460939 5.800000190734863 40.33244419097901
endloop
endfacet
facet normal -0.0 1.0 0.0
outer loop
vertex -43.27500076293947 5.800000190734863 47.21221256256104
vertex -43.08328170776369 5.800000190734863 47.331429481506355
vertex -45.22564239501955 5.800000190734863 40.44261360168458
endloop
endfacet
facet normal -0.0 1.0 0.0
outer loop
vertex -43.08328170776369 5.800000190734863 47.331429481506355
vertex -42.89977188110353 5.800000190734863 47.462930679321296
vertex -45.22564239501955 5.800000190734863 40.44261360168458
endloop
endfacet
facet normal -0.0 1.0 0.0
outer loop
vertex -42.89977188110353 5.800000190734863 47.462930679321296
vertex -42.72525711059572 5.800000190734863 47.60615253448487
vertex -45.22564239501955 5.800000190734863 40.44261360168458
endloop
endfacet
facet normal -0.0 1.0 0.0
outer loop
vertex -42.72525711059572 5.800000190734863 47.60615253448487
vertex -42.56048126220705 5.800000190734863 47.76048183441163
vertex -45.22564239501955 5.800000190734863 40.44261360168458
endloop
endfacet
facet normal 0.0 1.0 0.0
outer loop
vertex -45.22564239501955 5.800000190734863 40.44261360168458
vertex -42.56048126220705 5.800000190734863 47.76048183441163
vertex -42.40615386962892 5.800000190734863 47.925256729125984
endloop
endfacet
facet normal 0.0 1.0 0.0
outer loop
vertex -45.22564239501955 5.800000190734863 40.44261360168458
vertex -42.40615386962892 5.800000190734863 47.925256729125984
vertex -42.26293106079103 5.800000190734863 48.09977340698243
endloop
endfacet
facet normal 0.0 0.9999999999999999 0.0
outer loop
vertex -45.22564239501955 5.800000190734863 40.44261360168458
vertex -42.26293106079103 5.800000190734863 48.09977340698243
vertex -42.139968109130876 5.800000190734863 48.27136611938477
endloop
endfacet
facet normal 0.0 1.0 0.0
outer loop
vertex -45.22564239501955 5.800000190734863 40.44261360168458
vertex -42.139968109130876 5.800000190734863 48.27136611938477
vertex -42.012213897705095 5.800000190734863 48.475000381469734
endloop
endfacet
facet normal 0.0 0.9999999999999999 0.0
outer loop
vertex -45.22564239501955 5.800000190734863 40.44261360168458
vertex -42.012213897705095 5.800000190734863 48.475000381469734
vertex -41.90578765869142 5.800000190734863 48.674104690551765
endloop
endfacet
facet normal 0.29028489264900087 0.0 0.9569402703929635
outer loop
vertex -46.10896606445314 4.849999904632568 46.93309116363526
vertex -45.892924499511736 5.800000190734863 46.86755561828614
vertex -46.10896606445314 5.800000190734863 46.93309116363526
endloop
endfacet
facet normal 0.2270749755294979 0.0 0.9738772794804681
outer loop
vertex -45.892924499511736 4.849999904632568 46.86755561828614
vertex -45.67306060791017 5.800000190734863 46.81629085540772
vertex -45.892924499511736 5.800000190734863 46.86755561828614
endloop
endfacet
facet normal 0.16289723150230945 0.0 0.9866430418185105
outer loop
vertex -45.67306060791017 4.849999904632568 46.81629085540772
vertex -45.450316619873064 5.800000190734863 46.779515266418464
vertex -45.67306060791017 5.800000190734863 46.81629085540772
endloop
endfacet
facet normal 0.5280701552146756 0.0 0.8492007484520655
outer loop
vertex -46.91671676635744 4.849999904632568 47.331429481506355
vertex -46.72500152587892 5.800000190734863 47.21221256256104
vertex -46.91671676635744 5.800000190734863 47.331429481506355
endloop
endfacet
facet normal 0.47139641839224394 0.0 0.8819214345546685
outer loop
vertex -46.72500152587892 4.849999904632568 47.21221256256104
vertex -46.52589721679689 5.800000190734863 47.10578918457032
vertex -46.72500152587892 5.800000190734863 47.21221256256104
endloop
endfacet
facet normal 0.4127078157828313 0.0 0.9108634687985705
outer loop
vertex -46.52589721679689 4.849999904632568 47.10578918457032
vertex -46.320258331298845 5.800000190734863 47.01261520385743
vertex -46.52589721679689 5.800000190734863 47.10578918457032
endloop
endfacet
facet normal 0.352247185181866 0.0 0.93590700421113
outer loop
vertex -46.320258331298845 4.849999904632568 47.01261520385743
vertex -46.10896606445314 5.800000190734863 46.93309116363526
vertex -46.320258331298845 5.800000190734863 47.01261520385743
endloop
endfacet
facet normal 0.0980154972572871 0.0 0.9951848884993213
outer loop
vertex -45.450316619873064 4.849999904632568 46.779515266418464
vertex -45.22564239501955 5.800000190734863 46.75738716125489
vertex -45.450316619873064 5.800000190734863 46.779515266418464
endloop
endfacet
facet normal 0.031114853703897848 -0.00038182106356731956 0.9995157427933091
outer loop
vertex -44.999999237060564 4.849999904632568 46.75000000000001
vertex -44.99431533813478 5.800000190734863 46.750185966491706
vertex -45.22564239501955 5.800000190734863 46.75738716125489
endloop
endfacet
facet normal -0.03272180206306576 1.2685179389513843e-07 0.9994644984539117
outer loop
vertex -44.999999237060564 4.849999904632568 46.75000000000001
vertex -44.774359893798845 5.800000190734863 46.75738716125489
vertex -44.99431533813478 5.800000190734863 46.750185966491706
endloop
endfacet
facet normal -0.0980154972572871 0.0 0.9951848884993213
outer loop
vertex -44.774359893798845 4.849999904632568 46.75738716125489
vertex -44.54968566894533 5.800000190734863 46.779515266418464
vertex -44.774359893798845 5.800000190734863 46.75738716125489
endloop
endfacet
facet normal -0.1628945158087418 0.0 0.9866434901824648
outer loop
vertex -44.54968566894533 4.849999904632568 46.779515266418464
vertex -44.326937866210955 5.800000190734863 46.81629085540772
vertex -44.54968566894533 5.800000190734863 46.779515266418464
endloop
endfacet
facet normal -0.2270749755294979 0.0 0.9738772794804681
outer loop
vertex -44.326937866210955 4.849999904632568 46.81629085540772
vertex -44.10707397460939 5.800000190734863 46.86755561828614
vertex -44.326937866210955 5.800000190734863 46.81629085540772
endloop
endfacet
facet normal -0.29028489264900087 0.0 0.9569402703929635
outer loop
vertex -44.10707397460939 4.849999904632568 46.86755561828614
vertex -43.891032409667986 5.800000190734863 46.93309116363526
vertex -44.10707397460939 5.800000190734863 46.86755561828614
endloop
endfacet
facet normal -0.3522527557024511 0.0 0.9359049076161686
outer loop
vertex -43.891032409667986 4.849999904632568 46.93309116363526
vertex -43.67974395751955 5.800000190734863 47.01261520385743
vertex -43.891032409667986 5.800000190734863 46.93309116363526
endloop
endfacet
facet normal -0.4127078157828313 0.0 0.9108634687985705
outer loop
vertex -43.67974395751955 4.849999904632568 47.01261520385743
vertex -43.4741050720215 5.800000190734863 47.10578918457032
vertex -43.67974395751955 5.800000190734863 47.01261520385743
endloop
endfacet
facet normal -0.47139641839224394 0.0 0.8819214345546685
outer loop
vertex -43.4741050720215 4.849999904632568 47.10578918457032
vertex -43.27500076293947 5.800000190734863 47.21221256256104
vertex -43.4741050720215 5.800000190734863 47.10578918457032
endloop
endfacet
facet normal -0.5280625779794016 0.0 0.8492054602613838
outer loop
vertex -43.27500076293947 4.849999904632568 47.21221256256104
vertex -43.08328170776369 5.800000190734863 47.331429481506355
vertex -43.27500076293947 5.800000190734863 47.21221256256104
endloop
endfacet
facet normal -0.5824774501573251 0.0 0.8128468613817862
outer loop
vertex -43.08328170776369 4.849999904632568 47.331429481506355
vertex -42.89977188110353 5.800000190734863 47.462930679321296
vertex -43.08328170776369 5.800000190734863 47.331429481506355
endloop
endfacet
facet normal -0.6343966835091333 0.0 0.7730076635794839
outer loop
vertex -42.89977188110353 4.849999904632568 47.462930679321296
vertex -42.72525711059572 5.800000190734863 47.60615253448487
vertex -42.89977188110353 5.800000190734863 47.462930679321296
endloop
endfacet
facet normal -0.6835920106212268 0.0 0.7298643456251502
outer loop
vertex -42.72525711059572 4.849999904632568 47.60615253448487
vertex -42.56048126220705 5.800000190734863 47.76048183441163
vertex -42.72525711059572 5.800000190734863 47.60615253448487
endloop
endfacet
facet normal -0.7298665868578652 0.0 0.6835896176716336
outer loop
vertex -42.56048126220705 4.849999904632568 47.76048183441163
vertex -42.40615386962892 5.800000190734863 47.925256729125984
vertex -42.56048126220705 5.800000190734863 47.76048183441163
endloop
endfacet
facet normal -0.7730089922033355 0.0 0.6343950645873467
outer loop
vertex -42.40615386962892 4.849999904632568 47.925256729125984
vertex -42.26293106079103 5.800000190734863 48.09977340698243
vertex -42.40615386962892 5.800000190734863 47.925256729125984
endloop
endfacet
facet normal -0.8128436503545043 0.0 0.5824819311174935
outer loop
vertex -42.26293106079103 4.849999904632568 48.09977340698243
vertex -42.139968109130876 5.800000190734863 48.27136611938477
vertex -42.26293106079103 5.800000190734863 48.09977340698243
endloop
endfacet
facet normal -0.8470940520519804 -0.0009459288810429037 0.5314421626072857
outer loop
vertex -42.13143081665041 4.849999904632568 48.283283233642585
vertex -42.012213897705095 5.800000190734863 48.475000381469734
vertex -42.139968109130876 5.800000190734863 48.27136611938477
endloop
endfacet
facet normal -0.8819161660338248 0.0 0.4714062749775392
outer loop
vertex -42.012213897705095 4.849999904632568 48.475000381469734
vertex -41.90578765869142 5.800000190734863 48.674104690551765
vertex -42.012213897705095 5.800000190734863 48.475000381469734
endloop
endfacet
facet normal -0.9108683817036285 0.0 0.41269697262351335
outer loop
vertex -41.90578765869142 4.849999904632568 48.674104690551765
vertex -41.8126174926758 5.800000190734863 48.87974166870118
vertex -41.90578765869142 5.800000190734863 48.674104690551765
endloop
endfacet
facet normal -0.9359056115962049 0.0 0.3522508852831083
outer loop
vertex -41.8126174926758 4.849999904632568 48.87974166870118
vertex -41.733092498779314 5.800000190734863 49.09103393554688
vertex -41.8126174926758 5.800000190734863 48.87974166870118
endloop
endfacet
facet normal 0.0 1.0 -0.0
outer loop
vertex -40.79999847412111 5.800000190734863 50.20000076293946
vertex -45.22564239501955 5.800000190734863 40.44261360168458
vertex -41.90578765869142 5.800000190734863 48.674104690551765
endloop
endfacet
facet normal 0.0 1.0 -0.0
outer loop
vertex -47.737067413330095 4.849999904632568 48.09977340698243
vertex -47.868571472167986 4.849999904632568 48.283283233642585
vertex -47.868571472167986 4.849999904632568 52.1167163848877
endloop
endfacet
facet normal 0.0 1.0 -0.0
outer loop
vertex -47.868571472167986 4.849999904632568 48.283283233642585
vertex -47.9877883911133 4.849999904632568 48.475000381469734
vertex -47.9877883911133 4.849999904632568 51.924999237060554
endloop
endfacet
facet normal 0.0 1.0 -0.0
outer loop
vertex -47.9877883911133 4.849999904632568 48.475000381469734
vertex -48.094210815429705 4.849999904632568 48.674104690551765
vertex -48.094210815429705 4.849999904632568 51.725896835327156
endloop
endfacet
facet normal -0.0 0.9999999999999999 0.0
outer loop
vertex -47.43951721191408 4.849999904632568 47.76048183441163
vertex -47.40292282104494 4.849999904632568 49.72202873229981
vertex -47.36651916503908 4.849999904632568 49.56589317321778
endloop
endfacet
facet normal -0.0 1.0 0.0
outer loop
vertex -47.43951721191408 4.849999904632568 47.76048183441163
vertex -47.42903823852541 4.849999904632568 49.88021087646485
vertex -47.40292282104494 4.849999904632568 49.72202873229981
endloop
endfacet
facet normal -0.0 1.0 -0.0
outer loop
vertex -47.43951721191408 4.849999904632568 47.76048183441163
vertex -47.44475479125978 4.849999904632568 50.03976249694825
vertex -47.42903823852541 4.849999904632568 49.88021087646485
endloop
endfacet
facet normal 0.0 1.0 -0.0
outer loop
vertex -47.43951721191408 4.849999904632568 47.76048183441163
vertex -47.59384841918947 4.849999904632568 47.925256729125984
vertex -47.59384841918947 4.849999904632568 52.474742889404304
endloop
endfacet
facet normal -0.0 1.0 0.0
outer loop
vertex -47.737067413330095 4.849999904632568 48.09977340698243
vertex -47.737067413330095 4.849999904632568 52.30022621154786
vertex -47.59384841918947 4.849999904632568 47.925256729125984
endloop
endfacet
facet normal 0.0 1.0 -0.0
outer loop
vertex -48.26690979003908 4.849999904632568 49.09103393554688
vertex -48.33244247436525 4.849999904632568 49.307073593139656
vertex -48.33244247436525 4.849999904632568 51.09292602539063
endloop
endfacet
facet normal -0.0 1.0 0.0
outer loop
vertex -48.187384796142595 4.849999904632568 48.87974166870118
vertex -48.187384796142595 4.849999904632568 51.52025794982911
vertex -48.094210815429705 4.849999904632568 48.674104690551765
endloop
endfacet
facet normal 0.0 1.0 -0.0
outer loop
vertex -48.187384796142595 4.849999904632568 48.87974166870118
vertex -48.26690979003908 4.849999904632568 49.09103393554688
vertex -48.26690979003908 4.849999904632568 51.308965682983406
endloop
endfacet
facet normal 0.0 1.0 -0.0
outer loop
vertex -48.33244247436525 4.849999904632568 49.307073593139656
vertex -48.383708190917986 4.849999904632568 49.52693748474122
vertex -48.383708190917986 4.849999904632568 50.87306213378907
endloop
endfacet
facet normal 0.0 1.0 -0.0
outer loop
vertex -48.383708190917986 4.849999904632568 49.52693748474122
vertex -48.420485687255876 4.849999904632568 49.74968528747559
vertex -48.420485687255876 4.849999904632568 50.65031623840333
endloop
endfacet
facet normal 0.0 1.0 -0.0
outer loop
vertex -48.420485687255876 4.849999904632568 49.74968528747559
vertex -48.44261474609377 4.849999904632568 49.97435951232911
vertex -48.44261474609377 4.849999904632568 50.42564010620118
endloop
endfacet
facet normal 0.0 1.0 -0.0
outer loop
vertex -48.44261474609377 4.849999904632568 49.97435951232911
vertex -48.45000000000002 4.849999904632568 50.20000076293946
vertex -48.44261474609377 4.849999904632568 50.42564010620118
endloop
endfacet
facet normal 0.0 1.0 -0.0
outer loop
vertex -48.420485687255876 4.849999904632568 49.74968528747559
vertex -48.44261474609377 4.849999904632568 50.42564010620118
vertex -48.420485687255876 4.849999904632568 50.65031623840333
endloop
endfacet
facet normal -0.0 1.0 -0.0
outer loop
vertex -47.43951721191408 4.849999904632568 47.76048183441163
vertex -47.59384841918947 4.849999904632568 52.474742889404304
vertex -47.44475479125978 4.849999904632568 50.03976249694825
endloop
endfacet
facet normal 0.0 0.9999999999999999 -0.0
outer loop
vertex -48.383708190917986 4.849999904632568 49.52693748474122
vertex -48.420485687255876 4.849999904632568 50.65031623840333
vertex -48.383708190917986 4.849999904632568 50.87306213378907
endloop
endfacet
facet normal 0.0 1.0 -0.0
outer loop
vertex -48.33244247436525 4.849999904632568 49.307073593139656
vertex -48.383708190917986 4.849999904632568 50.87306213378907
vertex -48.33244247436525 4.849999904632568 51.09292602539063
endloop
endfacet
facet normal 0.0 1.0 -0.0
outer loop
vertex -48.26690979003908 4.849999904632568 49.09103393554688
vertex -48.33244247436525 4.849999904632568 51.09292602539063
vertex -48.26690979003908 4.849999904632568 51.308965682983406
endloop
endfacet
facet normal 0.0 1.0 -0.0
outer loop
vertex -48.187384796142595 4.849999904632568 48.87974166870118
vertex -48.26690979003908 4.849999904632568 51.308965682983406
vertex -48.187384796142595 4.849999904632568 51.52025794982911
endloop
endfacet
facet normal 0.0 1.0 -0.0
outer loop
vertex -48.094210815429705 4.849999904632568 48.674104690551765
vertex -48.187384796142595 4.849999904632568 51.52025794982911
vertex -48.094210815429705 4.849999904632568 51.725896835327156
endloop
endfacet
facet normal 0.0 0.9999999999999999 -0.0
outer loop
vertex -47.9877883911133 4.849999904632568 48.475000381469734
vertex -48.094210815429705 4.849999904632568 51.725896835327156
vertex -47.9877883911133 4.849999904632568 51.924999237060554
endloop
endfacet
facet normal 0.0 0.9999999999999999 -0.0
outer loop
vertex -47.868571472167986 4.849999904632568 48.283283233642585
vertex -47.9877883911133 4.849999904632568 51.924999237060554
vertex -47.868571472167986 4.849999904632568 52.1167163848877
endloop
endfacet
facet normal 0.0 0.9999999999999999 -0.0
outer loop
vertex -47.737067413330095 4.849999904632568 48.09977340698243
vertex -47.868571472167986 4.849999904632568 52.1167163848877
vertex -47.737067413330095 4.849999904632568 52.30022621154786
endloop
endfacet
facet normal 0.0 1.0 -0.0
outer loop
vertex -47.59384841918947 4.849999904632568 47.925256729125984
vertex -47.737067413330095 4.849999904632568 52.30022621154786
vertex -47.59384841918947 4.849999904632568 52.474742889404304
endloop
endfacet
facet normal -0.0 0.9999999999999999 -0.0
outer loop
vertex -47.44475479125978 4.849999904632568 50.03976249694825
vertex -47.59384841918947 4.849999904632568 52.474742889404304
vertex -47.45000000000002 4.849999904632568 50.20000076293946
endloop
endfacet
facet normal -0.0 1.0 -0.0
outer loop
vertex -47.45000000000002 4.849999904632568 50.20000076293946
vertex -47.59384841918947 4.849999904632568 52.474742889404304
vertex -47.44475479125978 4.849999904632568 50.36023712158204
endloop
endfacet
facet normal -0.0 1.0 -0.0
outer loop
vertex -47.44475479125978 4.849999904632568 50.36023712158204
vertex -47.59384841918947 4.849999904632568 52.474742889404304
vertex -47.42903823852541 4.849999904632568 50.51978874206544
endloop
endfacet
facet normal -0.0 1.0 -0.0
outer loop
vertex -47.42903823852541 4.849999904632568 50.51978874206544
vertex -47.43951721191408 4.849999904632568 52.639518737792976
vertex -47.40292282104494 4.849999904632568 50.677970886230476
endloop
endfacet
facet normal -0.0 1.0 -0.0
outer loop
vertex -47.40292282104494 4.849999904632568 50.677970886230476
vertex -47.43951721191408 4.849999904632568 52.639518737792976
vertex -47.36651916503908 4.849999904632568 50.83410644531251
endloop
endfacet
facet normal -0.0 1.0 -0.0
outer loop
vertex -47.36651916503908 4.849999904632568 50.83410644531251
vertex -47.43951721191408 4.849999904632568 52.639518737792976
vertex -47.319979858398455 4.849999904632568 50.98752593994141
endloop
endfacet
facet normal -0.0 1.0 -0.0
outer loop
vertex -47.319979858398455 4.849999904632568 50.98752593994141
vertex -47.43951721191408 4.849999904632568 52.639518737792976
vertex -47.263503265380876 4.849999904632568 51.13757514953614
endloop
endfacet
facet normal 0.9569430787563817 -0.0 0.2902756345618032
outer loop
vertex -48.26690979003908 4.849999904632568 49.09103393554688
vertex -48.26690979003908 5.800000190734863 49.09103393554688
vertex -48.33244247436525 4.849999904632568 49.307073593139656
endloop
endfacet
facet normal 0.9738763453074175 -0.0 0.22707898196589604
outer loop
vertex -48.33244247436525 4.849999904632568 49.307073593139656
vertex -48.33244247436525 5.800000190734863 49.307073593139656
vertex -48.383708190917986 4.849999904632568 49.52693748474122
endloop
endfacet
facet normal 0.9866421323256012 -0.0 0.16290274006287028
outer loop
vertex -48.383708190917986 4.849999904632568 49.52693748474122
vertex -48.383708190917986 5.800000190734863 49.52693748474122
vertex -48.420485687255876 4.849999904632568 49.74968528747559
endloop
endfacet
facet normal 0.9951844764414483 -0.0 0.09801968093174256
outer loop
vertex -48.420485687255876 4.849999904632568 49.74968528747559
vertex -48.420485687255876 5.800000190734863 49.74968528747559
vertex -48.44261474609377 4.849999904632568 49.97435951232911
endloop
endfacet
facet normal 0.9994648012253604 -0.0 0.03271255281311735
outer loop
vertex -48.44261474609377 4.849999904632568 49.97435951232911
vertex -48.44261474609377 5.800000190734863 49.97435951232911
vertex -48.45000000000002 4.849999904632568 50.20000076293946
endloop
endfacet
facet normal 0.9994647921844227 0.0 -0.03271282903920613
outer loop
vertex -48.45000000000002 4.849999904632568 50.20000076293946
vertex -48.45000000000002 5.800000190734863 50.20000076293946
vertex -48.44261474609377 4.849999904632568 50.42564010620118
endloop
endfacet
facet normal 0.9951845576125639 0.0 -0.09801885680564511
outer loop
vertex -48.44261474609377 4.849999904632568 50.42564010620118
vertex -48.44261474609377 5.800000190734863 50.42564010620118
vertex -48.420485687255876 4.849999904632568 50.65031623840333
endloop
endfacet
facet normal 0.9866419081240981 0.0 -0.16290409796330682
outer loop
vertex -48.420485687255876 4.849999904632568 50.65031623840333
vertex -48.420485687255876 5.800000190734863 50.65031623840333
vertex -48.383708190917986 4.849999904632568 50.87306213378907
endloop
endfacet
facet normal 0.9738763453074175 0.0 -0.22707898196589604
outer loop
vertex -48.383708190917986 4.849999904632568 50.87306213378907
vertex -48.383708190917986 5.800000190734863 50.87306213378907
vertex -48.33244247436525 4.849999904632568 51.09292602539063
endloop
endfacet
facet normal 0.9569430787563817 0.0 -0.2902756345618032
outer loop
vertex -48.33244247436525 4.849999904632568 51.09292602539063
vertex -48.33244247436525 5.800000190734863 51.09292602539063
vertex -48.26690979003908 4.849999904632568 51.308965682983406
endloop
endfacet
facet normal 0.9359056115962049 0.0 -0.3522508852831083
outer loop
vertex -48.26690979003908 4.849999904632568 51.308965682983406
vertex -48.26690979003908 5.800000190734863 51.308965682983406
vertex -48.187384796142595 4.849999904632568 51.52025794982911
endloop
endfacet
facet normal 0.9108634687985705 0.0 -0.4127078157828313
outer loop
vertex -48.187384796142595 4.849999904632568 51.52025794982911
vertex -48.187384796142595 5.800000190734863 51.52025794982911
vertex -48.094210815429705 4.849999904632568 51.725896835327156
endloop
endfacet
facet normal 0.0 1.0 -0.0
outer loop
vertex -47.42903823852541 4.849999904632568 50.51978874206544
vertex -47.59384841918947 4.849999904632568 52.474742889404304
vertex -47.43951721191408 4.849999904632568 52.639518737792976
endloop
endfacet
facet normal -0.0 1.0 -0.0
outer loop
vertex -47.263503265380876 4.849999904632568 51.13757514953614
vertex -47.27474136352541 4.849999904632568 52.793848037719734
vertex -47.19733734130861 4.849999904632568 51.28360748291016
endloop
endfacet
facet normal -0.0 1.0 -0.0
outer loop
vertex -47.19733734130861 4.849999904632568 51.28360748291016
vertex -47.27474136352541 4.849999904632568 52.793848037719734
vertex -47.12176055908205 4.849999904632568 51.424999237060554
endloop
endfacet
facet normal -0.0 0.9999999999999999 -0.0
outer loop
vertex -47.12176055908205 4.849999904632568 51.424999237060554
vertex -47.27474136352541 4.849999904632568 52.793848037719734
vertex -47.03710098266603 4.849999904632568 51.56114768981934
endloop
endfacet
facet normal 0.0 1.0 -0.0
outer loop
vertex -47.263503265380876 4.849999904632568 51.13757514953614
vertex -47.43951721191408 4.849999904632568 52.639518737792976
vertex -47.27474136352541 4.849999904632568 52.793848037719734
endloop
endfacet
facet normal -0.0 1.0 -0.0
outer loop
vertex -47.03710098266603 4.849999904632568 51.56114768981934
vertex -47.100226593017595 4.849999904632568 52.93706893920899
vertex -46.94371719360353 4.849999904632568 51.691465377807624
endloop
endfacet
facet normal 0.0 1.0 -0.0
outer loop
vertex -47.03710098266603 4.849999904632568 51.56114768981934
vertex -47.27474136352541 4.849999904632568 52.793848037719734
vertex -47.100226593017595 4.849999904632568 52.93706893920899
endloop
endfacet
facet normal 0.8819213133405758 0.0 -0.471396645167988
outer loop
vertex -48.094210815429705 4.849999904632568 51.725896835327156
vertex -48.094210815429705 5.800000190734863 51.725896835327156
vertex -47.9877883911133 4.849999904632568 51.924999237060554
endloop
endfacet
facet normal 0.8492031043820782 0.0 -0.5280663665751124
outer loop
vertex -47.9877883911133 4.849999904632568 51.924999237060554
vertex -47.9877883911133 5.800000190734863 51.924999237060554
vertex -47.868571472167986 4.849999904632568 52.1167163848877
endloop
endfacet
facet normal 0.8128408612814169 0.0 -0.5824858232019765
outer loop
vertex -47.868571472167986 4.849999904632568 52.1167163848877
vertex -47.868571472167986 5.800000190734863 52.1167163848877
vertex -47.737067413330095 4.849999904632568 52.30022621154786
endloop
endfacet
facet normal 0.7730172783616739 0.0 -0.6343849677871556
outer loop
vertex -47.737067413330095 4.849999904632568 52.30022621154786
vertex -47.737067413330095 5.800000190734863 52.30022621154786
vertex -47.59384841918947 4.849999904632568 52.474742889404304
endloop
endfacet
facet normal 0.7298601304393464 0.0 -0.6835965111050964
outer loop
vertex -47.59384841918947 4.849999904632568 52.474742889404304
vertex -47.59384841918947 5.800000190734863 52.474742889404304
vertex -47.43951721191408 4.849999904632568 52.639518737792976
endloop
endfacet
facet normal 0.6835920106212268 0.0 -0.7298643456251502
outer loop
vertex -47.43951721191408 4.849999904632568 52.639518737792976
vertex -47.43951721191408 5.800000190734863 52.639518737792976
vertex -47.27474136352541 4.849999904632568 52.793848037719734
endloop
endfacet
facet normal 0.6343941593249529 0.0 -0.7730097351355844
outer loop
vertex -47.27474136352541 4.849999904632568 52.793848037719734
vertex -47.27474136352541 5.800000190734863 52.793848037719734
vertex -47.100226593017595 4.849999904632568 52.93706893920899
endloop
endfacet
facet normal 0.582480241192811 0.0 -0.8128448613480708
outer loop
vertex -47.100226593017595 4.849999904632568 52.93706893920899
vertex -47.100226593017595 5.800000190734863 52.93706893920899
vertex -46.91671676635744 4.849999904632568 53.06857109069825
endloop
endfacet
facet normal 0.9359056115962049 0.0 0.3522508852831083
outer loop
vertex -48.187384796142595 5.800000190734863 48.87974166870118
vertex -48.26690979003908 5.800000190734863 49.09103393554688
vertex -48.26690979003908 4.849999904632568 49.09103393554688
endloop
endfacet
facet normal 0.9569430787563817 0.0 0.2902756345618032
outer loop
vertex -48.33244247436525 4.849999904632568 49.307073593139656
vertex -48.26690979003908 5.800000190734863 49.09103393554688
vertex -48.33244247436525 5.800000190734863 49.307073593139656
endloop
endfacet
facet normal 0.9738763453074175 0.0 0.22707898196589604
outer loop
vertex -48.383708190917986 4.849999904632568 49.52693748474122
vertex -48.33244247436525 5.800000190734863 49.307073593139656
vertex -48.383708190917986 5.800000190734863 49.52693748474122
endloop
endfacet
facet normal 0.9866421323256012 0.0 0.16290274006287028
outer loop
vertex -48.420485687255876 4.849999904632568 49.74968528747559
vertex -48.383708190917986 5.800000190734863 49.52693748474122
vertex -48.420485687255876 5.800000190734863 49.74968528747559
endloop
endfacet
facet normal 0.9951844764414483 0.0 0.09801968093174256
outer loop
vertex -48.44261474609377 4.849999904632568 49.97435951232911
vertex -48.420485687255876 5.800000190734863 49.74968528747559
vertex -48.44261474609377 5.800000190734863 49.97435951232911
endloop
endfacet
facet normal 0.9994648012253604 0.0 0.03271255281311735
outer loop
vertex -48.45000000000002 4.849999904632568 50.20000076293946
vertex -48.44261474609377 5.800000190734863 49.97435951232911
vertex -48.45000000000002 5.800000190734863 50.20000076293946
endloop
endfacet
facet normal 0.9994647921844227 0.0 -0.03271282903920613
outer loop
vertex -48.44261474609377 4.849999904632568 50.42564010620118
vertex -48.45000000000002 5.800000190734863 50.20000076293946
vertex -48.44261474609377 5.800000190734863 50.42564010620118
endloop
endfacet
facet normal 0.9951845576125639 0.0 -0.09801885680564511
outer loop
vertex -48.420485687255876 4.849999904632568 50.65031623840333
vertex -48.44261474609377 5.800000190734863 50.42564010620118
vertex -48.420485687255876 5.800000190734863 50.65031623840333
endloop
endfacet
facet normal 0.9866419081240981 0.0 -0.16290409796330682
outer loop
vertex -48.383708190917986 4.849999904632568 50.87306213378907
vertex -48.420485687255876 5.800000190734863 50.65031623840333
vertex -48.383708190917986 5.800000190734863 50.87306213378907
endloop
endfacet
facet normal 0.9738763453074175 0.0 -0.22707898196589604
outer loop
vertex -48.33244247436525 4.849999904632568 51.09292602539063
vertex -48.383708190917986 5.800000190734863 50.87306213378907
vertex -48.33244247436525 5.800000190734863 51.09292602539063
endloop
endfacet
facet normal 0.9569430787563817 0.0 -0.2902756345618032
outer loop
vertex -48.26690979003908 4.849999904632568 51.308965682983406
vertex -48.33244247436525 5.800000190734863 51.09292602539063
vertex -48.26690979003908 5.800000190734863 51.308965682983406
endloop
endfacet
facet normal 0.9359056115962049 0.0 -0.3522508852831083
outer loop
vertex -48.187384796142595 4.849999904632568 51.52025794982911
vertex -48.26690979003908 5.800000190734863 51.308965682983406
vertex -48.187384796142595 5.800000190734863 51.52025794982911
endloop
endfacet
facet normal 0.9108634687985705 0.0 -0.4127078157828313
outer loop
vertex -48.187384796142595 5.800000190734863 51.52025794982911
vertex -48.094210815429705 5.800000190734863 51.725896835327156
vertex -48.094210815429705 4.849999904632568 51.725896835327156
endloop
endfacet
facet normal 0.0 1.0 0.0
outer loop
vertex -49.19100875854494 5.800000190734863 50.41628074645997
vertex -48.44261474609377 5.800000190734863 49.97435951232911
vertex -48.420485687255876 5.800000190734863 49.74968528747559
endloop
endfacet
facet normal 0.0 1.0 0.0
outer loop
vertex -49.19100875854494 5.800000190734863 50.41628074645997
vertex -48.45000000000002 5.800000190734863 50.20000076293946
vertex -48.44261474609377 5.800000190734863 49.97435951232911
endloop
endfacet
facet normal -0.0 0.9999999999999999 0.0
outer loop
vertex -49.19100875854494 5.800000190734863 50.41628074645997
vertex -48.44261474609377 5.800000190734863 50.42564010620118
vertex -48.45000000000002 5.800000190734863 50.20000076293946
endloop
endfacet
facet normal 0.0 1.0 -0.0
outer loop
vertex -49.19100875854494 5.800000190734863 50.41628074645997
vertex -49.19190521240236 5.800000190734863 50.44721221923829
vertex -49.19100875854494 5.800000190734863 50.47469329833985
endloop
endfacet
facet normal 0.0 1.0 0.0
outer loop
vertex -49.19100875854494 5.800000190734863 50.41628074645997
vertex -49.19100875854494 5.800000190734863 50.47469329833985
vertex -49.164069366455095 5.800000190734863 50.74821090698243
endloop
endfacet
facet normal -0.0 1.0 0.0
outer loop
vertex -49.19100875854494 5.800000190734863 50.41628074645997
vertex -48.420485687255876 5.800000190734863 50.65031623840333
vertex -48.44261474609377 5.800000190734863 50.42564010620118
endloop
endfacet
facet normal -0.0 1.0 0.0
outer loop
vertex -49.19100875854494 5.800000190734863 50.41628074645997
vertex -48.383708190917986 5.800000190734863 50.87306213378907
vertex -48.420485687255876 5.800000190734863 50.65031623840333
endloop
endfacet
facet normal -0.0 1.0 0.0
outer loop
vertex -49.164069366455095 5.800000190734863 50.74821090698243
vertex -49.119296264648455 5.800000190734863 51.019380569458015
vertex -49.19100875854494 5.800000190734863 50.41628074645997
endloop
endfacet
facet normal 0.0 1.0 0.0
outer loop
vertex -49.19100875854494 5.800000190734863 50.41628074645997
vertex -49.119296264648455 5.800000190734863 51.019380569458015
vertex -49.05688781738283 5.800000190734863 51.287040710449226
endloop
endfacet
facet normal -0.0 1.0 0.0
outer loop
vertex -49.19100875854494 5.800000190734863 50.41628074645997
vertex -48.33244247436525 5.800000190734863 51.09292602539063
vertex -48.383708190917986 5.800000190734863 50.87306213378907
endloop
endfacet
facet normal -0.0 1.0 0.0
outer loop
vertex -49.19100875854494 5.800000190734863 50.41628074645997
vertex -48.26690979003908 5.800000190734863 51.308965682983406
vertex -48.33244247436525 5.800000190734863 51.09292602539063
endloop
endfacet
facet normal -0.0 1.0 0.0
outer loop
vertex -49.05688781738283 5.800000190734863 51.287040710449226
vertex -48.97710723876955 5.800000190734863 51.55004501342774
vertex -49.19100875854494 5.800000190734863 50.41628074645997
endloop
endfacet
facet normal -0.0 1.0 0.0
outer loop
vertex -48.97710723876955 5.800000190734863 51.55004501342774
vertex -48.88029403686525 5.800000190734863 51.807270050048835
vertex -49.19100875854494 5.800000190734863 50.41628074645997
endloop
endfacet
facet normal 0.0 1.0 0.0
outer loop
vertex -49.19100875854494 5.800000190734863 50.41628074645997
vertex -48.88029403686525 5.800000190734863 51.807270050048835
vertex -48.76686401367189 5.800000190734863 52.05761337280274
endloop
endfacet
facet normal -0.0 1.0 0.0
outer loop
vertex -48.76686401367189 5.800000190734863 52.05761337280274
vertex -48.63730545043947 5.800000190734863 52.299999237060554
vertex -49.19100875854494 5.800000190734863 50.41628074645997
endloop
endfacet
facet normal 0.8819213133405758 0.0 -0.471396645167988
outer loop
vertex -47.9877883911133 4.849999904632568 51.924999237060554
vertex -48.094210815429705 5.800000190734863 51.725896835327156
vertex -47.9877883911133 5.800000190734863 51.924999237060554
endloop
endfacet
facet normal 0.8492031043820782 0.0 -0.5280663665751124
outer loop
vertex -47.868571472167986 4.849999904632568 52.1167163848877
vertex -47.9877883911133 5.800000190734863 51.924999237060554
vertex -47.868571472167986 5.800000190734863 52.1167163848877
endloop
endfacet
facet normal 0.8128408612814169 0.0 -0.5824858232019765
outer loop
vertex -47.737067413330095 4.849999904632568 52.30022621154786
vertex -47.868571472167986 5.800000190734863 52.1167163848877
vertex -47.737067413330095 5.800000190734863 52.30022621154786
endloop
endfacet
facet normal 0.7730172783616739 0.0 -0.6343849677871556
outer loop
vertex -47.59384841918947 4.849999904632568 52.474742889404304
vertex -47.737067413330095 5.800000190734863 52.30022621154786
vertex -47.59384841918947 5.800000190734863 52.474742889404304
endloop
endfacet
facet normal 0.7298601304393464 0.0 -0.6835965111050964
outer loop
vertex -47.43951721191408 4.849999904632568 52.639518737792976
vertex -47.59384841918947 5.800000190734863 52.474742889404304
vertex -47.43951721191408 5.800000190734863 52.639518737792976
endloop
endfacet
facet normal 0.6835920106212268 0.0 -0.7298643456251502
outer loop
vertex -47.27474136352541 4.849999904632568 52.793848037719734
vertex -47.43951721191408 5.800000190734863 52.639518737792976
vertex -47.27474136352541 5.800000190734863 52.793848037719734
endloop
endfacet
facet normal 0.6343941593249529 0.0 -0.7730097351355844
outer loop
vertex -47.100226593017595 4.849999904632568 52.93706893920899
vertex -47.27474136352541 5.800000190734863 52.793848037719734
vertex -47.100226593017595 5.800000190734863 52.93706893920899
endloop
endfacet
facet normal 0.582480241192811 0.0 -0.8128448613480708
outer loop
vertex -47.100226593017595 5.800000190734863 52.93706893920899
vertex -46.91671676635744 5.800000190734863 53.06857109069825
vertex -46.91671676635744 4.849999904632568 53.06857109069825
endloop
endfacet
facet normal -0.0 1.0 0.0
outer loop
vertex -48.63730545043947 5.800000190734863 52.299999237060554
vertex -48.4921714782715 5.800000190734863 52.53339576721192
vertex -49.19100875854494 5.800000190734863 50.41628074645997
endloop
endfacet
facet normal -0.0 1.0 0.0
outer loop
vertex -48.4921714782715 5.800000190734863 52.53339576721192
vertex -48.33208389282228 5.800000190734863 52.75679779052735
vertex -49.19100875854494 5.800000190734863 50.41628074645997
endloop
endfacet
facet normal 0.0 1.0 0.0
outer loop
vertex -49.19100875854494 5.800000190734863 50.41628074645997
vertex -48.33208389282228 5.800000190734863 52.75679779052735
vertex -48.15772552490236 5.800000190734863 52.96925163269044
endloop
endfacet
facet normal -0.0 1.0 0.0
outer loop
vertex -49.19100875854494 5.800000190734863 50.41628074645997
vertex -47.556796264648455 5.800000190734863 53.532083511352546
vertex -48.26690979003908 5.800000190734863 51.308965682983406
endloop
endfacet
facet normal -0.0 1.0 0.0
outer loop
vertex -48.15772552490236 5.800000190734863 52.96925163269044
vertex -47.969847869873064 5.800000190734863 53.16984939575196
vertex -49.19100875854494 5.800000190734863 50.41628074645997
endloop
endfacet
facet normal -0.0 1.0 0.0
outer loop
vertex -47.969847869873064 5.800000190734863 53.16984939575196
vertex -47.76925201416017 5.800000190734863 53.35772705078126
vertex -49.19100875854494 5.800000190734863 50.41628074645997
endloop
endfacet
facet normal -0.0 1.0 0.0
outer loop
vertex -48.26690979003908 5.800000190734863 51.308965682983406
vertex -47.556796264648455 5.800000190734863 53.532083511352546
vertex -48.187384796142595 5.800000190734863 51.52025794982911
endloop
endfacet
facet normal -0.0 0.9999999999999999 0.0
outer loop
vertex -48.187384796142595 5.800000190734863 51.52025794982911
vertex -47.556796264648455 5.800000190734863 53.532083511352546
vertex -48.094210815429705 5.800000190734863 51.725896835327156
endloop
endfacet
facet normal 0.0 1.0 0.0
outer loop
vertex -49.19100875854494 5.800000190734863 50.41628074645997
vertex -47.76925201416017 5.800000190734863 53.35772705078126
vertex -47.556796264648455 5.800000190734863 53.532083511352546
endloop
endfacet
facet normal -0.0 1.0 0.0
outer loop
vertex -48.094210815429705 5.800000190734863 51.725896835327156
vertex -47.556796264648455 5.800000190734863 53.532083511352546
vertex -47.9877883911133 5.800000190734863 51.924999237060554
endloop
endfacet
facet normal -0.0 1.0 0.0
outer loop
vertex -47.9877883911133 5.800000190734863 51.924999237060554
vertex -47.556796264648455 5.800000190734863 53.532083511352546
vertex -47.868571472167986 5.800000190734863 52.1167163848877
endloop
endfacet
facet normal -0.0 1.0 0.0
outer loop
vertex -47.868571472167986 5.800000190734863 52.1167163848877
vertex -47.10000152587892 5.800000190734863 53.83730697631837
vertex -47.737067413330095 5.800000190734863 52.30022621154786
endloop
endfacet
facet normal -0.0 1.0 0.0
outer loop
vertex -47.737067413330095 5.800000190734863 52.30022621154786
vertex -47.10000152587892 5.800000190734863 53.83730697631837
vertex -47.59384841918947 5.800000190734863 52.474742889404304
endloop
endfacet
facet normal -0.0 1.0 0.0
outer loop
vertex -47.59384841918947 5.800000190734863 52.474742889404304
vertex -46.857611846923845 5.800000190734863 53.96686553955079
vertex -47.43951721191408 5.800000190734863 52.639518737792976
endloop
endfacet
facet normal 0.0 1.0 0.0
outer loop
vertex -47.868571472167986 5.800000190734863 52.1167163848877
vertex -47.556796264648455 5.800000190734863 53.532083511352546
vertex -47.10000152587892 5.800000190734863 53.83730697631837
endloop
endfacet
facet normal -0.0 1.0 0.0
outer loop
vertex -47.43951721191408 5.800000190734863 52.639518737792976
vertex -46.857611846923845 5.800000190734863 53.96686553955079
vertex -47.27474136352541 5.800000190734863 52.793848037719734
endloop
endfacet
facet normal 0.0 1.0 0.0
outer loop
vertex -47.59384841918947 5.800000190734863 52.474742889404304
vertex -47.10000152587892 5.800000190734863 53.83730697631837
vertex -46.857611846923845 5.800000190734863 53.96686553955079
endloop
endfacet
facet normal -0.0 1.0 0.0
outer loop
vertex -47.33339614868166 5.800000190734863 53.6921730041504
vertex -47.10000152587892 5.800000190734863 53.83730697631837
vertex -47.556796264648455 5.800000190734863 53.532083511352546
endloop
endfacet
facet normal 0.0 1.0 -0.0
outer loop
vertex -42.56048126220705 4.849999904632568 47.76048183441163
vertex -42.633483123779314 4.849999904632568 49.56589317321778
vertex -42.59707565307619 4.849999904632568 49.72202873229981
endloop
endfacet
facet normal 0.0 1.0 -0.0
outer loop
vertex -42.56048126220705 4.849999904632568 47.76048183441163
vertex -42.59707565307619 4.849999904632568 49.72202873229981
vertex -42.57096023559572 4.849999904632568 49.88021087646485
endloop
endfacet
facet normal 0.0 1.0 -0.0
outer loop
vertex -42.40615386962892 4.849999904632568 47.925256729125984
vertex -42.57096023559572 4.849999904632568 49.88021087646485
vertex -42.55524749755861 4.849999904632568 50.03976249694825
endloop
endfacet
facet normal 0.0 1.0 -0.0
outer loop
vertex -42.40615386962892 4.849999904632568 47.925256729125984
vertex -42.55524749755861 4.849999904632568 50.03976249694825
vertex -42.54999847412111 4.849999904632568 50.20000076293946
endloop
endfacet
facet normal 0.0 1.0 0.0
outer loop
vertex -42.40615386962892 4.849999904632568 47.925256729125984
vertex -42.54999847412111 4.849999904632568 50.20000076293946
vertex -42.55524749755861 4.849999904632568 50.36023712158204
endloop
endfacet
facet normal -0.0 1.0 0.0
outer loop
vertex -42.40615386962892 4.849999904632568 47.925256729125984
vertex -42.40615386962892 4.849999904632568 52.474742889404304
vertex -42.26293106079103 4.849999904632568 48.09977340698243
endloop
endfacet
facet normal 0.0 1.0 0.0
outer loop
vertex -42.40615386962892 4.849999904632568 47.925256729125984
vertex -42.55524749755861 4.849999904632568 50.36023712158204
vertex -42.56048126220705 4.849999904632568 52.639518737792976
endloop
endfacet
facet normal -0.0 1.0 0.0
outer loop
vertex -42.26293106079103 4.849999904632568 48.09977340698243
vertex -42.26293106079103 4.849999904632568 52.30022621154786
vertex -42.13143081665041 4.849999904632568 48.283283233642585
endloop
endfacet
facet normal -0.0 0.9999999999999999 0.0
outer loop
vertex -42.13143081665041 4.849999904632568 48.283283233642585
vertex -42.13143081665041 4.849999904632568 52.1167163848877
vertex -42.012213897705095 4.849999904632568 48.475000381469734
endloop
endfacet
facet normal -0.0 1.0 0.0
outer loop
vertex -42.012213897705095 4.849999904632568 48.475000381469734
vertex -42.012213897705095 4.849999904632568 51.924999237060554
vertex -41.90578765869142 4.849999904632568 48.674104690551765
endloop
endfacet
facet normal -0.0 1.0 0.0
outer loop
vertex -41.90578765869142 4.849999904632568 48.674104690551765
vertex -41.90578765869142 4.849999904632568 51.725896835327156
vertex -41.8126174926758 4.849999904632568 48.87974166870118
endloop
endfacet
facet normal -0.0 1.0 0.0
outer loop
vertex -41.8126174926758 4.849999904632568 48.87974166870118
vertex -41.8126174926758 4.849999904632568 51.52025794982911
vertex -41.733092498779314 4.849999904632568 49.09103393554688
endloop
endfacet
facet normal -0.0 1.0 0.0
outer loop
vertex -41.733092498779314 4.849999904632568 49.09103393554688
vertex -41.733092498779314 4.849999904632568 51.308965682983406
vertex -41.667555999755876 4.849999904632568 49.307073593139656
endloop
endfacet
facet normal -0.0 1.0 0.0
outer loop
vertex -41.667555999755876 4.849999904632568 49.307073593139656
vertex -41.667555999755876 4.849999904632568 51.09292602539063
vertex -41.61629028320314 4.849999904632568 49.52693748474122
endloop
endfacet
facet normal -0.0 0.9999999999999999 0.0
outer loop
vertex -41.61629028320314 4.849999904632568 49.52693748474122
vertex -41.61629028320314 4.849999904632568 50.87306213378907
vertex -41.57951660156252 4.849999904632568 49.74968528747559
endloop
endfacet
facet normal -0.0 1.0 0.0
outer loop
vertex -41.57951660156252 4.849999904632568 49.74968528747559
vertex -41.57951660156252 4.849999904632568 50.65031623840333
vertex -41.557387542724626 4.849999904632568 49.97435951232911
endloop
endfacet
facet normal -0.0 1.0 0.0
outer loop
vertex -41.557387542724626 4.849999904632568 49.97435951232911
vertex -41.557387542724626 4.849999904632568 50.42564010620118
vertex -41.54999847412111 4.849999904632568 50.20000076293946
endloop
endfacet
facet normal -0.0 1.0 -0.0
outer loop
vertex -42.40615386962892 4.849999904632568 47.925256729125984
vertex -42.56048126220705 4.849999904632568 52.639518737792976
vertex -42.40615386962892 4.849999904632568 52.474742889404304
endloop
endfacet
facet normal 0.0 1.0 -0.0
outer loop
vertex -42.55524749755861 4.849999904632568 50.36023712158204
vertex -42.57096023559572 4.849999904632568 50.51978874206544
vertex -42.56048126220705 4.849999904632568 52.639518737792976
endloop
endfacet
facet normal 0.0 1.0 -0.0
outer loop
vertex -42.57096023559572 4.849999904632568 50.51978874206544
vertex -42.59707565307619 4.849999904632568 50.677970886230476
vertex -42.56048126220705 4.849999904632568 52.639518737792976
endloop
endfacet
facet normal 0.0 1.0 -0.0
outer loop
vertex -42.59707565307619 4.849999904632568 50.677970886230476
vertex -42.633483123779314 4.849999904632568 50.83410644531251
vertex -42.56048126220705 4.849999904632568 52.639518737792976
endloop
endfacet
facet normal 0.0 1.0 0.0
outer loop
vertex -42.633483123779314 4.849999904632568 50.83410644531251
vertex -42.68002243041994 4.849999904632568 50.98752593994141
vertex -42.72525711059572 4.849999904632568 52.793848037719734
endloop
endfacet
facet normal 0.0 1.0 -0.0
outer loop
vertex -42.68002243041994 4.849999904632568 50.98752593994141
vertex -42.73649520874025 4.849999904632568 51.13757514953614
vertex -42.72525711059572 4.849999904632568 52.793848037719734
endloop
endfacet
facet normal -0.0 1.0 -0.0
outer loop
vertex -41.57951660156252 4.849999904632568 49.74968528747559
vertex -41.61629028320314 4.849999904632568 50.87306213378907
vertex -41.57951660156252 4.849999904632568 50.65031623840333
endloop
endfacet
facet normal -0.0 1.0 -0.0
outer loop
vertex -41.61629028320314 4.849999904632568 49.52693748474122
vertex -41.667555999755876 4.849999904632568 51.09292602539063
vertex -41.61629028320314 4.849999904632568 50.87306213378907
endloop
endfacet
facet normal -0.0 1.0 -0.0
outer loop
vertex -41.667555999755876 4.849999904632568 49.307073593139656
vertex -41.733092498779314 4.849999904632568 51.308965682983406
vertex -41.667555999755876 4.849999904632568 51.09292602539063
endloop
endfacet
facet normal -0.0 1.0 -0.0
outer loop
vertex -41.733092498779314 4.849999904632568 49.09103393554688
vertex -41.8126174926758 4.849999904632568 51.52025794982911
vertex -41.733092498779314 4.849999904632568 51.308965682983406
endloop
endfacet
facet normal -0.0 1.0 -0.0
outer loop
vertex -42.012213897705095 4.849999904632568 48.475000381469734
vertex -42.13143081665041 4.849999904632568 52.1167163848877
vertex -42.012213897705095 4.849999904632568 51.924999237060554
endloop
endfacet
facet normal -0.0 1.0 -0.0
outer loop
vertex -42.13143081665041 4.849999904632568 48.283283233642585
vertex -42.26293106079103 4.849999904632568 52.30022621154786
vertex -42.13143081665041 4.849999904632568 52.1167163848877
endloop
endfacet
facet normal -0.0 1.0 -0.0
outer loop
vertex -42.26293106079103 4.849999904632568 48.09977340698243
vertex -42.40615386962892 4.849999904632568 52.474742889404304
vertex -42.26293106079103 4.849999904632568 52.30022621154786
endloop
endfacet
facet normal -0.0 1.0 -0.0
outer loop
vertex -41.8126174926758 4.849999904632568 48.87974166870118
vertex -41.90578765869142 4.849999904632568 51.725896835327156
vertex -41.8126174926758 4.849999904632568 51.52025794982911
endloop
endfacet
facet normal -0.0 1.0 -0.0
outer loop
vertex -41.90578765869142 4.849999904632568 48.674104690551765
vertex -42.012213897705095 4.849999904632568 51.924999237060554
vertex -41.90578765869142 4.849999904632568 51.725896835327156
endloop
endfacet
facet normal -0.0 1.0 -0.0
outer loop
vertex -41.557387542724626 4.849999904632568 49.97435951232911
vertex -41.57951660156252 4.849999904632568 50.65031623840333
vertex -41.557387542724626 4.849999904632568 50.42564010620118
endloop
endfacet
facet normal -0.9359056115962049 0.0 0.3522508852831083
outer loop
vertex -41.8126174926758 4.849999904632568 48.87974166870118
vertex -41.733092498779314 4.849999904632568 49.09103393554688
vertex -41.733092498779314 5.800000190734863 49.09103393554688
endloop
endfacet
facet normal -0.956938385018457 0.0 0.2902911078181128
outer loop
vertex -41.733092498779314 4.849999904632568 49.09103393554688
vertex -41.667555999755876 4.849999904632568 49.307073593139656
vertex -41.667555999755876 5.800000190734863 49.307073593139656
endloop
endfacet
facet normal -0.9738763453074175 0.0 0.22707898196589604
outer loop
vertex -41.667555999755876 4.849999904632568 49.307073593139656
vertex -41.61629028320314 4.849999904632568 49.52693748474122
vertex -41.61629028320314 5.800000190734863 49.52693748474122
endloop
endfacet
facet normal -0.9866448479745116 0.0 0.1628862915206585
outer loop
vertex -41.61629028320314 4.849999904632568 49.52693748474122
vertex -41.57951660156252 4.849999904632568 49.74968528747559
vertex -41.57951660156252 5.800000190734863 49.74968528747559
endloop
endfacet
facet normal -0.9951844764414483 0.0 0.09801968093174256
outer loop
vertex -41.57951660156252 4.849999904632568 49.74968528747559
vertex -41.557387542724626 4.849999904632568 49.97435951232911
vertex -41.557387542724626 5.800000190734863 49.97435951232911
endloop
endfacet
facet normal -0.9994642486356258 0.0 0.03272943169723345
outer loop
vertex -41.557387542724626 4.849999904632568 49.97435951232911
vertex -41.54999847412111 4.849999904632568 50.20000076293946
vertex -41.54999847412111 5.800000190734863 50.20000076293946
endloop
endfacet
facet normal -0.9951845576125639 0.0 -0.09801885680564511
outer loop
vertex -41.57951660156252 4.849999904632568 50.65031623840333
vertex -41.57951660156252 5.800000190734863 50.65031623840333
vertex -41.557387542724626 4.849999904632568 50.42564010620118
endloop
endfacet
facet normal -0.9866446238176652 0.0 -0.1628876492914601
outer loop
vertex -41.57951660156252 4.849999904632568 50.65031623840333
vertex -41.61629028320314 4.849999904632568 50.87306213378907
vertex -41.61629028320314 5.800000190734863 50.87306213378907
endloop
endfacet
facet normal -0.9738763453074175 0.0 -0.22707898196589604
outer loop
vertex -41.61629028320314 4.849999904632568 50.87306213378907
vertex -41.667555999755876 4.849999904632568 51.09292602539063
vertex -41.667555999755876 5.800000190734863 51.09292602539063
endloop
endfacet
facet normal -0.9994642395853612 0.0 -0.0327297080655426
outer loop
vertex -41.54999847412111 4.849999904632568 50.20000076293946
vertex -41.557387542724626 4.849999904632568 50.42564010620118
vertex -41.557387542724626 5.800000190734863 50.42564010620118
endloop
endfacet
facet normal -0.956938385018457 0.0 -0.2902911078181128
outer loop
vertex -41.667555999755876 4.849999904632568 51.09292602539063
vertex -41.733092498779314 4.849999904632568 51.308965682983406
vertex -41.733092498779314 5.800000190734863 51.308965682983406
endloop
endfacet
facet normal -0.9359056115962049 0.0 -0.3522508852831083
outer loop
vertex -41.733092498779314 4.849999904632568 51.308965682983406
vertex -41.8126174926758 4.849999904632568 51.52025794982911
vertex -41.8126174926758 5.800000190734863 51.52025794982911
endloop
endfacet
facet normal -0.9108698206415204 0.0 -0.4126937967119019
outer loop
vertex -41.8126174926758 4.849999904632568 51.52025794982911
vertex -41.90578765869142 4.849999904632568 51.725896835327156
vertex -41.90578765869142 5.800000190734863 51.725896835327156
endloop
endfacet
facet normal 0.0 1.0 0.0
outer loop
vertex -47.100226593017595 4.849999904632568 52.93706893920899
vertex -46.84200592041017 4.849999904632568 51.81539726257325
vertex -46.94371719360353 4.849999904632568 51.691465377807624
endloop
endfacet
facet normal -0.0 1.0 -0.0
outer loop
vertex -46.84200592041017 4.849999904632568 51.81539726257325
vertex -46.91671676635744 4.849999904632568 53.06857109069825
vertex -46.73241348266603 4.849999904632568 51.93241119384766
endloop
endfacet
facet normal -0.0 1.0 -0.0
outer loop
vertex -46.73241348266603 4.849999904632568 51.93241119384766
vertex -46.91671676635744 4.849999904632568 53.06857109069825
vertex -46.615397644042986 4.849999904632568 52.04200744628907
endloop
endfacet
facet normal -0.0 1.0 -0.0
outer loop
vertex -46.615397644042986 4.849999904632568 52.04200744628907
vertex -46.72500152587892 4.849999904632568 53.18778800964356
vertex -46.49146575927736 4.849999904632568 52.14371490478516
endloop
endfacet
facet normal -0.0 0.9999999999999999 0.0
outer loop
vertex -47.100226593017595 4.849999904632568 52.93706893920899
vertex -46.91671676635744 4.849999904632568 53.06857109069825
vertex -46.84200592041017 4.849999904632568 51.81539726257325
endloop
endfacet
facet normal -0.0 1.0 -0.0
outer loop
vertex -46.49146575927736 4.849999904632568 52.14371490478516
vertex -46.52589721679689 4.849999904632568 53.29421043395997
vertex -46.36114807128908 4.849999904632568 52.237100601196296
endloop
endfacet
facet normal -0.0 1.0 -0.0
outer loop
vertex -46.36114807128908 4.849999904632568 52.237100601196296
vertex -46.52589721679689 4.849999904632568 53.29421043395997
vertex -46.22500152587892 4.849999904632568 52.321762084960945
endloop
endfacet
facet normal -0.0 1.0 -0.0
outer loop
vertex -46.22500152587892 4.849999904632568 52.321762084960945
vertex -46.320258331298845 4.849999904632568 53.38738441467286
vertex -46.08360595703127 4.849999904632568 52.39733886718751
endloop
endfacet
facet normal 0.0 1.0 -0.0
outer loop
vertex -46.615397644042986 4.849999904632568 52.04200744628907
vertex -46.91671676635744 4.849999904632568 53.06857109069825
vertex -46.72500152587892 4.849999904632568 53.18778800964356
endloop
endfacet
facet normal 0.0 1.0 -0.0
outer loop
vertex -46.49146575927736 4.849999904632568 52.14371490478516
vertex -46.72500152587892 4.849999904632568 53.18778800964356
vertex -46.52589721679689 4.849999904632568 53.29421043395997
endloop
endfacet
facet normal 0.0 1.0 -0.0
outer loop
vertex -46.22500152587892 4.849999904632568 52.321762084960945
vertex -46.52589721679689 4.849999904632568 53.29421043395997
vertex -46.320258331298845 4.849999904632568 53.38738441467286
endloop
endfacet
facet normal -0.0 1.0 -0.0
outer loop
vertex -46.08360595703127 4.849999904632568 52.39733886718751
vertex -46.10896606445314 4.849999904632568 53.46690940856934
vertex -45.937575531005876 4.849999904632568 52.46350479125977
endloop
endfacet
facet normal -0.0 1.0 -0.0
outer loop
vertex -45.937575531005876 4.849999904632568 52.46350479125977
vertex -46.10896606445314 4.849999904632568 53.46690940856934
vertex -45.78752822875978 4.849999904632568 52.51997947692872
endloop
endfacet
facet normal -0.0 0.9999999999999999 -0.0
outer loop
vertex -45.78752822875978 4.849999904632568 52.51997947692872
vertex -45.892924499511736 4.849999904632568 53.53244400024415
vertex -45.63410491943361 4.849999904632568 52.56651878356934
endloop
endfacet
facet normal -0.0 1.0 -0.0
outer loop
vertex -45.63410491943361 4.849999904632568 52.56651878356934
vertex -45.67306060791017 4.849999904632568 53.58370971679688
vertex -45.477973175048845 4.849999904632568 52.602924346923835
endloop
endfacet
facet normal -0.0 1.0 -0.0
outer loop
vertex -45.477973175048845 4.849999904632568 52.602924346923835
vertex -45.67306060791017 4.849999904632568 53.58370971679688
vertex -45.31978912353517 4.849999904632568 52.629039764404304
endloop
endfacet
facet normal -0.0 1.0 -0.0
outer loop
vertex -45.31978912353517 4.849999904632568 52.629039764404304
vertex -45.450316619873064 4.849999904632568 53.62048530578614
vertex -45.16023941040041 4.849999904632568 52.644754409790046
endloop
endfacet
facet normal -0.0 1.0 0.0
outer loop
vertex -45.16023941040041 4.849999904632568 52.644754409790046
vertex -44.999999237060564 4.849999904632568 53.64999961853028
vertex -44.999999237060564 4.849999904632568 52.64999961853028
endloop
endfacet
facet normal -0.0 1.0 0.0
outer loop
vertex -44.999999237060564 4.849999904632568 52.64999961853028
vertex -44.999999237060564 4.849999904632568 53.64999961853028
vertex -44.839762878417986 4.849999904632568 52.644754409790046
endloop
endfacet
facet normal -0.0 1.0 0.0
outer loop
vertex -44.839762878417986 4.849999904632568 52.644754409790046
vertex -44.774359893798845 4.849999904632568 53.6426124572754
vertex -44.680209350585955 4.849999904632568 52.629039764404304
endloop
endfacet
facet normal -0.0 1.0 0.0
outer loop
vertex -44.680209350585955 4.849999904632568 52.629039764404304
vertex -44.54968566894533 4.849999904632568 53.62048530578614
vertex -44.52202911376955 4.849999904632568 52.602924346923835
endloop
endfacet
facet normal -0.0 1.0 -0.0
outer loop
vertex -44.52202911376955 4.849999904632568 52.602924346923835
vertex -44.54968566894533 4.849999904632568 53.62048530578614
vertex -44.36589355468752 4.849999904632568 52.56651878356934
endloop
endfacet
facet normal -0.0 1.0 0.0
outer loop
vertex -44.36589355468752 4.849999904632568 52.56651878356934
vertex -44.326937866210955 4.849999904632568 53.58370971679688
vertex -44.21247406005861 4.849999904632568 52.51997947692872
endloop
endfacet
facet normal -0.0 1.0 0.0
outer loop
vertex -44.21247406005861 4.849999904632568 52.51997947692872
vertex -44.10707397460939 4.849999904632568 53.53244400024415
vertex -44.06242675781252 4.849999904632568 52.46350479125977
endloop
endfacet
facet normal 0.0 0.9999999999999999 -0.0
outer loop
vertex -43.91639251708986 4.849999904632568 52.39733886718751
vertex -44.06242675781252 4.849999904632568 52.46350479125977
vertex -43.891032409667986 4.849999904632568 53.46690940856934
endloop
endfacet
facet normal 0.0 1.0 -0.0
outer loop
vertex -46.08360595703127 4.849999904632568 52.39733886718751
vertex -46.320258331298845 4.849999904632568 53.38738441467286
vertex -46.10896606445314 4.849999904632568 53.46690940856934
endloop
endfacet
facet normal 0.0 1.0 -0.0
outer loop
vertex -45.78752822875978 4.849999904632568 52.51997947692872
vertex -46.10896606445314 4.849999904632568 53.46690940856934
vertex -45.892924499511736 4.849999904632568 53.53244400024415
endloop
endfacet
facet normal 0.0 1.0 -0.0
outer loop
vertex -45.63410491943361 4.849999904632568 52.56651878356934
vertex -45.892924499511736 4.849999904632568 53.53244400024415
vertex -45.67306060791017 4.849999904632568 53.58370971679688
endloop
endfacet
facet normal 0.0 0.9999999999999999 -0.0
outer loop
vertex -45.31978912353517 4.849999904632568 52.629039764404304
vertex -45.67306060791017 4.849999904632568 53.58370971679688
vertex -45.450316619873064 4.849999904632568 53.62048530578614
endloop
endfacet
facet normal 0.0 1.0 -0.0
outer loop
vertex -45.16023941040041 4.849999904632568 52.644754409790046
vertex -45.450316619873064 4.849999904632568 53.62048530578614
vertex -45.22564239501955 4.849999904632568 53.6426124572754
endloop
endfacet
facet normal 0.0 1.0 -0.0
outer loop
vertex -45.16023941040041 4.849999904632568 52.644754409790046
vertex -45.22564239501955 4.849999904632568 53.6426124572754
vertex -44.999999237060564 4.849999904632568 53.64999961853028
endloop
endfacet
facet normal -0.0 1.0 -0.0
outer loop
vertex -44.839762878417986 4.849999904632568 52.644754409790046
vertex -44.999999237060564 4.849999904632568 53.64999961853028
vertex -44.774359893798845 4.849999904632568 53.6426124572754
endloop
endfacet
facet normal -0.0 1.0 -0.0
outer loop
vertex -44.680209350585955 4.849999904632568 52.629039764404304
vertex -44.774359893798845 4.849999904632568 53.6426124572754
vertex -44.54968566894533 4.849999904632568 53.62048530578614
endloop
endfacet
facet normal -0.0 0.9999999999999999 -0.0
outer loop
vertex -44.36589355468752 4.849999904632568 52.56651878356934
vertex -44.54968566894533 4.849999904632568 53.62048530578614
vertex -44.326937866210955 4.849999904632568 53.58370971679688
endloop
endfacet
facet normal -0.0 1.0 -0.0
outer loop
vertex -44.21247406005861 4.849999904632568 52.51997947692872
vertex -44.326937866210955 4.849999904632568 53.58370971679688
vertex -44.10707397460939 4.849999904632568 53.53244400024415
endloop
endfacet
facet normal -0.0 1.0 -0.0
outer loop
vertex -44.06242675781252 4.849999904632568 52.46350479125977
vertex -44.10707397460939 4.849999904632568 53.53244400024415
vertex -43.891032409667986 4.849999904632568 53.46690940856934
endloop
endfacet
facet normal 0.5280701552146756 0.0 -0.8492007484520655
outer loop
vertex -46.91671676635744 4.849999904632568 53.06857109069825
vertex -46.91671676635744 5.800000190734863 53.06857109069825
vertex -46.72500152587892 4.849999904632568 53.18778800964356
endloop
endfacet
facet normal 0.4713931328245572 0.0 -0.8819231907177911
outer loop
vertex -46.72500152587892 4.849999904632568 53.18778800964356
vertex -46.72500152587892 5.800000190734863 53.18778800964356
vertex -46.52589721679689 4.849999904632568 53.29421043395997
endloop
endfacet
facet normal 0.4127078157828313 0.0 -0.9108634687985705
outer loop
vertex -46.52589721679689 4.849999904632568 53.29421043395997
vertex -46.52589721679689 5.800000190734863 53.29421043395997
vertex -46.320258331298845 4.849999904632568 53.38738441467286
endloop
endfacet
facet normal 0.3522508852831083 0.0 -0.9359056115962049
outer loop
vertex -46.320258331298845 4.849999904632568 53.38738441467286
vertex -46.320258331298845 5.800000190734863 53.38738441467286
vertex -46.10896606445314 4.849999904632568 53.46690940856934
endloop
endfacet
facet normal 0.29028102436755704 0.0 -0.9569414438157238
outer loop
vertex -46.10896606445314 4.849999904632568 53.46690940856934
vertex -46.10896606445314 5.800000190734863 53.46690940856934
vertex -45.892924499511736 4.849999904632568 53.53244400024415
endloop
endfacet
facet normal 0.22707898196589604 0.0 -0.9738763453074175
outer loop
vertex -45.892924499511736 4.849999904632568 53.53244400024415
vertex -45.892924499511736 5.800000190734863 53.53244400024415
vertex -45.67306060791017 4.849999904632568 53.58370971679688
endloop
endfacet
facet normal 0.16289723150230945 0.0 -0.9866430418185105
outer loop
vertex -45.67306060791017 4.849999904632568 53.58370971679688
vertex -45.67306060791017 5.800000190734863 53.58370971679688
vertex -45.450316619873064 4.849999904632568 53.62048530578614
endloop
endfacet
facet normal 0.098011313577635 0.0 -0.995185300539948
outer loop
vertex -45.450316619873064 4.849999904632568 53.62048530578614
vertex -45.450316619873064 5.800000190734863 53.62048530578614
vertex -45.22564239501955 4.849999904632568 53.6426124572754
endloop
endfacet
facet normal 0.03272071596613943 0.0 -0.9994645340114192
outer loop
vertex -45.22564239501955 4.849999904632568 53.6426124572754
vertex -45.22564239501955 5.800000190734863 53.6426124572754
vertex -44.999999237060564 4.849999904632568 53.64999961853028
endloop
endfacet
facet normal -0.03272126855587399 0.0 -0.9994645159204474
outer loop
vertex -44.999999237060564 4.849999904632568 53.64999961853028
vertex -44.999999237060564 5.800000190734863 53.64999961853028
vertex -44.774359893798845 4.849999904632568 53.6426124572754
endloop
endfacet
facet normal -0.098011313577635 0.0 -0.995185300539948
outer loop
vertex -44.774359893798845 4.849999904632568 53.6426124572754
vertex -44.774359893798845 5.800000190734863 53.6426124572754
vertex -44.54968566894533 4.849999904632568 53.62048530578614
endloop
endfacet
facet normal -0.1628945158087418 0.0 -0.9866434901824648
outer loop
vertex -44.54968566894533 4.849999904632568 53.62048530578614
vertex -44.54968566894533 5.800000190734863 53.62048530578614
vertex -44.326937866210955 4.849999904632568 53.58370971679688
endloop
endfacet
facet normal -0.29028102436755704 0.0 -0.9569414438157238
outer loop
vertex -44.10707397460939 4.849999904632568 53.53244400024415
vertex -44.10707397460939 5.800000190734863 53.53244400024415
vertex -43.891032409667986 4.849999904632568 53.46690940856934
endloop
endfacet
facet normal -0.22707898196589604 0.0 -0.9738763453074175
outer loop
vertex -44.326937866210955 4.849999904632568 53.58370971679688
vertex -44.326937866210955 5.800000190734863 53.58370971679688
vertex -44.10707397460939 4.849999904632568 53.53244400024415
endloop
endfacet
facet normal 0.0 1.0 0.0
outer loop
vertex -43.157992553710955 4.849999904632568 51.81539726257325
vertex -43.26758880615236 4.849999904632568 51.93241119384766
vertex -43.27500076293947 4.849999904632568 53.18778800964356
endloop
endfacet
facet normal 0.0 1.0 -0.0
outer loop
vertex -42.73649520874025 4.849999904632568 51.13757514953614
vertex -42.80266113281252 4.849999904632568 51.28360748291016
vertex -42.72525711059572 4.849999904632568 52.793848037719734
endloop
endfacet
facet normal 0.0 0.9999999999999999 0.0
outer loop
vertex -42.80266113281252 4.849999904632568 51.28360748291016
vertex -42.87823791503908 4.849999904632568 51.424999237060554
vertex -42.89977188110353 4.849999904632568 52.93706893920899
endloop
endfacet
facet normal 0.0 1.0 -0.0
outer loop
vertex -42.87823791503908 4.849999904632568 51.424999237060554
vertex -42.96290130615236 4.849999904632568 51.56114768981934
vertex -42.89977188110353 4.849999904632568 52.93706893920899
endloop
endfacet
facet normal 0.0 1.0 0.0
outer loop
vertex -42.96290130615236 4.849999904632568 51.56114768981934
vertex -43.05628509521486 4.849999904632568 51.691465377807624
vertex -43.08328170776369 4.849999904632568 53.06857109069825
endloop
endfacet
facet normal 0.0 1.0 -0.0
outer loop
vertex -43.05628509521486 4.849999904632568 51.691465377807624
vertex -43.157992553710955 4.849999904632568 51.81539726257325
vertex -43.08328170776369 4.849999904632568 53.06857109069825
endloop
endfacet
facet normal -0.0 1.0 -0.0
outer loop
vertex -42.80266113281252 4.849999904632568 51.28360748291016
vertex -42.89977188110353 4.849999904632568 52.93706893920899
vertex -42.72525711059572 4.849999904632568 52.793848037719734
endloop
endfacet
facet normal -0.0 1.0 -0.0
outer loop
vertex -42.633483123779314 4.849999904632568 50.83410644531251
vertex -42.72525711059572 4.849999904632568 52.793848037719734
vertex -42.56048126220705 4.849999904632568 52.639518737792976
endloop
endfacet
facet normal -0.0 1.0 0.0
outer loop
vertex -43.77500076293947 4.849999904632568 52.321762084960945
vertex -43.67974395751955 4.849999904632568 53.38738441467286
vertex -43.638854217529314 4.849999904632568 52.237100601196296
endloop
endfacet
facet normal 0.0 1.0 -0.0
outer loop
vertex -43.50853271484377 4.849999904632568 52.14371490478516
vertex -43.638854217529314 4.849999904632568 52.237100601196296
vertex -43.4741050720215 4.849999904632568 53.29421043395997
endloop
endfacet
facet normal 0.0 1.0 -0.0
outer loop
vertex -43.26758880615236 4.849999904632568 51.93241119384766
vertex -43.38460464477541 4.849999904632568 52.04200744628907
vertex -43.27500076293947 4.849999904632568 53.18778800964356
endloop
endfacet
facet normal -0.0 1.0 0.0
outer loop
vertex -43.50853271484377 4.849999904632568 52.14371490478516
vertex -43.4741050720215 4.849999904632568 53.29421043395997
vertex -43.38460464477541 4.849999904632568 52.04200744628907
endloop
endfacet
facet normal -0.0 1.0 -0.0
outer loop
vertex -43.157992553710955 4.849999904632568 51.81539726257325
vertex -43.27500076293947 4.849999904632568 53.18778800964356
vertex -43.08328170776369 4.849999904632568 53.06857109069825
endloop
endfacet
facet normal -0.0 1.0 0.0
outer loop
vertex -43.91639251708986 4.849999904632568 52.39733886718751
vertex -43.891032409667986 4.849999904632568 53.46690940856934
vertex -43.77500076293947 4.849999904632568 52.321762084960945
endloop
endfacet
facet normal -0.0 1.0 -0.0
outer loop
vertex -43.638854217529314 4.849999904632568 52.237100601196296
vertex -43.67974395751955 4.849999904632568 53.38738441467286
vertex -43.4741050720215 4.849999904632568 53.29421043395997
endloop
endfacet
facet normal -0.0 0.9999999999999999 -0.0
outer loop
vertex -43.38460464477541 4.849999904632568 52.04200744628907
vertex -43.4741050720215 4.849999904632568 53.29421043395997
vertex -43.27500076293947 4.849999904632568 53.18778800964356
endloop
endfacet
facet normal -0.0 1.0 -0.0
outer loop
vertex -42.96290130615236 4.849999904632568 51.56114768981934
vertex -43.08328170776369 4.849999904632568 53.06857109069825
vertex -42.89977188110353 4.849999904632568 52.93706893920899
endloop
endfacet
facet normal 0.0 1.0 0.0
outer loop
vertex -43.891032409667986 4.849999904632568 53.46690940856934
vertex -43.67974395751955 4.849999904632568 53.38738441467286
vertex -43.77500076293947 4.849999904632568 52.321762084960945
endloop
endfacet
facet normal -0.7730089922033355 0.0 -0.6343950645873467
outer loop
vertex -42.40615386962892 4.849999904632568 52.474742889404304
vertex -42.40615386962892 5.800000190734863 52.474742889404304
vertex -42.26293106079103 4.849999904632568 52.30022621154786
endloop
endfacet
facet normal -0.7298685608318908 0.0 -0.6835875100593812
outer loop
vertex -42.40615386962892 4.849999904632568 52.474742889404304
vertex -42.56048126220705 4.849999904632568 52.639518737792976
vertex -42.56048126220705 5.800000190734863 52.639518737792976
endloop
endfacet
facet normal -0.582480241192811 0.0 -0.8128448613480708
outer loop
vertex -42.89977188110353 4.849999904632568 52.93706893920899
vertex -43.08328170776369 4.849999904632568 53.06857109069825
vertex -43.08328170776369 5.800000190734863 53.06857109069825
endloop
endfacet
facet normal -0.6343941593249529 0.0 -0.7730097351355844
outer loop
vertex -42.89977188110353 4.849999904632568 52.93706893920899
vertex -42.89977188110353 5.800000190734863 52.93706893920899
vertex -42.72525711059572 4.849999904632568 52.793848037719734
endloop
endfacet
facet normal -0.6835920106212268 0.0 -0.7298643456251502
outer loop
vertex -42.56048126220705 4.849999904632568 52.639518737792976
vertex -42.72525711059572 4.849999904632568 52.793848037719734
vertex -42.72525711059572 5.800000190734863 52.793848037719734
endloop
endfacet
facet normal -0.8819142885668826 0.0 -0.4714097873629371
outer loop
vertex -42.012213897705095 4.849999904632568 51.924999237060554
vertex -42.012213897705095 5.800000190734863 51.924999237060554
vertex -41.90578765869142 4.849999904632568 51.725896835327156
endloop
endfacet
facet normal -0.8492031043820782 0.0 -0.5280663665751124
outer loop
vertex -42.012213897705095 4.849999904632568 51.924999237060554
vertex -42.13143081665041 4.849999904632568 52.1167163848877
vertex -42.13143081665041 5.800000190734863 52.1167163848877
endloop
endfacet
facet normal -0.8128488614157605 0.0 -0.5824746591012367
outer loop
vertex -42.13143081665041 4.849999904632568 52.1167163848877
vertex -42.26293106079103 4.849999904632568 52.30022621154786
vertex -42.26293106079103 5.800000190734863 52.30022621154786
endloop
endfacet
facet normal -0.4127078157828313 0.0 -0.9108634687985705
outer loop
vertex -43.67974395751955 4.849999904632568 53.38738441467286
vertex -43.67974395751955 5.800000190734863 53.38738441467286
vertex -43.4741050720215 4.849999904632568 53.29421043395997
endloop
endfacet
facet normal -0.5280625779794016 0.0 -0.8492054602613838
outer loop
vertex -43.27500076293947 4.849999904632568 53.18778800964356
vertex -43.27500076293947 5.800000190734863 53.18778800964356
vertex -43.08328170776369 4.849999904632568 53.06857109069825
endloop
endfacet
facet normal -0.4713931328245572 0.0 -0.8819231907177911
outer loop
vertex -43.27500076293947 4.849999904632568 53.18778800964356
vertex -43.4741050720215 4.849999904632568 53.29421043395997
vertex -43.4741050720215 5.800000190734863 53.29421043395997
endloop
endfacet
facet normal -0.3522564558456295 0.0 -0.9359035149603169
outer loop
vertex -43.891032409667986 4.849999904632568 53.46690940856934
vertex -43.891032409667986 5.800000190734863 53.46690940856934
vertex -43.67974395751955 4.849999904632568 53.38738441467286
endloop
endfacet
facet normal -0.956938385018457 0.0 0.2902911078181128
outer loop
vertex -41.733092498779314 4.849999904632568 49.09103393554688
vertex -41.667555999755876 5.800000190734863 49.307073593139656
vertex -41.733092498779314 5.800000190734863 49.09103393554688
endloop
endfacet
facet normal -0.9738763453074175 0.0 0.22707898196589604
outer loop
vertex -41.667555999755876 4.849999904632568 49.307073593139656
vertex -41.61629028320314 5.800000190734863 49.52693748474122
vertex -41.667555999755876 5.800000190734863 49.307073593139656
endloop
endfacet
facet normal -0.9866448479745116 0.0 0.1628862915206585
outer loop
vertex -41.61629028320314 4.849999904632568 49.52693748474122
vertex -41.57951660156252 5.800000190734863 49.74968528747559
vertex -41.61629028320314 5.800000190734863 49.52693748474122
endloop
endfacet
facet normal -0.9951844764414483 0.0 0.09801968093174256
outer loop
vertex -41.57951660156252 4.849999904632568 49.74968528747559
vertex -41.557387542724626 5.800000190734863 49.97435951232911
vertex -41.57951660156252 5.800000190734863 49.74968528747559
endloop
endfacet
facet normal -0.9994642486356258 0.0 0.03272943169723345
outer loop
vertex -41.557387542724626 4.849999904632568 49.97435951232911
vertex -41.54999847412111 5.800000190734863 50.20000076293946
vertex -41.557387542724626 5.800000190734863 49.97435951232911
endloop
endfacet
facet normal -0.9994642395853612 0.0 -0.0327297080655426
outer loop
vertex -41.54999847412111 4.849999904632568 50.20000076293946
vertex -41.557387542724626 5.800000190734863 50.42564010620118
vertex -41.54999847412111 5.800000190734863 50.20000076293946
endloop
endfacet
facet normal -0.9866446238176652 0.0 -0.1628876492914601
outer loop
vertex -41.57951660156252 4.849999904632568 50.65031623840333
vertex -41.61629028320314 5.800000190734863 50.87306213378907
vertex -41.57951660156252 5.800000190734863 50.65031623840333
endloop
endfacet
facet normal -0.9738763453074175 0.0 -0.22707898196589604
outer loop
vertex -41.61629028320314 4.849999904632568 50.87306213378907
vertex -41.667555999755876 5.800000190734863 51.09292602539063
vertex -41.61629028320314 5.800000190734863 50.87306213378907
endloop
endfacet
facet normal -0.9951845576125639 0.0 -0.09801885680564511
outer loop
vertex -41.557387542724626 4.849999904632568 50.42564010620118
vertex -41.57951660156252 5.800000190734863 50.65031623840333
vertex -41.557387542724626 5.800000190734863 50.42564010620118
endloop
endfacet
facet normal -0.956938385018457 0.0 -0.2902911078181128
outer loop
vertex -41.667555999755876 4.849999904632568 51.09292602539063
vertex -41.733092498779314 5.800000190734863 51.308965682983406
vertex -41.667555999755876 5.800000190734863 51.09292602539063
endloop
endfacet
facet normal -0.9359056115962049 0.0 -0.3522508852831083
outer loop
vertex -41.733092498779314 4.849999904632568 51.308965682983406
vertex -41.8126174926758 5.800000190734863 51.52025794982911
vertex -41.733092498779314 5.800000190734863 51.308965682983406
endloop
endfacet
facet normal -0.9108698206415204 0.0 -0.4126937967119019
outer loop
vertex -41.8126174926758 4.849999904632568 51.52025794982911
vertex -41.90578765869142 5.800000190734863 51.725896835327156
vertex -41.8126174926758 5.800000190734863 51.52025794982911
endloop
endfacet
facet normal 0.0 1.0 -0.0
outer loop
vertex -40.79999847412111 5.800000190734863 50.20000076293946
vertex -41.90578765869142 5.800000190734863 48.674104690551765
vertex -41.8126174926758 5.800000190734863 48.87974166870118
endloop
endfacet
facet normal 0.0 1.0 -0.0
outer loop
vertex -40.79999847412111 5.800000190734863 50.20000076293946
vertex -41.8126174926758 5.800000190734863 48.87974166870118
vertex -41.733092498779314 5.800000190734863 49.09103393554688
endloop
endfacet
facet normal 0.0 1.0 -0.0
outer loop
vertex -40.79999847412111 5.800000190734863 50.20000076293946
vertex -41.733092498779314 5.800000190734863 49.09103393554688
vertex -41.667555999755876 5.800000190734863 49.307073593139656
endloop
endfacet
facet normal 0.0 1.0 -0.0
outer loop
vertex -40.79999847412111 5.800000190734863 50.20000076293946
vertex -41.667555999755876 5.800000190734863 49.307073593139656
vertex -41.61629028320314 5.800000190734863 49.52693748474122
endloop
endfacet
facet normal 0.0 1.0 -0.0
outer loop
vertex -40.79999847412111 5.800000190734863 50.20000076293946
vertex -41.61629028320314 5.800000190734863 49.52693748474122
vertex -41.57951660156252 5.800000190734863 49.74968528747559
endloop
endfacet
facet normal 0.0 1.0 -0.0
outer loop
vertex -40.79999847412111 5.800000190734863 50.20000076293946
vertex -41.57951660156252 5.800000190734863 49.74968528747559
vertex -41.557387542724626 5.800000190734863 49.97435951232911
endloop
endfacet
facet normal 0.0 1.0 -0.0
outer loop
vertex -40.79999847412111 5.800000190734863 50.20000076293946
vertex -41.557387542724626 5.800000190734863 49.97435951232911
vertex -41.54999847412111 5.800000190734863 50.20000076293946
endloop
endfacet
facet normal -0.0 1.0 -0.0
outer loop
vertex -41.54999847412111 5.800000190734863 50.20000076293946
vertex -41.557387542724626 5.800000190734863 50.42564010620118
vertex -40.79999847412111 5.800000190734863 50.20000076293946
endloop
endfacet
facet normal 0.0 1.0 0.0
outer loop
vertex -41.57951660156252 5.800000190734863 50.65031623840333
vertex -40.79999847412111 5.800000190734863 50.20000076293946
vertex -41.557387542724626 5.800000190734863 50.42564010620118
endloop
endfacet
facet normal -0.0 0.9999999999999999 -0.0
outer loop
vertex -41.57951660156252 5.800000190734863 50.65031623840333
vertex -41.61629028320314 5.800000190734863 50.87306213378907
vertex -40.79999847412111 5.800000190734863 50.20000076293946
endloop
endfacet
facet normal -0.0 1.0 -0.0
outer loop
vertex -40.79999847412111 5.800000190734863 50.20000076293946
vertex -40.8359329223633 5.800000190734863 50.74821090698243
vertex -40.808993530273455 5.800000190734863 50.47469329833985
endloop
endfacet
facet normal -0.0 1.0 -0.0
outer loop
vertex -40.79999847412111 5.800000190734863 50.20000076293946
vertex -40.88070220947267 5.800000190734863 51.019380569458015
vertex -40.8359329223633 5.800000190734863 50.74821090698243
endloop
endfacet
facet normal -0.0 1.0 -0.0
outer loop
vertex -40.79999847412111 5.800000190734863 50.20000076293946
vertex -40.9431106567383 5.800000190734863 51.287040710449226
vertex -40.88070220947267 5.800000190734863 51.019380569458015
endloop
endfacet
facet normal -0.0 1.0 -0.0
outer loop
vertex -40.79999847412111 5.800000190734863 50.20000076293946
vertex -41.022895050048845 5.800000190734863 51.55004501342774
vertex -40.9431106567383 5.800000190734863 51.287040710449226
endloop
endfacet
facet normal 0.0 1.0 0.0
outer loop
vertex -41.61629028320314 5.800000190734863 50.87306213378907
vertex -41.667555999755876 5.800000190734863 51.09292602539063
vertex -41.667914581298845 5.800000190734863 52.75679779052735
endloop
endfacet
facet normal -0.0 0.9999999999999999 -0.0
outer loop
vertex -41.61629028320314 5.800000190734863 50.87306213378907
vertex -41.667914581298845 5.800000190734863 52.75679779052735
vertex -40.79999847412111 5.800000190734863 50.20000076293946
endloop
endfacet
facet normal -0.0 1.0 -0.0
outer loop
vertex -40.79999847412111 5.800000190734863 50.20000076293946
vertex -41.119704437255876 5.800000190734863 51.807270050048835
vertex -41.022895050048845 5.800000190734863 51.55004501342774
endloop
endfacet
facet normal -0.0 1.0 -0.0
outer loop
vertex -40.79999847412111 5.800000190734863 50.20000076293946
vertex -41.233134460449236 5.800000190734863 52.05761337280274
vertex -41.119704437255876 5.800000190734863 51.807270050048835
endloop
endfacet
facet normal -0.0 1.0 -0.0
outer loop
vertex -40.79999847412111 5.800000190734863 50.20000076293946
vertex -41.507826995849626 5.800000190734863 52.53339576721192
vertex -41.36269302368166 5.800000190734863 52.299999237060554
endloop
endfacet
facet normal -0.0 1.0 -0.0
outer loop
vertex -40.79999847412111 5.800000190734863 50.20000076293946
vertex -41.36269302368166 5.800000190734863 52.299999237060554
vertex -41.233134460449236 5.800000190734863 52.05761337280274
endloop
endfacet
facet normal 0.5280701552146756 0.0 -0.8492007484520655
outer loop
vertex -46.72500152587892 4.849999904632568 53.18778800964356
vertex -46.91671676635744 5.800000190734863 53.06857109069825
vertex -46.72500152587892 5.800000190734863 53.18778800964356
endloop
endfacet
facet normal 0.4713931328245572 0.0 -0.8819231907177911
outer loop
vertex -46.52589721679689 4.849999904632568 53.29421043395997
vertex -46.72500152587892 5.800000190734863 53.18778800964356
vertex -46.52589721679689 5.800000190734863 53.29421043395997
endloop
endfacet
facet normal 0.4127078157828313 0.0 -0.9108634687985705
outer loop
vertex -46.320258331298845 4.849999904632568 53.38738441467286
vertex -46.52589721679689 5.800000190734863 53.29421043395997
vertex -46.320258331298845 5.800000190734863 53.38738441467286
endloop
endfacet
facet normal 0.3522508852831083 0.0 -0.9359056115962049
outer loop
vertex -46.10896606445314 4.849999904632568 53.46690940856934
vertex -46.320258331298845 5.800000190734863 53.38738441467286
vertex -46.10896606445314 5.800000190734863 53.46690940856934
endloop
endfacet
facet normal 0.29028102436755704 0.0 -0.9569414438157238
outer loop
vertex -45.892924499511736 4.849999904632568 53.53244400024415
vertex -46.10896606445314 5.800000190734863 53.46690940856934
vertex -45.892924499511736 5.800000190734863 53.53244400024415
endloop
endfacet
facet normal 0.22707898196589604 0.0 -0.9738763453074175
outer loop
vertex -45.67306060791017 4.849999904632568 53.58370971679688
vertex -45.892924499511736 5.800000190734863 53.53244400024415
vertex -45.67306060791017 5.800000190734863 53.58370971679688
endloop
endfacet
facet normal 0.16289723150230945 0.0 -0.9866430418185105
outer loop
vertex -45.450316619873064 4.849999904632568 53.62048530578614
vertex -45.67306060791017 5.800000190734863 53.58370971679688
vertex -45.450316619873064 5.800000190734863 53.62048530578614
endloop
endfacet
facet normal 0.098011313577635 0.0 -0.995185300539948
outer loop
vertex -45.22564239501955 4.849999904632568 53.6426124572754
vertex -45.450316619873064 5.800000190734863 53.62048530578614
vertex -45.22564239501955 5.800000190734863 53.6426124572754
endloop
endfacet
facet normal 0.03272071596613943 0.0 -0.9994645340114192
outer loop
vertex -44.999999237060564 4.849999904632568 53.64999961853028
vertex -45.22564239501955 5.800000190734863 53.6426124572754
vertex -44.999999237060564 5.800000190734863 53.64999961853028
endloop
endfacet
facet normal -0.03272126855587399 0.0 -0.9994645159204474
outer loop
vertex -44.774359893798845 4.849999904632568 53.6426124572754
vertex -44.999999237060564 5.800000190734863 53.64999961853028
vertex -44.774359893798845 5.800000190734863 53.6426124572754
endloop
endfacet
facet normal -0.098011313577635 0.0 -0.995185300539948
outer loop
vertex -44.54968566894533 4.849999904632568 53.62048530578614
vertex -44.774359893798845 5.800000190734863 53.6426124572754
vertex -44.54968566894533 5.800000190734863 53.62048530578614
endloop
endfacet
facet normal -0.1628945158087418 0.0 -0.9866434901824648
outer loop
vertex -44.326937866210955 4.849999904632568 53.58370971679688
vertex -44.54968566894533 5.800000190734863 53.62048530578614
vertex -44.326937866210955 5.800000190734863 53.58370971679688
endloop
endfacet
facet normal -0.22707898196589604 0.0 -0.9738763453074175
outer loop
vertex -44.10707397460939 4.849999904632568 53.53244400024415
vertex -44.326937866210955 5.800000190734863 53.58370971679688
vertex -44.10707397460939 5.800000190734863 53.53244400024415
endloop
endfacet
facet normal -0.29028102436755704 0.0 -0.9569414438157238
outer loop
vertex -43.891032409667986 4.849999904632568 53.46690940856934
vertex -44.10707397460939 5.800000190734863 53.53244400024415
vertex -43.891032409667986 5.800000190734863 53.46690940856934
endloop
endfacet
facet normal -0.0 1.0 0.0
outer loop
vertex -47.27474136352541 5.800000190734863 52.793848037719734
vertex -46.35004730224611 5.800000190734863 54.17710685729981
vertex -47.100226593017595 5.800000190734863 52.93706893920899
endloop
endfacet
facet normal -0.0 1.0 0.0
outer loop
vertex -47.100226593017595 5.800000190734863 52.93706893920899
vertex -46.35004730224611 5.800000190734863 54.17710685729981
vertex -46.91671676635744 5.800000190734863 53.06857109069825
endloop
endfacet
facet normal -0.0 0.9999999999999999 0.0
outer loop
vertex -46.857611846923845 5.800000190734863 53.96686553955079
vertex -46.60726852416994 5.800000190734863 54.080293655395515
vertex -47.27474136352541 5.800000190734863 52.793848037719734
endloop
endfacet
facet normal -0.0 1.0 0.0
outer loop
vertex -46.60726852416994 5.800000190734863 54.080293655395515
vertex -46.35004730224611 5.800000190734863 54.17710685729981
vertex -47.27474136352541 5.800000190734863 52.793848037719734
endloop
endfacet
facet normal -0.0 1.0 0.0
outer loop
vertex -46.91671676635744 5.800000190734863 53.06857109069825
vertex -46.08703918457033 5.800000190734863 54.256889343261726
vertex -46.72500152587892 5.800000190734863 53.18778800964356
endloop
endfacet
facet normal -0.0 0.9999999999999999 0.0
outer loop
vertex -46.72500152587892 5.800000190734863 53.18778800964356
vertex -46.08703918457033 5.800000190734863 54.256889343261726
vertex -46.52589721679689 5.800000190734863 53.29421043395997
endloop
endfacet
facet normal -0.0 0.9999999999999999 0.0
outer loop
vertex -46.52589721679689 5.800000190734863 53.29421043395997
vertex -46.08703918457033 5.800000190734863 54.256889343261726
vertex -46.320258331298845 5.800000190734863 53.38738441467286
endloop
endfacet
facet normal -0.0 1.0 0.0
outer loop
vertex -46.320258331298845 5.800000190734863 53.38738441467286
vertex -46.08703918457033 5.800000190734863 54.256889343261726
vertex -46.10896606445314 5.800000190734863 53.46690940856934
endloop
endfacet
facet normal 0.0 1.0 0.0
outer loop
vertex -46.91671676635744 5.800000190734863 53.06857109069825
vertex -46.35004730224611 5.800000190734863 54.17710685729981
vertex -46.08703918457033 5.800000190734863 54.256889343261726
endloop
endfacet
facet normal -0.0 0.9999999999999999 0.0
outer loop
vertex -46.10896606445314 5.800000190734863 53.46690940856934
vertex -45.81938095092775 5.800000190734863 54.31929779052735
vertex -45.892924499511736 5.800000190734863 53.53244400024415
endloop
endfacet
facet normal 0.0 0.9999999999999999 0.0
outer loop
vertex -46.10896606445314 5.800000190734863 53.46690940856934
vertex -46.08703918457033 5.800000190734863 54.256889343261726
vertex -45.81938095092775 5.800000190734863 54.31929779052735
endloop
endfacet
facet normal -0.0 1.0 0.0
outer loop
vertex -45.892924499511736 5.800000190734863 53.53244400024415
vertex -45.81938095092775 5.800000190734863 54.31929779052735
vertex -45.67306060791017 5.800000190734863 53.58370971679688
endloop
endfacet
facet normal -0.0 1.0 0.0
outer loop
vertex -45.67306060791017 5.800000190734863 53.58370971679688
vertex -45.54820938110353 5.800000190734863 54.36406898498536
vertex -45.450316619873064 5.800000190734863 53.62048530578614
endloop
endfacet
facet normal 0.0 1.0 -0.0
outer loop
vertex -45.67306060791017 5.800000190734863 53.58370971679688
vertex -45.81938095092775 5.800000190734863 54.31929779052735
vertex -45.54820938110353 5.800000190734863 54.36406898498536
endloop
endfacet
facet normal 0.0 1.0 -0.0
outer loop
vertex -45.450316619873064 5.800000190734863 53.62048530578614
vertex -45.54820938110353 5.800000190734863 54.36406898498536
vertex -45.274691772460955 5.800000190734863 54.3910083770752
endloop
endfacet
facet normal -0.0 0.9999999999999999 0.0
outer loop
vertex -45.450316619873064 5.800000190734863 53.62048530578614
vertex -45.274691772460955 5.800000190734863 54.3910083770752
vertex -45.22564239501955 5.800000190734863 53.6426124572754
endloop
endfacet
facet normal 0.0 1.0 -0.0
outer loop
vertex -44.999999237060564 5.800000190734863 53.64999961853028
vertex -45.22564239501955 5.800000190734863 53.6426124572754
vertex -44.999999237060564 5.800000190734863 54.39999961853028
endloop
endfacet
facet normal -0.0 1.0 0.0
outer loop
vertex -44.999999237060564 5.800000190734863 53.64999961853028
vertex -44.72530670166017 5.800000190734863 54.3910083770752
vertex -44.774359893798845 5.800000190734863 53.6426124572754
endloop
endfacet
facet normal -0.0 1.0 0.0
outer loop
vertex -45.274691772460955 5.800000190734863 54.3910083770752
vertex -44.999999237060564 5.800000190734863 54.39999961853028
vertex -45.22564239501955 5.800000190734863 53.6426124572754
endloop
endfacet
facet normal -0.0 0.9999999999999999 0.0
outer loop
vertex -44.999999237060564 5.800000190734863 53.64999961853028
vertex -44.999999237060564 5.800000190734863 54.39999961853028
vertex -44.72530670166017 5.800000190734863 54.3910083770752
endloop
endfacet
facet normal -0.0 0.9999999999999999 0.0
outer loop
vertex -44.774359893798845 5.800000190734863 53.6426124572754
vertex -44.451789093017595 5.800000190734863 54.36406898498536
vertex -44.54968566894533 5.800000190734863 53.62048530578614
endloop
endfacet
facet normal -0.0 1.0 0.0
outer loop
vertex -44.54968566894533 5.800000190734863 53.62048530578614
vertex -44.451789093017595 5.800000190734863 54.36406898498536
vertex -44.326937866210955 5.800000190734863 53.58370971679688
endloop
endfacet
facet normal -0.0 1.0 0.0
outer loop
vertex -44.326937866210955 5.800000190734863 53.58370971679688
vertex -44.18062133789064 5.800000190734863 54.31929779052735
vertex -44.10707397460939 5.800000190734863 53.53244400024415
endloop
endfacet
facet normal -0.0 1.0 0.0
outer loop
vertex -44.10707397460939 5.800000190734863 53.53244400024415
vertex -43.9129592895508 5.800000190734863 54.256889343261726
vertex -43.891032409667986 5.800000190734863 53.46690940856934
endloop
endfacet
facet normal -0.0 1.0 -0.0
outer loop
vertex -44.10707397460939 5.800000190734863 53.53244400024415
vertex -44.18062133789064 5.800000190734863 54.31929779052735
vertex -43.9129592895508 5.800000190734863 54.256889343261726
endloop
endfacet
facet normal -0.0 1.0 0.0
outer loop
vertex -44.774359893798845 5.800000190734863 53.6426124572754
vertex -44.72530670166017 5.800000190734863 54.3910083770752
vertex -44.451789093017595 5.800000190734863 54.36406898498536
endloop
endfacet
facet normal -0.0 1.0 -0.0
outer loop
vertex -44.326937866210955 5.800000190734863 53.58370971679688
vertex -44.451789093017595 5.800000190734863 54.36406898498536
vertex -44.18062133789064 5.800000190734863 54.31929779052735
endloop
endfacet
facet normal -0.7298685608318908 0.0 -0.6835875100593812
outer loop
vertex -42.40615386962892 4.849999904632568 52.474742889404304
vertex -42.56048126220705 5.800000190734863 52.639518737792976
vertex -42.40615386962892 5.800000190734863 52.474742889404304
endloop
endfacet
facet normal -0.6835920106212268 0.0 -0.7298643456251502
outer loop
vertex -42.56048126220705 4.849999904632568 52.639518737792976
vertex -42.72525711059572 5.800000190734863 52.793848037719734
vertex -42.56048126220705 5.800000190734863 52.639518737792976
endloop
endfacet
facet normal -0.6343941593249529 0.0 -0.7730097351355844
outer loop
vertex -42.72525711059572 4.849999904632568 52.793848037719734
vertex -42.89977188110353 5.800000190734863 52.93706893920899
vertex -42.72525711059572 5.800000190734863 52.793848037719734
endloop
endfacet
facet normal -0.582480241192811 0.0 -0.8128448613480708
outer loop
vertex -42.89977188110353 4.849999904632568 52.93706893920899
vertex -43.08328170776369 5.800000190734863 53.06857109069825
vertex -42.89977188110353 5.800000190734863 52.93706893920899
endloop
endfacet
facet normal -0.8492031043820782 0.0 -0.5280663665751124
outer loop
vertex -42.012213897705095 4.849999904632568 51.924999237060554
vertex -42.13143081665041 5.800000190734863 52.1167163848877
vertex -42.012213897705095 5.800000190734863 51.924999237060554
endloop
endfacet
facet normal -0.8819142885668826 0.0 -0.4714097873629371
outer loop
vertex -41.90578765869142 4.849999904632568 51.725896835327156
vertex -42.012213897705095 5.800000190734863 51.924999237060554
vertex -41.90578765869142 5.800000190734863 51.725896835327156
endloop
endfacet
facet normal -0.8128488614157605 0.0 -0.5824746591012367
outer loop
vertex -42.13143081665041 4.849999904632568 52.1167163848877
vertex -42.26293106079103 5.800000190734863 52.30022621154786
vertex -42.13143081665041 5.800000190734863 52.1167163848877
endloop
endfacet
facet normal -0.7730089922033355 0.0 -0.6343950645873467
outer loop
vertex -42.26293106079103 4.849999904632568 52.30022621154786
vertex -42.40615386962892 5.800000190734863 52.474742889404304
vertex -42.26293106079103 5.800000190734863 52.30022621154786
endloop
endfacet
facet normal -0.4127078157828313 0.0 -0.9108634687985705
outer loop
vertex -43.4741050720215 4.849999904632568 53.29421043395997
vertex -43.67974395751955 5.800000190734863 53.38738441467286
vertex -43.4741050720215 5.800000190734863 53.29421043395997
endloop
endfacet
facet normal -0.5280625779794016 0.0 -0.8492054602613838
outer loop
vertex -43.08328170776369 4.849999904632568 53.06857109069825
vertex -43.27500076293947 5.800000190734863 53.18778800964356
vertex -43.08328170776369 5.800000190734863 53.06857109069825
endloop
endfacet
facet normal -0.4713931328245572 0.0 -0.8819231907177911
outer loop
vertex -43.27500076293947 4.849999904632568 53.18778800964356
vertex -43.4741050720215 5.800000190734863 53.29421043395997
vertex -43.27500076293947 5.800000190734863 53.18778800964356
endloop
endfacet
facet normal -0.3522564558456295 -0.0 -0.9359035149603169
outer loop
vertex -43.891032409667986 5.800000190734863 53.46690940856934
vertex -43.67974395751955 5.800000190734863 53.38738441467286
vertex -43.67974395751955 4.849999904632568 53.38738441467286
endloop
endfacet
facet normal 0.0 1.0 -0.0
outer loop
vertex -42.56048126220705 5.800000190734863 52.639518737792976
vertex -42.72525711059572 5.800000190734863 52.793848037719734
vertex -42.44320220947267 5.800000190734863 53.532083511352546
endloop
endfacet
facet normal 0.0 0.9999999999999999 -0.0
outer loop
vertex -42.40615386962892 5.800000190734863 52.474742889404304
vertex -42.56048126220705 5.800000190734863 52.639518737792976
vertex -42.44320220947267 5.800000190734863 53.532083511352546
endloop
endfacet
facet normal 0.0 1.0 -0.0
outer loop
vertex -41.667555999755876 5.800000190734863 51.09292602539063
vertex -41.733092498779314 5.800000190734863 51.308965682983406
vertex -41.667914581298845 5.800000190734863 52.75679779052735
endloop
endfacet
facet normal 0.0 0.9999999999999999 0.0
outer loop
vertex -41.733092498779314 5.800000190734863 51.308965682983406
vertex -41.8126174926758 5.800000190734863 51.52025794982911
vertex -41.84227294921877 5.800000190734863 52.96925163269044
endloop
endfacet
facet normal -0.0 1.0 -0.0
outer loop
vertex -42.012213897705095 5.800000190734863 51.924999237060554
vertex -42.030150604248064 5.800000190734863 53.16984939575196
vertex -41.90578765869142 5.800000190734863 51.725896835327156
endloop
endfacet
facet normal 0.0 1.0 -0.0
outer loop
vertex -41.8126174926758 5.800000190734863 51.52025794982911
vertex -41.90578765869142 5.800000190734863 51.725896835327156
vertex -41.84227294921877 5.800000190734863 52.96925163269044
endloop
endfacet
facet normal -0.0 0.9999999999999999 -0.0
outer loop
vertex -41.733092498779314 5.800000190734863 51.308965682983406
vertex -41.84227294921877 5.800000190734863 52.96925163269044
vertex -41.667914581298845 5.800000190734863 52.75679779052735
endloop
endfacet
facet normal 0.0 0.9999999999999999 0.0
outer loop
vertex -41.667914581298845 5.800000190734863 52.75679779052735
vertex -41.507826995849626 5.800000190734863 52.53339576721192
vertex -40.79999847412111 5.800000190734863 50.20000076293946
endloop
endfacet
facet normal -0.0 1.0 0.0
outer loop
vertex -42.13143081665041 5.800000190734863 52.1167163848877
vertex -42.030150604248064 5.800000190734863 53.16984939575196
vertex -42.012213897705095 5.800000190734863 51.924999237060554
endloop
endfacet
facet normal 0.0 1.0 -0.0
outer loop
vertex -42.13143081665041 5.800000190734863 52.1167163848877
vertex -42.26293106079103 5.800000190734863 52.30022621154786
vertex -42.030150604248064 5.800000190734863 53.16984939575196
endloop
endfacet
facet normal -0.0 1.0 0.0
outer loop
vertex -42.40615386962892 5.800000190734863 52.474742889404304
vertex -42.230746459960955 5.800000190734863 53.35772705078126
vertex -42.26293106079103 5.800000190734863 52.30022621154786
endloop
endfacet
facet normal -0.0 0.9999999999999999 -0.0
outer loop
vertex -41.90578765869142 5.800000190734863 51.725896835327156
vertex -42.030150604248064 5.800000190734863 53.16984939575196
vertex -41.84227294921877 5.800000190734863 52.96925163269044
endloop
endfacet
facet normal -0.0 0.9999999999999999 0.0
outer loop
vertex -42.26293106079103 5.800000190734863 52.30022621154786
vertex -42.230746459960955 5.800000190734863 53.35772705078126
vertex -42.030150604248064 5.800000190734863 53.16984939575196
endloop
endfacet
facet normal -0.0 1.0 0.0
outer loop
vertex -43.891032409667986 5.800000190734863 53.46690940856934
vertex -43.39272994995119 5.800000190734863 54.080293655395515
vertex -43.67974395751955 5.800000190734863 53.38738441467286
endloop
endfacet
facet normal -0.0 1.0 0.0
outer loop
vertex -43.67974395751955 5.800000190734863 53.38738441467286
vertex -43.14238662719728 5.800000190734863 53.96686553955079
vertex -43.4741050720215 5.800000190734863 53.29421043395997
endloop
endfacet
facet normal 0.0 1.0 -0.0
outer loop
vertex -43.27500076293947 5.800000190734863 53.18778800964356
vertex -43.4741050720215 5.800000190734863 53.29421043395997
vertex -43.14238662719728 5.800000190734863 53.96686553955079
endloop
endfacet
facet normal 0.0 1.0 -0.0
outer loop
vertex -42.89977188110353 5.800000190734863 52.93706893920899
vertex -43.08328170776369 5.800000190734863 53.06857109069825
vertex -42.44320220947267 5.800000190734863 53.532083511352546
endloop
endfacet
facet normal -0.0 0.9999999999999999 0.0
outer loop
vertex -43.27500076293947 5.800000190734863 53.18778800964356
vertex -42.90000076293947 5.800000190734863 53.83730697631837
vertex -43.08328170776369 5.800000190734863 53.06857109069825
endloop
endfacet
facet normal -0.0 1.0 0.0
outer loop
vertex -42.89977188110353 5.800000190734863 52.93706893920899
vertex -42.44320220947267 5.800000190734863 53.532083511352546
vertex -42.72525711059572 5.800000190734863 52.793848037719734
endloop
endfacet
facet normal -0.0 1.0 -0.0
outer loop
vertex -42.40615386962892 5.800000190734863 52.474742889404304
vertex -42.44320220947267 5.800000190734863 53.532083511352546
vertex -42.230746459960955 5.800000190734863 53.35772705078126
endloop
endfacet
facet normal 0.0 1.0 0.0
outer loop
vertex -42.666606140136736 5.800000190734863 53.6921730041504
vertex -42.44320220947267 5.800000190734863 53.532083511352546
vertex -43.08328170776369 5.800000190734863 53.06857109069825
endloop
endfacet
facet normal 0.0 1.0 -0.0
outer loop
vertex -42.666606140136736 5.800000190734863 53.6921730041504
vertex -43.08328170776369 5.800000190734863 53.06857109069825
vertex -42.90000076293947 5.800000190734863 53.83730697631837
endloop
endfacet
facet normal -0.0 1.0 0.0
outer loop
vertex -43.27500076293947 5.800000190734863 53.18778800964356
vertex -43.14238662719728 5.800000190734863 53.96686553955079
vertex -42.90000076293947 5.800000190734863 53.83730697631837
endloop
endfacet
facet normal -0.0 1.0 -0.0
outer loop
vertex -43.891032409667986 5.800000190734863 53.46690940856934
vertex -43.9129592895508 5.800000190734863 54.256889343261726
vertex -43.64995498657228 5.800000190734863 54.17710685729981
endloop
endfacet
facet normal -0.0 1.0 0.0
outer loop
vertex -43.891032409667986 5.800000190734863 53.46690940856934
vertex -43.64995498657228 5.800000190734863 54.17710685729981
vertex -43.39272994995119 5.800000190734863 54.080293655395515
endloop
endfacet
facet normal -0.0 1.0 0.0
outer loop
vertex -43.67974395751955 5.800000190734863 53.38738441467286
vertex -43.39272994995119 5.800000190734863 54.080293655395515
vertex -43.14238662719728 5.800000190734863 53.96686553955079
endloop
endfacet

endsolid
