solid 
facet normal 0.0 0.0 -1.0
outer loop
vertex -10.05 24.0 43.900001525878906
vertex -10.05 28.6 43.900001525878906
vertex -7.0 24.0 43.900001525878906
endloop
endfacet
facet normal -0.0 1.0 0.0
outer loop
vertex -4.542765140533447 31.200000762939453 50.15004348754883
vertex -0.4412385709912794 31.200000762939453 51.993353340291236
vertex -4.295259952545166 31.200000762939453 50.088043212890625
endloop
endfacet
facet normal -0.0 1.0 0.0
outer loop
vertex -4.055023193359375 31.200000762939453 50.0020866394043
vertex -0.3428932188134526 31.200000762939453 51.90710678118655
vertex -3.824368476867676 31.200000762939453 49.89299392700195
endloop
endfacet
facet normal -0.0 1.0 0.0
outer loop
vertex -3.824368476867676 31.200000762939453 49.89299392700195
vertex -0.3428932188134526 31.200000762939453 51.90710678118655
vertex -3.6055173873901367 31.200000762939453 49.76182174682617
endloop
endfacet
facet normal -0.9700311473065998 0.0 0.24298060263124244
outer loop
vertex -2.561955213546753 24.0 46.84526062011719
vertex -2.4999582767486572 31.200000762939453 47.09276580810547
vertex -2.561955213546753 31.200000762939453 46.84526062011719
endloop
endfacet
facet normal -0.9891762780071399 0.0 0.14673203817824354
outer loop
vertex -2.4999582767486572 24.0 47.09276580810547
vertex -2.462519645690918 31.200000762939453 47.34515380859375
vertex -2.4999582767486572 31.200000762939453 47.09276580810547
endloop
endfacet
facet normal -0.9987954787914173 0.0 0.04906721457168529
outer loop
vertex -2.462519645690918 24.0 47.34515380859375
vertex -2.450000047683716 31.200000762939453 47.599998474121094
vertex -2.462519645690918 31.200000762939453 47.34515380859375
endloop
endfacet
facet normal -0.0 1.0 0.0
outer loop
vertex -4.295259952545166 31.200000762939453 50.088043212890625
vertex -0.4412385709912794 31.200000762939453 51.993353340291236
vertex -4.055023193359375 31.200000762939453 50.0020866394043
endloop
endfacet
facet normal -0.9987954787914173 0.0 -0.04906721457168529
outer loop
vertex -2.450000047683716 24.0 47.599998474121094
vertex -2.462519645690918 31.200000762939453 47.85484313964844
vertex -2.450000047683716 31.200000762939453 47.599998474121094
endloop
endfacet
facet normal -0.9700311473065998 0.0 -0.24298060263124244
outer loop
vertex -2.4999582767486572 24.0 48.107234954833984
vertex -2.561955213546753 31.200000762939453 48.354740142822266
vertex -2.4999582767486572 31.200000762939453 48.107234954833984
endloop
endfacet
facet normal 0.0 0.06539148119414388 -0.9978596866229419
outer loop
vertex -0.05000000715255726 27.600000381469727 47.400001525878906
vertex -0.05000000715255726 27.887157440185547 47.418819427490234
vertex -0.05000000000000071 27.600000381469727 47.400001525878906
endloop
endfacet
facet normal 0.0 0.06539148119414388 -0.9978596866229419
outer loop
vertex -0.05000000000000071 27.600000381469727 47.400001525878906
vertex -0.05000000715255726 27.887157440185547 47.418819427490234
vertex -0.05000000000000071 27.887157440185547 47.418819427490234
endloop
endfacet
facet normal 0.0 0.19510016996479648 -0.9807833214730496
outer loop
vertex -0.05000000715255726 27.887157440185547 47.418819427490234
vertex -0.05000000715255726 28.169401168823242 47.4749641418457
vertex -0.05000000000000071 27.887157440185547 47.418819427490234
endloop
endfacet
facet normal 0.0 0.19510016996479648 -0.9807833214730496
outer loop
vertex -0.05000000000000071 27.887157440185547 47.418819427490234
vertex -0.05000000715255726 28.169401168823242 47.4749641418457
vertex -0.05000000000000071 28.169401168823242 47.4749641418457
endloop
endfacet
facet normal 0.0 0.3214404758440456 -0.9469297864620972
outer loop
vertex -0.05000000715255726 28.169401168823242 47.4749641418457
vertex -0.05000000715255726 28.441904067993164 47.567466735839844
vertex -0.05000000000000071 28.169401168823242 47.4749641418457
endloop
endfacet
facet normal -0.9891765998955457 0.0 -0.14672986819011158
outer loop
vertex -2.462519645690918 24.0 47.85484313964844
vertex -2.4999582767486572 31.200000762939453 48.107234954833984
vertex -2.462519645690918 31.200000762939453 47.85484313964844
endloop
endfacet
facet normal -0.0 1.0 0.0
outer loop
vertex -4.7951555252075195 31.200000762939453 50.18748092651367
vertex -0.4412385709912794 31.200000762939453 51.993353340291236
vertex -4.542765140533447 31.200000762939453 50.15004348754883
endloop
endfacet
facet normal -0.0 1.0 0.0
outer loop
vertex -5.050000190734863 31.200000762939453 50.20000076293945
vertex -0.4412385709912794 31.200000762939453 51.993353340291236
vertex -4.7951555252075195 31.200000762939453 50.18748092651367
endloop
endfacet
facet normal 0.0 1.0 -0.0
outer loop
vertex -0.05000000715255726 31.200000762939453 43.900001525878906
vertex -4.055023193359375 31.200000762939453 45.197914123535156
vertex -3.824368476867676 31.200000762939453 45.307003021240234
endloop
endfacet
facet normal -0.049068146739752815 -0.0 -0.9987954329969306
outer loop
vertex -5.050000190734863 31.200000762939453 50.20000076293945
vertex -4.7951555252075195 31.200000762939453 50.18748092651367
vertex -4.7951555252075195 24.0 50.18748092651367
endloop
endfacet
facet normal -0.14672611042443393 0.0 -0.9891771572977799
outer loop
vertex -4.542765140533447 24.0 50.15004348754883
vertex -4.7951555252075195 31.200000762939453 50.18748092651367
vertex -4.542765140533447 31.200000762939453 50.15004348754883
endloop
endfacet
facet normal -0.24299291208531265 0.0 -0.9700280638601646
outer loop
vertex -4.295259952545166 24.0 50.088043212890625
vertex -4.542765140533447 31.200000762939453 50.15004348754883
vertex -4.295259952545166 31.200000762939453 50.088043212890625
endloop
endfacet
facet normal -0.3368845951162225 0.0 -0.9415459466076942
outer loop
vertex -4.055023193359375 24.0 50.0020866394043
vertex -4.295259952545166 31.200000762939453 50.088043212890625
vertex -4.055023193359375 31.200000762939453 50.0020866394043
endloop
endfacet
facet normal -0.4275587961844504 0.0 -0.9039875418418682
outer loop
vertex -3.824368476867676 24.0 49.89299392700195
vertex -4.055023193359375 31.200000762939453 50.0020866394043
vertex -3.824368476867676 31.200000762939453 49.89299392700195
endloop
endfacet
facet normal -0.5140966464865854 0.0 -0.857732264795517
outer loop
vertex -3.6055173873901367 24.0 49.76182174682617
vertex -3.824368476867676 31.200000762939453 49.89299392700195
vertex -3.6055173873901367 31.200000762939453 49.76182174682617
endloop
endfacet
facet normal -0.5956969072801795 0.0 -0.8032093093688774
outer loop
vertex -3.4005775451660156 24.0 49.60982894897461
vertex -3.6055173873901367 31.200000762939453 49.76182174682617
vertex -3.4005775451660156 31.200000762939453 49.60982894897461
endloop
endfacet
facet normal -0.6715648443639456 0.0 -0.7409457873653305
outer loop
vertex -3.211522340774536 24.0 49.4384765625
vertex -3.4005775451660156 31.200000762939453 49.60982894897461
vertex -3.211522340774536 31.200000762939453 49.4384765625
endloop
endfacet
facet normal -0.8032088473392962 0.0 -0.5956975302583343
outer loop
vertex -2.888179063796997 24.0 49.04448318481445
vertex -3.040172815322876 31.200000762939453 49.24942398071289
vertex -2.888179063796997 31.200000762939453 49.04448318481445
endloop
endfacet
facet normal -0.9415448045561364 0.0 -0.336887786975644
outer loop
vertex -2.561955213546753 24.0 48.354740142822266
vertex -2.6479132175445557 31.200000762939453 48.59497833251953
vertex -2.561955213546753 31.200000762939453 48.354740142822266
endloop
endfacet
facet normal -0.903987297826183 0.0 -0.42755931210642056
outer loop
vertex -2.6479132175445557 24.0 48.59497833251953
vertex -2.757004737854004 31.200000762939453 48.82563018798828
vertex -2.6479132175445557 31.200000762939453 48.59497833251953
endloop
endfacet
facet normal -0.8577305321544951 0.0 -0.5140995372590473
outer loop
vertex -2.757004737854004 24.0 48.82563018798828
vertex -2.888179063796997 31.200000762939453 49.04448318481445
vertex -2.757004737854004 31.200000762939453 48.82563018798828
endloop
endfacet
facet normal -0.7409467312506638 0.0 -0.6715638029621285
outer loop
vertex -3.040172815322876 24.0 49.24942398071289
vertex -3.211522340774536 31.200000762939453 49.4384765625
vertex -3.040172815322876 31.200000762939453 49.24942398071289
endloop
endfacet
facet normal 0.0 1.0 -0.0
outer loop
vertex -0.05000000715255726 31.200000762939453 43.900001525878906
vertex -4.542765140533447 31.200000762939453 45.049957275390625
vertex -4.295259952545166 31.200000762939453 45.11195373535156
endloop
endfacet
facet normal 0.0 1.0 -0.0
outer loop
vertex -0.05000000715255726 31.200000762939453 43.900001525878906
vertex -4.295259952545166 31.200000762939453 45.11195373535156
vertex -4.055023193359375 31.200000762939453 45.197914123535156
endloop
endfacet
facet normal 0.0 0.3214404758440456 -0.9469297864620972
outer loop
vertex -0.05000000000000071 28.169401168823242 47.4749641418457
vertex -0.05000000715255726 28.441904067993164 47.567466735839844
vertex -0.05000000000000071 28.441904067993164 47.567466735839844
endloop
endfacet
facet normal 1.0 0.0 -0.0
outer loop
vertex -0.05000000715255726 28.599999987931902 43.91
vertex -0.05000000715255726 31.2 43.91
vertex -0.05000000715255726 28.169401168823242 47.4749641418457
endloop
endfacet
facet normal 0.0 0.44228357412344743 -0.896875264493669
outer loop
vertex -0.05000000715255726 28.441904067993164 47.567466735839844
vertex -0.05000000715255726 28.700000762939453 47.69474411010742
vertex -0.05000000000000071 28.441904067993164 47.567466735839844
endloop
endfacet
facet normal 0.0 0.44228357412344743 -0.896875264493669
outer loop
vertex -0.05000000000000071 28.441904067993164 47.567466735839844
vertex -0.05000000715255726 28.700000762939453 47.69474411010742
vertex -0.05000000000000071 28.700000762939453 47.69474411010742
endloop
endfacet
facet normal 0.0 1.0 -0.0
outer loop
vertex -0.05000000715255726 31.200000762939453 43.900001525878906
vertex -2.757004737854004 31.200000762939453 46.374366760253906
vertex -2.6479132175445557 31.200000762939453 46.60502243041992
endloop
endfacet
facet normal 0.0 1.0 -0.0
outer loop
vertex -0.05000000715255726 31.200000762939453 43.900001525878906
vertex -2.6479132175445557 31.200000762939453 46.60502243041992
vertex -2.561955213546753 31.200000762939453 46.84526062011719
endloop
endfacet
facet normal 0.0 1.0 -0.0
outer loop
vertex -0.05000000715255726 31.200000762939453 43.900001525878906
vertex -2.561955213546753 31.200000762939453 46.84526062011719
vertex -2.4999582767486572 31.200000762939453 47.09276580810547
endloop
endfacet
facet normal 0.0 1.0 -0.0
outer loop
vertex -0.05000000715255726 31.200000762939453 43.900001525878906
vertex -2.4999582767486572 31.200000762939453 47.09276580810547
vertex -2.462519645690918 31.200000762939453 47.34515380859375
endloop
endfacet
facet normal 0.0 0.9999999999999999 -0.0
outer loop
vertex -0.05000000715255726 31.200000762939453 43.900001525878906
vertex -2.462519645690918 31.200000762939453 47.34515380859375
vertex -2.450000047683716 31.200000762939453 47.599998474121094
endloop
endfacet
facet normal 0.0 1.0 0.0
outer loop
vertex -0.05000000715255726 31.200000762939453 43.900001525878906
vertex -2.450000047683716 31.200000762939453 47.599998474121094
vertex -2.462519645690918 31.200000762939453 47.85484313964844
endloop
endfacet
facet normal 0.0 0.9999999999999999 0.0
outer loop
vertex -0.05000000715255726 31.200000762939453 43.900001525878906
vertex -2.462519645690918 31.200000762939453 47.85484313964844
vertex -2.4999582767486572 31.200000762939453 48.107234954833984
endloop
endfacet
facet normal 0.9999999999999999 0.0 0.0
outer loop
vertex -0.05000000715255726 31.2 43.91
vertex -0.05000000715255726 28.700000762939453 47.69474411010742
vertex -0.05000000715255726 28.441904067993164 47.567466735839844
endloop
endfacet
facet normal 1.0 0.0 0.0
outer loop
vertex -0.05000000715255726 31.2 43.91
vertex -0.05000000715255726 28.93927574157715 47.85462188720703
vertex -0.05000000715255726 28.700000762939453 47.69474411010742
endloop
endfacet
facet normal 1.0 0.0 0.0
outer loop
vertex -0.05000000715255726 31.2 43.91
vertex -0.05000000715255726 29.155635833740234 48.04436492919922
vertex -0.05000000715255726 28.93927574157715 47.85462188720703
endloop
endfacet
facet normal 1.0 0.0 0.0
outer loop
vertex -0.05000000715255726 31.2 43.91
vertex -0.05000000715255726 29.34537696838379 48.26072311401367
vertex -0.05000000715255726 29.155635833740234 48.04436492919922
endloop
endfacet
facet normal 1.0 0.0 0.0
outer loop
vertex -0.05000000715255726 31.2 43.91
vertex -0.05000000715255726 29.50525665283203 48.5
vertex -0.05000000715255726 29.34537696838379 48.26072311401367
endloop
endfacet
facet normal 1.0 0.0 0.0
outer loop
vertex -0.05000000715255726 31.2 43.91
vertex -0.05000000715255726 29.63253402709961 48.758094787597656
vertex -0.05000000715255726 29.50525665283203 48.5
endloop
endfacet
facet normal 1.0 0.0 0.0
outer loop
vertex -0.05000000715255726 31.2 43.91
vertex -0.05000000715255726 29.72503662109375 49.03059768676758
vertex -0.05000000715255726 29.63253402709961 48.758094787597656
endloop
endfacet
facet normal 0.0 1.0 -0.0
outer loop
vertex -0.05000000715255726 31.200000762939453 43.900001525878906
vertex -2.4999582767486572 31.200000762939453 48.107234954833984
vertex -0.05000000715255726 31.200000762939453 51.20000010912694
endloop
endfacet
facet normal 0.0 1.0 -0.0
outer loop
vertex -0.05000000715255726 31.200000762939453 43.900001525878906
vertex -2.888179063796997 31.200000762939453 46.155517578125
vertex -2.757004737854004 31.200000762939453 46.374366760253906
endloop
endfacet
facet normal -0.9415448045561364 0.0 0.336887786975644
outer loop
vertex -2.6479132175445557 24.0 46.60502243041992
vertex -2.561955213546753 31.200000762939453 46.84526062011719
vertex -2.6479132175445557 31.200000762939453 46.60502243041992
endloop
endfacet
facet normal 0.0 0.9999999999999999 -0.0
outer loop
vertex -0.05000000715255726 31.200000762939453 43.900001525878906
vertex -3.040172815322876 31.200000762939453 45.95057678222656
vertex -2.888179063796997 31.200000762939453 46.155517578125
endloop
endfacet
facet normal 0.0 1.0 -0.0
outer loop
vertex -0.05000000715255726 31.200000762939453 43.900001525878906
vertex -3.4005775451660156 31.200000762939453 45.590171813964844
vertex -3.211522340774536 31.200000762939453 45.76152420043945
endloop
endfacet
facet normal 0.0 0.555568666148543 -0.8314706592501798
outer loop
vertex -0.05000000715255726 28.700000762939453 47.69474411010742
vertex -0.05000000715255726 28.93927574157715 47.85462188720703
vertex -0.05000000000000071 28.700000762939453 47.69474411010742
endloop
endfacet
facet normal 0.0 0.555568666148543 -0.8314706592501798
outer loop
vertex -0.05000000000000071 28.700000762939453 47.69474411010742
vertex -0.05000000715255726 28.93927574157715 47.85462188720703
vertex -0.05000000000000071 28.93927574157715 47.85462188720703
endloop
endfacet
facet normal 1.0 0.0 0.0
outer loop
vertex -0.05000000715255726 31.2 43.91
vertex -0.05000000715255726 28.441904067993164 47.567466735839844
vertex -0.05000000715255726 28.169401168823242 47.4749641418457
endloop
endfacet
facet normal 0.0 0.6593464704433921 -0.7518392327578024
outer loop
vertex -0.05000000715255726 28.93927574157715 47.85462188720703
vertex -0.05000000715255726 29.155635833740234 48.04436492919922
vertex -0.05000000000000071 28.93927574157715 47.85462188720703
endloop
endfacet
facet normal 0.0 0.6593464704433921 -0.7518392327578024
outer loop
vertex -0.05000000000000071 28.93927574157715 47.85462188720703
vertex -0.05000000715255726 29.155635833740234 48.04436492919922
vertex -0.05000000000000071 29.155635833740234 48.04436492919922
endloop
endfacet
facet normal 0.0 0.751839636964267 -0.6593460095347807
outer loop
vertex -0.05000000715255726 29.155635833740234 48.04436492919922
vertex -0.05000000715255726 29.34537696838379 48.26072311401367
vertex -0.05000000000000071 29.155635833740234 48.04436492919922
endloop
endfacet
facet normal 0.0 0.751839636964267 -0.6593460095347807
outer loop
vertex -0.05000000000000071 29.155635833740234 48.04436492919922
vertex -0.05000000715255726 29.34537696838379 48.26072311401367
vertex -0.05000000000000071 29.34537696838379 48.26072311401367
endloop
endfacet
facet normal 0.0 0.8314696433081957 -0.5555701866163643
outer loop
vertex -0.05000000715255726 29.34537696838379 48.26072311401367
vertex -0.05000000715255726 29.50525665283203 48.5
vertex -0.05000000000000071 29.34537696838379 48.26072311401367
endloop
endfacet
facet normal -5.8007321186636104e-08 0.6593464704433915 0.7518392327578008
outer loop
vertex -0.05000000715255726 29.155635833740234 51.155635833740234
vertex -0.05000000715255726 29.1050481620626 51.20000010912694
vertex -0.05000000000000071 29.105048286497798 51.20000000000001
endloop
endfacet
facet normal 0.0 0.6593464704433971 0.7518392327577981
outer loop
vertex -0.05000000715255726 29.155635833740234 51.155635833740234
vertex -0.05000000000000071 29.105048286497798 51.20000000000001
vertex -0.05000000000000071 29.155635833740234 51.155635833740234
endloop
endfacet
facet normal -0.0 0.7518453997468986 0.6593394382860972
outer loop
vertex -0.05000000715255726 29.155635833740234 51.155635833740234
vertex -0.05000000000000071 29.155635833740234 51.155635833740234
vertex -0.05000000000000071 29.34537696838379 50.939273834228516
endloop
endfacet
facet normal 0.0 0.7518453997468986 0.6593394382860972
outer loop
vertex -0.05000000715255726 29.155635833740234 51.155635833740234
vertex -0.05000000000000071 29.34537696838379 50.939273834228516
vertex -0.05000000715255726 29.34537696838379 50.939273834228516
endloop
endfacet
facet normal -0.0 0.831465551730782 0.5555763100466276
outer loop
vertex -0.05000000715255726 29.34537696838379 50.939273834228516
vertex -0.05000000000000071 29.34537696838379 50.939273834228516
vertex -0.05000000000000071 29.50525665283203 50.70000076293945
endloop
endfacet
facet normal 0.0 1.0 -0.0
outer loop
vertex -0.05000000715255726 31.200000762939453 43.900001525878906
vertex -3.824368476867676 31.200000762939453 45.307003021240234
vertex -3.6055173873901367 31.200000762939453 45.43817901611328
endloop
endfacet
facet normal 0.0 1.0 -0.0
outer loop
vertex -0.05000000715255726 31.200000762939453 43.900001525878906
vertex -3.6055173873901367 31.200000762939453 45.43817901611328
vertex -3.4005775451660156 31.200000762939453 45.590171813964844
endloop
endfacet
facet normal 0.0 0.9999999999999999 -0.0
outer loop
vertex -0.05000000715255726 31.200000762939453 43.900001525878906
vertex -3.211522340774536 31.200000762939453 45.76152420043945
vertex -3.040172815322876 31.200000762939453 45.95057678222656
endloop
endfacet
facet normal 1.0 0.0 -0.0
outer loop
vertex -0.05000000715255726 31.2 43.91
vertex -0.05000000715255726 31.200000762939453 51.20000010912694
vertex -0.05000000715255726 29.72503662109375 49.03059768676758
endloop
endfacet
facet normal -0.9039900308875831 0.0 0.427553533555585
outer loop
vertex -2.757004737854004 24.0 46.374366760253906
vertex -2.6479132175445557 31.200000762939453 46.60502243041992
vertex -2.757004737854004 31.200000762939453 46.374366760253906
endloop
endfacet
facet normal -0.8032088473392962 0.0 0.5956975302583343
outer loop
vertex -3.040172815322876 24.0 45.95057678222656
vertex -2.888179063796997 31.200000762939453 46.155517578125
vertex -3.040172815322876 31.200000762939453 45.95057678222656
endloop
endfacet
facet normal -0.9987954787914173 0.0 0.04906721457168529
outer loop
vertex -2.462519645690918 24.0 47.34515380859375
vertex -2.450000047683716 24.0 47.599998474121094
vertex -2.450000047683716 31.200000762939453 47.599998474121094
endloop
endfacet
facet normal -0.9987954787914173 0.0 -0.04906721457168529
outer loop
vertex -2.450000047683716 24.0 47.599998474121094
vertex -2.462519645690918 24.0 47.85484313964844
vertex -2.462519645690918 31.200000762939453 47.85484313964844
endloop
endfacet
facet normal -0.9891765998955457 0.0 -0.14672986819011158
outer loop
vertex -2.462519645690918 24.0 47.85484313964844
vertex -2.4999582767486572 24.0 48.107234954833984
vertex -2.4999582767486572 31.200000762939453 48.107234954833984
endloop
endfacet
facet normal 1.0 0.0 -0.0
outer loop
vertex -0.05000000715255726 24.0 43.900001525878906
vertex -0.05000000715255726 27.312843322753906 47.418819427490234
vertex -0.05000000715255726 27.030597686767578 47.4749641418457
endloop
endfacet
facet normal 1.0 0.0 -0.0
outer loop
vertex -0.05000000715255726 24.0 43.900001525878906
vertex -0.05000000715255726 27.600000381469727 47.400001525878906
vertex -0.05000000715255726 27.312843322753906 47.418819427490234
endloop
endfacet
facet normal 1.0 0.0 -0.0
outer loop
vertex -0.05000000715255726 24.0 43.900001525878906
vertex -0.05000000715255726 27.887157440185547 47.418819427490234
vertex -0.05000000715255726 27.600000381469727 47.400001525878906
endloop
endfacet
facet normal -0.9891762780071399 0.0 0.14673203817824354
outer loop
vertex -2.4999582767486572 24.0 47.09276580810547
vertex -2.462519645690918 24.0 47.34515380859375
vertex -2.462519645690918 31.200000762939453 47.34515380859375
endloop
endfacet
facet normal 1.0 0.0 -0.0
outer loop
vertex -0.05000000715255726 24.0 43.900001525878906
vertex -0.05000000715255726 28.169401168823242 47.4749641418457
vertex -0.05000000715255726 27.887157440185547 47.418819427490234
endloop
endfacet
facet normal -0.0 -0.7518363513247954 -0.6593497560677631
outer loop
vertex -0.05000000715255726 26.04436492919922 48.04436492919922
vertex -0.05000000000000071 25.85462188720703 48.26072311401367
vertex -0.05000000715255726 25.85462188720703 48.26072311401367
endloop
endfacet
facet normal 0.0 -0.7518363513247954 -0.6593497560677631
outer loop
vertex -0.05000000715255726 26.04436492919922 48.04436492919922
vertex -0.05000000000000071 26.04436492919922 48.04436492919922
vertex -0.05000000000000071 25.85462188720703 48.26072311401367
endloop
endfacet
facet normal 0.0 -0.6593464704433921 -0.7518392327578024
outer loop
vertex -0.05000000715255726 26.04436492919922 48.04436492919922
vertex -0.05000000715255726 26.260725021362305 47.85462188720703
vertex -0.05000000000000071 26.04436492919922 48.04436492919922
endloop
endfacet
facet normal 0.0 -0.6593464704433921 -0.7518392327578024
outer loop
vertex -0.05000000000000071 26.04436492919922 48.04436492919922
vertex -0.05000000715255726 26.260725021362305 47.85462188720703
vertex -0.05000000000000071 26.260725021362305 47.85462188720703
endloop
endfacet
facet normal 0.0 -0.555568666148543 -0.8314706592501798
outer loop
vertex -0.05000000000000071 26.260725021362305 47.85462188720703
vertex -0.05000000715255726 26.5 47.69474411010742
vertex -0.05000000000000071 26.5 47.69474411010742
endloop
endfacet
facet normal 0.0 -0.555568666148543 -0.8314706592501798
outer loop
vertex -0.05000000715255726 26.260725021362305 47.85462188720703
vertex -0.05000000715255726 26.5 47.69474411010742
vertex -0.05000000000000071 26.260725021362305 47.85462188720703
endloop
endfacet
facet normal 1.0 0.0 -0.0
outer loop
vertex -0.05000000715255726 24.0 43.900001525878906
vertex -0.05000000715255726 27.030597686767578 47.4749641418457
vertex -0.05000000715255726 26.75809669494629 47.567466735839844
endloop
endfacet
facet normal -0.9700311473065998 0.0 0.24298060263124244
outer loop
vertex -2.561955213546753 24.0 46.84526062011719
vertex -2.4999582767486572 24.0 47.09276580810547
vertex -2.4999582767486572 31.200000762939453 47.09276580810547
endloop
endfacet
facet normal 0.0 -0.8314686134707745 0.5555717278740774
outer loop
vertex -0.05000000715255726 25.694744110107422 50.70000076293945
vertex -0.05000000000000071 25.694744110107422 50.70000076293945
vertex -0.05000000000000071 25.85462188720703 50.939273834228516
endloop
endfacet
facet normal 0.0 -0.8968739318947369 0.44228627639536267
outer loop
vertex -0.05000000715255726 25.56746482849121 50.44190216064453
vertex -0.05000000000000071 25.694744110107422 50.70000076293945
vertex -0.05000000715255726 25.694744110107422 50.70000076293945
endloop
endfacet
facet normal 0.0 -0.997858793213887 -0.06540511299374727
outer loop
vertex -0.05000000715255726 25.418821334838867 49.312843322753906
vertex -0.05000000000000071 25.418821334838867 49.312843322753906
vertex -0.05000000000000071 25.399999618530273 49.599998474121094
endloop
endfacet
facet normal -0.0 -0.997858793213887 -0.06540511299374727
outer loop
vertex -0.05000000715255726 25.418821334838867 49.312843322753906
vertex -0.05000000000000071 25.399999618530273 49.599998474121094
vertex -0.05000000715255726 25.399999618530273 49.599998474121094
endloop
endfacet
facet normal 0.0 -0.9978588499196684 0.06540424785131772
outer loop
vertex -0.05000000715255726 25.399999618530273 49.599998474121094
vertex -0.05000000000000071 25.399999618530273 49.599998474121094
vertex -0.05000000000000071 25.418821334838867 49.88715744018555
endloop
endfacet
facet normal 0.0 -0.9978588499196684 0.06540424785131772
outer loop
vertex -0.05000000715255726 25.399999618530273 49.599998474121094
vertex -0.05000000000000071 25.418821334838867 49.88715744018555
vertex -0.05000000715255726 25.418821334838867 49.88715744018555
endloop
endfacet
facet normal 0.0 -0.9807861101759768 0.1950861504204659
outer loop
vertex -0.05000000715255726 25.418821334838867 49.88715744018555
vertex -0.05000000000000071 25.418821334838867 49.88715744018555
vertex -0.05000000000000071 25.47496223449707 50.169403076171875
endloop
endfacet
facet normal 0.0 -0.9807861101759768 0.1950861504204659
outer loop
vertex -0.05000000715255726 25.418821334838867 49.88715744018555
vertex -0.05000000000000071 25.47496223449707 50.169403076171875
vertex -0.05000000715255726 25.47496223449707 50.169403076171875
endloop
endfacet
facet normal 0.9999999999999999 0.0 -0.0
outer loop
vertex -0.05000000715255726 25.418821334838867 49.88715744018555
vertex -0.05000000715255726 25.47496223449707 50.169403076171875
vertex -0.05000000715255726 24.0 51.20000010912694
endloop
endfacet
facet normal 1.0 0.0 -0.0
outer loop
vertex -0.05000000715255726 25.47496223449707 50.169403076171875
vertex -0.05000000715255726 25.56746482849121 50.44190216064453
vertex -0.05000000715255726 24.0 51.20000010912694
endloop
endfacet
facet normal 1.0 0.0 -0.0
outer loop
vertex -0.05000000715255726 25.56746482849121 50.44190216064453
vertex -0.05000000715255726 25.694744110107422 50.70000076293945
vertex -0.05000000715255726 24.0 51.20000010912694
endloop
endfacet
facet normal 1.0 0.0 -0.0
outer loop
vertex -0.05000000715255726 25.694744110107422 50.70000076293945
vertex -0.05000000715255726 25.85462188720703 50.939273834228516
vertex -0.05000000715255726 24.0 51.20000010912694
endloop
endfacet
facet normal 1.0 0.0 -0.0
outer loop
vertex -0.05000000715255726 25.85462188720703 50.939273834228516
vertex -0.05000000715255726 26.04436492919922 51.155635833740234
vertex -0.05000000715255726 24.0 51.20000010912694
endloop
endfacet
facet normal 0.0 -0.9469284167918228 0.321444510720174
outer loop
vertex -0.05000000715255726 25.47496223449707 50.169403076171875
vertex -0.05000000000000071 25.47496223449707 50.169403076171875
vertex -0.05000000000000071 25.56746482849121 50.44190216064453
endloop
endfacet
facet normal 0.0 -0.9469284167918228 0.321444510720174
outer loop
vertex -0.05000000715255726 25.47496223449707 50.169403076171875
vertex -0.05000000000000071 25.56746482849121 50.44190216064453
vertex -0.05000000715255726 25.56746482849121 50.44190216064453
endloop
endfacet
facet normal 1.0 0.0 -0.0
outer loop
vertex -0.05000000715255726 26.04436492919922 51.155635833740234
vertex -0.05000000715255726 26.09495260087685 51.20000010912694
vertex -0.05000000715255726 24.0 51.20000010912694
endloop
endfacet
facet normal 0.0 -0.8968739318947369 0.44228627639536267
outer loop
vertex -0.05000000715255726 25.56746482849121 50.44190216064453
vertex -0.05000000000000071 25.56746482849121 50.44190216064453
vertex -0.05000000000000071 25.694744110107422 50.70000076293945
endloop
endfacet
facet normal 0.0 -0.44228357412344743 -0.896875264493669
outer loop
vertex -0.05000000715255726 26.5 47.69474411010742
vertex -0.05000000715255726 26.75809669494629 47.567466735839844
vertex -0.05000000000000071 26.5 47.69474411010742
endloop
endfacet
facet normal 0.0 -0.44228357412344743 -0.896875264493669
outer loop
vertex -0.05000000000000071 26.5 47.69474411010742
vertex -0.05000000715255726 26.75809669494629 47.567466735839844
vertex -0.05000000000000071 26.75809669494629 47.567466735839844
endloop
endfacet
facet normal 1.0 0.0 -0.0
outer loop
vertex -0.05000000715255726 24.0 43.900001525878906
vertex -0.05000000715255726 28.599999987931902 43.91
vertex -0.05000000715255726 28.169401168823242 47.4749641418457
endloop
endfacet
facet normal 0.0 -0.3214424932701775 -0.9469291016334073
outer loop
vertex -0.05000000715255726 26.75809669494629 47.567466735839844
vertex -0.05000000715255726 27.030597686767578 47.4749641418457
vertex -0.05000000000000071 26.75809669494629 47.567466735839844
endloop
endfacet
facet normal 0.8602574473218871 -0.5098599065696677 0.0
outer loop
vertex -0.05000000000000071 28.6 40.200000172294764
vertex -0.05000000000000071 28.6 43.91
vertex -0.05000000715255726 28.599999987931902 43.900001525878906
endloop
endfacet
facet normal 0.8602574473218872 -0.5098599065696678 0.0
outer loop
vertex -0.05000000715255726 28.599999987931902 43.91
vertex -0.05000000715255726 28.599999987931902 43.900001525878906
vertex -0.05000000000000071 28.6 43.91
endloop
endfacet
facet normal 0.0 0.0 1.0
outer loop
vertex -0.05000000715255726 28.599999987931902 43.91
vertex -0.05000000000000071 28.6 43.91
vertex -0.05000000000000071 31.2 43.91
endloop
endfacet
facet normal 0.0 -0.0 1.0
outer loop
vertex -0.05000000715255726 28.599999987931902 43.91
vertex -0.05000000000000071 31.2 43.91
vertex -0.05000000715255726 31.2 43.91
endloop
endfacet
facet normal 0.0 1.0 -0.0
outer loop
vertex -0.05000000000000071 31.2 40.2
vertex -0.05000000715255726 31.2 43.900001525878906
vertex -0.05000000000000071 31.2 43.91
endloop
endfacet
facet normal 0.0 1.0 0.0
outer loop
vertex -0.05000000715255726 31.2 43.900001525878906
vertex -0.05000000715255726 31.2 43.91
vertex -0.05000000000000071 31.2 43.91
endloop
endfacet
facet normal -0.049068146739752815 0.0 0.9987954329969306
outer loop
vertex -5.050000190734863 24.0 45.0
vertex -4.7951555252075195 31.200000762939453 45.01251983642578
vertex -5.050000190734863 31.200000762939453 45.0
endloop
endfacet
facet normal -0.14672611042443393 0.0 0.9891771572977799
outer loop
vertex -4.7951555252075195 24.0 45.01251983642578
vertex -4.542765140533447 31.200000762939453 45.049957275390625
vertex -4.7951555252075195 31.200000762939453 45.01251983642578
endloop
endfacet
facet normal -0.24297884412822152 0.0 0.9700315877877965
outer loop
vertex -4.542765140533447 24.0 45.049957275390625
vertex -4.295259952545166 31.200000762939453 45.11195373535156
vertex -4.542765140533447 31.200000762939453 45.049957275390625
endloop
endfacet
facet normal -0.33689784896131986 0.0 0.9415412042843562
outer loop
vertex -4.295259952545166 24.0 45.11195373535156
vertex -4.055023193359375 31.200000762939453 45.197914123535156
vertex -4.295259952545166 31.200000762939453 45.11195373535156
endloop
endfacet
facet normal -0.42754657849059274 0.0 0.9039933203409122
outer loop
vertex -4.055023193359375 24.0 45.197914123535156
vertex -3.824368476867676 31.200000762939453 45.307003021240234
vertex -4.055023193359375 31.200000762939453 45.197914123535156
endloop
endfacet
facet normal -0.5141076456992486 0.0 0.857725672131583
outer loop
vertex -3.824368476867676 24.0 45.307003021240234
vertex -3.6055173873901367 31.200000762939453 45.43817901611328
vertex -3.824368476867676 31.200000762939453 45.307003021240234
endloop
endfacet
facet normal -0.5956969072801795 0.0 0.8032093093688774
outer loop
vertex -3.6055173873901367 24.0 45.43817901611328
vertex -3.4005775451660156 31.200000762939453 45.590171813964844
vertex -3.6055173873901367 31.200000762939453 45.43817901611328
endloop
endfacet
facet normal -0.6715648443639456 0.0 0.7409457873653305
outer loop
vertex -3.4005775451660156 24.0 45.590171813964844
vertex -3.211522340774536 31.200000762939453 45.76152420043945
vertex -3.4005775451660156 31.200000762939453 45.590171813964844
endloop
endfacet
facet normal -0.7409467312506638 0.0 0.6715638029621285
outer loop
vertex -3.211522340774536 24.0 45.76152420043945
vertex -3.040172815322876 31.200000762939453 45.95057678222656
vertex -3.211522340774536 31.200000762939453 45.76152420043945
endloop
endfacet
facet normal 0.0 0.0 -1.0
outer loop
vertex -10.05 31.2 43.900001525878906
vertex -0.05000000715255726 31.200000762939453 43.900001525878906
vertex -0.05000000715255726 31.2 43.900001525878906
endloop
endfacet
facet normal -0.85772658066138 0.0 0.5141061299254633
outer loop
vertex -2.888179063796997 24.0 46.155517578125
vertex -2.757004737854004 31.200000762939453 46.374366760253906
vertex -2.888179063796997 31.200000762939453 46.155517578125
endloop
endfacet
facet normal -0.0 1.0 0.0
outer loop
vertex -10.05 31.2 43.900001525878906
vertex -0.05000000715255726 31.2 43.900001525878906
vertex -0.05000000000000071 31.2 40.2
endloop
endfacet
facet normal 0.0 0.0 -1.0
outer loop
vertex -10.05 31.2 40.2
vertex -0.05000000000000071 31.2 40.2
vertex -0.05000000000000071 28.6 40.2
endloop
endfacet
facet normal 0.0 -0.3214424932701775 -0.9469291016334073
outer loop
vertex -0.05000000000000071 26.75809669494629 47.567466735839844
vertex -0.05000000715255726 27.030597686767578 47.4749641418457
vertex -0.05000000000000071 27.030597686767578 47.4749641418457
endloop
endfacet
facet normal 0.0 -0.19509890170914623 -0.9807835737571695
outer loop
vertex -0.05000000715255726 27.030597686767578 47.4749641418457
vertex -0.05000000715255726 27.312843322753906 47.418819427490234
vertex -0.05000000000000071 27.030597686767578 47.4749641418457
endloop
endfacet
facet normal 0.0 -0.19509890170914623 -0.9807835737571695
outer loop
vertex -0.05000000000000071 27.030597686767578 47.4749641418457
vertex -0.05000000715255726 27.312843322753906 47.418819427490234
vertex -0.05000000000000071 27.312843322753906 47.418819427490234
endloop
endfacet
facet normal 0.0 -0.06539148119414388 -0.9978596866229419
outer loop
vertex -0.05000000715255726 27.312843322753906 47.418819427490234
vertex -0.05000000715255726 27.600000381469727 47.400001525878906
vertex -0.05000000000000071 27.312843322753906 47.418819427490234
endloop
endfacet
facet normal 0.0 -0.06539148119414388 -0.9978596866229419
outer loop
vertex -0.05000000000000071 27.312843322753906 47.418819427490234
vertex -0.05000000715255726 27.600000381469727 47.400001525878906
vertex -0.05000000000000071 27.600000381469727 47.400001525878906
endloop
endfacet
facet normal -0.9700311473065998 0.0 -0.24298060263124244
outer loop
vertex -2.561955213546753 24.0 48.354740142822266
vertex -2.561955213546753 31.200000762939453 48.354740142822266
vertex -2.4999582767486572 24.0 48.107234954833984
endloop
endfacet
facet normal 0.0 -0.831472704995763 -0.5555656044492215
outer loop
vertex -0.05000000000000071 25.694744110107422 48.5
vertex -0.05000000715255726 25.85462188720703 48.26072311401367
vertex -0.05000000000000071 25.85462188720703 48.26072311401367
endloop
endfacet
facet normal 0.0 -0.8314686134707745 0.5555717278740774
outer loop
vertex -0.05000000715255726 25.694744110107422 50.70000076293945
vertex -0.05000000000000071 25.85462188720703 50.939273834228516
vertex -0.05000000715255726 25.85462188720703 50.939273834228516
endloop
endfacet
facet normal 0.0 -0.7518421141477342 0.6593431848391744
outer loop
vertex -0.05000000715255726 25.85462188720703 50.939273834228516
vertex -0.05000000000000071 25.85462188720703 50.939273834228516
vertex -0.05000000000000071 26.04436492919922 51.155635833740234
endloop
endfacet
facet normal 0.0 -0.7518421141477342 0.6593431848391744
outer loop
vertex -0.05000000715255726 25.85462188720703 50.939273834228516
vertex -0.05000000000000071 26.04436492919922 51.155635833740234
vertex -0.05000000715255726 26.04436492919922 51.155635833740234
endloop
endfacet
facet normal 0.0 -0.6593464704433971 0.7518392327577981
outer loop
vertex -0.05000000715255726 26.04436492919922 51.155635833740234
vertex -0.05000000000000071 26.04436492919922 51.155635833740234
vertex -0.05000000000000071 26.094952476441655 51.20000000000001
endloop
endfacet
facet normal -5.800731946785987e-08 -0.6593464704433913 0.7518392327578008
outer loop
vertex -0.05000000715255726 26.04436492919922 51.155635833740234
vertex -0.05000000000000071 26.094952476441655 51.20000000000001
vertex -0.05000000715255726 26.09495260087685 51.20000010912694
endloop
endfacet
facet normal -0.0 1.0 0.0
outer loop
vertex -7.0 28.0 37.2
vertex -3.0999999046325684 28.0 40.2
vertex -3.0999999999999996 28.0 37.2
endloop
endfacet
facet normal 0.0 -0.0 -1.0
outer loop
vertex -10.05 31.2 40.2
vertex -0.05000000000000071 28.6 40.2
vertex -3.0999999046325684 28.0 40.2
endloop
endfacet
facet normal 0.0 0.9999999999999999 -0.0
outer loop
vertex -3.0999999046325684 28.0 37.2
vertex -3.0999999999999996 28.0 37.2
vertex -3.0999999046325684 28.0 40.2
endloop
endfacet
facet normal -0.0 1.0 0.0
outer loop
vertex -10.05 31.200000762939453 43.900001525878906
vertex -4.542765140533447 31.200000762939453 45.049957275390625
vertex -0.05000000715255726 31.200000762939453 43.900001525878906
endloop
endfacet
facet normal 0.9999999999999999 0.0 -0.0
outer loop
vertex -0.05000000715255726 31.200000762939453 43.900001525878906
vertex -0.05000000715255726 31.200000762939453 51.20000010912694
vertex -0.05000000715255726 31.2 43.900001525878906
endloop
endfacet
facet normal 1.0 0.0 -0.0
outer loop
vertex -0.05000000715255726 31.2 43.900001525878906
vertex -0.05000000715255726 31.200000762939453 51.20000010912694
vertex -0.05000000715255726 31.2 43.91
endloop
endfacet
facet normal -0.0 1.0 0.0
outer loop
vertex -3.211522340774536 31.200000762939453 49.4384765625
vertex -0.3428932188134526 31.200000762939453 51.90710678118655
vertex -3.040172815322876 31.200000762939453 49.24942398071289
endloop
endfacet
facet normal -0.9807852804032283 0.0 0.19509032201613932
outer loop
vertex -10.015925826289068 24.0 51.45881904510252
vertex -10.015925826289068 31.200000762939453 51.45881904510252
vertex -10.041444861373812 24.0 51.330526192220056
endloop
endfacet
facet normal -0.9469301294951074 0.0 0.32143946530315676
outer loop
vertex -9.973879532511287 24.0 51.582683432365094
vertex -9.973879532511287 31.200000762939453 51.582683432365094
vertex -10.015925826289068 24.0 51.45881904510252
endloop
endfacet
facet normal -0.8968727415326899 0.0 0.44228869021899825
outer loop
vertex -9.91602540378444 24.0 51.7
vertex -9.91602540378444 31.200000762939453 51.7
vertex -9.973879532511287 24.0 51.582683432365094
endloop
endfacet
facet normal -0.8314696123025479 0.0 0.555570233019598
outer loop
vertex -9.843353340291236 24.0 51.808761429008726
vertex -9.843353340291236 31.200000762939453 51.808761429008726
vertex -9.91602540378444 24.0 51.7
endloop
endfacet
facet normal -0.7518398074789668 0.0 0.6593458151000808
outer loop
vertex -9.757106781186549 24.0 51.90710678118655
vertex -9.757106781186549 31.200000762939453 51.90710678118655
vertex -9.843353340291236 24.0 51.808761429008726
endloop
endfacet
facet normal -0.6593458151000674 0.0 0.7518398074789786
outer loop
vertex -9.658761429008722 24.0 51.993353340291236
vertex -9.658761429008722 31.200000762939453 51.993353340291236
vertex -9.757106781186549 24.0 51.90710678118655
endloop
endfacet
facet normal -0.9978589232386039 0.0 0.06540312923013841
outer loop
vertex -10.041444861373812 24.0 51.330526192220056
vertex -10.041444861373812 31.200000762939453 51.330526192220056
vertex -10.05 24.0 51.2
endloop
endfacet
facet normal -0.5555702330196229 0.0 0.8314696123025312
outer loop
vertex -9.55 31.200000762939453 52.066025403784444
vertex -9.658761429008722 24.0 51.993353340291236
vertex -9.55 24.0 52.066025403784444
endloop
endfacet
facet normal -0.32143946530314865 0.0 0.9469301294951099
outer loop
vertex -9.30881904510252 31.200000762939453 52.16592582628907
vertex -9.43268343236509 24.0 52.12387953251129
vertex -9.30881904510252 24.0 52.16592582628907
endloop
endfacet
facet normal -0.1950903220161236 0.0 0.9807852804032313
outer loop
vertex -9.180526192220052 31.200000762939453 52.19144486137381
vertex -9.30881904510252 24.0 52.16592582628907
vertex -9.180526192220052 24.0 52.19144486137381
endloop
endfacet
facet normal -0.06540312923016633 0.0 0.997858923238602
outer loop
vertex -9.05 31.200000762939453 52.2
vertex -9.180526192220052 24.0 52.19144486137381
vertex -9.05 24.0 52.2
endloop
endfacet
facet normal -0.9978589232386039 0.0 0.06540312923013841
outer loop
vertex -10.05 31.200000762939453 51.2
vertex -10.05 24.0 51.2
vertex -10.041444861373812 31.200000762939453 51.330526192220056
endloop
endfacet
facet normal -0.9807852804032283 0.0 0.19509032201613932
outer loop
vertex -10.041444861373812 24.0 51.330526192220056
vertex -10.015925826289068 31.200000762939453 51.45881904510252
vertex -10.041444861373812 31.200000762939453 51.330526192220056
endloop
endfacet
facet normal -0.9469301294951074 0.0 0.32143946530315676
outer loop
vertex -10.015925826289068 24.0 51.45881904510252
vertex -9.973879532511287 31.200000762939453 51.582683432365094
vertex -10.015925826289068 31.200000762939453 51.45881904510252
endloop
endfacet
facet normal -0.44228869021898193 0.0 0.8968727415326978
outer loop
vertex -9.43268343236509 31.200000762939453 52.12387953251129
vertex -9.55 24.0 52.066025403784444
vertex -9.43268343236509 24.0 52.12387953251129
endloop
endfacet
facet normal -1.0 0.0 0.0
outer loop
vertex -9.05 24.0 52.20000076293945
vertex -9.05 31.200000762939453 52.20000076293945
vertex -9.05 31.200000762939453 52.2
endloop
endfacet
facet normal -1.0 -0.0 -0.0
outer loop
vertex -9.05 24.0 52.20000076293945
vertex -9.05 31.200000762939453 52.2
vertex -9.05 24.0 52.2
endloop
endfacet
facet normal 1.0 0.0 -0.0
outer loop
vertex -0.05000000000000071 27.030597686767578 47.4749641418457
vertex -0.05000000000000071 29.72503662109375 50.169403076171875
vertex -0.05000000000000071 29.63253402709961 50.44190216064453
endloop
endfacet
facet normal 1.0 0.0 0.0
outer loop
vertex -0.05000000000000071 28.169401168823242 47.4749641418457
vertex -0.05000000000000071 28.441904067993164 47.567466735839844
vertex -0.05000000000000071 28.93927574157715 47.85462188720703
endloop
endfacet
facet normal 0.9999999999999999 0.0 0.0
outer loop
vertex -0.05000000000000071 28.441904067993164 47.567466735839844
vertex -0.05000000000000071 28.700000762939453 47.69474411010742
vertex -0.05000000000000071 28.93927574157715 47.85462188720703
endloop
endfacet
facet normal 1.0 0.0 0.0
outer loop
vertex -0.05000000000000071 28.169401168823242 47.4749641418457
vertex -0.05000000000000071 28.93927574157715 47.85462188720703
vertex -0.05000000000000071 29.155635833740234 48.04436492919922
endloop
endfacet
facet normal 0.9999999999999999 0.0 0.0
outer loop
vertex -0.05000000000000071 28.169401168823242 47.4749641418457
vertex -0.05000000000000071 29.155635833740234 48.04436492919922
vertex -0.05000000000000071 29.34537696838379 48.26072311401367
endloop
endfacet
facet normal 1.0 0.0 0.0
outer loop
vertex -0.05000000000000071 27.887157440185547 47.418819427490234
vertex -0.05000000000000071 29.34537696838379 48.26072311401367
vertex -0.05000000000000071 29.50525665283203 48.5
endloop
endfacet
facet normal 1.0 0.0 0.0
outer loop
vertex -0.05000000000000071 27.600000381469727 47.400001525878906
vertex -0.05000000000000071 29.50525665283203 48.5
vertex -0.05000000000000071 29.63253402709961 48.758094787597656
endloop
endfacet
facet normal 1.0 0.0 0.0
outer loop
vertex -0.05000000000000071 29.155635833740234 51.155635833740234
vertex -0.05000000000000071 29.105048286497798 51.20000000000001
vertex -0.05000000000000071 26.270253645729987 51.20000000000001
endloop
endfacet
facet normal 1.0 0.0 0.0
outer loop
vertex -0.05000000000000071 27.030597686767578 47.4749641418457
vertex -0.05000000000000071 29.63253402709961 48.758094787597656
vertex -0.05000000000000071 29.72503662109375 49.03059768676758
endloop
endfacet
facet normal 1.0 0.0 0.0
outer loop
vertex -0.05000000000000071 27.030597686767578 47.4749641418457
vertex -0.05000000000000071 29.72503662109375 49.03059768676758
vertex -0.05000000000000071 29.781179428100586 49.312843322753906
endloop
endfacet
facet normal 1.0 0.0 0.0
outer loop
vertex -0.05000000000000071 27.030597686767578 47.4749641418457
vertex -0.05000000000000071 29.781179428100586 49.312843322753906
vertex -0.05000000000000071 29.799999237060547 49.599998474121094
endloop
endfacet
facet normal 1.0 0.0 -0.0
outer loop
vertex -0.05000000000000071 27.030597686767578 47.4749641418457
vertex -0.05000000000000071 29.799999237060547 49.599998474121094
vertex -0.05000000000000071 29.781179428100586 49.88715744018555
endloop
endfacet
facet normal 0.9999999999999999 0.0 -0.0
outer loop
vertex -0.05000000000000071 27.030597686767578 47.4749641418457
vertex -0.05000000000000071 29.781179428100586 49.88715744018555
vertex -0.05000000000000071 29.72503662109375 50.169403076171875
endloop
endfacet
facet normal 1.0 0.0 -0.0
outer loop
vertex -0.05000000000000071 27.030597686767578 47.4749641418457
vertex -0.05000000000000071 29.50525665283203 50.70000076293945
vertex -0.05000000000000071 29.34537696838379 50.939273834228516
endloop
endfacet
facet normal 1.0 0.0 -0.0
outer loop
vertex -0.05000000000000071 27.030597686767578 47.4749641418457
vertex -0.05000000000000071 29.63253402709961 50.44190216064453
vertex -0.05000000000000071 29.50525665283203 50.70000076293945
endloop
endfacet
facet normal 1.0 0.0 -0.0
outer loop
vertex -0.05000000000000071 27.030597686767578 47.4749641418457
vertex -0.05000000000000071 29.34537696838379 50.939273834228516
vertex -0.05000000000000071 29.155635833740234 51.155635833740234
endloop
endfacet
facet normal -0.8968727415326899 0.0 0.44228869021899825
outer loop
vertex -9.973879532511287 24.0 51.582683432365094
vertex -9.91602540378444 31.200000762939453 51.7
vertex -9.973879532511287 31.200000762939453 51.582683432365094
endloop
endfacet
facet normal -0.8314696123025479 0.0 0.555570233019598
outer loop
vertex -9.91602540378444 24.0 51.7
vertex -9.843353340291236 31.200000762939453 51.808761429008726
vertex -9.91602540378444 31.200000762939453 51.7
endloop
endfacet
facet normal -0.7518398074789668 0.0 0.6593458151000808
outer loop
vertex -9.843353340291236 24.0 51.808761429008726
vertex -9.757106781186549 31.200000762939453 51.90710678118655
vertex -9.843353340291236 31.200000762939453 51.808761429008726
endloop
endfacet
facet normal -0.6593458151000674 0.0 0.7518398074789786
outer loop
vertex -9.757106781186549 24.0 51.90710678118655
vertex -9.658761429008722 31.200000762939453 51.993353340291236
vertex -9.757106781186549 31.200000762939453 51.90710678118655
endloop
endfacet
facet normal 0.7518398074789643 -0.0 0.6593458151000837
outer loop
vertex -0.2566466597087649 24.0 51.808761429008726
vertex -0.2566466597087649 31.200000762939453 51.808761429008726
vertex -0.3428932188134526 24.0 51.90710678118655
endloop
endfacet
facet normal 0.8314696123025509 -0.0 0.5555702330195939
outer loop
vertex -0.18397459621556134 24.0 51.7
vertex -0.18397459621556134 31.200000762939453 51.7
vertex -0.2566466597087649 24.0 51.808761429008726
endloop
endfacet
facet normal 0.9978589232386036 0.0 0.0654031292301411
outer loop
vertex -0.05000000000000071 26.270253645729987 51.20000000000001
vertex -0.05855513862618966 31.200000762939453 51.330526192220056
vertex -0.05855513862618966 24.0 51.330526192220056
endloop
endfacet
facet normal 0.9978589234253123 -0.0 0.06540312638151714
outer loop
vertex -0.05000000000000071 26.270253645729987 51.20000000000001
vertex -0.05000000000000071 29.105048286497798 51.20000000000001
vertex -0.05000000715255726 29.1050481620626 51.20000010912694
endloop
endfacet
facet normal 0.0654031292301661 0.0 0.9978589232386019
outer loop
vertex -1.05 31.200000762939453 52.2
vertex -1.05 24.0 52.2
vertex -0.9194738077799485 31.200000762939453 52.19144486137381
endloop
endfacet
facet normal 0.19509032201612295 0.0 0.9807852804032313
outer loop
vertex -0.9194738077799485 31.200000762939453 52.19144486137381
vertex -0.9194738077799485 24.0 52.19144486137381
vertex -0.7911809548974793 31.200000762939453 52.16592582628907
endloop
endfacet
facet normal 0.32143946530315026 0.0 0.9469301294951096
outer loop
vertex -0.7911809548974793 31.200000762939453 52.16592582628907
vertex -0.7911809548974793 24.0 52.16592582628907
vertex -0.6673165676349102 31.200000762939453 52.12387953251129
endloop
endfacet
facet normal 0.44228869021898254 0.0 0.8968727415326975
outer loop
vertex -0.6673165676349102 31.200000762939453 52.12387953251129
vertex -0.6673165676349102 24.0 52.12387953251129
vertex -0.55 31.200000762939453 52.066025403784444
endloop
endfacet
facet normal 0.5555702330196254 0.0 0.8314696123025298
outer loop
vertex -0.55 31.200000762939453 52.066025403784444
vertex -0.55 24.0 52.066025403784444
vertex -0.4412385709912794 31.200000762939453 51.993353340291236
endloop
endfacet
facet normal 0.6593458151000666 0.0 0.7518398074789795
outer loop
vertex -0.4412385709912794 24.0 51.993353340291236
vertex -0.3428932188134526 31.200000762939453 51.90710678118655
vertex -0.4412385709912794 31.200000762939453 51.993353340291236
endloop
endfacet
facet normal 0.98078528040323 0.0 0.19509032201613116
outer loop
vertex -0.08407417371093173 24.0 51.45881904510252
vertex -0.05855513862618966 31.200000762939453 51.330526192220056
vertex -0.08407417371093173 31.200000762939453 51.45881904510252
endloop
endfacet
facet normal 0.896872741532686 0.0 0.4422886902190057
outer loop
vertex -0.18397459621556134 24.0 51.7
vertex -0.1261204674887133 31.200000762939453 51.582683432365094
vertex -0.18397459621556134 31.200000762939453 51.7
endloop
endfacet
facet normal 0.9469301294951076 0.0 0.3214394653031559
outer loop
vertex -0.1261204674887133 24.0 51.582683432365094
vertex -0.08407417371093173 31.200000762939453 51.45881904510252
vertex -0.1261204674887133 31.200000762939453 51.582683432365094
endloop
endfacet
facet normal 0.9978589232386033 -1.1013055204103132e-16 0.06540312923014524
outer loop
vertex -0.05000000000000071 26.270253645729987 51.20000000000001
vertex -0.05000000715255726 29.1050481620626 51.20000010912694
vertex -0.05855513862618966 31.200000762939453 51.330526192220056
endloop
endfacet
facet normal 0.7518398074789643 0.0 0.6593458151000837
outer loop
vertex -0.3428932188134526 24.0 51.90710678118655
vertex -0.2566466597087649 31.200000762939453 51.808761429008726
vertex -0.3428932188134526 31.200000762939453 51.90710678118655
endloop
endfacet
facet normal 0.9469301294951076 -0.0 0.3214394653031559
outer loop
vertex -0.08407417371093173 24.0 51.45881904510252
vertex -0.08407417371093173 31.200000762939453 51.45881904510252
vertex -0.1261204674887133 24.0 51.582683432365094
endloop
endfacet
facet normal 1.0 0.0 0.0
outer loop
vertex -0.05000000000000071 27.600000381469727 47.400001525878906
vertex -0.05000000000000071 27.887157440185547 47.418819427490234
vertex -0.05000000000000071 29.50525665283203 48.5
endloop
endfacet
facet normal 0.896872741532686 -0.0 0.4422886902190057
outer loop
vertex -0.1261204674887133 24.0 51.582683432365094
vertex -0.1261204674887133 31.200000762939453 51.582683432365094
vertex -0.18397459621556134 24.0 51.7
endloop
endfacet
facet normal 0.5555702330196254 -0.0 0.8314696123025298
outer loop
vertex -0.4412385709912794 24.0 51.993353340291236
vertex -0.4412385709912794 31.200000762939453 51.993353340291236
vertex -0.55 24.0 52.066025403784444
endloop
endfacet
facet normal -0.5555702330196229 0.0 0.8314696123025312
outer loop
vertex -9.658761429008722 24.0 51.993353340291236
vertex -9.55 31.200000762939453 52.066025403784444
vertex -9.658761429008722 31.200000762939453 51.993353340291236
endloop
endfacet
facet normal -0.44228869021898193 0.0 0.8968727415326978
outer loop
vertex -9.55 31.200000762939453 52.066025403784444
vertex -9.55 24.0 52.066025403784444
vertex -9.43268343236509 31.200000762939453 52.12387953251129
endloop
endfacet
facet normal -0.32143946530314865 0.0 0.9469301294951099
outer loop
vertex -9.43268343236509 31.200000762939453 52.12387953251129
vertex -9.43268343236509 24.0 52.12387953251129
vertex -9.30881904510252 31.200000762939453 52.16592582628907
endloop
endfacet
facet normal -0.1950903220161236 0.0 0.9807852804032313
outer loop
vertex -9.30881904510252 31.200000762939453 52.16592582628907
vertex -9.30881904510252 24.0 52.16592582628907
vertex -9.180526192220052 31.200000762939453 52.19144486137381
endloop
endfacet
facet normal -0.06540312923016633 0.0 0.997858923238602
outer loop
vertex -9.180526192220052 31.200000762939453 52.19144486137381
vertex -9.180526192220052 24.0 52.19144486137381
vertex -9.05 31.200000762939453 52.2
endloop
endfacet
facet normal 1.0 0.0 0.0
outer loop
vertex -1.05 31.200000762939453 52.20000076293945
vertex -1.05 24.0 52.20000076293945
vertex -1.05 24.0 52.2
endloop
endfacet
facet normal 1.0 -0.0 0.0
outer loop
vertex -1.05 31.200000762939453 52.20000076293945
vertex -1.05 24.0 52.2
vertex -1.05 31.200000762939453 52.2
endloop
endfacet
facet normal 0.9978589232386035 -0.0 0.06540312923014348
outer loop
vertex -0.05000000715255726 24.0 51.20000010912694
vertex -0.05000000715255726 26.09495260087685 51.20000010912694
vertex -0.05855513862618966 24.0 51.330526192220056
endloop
endfacet
facet normal 0.9978589232386016 1.780938679970606e-15 0.06540312923017196
outer loop
vertex -0.05000000715255726 26.09495260087685 51.20000010912694
vertex -0.05000000000000071 26.270253645729987 51.20000000000001
vertex -0.05855513862618966 24.0 51.330526192220056
endloop
endfacet
facet normal 0.0654031292301661 0.0 0.9978589232386019
outer loop
vertex -0.9194738077799485 31.200000762939453 52.19144486137381
vertex -1.05 24.0 52.2
vertex -0.9194738077799485 24.0 52.19144486137381
endloop
endfacet
facet normal 0.19509032201612295 0.0 0.9807852804032313
outer loop
vertex -0.7911809548974793 31.200000762939453 52.16592582628907
vertex -0.9194738077799485 24.0 52.19144486137381
vertex -0.7911809548974793 24.0 52.16592582628907
endloop
endfacet
facet normal 0.32143946530315026 0.0 0.9469301294951096
outer loop
vertex -0.6673165676349102 31.200000762939453 52.12387953251129
vertex -0.7911809548974793 24.0 52.16592582628907
vertex -0.6673165676349102 24.0 52.12387953251129
endloop
endfacet
facet normal 0.9978589234253123 0.0 0.06540312638151713
outer loop
vertex -0.05000000000000071 26.270253645729987 51.20000000000001
vertex -0.05000000715255726 26.09495260087685 51.20000010912694
vertex -0.05000000000000071 26.094952476441655 51.20000000000001
endloop
endfacet
facet normal 0.44228869021898254 0.0 0.8968727415326975
outer loop
vertex -0.55 31.200000762939453 52.066025403784444
vertex -0.6673165676349102 24.0 52.12387953251129
vertex -0.55 24.0 52.066025403784444
endloop
endfacet
facet normal 0.6593458151000666 -0.0 0.7518398074789795
outer loop
vertex -0.3428932188134526 24.0 51.90710678118655
vertex -0.3428932188134526 31.200000762939453 51.90710678118655
vertex -0.4412385709912794 24.0 51.993353340291236
endloop
endfacet
facet normal 0.98078528040323 -0.0 0.19509032201613116
outer loop
vertex -0.05855513862618966 24.0 51.330526192220056
vertex -0.05855513862618966 31.200000762939453 51.330526192220056
vertex -0.08407417371093173 24.0 51.45881904510252
endloop
endfacet
facet normal 1.0 0.0 0.0
outer loop
vertex -0.05000000000000071 27.887157440185547 47.418819427490234
vertex -0.05000000000000071 28.169401168823242 47.4749641418457
vertex -0.05000000000000071 29.34537696838379 48.26072311401367
endloop
endfacet
facet normal 0.9999999999999999 -0.0 0.0
outer loop
vertex -0.05000000000000071 27.312843322753906 47.418819427490234
vertex -0.05000000000000071 27.600000381469727 47.400001525878906
vertex -0.05000000000000071 29.63253402709961 48.758094787597656
endloop
endfacet
facet normal 1.0 -0.0 0.0
outer loop
vertex -0.05000000000000071 27.030597686767578 47.4749641418457
vertex -0.05000000000000071 27.312843322753906 47.418819427490234
vertex -0.05000000000000071 29.63253402709961 48.758094787597656
endloop
endfacet
facet normal 0.0 0.9807848419856559 -0.19509252607717215
outer loop
vertex -0.05000000715255726 29.72503662109375 49.03059768676758
vertex -0.05000000715255726 29.781179428100586 49.312843322753906
vertex -0.05000000000000071 29.72503662109375 49.03059768676758
endloop
endfacet
facet normal 0.0 0.9807848419856559 -0.19509252607717215
outer loop
vertex -0.05000000000000071 29.72503662109375 49.03059768676758
vertex -0.05000000715255726 29.781179428100586 49.312843322753906
vertex -0.05000000000000071 29.781179428100586 49.312843322753906
endloop
endfacet
facet normal 0.0 0.9978592257691746 -0.06539851334199775
outer loop
vertex -0.05000000715255726 29.781179428100586 49.312843322753906
vertex -0.05000000715255726 29.799999237060547 49.599998474121094
vertex -0.05000000000000071 29.781179428100586 49.312843322753906
endloop
endfacet
facet normal 0.0 0.9978592257691746 -0.06539851334199775
outer loop
vertex -0.05000000000000071 29.781179428100586 49.312843322753906
vertex -0.05000000715255726 29.799999237060547 49.599998474121094
vertex -0.05000000000000071 29.799999237060547 49.599998474121094
endloop
endfacet
facet normal 0.0 0.9978592824635373 0.06539764828611477
outer loop
vertex -0.05000000715255726 29.799999237060547 49.599998474121094
vertex -0.05000000715255726 29.781179428100586 49.88715744018555
vertex -0.05000000000000071 29.799999237060547 49.599998474121094
endloop
endfacet
facet normal -0.0 0.9978592824635373 0.06539764828611477
outer loop
vertex -0.05000000000000071 29.799999237060547 49.599998474121094
vertex -0.05000000715255726 29.781179428100586 49.88715744018555
vertex -0.05000000000000071 29.781179428100586 49.88715744018555
endloop
endfacet
facet normal 0.0 0.9807848419856559 0.19509252607717215
outer loop
vertex -0.05000000715255726 29.72503662109375 50.169403076171875
vertex -0.05000000000000071 29.781179428100586 49.88715744018555
vertex -0.05000000715255726 29.781179428100586 49.88715744018555
endloop
endfacet
facet normal -0.0 0.9807848419856559 0.19509252607717215
outer loop
vertex -0.05000000715255726 29.72503662109375 50.169403076171875
vertex -0.05000000000000071 29.72503662109375 50.169403076171875
vertex -0.05000000000000071 29.781179428100586 49.88715744018555
endloop
endfacet
facet normal 1.0 0.0 -0.0
outer loop
vertex -0.05000000715255726 29.72503662109375 49.03059768676758
vertex -0.05000000715255726 31.200000762939453 51.20000010912694
vertex -0.05000000715255726 29.781179428100586 49.312843322753906
endloop
endfacet
facet normal 1.0 0.0 -0.0
outer loop
vertex -0.05000000715255726 29.781179428100586 49.312843322753906
vertex -0.05000000715255726 31.200000762939453 51.20000010912694
vertex -0.05000000715255726 29.799999237060547 49.599998474121094
endloop
endfacet
facet normal -0.0 0.8968765610083361 0.44228094500425863
outer loop
vertex -0.05000000715255726 29.50525665283203 50.70000076293945
vertex -0.05000000000000071 29.50525665283203 50.70000076293945
vertex -0.05000000000000071 29.63253402709961 50.44190216064453
endloop
endfacet
facet normal 0.0 0.8968765610083361 0.44228094500425863
outer loop
vertex -0.05000000715255726 29.50525665283203 50.70000076293945
vertex -0.05000000000000071 29.63253402709961 50.44190216064453
vertex -0.05000000715255726 29.63253402709961 50.44190216064453
endloop
endfacet
facet normal 0.0 0.831465551730782 0.5555763100466276
outer loop
vertex -0.05000000715255726 29.34537696838379 50.939273834228516
vertex -0.05000000000000071 29.50525665283203 50.70000076293945
vertex -0.05000000715255726 29.50525665283203 50.70000076293945
endloop
endfacet
facet normal -0.0 0.9469284167918228 0.321444510720174
outer loop
vertex -0.05000000000000071 29.72503662109375 50.169403076171875
vertex -0.05000000715255726 29.63253402709961 50.44190216064453
vertex -0.05000000000000071 29.63253402709961 50.44190216064453
endloop
endfacet
facet normal 0.0 0.9469284167918228 0.321444510720174
outer loop
vertex -0.05000000715255726 29.72503662109375 50.169403076171875
vertex -0.05000000715255726 29.63253402709961 50.44190216064453
vertex -0.05000000000000071 29.72503662109375 50.169403076171875
endloop
endfacet
facet normal 0.0 0.9469297864620972 -0.3214404758440456
outer loop
vertex -0.05000000000000071 29.63253402709961 48.758094787597656
vertex -0.05000000715255726 29.72503662109375 49.03059768676758
vertex -0.05000000000000071 29.72503662109375 49.03059768676758
endloop
endfacet
facet normal 1.0 0.0 -0.0
outer loop
vertex -0.05000000715255726 29.155635833740234 51.155635833740234
vertex -0.05000000715255726 31.200000762939453 51.20000010912694
vertex -0.05000000715255726 29.1050481620626 51.20000010912694
endloop
endfacet
facet normal 0.0 0.9469297864620972 -0.3214404758440456
outer loop
vertex -0.05000000715255726 29.63253402709961 48.758094787597656
vertex -0.05000000715255726 29.72503662109375 49.03059768676758
vertex -0.05000000000000071 29.63253402709961 48.758094787597656
endloop
endfacet
facet normal 0.0 0.8968739679558806 -0.44228620327009305
outer loop
vertex -0.05000000715255726 29.50525665283203 48.5
vertex -0.05000000715255726 29.63253402709961 48.758094787597656
vertex -0.05000000000000071 29.50525665283203 48.5
endloop
endfacet
facet normal -0.0 0.9999999999999999 0.0
outer loop
vertex -2.888179063796997 31.200000762939453 49.04448318481445
vertex -0.2566466597087649 31.200000762939453 51.808761429008726
vertex -2.757004737854004 31.200000762939453 48.82563018798828
endloop
endfacet
facet normal 0.0 1.0 -0.0
outer loop
vertex -2.888179063796997 31.200000762939453 49.04448318481445
vertex -3.040172815322876 31.200000762939453 49.24942398071289
vertex -0.2566466597087649 31.200000762939453 51.808761429008726
endloop
endfacet
facet normal -0.0 1.0 0.0
outer loop
vertex -2.561955213546753 31.200000762939453 48.354740142822266
vertex -0.2566466597087649 31.200000762939453 51.808761429008726
vertex -2.4999582767486572 31.200000762939453 48.107234954833984
endloop
endfacet
facet normal 0.0 1.0 -0.0
outer loop
vertex -2.561955213546753 31.200000762939453 48.354740142822266
vertex -2.6479132175445557 31.200000762939453 48.59497833251953
vertex -0.2566466597087649 31.200000762939453 51.808761429008726
endloop
endfacet
facet normal 0.0 1.0 -0.0
outer loop
vertex -2.6479132175445557 31.200000762939453 48.59497833251953
vertex -2.757004737854004 31.200000762939453 48.82563018798828
vertex -0.2566466597087649 31.200000762939453 51.808761429008726
endloop
endfacet
facet normal -0.0 1.0 0.0
outer loop
vertex -3.6055173873901367 31.200000762939453 49.76182174682617
vertex -0.3428932188134526 31.200000762939453 51.90710678118655
vertex -3.4005775451660156 31.200000762939453 49.60982894897461
endloop
endfacet
facet normal -0.0 1.0 0.0
outer loop
vertex -3.4005775451660156 31.200000762939453 49.60982894897461
vertex -0.3428932188134526 31.200000762939453 51.90710678118655
vertex -3.211522340774536 31.200000762939453 49.4384765625
endloop
endfacet
facet normal -0.0 0.9999999999999999 0.0
outer loop
vertex -5.050000190734863 31.200000762939453 50.20000076293945
vertex -1.05 31.200000762939453 52.20000076293945
vertex -1.05 31.200000762939453 52.2
endloop
endfacet
facet normal -0.0 1.0 0.0
outer loop
vertex -5.050000190734863 31.200000762939453 50.20000076293945
vertex -1.05 31.200000762939453 52.2
vertex -0.9194738077799485 31.200000762939453 52.19144486137381
endloop
endfacet
facet normal -0.0 0.9999999999999999 0.0
outer loop
vertex -5.050000190734863 31.200000762939453 50.20000076293945
vertex -0.9194738077799485 31.200000762939453 52.19144486137381
vertex -0.7911809548974793 31.200000762939453 52.16592582628907
endloop
endfacet
facet normal -0.0 1.0 0.0
outer loop
vertex -5.050000190734863 31.200000762939453 50.20000076293945
vertex -0.7911809548974793 31.200000762939453 52.16592582628907
vertex -0.6673165676349102 31.200000762939453 52.12387953251129
endloop
endfacet
facet normal -0.0 1.0 0.0
outer loop
vertex -5.050000190734863 31.200000762939453 50.20000076293945
vertex -0.6673165676349102 31.200000762939453 52.12387953251129
vertex -0.55 31.200000762939453 52.066025403784444
endloop
endfacet
facet normal -0.0 1.0 0.0
outer loop
vertex -5.050000190734863 31.200000762939453 50.20000076293945
vertex -0.55 31.200000762939453 52.066025403784444
vertex -0.4412385709912794 31.200000762939453 51.993353340291236
endloop
endfacet
facet normal -0.0 1.0 0.0
outer loop
vertex -4.055023193359375 31.200000762939453 50.0020866394043
vertex -0.4412385709912794 31.200000762939453 51.993353340291236
vertex -0.3428932188134526 31.200000762939453 51.90710678118655
endloop
endfacet
facet normal 0.0 0.8314696433081957 -0.5555701866163643
outer loop
vertex -0.05000000000000071 29.34537696838379 48.26072311401367
vertex -0.05000000715255726 29.50525665283203 48.5
vertex -0.05000000000000071 29.50525665283203 48.5
endloop
endfacet
facet normal 0.0 0.8968739679558806 -0.44228620327009305
outer loop
vertex -0.05000000000000071 29.50525665283203 48.5
vertex -0.05000000715255726 29.63253402709961 48.758094787597656
vertex -0.05000000000000071 29.63253402709961 48.758094787597656
endloop
endfacet
facet normal 0.0 -0.831472704995763 -0.5555656044492215
outer loop
vertex -0.05000000715255726 25.694744110107422 48.5
vertex -0.05000000715255726 25.85462188720703 48.26072311401367
vertex -0.05000000000000071 25.694744110107422 48.5
endloop
endfacet
facet normal 1.0 -0.0 0.0
outer loop
vertex -0.05000000715255726 29.155635833740234 51.155635833740234
vertex -0.05000000715255726 29.34537696838379 50.939273834228516
vertex -0.05000000715255726 31.200000762939453 51.20000010912694
endloop
endfacet
facet normal 1.0 0.0 -0.0
outer loop
vertex -0.05000000715255726 29.72503662109375 50.169403076171875
vertex -0.05000000715255726 31.200000762939453 51.20000010912694
vertex -0.05000000715255726 29.63253402709961 50.44190216064453
endloop
endfacet
facet normal 1.0 0.0 0.0
outer loop
vertex -0.05000000000000071 26.04436492919922 48.04436492919922
vertex -0.05000000000000071 26.260725021362305 47.85462188720703
vertex -0.05000000000000071 26.5 47.69474411010742
endloop
endfacet
facet normal 1.0 -0.0 -0.0
outer loop
vertex -0.05000000000000071 25.56746482849121 48.758094787597656
vertex -0.05000000000000071 26.5 47.69474411010742
vertex -0.05000000000000071 25.47496223449707 49.03059768676758
endloop
endfacet
facet normal 1.0 0.0 0.0
outer loop
vertex -0.05000000000000071 25.56746482849121 48.758094787597656
vertex -0.05000000000000071 25.694744110107422 48.5
vertex -0.05000000000000071 26.5 47.69474411010742
endloop
endfacet
facet normal 1.0 -0.0 -0.0
outer loop
vertex -0.05000000000000071 25.47496223449707 50.169403076171875
vertex -0.05000000000000071 26.5 47.69474411010742
vertex -0.05000000000000071 25.56746482849121 50.44190216064453
endloop
endfacet
facet normal 1.0 -0.0 -0.0
outer loop
vertex -0.05000000000000071 25.56746482849121 50.44190216064453
vertex -0.05000000000000071 26.5 47.69474411010742
vertex -0.05000000000000071 25.694744110107422 50.70000076293945
endloop
endfacet
facet normal 1.0 -0.0 -0.0
outer loop
vertex -0.05000000000000071 25.694744110107422 50.70000076293945
vertex -0.05000000000000071 26.5 47.69474411010742
vertex -0.05000000000000071 25.85462188720703 50.939273834228516
endloop
endfacet
facet normal 1.0 0.0 0.0
outer loop
vertex -0.05000000000000071 26.5 47.69474411010742
vertex -0.05000000000000071 26.04436492919922 51.155635833740234
vertex -0.05000000000000071 25.85462188720703 50.939273834228516
endloop
endfacet
facet normal 1.0 -0.0 -0.0
outer loop
vertex -0.05000000000000071 26.5 47.69474411010742
vertex -0.05000000000000071 26.75809669494629 47.567466735839844
vertex -0.05000000000000071 26.270253645729987 51.20000000000001
endloop
endfacet
facet normal 1.0 -0.0 -0.0
outer loop
vertex -0.05000000000000071 26.75809669494629 47.567466735839844
vertex -0.05000000000000071 27.030597686767578 47.4749641418457
vertex -0.05000000000000071 26.270253645729987 51.20000000000001
endloop
endfacet
facet normal 1.0 0.0 0.0
outer loop
vertex -0.05000000000000071 26.5 47.69474411010742
vertex -0.05000000000000071 26.270253645729987 51.20000000000001
vertex -0.05000000000000071 26.04436492919922 51.155635833740234
endloop
endfacet
facet normal 0.9999999999999999 0.0 -0.0
outer loop
vertex -0.05000000000000071 26.04436492919922 51.155635833740234
vertex -0.05000000000000071 26.270253645729987 51.20000000000001
vertex -0.05000000000000071 26.094952476441655 51.20000000000001
endloop
endfacet
facet normal 0.9999999999999999 0.0 -0.0
outer loop
vertex -0.05000000000000071 27.030597686767578 47.4749641418457
vertex -0.05000000000000071 29.155635833740234 51.155635833740234
vertex -0.05000000000000071 26.270253645729987 51.20000000000001
endloop
endfacet
facet normal 0.9999999999999999 0.0 -0.0
outer loop
vertex -0.05000000000000071 28.6 40.2
vertex -0.05000000000000071 31.2 40.2
vertex -0.05000000000000071 28.6 40.200000172294764
endloop
endfacet
facet normal 0.9999999999999999 -0.0 -0.0
outer loop
vertex -0.05000000000000071 28.6 40.200000172294764
vertex -0.05000000000000071 31.2 40.2
vertex -0.05000000000000071 28.6 43.91
endloop
endfacet
facet normal 1.0 -0.0 0.0
outer loop
vertex -0.05000000000000071 28.6 43.91
vertex -0.05000000000000071 31.2 40.2
vertex -0.05000000000000071 31.2 43.91
endloop
endfacet
facet normal 1.0 -0.0 -0.0
outer loop
vertex -0.05000000000000071 26.04436492919922 48.04436492919922
vertex -0.05000000000000071 26.5 47.69474411010742
vertex -0.05000000000000071 25.85462188720703 48.26072311401367
endloop
endfacet
facet normal 1.0 -0.0 0.0
outer loop
vertex -0.05000000715255726 29.34537696838379 50.939273834228516
vertex -0.05000000715255726 29.50525665283203 50.70000076293945
vertex -0.05000000715255726 31.200000762939453 51.20000010912694
endloop
endfacet
facet normal 1.0 0.0 0.0
outer loop
vertex -0.05000000000000071 25.694744110107422 48.5
vertex -0.05000000000000071 25.85462188720703 48.26072311401367
vertex -0.05000000000000071 26.5 47.69474411010742
endloop
endfacet
facet normal 1.0 -0.0 -0.0
outer loop
vertex -0.05000000000000071 25.399999618530273 49.599998474121094
vertex -0.05000000000000071 26.5 47.69474411010742
vertex -0.05000000000000071 25.418821334838867 49.88715744018555
endloop
endfacet
facet normal 1.0 -0.0 0.0
outer loop
vertex -0.05000000715255726 29.72503662109375 50.169403076171875
vertex -0.05000000715255726 29.781179428100586 49.88715744018555
vertex -0.05000000715255726 31.200000762939453 51.20000010912694
endloop
endfacet
facet normal 0.9999999999999999 0.0 -0.0
outer loop
vertex -0.05000000715255726 29.799999237060547 49.599998474121094
vertex -0.05000000715255726 31.200000762939453 51.20000010912694
vertex -0.05000000715255726 29.781179428100586 49.88715744018555
endloop
endfacet
facet normal 1.0 -0.0 0.0
outer loop
vertex -0.05000000715255726 29.50525665283203 50.70000076293945
vertex -0.05000000715255726 29.63253402709961 50.44190216064453
vertex -0.05000000715255726 31.200000762939453 51.20000010912694
endloop
endfacet
facet normal -0.0 1.0 0.0
outer loop
vertex -2.4999582767486572 31.200000762939453 48.107234954833984
vertex -0.05855513862618966 31.200000762939453 51.330526192220056
vertex -0.05000000715255726 31.200000762939453 51.20000010912694
endloop
endfacet
facet normal -0.0 0.9999999999999999 0.0
outer loop
vertex -3.040172815322876 31.200000762939453 49.24942398071289
vertex -0.3428932188134526 31.200000762939453 51.90710678118655
vertex -0.2566466597087649 31.200000762939453 51.808761429008726
endloop
endfacet
facet normal -0.0 0.9999999999999999 0.0
outer loop
vertex -2.4999582767486572 31.200000762939453 48.107234954833984
vertex -0.18397459621556134 31.200000762939453 51.7
vertex -0.1261204674887133 31.200000762939453 51.582683432365094
endloop
endfacet
facet normal -0.0 1.0 0.0
outer loop
vertex -2.4999582767486572 31.200000762939453 48.107234954833984
vertex -0.08407417371093173 31.200000762939453 51.45881904510252
vertex -0.05855513862618966 31.200000762939453 51.330526192220056
endloop
endfacet
facet normal -0.0 1.0 0.0
outer loop
vertex -2.4999582767486572 31.200000762939453 48.107234954833984
vertex -0.1261204674887133 31.200000762939453 51.582683432365094
vertex -0.08407417371093173 31.200000762939453 51.45881904510252
endloop
endfacet
facet normal -0.0 1.0 0.0
outer loop
vertex -2.4999582767486572 31.200000762939453 48.107234954833984
vertex -0.2566466597087649 31.200000762939453 51.808761429008726
vertex -0.18397459621556134 31.200000762939453 51.7
endloop
endfacet
facet normal -1.0 0.0 0.0
outer loop
vertex -10.05 24.0 43.900001525878906
vertex -10.05 24.0 51.2
vertex -10.05 31.200000762939453 51.2
endloop
endfacet
facet normal -1.0 0.0 -0.0
outer loop
vertex -10.05 24.0 43.900001525878906
vertex -10.05 31.200000762939453 51.2
vertex -10.05 28.6 43.900001525878906
endloop
endfacet
facet normal -1.0 0.0 -0.0
outer loop
vertex -10.05 28.6 43.900001525878906
vertex -10.05 31.200000762939453 51.2
vertex -10.05 31.2 43.900001525878906
endloop
endfacet
facet normal -1.0 0.0 0.0
outer loop
vertex -10.05 31.2 43.900001525878906
vertex -10.05 31.200000762939453 51.2
vertex -10.05 31.200000762939453 43.900001525878906
endloop
endfacet
facet normal 1.0 -0.0 -0.0
outer loop
vertex -0.05000000000000071 25.47496223449707 49.03059768676758
vertex -0.05000000000000071 26.5 47.69474411010742
vertex -0.05000000000000071 25.418821334838867 49.312843322753906
endloop
endfacet
facet normal 1.0 -0.0 -0.0
outer loop
vertex -0.05000000000000071 25.418821334838867 49.312843322753906
vertex -0.05000000000000071 26.5 47.69474411010742
vertex -0.05000000000000071 25.399999618530273 49.599998474121094
endloop
endfacet
facet normal 0.9999999999999999 -0.0 -0.0
outer loop
vertex -0.05000000000000071 25.418821334838867 49.88715744018555
vertex -0.05000000000000071 26.5 47.69474411010742
vertex -0.05000000000000071 25.47496223449707 50.169403076171875
endloop
endfacet
facet normal 0.0 -0.8968713387873676 -0.4422915346937526
outer loop
vertex -0.05000000000000071 25.56746482849121 48.758094787597656
vertex -0.05000000715255726 25.694744110107422 48.5
vertex -0.05000000000000071 25.694744110107422 48.5
endloop
endfacet
facet normal 0.0 -0.8968713387873676 -0.4422915346937526
outer loop
vertex -0.05000000715255726 25.56746482849121 48.758094787597656
vertex -0.05000000715255726 25.694744110107422 48.5
vertex -0.05000000000000071 25.56746482849121 48.758094787597656
endloop
endfacet
facet normal 0.0 -0.9469297864620972 -0.3214404758440456
outer loop
vertex -0.05000000715255726 25.56746482849121 48.758094787597656
vertex -0.05000000000000071 25.56746482849121 48.758094787597656
vertex -0.05000000000000071 25.47496223449707 49.03059768676758
endloop
endfacet
facet normal 0.4275587961844504 0.0 -0.9039875418418682
outer loop
vertex -6.275631427764893 24.0 49.89299392700195
vertex -6.275631427764893 31.200000762939453 49.89299392700195
vertex -6.044976711273193 24.0 50.0020866394043
endloop
endfacet
facet normal 0.3368845951162225 0.0 -0.9415459466076942
outer loop
vertex -6.044976711273193 24.0 50.0020866394043
vertex -6.044976711273193 31.200000762939453 50.0020866394043
vertex -5.804739952087402 24.0 50.088043212890625
endloop
endfacet
facet normal 0.24299291208531265 0.0 -0.9700280638601646
outer loop
vertex -5.804739952087402 24.0 50.088043212890625
vertex -5.804739952087402 31.200000762939453 50.088043212890625
vertex -5.557234764099121 24.0 50.15004348754883
endloop
endfacet
facet normal 0.14672611042443393 0.0 -0.9891771572977799
outer loop
vertex -5.557234764099121 24.0 50.15004348754883
vertex -5.557234764099121 31.200000762939453 50.15004348754883
vertex -5.304844379425049 24.0 50.18748092651367
endloop
endfacet
facet normal 0.04906823832976242 0.0 -0.9987954284973543
outer loop
vertex -5.304844379425049 24.0 50.18748092651367
vertex -5.304844379425049 31.200000762939453 50.18748092651367
vertex -5.050000190734863 24.0 50.20000076293945
endloop
endfacet
facet normal 0.0 0.0 -1.0
outer loop
vertex -7.0 24.5 40.2
vertex -10.05 28.6 40.2
vertex -10.05 31.2 40.2
endloop
endfacet
facet normal 0.5140966464865854 0.0 -0.857732264795517
outer loop
vertex -6.494482517242432 24.0 49.76182174682617
vertex -6.494482517242432 31.200000762939453 49.76182174682617
vertex -6.275631427764893 24.0 49.89299392700195
endloop
endfacet
facet normal 0.0 0.0 -1.0
outer loop
vertex -7.0 24.5 40.2
vertex -10.05 31.2 40.2
vertex -7.0 28.0 40.2
endloop
endfacet
facet normal -1.0 0.0 0.0
outer loop
vertex -10.05 28.6 43.900001525878906
vertex -10.05 31.2 43.900001525878906
vertex -10.05 31.2 40.2
endloop
endfacet
facet normal -0.0 -0.0 -1.0
outer loop
vertex -10.05 31.2 40.2
vertex -3.0999999046325684 28.0 40.2
vertex -7.0 28.0 40.2
endloop
endfacet
facet normal 0.0 1.0 0.0
outer loop
vertex -7.0 28.0 37.2
vertex -7.0 28.0 37.201
vertex -3.0999999046325684 28.0 40.2
endloop
endfacet
facet normal 0.0 0.7071067811865491 -0.7071067811865459
outer loop
vertex -6.200001525878907 27.200001525878907 36.400001525878906
vertex -7.0 28.0 37.2
vertex -3.0999999999999996 28.0 37.2
endloop
endfacet
facet normal 0.0 1.0 0.0
outer loop
vertex -7.0 28.0 37.201
vertex -7.0 28.0 40.2
vertex -3.0999999046325684 28.0 40.2
endloop
endfacet
facet normal -0.0 1.0 0.0
outer loop
vertex -10.05 31.2 40.2
vertex -10.05 31.2 43.900001525878906
vertex -0.05000000000000071 31.2 40.2
endloop
endfacet
facet normal -1.0 0.0 0.0
outer loop
vertex -10.05 28.6 40.2
vertex -10.05 28.6 43.900001525878906
vertex -10.05 31.2 40.2
endloop
endfacet
facet normal 0.5956969072801795 0.0 -0.8032093093688774
outer loop
vertex -6.699422359466553 24.0 49.60982894897461
vertex -6.699422359466553 31.200000762939453 49.60982894897461
vertex -6.494482517242432 24.0 49.76182174682617
endloop
endfacet
facet normal 0.6715643794076842 0.0 -0.7409462087835877
outer loop
vertex -6.888477802276611 24.0 49.4384765625
vertex -6.888477802276611 31.200000762939453 49.4384765625
vertex -6.699422359466553 24.0 49.60982894897461
endloop
endfacet
facet normal 0.7409467312506638 0.0 -0.6715638029621285
outer loop
vertex -7.0598273277282715 24.0 49.24942398071289
vertex -7.0598273277282715 31.200000762939453 49.24942398071289
vertex -6.888477802276611 24.0 49.4384765625
endloop
endfacet
facet normal 0.7409467312506638 -0.0 0.6715638029621285
outer loop
vertex -7.0598273277282715 24.0 45.95057678222656
vertex -6.888477802276611 24.0 45.76152420043945
vertex -6.888477802276611 31.200000762939453 45.76152420043945
endloop
endfacet
facet normal 0.6715643794076842 -0.0 0.7409462087835877
outer loop
vertex -6.888477802276611 24.0 45.76152420043945
vertex -6.699422359466553 24.0 45.590171813964844
vertex -6.699422359466553 31.200000762939453 45.590171813964844
endloop
endfacet
facet normal 0.5956969072801795 -0.0 0.8032093093688774
outer loop
vertex -6.699422359466553 24.0 45.590171813964844
vertex -6.494482517242432 24.0 45.43817901611328
vertex -6.494482517242432 31.200000762939453 45.43817901611328
endloop
endfacet
facet normal 0.5141076456992486 -0.0 0.857725672131583
outer loop
vertex -6.494482517242432 24.0 45.43817901611328
vertex -6.275631427764893 24.0 45.307003021240234
vertex -6.275631427764893 31.200000762939453 45.307003021240234
endloop
endfacet
facet normal 0.9415448045561364 -0.0 0.336887786975644
outer loop
vertex -7.452086925506592 24.0 46.60502243041992
vertex -7.452086925506592 31.200000762939453 46.60502243041992
vertex -7.5380449295043945 24.0 46.84526062011719
endloop
endfacet
facet normal 0.9039896697323128 -0.0 0.4275542971568221
outer loop
vertex -7.452086925506592 24.0 46.60502243041992
vertex -7.3429951667785645 24.0 46.374366760253906
vertex -7.3429951667785645 31.200000762939453 46.374366760253906
endloop
endfacet
facet normal 0.42754657849059274 -0.0 0.9039933203409122
outer loop
vertex -6.044976711273193 24.0 45.197914123535156
vertex -6.044976711273193 31.200000762939453 45.197914123535156
vertex -6.275631427764893 24.0 45.307003021240234
endloop
endfacet
facet normal 0.33689784896131986 -0.0 0.9415412042843562
outer loop
vertex -6.044976711273193 24.0 45.197914123535156
vertex -5.804739952087402 24.0 45.11195373535156
vertex -5.804739952087402 31.200000762939453 45.11195373535156
endloop
endfacet
facet normal 0.24297884412822152 -0.0 0.9700315877877965
outer loop
vertex -5.804739952087402 24.0 45.11195373535156
vertex -5.557234764099121 24.0 45.049957275390625
vertex -5.557234764099121 31.200000762939453 45.049957275390625
endloop
endfacet
facet normal 0.14672611042443393 -0.0 0.9891771572977799
outer loop
vertex -5.557234764099121 24.0 45.049957275390625
vertex -5.304844379425049 24.0 45.01251983642578
vertex -5.304844379425049 31.200000762939453 45.01251983642578
endloop
endfacet
facet normal 0.04906823832976242 -0.0 0.9987954284973543
outer loop
vertex -5.304844379425049 24.0 45.01251983642578
vertex -5.050000190734863 24.0 45.0
vertex -5.050000190734863 31.200000762939453 45.0
endloop
endfacet
facet normal 0.9415448045561364 0.0 -0.336887786975644
outer loop
vertex -7.5380449295043945 24.0 48.354740142822266
vertex -7.5380449295043945 31.200000762939453 48.354740142822266
vertex -7.452086925506592 24.0 48.59497833251953
endloop
endfacet
facet normal 0.9039869366622425 0.0 -0.42756007571336074
outer loop
vertex -7.452086925506592 24.0 48.59497833251953
vertex -7.452086925506592 31.200000762939453 48.59497833251953
vertex -7.3429951667785645 24.0 48.82563018798828
endloop
endfacet
facet normal 0.8577309441917338 0.0 -0.5140988498099921
outer loop
vertex -7.3429951667785645 24.0 48.82563018798828
vertex -7.3429951667785645 31.200000762939453 48.82563018798828
vertex -7.21182107925415 24.0 49.04448318481445
endloop
endfacet
facet normal 0.8032088473392962 0.0 -0.5956975302583343
outer loop
vertex -7.21182107925415 24.0 49.04448318481445
vertex -7.21182107925415 31.200000762939453 49.04448318481445
vertex -7.0598273277282715 24.0 49.24942398071289
endloop
endfacet
facet normal 0.0 0.0 -1.0
outer loop
vertex -10.05 31.2 43.900001525878906
vertex -10.05 31.200000762939453 43.900001525878906
vertex -0.05000000715255726 31.200000762939453 43.900001525878906
endloop
endfacet
facet normal 0.9700311473065998 0.0 0.24298060263124244
outer loop
vertex -7.60004186630249 24.0 47.09276580810547
vertex -7.5380449295043945 31.200000762939453 46.84526062011719
vertex -7.60004186630249 31.200000762939453 47.09276580810547
endloop
endfacet
facet normal 0.9891764136329777 0.0 0.14673112387015888
outer loop
vertex -7.63748025894165 24.0 47.34515380859375
vertex -7.60004186630249 31.200000762939453 47.09276580810547
vertex -7.63748025894165 31.200000762939453 47.34515380859375
endloop
endfacet
facet normal 0.9987954329969306 0.0 0.049068146739752815
outer loop
vertex -7.650000095367432 24.0 47.599998474121094
vertex -7.63748025894165 31.200000762939453 47.34515380859375
vertex -7.650000095367432 31.200000762939453 47.599998474121094
endloop
endfacet
facet normal 0.0 0.9999999999999999 -0.0
outer loop
vertex -7.60004186630249 31.200000762939453 48.107234954833984
vertex -10.015925826289068 31.200000762939453 51.45881904510252
vertex -9.973879532511287 31.200000762939453 51.582683432365094
endloop
endfacet
facet normal 0.0 0.9999999999999999 -0.0
outer loop
vertex -7.60004186630249 31.200000762939453 48.107234954833984
vertex -9.973879532511287 31.200000762939453 51.582683432365094
vertex -9.91602540378444 31.200000762939453 51.7
endloop
endfacet
facet normal 0.0 1.0 -0.0
outer loop
vertex -7.60004186630249 31.200000762939453 48.107234954833984
vertex -9.91602540378444 31.200000762939453 51.7
vertex -9.843353340291236 31.200000762939453 51.808761429008726
endloop
endfacet
facet normal 0.0 1.0 -0.0
outer loop
vertex -7.60004186630249 31.200000762939453 48.107234954833984
vertex -9.843353340291236 31.200000762939453 51.808761429008726
vertex -9.757106781186549 31.200000762939453 51.90710678118655
endloop
endfacet
facet normal 0.0 1.0 -0.0
outer loop
vertex -7.0598273277282715 31.200000762939453 49.24942398071289
vertex -9.757106781186549 31.200000762939453 51.90710678118655
vertex -9.658761429008722 31.200000762939453 51.993353340291236
endloop
endfacet
facet normal -0.0 1.0 -0.0
outer loop
vertex -7.60004186630249 31.200000762939453 48.107234954833984
vertex -9.757106781186549 31.200000762939453 51.90710678118655
vertex -7.5380449295043945 31.200000762939453 48.354740142822266
endloop
endfacet
facet normal -0.0 1.0 -0.0
outer loop
vertex -7.5380449295043945 31.200000762939453 48.354740142822266
vertex -9.757106781186549 31.200000762939453 51.90710678118655
vertex -7.452086925506592 31.200000762939453 48.59497833251953
endloop
endfacet
facet normal -0.0 1.0 -0.0
outer loop
vertex -7.452086925506592 31.200000762939453 48.59497833251953
vertex -9.757106781186549 31.200000762939453 51.90710678118655
vertex -7.3429951667785645 31.200000762939453 48.82563018798828
endloop
endfacet
facet normal -0.0 1.0 -0.0
outer loop
vertex -7.3429951667785645 31.200000762939453 48.82563018798828
vertex -9.757106781186549 31.200000762939453 51.90710678118655
vertex -7.21182107925415 31.200000762939453 49.04448318481445
endloop
endfacet
facet normal -0.0 1.0 -0.0
outer loop
vertex -7.21182107925415 31.200000762939453 49.04448318481445
vertex -9.757106781186549 31.200000762939453 51.90710678118655
vertex -7.0598273277282715 31.200000762939453 49.24942398071289
endloop
endfacet
facet normal 0.0 1.0 -0.0
outer loop
vertex -6.044976711273193 31.200000762939453 50.0020866394043
vertex -9.658761429008722 31.200000762939453 51.993353340291236
vertex -9.55 31.200000762939453 52.066025403784444
endloop
endfacet
facet normal -0.0 1.0 -0.0
outer loop
vertex -7.0598273277282715 31.200000762939453 49.24942398071289
vertex -9.658761429008722 31.200000762939453 51.993353340291236
vertex -6.888477802276611 31.200000762939453 49.4384765625
endloop
endfacet
facet normal -0.0 1.0 -0.0
outer loop
vertex -6.888477802276611 31.200000762939453 49.4384765625
vertex -9.658761429008722 31.200000762939453 51.993353340291236
vertex -6.699422359466553 31.200000762939453 49.60982894897461
endloop
endfacet
facet normal -0.0 1.0 -0.0
outer loop
vertex -6.699422359466553 31.200000762939453 49.60982894897461
vertex -9.658761429008722 31.200000762939453 51.993353340291236
vertex -6.494482517242432 31.200000762939453 49.76182174682617
endloop
endfacet
facet normal 0.0 0.9999999999999999 -0.0
outer loop
vertex -5.050000190734863 31.200000762939453 50.20000076293945
vertex -9.55 31.200000762939453 52.066025403784444
vertex -9.43268343236509 31.200000762939453 52.12387953251129
endloop
endfacet
facet normal 0.0 1.0 -0.0
outer loop
vertex -7.60004186630249 31.200000762939453 48.107234954833984
vertex -10.05 31.200000762939453 51.2
vertex -10.015925826289068 31.200000762939453 51.45881904510252
endloop
endfacet
facet normal 0.8032088473392962 -0.0 0.5956975302583343
outer loop
vertex -7.21182107925415 24.0 46.155517578125
vertex -7.0598273277282715 24.0 45.95057678222656
vertex -7.0598273277282715 31.200000762939453 45.95057678222656
endloop
endfacet
facet normal 0.0 1.0 0.0
outer loop
vertex -10.05 31.200000762939453 51.2
vertex -10.041444861373812 31.200000762939453 51.330526192220056
vertex -10.015925826289068 31.200000762939453 51.45881904510252
endloop
endfacet
facet normal -0.0 1.0 0.0
outer loop
vertex -10.05 31.200000762939453 43.900001525878906
vertex -7.63748025894165 31.200000762939453 47.85484313964844
vertex -7.650000095367432 31.200000762939453 47.599998474121094
endloop
endfacet
facet normal 0.9987954329969306 0.0 -0.049068146739752815
outer loop
vertex -7.63748025894165 24.0 47.85484313964844
vertex -7.650000095367432 31.200000762939453 47.599998474121094
vertex -7.63748025894165 31.200000762939453 47.85484313964844
endloop
endfacet
facet normal 0.9891767355174161 0.0 -0.1467289538949534
outer loop
vertex -7.60004186630249 24.0 48.107234954833984
vertex -7.63748025894165 31.200000762939453 47.85484313964844
vertex -7.60004186630249 31.200000762939453 48.107234954833984
endloop
endfacet
facet normal 0.9700311473065998 0.0 -0.24298060263124244
outer loop
vertex -7.5380449295043945 24.0 48.354740142822266
vertex -7.60004186630249 31.200000762939453 48.107234954833984
vertex -7.5380449295043945 31.200000762939453 48.354740142822266
endloop
endfacet
facet normal -0.0 1.0 0.0
outer loop
vertex -10.05 31.200000762939453 43.900001525878906
vertex -10.05 31.200000762939453 51.2
vertex -7.60004186630249 31.200000762939453 48.107234954833984
endloop
endfacet
facet normal -0.0 1.0 0.0
outer loop
vertex -10.05 31.200000762939453 43.900001525878906
vertex -7.3429951667785645 31.200000762939453 46.374366760253906
vertex -7.21182107925415 31.200000762939453 46.155517578125
endloop
endfacet
facet normal -0.0 1.0 0.0
outer loop
vertex -10.05 31.200000762939453 43.900001525878906
vertex -7.452086925506592 31.200000762939453 46.60502243041992
vertex -7.3429951667785645 31.200000762939453 46.374366760253906
endloop
endfacet
facet normal -0.0 0.9999999999999999 0.0
outer loop
vertex -10.05 31.200000762939453 43.900001525878906
vertex -7.5380449295043945 31.200000762939453 46.84526062011719
vertex -7.452086925506592 31.200000762939453 46.60502243041992
endloop
endfacet
facet normal -0.0 1.0 0.0
outer loop
vertex -10.05 31.200000762939453 43.900001525878906
vertex -7.60004186630249 31.200000762939453 47.09276580810547
vertex -7.5380449295043945 31.200000762939453 46.84526062011719
endloop
endfacet
facet normal -0.0 1.0 0.0
outer loop
vertex -10.05 31.200000762939453 43.900001525878906
vertex -7.63748025894165 31.200000762939453 47.34515380859375
vertex -7.60004186630249 31.200000762939453 47.09276580810547
endloop
endfacet
facet normal -0.0 1.0 0.0
outer loop
vertex -10.05 31.200000762939453 43.900001525878906
vertex -7.0598273277282715 31.200000762939453 45.95057678222656
vertex -6.888477802276611 31.200000762939453 45.76152420043945
endloop
endfacet
facet normal -0.0 1.0 0.0
outer loop
vertex -10.05 31.200000762939453 43.900001525878906
vertex -6.888477802276611 31.200000762939453 45.76152420043945
vertex -6.699422359466553 31.200000762939453 45.590171813964844
endloop
endfacet
facet normal -0.0 1.0 0.0
outer loop
vertex -10.05 31.200000762939453 43.900001525878906
vertex -6.699422359466553 31.200000762939453 45.590171813964844
vertex -6.494482517242432 31.200000762939453 45.43817901611328
endloop
endfacet
facet normal -0.0 0.9999999999999999 0.0
outer loop
vertex -10.05 31.200000762939453 43.900001525878906
vertex -6.494482517242432 31.200000762939453 45.43817901611328
vertex -6.275631427764893 31.200000762939453 45.307003021240234
endloop
endfacet
facet normal -0.0 1.0 0.0
outer loop
vertex -10.05 31.200000762939453 43.900001525878906
vertex -7.21182107925415 31.200000762939453 46.155517578125
vertex -7.0598273277282715 31.200000762939453 45.95057678222656
endloop
endfacet
facet normal -0.0 1.0 0.0
outer loop
vertex -10.05 31.200000762939453 43.900001525878906
vertex -7.650000095367432 31.200000762939453 47.599998474121094
vertex -7.63748025894165 31.200000762939453 47.34515380859375
endloop
endfacet
facet normal -0.0 1.0 0.0
outer loop
vertex -10.05 31.200000762939453 43.900001525878906
vertex -7.60004186630249 31.200000762939453 48.107234954833984
vertex -7.63748025894165 31.200000762939453 47.85484313964844
endloop
endfacet
facet normal 0.857726992707288 -0.0 0.5141054424739264
outer loop
vertex -7.21182107925415 24.0 46.155517578125
vertex -7.21182107925415 31.200000762939453 46.155517578125
vertex -7.3429951667785645 24.0 46.374366760253906
endloop
endfacet
facet normal 0.0 -1.0 0.0
outer loop
vertex -4.542765140533447 24.0 50.15004348754883
vertex -4.295259952545166 24.0 50.088043212890625
vertex -9.658761429008722 24.0 51.993353340291236
endloop
endfacet
facet normal 0.0 -0.9999999999999999 0.0
outer loop
vertex -4.7951555252075195 24.0 50.18748092651367
vertex -4.542765140533447 24.0 50.15004348754883
vertex -9.658761429008722 24.0 51.993353340291236
endloop
endfacet
facet normal 0.0 -1.0 0.0
outer loop
vertex -10.05 24.0 43.900001525878906
vertex -7.60004186630249 24.0 47.09276580810547
vertex -7.63748025894165 24.0 47.34515380859375
endloop
endfacet
facet normal 0.0 -1.0 0.0
outer loop
vertex -10.05 24.0 43.900001525878906
vertex -7.63748025894165 24.0 47.34515380859375
vertex -7.650000095367432 24.0 47.599998474121094
endloop
endfacet
facet normal 0.0 -1.0 0.0
outer loop
vertex -10.05 24.0 43.900001525878906
vertex -7.650000095367432 24.0 47.599998474121094
vertex -7.63748025894165 24.0 47.85484313964844
endloop
endfacet
facet normal 0.0 -1.0 0.0
outer loop
vertex -10.05 24.0 43.900001525878906
vertex -7.63748025894165 24.0 47.85484313964844
vertex -7.60004186630249 24.0 48.107234954833984
endloop
endfacet
facet normal 0.0 -0.9999999999999999 0.0
outer loop
vertex -10.05 24.0 43.900001525878906
vertex -7.60004186630249 24.0 48.107234954833984
vertex -7.5380449295043945 24.0 48.354740142822266
endloop
endfacet
facet normal 0.0 -0.9999999999999999 0.0
outer loop
vertex -10.05 24.0 43.900001525878906
vertex -7.5380449295043945 24.0 48.354740142822266
vertex -7.452086925506592 24.0 48.59497833251953
endloop
endfacet
facet normal 0.0 -1.0 0.0
outer loop
vertex -10.05 24.0 43.900001525878906
vertex -7.452086925506592 24.0 48.59497833251953
vertex -7.3429951667785645 24.0 48.82563018798828
endloop
endfacet
facet normal -0.0 -1.0 0.0
outer loop
vertex -7.3429951667785645 24.0 48.82563018798828
vertex -10.041444861373812 24.0 51.330526192220056
vertex -10.05 24.0 51.2
endloop
endfacet
facet normal -0.0 -1.0 0.0
outer loop
vertex -7.3429951667785645 24.0 48.82563018798828
vertex -10.015925826289068 24.0 51.45881904510252
vertex -10.041444861373812 24.0 51.330526192220056
endloop
endfacet
facet normal -0.0 -1.0 0.0
outer loop
vertex -7.3429951667785645 24.0 48.82563018798828
vertex -9.973879532511287 24.0 51.582683432365094
vertex -10.015925826289068 24.0 51.45881904510252
endloop
endfacet
facet normal -0.0 -1.0 0.0
outer loop
vertex -7.3429951667785645 24.0 48.82563018798828
vertex -9.91602540378444 24.0 51.7
vertex -9.973879532511287 24.0 51.582683432365094
endloop
endfacet
facet normal -0.0 -0.9999999999999999 0.0
outer loop
vertex -7.3429951667785645 24.0 48.82563018798828
vertex -9.843353340291236 24.0 51.808761429008726
vertex -9.91602540378444 24.0 51.7
endloop
endfacet
facet normal -0.0 -1.0 0.0
outer loop
vertex -7.0598273277282715 24.0 49.24942398071289
vertex -9.757106781186549 24.0 51.90710678118655
vertex -9.843353340291236 24.0 51.808761429008726
endloop
endfacet
facet normal 0.0 -1.0 0.0
outer loop
vertex -7.3429951667785645 24.0 48.82563018798828
vertex -7.21182107925415 24.0 49.04448318481445
vertex -9.843353340291236 24.0 51.808761429008726
endloop
endfacet
facet normal 0.0 -1.0 0.0
outer loop
vertex -7.21182107925415 24.0 49.04448318481445
vertex -7.0598273277282715 24.0 49.24942398071289
vertex -9.843353340291236 24.0 51.808761429008726
endloop
endfacet
facet normal 0.0 -1.0 0.0
outer loop
vertex -10.05 24.0 43.900001525878906
vertex -7.0 24.0 43.900001525878906
vertex -7.60004186630249 24.0 47.09276580810547
endloop
endfacet
facet normal 0.0 -1.0 0.0
outer loop
vertex -7.0598273277282715 24.0 49.24942398071289
vertex -6.888477802276611 24.0 49.4384765625
vertex -9.757106781186549 24.0 51.90710678118655
endloop
endfacet
facet normal 0.0 -1.0 0.0
outer loop
vertex -10.05 24.0 43.900001525878906
vertex -7.3429951667785645 24.0 48.82563018798828
vertex -10.05 24.0 51.2
endloop
endfacet
facet normal -1.0 0.0 0.0
outer loop
vertex -7.0 24.5 40.2
vertex -7.0 28.0 40.2
vertex -7.0 28.0 37.201
endloop
endfacet
facet normal 0.0 0.0 -1.0
outer loop
vertex -7.0 24.0 43.900001525878906
vertex -10.05 28.6 43.900001525878906
vertex -7.0 24.5 43.900001525878906
endloop
endfacet
facet normal -0.802342191251423 -0.5968643130041072 -0.0
outer loop
vertex -7.0 24.5 43.900001525878906
vertex -10.05 28.6 43.900001525878906
vertex -10.05 28.6 40.2
endloop
endfacet
facet normal -0.802342191251423 -0.5968643130041072 0.0
outer loop
vertex -7.0 24.5 40.2
vertex -7.0 24.5 43.900001525878906
vertex -10.05 28.6 40.2
endloop
endfacet
facet normal -1.0 0.0 0.0
outer loop
vertex -7.0 24.0 37.2
vertex -7.0 24.0 37.201
vertex -7.0 24.000166666666665 37.201
endloop
endfacet
facet normal -1.0 0.0 0.0
outer loop
vertex -7.0 24.000166666666665 37.201
vertex -7.0 24.0 37.201
vertex -7.0 24.5 40.2
endloop
endfacet
facet normal -1.0 0.0 0.0
outer loop
vertex -7.0 24.0 37.2
vertex -7.0 24.000166666666665 37.201
vertex -7.0 28.0 37.2
endloop
endfacet
facet normal -1.0 0.0 0.0
outer loop
vertex -7.0 24.000166666666665 37.201
vertex -7.0 24.5 40.2
vertex -7.0 28.0 37.201
endloop
endfacet
facet normal -0.7071067811865491 0.0 -0.7071067811865459
outer loop
vertex -7.0 24.0 37.2
vertex -7.0 28.0 37.2
vertex -6.200001525878907 24.799998474121093 36.400001525878906
endloop
endfacet
facet normal 0.0 -1.0 0.0
outer loop
vertex -7.0 24.0 37.2
vertex -3.0999999046325684 24.0 37.2
vertex -7.0 24.0 37.201
endloop
endfacet
facet normal 0.0 -0.7071067811865491 -0.707106781186546
outer loop
vertex -7.0 24.0 37.2
vertex -6.200001525878907 24.799998474121093 36.400001525878906
vertex -3.8999984741210922 24.799998474121093 36.400001525878906
endloop
endfacet
facet normal 0.0 -0.9999999999999999 0.0
outer loop
vertex -7.0 24.0 37.201
vertex -3.0999999046325684 24.0 37.2
vertex -7.0 24.0 43.900001525878906
endloop
endfacet
facet normal -1.0 0.0 0.0
outer loop
vertex -7.0 24.0 37.201
vertex -7.0 24.0 43.900001525878906
vertex -7.0 24.5 40.2
endloop
endfacet
facet normal -0.9999999999999999 0.0 0.0
outer loop
vertex -7.0 24.5 40.2
vertex -7.0 24.0 43.900001525878906
vertex -7.0 24.5 43.900001525878906
endloop
endfacet
facet normal -1.0 0.0 0.0
outer loop
vertex -7.0 24.000166666666665 37.201
vertex -7.0 28.0 37.201
vertex -7.0 28.0 37.2
endloop
endfacet
facet normal -0.7071067811865491 0.0 -0.7071067811865461
outer loop
vertex -6.200001525878907 24.799998474121093 36.400001525878906
vertex -7.0 28.0 37.2
vertex -6.200001525878907 27.200001525878907 36.400001525878906
endloop
endfacet
facet normal 0.0 0.0 -1.0
outer loop
vertex -6.200001525878907 24.799998474121093 36.400001525878906
vertex -6.200001525878907 27.200001525878907 36.400001525878906
vertex -3.8999984741210922 27.200001525878907 36.400001525878906
endloop
endfacet
facet normal 0.0 1.0 -0.0
outer loop
vertex -5.050000190734863 31.200000762939453 50.20000076293945
vertex -9.43268343236509 31.200000762939453 52.12387953251129
vertex -9.30881904510252 31.200000762939453 52.16592582628907
endloop
endfacet
facet normal -0.0 -1.0 0.0
outer loop
vertex -6.044976711273193 24.0 50.0020866394043
vertex -9.658761429008722 24.0 51.993353340291236
vertex -9.757106781186549 24.0 51.90710678118655
endloop
endfacet
facet normal 0.0 -1.0 0.0
outer loop
vertex -6.699422359466553 24.0 49.60982894897461
vertex -6.494482517242432 24.0 49.76182174682617
vertex -9.757106781186549 24.0 51.90710678118655
endloop
endfacet
facet normal 0.0 -0.9999999999999999 0.0
outer loop
vertex -7.0 24.0 43.900001525878906
vertex -6.044976711273193 24.0 45.197914123535156
vertex -6.275631427764893 24.0 45.307003021240234
endloop
endfacet
facet normal 0.0 -0.9999999999999999 0.0
outer loop
vertex -7.0 24.0 43.900001525878906
vertex -5.804739952087402 24.0 45.11195373535156
vertex -6.044976711273193 24.0 45.197914123535156
endloop
endfacet
facet normal 0.0 -1.0 0.0
outer loop
vertex -7.0 24.0 43.900001525878906
vertex -5.557234764099121 24.0 45.049957275390625
vertex -5.804739952087402 24.0 45.11195373535156
endloop
endfacet
facet normal 0.0 -1.0 0.0
outer loop
vertex -7.0 24.0 43.900001525878906
vertex -5.304844379425049 24.0 45.01251983642578
vertex -5.557234764099121 24.0 45.049957275390625
endloop
endfacet
facet normal 0.0 -1.0 0.0
outer loop
vertex -7.0 24.0 43.900001525878906
vertex -5.050000190734863 24.0 45.0
vertex -5.304844379425049 24.0 45.01251983642578
endloop
endfacet
facet normal -0.0 -1.0 0.0
outer loop
vertex -7.0 24.0 43.900001525878906
vertex -4.7951555252075195 24.0 45.01251983642578
vertex -5.050000190734863 24.0 45.0
endloop
endfacet
facet normal 0.0 -1.0 0.0
outer loop
vertex -6.494482517242432 24.0 49.76182174682617
vertex -6.275631427764893 24.0 49.89299392700195
vertex -9.757106781186549 24.0 51.90710678118655
endloop
endfacet
facet normal 0.0 -0.9999999999999999 0.0
outer loop
vertex -6.275631427764893 24.0 49.89299392700195
vertex -6.044976711273193 24.0 50.0020866394043
vertex -9.757106781186549 24.0 51.90710678118655
endloop
endfacet
facet normal 0.0 -1.0 0.0
outer loop
vertex -6.044976711273193 24.0 50.0020866394043
vertex -5.804739952087402 24.0 50.088043212890625
vertex -9.658761429008722 24.0 51.993353340291236
endloop
endfacet
facet normal 0.0 -1.0 0.0
outer loop
vertex -5.804739952087402 24.0 50.088043212890625
vertex -5.557234764099121 24.0 50.15004348754883
vertex -9.658761429008722 24.0 51.993353340291236
endloop
endfacet
facet normal -0.0 -1.0 0.0
outer loop
vertex -4.295259952545166 24.0 50.088043212890625
vertex -9.05 24.0 52.2
vertex -9.180526192220052 24.0 52.19144486137381
endloop
endfacet
facet normal -0.0 -1.0 -0.0
outer loop
vertex -4.295259952545166 24.0 50.088043212890625
vertex -9.05 24.0 52.20000076293945
vertex -9.05 24.0 52.2
endloop
endfacet
facet normal 0.0 -1.0 0.0
outer loop
vertex -5.557234764099121 24.0 50.15004348754883
vertex -5.304844379425049 24.0 50.18748092651367
vertex -9.658761429008722 24.0 51.993353340291236
endloop
endfacet
facet normal 0.0 -1.0 0.0
outer loop
vertex -5.304844379425049 24.0 50.18748092651367
vertex -5.050000190734863 24.0 50.20000076293945
vertex -9.658761429008722 24.0 51.993353340291236
endloop
endfacet
facet normal 0.0 -0.9999999999999999 0.0
outer loop
vertex -5.050000190734863 24.0 50.20000076293945
vertex -4.7951555252075195 24.0 50.18748092651367
vertex -9.658761429008722 24.0 51.993353340291236
endloop
endfacet
facet normal 0.0 -1.0 0.0
outer loop
vertex -7.0 24.0 43.900001525878906
vertex -6.275631427764893 24.0 45.307003021240234
vertex -6.494482517242432 24.0 45.43817901611328
endloop
endfacet
facet normal 0.0 -1.0 0.0
outer loop
vertex -6.888477802276611 24.0 49.4384765625
vertex -6.699422359466553 24.0 49.60982894897461
vertex -9.757106781186549 24.0 51.90710678118655
endloop
endfacet
facet normal 0.0 -1.0 0.0
outer loop
vertex -7.0 24.0 43.900001525878906
vertex -6.494482517242432 24.0 45.43817901611328
vertex -6.699422359466553 24.0 45.590171813964844
endloop
endfacet
facet normal 0.0 -1.0 0.0
outer loop
vertex -7.0 24.0 43.900001525878906
vertex -7.0598273277282715 24.0 45.95057678222656
vertex -7.21182107925415 24.0 46.155517578125
endloop
endfacet
facet normal -0.0 -1.0 0.0
outer loop
vertex -4.295259952545166 24.0 50.088043212890625
vertex -9.55 24.0 52.066025403784444
vertex -9.658761429008722 24.0 51.993353340291236
endloop
endfacet
facet normal -0.0 -1.0 0.0
outer loop
vertex -4.295259952545166 24.0 50.088043212890625
vertex -9.43268343236509 24.0 52.12387953251129
vertex -9.55 24.0 52.066025403784444
endloop
endfacet
facet normal -0.0 -1.0 0.0
outer loop
vertex -4.295259952545166 24.0 50.088043212890625
vertex -9.30881904510252 24.0 52.16592582628907
vertex -9.43268343236509 24.0 52.12387953251129
endloop
endfacet
facet normal -0.0 -1.0 0.0
outer loop
vertex -4.295259952545166 24.0 50.088043212890625
vertex -9.180526192220052 24.0 52.19144486137381
vertex -9.30881904510252 24.0 52.16592582628907
endloop
endfacet
facet normal 0.9700311473065998 -0.0 0.24298060263124244
outer loop
vertex -7.60004186630249 24.0 47.09276580810547
vertex -7.5380449295043945 24.0 46.84526062011719
vertex -7.5380449295043945 31.200000762939453 46.84526062011719
endloop
endfacet
facet normal 0.9891764136329777 -0.0 0.14673112387015888
outer loop
vertex -7.60004186630249 24.0 47.09276580810547
vertex -7.60004186630249 31.200000762939453 47.09276580810547
vertex -7.63748025894165 24.0 47.34515380859375
endloop
endfacet
facet normal 0.9987954329969306 -0.0 0.049068146739752815
outer loop
vertex -7.63748025894165 24.0 47.34515380859375
vertex -7.63748025894165 31.200000762939453 47.34515380859375
vertex -7.650000095367432 24.0 47.599998474121094
endloop
endfacet
facet normal 0.9987954329969306 0.0 -0.049068146739752815
outer loop
vertex -7.650000095367432 24.0 47.599998474121094
vertex -7.650000095367432 31.200000762939453 47.599998474121094
vertex -7.63748025894165 24.0 47.85484313964844
endloop
endfacet
facet normal 0.9891767355174161 0.0 -0.1467289538949534
outer loop
vertex -7.63748025894165 24.0 47.85484313964844
vertex -7.63748025894165 31.200000762939453 47.85484313964844
vertex -7.60004186630249 24.0 48.107234954833984
endloop
endfacet
facet normal 0.9700311473065998 0.0 -0.24298060263124244
outer loop
vertex -7.60004186630249 24.0 48.107234954833984
vertex -7.60004186630249 31.200000762939453 48.107234954833984
vertex -7.5380449295043945 24.0 48.354740142822266
endloop
endfacet
facet normal 0.0 -1.0 0.0
outer loop
vertex -7.0 24.0 43.900001525878906
vertex -6.888477802276611 24.0 45.76152420043945
vertex -7.0598273277282715 24.0 45.95057678222656
endloop
endfacet
facet normal 0.0 -1.0 0.0
outer loop
vertex -7.0 24.0 43.900001525878906
vertex -7.3429951667785645 24.0 46.374366760253906
vertex -7.452086925506592 24.0 46.60502243041992
endloop
endfacet
facet normal 0.0 -1.0 0.0
outer loop
vertex -7.0 24.0 43.900001525878906
vertex -7.452086925506592 24.0 46.60502243041992
vertex -7.5380449295043945 24.0 46.84526062011719
endloop
endfacet
facet normal 0.0 -1.0 0.0
outer loop
vertex -7.0 24.0 43.900001525878906
vertex -7.5380449295043945 24.0 46.84526062011719
vertex -7.60004186630249 24.0 47.09276580810547
endloop
endfacet
facet normal 0.0 -0.9999999999999999 0.0
outer loop
vertex -7.0 24.0 43.900001525878906
vertex -7.21182107925415 24.0 46.155517578125
vertex -7.3429951667785645 24.0 46.374366760253906
endloop
endfacet
facet normal 0.0 -1.0 0.0
outer loop
vertex -7.0 24.0 43.900001525878906
vertex -6.699422359466553 24.0 45.590171813964844
vertex -6.888477802276611 24.0 45.76152420043945
endloop
endfacet
facet normal 0.8314696123025509 0.0 0.5555702330195939
outer loop
vertex -0.2566466597087649 24.0 51.808761429008726
vertex -0.18397459621556134 31.200000762939453 51.7
vertex -0.2566466597087649 31.200000762939453 51.808761429008726
endloop
endfacet
facet normal 0.0 1.0 -0.0
outer loop
vertex -5.050000190734863 31.200000762939453 50.20000076293945
vertex -9.30881904510252 31.200000762939453 52.16592582628907
vertex -9.180526192220052 31.200000762939453 52.19144486137381
endloop
endfacet
facet normal 0.0 1.0 -0.0
outer loop
vertex -5.050000190734863 31.200000762939453 50.20000076293945
vertex -9.05 31.200000762939453 52.2
vertex -9.05 31.200000762939453 52.20000076293945
endloop
endfacet
facet normal -0.903987297826183 0.0 -0.42755931210642056
outer loop
vertex -2.6479132175445557 24.0 48.59497833251953
vertex -2.757004737854004 24.0 48.82563018798828
vertex -2.757004737854004 31.200000762939453 48.82563018798828
endloop
endfacet
facet normal -0.7409467312506638 0.0 -0.6715638029621285
outer loop
vertex -3.211522340774536 24.0 49.4384765625
vertex -3.211522340774536 31.200000762939453 49.4384765625
vertex -3.040172815322876 24.0 49.24942398071289
endloop
endfacet
facet normal 0.0 0.0 1.0
outer loop
vertex -9.05 24.0 52.20000076293945
vertex -1.05 24.0 52.20000076293945
vertex -1.05 31.200000762939453 52.20000076293945
endloop
endfacet
facet normal 0.0 -1.0 0.0
outer loop
vertex -3.0999999046325684 24.0 43.900001525878906
vertex -0.05000000715255726 24.0 43.900001525878906
vertex -3.6055173873901367 24.0 45.43817901611328
endloop
endfacet
facet normal -0.0 -1.0 0.0
outer loop
vertex -0.05000000715255726 24.0 43.900001525878906
vertex -3.4005775451660156 24.0 45.590171813964844
vertex -3.6055173873901367 24.0 45.43817901611328
endloop
endfacet
facet normal -0.0 -1.0 0.0
outer loop
vertex -0.05000000715255726 24.0 43.900001525878906
vertex -3.211522340774536 24.0 45.76152420043945
vertex -3.4005775451660156 24.0 45.590171813964844
endloop
endfacet
facet normal -0.8577305321544951 0.0 -0.5140995372590473
outer loop
vertex -2.888179063796997 24.0 49.04448318481445
vertex -2.888179063796997 31.200000762939453 49.04448318481445
vertex -2.757004737854004 24.0 48.82563018798828
endloop
endfacet
facet normal -0.0 -0.9999999999999999 0.0
outer loop
vertex -0.05000000715255726 24.0 43.900001525878906
vertex -3.040172815322876 24.0 45.95057678222656
vertex -3.211522340774536 24.0 45.76152420043945
endloop
endfacet
facet normal -0.0 -1.0 0.0
outer loop
vertex -0.05000000715255726 24.0 43.900001525878906
vertex -2.757004737854004 24.0 46.374366760253906
vertex -2.888179063796997 24.0 46.155517578125
endloop
endfacet
facet normal -0.0 -1.0 0.0
outer loop
vertex -0.05000000715255726 24.0 43.900001525878906
vertex -2.6479132175445557 24.0 46.60502243041992
vertex -2.757004737854004 24.0 46.374366760253906
endloop
endfacet
facet normal -0.0 -1.0 0.0
outer loop
vertex -0.05000000715255726 24.0 43.900001525878906
vertex -2.561955213546753 24.0 46.84526062011719
vertex -2.6479132175445557 24.0 46.60502243041992
endloop
endfacet
facet normal -0.0 -1.0 0.0
outer loop
vertex -0.05000000715255726 24.0 43.900001525878906
vertex -2.4999582767486572 24.0 47.09276580810547
vertex -2.561955213546753 24.0 46.84526062011719
endloop
endfacet
facet normal -0.0 -1.0 0.0
outer loop
vertex -0.05000000715255726 24.0 43.900001525878906
vertex -2.462519645690918 24.0 47.34515380859375
vertex -2.4999582767486572 24.0 47.09276580810547
endloop
endfacet
facet normal -0.0 -0.9999999999999999 0.0
outer loop
vertex -0.05000000715255726 24.0 43.900001525878906
vertex -2.450000047683716 24.0 47.599998474121094
vertex -2.462519645690918 24.0 47.34515380859375
endloop
endfacet
facet normal -0.0 -0.9999999999999999 0.0
outer loop
vertex -0.05000000715255726 24.0 43.900001525878906
vertex -2.888179063796997 24.0 46.155517578125
vertex -3.040172815322876 24.0 45.95057678222656
endloop
endfacet
facet normal -0.9415448045561364 0.0 -0.336887786975644
outer loop
vertex -2.561955213546753 24.0 48.354740142822266
vertex -2.6479132175445557 24.0 48.59497833251953
vertex -2.6479132175445557 31.200000762939453 48.59497833251953
endloop
endfacet
facet normal -0.8032088473392962 0.0 -0.5956975302583343
outer loop
vertex -2.888179063796997 24.0 49.04448318481445
vertex -3.040172815322876 24.0 49.24942398071289
vertex -3.040172815322876 31.200000762939453 49.24942398071289
endloop
endfacet
facet normal -0.6715648443639456 0.0 -0.7409457873653305
outer loop
vertex -3.4005775451660156 24.0 49.60982894897461
vertex -3.4005775451660156 31.200000762939453 49.60982894897461
vertex -3.211522340774536 24.0 49.4384765625
endloop
endfacet
facet normal -0.5141076456992486 0.0 0.857725672131583
outer loop
vertex -3.824368476867676 24.0 45.307003021240234
vertex -3.6055173873901367 24.0 45.43817901611328
vertex -3.6055173873901367 31.200000762939453 45.43817901611328
endloop
endfacet
facet normal -0.5956969072801795 0.0 0.8032093093688774
outer loop
vertex -3.6055173873901367 24.0 45.43817901611328
vertex -3.4005775451660156 24.0 45.590171813964844
vertex -3.4005775451660156 31.200000762939453 45.590171813964844
endloop
endfacet
facet normal -0.6715648443639456 0.0 0.7409457873653305
outer loop
vertex -3.4005775451660156 24.0 45.590171813964844
vertex -3.211522340774536 24.0 45.76152420043945
vertex -3.211522340774536 31.200000762939453 45.76152420043945
endloop
endfacet
facet normal -0.7409467312506638 0.0 0.6715638029621285
outer loop
vertex -3.211522340774536 24.0 45.76152420043945
vertex -3.040172815322876 24.0 45.95057678222656
vertex -3.040172815322876 31.200000762939453 45.95057678222656
endloop
endfacet
facet normal -0.8032088473392962 0.0 0.5956975302583343
outer loop
vertex -3.040172815322876 24.0 45.95057678222656
vertex -2.888179063796997 24.0 46.155517578125
vertex -2.888179063796997 31.200000762939453 46.155517578125
endloop
endfacet
facet normal -0.85772658066138 0.0 0.5141061299254633
outer loop
vertex -2.888179063796997 24.0 46.155517578125
vertex -2.757004737854004 24.0 46.374366760253906
vertex -2.757004737854004 31.200000762939453 46.374366760253906
endloop
endfacet
facet normal -0.9039900308875831 0.0 0.427553533555585
outer loop
vertex -2.757004737854004 24.0 46.374366760253906
vertex -2.6479132175445557 24.0 46.60502243041992
vertex -2.6479132175445557 31.200000762939453 46.60502243041992
endloop
endfacet
facet normal -0.9415448045561364 0.0 0.336887786975644
outer loop
vertex -2.6479132175445557 24.0 46.60502243041992
vertex -2.561955213546753 24.0 46.84526062011719
vertex -2.561955213546753 31.200000762939453 46.84526062011719
endloop
endfacet
facet normal -0.049068146739752815 0.0 -0.9987954329969306
outer loop
vertex -5.050000190734863 24.0 50.20000076293945
vertex -5.050000190734863 31.200000762939453 50.20000076293945
vertex -4.7951555252075195 24.0 50.18748092651367
endloop
endfacet
facet normal -0.14672611042443393 0.0 -0.9891771572977799
outer loop
vertex -4.7951555252075195 24.0 50.18748092651367
vertex -4.7951555252075195 31.200000762939453 50.18748092651367
vertex -4.542765140533447 24.0 50.15004348754883
endloop
endfacet
facet normal -0.24299291208531265 0.0 -0.9700280638601646
outer loop
vertex -4.542765140533447 24.0 50.15004348754883
vertex -4.542765140533447 31.200000762939453 50.15004348754883
vertex -4.295259952545166 24.0 50.088043212890625
endloop
endfacet
facet normal -0.3368845951162225 0.0 -0.9415459466076942
outer loop
vertex -4.295259952545166 24.0 50.088043212890625
vertex -4.295259952545166 31.200000762939453 50.088043212890625
vertex -4.055023193359375 24.0 50.0020866394043
endloop
endfacet
facet normal -0.4275587961844504 0.0 -0.9039875418418682
outer loop
vertex -4.055023193359375 24.0 50.0020866394043
vertex -4.055023193359375 31.200000762939453 50.0020866394043
vertex -3.824368476867676 24.0 49.89299392700195
endloop
endfacet
facet normal -0.5956969072801795 0.0 -0.8032093093688774
outer loop
vertex -3.6055173873901367 24.0 49.76182174682617
vertex -3.6055173873901367 31.200000762939453 49.76182174682617
vertex -3.4005775451660156 24.0 49.60982894897461
endloop
endfacet
facet normal -0.5140966464865854 0.0 -0.857732264795517
outer loop
vertex -3.824368476867676 24.0 49.89299392700195
vertex -3.824368476867676 31.200000762939453 49.89299392700195
vertex -3.6055173873901367 24.0 49.76182174682617
endloop
endfacet
facet normal -0.0 -1.0 -0.0
outer loop
vertex -0.05000000715255726 24.0 43.900001525878906
vertex -2.462519645690918 24.0 47.85484313964844
vertex -2.450000047683716 24.0 47.599998474121094
endloop
endfacet
facet normal -0.0 -0.9999999999999999 -0.0
outer loop
vertex -0.05000000715255726 24.0 43.900001525878906
vertex -2.4999582767486572 24.0 48.107234954833984
vertex -2.462519645690918 24.0 47.85484313964844
endloop
endfacet
facet normal -0.0 -1.0 -0.0
outer loop
vertex -0.05000000715255726 24.0 43.900001525878906
vertex -2.757004737854004 24.0 48.82563018798828
vertex -2.6479132175445557 24.0 48.59497833251953
endloop
endfacet
facet normal -0.0 -1.0 -0.0
outer loop
vertex -0.05000000715255726 24.0 43.900001525878906
vertex -2.561955213546753 24.0 48.354740142822266
vertex -2.4999582767486572 24.0 48.107234954833984
endloop
endfacet
facet normal 0.0 -1.0 0.0
outer loop
vertex -4.295259952545166 24.0 50.088043212890625
vertex -0.7911809548974793 24.0 52.16592582628907
vertex -0.9194738077799485 24.0 52.19144486137381
endloop
endfacet
facet normal 0.0 -0.9999999999999999 0.0
outer loop
vertex -4.295259952545166 24.0 50.088043212890625
vertex -0.6673165676349102 24.0 52.12387953251129
vertex -0.7911809548974793 24.0 52.16592582628907
endloop
endfacet
facet normal 0.0 -1.0 0.0
outer loop
vertex -4.295259952545166 24.0 50.088043212890625
vertex -0.55 24.0 52.066025403784444
vertex -0.6673165676349102 24.0 52.12387953251129
endloop
endfacet
facet normal 0.0 -1.0 0.0
outer loop
vertex -4.055023193359375 24.0 50.0020866394043
vertex -0.4412385709912794 24.0 51.993353340291236
vertex -0.55 24.0 52.066025403784444
endloop
endfacet
facet normal 1.0 0.0 -0.0
outer loop
vertex -0.05000000715255726 24.0 43.900001525878906
vertex -0.05000000715255726 25.418821334838867 49.88715744018555
vertex -0.05000000715255726 24.0 51.20000010912694
endloop
endfacet
facet normal 0.0 -1.0 0.0
outer loop
vertex -2.757004737854004 24.0 48.82563018798828
vertex -0.08407417371093173 24.0 51.45881904510252
vertex -0.1261204674887133 24.0 51.582683432365094
endloop
endfacet
facet normal 0.0 -1.0 0.0
outer loop
vertex -2.757004737854004 24.0 48.82563018798828
vertex -0.1261204674887133 24.0 51.582683432365094
vertex -0.18397459621556134 24.0 51.7
endloop
endfacet
facet normal 0.0 -1.0 0.0
outer loop
vertex -3.040172815322876 24.0 49.24942398071289
vertex -0.3428932188134526 24.0 51.90710678118655
vertex -0.4412385709912794 24.0 51.993353340291236
endloop
endfacet
facet normal 0.0 -0.9999999999999999 0.0
outer loop
vertex -2.757004737854004 24.0 48.82563018798828
vertex -0.18397459621556134 24.0 51.7
vertex -0.2566466597087649 24.0 51.808761429008726
endloop
endfacet
facet normal 0.0 -1.0 0.0
outer loop
vertex -2.757004737854004 24.0 48.82563018798828
vertex -0.2566466597087649 24.0 51.808761429008726
vertex -0.3428932188134526 24.0 51.90710678118655
endloop
endfacet
facet normal 0.0 -1.0 0.0
outer loop
vertex -2.757004737854004 24.0 48.82563018798828
vertex -0.05000000715255726 24.0 51.20000010912694
vertex -0.08407417371093173 24.0 51.45881904510252
endloop
endfacet
facet normal 0.0 -1.0 0.0
outer loop
vertex -0.05000000715255726 24.0 51.20000010912694
vertex -0.05855513862618966 24.0 51.330526192220056
vertex -0.08407417371093173 24.0 51.45881904510252
endloop
endfacet
facet normal 0.0 -0.9807861101759768 -0.1950861504204659
outer loop
vertex -0.05000000715255726 25.47496223449707 49.03059768676758
vertex -0.05000000000000071 25.47496223449707 49.03059768676758
vertex -0.05000000000000071 25.418821334838867 49.312843322753906
endloop
endfacet
facet normal -0.0 -0.9807861101759768 -0.1950861504204659
outer loop
vertex -0.05000000715255726 25.47496223449707 49.03059768676758
vertex -0.05000000000000071 25.418821334838867 49.312843322753906
vertex -0.05000000715255726 25.418821334838867 49.312843322753906
endloop
endfacet
facet normal -0.0 -0.9469297864620972 -0.3214404758440456
outer loop
vertex -0.05000000715255726 25.56746482849121 48.758094787597656
vertex -0.05000000000000071 25.47496223449707 49.03059768676758
vertex -0.05000000715255726 25.47496223449707 49.03059768676758
endloop
endfacet
facet normal 0.0 -1.0 0.0
outer loop
vertex -4.295259952545166 24.0 50.088043212890625
vertex -0.9194738077799485 24.0 52.19144486137381
vertex -1.05 24.0 52.2
endloop
endfacet
facet normal -0.42754657849059274 0.0 0.9039933203409122
outer loop
vertex -4.055023193359375 24.0 45.197914123535156
vertex -3.824368476867676 24.0 45.307003021240234
vertex -3.824368476867676 31.200000762939453 45.307003021240234
endloop
endfacet
facet normal 0.0 -1.0 0.0
outer loop
vertex -4.295259952545166 24.0 50.088043212890625
vertex -1.05 24.0 52.2
vertex -1.05 24.0 52.20000076293945
endloop
endfacet
facet normal 0.0 -1.0 0.0
outer loop
vertex -3.4005775451660156 24.0 49.60982894897461
vertex -3.211522340774536 24.0 49.4384765625
vertex -0.4412385709912794 24.0 51.993353340291236
endloop
endfacet
facet normal -0.0 -1.0 -0.0
outer loop
vertex -0.05000000715255726 24.0 43.900001525878906
vertex -2.6479132175445557 24.0 48.59497833251953
vertex -2.561955213546753 24.0 48.354740142822266
endloop
endfacet
facet normal -0.0 -1.0 0.0
outer loop
vertex -0.05000000715255726 24.0 43.900001525878906
vertex -0.05000000715255726 24.0 51.20000010912694
vertex -2.757004737854004 24.0 48.82563018798828
endloop
endfacet
facet normal 0.9999999999999999 0.0 -0.0
outer loop
vertex -0.05000000715255726 24.0 43.900001525878906
vertex -0.05000000715255726 25.56746482849121 48.758094787597656
vertex -0.05000000715255726 25.47496223449707 49.03059768676758
endloop
endfacet
facet normal 1.0 0.0 -0.0
outer loop
vertex -0.05000000715255726 24.0 43.900001525878906
vertex -0.05000000715255726 25.694744110107422 48.5
vertex -0.05000000715255726 25.56746482849121 48.758094787597656
endloop
endfacet
facet normal 1.0 0.0 -0.0
outer loop
vertex -0.05000000715255726 24.0 43.900001525878906
vertex -0.05000000715255726 26.04436492919922 48.04436492919922
vertex -0.05000000715255726 25.85462188720703 48.26072311401367
endloop
endfacet
facet normal 1.0 0.0 -0.0
outer loop
vertex -0.05000000715255726 24.0 43.900001525878906
vertex -0.05000000715255726 25.85462188720703 48.26072311401367
vertex -0.05000000715255726 25.694744110107422 48.5
endloop
endfacet
facet normal 1.0 0.0 -0.0
outer loop
vertex -0.05000000715255726 24.0 43.900001525878906
vertex -0.05000000715255726 25.47496223449707 49.03059768676758
vertex -0.05000000715255726 25.418821334838867 49.312843322753906
endloop
endfacet
facet normal 1.0 0.0 -0.0
outer loop
vertex -0.05000000715255726 24.0 43.900001525878906
vertex -0.05000000715255726 25.418821334838867 49.312843322753906
vertex -0.05000000715255726 25.399999618530273 49.599998474121094
endloop
endfacet
facet normal 1.0 0.0 0.0
outer loop
vertex -0.05000000715255726 24.0 43.900001525878906
vertex -0.05000000715255726 25.399999618530273 49.599998474121094
vertex -0.05000000715255726 25.418821334838867 49.88715744018555
endloop
endfacet
facet normal 1.0 0.0 -0.0
outer loop
vertex -0.05000000715255726 24.0 43.900001525878906
vertex -0.05000000715255726 26.260725021362305 47.85462188720703
vertex -0.05000000715255726 26.04436492919922 48.04436492919922
endloop
endfacet
facet normal 1.0 0.0 -0.0
outer loop
vertex -0.05000000715255726 24.0 43.900001525878906
vertex -0.05000000715255726 26.5 47.69474411010742
vertex -0.05000000715255726 26.260725021362305 47.85462188720703
endloop
endfacet
facet normal 1.0 0.0 -0.0
outer loop
vertex -0.05000000715255726 24.0 43.900001525878906
vertex -0.05000000715255726 26.75809669494629 47.567466735839844
vertex -0.05000000715255726 26.5 47.69474411010742
endloop
endfacet
facet normal -0.0 -1.0 0.0
outer loop
vertex -2.888179063796997 24.0 49.04448318481445
vertex -0.3428932188134526 24.0 51.90710678118655
vertex -3.040172815322876 24.0 49.24942398071289
endloop
endfacet
facet normal 0.0 -1.0 0.0
outer loop
vertex -2.888179063796997 24.0 49.04448318481445
vertex -2.757004737854004 24.0 48.82563018798828
vertex -0.3428932188134526 24.0 51.90710678118655
endloop
endfacet
facet normal 0.0 -1.0 0.0
outer loop
vertex -3.6055173873901367 24.0 49.76182174682617
vertex -3.4005775451660156 24.0 49.60982894897461
vertex -0.4412385709912794 24.0 51.993353340291236
endloop
endfacet
facet normal 0.0 -1.0 0.0
outer loop
vertex -3.211522340774536 24.0 49.4384765625
vertex -3.040172815322876 24.0 49.24942398071289
vertex -0.4412385709912794 24.0 51.993353340291236
endloop
endfacet
facet normal -0.33689784896131986 0.0 0.9415412042843562
outer loop
vertex -4.295259952545166 24.0 45.11195373535156
vertex -4.055023193359375 24.0 45.197914123535156
vertex -4.055023193359375 31.200000762939453 45.197914123535156
endloop
endfacet
facet normal -0.24297884412822152 0.0 0.9700315877877965
outer loop
vertex -4.542765140533447 24.0 45.049957275390625
vertex -4.295259952545166 24.0 45.11195373535156
vertex -4.295259952545166 31.200000762939453 45.11195373535156
endloop
endfacet
facet normal -0.14672611042443393 0.0 0.9891771572977799
outer loop
vertex -4.7951555252075195 24.0 45.01251983642578
vertex -4.542765140533447 24.0 45.049957275390625
vertex -4.542765140533447 31.200000762939453 45.049957275390625
endloop
endfacet
facet normal 0.5956969072801795 0.0 -0.8032093093688774
outer loop
vertex -6.494482517242432 24.0 49.76182174682617
vertex -6.699422359466553 31.200000762939453 49.60982894897461
vertex -6.494482517242432 31.200000762939453 49.76182174682617
endloop
endfacet
facet normal 0.5140966464865854 0.0 -0.857732264795517
outer loop
vertex -6.275631427764893 24.0 49.89299392700195
vertex -6.494482517242432 31.200000762939453 49.76182174682617
vertex -6.275631427764893 31.200000762939453 49.89299392700195
endloop
endfacet
facet normal 0.0 -0.0 1.0
outer loop
vertex -9.05 24.0 52.20000076293945
vertex -1.05 31.200000762939453 52.20000076293945
vertex -9.05 31.200000762939453 52.20000076293945
endloop
endfacet
facet normal 0.4275587961844504 0.0 -0.9039875418418682
outer loop
vertex -6.044976711273193 24.0 50.0020866394043
vertex -6.275631427764893 31.200000762939453 49.89299392700195
vertex -6.044976711273193 31.200000762939453 50.0020866394043
endloop
endfacet
facet normal 0.3368845951162225 0.0 -0.9415459466076942
outer loop
vertex -5.804739952087402 24.0 50.088043212890625
vertex -6.044976711273193 31.200000762939453 50.0020866394043
vertex -5.804739952087402 31.200000762939453 50.088043212890625
endloop
endfacet
facet normal 0.24299291208531265 0.0 -0.9700280638601646
outer loop
vertex -5.557234764099121 24.0 50.15004348754883
vertex -5.804739952087402 31.200000762939453 50.088043212890625
vertex -5.557234764099121 31.200000762939453 50.15004348754883
endloop
endfacet
facet normal 0.14672611042443393 0.0 -0.9891771572977799
outer loop
vertex -5.304844379425049 24.0 50.18748092651367
vertex -5.557234764099121 31.200000762939453 50.15004348754883
vertex -5.304844379425049 31.200000762939453 50.18748092651367
endloop
endfacet
facet normal 0.04906823832976242 0.0 -0.9987954284973543
outer loop
vertex -5.050000190734863 24.0 50.20000076293945
vertex -5.304844379425049 31.200000762939453 50.18748092651367
vertex -5.050000190734863 31.200000762939453 50.20000076293945
endloop
endfacet
facet normal -0.0 1.0 0.0
outer loop
vertex -10.05 31.200000762939453 43.900001525878906
vertex -6.044976711273193 31.200000762939453 45.197914123535156
vertex -5.804739952087402 31.200000762939453 45.11195373535156
endloop
endfacet
facet normal -0.0 1.0 0.0
outer loop
vertex -10.05 31.200000762939453 43.900001525878906
vertex -6.275631427764893 31.200000762939453 45.307003021240234
vertex -6.044976711273193 31.200000762939453 45.197914123535156
endloop
endfacet
facet normal -0.0 1.0 0.0
outer loop
vertex -10.05 31.200000762939453 43.900001525878906
vertex -5.804739952087402 31.200000762939453 45.11195373535156
vertex -5.557234764099121 31.200000762939453 45.049957275390625
endloop
endfacet
facet normal -0.0 1.0 0.0
outer loop
vertex -10.05 31.200000762939453 43.900001525878906
vertex -5.557234764099121 31.200000762939453 45.049957275390625
vertex -5.304844379425049 31.200000762939453 45.01251983642578
endloop
endfacet
facet normal -0.0 1.0 0.0
outer loop
vertex -10.05 31.200000762939453 43.900001525878906
vertex -5.304844379425049 31.200000762939453 45.01251983642578
vertex -5.050000190734863 31.200000762939453 45.0
endloop
endfacet
facet normal 0.0 0.9999999999999999 0.0
outer loop
vertex -10.05 31.200000762939453 43.900001525878906
vertex -5.050000190734863 31.200000762939453 45.0
vertex -4.7951555252075195 31.200000762939453 45.01251983642578
endloop
endfacet
facet normal 0.0 0.9999999999999999 0.0
outer loop
vertex -10.05 31.200000762939453 43.900001525878906
vertex -4.7951555252075195 31.200000762939453 45.01251983642578
vertex -4.542765140533447 31.200000762939453 45.049957275390625
endloop
endfacet
facet normal 0.6715643794076842 0.0 -0.7409462087835877
outer loop
vertex -6.699422359466553 24.0 49.60982894897461
vertex -6.888477802276611 31.200000762939453 49.4384765625
vertex -6.699422359466553 31.200000762939453 49.60982894897461
endloop
endfacet
facet normal -0.0 0.9999999999999999 -0.0
outer loop
vertex -6.494482517242432 31.200000762939453 49.76182174682617
vertex -9.658761429008722 31.200000762939453 51.993353340291236
vertex -6.275631427764893 31.200000762939453 49.89299392700195
endloop
endfacet
facet normal 0.7409467312506638 0.0 -0.6715638029621285
outer loop
vertex -6.888477802276611 24.0 49.4384765625
vertex -7.0598273277282715 31.200000762939453 49.24942398071289
vertex -6.888477802276611 31.200000762939453 49.4384765625
endloop
endfacet
facet normal 0.8577309441917338 0.0 -0.5140988498099921
outer loop
vertex -7.21182107925415 24.0 49.04448318481445
vertex -7.3429951667785645 31.200000762939453 48.82563018798828
vertex -7.21182107925415 31.200000762939453 49.04448318481445
endloop
endfacet
facet normal 0.8032088473392962 0.0 0.5956975302583343
outer loop
vertex -7.21182107925415 24.0 46.155517578125
vertex -7.0598273277282715 31.200000762939453 45.95057678222656
vertex -7.21182107925415 31.200000762939453 46.155517578125
endloop
endfacet
facet normal 0.7409467312506638 0.0 0.6715638029621285
outer loop
vertex -7.0598273277282715 24.0 45.95057678222656
vertex -6.888477802276611 31.200000762939453 45.76152420043945
vertex -7.0598273277282715 31.200000762939453 45.95057678222656
endloop
endfacet
facet normal 0.6715643794076842 0.0 0.7409462087835877
outer loop
vertex -6.888477802276611 24.0 45.76152420043945
vertex -6.699422359466553 31.200000762939453 45.590171813964844
vertex -6.888477802276611 31.200000762939453 45.76152420043945
endloop
endfacet
facet normal 0.5956969072801795 0.0 0.8032093093688774
outer loop
vertex -6.699422359466553 24.0 45.590171813964844
vertex -6.494482517242432 31.200000762939453 45.43817901611328
vertex -6.699422359466553 31.200000762939453 45.590171813964844
endloop
endfacet
facet normal 0.5141076456992486 0.0 0.857725672131583
outer loop
vertex -6.494482517242432 24.0 45.43817901611328
vertex -6.275631427764893 31.200000762939453 45.307003021240234
vertex -6.494482517242432 31.200000762939453 45.43817901611328
endloop
endfacet
facet normal 0.9415448045561364 0.0 0.336887786975644
outer loop
vertex -7.5380449295043945 24.0 46.84526062011719
vertex -7.452086925506592 31.200000762939453 46.60502243041992
vertex -7.5380449295043945 31.200000762939453 46.84526062011719
endloop
endfacet
facet normal 0.9039896697323128 0.0 0.4275542971568221
outer loop
vertex -7.452086925506592 24.0 46.60502243041992
vertex -7.3429951667785645 31.200000762939453 46.374366760253906
vertex -7.452086925506592 31.200000762939453 46.60502243041992
endloop
endfacet
facet normal 0.857726992707288 0.0 0.5141054424739264
outer loop
vertex -7.3429951667785645 24.0 46.374366760253906
vertex -7.21182107925415 31.200000762939453 46.155517578125
vertex -7.3429951667785645 31.200000762939453 46.374366760253906
endloop
endfacet
facet normal 0.42754657849059274 0.0 0.9039933203409122
outer loop
vertex -6.275631427764893 24.0 45.307003021240234
vertex -6.044976711273193 31.200000762939453 45.197914123535156
vertex -6.275631427764893 31.200000762939453 45.307003021240234
endloop
endfacet
facet normal 0.33689784896131986 0.0 0.9415412042843562
outer loop
vertex -6.044976711273193 24.0 45.197914123535156
vertex -5.804739952087402 31.200000762939453 45.11195373535156
vertex -6.044976711273193 31.200000762939453 45.197914123535156
endloop
endfacet
facet normal 0.24297884412822152 0.0 0.9700315877877965
outer loop
vertex -5.804739952087402 24.0 45.11195373535156
vertex -5.557234764099121 31.200000762939453 45.049957275390625
vertex -5.804739952087402 31.200000762939453 45.11195373535156
endloop
endfacet
facet normal 0.14672611042443393 0.0 0.9891771572977799
outer loop
vertex -5.557234764099121 24.0 45.049957275390625
vertex -5.304844379425049 31.200000762939453 45.01251983642578
vertex -5.557234764099121 31.200000762939453 45.049957275390625
endloop
endfacet
facet normal 0.04906823832976242 0.0 0.9987954284973543
outer loop
vertex -5.304844379425049 24.0 45.01251983642578
vertex -5.050000190734863 31.200000762939453 45.0
vertex -5.304844379425049 31.200000762939453 45.01251983642578
endloop
endfacet
facet normal 0.9415448045561364 0.0 -0.336887786975644
outer loop
vertex -7.452086925506592 24.0 48.59497833251953
vertex -7.5380449295043945 31.200000762939453 48.354740142822266
vertex -7.452086925506592 31.200000762939453 48.59497833251953
endloop
endfacet
facet normal 0.9039869366622425 0.0 -0.42756007571336074
outer loop
vertex -7.3429951667785645 24.0 48.82563018798828
vertex -7.452086925506592 31.200000762939453 48.59497833251953
vertex -7.3429951667785645 31.200000762939453 48.82563018798828
endloop
endfacet
facet normal 0.8032088473392962 0.0 -0.5956975302583343
outer loop
vertex -7.0598273277282715 24.0 49.24942398071289
vertex -7.21182107925415 31.200000762939453 49.04448318481445
vertex -7.0598273277282715 31.200000762939453 49.24942398071289
endloop
endfacet
facet normal 0.0 1.0 -0.0
outer loop
vertex -5.050000190734863 31.200000762939453 50.20000076293945
vertex -9.180526192220052 31.200000762939453 52.19144486137381
vertex -9.05 31.200000762939453 52.2
endloop
endfacet
facet normal -0.0 1.0 -0.0
outer loop
vertex -6.275631427764893 31.200000762939453 49.89299392700195
vertex -9.658761429008722 31.200000762939453 51.993353340291236
vertex -6.044976711273193 31.200000762939453 50.0020866394043
endloop
endfacet
facet normal -0.0 1.0 -0.0
outer loop
vertex -5.804739952087402 31.200000762939453 50.088043212890625
vertex -9.55 31.200000762939453 52.066025403784444
vertex -5.557234764099121 31.200000762939453 50.15004348754883
endloop
endfacet
facet normal 0.0 0.0 -1.0
outer loop
vertex -3.0999999046325684 24.500000096544806 40.2
vertex -3.0999999046325684 28.0 40.2
vertex -0.05000000000000071 28.6 40.2
endloop
endfacet
facet normal 0.8023421934581884 -0.596864310037636 0.0
outer loop
vertex -3.0999999046325684 24.500000096544806 40.2
vertex -0.05000000000000071 28.6 40.2
vertex -0.05000000000000071 28.6 40.200000172294764
endloop
endfacet
facet normal 0.802342193287164 -0.5968643102675374 0.0
outer loop
vertex -3.0999999046325684 24.500000096544806 40.2
vertex -0.05000000715255726 28.599999987931902 43.900001525878906
vertex -3.0999999046325684 24.500000096544806 43.900001525878906
endloop
endfacet
facet normal 0.8023421934581881 -0.596864310037636 -3.9573496826488573e-10
outer loop
vertex -3.0999999046325684 24.500000096544806 40.2
vertex -0.05000000000000071 28.6 40.200000172294764
vertex -0.05000000715255726 28.599999987931902 43.900001525878906
endloop
endfacet
facet normal 1.0 0.0 0.0
outer loop
vertex -0.05000000715255726 24.0 43.900001525878906
vertex -0.05000000715255726 28.599999987931902 43.900001525878906
vertex -0.05000000715255726 28.599999987931902 43.91
endloop
endfacet
facet normal -0.0 -1.0 0.0
outer loop
vertex -3.0999999046325684 24.0 43.900001525878906
vertex -4.542765140533447 24.0 45.049957275390625
vertex -4.7951555252075195 24.0 45.01251983642578
endloop
endfacet
facet normal -0.0 -1.0 0.0
outer loop
vertex -3.0999999046325684 24.0 43.900001525878906
vertex -4.295259952545166 24.0 45.11195373535156
vertex -4.542765140533447 24.0 45.049957275390625
endloop
endfacet
facet normal -0.0 -0.9999999999999999 0.0
outer loop
vertex -3.0999999046325684 24.0 43.900001525878906
vertex -4.055023193359375 24.0 45.197914123535156
vertex -4.295259952545166 24.0 45.11195373535156
endloop
endfacet
facet normal -0.0 -0.9999999999999999 0.0
outer loop
vertex -3.0999999046325684 24.0 43.900001525878906
vertex -3.824368476867676 24.0 45.307003021240234
vertex -4.055023193359375 24.0 45.197914123535156
endloop
endfacet
facet normal -0.0 -1.0 0.0
outer loop
vertex -3.0999999046325684 24.0 43.900001525878906
vertex -3.6055173873901367 24.0 45.43817901611328
vertex -3.824368476867676 24.0 45.307003021240234
endloop
endfacet
facet normal 0.0 -0.9999999999999999 0.0
outer loop
vertex -4.295259952545166 24.0 50.088043212890625
vertex -1.05 24.0 52.20000076293945
vertex -9.05 24.0 52.20000076293945
endloop
endfacet
facet normal 0.0 -1.0 0.0
outer loop
vertex -4.295259952545166 24.0 50.088043212890625
vertex -4.055023193359375 24.0 50.0020866394043
vertex -0.55 24.0 52.066025403784444
endloop
endfacet
facet normal 0.0 -1.0 0.0
outer loop
vertex -4.055023193359375 24.0 50.0020866394043
vertex -3.824368476867676 24.0 49.89299392700195
vertex -0.4412385709912794 24.0 51.993353340291236
endloop
endfacet
facet normal 0.0 -1.0 0.0
outer loop
vertex -3.824368476867676 24.0 49.89299392700195
vertex -3.6055173873901367 24.0 49.76182174682617
vertex -0.4412385709912794 24.0 51.993353340291236
endloop
endfacet
facet normal -0.049068146739752815 0.0 0.9987954329969306
outer loop
vertex -5.050000190734863 24.0 45.0
vertex -4.7951555252075195 24.0 45.01251983642578
vertex -4.7951555252075195 31.200000762939453 45.01251983642578
endloop
endfacet
facet normal 0.0 0.0 -1.0
outer loop
vertex -3.0999999046325684 24.500000096544806 43.900001525878906
vertex -0.05000000715255726 28.599999987931902 43.900001525878906
vertex -0.05000000715255726 24.0 43.900001525878906
endloop
endfacet
facet normal -0.0 1.0 -0.0
outer loop
vertex -6.044976711273193 31.200000762939453 50.0020866394043
vertex -9.55 31.200000762939453 52.066025403784444
vertex -5.804739952087402 31.200000762939453 50.088043212890625
endloop
endfacet
facet normal 0.0 0.0 -1.0
outer loop
vertex -3.0999999046325684 24.0 43.900001525878906
vertex -3.0999999046325684 24.500000096544806 43.900001525878906
vertex -0.05000000715255726 24.0 43.900001525878906
endloop
endfacet
facet normal 0.0 0.0 -1.0
outer loop
vertex -3.0999999999999996 24.0 37.2
vertex -3.0999999999999996 28.0 37.2
vertex -3.0999999046325684 28.0 37.2
endloop
endfacet
facet normal -0.0 1.0 -0.0
outer loop
vertex -5.557234764099121 31.200000762939453 50.15004348754883
vertex -9.55 31.200000762939453 52.066025403784444
vertex -5.304844379425049 31.200000762939453 50.18748092651367
endloop
endfacet
facet normal -0.0 1.0 -0.0
outer loop
vertex -5.304844379425049 31.200000762939453 50.18748092651367
vertex -9.55 31.200000762939453 52.066025403784444
vertex -5.050000190734863 31.200000762939453 50.20000076293945
endloop
endfacet
facet normal 0.0 1.0 -0.0
outer loop
vertex -5.050000190734863 31.200000762939453 50.20000076293945
vertex -9.05 31.200000762939453 52.20000076293945
vertex -1.05 31.200000762939453 52.20000076293945
endloop
endfacet
facet normal 0.0 -0.7071067811865491 -0.7071067811865458
outer loop
vertex -7.0 24.0 37.2
vertex -3.8999984741210922 24.799998474121093 36.400001525878906
vertex -3.0999999999999996 24.0 37.2
endloop
endfacet
facet normal 0.0 0.0 0.0
outer loop
vertex -7.0 24.0 37.2
vertex -3.0999999999999996 24.0 37.2
vertex -3.0999999046325684 24.0 37.2
endloop
endfacet
facet normal 0.0 0.0 -1.0
outer loop
vertex -6.200001525878907 24.799998474121093 36.400001525878906
vertex -3.8999984741210922 27.200001525878907 36.400001525878906
vertex -3.8999984741210922 24.799998474121093 36.400001525878906
endloop
endfacet
facet normal 0.7071067811865492 0.0 -0.7071067811865458
outer loop
vertex -3.8999984741210922 24.799998474121093 36.400001525878906
vertex -3.8999984741210922 27.200001525878907 36.400001525878906
vertex -3.0999999999999996 24.0 37.2
endloop
endfacet
facet normal 0.0 0.0 -1.0
outer loop
vertex -3.0999999046325684 24.0 37.2
vertex -3.0999999999999996 24.0 37.2
vertex -3.0999999046325684 28.0 37.2
endloop
endfacet
facet normal 1.0 0.0 -0.0
outer loop
vertex -3.0999999046325684 24.0 37.2
vertex -3.0999999046325684 28.0 37.2
vertex -3.0999999046325684 24.500000096544806 40.2
endloop
endfacet
facet normal 0.0 -1.0 0.0
outer loop
vertex -7.0 24.0 43.900001525878906
vertex -3.0999999046325684 24.0 37.2
vertex -3.0999999046325684 24.0 43.900001525878906
endloop
endfacet
facet normal 0.0 -1.0 0.0
outer loop
vertex -7.0 24.0 43.900001525878906
vertex -3.0999999046325684 24.0 43.900001525878906
vertex -4.7951555252075195 24.0 45.01251983642578
endloop
endfacet
facet normal 0.9999999999999999 0.0 -0.0
outer loop
vertex -3.0999999046325684 24.0 37.2
vertex -3.0999999046325684 24.500000096544806 40.2
vertex -3.0999999046325684 24.0 43.900001525878906
endloop
endfacet
facet normal 1.0 0.0 -0.0
outer loop
vertex -3.0999999046325684 24.500000096544806 40.2
vertex -3.0999999046325684 24.500000096544806 43.900001525878906
vertex -3.0999999046325684 24.0 43.900001525878906
endloop
endfacet
facet normal 0.0 0.707106781186549 -0.707106781186546
outer loop
vertex -6.200001525878907 27.200001525878907 36.400001525878906
vertex -3.0999999999999996 28.0 37.2
vertex -3.8999984741210922 27.200001525878907 36.400001525878906
endloop
endfacet
facet normal 0.7071067811865493 0.0 -0.7071067811865458
outer loop
vertex -3.0999999999999996 24.0 37.2
vertex -3.8999984741210922 27.200001525878907 36.400001525878906
vertex -3.0999999999999996 28.0 37.2
endloop
endfacet
facet normal 1.0 -0.0 0.0
outer loop
vertex -3.0999999046325684 24.500000096544806 40.2
vertex -3.0999999046325684 28.0 37.2
vertex -3.0999999046325684 28.0 40.2
endloop
endfacet
facet normal 0.9978589232386035 -0.0 0.06540312923014348
outer loop
vertex -0.05000000715255726 29.1050481620626 51.20000010912694
vertex -0.05000000715255726 31.200000762939453 51.20000010912694
vertex -0.05855513862618966 31.200000762939453 51.330526192220056
endloop
endfacet

endsolid
